time,rg
0.0,28.35945472753766
0.2,28.499519351548102
0.4,29.627333827133985
0.6,30.33715194312617
0.8,28.599333851836594
1.0,29.11783640282455
1.2,27.137825356715055
1.4,27.227186460852018
1.6,26.951806917558688
1.8,27.408172430496485
2.0,25.838949599300346
2.2,26.008305783844207
2.4,26.71254669553687
2.6,28.474308590653106
2.8,28.08122743750055
3.0,27.35229189959075
3.2,27.893784489065663
3.4,29.469597608239468
3.6,28.0557400566815
3.8,27.690824729647083
4.0,28.75952477727649
4.2,27.950920278210916
4.4,28.304589958775537
4.6,27.224992316157195
4.8,25.988359629560076
5.0,27.281915873309227
5.2,26.664327236788225
5.4,26.653879327810422
5.6,26.03515599982607
5.8,25.304813835216414
6.0,23.96788076655051
6.2,23.335805596153808
6.4,22.82687315084164
6.6,23.066488728520028
6.8,22.97813842631228
7.0,21.77441589819715
7.2,21.9145316417626
7.4,22.13408029431988
7.6,24.051411244965443
7.8,22.846026414253036
8.0,24.846023189617608
8.2,23.888346037382284
8.4,24.9879222713211
8.6,25.729765250416374
8.8,27.09824772460776
9.0,26.805340397763594
9.2,26.642939554077635
9.4,25.355606504024877
9.6,24.798605347318716
9.8,23.50077120503897
10.0,24.49138374244178
10.2,23.13235893000091
10.4,22.798823329669528
10.6,23.091566670990346
10.8,23.58909413345174
11.0,22.206753512304743
11.2,23.821665311074426
11.4,23.692371082693807
11.6,23.366543484733107
11.8,23.375695353879188
12.0,22.651649775511032
12.2,22.180415760663557
12.4,24.285343409410395
12.6,23.27848520247541
12.8,22.644018594465383
13.0,22.679644117598357
13.2,21.29335254147149
13.4,21.752403917826534
13.6,21.479043737988896
13.8,20.70729892832062
14.0,21.88636659351414
14.2,21.61431231908748
14.4,21.829239445860953
14.6,21.804869503770483
14.8,23.693600147991237
15.0,22.894167821363702
15.2,21.818001120485032
15.4,22.18608589119498
15.6,21.59047049221407
15.8,20.119999001828262
16.0,20.375753230207486
16.2,21.287387054367084
16.4,20.922722176238885
16.6,22.681292481583846
16.8,23.687977948108298
17.0,23.505738698963334
17.2,23.31464936802041
17.4,24.148240825407527
17.6,24.109945209940516
17.8,24.971882634853312
18.0,25.03580445551339
18.2,25.0617158545823
18.4,26.07960472957434
18.6,24.765042023789555
18.8,25.569024602290543
19.0,24.527752706516782
19.2,24.199654530263103
19.4,23.75045297014403
19.6,24.703444449998344
19.8,24.798536325730616
20.0,25.39345948914637
20.2,24.282213483809723
20.4,24.180254454329045
20.6,25.020652211894813
20.8,24.21553510386903
21.0,23.233334716036303
21.2,22.836803279870917
21.4,23.021492110181082
21.6,23.781501446022375
21.8,22.78519029991942
22.0,22.90732327174132
22.2,23.130762712140317
22.4,23.59804665264347
22.6,22.741198304960157
22.8,23.567402549130904
23.0,23.616946420574266
23.2,24.678946331964205
23.4,22.63904868449528
23.6,23.116462331236217
23.8,24.87224103030171
24.0,24.06275338111054
24.2,23.08093846779776
24.4,24.09512604395757
24.6,22.94676621609364
24.8,21.84274868020562
25.0,22.176200358481694
25.2,22.307537237438034
25.4,22.067959746249958
25.6,22.434428105794666
25.8,21.417758194243813
26.0,23.15985714313236
26.2,24.233215800550127
26.4,23.543866736683245
26.6,22.496363317385605
26.8,23.141582550712453
27.0,22.36933678399081
27.2,21.957090603229823
27.4,22.091245130382013
27.6,21.503108413235964
27.8,21.453354430540962
28.0,21.548175125140176
28.2,22.695935356069835
28.4,23.64189459541841
28.6,24.22158741829408
28.8,24.69804583686775
29.0,24.339385685882945
29.2,24.686692419807272
29.4,24.401160516086563
29.6,23.620377408606487
29.8,24.186407083556183
30.0,22.969476009233134
30.2,23.90228984171406
30.4,24.94793608773369
30.6,26.202375705397966
30.8,26.611805413437427
31.0,25.752031527644327
31.2,26.49617686663628
31.4,26.801540493480047
31.6,26.604360495193255
31.8,26.31619786081815
32.0,25.233492907757807
32.2,24.68008653873698
32.4,24.57755588342074
32.6,26.100044673887872
32.8,25.246390148534626
33.0,25.93490038607062
33.2,25.72814731491094
33.4,24.352749022062234
33.6,25.72453982987984
33.8,25.56525985470563
34.0,24.89839342162362
34.2,25.16621717859112
34.4,23.974528920664238
34.6,24.984542320587618
34.8,24.87463237730679
35.0,25.86562705763731
35.2,24.542126325023585
35.4,25.403158835905483
35.6,25.721421020858184
35.8,25.66316539445371
36.0,26.750875751443083
36.2,27.166372906194315
36.4,26.272258314356684
36.6,25.941297889980596
36.8,24.18618321979157
37.0,23.84724107428734
37.2,24.95449347971747
37.4,25.620465271518515
37.6,26.056807689986833
37.8,26.859724017630178
38.0,27.164589324003913
38.2,27.8656834348414
38.4,28.444127048837025
38.6,27.6283717992488
38.8,26.995979349179144
39.0,27.268602027339877
39.2,27.570420531946237
39.4,26.683415946117513
39.6,26.138924238591436
39.8,28.473222651842338
40.0,27.321476310392477
40.2,27.745670369921758
40.4,26.67994895984169
40.6,26.298793155145752
40.8,25.97555953353879
41.0,26.41975258044885
41.2,26.88478384400179
41.4,27.053861547503683
41.6,27.929412031888738
41.8,27.44931669863859
42.0,26.679029660352377
42.2,26.255017620408672
42.4,26.3847661280815
42.6,24.76092901147082
42.8,21.869980029079926
43.0,22.172665154553407
43.2,23.047591874230505
43.4,23.288880104819686
43.6,24.256081420510927
43.8,23.189895640479044
44.0,23.736664007602734
44.2,24.051384727193224
44.4,24.926358740208528
44.6,26.002940291959185
44.8,25.31439785438234
45.0,24.055958317081895
45.2,23.567107175896158
45.4,24.26656146713372
45.6,25.92789875293853
45.8,25.316070398356736
46.0,25.55436619457216
46.2,24.016187670210343
46.4,25.234709758140276
46.6,25.946131838092747
46.8,24.87970473712045
47.0,24.922772674405582
47.2,25.463557410940602
47.4,27.46781929790103
47.6,29.352865650457552
47.8,28.61955882017167
48.0,28.215678391881944
48.2,26.175506086852543
48.4,25.674206393980743
48.6,26.528561352255377
48.8,26.537566058816825
49.0,25.066925789028772
49.2,26.570298747086987
49.4,24.487773408099706
49.6,24.49371890495523
49.8,23.866454920762976
50.0,23.97364023633607
50.2,22.341538591206568
50.4,22.808638540283116
50.6,22.719195820879087
50.8,22.043116586639833
51.0,22.883758564161557
51.2,22.777665872326192
51.4,23.929869712748765
51.6,22.244194863351993
51.8,22.614224203571588
52.0,24.065378275287728
52.2,24.280248273519977
52.4,24.39518380513605
52.6,24.199381604477153
52.8,24.69338035892224
53.0,24.29734716130094
53.2,25.167525062237203
53.4,24.851789338391544
53.6,25.070129247527593
53.8,24.067225985727067
54.0,22.894125340399288
54.2,22.842049549447903
54.4,23.933637202526473
54.6,25.64187062427432
54.8,26.111282398043777
55.0,24.2963381045249
55.2,24.306075750467873
55.4,24.63834365321647
55.6,24.31776284352074
55.8,23.9052445957169
56.0,23.30627035501235
56.2,24.147061541774075
56.4,24.682259391550915
56.6,24.113045976256235
56.8,24.323649927122858
57.0,23.700130852060937
57.2,23.30331582949396
57.4,24.103611616244166
57.6,24.90838529542305
57.8,24.74957998990185
58.0,23.98726895592924
58.2,24.62481908830864
58.4,23.406068463189044
58.6,23.716775106242963
58.8,23.141042058644068
59.0,23.109341415345064
59.2,22.750255764104907
59.4,22.097032990141628
59.6,22.3376836673754
59.8,22.44855536296999
60.0,22.26443445987813
60.2,23.43784423650089
60.4,23.59566219631871
60.6,23.428154253082333
60.8,24.755518171157043
61.0,25.06732027793813
61.2,26.097509461989304
61.4,25.933946547479305
61.6,25.899400535642933
61.8,24.936737649657886
62.0,24.392198544674805
62.2,23.16426508317994
62.4,22.913504108798833
62.6,22.4180609921645
62.8,23.939609692330237
63.0,24.116427904478716
63.2,23.577738870684893
63.4,25.63887772777411
63.6,25.090629509154958
63.8,25.340421568185757
64.0,23.451316120195827
64.2,25.651083863954923
64.4,25.861283592824446
64.6,26.605264128101616
64.8,25.98280526381647
65.0,26.88060110772057
65.2,28.091368234364076
65.4,27.565320257416733
65.6,28.008364792743112
65.8,27.33406957742881
66.0,26.969138724360636
66.2,25.136538997306776
66.4,25.687561781451183
66.6,24.959703874474748
66.8,24.93354111817702
67.0,24.82215801507719
67.2,24.71225672021602
67.4,24.352392888999717
67.6,23.04190680663545
67.8,24.36157038948646
68.0,25.022342188457923
68.2,24.79454399253973
68.4,25.14875349309344
68.6,25.962667524469616
68.8,26.930895889099368
69.0,25.51370799574554
69.2,25.546018672864044
69.4,25.58430033486273
69.6,25.948365936664008
69.8,24.946369577926713
70.0,24.974250337938958
70.2,25.176373831153434
70.4,26.17591557134906
70.6,26.9105396146456
70.8,27.29445602164568
71.0,25.90754818370121
71.2,25.866458508593453
71.4,26.846521958941416
71.6,27.165566765548157
71.8,28.484764238527557
72.0,27.425950672529886
72.2,26.476400883267182
72.4,27.211336924516086
72.6,26.46731474932954
72.8,27.80442758195051
73.0,27.94266627988815
73.2,27.708477411823136
73.4,27.690961292922232
73.6,27.142583542325728
73.8,25.67066745947468
74.0,25.497359126652924
74.2,26.537784847328858
74.4,25.86298396571298
74.6,26.625452236252162
74.8,26.70283327626825
75.0,25.405560090863325
75.2,26.45810969907371
75.4,26.775663599421236
75.6,25.369325937424733
75.8,25.32394304358982
76.0,26.789580292802984
76.2,27.592258046240158
76.4,28.160290365783204
76.6,29.54688175926877
76.8,29.60018631951623
77.0,28.748634901175908
77.2,28.582673663675905
77.4,27.754229597042745
77.6,27.945181977700354
77.8,27.90278226718938
78.0,26.811925731914602
78.2,26.109613640014146
78.4,27.317971781911258
78.6,29.126677072331866
78.8,28.96884874208563
79.0,29.064806107291368
79.2,27.193260126384516
79.4,25.96391645440354
79.6,25.01622676215346
79.8,24.558172157220675
80.0,23.777688819058373
80.2,24.644937567426666
80.4,26.621439465712484
80.6,26.62731814336389
80.8,26.87598853104833
81.0,25.732276100452157
81.2,26.533928023604695
81.4,27.924021184757514
81.6,28.666954631407293
81.8,27.915513765914206
82.0,27.725552006367554
82.2,26.274393486130087
82.4,25.868850099876557
82.6,25.00774531794946
82.8,25.428739084849724
83.0,25.879857690781172
83.2,28.11891562892912
83.4,28.625744798522206
83.6,28.82674907136519
83.8,29.658562235536607
84.0,29.19798830510292
84.2,28.9604199127689
84.4,29.28739715293903
84.6,30.976019046661246
84.8,30.41238368259249
85.0,28.49836276511055
85.2,27.7069566513801
85.4,26.550165556659152
85.6,26.28302505117789
85.8,27.055051293043647
86.0,28.52723707923054
86.2,27.4605501876561
86.4,28.43473197251198
86.6,26.92682871708366
86.8,25.39033803771742
87.0,24.853372769499828
87.2,23.192764379390734
87.4,26.603753828400922
87.6,25.311716738763238
87.8,25.069429254761573
88.0,25.742113425550638
88.2,25.399954257467336
88.4,25.00122029850989
88.6,27.002670130385994
88.8,27.765355197901233
89.0,27.394067175426834
89.2,29.32175694798439
89.4,28.33466349388187
89.6,26.946807916678303
89.8,26.02596196066182
90.0,26.434938998682167
90.2,26.332418454649243
90.4,28.11378849002873
90.6,29.737013432989016
90.8,29.036664217499354
91.0,31.47624789553131
91.2,30.776294708991628
91.4,30.82825649527926
91.6,31.436751028654214
91.8,30.768939910250765
92.0,29.548157666037987
92.2,29.207263868486123
92.4,29.467691953798017
92.6,28.828411774621188
92.8,28.216066890363848
93.0,28.609522656499053
93.2,29.46553606066011
93.4,31.217273118588164
93.6,30.462311678583305
93.8,28.034628253922254
94.0,28.434645912229584
94.2,30.95872227575494
94.4,30.13257452605947
94.6,28.87200357054148
94.8,31.07906613252204
95.0,30.792124420889976
95.2,32.32953715758495
95.4,32.26920652549515
95.6,30.964823409112036
95.8,30.022892558181155
96.0,30.691843744924444
96.2,30.449189531678446
96.4,32.28824876964739
96.6,31.81133027463059
96.8,31.934665944136064
97.0,31.559698094303677
97.2,31.3004658857413
97.4,33.31234630922425
97.6,34.095725479227355
97.8,34.922426855733605
98.0,36.596941692414205
98.2,35.6277343958779
98.4,34.01922785062203
98.6,33.06749653901672
98.8,33.4304138086672
99.0,30.00891468682265
99.2,30.075624277922422
99.4,29.91305292458833
99.6,27.72320601170232
99.8,27.722538933709387
100.0,30.04801276041109
100.2,29.603084873603088
100.4,30.85857508081326
100.6,30.23994411681109
100.8,28.984122214797736
101.0,30.7369733520405
101.2,31.536266536416456
101.4,27.769971972390223
101.6,26.399598155428727
101.8,25.96915700322048
102.0,26.87178463158158
102.2,25.85782180676123
102.4,23.745764344182582
102.6,25.454019927632014
102.8,24.370291747292463
103.0,23.40066238116574
103.2,24.20589554250291
103.4,24.906756681690545
103.6,23.67245902070976
103.8,24.14322493555226
104.0,25.623606545296195
104.2,25.914245800094868
104.4,26.21513314554042
104.6,26.208207100083595
104.8,25.627505560185796
105.0,26.336921353970084
105.2,27.056720813559735
105.4,26.131334999443126
105.6,25.123054270430604
105.8,25.16049056229839
106.0,26.714124816884286
106.2,26.377450911497316
106.4,28.033378877512682
106.6,27.21992059032074
106.8,28.40758192576837
107.0,25.987963747475593
107.2,26.780879460935346
107.4,27.946053654545597
107.6,27.133592482080758
107.8,26.946658231479773
108.0,26.83511302895049
108.2,25.55432570217082
108.4,25.83849213109805
108.6,25.459393336949702
108.8,25.543162841290897
109.0,25.74935704725748
109.2,25.142490488734346
109.4,24.064192089704214
109.6,23.987127863614717
109.8,22.590258254642887
110.0,24.293662844978975
110.2,23.475973202138583
110.4,22.97869245731571
110.6,24.992017840177212
110.8,23.747555895413065
111.0,23.505212994586458
111.2,23.80923950300624
111.4,23.086186200396245
111.6,22.969477914429625
111.8,20.982732867810835
112.0,21.48698878121148
112.2,22.438966599076558
112.4,22.130611714558313
112.6,22.247023749703594
112.8,22.228541509963947
113.0,21.49868173015946
113.2,23.325179555772053
113.4,22.861824634081227
113.6,25.041088999274375
113.8,25.97422372351682
114.0,26.784592410309017
114.2,25.77845494021535
114.4,25.59317916869519
114.6,26.469638258175195
114.8,26.019487340115198
115.0,23.907435393410317
115.2,24.225246241461043
115.4,24.30388442013348
115.6,24.720875496459577
115.8,25.509652780096275
116.0,25.44568770884696
116.2,24.865601292320928
116.4,24.51400031149198
116.6,24.988147095540082
116.8,25.11314835586621
117.0,24.68549657670495
117.2,25.015787008246253
117.4,25.719718430884974
117.6,24.795563972543828
117.8,24.661741093074887
118.0,25.29256524950947
118.2,25.886445422188345
118.4,27.20064590769337
118.6,27.921114364310252
118.8,27.60343680120634
119.0,26.21564983307497
119.2,27.20808901088725
119.4,28.10568979457594
119.6,27.76324134167323
119.8,26.54485722191992
120.0,26.107424763186607
120.2,26.430796775208737
120.4,24.984431485032147
120.6,26.60914015070057
120.8,27.367658753035357
121.0,27.25099080578231
121.2,27.387065721954823
121.4,25.852761077118807
121.6,25.39579209214154
121.8,26.773953170300647
122.0,27.406968314561666
122.2,26.213709484528085
122.4,26.973695845860526
122.6,26.572173703789197
122.8,26.504777295393367
123.0,25.533664034437532
123.2,26.265599520133417
123.4,25.539152797688843
123.6,25.080043747363447
123.8,23.710636819717827
124.0,25.06041375862206
124.2,23.758038844181236
124.4,22.855023208204358
124.6,23.441010684361004
124.8,23.72169959763348
125.0,23.659952086204047
125.2,23.125745249749613
125.4,23.052262708363045
125.6,23.203762797302684
125.8,22.745281089289435
126.0,22.54227552802874
126.2,22.37778022848893
126.4,23.672528141039408
126.6,22.801834943859216
126.8,23.05502336660731
127.0,21.061438567468343
127.2,21.30143407771152
127.4,21.273592388258145
127.6,22.810104529410353
127.8,21.82696698324541
128.0,20.94924507491082
128.2,21.199324814962004
128.4,22.422837906026714
128.6,21.50907424819803
128.8,20.123162293137522
129.0,20.22847219563127
129.2,20.456650289759715
129.4,20.741495453796258
129.6,20.69897706839605
129.8,21.272282859140788
130.0,22.53554654323908
130.2,22.43269683464151
130.4,21.840053493765446
130.6,22.218011385443496
130.8,20.438767529768622
131.0,21.457514540143197
131.2,21.597297180790747
131.4,21.608705942825583
131.6,20.952456825509064
131.8,20.793068379007504
132.0,20.747491819206573
132.2,20.202790711686806
132.4,20.401630690996896
132.6,20.766013931086338
132.8,21.973048372505257
133.0,21.99044888939688
133.2,21.962664713796176
133.4,22.048701503203347
133.6,21.727824608428424
133.8,21.57273204135712
134.0,21.958675417320386
134.2,21.262020696706436
134.4,21.73405252557005
134.6,21.447640079954994
134.8,22.431228913301645
135.0,22.967148824044425
135.2,23.951989829168113
135.4,24.53483531766566
135.6,25.61332317721408
135.8,22.1021975759161
136.0,22.84590136222181
136.2,23.798560201860486
136.4,24.647357344948126
136.6,23.48516989015546
136.8,22.950178324534818
137.0,24.271394124120505
137.2,24.106507567309485
137.4,25.735035306752284
137.6,25.44856145759805
137.8,26.731216902941725
138.0,26.143372513557882
138.2,24.939535820436213
138.4,24.099342206972647
138.6,23.844521356896923
138.8,23.886636906719993
139.0,24.684144725114308
139.2,24.699479526664405
139.4,23.347781758658023
139.6,23.216078612160224
139.8,23.321866362839145
140.0,22.182845490476794
140.2,21.79041280585917
140.4,22.234968663410292
140.6,21.534470008446434
140.8,20.728059446975134
141.0,21.206178501323212
141.2,20.19091923527915
141.4,21.485591075531367
141.6,19.559041228644013
141.8,20.10904104651463
142.0,20.555500998791523
142.2,22.14586538868258
142.4,22.342364957667243
142.6,21.045819944622455
142.8,20.589916771600777
143.0,20.666694261480526
143.2,19.36582351823997
143.4,20.6556448061966
143.6,21.64823582524157
143.8,20.45782855215068
144.0,18.933015678958764
144.2,18.64360794333056
144.4,20.766848895248245
144.6,19.743113134192882
144.8,20.12888058314409
145.0,19.71799374068917
145.2,19.89967039713604
145.4,20.360156544940736
145.6,20.3927225305384
145.8,18.633051369142574
146.0,19.17774254851856
146.2,18.75272814023663
146.4,18.64364561631084
146.6,18.674815706410758
146.8,18.632310963636584
147.0,18.78436231802654
147.2,19.085652136792564
147.4,18.834707676584546
147.6,18.432835025912162
147.8,18.41882763180203
148.0,18.291859079562297
148.2,18.509183947662763
148.4,18.606621426284168
148.6,18.904883792402906
148.8,20.52014599104099
149.0,19.25448977890081
149.2,19.529458995613158
149.4,19.383659655799285
149.6,18.73034267155508
149.8,18.703192884713612
150.0,17.56706512275763
150.2,18.622124972283057
150.4,18.42336813709574
150.6,18.510244760498473
150.8,19.01906167279138
151.0,19.647080794034657
151.2,19.421012300018482
151.4,18.937635904617224
151.6,19.904164298195838
151.8,19.698226450475524
152.0,19.40064843033041
152.2,19.7659580316707
152.4,19.84625692390005
152.6,20.785672573630194
152.8,21.1177769967816
153.0,22.40208388991938
153.2,21.38840512231007
153.4,22.324468071663933
153.6,21.748447122494056
153.8,20.331016111089948
154.0,20.22871277771595
154.2,20.402319007983106
154.4,20.813265927544535
154.6,19.94099780697854
154.8,21.465293960061476
155.0,20.741048389067885
155.2,20.25299974687522
155.4,19.621060743315876
155.6,20.428884327822495
155.8,20.46439726001671
156.0,21.126796185464542
156.2,20.58748251289011
156.4,20.481907075464513
156.6,20.415875290721086
156.8,19.531147331235644
157.0,19.93622645635571
157.2,18.655252062062463
157.4,19.71400387273612
157.6,19.514656683939684
157.8,18.122418998171103
158.0,18.807798685554218
158.2,19.49311711179697
158.4,20.040047060742733
158.6,19.60615729009372
158.8,20.067881201229476
159.0,20.020430167885003
159.2,18.632247225598725
159.4,18.583726242672373
159.6,18.806102586281526
159.8,18.365769291040387
160.0,18.941442402551907
160.2,19.173890357925153
160.4,19.161433414873066
160.6,18.627506868654432
160.8,17.446419845076655
161.0,17.35015366512235
161.2,17.801520484982692
161.4,17.69362510201389
161.6,17.378257532394237
161.8,16.817006682500665
162.0,17.180824568509806
162.2,18.30290627858973
162.4,18.36466783248831
162.6,18.498760240615407
162.8,18.550557048811903
163.0,18.605197354671507
163.2,18.684657088598904
163.4,18.34362740861003
163.6,17.618871006859667
163.8,17.414593627320084
164.0,17.410372303305163
164.2,17.77593674212493
164.4,18.358912897836
164.6,18.3015128211468
164.8,18.159391177486555
165.0,17.488261967244473
165.2,17.97054463911787
165.4,18.292160748764864
165.6,18.163221477926236
165.8,18.789208004915714
166.0,18.125074572595523
166.2,18.29532817652057
166.4,18.529046056121533
166.6,18.23822725808682
166.8,18.431886455471588
167.0,17.759846004765922
167.2,17.92115898045847
167.4,18.02261189537292
167.6,17.54791254512512
167.8,18.02336402912485
168.0,17.9756759575415
168.2,18.19947053795194
168.4,17.695281934305413
168.6,17.557194507893204
168.8,17.98488728297382
169.0,17.525987305455995
169.2,17.649384513687167
169.4,17.036960240142612
169.6,17.373212543229315
169.8,16.899199935295464
170.0,17.775610378777476
170.2,17.574739615282596
170.4,17.557420849927954
170.6,16.320837332509722
170.8,18.08390341507342
171.0,17.480430306133357
171.2,17.686469740364196
171.4,17.39643118648797
171.6,17.91216661345639
171.8,18.551130894980773
172.0,18.190662827383804
172.2,17.794314079004035
172.4,18.703424608987387
172.6,17.784552306146967
172.8,17.303208989323217
173.0,17.430126374794003
173.2,18.17381471133476
173.4,18.722883717796897
173.6,19.150968980378074
173.8,19.173368252335464
174.0,18.895869539612075
174.2,19.520242310123578
174.4,18.86765296264562
174.6,18.69046250964128
174.8,19.580078739522225
175.0,19.84850293131421
175.2,19.839272951560314
175.4,19.46059726216109
175.6,19.324891282909682
175.8,19.20931428841975
176.0,19.040878615181576
176.2,18.599698126131393
176.4,19.163723709773798
176.6,19.33615790403642
176.8,18.815725258500866
177.0,19.631305109319474
177.2,18.355987298251446
177.4,17.146944847140066
177.6,17.433381039790675
177.8,17.264752328230802
178.0,17.506985701807587
178.2,18.04734101807346
178.4,19.449636561926308
178.6,18.843079251645293
178.8,19.496989801499918
179.0,19.357654009723475
179.2,19.752716401124058
179.4,18.473924850507682
179.6,18.227843099138298
179.8,18.211765779268635
180.0,18.81658633161277
180.2,18.786278024367405
180.4,18.04584271257849
180.6,17.670832572936515
180.8,18.228320415827184
181.0,18.177296904997633
181.2,18.586229770743664
181.4,18.519334257459647
181.6,18.230495012180576
181.8,18.528904310533434
182.0,18.216661573214587
182.2,18.69784603948363
182.4,18.49331439459052
182.6,18.403043298103576
182.8,17.783820505158957
183.0,17.684152950939243
183.2,16.388092651205767
183.4,16.939783122334443
183.6,16.95778583619413
183.8,17.38979656280616
184.0,16.56519658890619
184.2,16.15876468540749
184.4,15.740934399726678
184.6,15.87308370035576
184.8,16.50905046157183
185.0,16.610535069336194
185.2,16.005667996715978
185.4,15.611928676142195
185.6,15.925478131265724
185.8,16.050295023578137
186.0,16.300906838083637
186.2,16.22541740086646
186.4,16.181873700530527
186.6,16.342223262502035
186.8,16.12866690925023
187.0,16.049489796794248
187.2,16.346860557253283
187.4,16.310839948656398
187.6,15.85445326957645
187.8,16.35658520290695
188.0,16.156187363736475
188.2,16.265183483442232
188.4,16.075534966991523
188.6,16.466320971700203
188.8,15.706314736276157
189.0,15.919841744444499
189.2,16.209947379444728
189.4,16.22670896061861
189.6,15.903156478992951
189.8,16.601151395379688
190.0,16.595621433937392
190.2,16.14388910172394
190.4,16.1327426007734
190.6,15.789407133555976
190.8,15.563152749936126
191.0,15.838141404038414
191.2,16.470737325327413
191.4,16.449716338747372
191.6,17.141678115462284
191.8,17.469345068379766
192.0,17.033046560199907
192.2,16.903866920565044
192.4,17.047958872363164
192.6,17.077086637485884
192.8,17.12900654168542
193.0,18.389477778091052
193.2,17.839874133134636
193.4,17.45222352780696
193.6,17.77443105280672
193.8,17.514514280390163
194.0,17.73942530477695
194.2,17.182136145803522
194.4,17.63544986730596
194.6,17.919613114502887
194.8,17.491101392356533
195.0,17.168168793183657
195.2,18.029595484678808
195.4,17.613691318452418
195.6,17.81071577974806
195.8,18.107926613328566
196.0,17.575292787251225
196.2,18.63876851550726
196.4,18.227051611535316
196.6,18.170032019805017
196.8,17.56963341811858
197.0,18.243319033437704
197.2,17.741616604014933
197.4,17.52913929436232
197.6,17.69908447280484
197.8,17.728551155701545
198.0,17.70670364668488
198.2,17.54890389292304
198.4,17.330304715060443
198.6,17.49067505735726
198.8,17.87461993121633
199.0,17.240736513090976
199.2,17.623157398319982
199.4,17.667419774746065
199.6,18.084297924405558
199.8,18.23406518867909
200.0,18.094283893767436
200.2,17.743997194111913
200.4,17.331693640350455
200.6,17.56752899747758
200.8,17.571631688728502
201.0,17.36614569408146
201.2,17.406483393789753
201.4,16.840072956369465
201.6,16.956250866630384
201.8,17.16631373996934
202.0,17.233852592417563
202.2,17.677910352766837
202.4,17.24689773319543
202.6,17.058191784737367
202.8,16.859208787885574
203.0,16.968907495555094
203.2,16.767994984837728
203.4,16.677620104093446
203.6,17.199142384947642
203.8,17.0620186702537
204.0,16.85057602684911
204.2,17.007497970646806
204.4,16.576669128680027
204.6,16.834258986247775
204.8,16.717463867922188
205.0,16.92336043177995
205.2,16.81975288757894
205.4,16.847035178453933
205.6,16.662789919066082
205.8,16.45926775687222
206.0,16.456375693607143
206.2,16.37544629000824
206.4,16.619403378415857
206.6,16.456536177760473
206.8,16.718950261036767
207.0,16.696533577243663
207.2,16.57544208184904
207.4,17.200615936319156
207.6,17.356163188928384
207.8,17.078817939268895
208.0,17.676915778768134
208.2,17.419412620317537
208.4,17.54793628392492
208.6,17.39744380520659
208.8,17.067970071304433
209.0,17.166898096030053
209.2,17.4261821660171
209.4,17.238052627470367
209.6,17.1841373379946
209.8,17.411588699353175
210.0,17.237848314029172
210.2,16.83078885055012
210.4,16.773510281862723
210.6,16.1962843226479
210.8,17.69251937237794
211.0,17.376597665965754
211.2,17.330527217074145
211.4,17.460472260742012
211.6,16.79300970673513
211.8,16.331328346234535
212.0,17.25687690623908
212.2,18.11876362025737
212.4,17.984254864510834
212.6,18.110455066857934
212.8,18.037233645182425
213.0,17.9230250864544
213.2,17.933845277958277
213.4,18.162513816327138
213.6,17.94896958155678
213.8,18.081837040216467
214.0,17.928363317327268
214.2,17.874381202342594
214.4,18.827908726214748
214.6,17.894742351282083
214.8,17.712910088625645
215.0,17.18426521917333
215.2,17.502532530091063
215.4,17.388052164145748
215.6,17.36034552218203
215.8,17.60983853895113
216.0,17.348180933269283
216.2,17.23697508337348
216.4,17.687957485965132
216.6,16.89001621956732
216.8,17.314040493954987
217.0,17.262101364852423
217.2,16.656166734605694
217.4,17.094863872826753
217.6,17.46090161024405
217.8,17.556248581381517
218.0,17.81300674252559
218.2,17.492848222401253
218.4,17.800085649545842
218.6,18.58347215230747
218.8,17.653153044384304
219.0,17.750868466506653
219.2,17.976678341397967
219.4,18.006184957634204
219.6,17.84860554234698
219.8,18.208912471845046
220.0,18.047316474011502
220.2,18.246819711186863
220.4,18.08266153022555
220.6,17.84793426350619
220.8,17.967217553653963
221.0,17.936802111706236
221.2,17.964120387222167
221.4,18.26890478065433
221.6,17.786577467526328
221.8,17.262387502197058
222.0,17.064909777786482
222.2,18.066736875829406
222.4,17.1952724386402
222.6,17.471281828064548
222.8,17.798904598351438
223.0,18.156358450550393
223.2,17.806477957925495
223.4,17.877220127543204
223.6,17.240447817326107
223.8,17.272693965016135
224.0,17.50254118444811
224.2,16.58923033415562
224.4,16.578534928959346
224.6,16.990273989860402
224.8,16.791822767863767
225.0,16.878124457901706
225.2,17.27216930419403
225.4,17.354056311501548
225.6,17.293936638278673
225.8,17.463914598886902
226.0,17.530518237860583
226.2,17.7906953331962
226.4,17.309663815475076
226.6,17.75670607693754
226.8,17.730841685739378
227.0,18.01371201134728
227.2,18.058524880550017
227.4,17.53850803468906
227.6,17.72370613878679
227.8,18.824805840598575
228.0,18.20380896426378
228.2,18.288666282921128
228.4,18.1410487515807
228.6,17.823273322950165
228.8,17.851709806895542
229.0,18.129240589580103
229.2,18.48936238651612
229.4,17.817920713406863
229.6,17.81749116133708
229.8,17.759436128155368
230.0,18.1705933251801
230.2,17.688973334153143
230.4,17.971987968221686
230.6,17.809379137446783
230.8,17.888663378165855
231.0,17.969723839240505
231.2,17.41129896441912
231.4,17.335209012293898
231.6,16.57308227921559
231.8,16.51710737762449
232.0,16.559309027027172
232.2,17.305070374221085
232.4,17.57634494695707
232.6,17.402163314066133
232.8,17.052649817701294
233.0,17.424104881418128
233.2,17.316597712669225
233.4,17.887854062237768
233.6,17.662924178611583
233.8,17.096443221002758
234.0,17.104543738776645
234.2,16.451381631058045
234.4,17.0780553881923
234.6,17.453061426732912
234.8,17.553703276397815
235.0,17.69468989371147
235.2,17.768907655018594
235.4,17.233765813979097
235.6,17.53014836010481
235.8,17.852902642140386
236.0,17.577892773128948
236.2,17.89624155417603
236.4,17.720113197747658
236.6,18.32338638245519
236.8,18.109550472388975
237.0,17.930613358657087
237.2,17.404853331835074
237.4,18.007803173661763
237.6,17.45189641775767
237.8,17.6399102341736
238.0,17.720407201410215
238.2,17.71038812222575
238.4,17.082126893707
238.6,17.35639259139581
238.8,17.23620462451549
239.0,17.07997334407454
239.2,17.339989938239242
239.4,16.847277718388472
239.6,16.676909655041108
239.8,16.85115302933945
240.0,16.335475868370587
240.2,16.79110901163662
240.4,16.617168723099105
240.6,16.58484787580322
240.8,16.593754846224847
241.0,16.752073207479565
241.2,16.630853137562777
241.4,16.218013713223044
241.6,16.291982879648515
241.8,16.684391771586814
242.0,17.026164666276927
242.2,17.100844695145383
242.4,17.078754475824468
242.6,17.27926049099068
242.8,17.38533005242309
243.0,17.21661222981592
243.2,16.83981585117548
243.4,16.660295454062094
243.6,16.275278531297328
243.8,16.60616227999717
244.0,16.54364876280459
244.2,16.441596812360594
244.4,16.15866640636058
244.6,17.159166160242446
244.8,16.85614932811926
245.0,16.648687099228162
245.2,16.06293190874458
245.4,16.16710119158539
245.6,16.097881189973073
245.8,16.266286547137184
246.0,16.857853794699015
246.2,16.78440024779708
246.4,16.624625911177677
246.6,16.899897133301824
246.8,16.70866654550004
247.0,17.22033882688325
247.2,17.08812700430062
247.4,17.311742443880924
247.6,17.139604841178404
247.8,16.675869487579714
248.0,16.478104563690536
248.2,16.78237844576072
248.4,17.356084756296582
248.6,16.918684891198893
248.8,16.971671888650288
249.0,16.753580370668544
249.2,17.310626669130716
249.4,17.21249255800722
249.6,16.818363680157734
249.8,16.84837373213288
250.0,17.140352127216488
250.2,17.071700302943118
250.4,17.178991744714608
250.6,16.82114373548354
250.8,17.459925342932436
251.0,16.821304923349366
251.2,16.835637478853556
251.4,16.883861236265513
251.6,17.134722546650497
251.8,16.79953701562723
252.0,17.092829894804
252.2,17.19766846825108
252.4,17.349846656821796
252.6,17.13245376953987
252.8,17.739239357855702
253.0,17.725124445561256
253.2,17.226343348709513
253.4,17.400210666918507
253.6,17.493903275418106
253.8,17.742985913715387
254.0,17.26749666287072
254.2,17.171398009518494
254.4,17.192797140924764
254.6,17.670187476489055
254.8,18.10602769530884
255.0,17.793466395000145
255.2,17.45636286648665
255.4,17.445512611116186
255.6,16.67802959914652
255.8,16.61109046246583
256.0,15.870016413596309
256.2,15.802398261882773
256.4,15.68512224496996
256.6,15.674776824427033
256.8,15.920691542719382
257.0,16.294315312028694
257.2,16.13330156003159
257.4,15.708812656595777
257.6,16.127601434904612
257.8,15.811330146764075
258.0,16.120551318502223
258.2,15.602074420510114
258.4,15.403625097050007
258.6,15.59348181391399
258.8,15.382607857461675
259.0,15.67411674207708
259.2,15.306330226029308
259.4,15.314654263215871
259.6,15.474161346886135
259.8,15.569343688390255
260.0,15.72678999094746
260.2,16.127056196304256
260.4,16.218942555625635
260.6,16.516984652931058
260.8,17.696898370364522
261.0,17.39204855850022
261.2,17.529463114108793
261.4,17.236661115776066
261.6,17.18023610221
261.8,17.080515253582092
262.0,16.43640659614132
262.2,16.558529995506007
262.4,17.125548438115302
262.6,16.919146734254937
262.8,17.14518137182521
263.0,17.307375761553956
263.2,17.70972804992561
263.4,17.154355767582988
263.6,17.547524321278637
263.8,16.785402301076733
264.0,16.993421055398933
264.2,17.908308940593017
264.4,17.416291220553504
264.6,17.6282276628216
264.8,17.537534019913046
265.0,17.075500972304155
265.2,17.209709212108997
265.4,17.41019296236405
265.6,17.432618587915524
265.8,17.013585545047004
266.0,17.278840777514024
266.2,17.68266223926114
266.4,18.123681206848982
266.6,18.020246359761533
266.8,17.7495127203836
267.0,17.0728359666995
267.2,16.49740618336211
267.4,17.208234856085348
267.6,17.1775620393062
267.8,17.057952837370223
268.0,17.519800564758434
268.2,17.373011200681216
268.4,16.609454611623285
268.6,17.227871134664884
268.8,16.996819197746923
269.0,17.091642759618296
269.2,17.092126125910085
269.4,16.890782138007083
269.6,16.728968404077815
269.8,16.831219767008598
270.0,16.84999383756471
270.2,17.51846165472198
270.4,17.113280540094642
270.6,17.65404202399463
270.8,18.19965893495833
271.0,17.691927695699952
271.2,17.76751787818267
271.4,17.966472792812308
271.6,17.75482533794486
271.8,17.830236392210455
272.0,18.058580227074604
272.2,17.851088048074597
272.4,18.16308897362522
272.6,17.893948933465158
272.8,18.27841436590791
273.0,18.06658946570068
273.2,16.719750083514505
273.4,16.55146374753947
273.6,16.32664332816576
273.8,16.86329345182663
274.0,16.898295369041747
274.2,16.949786595317327
274.4,16.91850903565704
274.6,16.78052387267753
274.8,17.54015895134321
275.0,17.480371072087415
275.2,17.826138535460434
275.4,17.561199632901324
275.6,17.001850654147592
275.8,16.732808613273413
276.0,16.71145660637403
276.2,16.628658590489113
276.4,16.95167046315411
276.6,16.83840913284207
276.8,17.244280721697518
277.0,17.307507251761116
277.2,17.413412481679657
277.4,17.068636231908993
277.6,16.9998124868075
277.8,17.10010987440709
278.0,16.458590640314892
278.2,16.95384338464747
278.4,16.853799492145484
278.6,17.2669139665254
278.8,17.237870922235512
279.0,16.98930520894326
279.2,16.818976347770484
279.4,16.181672219631146
279.6,16.786646325526643
279.8,17.155940213835013
280.0,16.490973633583053
280.2,16.688308534355254
280.4,16.555738322433637
280.6,16.40075029555306
280.8,16.06722069541933
281.0,16.163263876057105
281.2,15.994938478846468
281.4,16.445650970313615
281.6,16.553331661399763
281.8,16.625400201948718
282.0,16.400801749992716
282.2,16.88390398156566
282.4,17.284065470261854
282.6,17.049452196604786
282.8,17.40614666109134
283.0,18.140195000443843
283.2,18.182174569263275
283.4,18.897830742653156
283.6,18.659076480731873
283.8,18.288558051552215
284.0,17.88676725932974
284.2,17.653852227715035
284.4,18.414608240089297
284.6,17.841407107350086
284.8,18.510568341090547
285.0,17.691460181717126
285.2,17.644219878062753
285.4,18.033790359110814
285.6,18.235408175782403
285.8,18.061723571836616
286.0,17.411225570893944
286.2,17.812287749500886
286.4,18.021943392315393
286.6,17.628844429240946
286.8,17.574807998070167
287.0,17.64840862792064
287.2,17.870105863668073
287.4,18.093826736863207
287.6,18.063362518967235
287.8,17.54258258894408
288.0,17.67414407647577
288.2,18.58026392696964
288.4,18.24532554368281
288.6,18.42437561349187
288.8,18.836248040962605
289.0,19.17933296167095
289.2,18.960124495281093
289.4,18.900511143398404
289.6,18.574289407639355
289.8,18.733116412457576
290.0,18.953745434403018
290.2,19.152942056569245
290.4,19.46118461671969
290.6,19.00366666291798
290.8,18.341250686045353
291.0,18.87180774637067
291.2,18.150453192964314
291.4,17.69005763964149
291.6,18.1062756750716
291.8,18.061227054617188
292.0,17.765888355991613
292.2,17.73563567674644
292.4,18.756770450510018
292.6,18.527543168842236
292.8,17.924434954454536
293.0,17.72239946391046
293.2,17.428404830511
293.4,17.86650109492841
293.6,18.014844104252376
293.8,17.761444966189842
294.0,18.20982011796821
294.2,18.819802817874137
294.4,18.41574994110917
294.6,18.39439976195006
294.8,18.044493590556037
295.0,18.181710213385752
295.2,18.010339918684732
295.4,18.312566872634452
295.6,18.971449342829697
295.8,18.676361547448828
296.0,18.109159112941477
296.2,17.381010728166682
296.4,17.64757675004282
296.6,17.197289496295337
296.8,17.631081014101387
297.0,18.029354321471743
297.2,18.21144907134589
297.4,18.04280999895078
297.6,17.06285827065227
297.8,17.29659755548471
298.0,18.522908991667265
298.2,18.606838965313163
298.4,18.133844101157862
298.6,18.410863584938483
298.8,17.939711309476895
299.0,18.461046922202488
299.2,19.093148814323023
299.4,19.444210133042464
299.6,19.024697540847715
299.8,18.639161964597363
300.0,17.45777336280349
300.2,17.596995977563854
300.4,18.76947084814603
300.6,18.18628668517708
300.8,18.025140967026566
301.0,18.56192381206426
301.2,18.66300922258381
301.4,17.801946757398035
301.6,18.142070386962114
301.8,18.509928131325413
302.0,17.972587317586598
302.2,18.438166185917733
302.4,18.730678864233305
302.6,18.630327716474312
302.8,18.799710604731846
303.0,18.967994390681454
303.2,19.510185613057438
303.4,19.234404333340393
303.6,19.13248861514259
303.8,18.898733536738252
304.0,19.29003685140927
304.2,18.673699194002143
304.4,18.304567053033196
304.6,18.001804663695605
304.8,18.316530982056765
305.0,19.171923515312297
305.2,19.445497840603295
305.4,20.269276605692713
305.6,20.429562822696777
305.8,19.41577090078431
306.0,20.407400356574897
306.2,20.313792447078608
306.4,20.740351203673843
306.6,19.352835178765975
306.8,18.791540258340916
307.0,18.88271493280695
307.2,19.41480415103356
307.4,19.469551081348506
307.6,19.719409867257053
307.8,19.32564199038268
308.0,18.901086280095804
308.2,19.68104227882675
308.4,19.176355626940648
308.6,18.368928395064803
308.8,18.390537886159215
309.0,18.769261635728075
309.2,18.223042965510345
309.4,18.67184425295914
309.6,19.39634299355105
309.8,18.15223340858738
310.0,18.651994222130483
310.2,18.40924956353862
310.4,18.732586584832962
310.6,18.109009331723843
310.8,19.12706900726826
311.0,18.424852219387088
311.2,19.026129195009876
311.4,19.83187791701682
311.6,19.592041873524153
311.8,20.46010203131518
312.0,21.395844271086034
312.2,19.90248333943129
312.4,18.44344784804338
312.6,18.853985850987186
312.8,18.6551395030937
313.0,18.111957735522225
313.2,17.296813161889393
313.4,18.079546147975158
313.6,18.688053324135648
313.8,18.912356799475116
314.0,18.14163913538431
314.2,17.843652532968704
314.4,17.791919560418087
314.6,17.635347123913213
314.8,17.652594724446292
315.0,18.51298801051186
315.2,19.397892103474135
315.4,18.124611925946887
315.6,18.249088436008947
315.8,18.505276734615446
316.0,17.850255191873334
316.2,17.762829410498547
316.4,16.690448759778974
316.6,16.447894135161498
316.8,16.440203184546153
317.0,16.076678497526082
317.2,16.81545228676994
317.4,16.66474203967216
317.6,17.18435711323264
317.8,15.962434427455745
318.0,16.273620785229383
318.2,16.18048876111676
318.4,16.512917714916405
318.6,17.31167952968421
318.8,16.921584116365555
319.0,16.30494696951289
319.2,16.94837466959742
319.4,16.351477009981338
319.6,16.494376716069617
319.8,15.914545253936351
320.0,15.725048726347701
320.2,16.233644917866386
320.4,15.875747989106113
320.6,15.916192667542528
320.8,15.931995795431925
321.0,15.836498416802844
321.2,15.717083745767633
321.4,15.662239091898197
321.6,15.37342912462872
321.8,15.36883118800067
322.0,14.924024888350168
322.2,14.878087251387033
322.4,14.619703273599898
322.6,14.355258039525303
322.8,14.238654876636263
323.0,14.131323310632528
323.2,14.1321424368752
323.4,14.04095139586467
323.6,14.12703308411863
323.8,14.29701333993967
324.0,14.750783495883171
324.2,14.614576489971844
324.4,14.456326446857407
324.6,14.432232604913104
324.8,15.074469801119118
325.0,14.420626898220217
325.2,14.708180292899032
325.4,14.47040003459768
325.6,14.745538006418187
325.8,14.625082712716555
326.0,14.922060736054195
326.2,15.080287959139742
326.4,15.218092926597324
326.6,15.447401301170041
326.8,15.965200134683514
327.0,15.9678212936767
327.2,16.019453203611175
327.4,15.8640785301895
327.6,15.869387150017822
327.8,16.077065483502423
328.0,15.851405498987546
328.2,15.67354763086084
328.4,15.932241194004915
328.6,15.883881097398113
328.8,15.801549706741401
329.0,15.945855194079124
329.2,16.099661818991873
329.4,15.96045204871679
329.6,15.856544459978599
329.8,15.759254041390742
330.0,16.14939093637539
330.2,16.75906894290154
330.4,16.642102781223127
330.6,16.607793846536
330.8,16.772762717015716
331.0,16.501262323317913
331.2,15.997893242113504
331.4,16.074650647260096
331.6,16.512364627112692
331.8,16.07016941255837
332.0,16.07442467689442
332.2,15.3393789304214
332.4,15.177179444839663
332.6,15.90084555703502
332.8,15.77565112143823
333.0,16.121736082298305
333.2,16.381810018548247
333.4,15.833352665318202
333.6,15.941503569585052
333.8,15.91636063748207
334.0,15.856389510114862
334.2,16.02031071531488
334.4,15.345014510215673
334.6,16.458051843437755
334.8,16.5858673048427
335.0,16.082198230944954
335.2,16.015507016932965
335.4,16.42368222559869
335.6,15.895156290027387
335.8,15.881437794992854
336.0,16.36955193224677
336.2,15.50826832154968
336.4,15.83546912082318
336.6,15.812469204007733
336.8,16.101232467432993
337.0,16.121976277767395
337.2,16.250796782026224
337.4,16.33328330370634
337.6,16.421984493262336
337.8,16.724790925773306
338.0,16.363067994436577
338.2,16.646137209065564
338.4,16.41444810928514
338.6,15.20593386260632
338.8,15.715789399015971
339.0,15.091279890487534
339.2,15.383277580536742
339.4,15.332595015415158
339.6,16.08361380459727
339.8,15.661827389553924
340.0,15.47184772724092
340.2,15.419604467970839
340.4,15.011679194825
340.6,15.440852137742233
340.8,15.685241287675142
341.0,15.312285932169017
341.2,14.992357773228438
341.4,15.449611900755507
341.6,16.058280290606476
341.8,15.761491805819208
342.0,15.770648906542217
342.2,15.614693784147406
342.4,15.567018937480032
342.6,15.594781523561192
342.8,15.482175009213533
343.0,15.79800737447961
343.2,15.445977327766549
343.4,15.529261590146678
343.6,15.565419828042097
343.8,15.362277550160455
344.0,15.457118487647115
344.2,15.264195030473475
344.4,15.68104532888315
344.6,15.90050143505784
344.8,15.275220995138172
345.0,14.888262787366441
345.2,15.031575100820131
345.4,15.268195801722406
345.6,15.575311706614645
345.8,16.56193327987961
346.0,16.532024399548526
346.2,16.638613355733405
346.4,16.671350975061664
346.6,16.60608989524381
346.8,17.349484667948904
347.0,17.10902514804092
347.2,17.24663789654721
347.4,18.00226974057361
347.6,17.111623284164235
347.8,16.70338061297818
348.0,16.82511085698439
348.2,16.82773170650975
348.4,17.718639045127073
348.6,17.162032481076505
348.8,17.4292635155493
349.0,18.61746953010227
349.2,18.295623446103363
349.4,18.688840560646398
349.6,19.069636172867014
349.8,18.991923109465205
350.0,18.336649260706256
350.2,18.21026655898619
350.4,18.40207662593683
350.6,18.794855425604705
350.8,17.935003523483072
351.0,17.568851963060254
351.2,17.778502511251748
351.4,16.897283150339383
351.6,17.158427495143368
351.8,17.074228124894365
352.0,17.176942708640112
352.2,17.054474881305463
352.4,17.264167728284
352.6,17.198655386163338
352.8,17.918286873749885
353.0,17.521018529658825
353.2,17.535791782610172
353.4,17.882433910132285
353.6,17.489910394359562
353.8,17.523618212383106
354.0,17.743665279501226
354.2,18.108199895424594
354.4,17.439186775925453
354.6,17.055432024180615
354.8,17.768917962619632
355.0,18.261581100903438
355.2,17.959656583979704
355.4,17.58369505414918
355.6,18.23475518580315
355.8,19.117535282886024
356.0,18.817404380089666
356.2,18.781970200978723
356.4,19.049324309022992
356.6,19.577900387829946
356.8,19.099186040762792
357.0,18.63950941062832
357.2,18.878896004958648
357.4,18.031470391623692
357.6,18.27137900308397
357.8,18.33524545698441
358.0,18.602080560528236
358.2,18.909759565384704
358.4,18.470926062654062
358.6,17.490471972313046
358.8,17.433898471019347
359.0,17.96183911566348
359.2,19.158439200419178
359.4,18.925359271165505
359.6,19.125155501764873
359.8,19.29593647710138
360.0,19.176461762434876
360.2,18.92421662394452
360.4,18.987139500672182
360.6,19.289689678196584
360.8,18.663958441464715
361.0,18.330499885445974
361.2,18.008353223036877
361.4,17.91016715281749
361.6,18.483569419332802
361.8,19.01721288806215
362.0,19.027385127987642
362.2,19.022654109483216
362.4,19.44855421942541
362.6,19.923284096466297
362.8,19.48094923310166
363.0,19.36555537294752
363.2,20.334651249657632
363.4,19.28337207369104
363.6,18.053173003410745
363.8,18.372109554350864
364.0,20.23866908700448
364.2,19.23105624965254
364.4,19.00218022631571
364.6,19.18655925241427
364.8,18.861460601948203
365.0,19.1580830236499
365.2,19.27585296820362
365.4,20.29661233376776
365.6,20.56425384107838
365.8,19.150743164310647
366.0,19.232231269886565
366.2,19.505123485440915
366.4,19.724108453305945
366.6,19.8574497344322
366.8,19.355526963355146
367.0,18.01116396311904
367.2,17.390216122187812
367.4,16.959561247342315
367.6,17.347187396626612
367.8,17.219918306020737
368.0,17.68034922146574
368.2,17.54237560041951
368.4,18.143828256384516
368.6,17.704462452719106
368.8,17.584603809022422
369.0,18.230242672572064
369.2,17.32129224322611
369.4,17.81197279951281
369.6,16.89701100399307
369.8,17.1787515706117
370.0,16.704731497544735
370.2,16.72050382957217
370.4,16.73616836308428
370.6,16.792033532168883
370.8,17.302396767880836
371.0,17.070282560184708
371.2,17.312911054276984
371.4,16.924315014306003
371.6,17.092707160734292
371.8,16.974820618313053
372.0,17.403655800770707
372.2,18.47226329771726
372.4,18.544543015292763
372.6,17.82395400924885
372.8,17.19062255133212
373.0,17.057771744298666
373.2,16.588968355193614
373.4,16.614687462188954
373.6,16.204054405158214
373.8,16.194379784240198
374.0,15.908852252829993
374.2,16.056362561124683
374.4,16.74992516297411
374.6,17.846901613031804
374.8,18.500787290488805
375.0,19.173475293737532
375.2,17.656498897615116
375.4,18.385281396166175
375.6,18.13752305700787
375.8,17.77894537261946
376.0,17.48159018318534
376.2,16.539859704691597
376.4,16.95296303024348
376.6,18.028014960875932
376.8,18.37930355460984
377.0,17.86094236137218
377.2,17.97063741937719
377.4,17.853000918017194
377.6,17.612976121054064
377.8,18.468901814782548
378.0,17.798460939043455
378.2,17.410157907299123
378.4,16.72780658801558
378.6,17.06729772637821
378.8,17.00504852001136
379.0,16.943465738442786
379.2,16.438216377478287
379.4,16.128172377169104
379.6,16.323312854660127
379.8,16.072861322781705
380.0,15.892866547946497
380.2,16.4122754729931
380.4,16.198991751425545
380.6,16.1200239875673
380.8,16.171524703368444
381.0,15.455057562722263
381.2,15.864474857378701
381.4,16.390125327465956
381.6,15.867370372948102
381.8,15.72733743175226
382.0,15.610648922684966
382.2,15.613730060892392
382.4,15.889572853762884
382.6,15.76474914701354
382.8,16.035631388589877
383.0,15.868173500021289
383.2,15.837217144046399
383.4,15.73786155487994
383.6,15.534138933855665
383.8,15.946173019382721
384.0,15.960303979017596
384.2,15.457629078976659
384.4,15.950099913807104
384.6,16.160013581635337
384.8,16.42228164638983
385.0,16.240211482593413
385.2,16.54286739119318
385.4,17.019897474295547
385.6,17.12587167852873
385.8,16.661423091103075
386.0,16.838924879221505
386.2,17.338662386307632
386.4,17.4790983022582
386.6,17.223744136708184
386.8,17.519877300523888
387.0,16.508805132521303
387.2,16.647809819365353
387.4,16.136992976337734
387.6,15.827822892203223
387.8,16.19488437251941
388.0,15.977545833602278
388.2,16.44044920986779
388.4,16.638279471011415
388.6,16.279389483099056
388.8,16.09719202103005
389.0,16.28207449537326
389.2,16.602437550119355
389.4,16.788243053951867
389.6,17.015650922055784
389.8,16.54216076712624
390.0,16.91686961285483
390.2,17.549837701006275
390.4,17.167829844910546
390.6,16.556032050050053
390.8,16.560294285086997
391.0,16.375030257257972
391.2,16.391233525429055
391.4,16.411847050991526
391.6,16.24463507708154
391.8,16.07130822030468
392.0,16.002181307345925
392.2,16.17034161598344
392.4,16.593294866708657
392.6,17.064616645273038
392.8,16.766972016519958
393.0,16.50814730204834
393.2,16.722465880803828
393.4,16.355575317829945
393.6,16.72388357252106
393.8,16.427792568187094
394.0,16.339974265401757
394.2,16.41798057489776
394.4,16.41227055137558
394.6,16.21672138324653
394.8,16.105548964997677
395.0,15.977382585038786
395.2,16.49490297778543
395.4,16.110558697005068
395.6,16.2151663809816
395.8,15.998737548933386
396.0,16.505417756348344
396.2,16.61228344503795
396.4,16.275763824595796
396.6,16.400452302312868
396.8,17.06829020650587
397.0,17.24854988916441
397.2,17.64087054772135
397.4,17.337097378756532
397.6,17.255033532681264
397.8,17.49440223558811
398.0,16.668588026208713
398.2,16.99526334087984
398.4,17.023460084624173
398.6,17.148498352236444
398.8,16.579413350795534
399.0,16.692359491267073
399.2,16.1388394535966
399.4,16.363349939720734
399.6,16.609120113546705
399.8,15.948293729289212
400.0,16.102248944011098
400.2,16.121227313903024
400.4,16.532652575402903
400.6,16.51484638291255
400.8,16.787898146832156
401.0,16.39487167517649
401.2,16.248248097023986
401.4,15.90692106445562
401.6,17.193972076253353
401.8,18.25777357928477
402.0,18.178715171156494
402.2,18.799949802408914
402.4,18.295603531140287
402.6,18.051967784935748
402.8,18.58419860747295
403.0,18.28205339003417
403.2,18.47678290508617
403.4,18.486476796092376
403.6,18.007260186790347
403.8,18.031304662302936
404.0,17.955281008010605
404.2,18.70700880590209
404.4,17.8038986028834
404.6,18.166183956045217
404.8,17.329356942620358
405.0,17.084591382298175
405.2,17.4881486370893
405.4,17.044644290724772
405.6,17.63449422414205
405.8,17.66629618405339
406.0,17.07016789101403
406.2,16.95062016909663
406.4,17.30336746067502
406.6,17.821161793321252
406.8,17.932266315558152
407.0,18.384872911604123
407.2,18.530487770807035
407.4,19.06635086263129
407.6,18.349933577452198
407.8,18.178642253937326
408.0,18.25277315450234
408.2,18.291123225292104
408.4,18.010426699252676
408.6,18.224337184472887
408.8,18.492876641674926
409.0,18.35821801396269
409.2,18.139541394256845
409.4,19.27826673267886
409.6,19.30649488229029
409.8,19.943708480263346
410.0,20.176303302860195
410.2,19.441119871307233
410.4,19.07213760971418
410.6,18.5529779693691
410.8,17.258724475642456
411.0,17.458973583815588
411.2,18.077539164696816
411.4,17.61421546065385
411.6,18.047280585228812
411.8,19.095055325288396
412.0,18.119526721486533
412.2,16.837400411535214
412.4,17.28161999936901
412.6,17.38771480700762
412.8,16.87887560164009
413.0,17.27275078360708
413.2,18.979960672405717
413.4,18.01640768361662
413.6,18.199776358636303
413.8,18.207604226452737
414.0,18.143541348101987
414.2,17.766138222432684
414.4,17.5969143070013
414.6,17.450749534018925
414.8,18.563628304963967
415.0,17.472782925772297
415.2,18.705429322926605
415.4,18.009320220389974
415.6,18.28637164688446
415.8,18.47089483218447
416.0,17.76377533477731
416.2,18.517561328846405
416.4,18.701169596529283
416.6,18.045436586413686
416.8,18.89536620088213
417.0,18.496646750864475
417.2,18.799736072925956
417.4,18.98428706052641
417.6,18.540999384289204
417.8,18.716178222673786
418.0,18.440617166644135
418.2,18.7636166104515
418.4,18.532286359370662
418.6,19.278013750894566
418.8,18.00648973780675
419.0,18.528755236291857
419.2,17.97879969176832
419.4,18.212011611141705
419.6,18.829981571851597
419.8,17.99864560523199
420.0,17.935042712158072
420.2,17.695213304758738
420.4,16.989117411470577
420.6,17.8784758148034
420.8,18.231665570792256
421.0,18.12007341783366
421.2,17.999529987405147
421.4,19.321645428804977
421.6,19.161063214728657
421.8,18.98649424933571
422.0,18.923785926676192
422.2,18.81631143385562
422.4,18.694493177746033
422.6,18.25926442251546
422.8,18.765381489989775
423.0,19.07123028057701
423.2,18.857665841690935
423.4,18.135745238260434
423.6,18.176988498053348
423.8,18.54089889550354
424.0,17.99598119608762
424.2,17.612581132173666
424.4,18.267127426936522
424.6,18.274409802833972
424.8,17.840097997265268
425.0,18.63527556663476
425.2,17.664357716060632
425.4,18.283397412137084
425.6,17.60610158577766
425.8,18.059345036154784
426.0,17.275829226625163
426.2,16.961622513934078
426.4,17.08505275254725
426.6,17.77118123217016
426.8,17.164909766628217
427.0,17.860852905727963
427.2,17.80926334538466
427.4,18.129902513586956
427.6,18.644950512055747
427.8,18.96885273602909
428.0,17.534900837620057
428.2,17.523911518969797
428.4,16.936893585531575
428.6,17.188523963918527
428.8,16.465611798862746
429.0,17.10166565730267
429.2,16.881462825370306
429.4,17.142008283680802
429.6,16.539615097726443
429.8,15.781846954408929
430.0,15.454319971577684
430.2,15.671122016104366
430.4,15.344408421702514
430.6,15.525243872233398
430.8,15.766475487603008
431.0,16.07802878516074
431.2,16.503626134343918
431.4,16.07927990336269
431.6,16.079174503845824
431.8,16.09749696689901
432.0,16.22523942890049
432.2,16.027133419075746
432.4,16.958519520154184
432.6,17.4478945893664
432.8,17.226322155958375
433.0,17.115782982876265
433.2,17.002667120793554
433.4,17.113824304424675
433.6,18.167168076744794
433.8,17.845446032573363
434.0,17.835032108100563
434.2,17.953721355957217
434.4,18.214669591836007
434.6,17.999768214862776
434.8,18.24781706419294
435.0,17.88238751252566
435.2,17.691438834901625
435.4,17.411863352474658
435.6,17.113079624704753
435.8,16.63184177999136
436.0,16.716082249257006
436.2,17.063773029439954
436.4,17.79011665980057
436.6,18.152099183937782
436.8,18.60738899906058
437.0,17.596428823412783
437.2,17.810104302495496
437.4,17.09917650913371
437.6,17.268279650476433
437.8,17.161139507280716
438.0,18.132952441320068
438.2,17.500235695993922
438.4,16.774921599754414
438.6,17.06348794913982
438.8,17.358759588430523
439.0,17.44922543726931
439.2,18.130487242386273
439.4,17.312256257898945
439.6,17.64738551088511
439.8,17.487974219449576
440.0,16.533874610734276
440.2,15.373899845597442
440.4,15.434895750485369
440.6,15.199380092988637
440.8,15.178726766593556
441.0,15.568133838649898
441.2,16.239807955603418
441.4,16.539730485169773
441.6,16.812506234499168
441.8,17.00198579579028
442.0,16.483642986485577
442.2,16.93921521489394
442.4,16.321538366744605
442.6,16.566576203757876
442.8,16.89955834643268
443.0,17.62178728360716
443.2,17.681240946253403
443.4,17.287620101483753
443.6,17.75675974204333
443.8,17.633614988412525
444.0,17.079516798787704
444.2,16.733279059482182
444.4,17.91718259971542
444.6,17.333633850077195
444.8,17.1553026766907
445.0,17.128510972178162
445.2,16.539624876286094
445.4,16.1224045313011
445.6,17.305954108369207
445.8,17.41038841809391
446.0,18.00575316254283
446.2,18.617651495840914
446.4,17.908418841738335
446.6,19.263649164711758
446.8,19.38978714179114
447.0,18.189720195749935
447.2,18.623197552113794
447.4,19.151709162869842
447.6,17.835323099124217
447.8,18.42937668220969
448.0,18.10450803845197
448.2,18.80776614023453
448.4,18.765059151193054
448.6,19.23055333441703
448.8,18.490532328767483
449.0,19.081429863911694
449.2,18.604789179268217
449.4,18.608725149108317
449.6,18.77675420693363
449.8,18.02645557623145
450.0,16.909227240923887
450.2,16.852342746393997
450.4,17.677271201152127
450.6,17.122265712159447
450.8,17.24427186422509
451.0,17.10164852606135
451.2,17.05791088453538
451.4,17.374847014110316
451.6,18.220467486283976
451.8,17.535106274151445
452.0,18.01593535051643
452.2,17.98829412965907
452.4,18.278191171612097
452.6,18.82177678883138
452.8,19.066530540363964
453.0,18.603729473480136
453.2,18.348941601946837
453.4,18.39067870068509
453.6,18.987214698168742
453.8,18.59161067798414
454.0,18.62143527549587
454.2,18.434842222639222
454.4,18.866505010912917
454.6,18.71902150612303
454.8,19.27537833121532
455.0,18.515951723898354
455.2,18.669028681601457
455.4,19.081195052673927
455.6,18.788003409017463
455.8,18.77866434062695
456.0,19.655440965970282
456.2,19.457934006724955
456.4,19.80889244513769
456.6,18.97086417756669
456.8,19.35739596993558
457.0,19.15210738424222
457.2,18.959111131556547
457.4,18.584544925346954
457.6,19.168336961156456
457.8,18.319571810122923
458.0,18.354648982646225
458.2,17.66764297927224
458.4,17.19958326083073
458.6,17.89286006946856
458.8,17.302975121828055
459.0,17.34430495966199
459.2,17.39703934190692
459.4,17.523092094409456
459.6,17.2691102366487
459.8,16.904758163468067
460.0,16.97559828822897
460.2,16.736173544550834
460.4,16.487710252335482
460.6,16.77086180308898
460.8,16.88220873563926
461.0,16.798531376553562
461.2,17.326036028506334
461.4,17.946219443907935
461.6,16.831437131621346
461.8,16.634282270077332
462.0,16.22053597145955
462.2,16.30128403901917
462.4,15.773138212537091
462.6,16.356756125656325
462.8,15.89601835226251
463.0,17.406824849051105
463.2,16.701791918551457
463.4,17.23567334203888
463.6,17.589055378810656
463.8,18.30013861906788
464.0,19.071534350879656
464.2,18.8315918969043
464.4,18.076301131475248
464.6,17.657661943627538
464.8,18.2769383348063
465.0,17.890584678247734
465.2,17.267482213354207
465.4,17.23021620754196
465.6,17.279129852238658
465.8,17.79598305802214
466.0,17.27783671303323
466.2,17.35516533047606
466.4,17.810925238505362
466.6,17.326845501245188
466.8,17.431229171014174
467.0,17.08010033911734
467.2,16.57236416494092
467.4,16.299653581900074
467.6,16.265112715513453
467.8,16.236991448011974
468.0,16.440058236192435
468.2,15.818412059748447
468.4,16.030403651935107
468.6,16.07401458906483
468.8,16.052298692331426
469.0,16.55511430293868
469.2,16.498142219972216
469.4,16.708612347604713
469.6,17.392210348937052
469.8,15.950820255797831
470.0,16.955929401022996
470.2,16.55390106745748
470.4,16.662687051160848
470.6,17.58774561666847
470.8,17.003998392692925
471.0,17.57614352779114
471.2,18.149475508583134
471.4,18.767380334160084
471.6,17.982763207586885
471.8,18.503236034769518
472.0,18.497994564082948
472.2,17.494647089969554
472.4,17.57643435949815
472.6,18.814351327992554
472.8,18.861125681987996
473.0,19.729529254398784
473.2,19.397873233006525
473.4,19.17163006829718
473.6,19.186414315825875
473.8,19.459733317971267
474.0,18.755769029875392
474.2,18.79958808485574
474.4,18.938285464352028
474.6,19.51215511037764
474.8,19.40421614353927
475.0,19.670887856736993
475.2,19.3649827888434
475.4,17.63168919959201
475.6,17.881968604096016
475.8,18.716581602497598
476.0,18.780128719163944
476.2,18.266533897172906
476.4,17.708284305710905
476.6,17.30820226780259
476.8,17.610118161442763
477.0,18.056864929909445
477.2,17.770517205339466
477.4,17.062763360494543
477.6,16.050543333228504
477.8,16.336832016338274
478.0,16.76941988425217
478.2,16.901281559566222
478.4,17.76650689508739
478.6,17.199333553561612
478.8,17.386488855598486
479.0,17.722168151931637
479.2,18.177632167924553
479.4,18.61161442528718
479.6,19.61173274532176
479.8,18.908046634168155
480.0,18.15735148240867
480.2,18.365811156567666
480.4,17.271481983786
480.6,18.395971550779045
480.8,18.87083048609335
481.0,18.29691924209155
481.2,17.557227364193462
481.4,17.682684661125315
481.6,17.445080791052114
481.8,17.68118563142947
482.0,19.087776765256898
482.2,18.887386039949565
482.4,18.304085118924448
482.6,19.750378983742284
482.8,19.51369623134135
483.0,19.23738271286426
483.2,19.12913784936795
483.4,19.70494846805147
483.6,18.684070170297094
483.8,17.636696445864246
484.0,18.382945443407046
484.2,18.65109311961352
484.4,17.30265504966984
484.6,17.72795927514946
484.8,18.199475566263985
485.0,18.384845068876167
485.2,17.764142933626548
485.4,17.82386191545237
485.6,17.31507216509832
485.8,17.697220165251927
486.0,18.504681058972846
486.2,18.42662284812404
486.4,18.316941438399084
486.6,18.469144609078096
486.8,18.77669780833451
487.0,18.50425777920131
487.2,18.803397924159214
487.4,19.74504078362223
487.6,20.48963266084574
487.8,19.176665155428655
488.0,19.613569784742513
488.2,20.19170737392962
488.4,20.426996728905785
488.6,19.733998859386897
488.8,19.282327642983468
489.0,19.62233650751362
489.2,19.56982321053449
489.4,19.16711706550015
489.6,18.82576703515866
489.8,18.78346087105304
490.0,19.49367963493383
490.2,19.563595217063096
490.4,19.195973963747605
490.6,19.845380055024403
490.8,20.402512085704643
491.0,19.898251533906816
491.2,19.4908717580342
491.4,19.256465027757866
491.6,18.953176064273187
491.8,20.27822670702763
492.0,19.905723434036332
492.2,18.904882741104412
492.4,19.08379418406969
492.6,18.994552059438224
492.8,20.26489345520607
493.0,20.079892489504658
493.2,19.26032398173229
493.4,19.298325105756696
493.6,18.94357282347914
493.8,18.954576925399063
494.0,20.36795949627335
494.2,20.781731131573913
494.4,20.453233006361465
494.6,20.26926448800996
494.8,19.976760986633217
495.0,19.3948669658439
495.2,20.201106520339106
495.4,18.738202599185513
495.6,19.24877842205052
495.8,19.51708387821536
496.0,20.482653214850792
496.2,20.16179633770423
496.4,20.564933134481986
496.6,19.286179118250967
496.8,19.27835500792479
497.0,18.39355980482068
497.2,18.180379173771563
497.4,18.366857581304018
497.6,18.150319653678963
497.8,18.694345743073782
498.0,17.20934540329841
498.2,17.482212676481396
498.4,17.61614897575487
498.6,17.074717796024338
498.8,18.1489018397491
499.0,19.383426029136942
499.2,18.924391485218795
499.4,17.979484867506326
499.6,18.681911587776618
499.8,19.08468723438784
500.0,19.346485400701855
500.2,19.02602764565986
500.4,18.81851569217878
500.6,18.495622893863338
500.8,18.51245361712484
501.0,18.588492714889018
501.2,18.745688850086935
501.4,19.066143772925656
501.6,18.43700387074964
501.8,18.202140278835927
502.0,18.547381792124874
502.2,17.786613051038756
502.4,19.583687625429874
502.6,19.69724082457072
502.8,19.938194135594273
503.0,20.079914888311063
503.2,20.601375356328763
503.4,21.17539565194049
503.6,21.405363047603323
503.8,21.54917257733965
504.0,21.853275831272704
504.2,20.94672830831328
504.4,20.339418874932264
504.6,19.3420102291969
504.8,19.289206478379977
505.0,19.165355227984303
505.2,19.24412521185485
505.4,19.851885957000437
505.6,19.850325322772743
505.8,19.959012979245884
506.0,19.93325184669612
506.2,20.913537850265598
506.4,20.31780432279333
506.6,20.66858009524765
506.8,20.223767247929914
507.0,20.153518446476035
507.2,20.633174010776358
507.4,19.744209781563114
507.6,19.475395558049414
507.8,19.443944308882706
508.0,19.764214742947317
508.2,19.442023555071405
508.4,19.46620638194425
508.6,20.107439651926633
508.8,18.95635431388841
509.0,20.290935578861937
509.2,20.182112193606518
509.4,19.87022028253206
509.6,20.556454268996887
509.8,19.918795968328993
510.0,18.55237667091088
510.2,19.477706590217437
510.4,18.796537551759137
510.6,19.204730199513197
510.8,19.513432776271763
511.0,18.40839909627882
511.2,18.51221549281692
511.4,18.741927822466522
511.6,19.10671207270348
511.8,18.933192138044674
512.0,18.442892236473185
512.2,18.680600943866864
512.4,18.980039401156013
512.6,18.838929529903826
512.8,19.003605606435553
513.0,19.488975497281007
513.2,19.090599641903182
513.4,19.690220505266165
513.6,18.51536812932023
513.8,18.867852440328384
514.0,19.002087251768824
514.2,19.46369670757501
514.4,20.14586943639972
514.6,19.571387060365485
514.8,19.44054855897044
515.0,19.1881131441127
515.2,18.591708650782433
515.4,19.081846356238923
515.6,18.95961583240177
515.8,18.865261297790028
516.0,17.976110731895755
516.2,17.909596590854193
516.4,18.296878735756746
516.6,18.41385968352432
516.8,18.489234687126956
517.0,19.364331648916963
517.2,19.34829831735805
517.4,19.5373012667992
517.6,19.472922376766654
517.8,18.831964430369467
518.0,18.40466282096793
518.2,18.45186850835393
518.4,19.52049791031758
518.6,19.13759925383138
518.8,18.49584711461439
519.0,17.57942324608603
519.2,17.131568800209383
519.4,17.139709451213342
519.6,17.17633972506356
519.8,17.685319852790826
520.0,16.94308331889086
520.2,17.6162023078053
520.4,16.999329616547286
520.6,17.236538828179913
520.8,18.070595506288115
521.0,18.018290300188376
521.2,17.346993681069918
521.4,17.422955128654817
521.6,17.384293709542284
521.8,17.26361475700306
522.0,16.55337350759023
522.2,17.587410610755533
522.4,17.085737483941163
522.6,17.337073284767015
522.8,16.90053192977597
523.0,17.142280386509317
523.2,16.606087882828117
523.4,16.777411421941405
523.6,16.488504881974254
523.8,17.46902152266797
524.0,17.498607417575975
524.2,17.67666163037586
524.4,17.09247966518619
524.6,17.02438260699367
524.8,16.582396963494272
525.0,17.633002761078526
525.2,16.904307871187385
525.4,17.17424224447312
525.6,17.151988907010317
525.8,17.160487831113937
526.0,16.37350871154885
526.2,16.573394141503194
526.4,15.663670253350851
526.6,15.988738390151333
526.8,16.823835843044968
527.0,17.32386261443887
527.2,17.124884021310066
527.4,16.861643705626022
527.6,16.843597751470547
527.8,17.14209875720055
528.0,16.46041614428927
528.2,16.42940293000599
528.4,16.893944301436438
528.6,16.323972234391817
528.8,16.807212376200084
529.0,16.915879251505743
529.2,17.787950375635273
529.4,17.598144964932025
529.6,18.018464972276046
529.8,17.513365666959558
530.0,17.250379150202
530.2,16.396896333432313
530.4,16.338069612891918
530.6,16.683293511100565
530.8,17.163875026590127
531.0,17.566457876752025
531.2,17.389946815107116
531.4,17.13462658961211
531.6,17.731450039850063
531.8,16.61246474744732
532.0,17.059558785516295
532.2,17.164898719709637
532.4,16.63889958833552
532.6,17.05309793248185
532.8,17.498210192578053
533.0,17.16375660689267
533.2,17.230355319081582
533.4,15.949109049340235
533.6,16.6223756954766
533.8,17.84368942571661
534.0,17.731142924127802
534.2,18.14946453721274
534.4,18.3242073786261
534.6,17.743226563265296
534.8,17.58554823479279
535.0,17.908794265707733
535.2,17.835430629309926
535.4,17.832090827849715
535.6,18.335839550487595
535.8,17.723835750316837
536.0,17.60971319755149
536.2,18.752154025566675
536.4,18.106047384592532
536.6,18.32420638973773
536.8,18.325154434641874
537.0,18.817150191341632
537.2,18.514676911560827
537.4,18.537969252347256
537.6,17.86376796462588
537.8,17.43629460454824
538.0,17.0315367689943
538.2,18.145570727962504
538.4,17.62134101247796
538.6,17.6885085986004
538.8,17.507156605183397
539.0,17.333566011469973
539.2,17.122434227960714
539.4,17.48384062535012
539.6,17.118616427222932
539.8,15.918103092022367
540.0,16.747789851140734
540.2,17.490607756839797
540.4,17.36270686855914
540.6,16.90913754694963
540.8,17.41484916703346
541.0,17.414361306854524
541.2,16.83545019593047
541.4,16.64396396405733
541.6,16.347671433778746
541.8,17.2066635988867
542.0,16.95017972031356
542.2,16.912763261765914
542.4,17.543894955325698
542.6,17.28510639913575
542.8,17.45128024524793
543.0,17.623634419931506
543.2,17.6114076739296
543.4,17.799103443637122
543.6,17.354502935405222
543.8,17.934112832165116
544.0,17.651054161052954
544.2,18.27166724245116
544.4,17.725281300547838
544.6,17.95784654579428
544.8,17.86050886512662
545.0,18.079942315113225
545.2,17.985146480705566
545.4,17.96199658778717
545.6,17.987572596930914
545.8,17.95457613039901
546.0,17.965989624685
546.2,18.005361004794175
546.4,17.90373506842275
546.6,17.896251589559803
546.8,18.12710299943421
547.0,18.08640619080354
547.2,17.611929436509044
547.4,18.4852187724147
547.6,19.065593621673244
547.8,18.849404068963832
548.0,19.02859359995716
548.2,18.851722637051655
548.4,18.514448034706678
548.6,18.14531447198963
548.8,18.143638605373432
549.0,18.09199652176478
549.2,18.111776926694287
549.4,17.295600630403683
549.6,17.67834279926288
549.8,16.854997975066503
550.0,16.057065204950536
550.2,16.25075200358354
550.4,15.9506366991024
550.6,17.31105857074136
550.8,16.835450287513268
551.0,17.271958486558926
551.2,16.828663577249504
551.4,16.854949979544035
551.6,16.409703576729118
551.8,16.51148719310873
552.0,16.125711876391776
552.2,15.98303860828031
552.4,15.948970756957328
552.6,15.796795610925125
552.8,15.750634634135034
553.0,15.926853435188837
553.2,15.85680989462665
553.4,15.76350980401076
553.6,15.872039134549912
553.8,15.530313115146333
554.0,15.28483113458888
554.2,15.615445912716279
554.4,16.451978971887257
554.6,16.37352324689759
554.8,16.19191597169081
555.0,15.280809976106276
555.2,15.90880453686027
555.4,16.06711954336767
555.6,16.564107730812395
555.8,16.84574153361956
556.0,17.161704105297282
556.2,16.42677986323523
556.4,16.83560964377014
556.6,16.2298619531833
556.8,15.931643918061217
557.0,15.344089359135937
557.2,15.051469110472242
557.4,15.190962078758671
557.6,15.277622938731275
557.8,15.289822405038155
558.0,15.477869501595363
558.2,15.40020945250907
558.4,15.854500834654877
558.6,15.68675239383243
558.8,15.707505552108607
559.0,16.108591344097572
559.2,16.03903437907772
559.4,16.379871740528934
559.6,16.13520450421229
559.8,16.484590021832524
560.0,16.41923817331065
560.2,16.83017906094607
560.4,16.539380833939678
560.6,16.159612960537892
560.8,16.74329189206999
561.0,16.422113359874086
561.2,16.801616349508304
561.4,17.00963425024032
561.6,17.005306665871917
561.8,16.88553103124918
562.0,17.04171052152566
562.2,16.78803736772941
562.4,17.067856293530927
562.6,16.29330126705446
562.8,15.871281114653657
563.0,17.05508237743791
563.2,16.802954596472038
563.4,17.45685682444155
563.6,16.501205534486544
563.8,16.01999272432913
564.0,15.78801125041953
564.2,15.856184186600686
564.4,16.055663610062272
564.6,16.562936398075152
564.8,16.42812065210459
565.0,16.167401086280172
565.2,15.92003544231741
565.4,16.55975557535578
565.6,16.383125272305566
565.8,16.92632807696941
566.0,17.03059264651775
566.2,17.20473875179058
566.4,18.151113305037033
566.6,18.045398482242796
566.8,17.42507691167954
567.0,17.55184932897301
567.2,17.86315355224478
567.4,17.442146054378455
567.6,16.636303985588455
567.8,16.8189040847925
568.0,16.45256558661712
568.2,16.712195760895053
568.4,16.37122785992123
568.6,16.750572599784924
568.8,16.894685856801615
569.0,16.461357209007808
569.2,16.0534233780576
569.4,16.364678616503852
569.6,15.971350312816808
569.8,16.30371342694415
570.0,15.512424691298827
570.2,15.755751564759379
570.4,16.337712700858905
570.6,16.322922185935276
570.8,16.03719421621095
571.0,16.203745212622206
571.2,16.257600626986978
571.4,16.07901533894863
571.6,16.55384388835684
571.8,16.448402615222662
572.0,15.671061505973064
572.2,15.212248368654603
572.4,15.332613906384648
572.6,15.145436759557242
572.8,15.791725213762554
573.0,15.47357428198336
573.2,15.292568063642234
573.4,15.677618438343398
573.6,16.130113178568763
573.8,16.352985710333012
574.0,16.26507748452537
574.2,16.345126483476633
574.4,16.4551995564285
574.6,16.73319685106446
574.8,16.572637462557797
575.0,17.111632156719438
575.2,16.56210202545101
575.4,16.840794479490146
575.6,16.820986830198727
575.8,17.62049682251897
576.0,17.794471354075874
576.2,18.174298252797225
576.4,16.853396887090458
576.6,16.53528380222386
576.8,16.611676058868326
577.0,16.886009989257175
577.2,17.27827563028194
577.4,16.97315366304306
577.6,16.968266128156856
577.8,17.442705231229244
578.0,16.812777789318403
578.2,17.869794657127528
578.4,17.51987350183855
578.6,17.92666194856509
578.8,17.959720448808383
579.0,16.844068103021463
579.2,16.85741841839169
579.4,16.81882651184601
579.6,16.06352475350303
579.8,17.09932400549396
580.0,17.128649804583375
580.2,16.714445880697504
580.4,17.046067359857062
580.6,16.691233680643276
580.8,16.769995227286863
581.0,16.612117770108526
581.2,17.147748832615886
581.4,17.526128300647784
581.6,16.299003916394767
581.8,16.0863668883163
582.0,16.134171822136874
582.2,15.841055220093946
582.4,15.119315825211546
582.6,15.3435224221634
582.8,15.52230568775704
583.0,15.471566839855985
583.2,16.299170997681742
583.4,17.191961616381725
583.6,17.205296951489302
583.8,17.043778789595482
584.0,16.750288134576667
584.2,17.553679507741904
584.4,17.99909322567463
584.6,17.29717725478555
584.8,17.735399729319823
585.0,18.442608863705832
585.2,18.815894730060222
585.4,18.72027098007657
585.6,19.386980551897043
585.8,19.322913238194566
586.0,19.371830627090382
586.2,18.745582379952584
586.4,18.619372900779243
586.6,19.06602554117063
586.8,19.025648887219486
587.0,18.330725041993514
587.2,17.139558091979957
587.4,17.744422596786656
587.6,18.133100241146398
587.8,17.744208296587374
588.0,18.531437011121444
588.2,18.519359485835274
588.4,18.868039940820047
588.6,18.042944549331793
588.8,19.054521858532986
589.0,18.809480083586312
589.2,18.434237389434315
589.4,17.711940664510056
589.6,19.03356893580594
589.8,18.2780463947764
590.0,17.91540367551413
590.2,17.124805192679627
590.4,17.361698919557877
590.6,17.972908532562503
590.8,17.776446260059565
591.0,17.996359690757885
591.2,17.786227725974687
591.4,18.047539218783
591.6,17.348135742793275
591.8,18.1218641288701
592.0,17.88036694322674
592.2,17.910351488734115
592.4,17.447940588575747
592.6,17.71284111187544
592.8,17.95566576737219
593.0,17.93294236349086
593.2,18.041481567995348
593.4,18.12430413971223
593.6,17.895763646290522
593.8,18.353487689637493
594.0,18.8484754532562
594.2,18.80356929632188
594.4,18.38199957594047
594.6,17.84414940645957
594.8,17.831942520267027
595.0,18.390596301011655
595.2,18.43094113826693
595.4,17.644655187563004
595.6,17.279287060051256
595.8,17.61874107177694
596.0,17.611475489683738
596.2,17.895737709569584
596.4,17.785942034793308
596.6,17.612102054538116
596.8,17.35929759529388
597.0,17.638161914922435
597.2,18.351750718647374
597.4,18.522829760714984
597.6,18.117668828138555
597.8,17.634942879859267
598.0,18.38651135055879
598.2,18.304024561158915
598.4,18.858984302568103
598.6,18.63554241706545
598.8,18.926917142267236
599.0,19.099285817621915
599.2,18.811390576144465
599.4,18.246680943537747
599.6,17.556073158930193
599.8,17.536467950760603
600.0,16.92498544328979
600.2,17.073790623743545
600.4,16.739436846937462
600.6,16.77518978929901
600.8,17.310261904726225
601.0,16.705306597426983
601.2,16.765467776027258
601.4,17.814450762762128
601.6,16.991311720084465
601.8,17.64475958254839
602.0,18.451875619948588
602.2,18.235364064962216
602.4,18.531297569772928
602.6,18.02097043426342
602.8,18.853521606590704
603.0,19.171676758643446
603.2,19.12158261680676
603.4,19.587787264387803
603.6,18.30553849960579
603.8,18.35976689615368
604.0,17.529373690666144
604.2,18.2459674631518
604.4,18.138760567293875
604.6,18.650216535589806
604.8,18.42067973546009
605.0,18.223961565369713
605.2,18.09529007488356
605.4,18.297019052074862
605.6,18.159879063035326
605.8,18.372671499312258
606.0,18.175584373513093
606.2,18.587425157485914
606.4,18.282230325575284
606.6,17.195454554520143
606.8,16.857461255289813
607.0,17.261018517424475
607.2,17.300024358540217
607.4,17.505489909574102
607.6,17.28609364620712
607.8,17.277529522968543
608.0,17.5069737339832
608.2,17.62015205514084
608.4,18.21349805255526
608.6,18.195860037010846
608.8,17.891417244674134
609.0,17.650837273686214
609.2,16.784880973377906
609.4,17.369177832238616
609.6,17.923617902600157
609.8,17.254613752100155
610.0,16.64626945681819
610.2,16.773732333590726
610.4,16.443744685014224
610.6,18.17156273566869
610.8,18.08273316242555
611.0,17.524677048972595
611.2,17.744587686664577
611.4,17.436582809369725
611.6,17.182210350730614
611.8,16.784732815275017
612.0,16.47086498165593
612.2,16.317485953212284
612.4,16.516004484756856
612.6,16.98844467707985
612.8,16.944907469727966
613.0,16.508917575173673
613.2,16.550638485420173
613.4,16.57900714345857
613.6,16.735215544008668
613.8,17.133467359174496
614.0,16.565736732875905
614.2,16.10392449461996
614.4,15.692399579315389
614.6,16.117473872638037
614.8,16.095750484440366
615.0,15.910266756708955
615.2,16.33007340586977
615.4,17.007482878967426
615.6,16.86568102993439
615.8,18.476998546905627
616.0,17.443390892224137
616.2,17.7510847798184
616.4,18.022755400816152
616.6,17.722184447499878
616.8,17.484549715273054
617.0,17.800932861028212
617.2,17.962984611243986
617.4,17.92557181809862
617.6,17.415715493316913
617.8,17.548441300836927
618.0,17.74741658774756
618.2,17.572224461024394
618.4,18.268324008301896
618.6,17.828749030587424
618.8,17.977951781150196
619.0,17.440461438301273
619.2,17.72793094129028
619.4,17.96234033141445
619.6,17.521077367445702
619.8,17.517574076531172
620.0,18.519978587870447
620.2,18.511924467424315
620.4,18.69267186855913
620.6,17.964111961512817
620.8,17.87321208609973
621.0,18.263956028866446
621.2,19.109389166379877
621.4,18.941912958546347
621.6,18.609820797174
621.8,19.050877301384403
622.0,18.96003483014912
622.2,18.12731990789532
622.4,17.95831388128131
622.6,18.988144121132184
622.8,19.46861800000256
623.0,19.899683810208142
623.2,19.911862568944755
623.4,19.62898352779495
623.6,20.48775900116485
623.8,19.916746085925954
624.0,19.799981336669102
624.2,19.61049751452718
624.4,19.41339755140343
624.6,18.771083289406253
624.8,18.966261322153535
625.0,19.955767104457088
625.2,19.262502477576835
625.4,17.591002629043153
625.6,18.901691300922398
625.8,18.462410156921592
626.0,18.79134278880845
626.2,18.78780869687358
626.4,19.150321154925777
626.6,19.13104080912156
626.8,19.465931868499016
627.0,20.006605464455504
627.2,20.15751327832689
627.4,20.012210499246244
627.6,20.358223638001892
627.8,20.473439073477294
628.0,19.70258569047442
628.2,19.35298960083753
628.4,20.247546350861686
628.6,19.742482612873086
628.8,19.79904275430296
629.0,21.032730493149852
629.2,19.943862578765923
629.4,19.430272967000725
629.6,20.55649879648631
629.8,20.526735097809706
630.0,20.253148453160552
630.2,20.234228999702424
630.4,19.39885678830954
630.6,19.43271158055393
630.8,20.084298058798492
631.0,20.568808090159227
631.2,19.32745080044964
631.4,18.88422842285452
631.6,19.17970336600489
631.8,19.010950822380654
632.0,19.37593264470255
632.2,19.235843607031963
632.4,18.01857963549723
632.6,18.87653321948384
632.8,18.874378636463966
633.0,19.214512271754856
633.2,19.52799513096072
633.4,19.279137793052975
633.6,18.607379069525248
633.8,18.84159253997063
634.0,19.310532405905366
634.2,19.388128933700845
634.4,19.59080453443855
634.6,19.572635044673472
634.8,20.545200104133457
635.0,19.466385741028095
635.2,19.377940111727632
635.4,19.177397216224854
635.6,19.17197655133334
635.8,19.19844124901284
636.0,19.84021334152868
636.2,19.44020650596357
636.4,20.213019937922017
636.6,19.6320357385424
636.8,19.795348970522827
637.0,18.856763504907303
637.2,19.19966714567273
637.4,19.157901080224107
637.6,19.10137249470199
637.8,18.995025359942645
638.0,19.550991894657567
638.2,19.88819000533915
638.4,20.60673065285309
638.6,20.1759184683902
638.8,20.631483260956593
639.0,20.53874296905481
639.2,21.144282860265488
639.4,20.860334322489358
639.6,20.69272106581135
639.8,21.603690460298864
640.0,20.60896566280489
640.2,20.21328909647414
640.4,21.040571623077398
640.6,21.43689072910656
640.8,21.438443819210985
641.0,20.83044196661887
641.2,20.048153369927558
641.4,19.163702871755955
641.6,20.180057607298387
641.8,20.34133937570447
642.0,20.95691813901528
642.2,22.04586107021932
642.4,21.31322270926438
642.6,21.77883474825084
642.8,21.614092467020217
643.0,21.048087711449682
643.2,21.359829839219966
643.4,20.8094941668978
643.6,20.8631768690798
643.8,21.3492430546723
644.0,22.323730385964275
644.2,21.767237760033304
644.4,21.86005171430956
644.6,21.737788509469375
644.8,22.122558288766406
645.0,21.05013585792769
645.2,21.440976785994422
645.4,20.904886721396384
645.6,20.916353419846814
645.8,20.36962174229279
646.0,21.36062718867568
646.2,21.05901326596975
646.4,21.094143325706987
646.6,20.777405612066737
646.8,21.083718519038136
647.0,21.42221848243632
647.2,21.111814166625503
647.4,20.033576043864862
647.6,20.463459549221987
647.8,20.33850749002664
648.0,20.17372336945983
648.2,20.171509184618863
648.4,21.391099573884702
648.6,21.268091838530914
648.8,22.137515639206264
649.0,22.64380501045259
649.2,21.484949674831974
649.4,21.96012117478771
649.6,22.568729254462944
649.8,21.641604818480097
650.0,23.00838786069751
650.2,21.67112699960883
650.4,21.342343699211096
650.6,20.99336660979322
650.8,21.655000646286332
651.0,22.81311519124007
651.2,22.042187994767556
651.4,22.091836179716793
651.6,20.867959039496725
651.8,21.924128743708827
652.0,21.96270376005049
652.2,21.699517824049952
652.4,20.58615887973943
652.6,19.770131751788057
652.8,21.318045860945425
653.0,21.11395263991308
653.2,20.913705520413583
653.4,20.252316485175207
653.6,18.872620819960012
653.8,20.078537111391533
654.0,19.89525933174939
654.2,20.213773271987602
654.4,20.224619994935544
654.6,20.87308002416905
654.8,21.42865190052766
655.0,22.081355231683087
655.2,21.124885917608367
655.4,20.020780574097525
655.6,20.14764206885712
655.8,20.38125630583359
656.0,20.00165959121661
656.2,20.906931061161306
656.4,20.289383025246174
656.6,19.784277968624085
656.8,19.492726212354647
657.0,20.603363322452385
657.2,21.063421144291166
657.4,21.25256572385561
657.6,20.929048373911044
657.8,21.244557406040798
658.0,20.643035345073436
658.2,18.25128441382414
658.4,18.500777148462678
658.6,19.485563832121354
658.8,19.37139523510286
659.0,19.278089233185682
659.2,19.452456409625686
659.4,19.234777377840942
659.6,18.59462215942775
659.8,20.427383072802883
660.0,19.22311111578178
660.2,18.824531987763898
660.4,18.834856988896398
660.6,19.801034260279856
660.8,21.05041948261249
661.0,20.848920214058047
661.2,20.763218704287112
661.4,20.951882002280954
661.6,20.468924875756755
661.8,21.219557335294482
662.0,20.381522432012062
662.2,20.976926029606155
662.4,21.598501096476802
662.6,21.797989519847786
662.8,21.716926309034324
663.0,22.457608016148075
663.2,21.37787362369888
663.4,21.59461681189019
663.6,22.381026899217492
663.8,21.975699617474707
664.0,21.737901052615115
664.2,22.09261800194401
664.4,20.85311112762758
664.6,20.850524000583132
664.8,20.72619183293021
665.0,19.681936412622616
665.2,20.39413504730514
665.4,19.31219190776997
665.6,19.397652219885863
665.8,19.889123971705192
666.0,19.49135870163367
666.2,19.114602986025375
666.4,19.533926754888128
666.6,19.181781517450617
666.8,19.65270377475042
667.0,19.546868579583638
667.2,18.934615645666014
667.4,18.72338920236683
667.6,19.19594150249103
667.8,19.732704018517598
668.0,19.63079692669172
668.2,19.69312031671096
668.4,19.34048695182273
668.6,21.456232982200667
668.8,19.929868709803046
669.0,19.667060171931706
669.2,19.741834004320644
669.4,19.656622745609397
669.6,19.50804639775807
669.8,20.108936304212538
670.0,20.293331154617825
670.2,20.018151356982
670.4,19.311756625017736
670.6,19.09974944765461
670.8,19.46434076001968
671.0,19.758007911338105
671.2,19.83782590882951
671.4,19.390000210513257
671.6,20.433554046171096
671.8,21.685810204524785
672.0,21.71576534210559
672.2,21.947130353773446
672.4,22.593573608226542
672.6,21.819422898426172
672.8,22.330061649263108
673.0,22.54471089754446
673.2,21.94216680201989
673.4,22.42691495164906
673.6,22.58572474207434
673.8,22.67819886737573
674.0,22.76417156829369
674.2,22.72793166772605
674.4,22.216584295586813
674.6,22.68939449780881
674.8,23.172381668240178
675.0,22.317238927924485
675.2,23.00130100506587
675.4,22.795387593212283
675.6,22.365625149346137
675.8,21.660109702782705
676.0,22.01181255760266
676.2,22.210783468326838
676.4,21.323230214495965
676.6,20.908010148311877
676.8,19.887461699274137
677.0,20.20622424595689
677.2,20.130531842986912
677.4,20.602491174217263
677.6,19.40051483543124
677.8,20.146606383137243
678.0,20.00417088020435
678.2,20.42159789980086
678.4,19.96100988603113
678.6,21.013025289592417
678.8,21.361235399181847
679.0,20.83609345054839
679.2,21.527792134575805
679.4,21.358118442638684
679.6,21.363952287717932
679.8,20.42911087473101
680.0,20.4366903351155
680.2,20.872390997949726
680.4,20.132606112832498
680.6,20.380836384458156
680.8,21.406674862600322
681.0,20.403412434757186
681.2,21.010560720086005
681.4,21.86808615728222
681.6,22.11193813777637
681.8,20.831370033253375
682.0,20.858401689666458
682.2,20.54378793584757
682.4,19.10240564917143
682.6,19.555610736926646
682.8,20.616505928557704
683.0,18.938880723288392
683.2,19.635259001635763
683.4,21.05244078619926
683.6,19.91752505737802
683.8,19.6518298398542
684.0,19.723497511643675
684.2,19.53515574416956
684.4,19.80200830678283
684.6,20.065262458282348
684.8,20.227410579153563
685.0,20.033698259615065
685.2,20.94140220396757
685.4,21.523599936977757
685.6,20.540279933750885
685.8,21.381658724192206
686.0,21.34763340279262
686.2,22.223067834901972
686.4,21.533192635170565
686.6,21.03718209501167
686.8,20.860846716179914
687.0,20.103983980383266
687.2,19.694016967932413
687.4,19.403765936310652
687.6,20.135082526409022
687.8,19.336028133560013
688.0,20.140544291183417
688.2,20.09235786494815
688.4,20.07019990726089
688.6,20.672959516061226
688.8,21.23567510673056
689.0,22.424400085989056
689.2,20.989858633304795
689.4,21.952730090269206
689.6,21.967018135277808
689.8,21.392284709207843
690.0,22.78178258181832
690.2,22.441106381882562
690.4,22.76479863046959
690.6,21.924454150977528
690.8,22.358478264000308
691.0,21.664658828675112
691.2,22.125887315721798
691.4,22.140665550532013
691.6,21.712365166849633
691.8,21.95702749889005
692.0,21.49518852010989
692.2,21.18508280308671
692.4,20.848135178639893
692.6,20.5357829423978
692.8,20.39323380452288
693.0,20.257243520027643
693.2,19.666558130230122
693.4,19.18845564066887
693.6,18.65130020472106
693.8,19.16778900938765
694.0,19.7207018231716
694.2,19.28723284411637
694.4,20.944542041912015
694.6,21.42498159744328
694.8,20.882961512942014
695.0,20.69523787359178
695.2,20.005414886311662
695.4,19.444811056597125
695.6,19.654647546900893
695.8,19.783505253620074
696.0,19.78355162782889
696.2,19.874541241725904
696.4,20.61778489976138
696.6,19.736901099213508
696.8,20.607395622899254
697.0,19.96889355595819
697.2,20.37964459560549
697.4,20.621415723214803
697.6,19.49725400739185
697.8,18.342775867281766
698.0,19.34473683323282
698.2,20.346292660673058
698.4,19.100106159987476
698.6,19.416247589989148
698.8,20.56743300915342
699.0,19.86584194991177
699.2,19.537540020342536
699.4,19.47728282948929
699.6,19.81520164819352
699.8,19.269799634203125
700.0,18.986257255284883
700.2,19.000569456354597
700.4,19.284846473034285
700.6,19.579392168599984
700.8,20.278976968649065
701.0,19.810922751387952
701.2,19.973585844616476
701.4,19.45727396278683
701.6,19.56574694668092
701.8,19.79614421154567
702.0,18.450468086990405
702.2,18.449118912268325
702.4,18.838315130792417
702.6,19.040016611356045
702.8,19.21148069760966
703.0,19.542911648233094
703.2,20.14655554185775
703.4,20.091648806672207
703.6,20.138479426304905
703.8,20.342287159907812
704.0,20.186393590364652
704.2,19.776388888524764
704.4,19.349280801191885
704.6,19.262954346776233
704.8,20.002052232568705
705.0,20.65931458379566
705.2,19.024526317701252
705.4,19.60476472095605
705.6,19.588424505247566
705.8,19.518973121649054
706.0,20.363351253022223
706.2,19.460605440468424
706.4,19.040018075553338
706.6,17.957264650032965
706.8,18.77171927837654
707.0,18.252969835623176
707.2,18.1492446401677
707.4,17.197081206488672
707.6,16.99655581008145
707.8,17.90167698171401
708.0,17.99218533870882
708.2,17.82998427789549
708.4,17.69255381472624
708.6,17.280240940526387
708.8,17.850962157945467
709.0,17.493209506681254
709.2,17.04319841648551
709.4,17.249649231182666
709.6,16.596495164402917
709.8,17.52715950423203
710.0,17.310277436275282
710.2,18.098867712541097
710.4,17.59079358975772
710.6,18.01125756415004
710.8,17.93903403046968
711.0,17.786550539302482
711.2,17.521643131658703
711.4,18.028284181052644
711.6,18.105163034600263
711.8,18.309974957936845
712.0,18.48923136098469
712.2,19.088244703809355
712.4,18.439506879110986
712.6,18.691637302044768
712.8,18.458645876696423
713.0,17.972987724520383
713.2,17.639039909900298
713.4,18.068367305425063
713.6,17.15860604105703
713.8,17.53466175998027
714.0,18.606620662605195
714.2,17.610502088952696
714.4,17.514382001536333
714.6,18.319987519174386
714.8,17.818408898649857
715.0,17.473309977241605
715.2,16.54616657832891
715.4,16.725180879914795
715.6,16.361094900552445
715.8,16.242680736502077
716.0,16.740916660786564
716.2,16.446070666754515
716.4,16.886701098962806
716.6,16.579037801258526
716.8,16.563265239499987
717.0,16.939894791340727
717.2,16.295427469325006
717.4,16.360284296062567
717.6,16.44365513331962
717.8,16.349569877929955
718.0,15.99341940378536
718.2,16.309417425996237
718.4,16.630796715054238
718.6,16.701934878556983
718.8,16.781296828625777
719.0,17.331543394391463
719.2,17.64741338683239
719.4,17.816496469785832
719.6,18.413847477137356
719.8,19.286105797602644
720.0,19.545563939174208
720.2,18.99633886227685
720.4,19.693181748438164
720.6,19.74847124951019
720.8,19.90540556055262
721.0,20.656464534680445
721.2,20.83526748816924
721.4,20.17225638541657
721.6,19.445544121877425
721.8,19.898629540544363
722.0,20.865401870413255
722.2,21.22754635474651
722.4,20.1862627755047
722.6,19.468434526359573
722.8,19.39039586175935
723.0,19.22979248964136
723.2,18.02823170314323
723.4,18.13133217294705
723.6,18.883480135796898
723.8,18.392441748641254
724.0,18.016378868491845
724.2,18.916934431830953
724.4,18.39862205188773
724.6,18.95463822561153
724.8,18.469065532448077
725.0,19.066359120682066
725.2,18.896957760627668
725.4,18.731659051189848
725.6,18.015783694613855
725.8,18.231395408181637
726.0,18.60743762042399
726.2,18.15445979455557
726.4,17.274611525790952
726.6,16.84935411841202
726.8,16.865201256682866
727.0,17.20358995372401
727.2,18.371182552168822
727.4,17.655049248674228
727.6,18.204430141382822
727.8,18.350947110794994
728.0,18.22177689626387
728.2,18.364816859424316
728.4,17.959248119458245
728.6,18.698300064309812
728.8,19.239643428003525
729.0,20.16593132516816
729.2,19.840272072564765
729.4,20.253234606900673
729.6,20.592989151963828
729.8,21.01983501367494
730.0,20.452677437547237
730.2,20.44299191996818
730.4,20.502745996184206
730.6,20.766790816470454
730.8,20.253659495232053
731.0,19.70654047913588
731.2,20.20347633339088
731.4,20.51816879496419
731.6,19.977955495580723
731.8,19.88958166669025
732.0,19.06703424635195
732.2,19.878555591727856
732.4,19.72255560954826
732.6,20.465324514916183
732.8,20.49710418632297
733.0,20.71391855259222
733.2,21.433422647915954
733.4,20.75155134924033
733.6,20.892570220848874
733.8,20.791741744833907
734.0,21.034368269909297
734.2,22.115106871884972
734.4,22.015616871911483
734.6,21.91653478161925
734.8,21.289186747355565
735.0,21.075601028697776
735.2,20.384060132566574
735.4,21.09189128846132
735.6,21.036820869439985
735.8,21.216363336863502
736.0,20.785036351055574
736.2,20.569207447557037
736.4,20.572200366400267
736.6,20.34053971295795
736.8,20.526052767363367
737.0,20.740841655588696
737.2,21.388939714633487
737.4,20.809354201636047
737.6,20.75864497635589
737.8,19.277748497847714
738.0,18.85670331028693
738.2,18.898844263285085
738.4,18.568444659059203
738.6,18.252019023271288
738.8,18.60969087190299
739.0,18.075796112830304
739.2,18.32708841117354
739.4,18.065108666100834
739.6,17.972194492147953
739.8,18.510171054060866
740.0,18.062771177286937
740.2,17.386684846724464
740.4,17.750436665507003
740.6,17.912045294771623
740.8,17.520509557541676
741.0,17.3296516643151
741.2,17.239510481524555
741.4,17.187026946008295
741.6,16.9512159834678
741.8,17.619904003632772
742.0,17.732705914688964
742.2,17.26399567525881
742.4,17.44461964721298
742.6,17.35127220792844
742.8,17.660527606114123
743.0,17.404190465704552
743.2,17.553345154985895
743.4,17.57441412199982
743.6,17.721068637899258
743.8,17.642805006143288
744.0,17.07884370038971
744.2,17.170400241211087
744.4,16.93868669648564
744.6,16.89512406199421
744.8,16.672536804946844
745.0,17.351885033322883
745.2,17.02300625889127
745.4,16.945419605801387
745.6,16.8712310746341
745.8,16.609024709513672
746.0,16.725389627880634
746.2,17.186093062595116
746.4,16.939455753245344
746.6,17.291066528233443
746.8,16.837928169737054
747.0,17.28480299496547
747.2,16.972560707305753
747.4,16.52727982306991
747.6,16.987699822371965
747.8,16.71620588756404
748.0,16.742338775780738
748.2,16.404031000387555
748.4,16.944860555653243
748.6,16.687134930697294
748.8,16.690821125050704
749.0,17.146869309423156
749.2,16.658772204670214
749.4,16.510927504716115
749.6,16.325033620442035
749.8,16.465974487573664
750.0,16.368166669827897
750.2,16.35530048273178
750.4,16.28549293863092
750.6,16.564571981602032
750.8,16.818668939100178
751.0,16.96709041560461
751.2,17.058552397802405
751.4,17.27820266351682
751.6,16.890460907969423
751.8,17.339619738307942
752.0,16.58815065662724
752.2,16.311480895627128
752.4,16.208594388523473
752.6,16.054054643422248
752.8,16.20754171920219
753.0,15.959491106423162
753.2,16.118684599188274
753.4,16.08031154707787
753.6,15.781543103009133
753.8,15.892317458615022
754.0,15.64779504725147
754.2,15.769363805912757
754.4,16.01223949910861
754.6,15.874665777102383
754.8,15.999781586030416
755.0,15.640035201328118
755.2,15.963875946914577
755.4,15.757313568988337
755.6,15.620275287637124
755.8,15.39663902196796
756.0,15.44968992327253
756.2,15.252601157986525
756.4,15.332053915978715
756.6,15.046109811008787
756.8,15.141551944564322
757.0,15.397335828493999
757.2,15.31031022499642
757.4,15.557193280704109
757.6,15.386789849126913
757.8,15.351222927326418
758.0,15.27944124491861
758.2,15.038555221008545
758.4,15.359893264133769
758.6,15.398922489898396
758.8,15.316858893397967
759.0,15.169888383693582
759.2,15.402782279992493
759.4,15.0203899699381
759.6,15.032323219748942
759.8,15.33257397110738
760.0,15.405883083414874
760.2,15.379893823306416
760.4,15.72956098992387
760.6,15.743356031698891
760.8,15.29169897743947
761.0,15.943684046773834
761.2,15.54814972974128
761.4,15.547779851578946
761.6,15.652555190494423
761.8,15.650606049096197
762.0,15.579955956782792
762.2,15.85681473653995
762.4,15.566330326681271
762.6,15.945834500988079
762.8,15.793761920856879
763.0,15.699418165135285
763.2,15.540347878156112
763.4,15.793039904338524
763.6,15.502426936025135
763.8,15.554252842685942
764.0,15.775170709950451
764.2,15.513049465514534
764.4,15.615405813763344
764.6,15.363738272147263
764.8,15.655657836584
765.0,15.583162131029498
765.2,15.53938034540056
765.4,15.91534505498342
765.6,15.333575017720612
765.8,15.468456191797216
766.0,15.50935808467688
766.2,15.331621539742592
766.4,15.854960928583882
766.6,15.710528452737956
766.8,15.754209162613513
767.0,15.571857472777015
767.2,15.934946283037956
767.4,16.166663464853908
767.6,15.952225769141396
767.8,16.24346652102774
768.0,16.18400440333998
768.2,15.438683362649112
768.4,15.732935603074472
768.6,15.935364286441526
768.8,15.809352097834076
769.0,15.63510501977865
769.2,15.796990180936355
769.4,15.33304960761691
769.6,15.112426772021726
769.8,15.486559625801178
770.0,15.55469791604176
770.2,15.793233615984338
770.4,15.89312775661037
770.6,15.70881785942834
770.8,15.473736088161923
771.0,15.436146857502589
771.2,15.332766551198599
771.4,15.94451744997643
771.6,15.405296380356845
771.8,15.428434643461824
772.0,15.447588311966122
772.2,15.783321561892642
772.4,16.314475578053585
772.6,15.845422333978457
772.8,15.88139770463664
773.0,16.556297156896036
773.2,16.488825333032747
773.4,16.403634157855794
773.6,16.53598333506014
773.8,15.964058036225017
774.0,15.63080249564262
774.2,15.965444250532752
774.4,15.951428503668748
774.6,15.816579820219307
774.8,15.711157251857642
775.0,16.090314602067398
775.2,15.594092849017256
775.4,16.00734883883924
775.6,16.121755848765666
775.8,15.791728573512835
776.0,15.943844420919731
776.2,15.753804970226486
776.4,15.550003657235278
776.6,15.478555088072293
776.8,15.173113685842164
777.0,16.019803540043508
777.2,15.424878928878469
777.4,15.409722315048029
777.6,15.27263539368934
777.8,15.580605350535174
778.0,15.354150814722857
778.2,15.226460460471232
778.4,15.495867119875172
778.6,15.243411854512217
778.8,15.416993746774638
779.0,14.933774988611052
779.2,14.930777571501261
779.4,15.071696540967816
779.6,15.105436081510675
779.8,15.167588852605618
780.0,14.72416904526215
780.2,15.275198236063423
780.4,15.103102035602099
780.6,14.916173859753034
780.8,14.969510668142089
781.0,14.95142830599315
781.2,15.149267395292338
781.4,15.216341969464228
781.6,14.987455057580013
781.8,14.884557833410167
782.0,14.82096216621885
782.2,15.365675360587527
782.4,15.157213639092706
782.6,15.187589086033892
782.8,15.246749992666935
783.0,15.049535216334531
783.2,15.639390400631468
783.4,15.432564268213797
783.6,15.560497259812735
783.8,15.177627666684437
784.0,15.405826043736209
784.2,15.40897016077256
784.4,15.38877071214477
784.6,15.38084633081343
784.8,15.233040232886086
785.0,15.972092308043472
785.2,15.8979032440858
785.4,15.885562699160449
785.6,16.271483800162788
785.8,16.774070929001667
786.0,16.850962672425133
786.2,17.294752942103194
786.4,17.030112798902085
786.6,16.582865723051402
786.8,16.97305761620562
787.0,17.30068195773754
787.2,16.690384315559648
787.4,16.37152707784462
787.6,16.930880017089024
787.8,17.303130974523132
788.0,16.957847929256612
788.2,16.2033353784395
788.4,16.33112610536977
788.6,16.16417355165032
788.8,16.097696030594822
789.0,16.181906669119115
789.2,16.078101689337466
789.4,16.326624041633107
789.6,16.550611447114044
789.8,16.669987438908322
790.0,16.550892867024423
790.2,16.829891957504046
790.4,16.411863719309913
790.6,16.135738071796425
790.8,16.169512264159117
791.0,16.828294667625293
791.2,16.739978962861645
791.4,16.933787179075882
791.6,17.343450341303868
791.8,17.009602032523244
792.0,17.35972109498726
792.2,16.90873078531348
792.4,17.469023519947868
792.6,17.31876398124854
792.8,17.17371115509138
793.0,17.309738494011025
793.2,17.220436104894002
793.4,17.071336893216507
793.6,17.42720674475923
793.8,17.808790397786936
794.0,17.716262346098212
794.2,17.82126837006533
794.4,17.375679277032397
794.6,17.01335729533374
794.8,16.867349555957077
795.0,16.44968483626981
795.2,16.876678438093546
795.4,16.546161147123307
795.6,16.787359678739726
795.8,16.766150154687423
796.0,17.31425921929103
796.2,17.503335877110406
796.4,17.770422115173467
796.6,16.824282506982374
796.8,17.124601212044258
797.0,16.526986865350462
797.2,16.067823620923168
797.4,15.858426553002975
797.6,15.96323741832766
797.8,16.078146337982965
798.0,16.411506579142085
798.2,17.03608343314272
798.4,16.84522363683343
798.6,16.05978483565221
798.8,16.29711150941319
799.0,16.464851698083244
799.2,16.67666519165229
799.4,16.086750918037083
799.6,16.320901886540796
799.8,16.425354751175846
800.0,17.20202184116396
800.2,15.79014793383276
800.4,16.10216779941869
800.6,16.382906564683456
800.8,16.592435788945835
801.0,16.67650945423722
801.2,16.969702720775594
801.4,17.388626885522193
801.6,16.885752271578582
801.8,16.288242122248118
802.0,16.864812201865853
802.2,16.573064375026313
802.4,15.913506338491082
802.6,15.887426861916003
802.8,16.065455721786964
803.0,15.70324749459006
803.2,15.621105310584035
803.4,15.776791745409106
803.6,16.388833960177067
803.8,16.27852679216595
804.0,15.834229725751888
804.2,16.93044307402331
804.4,16.69770551830345
804.6,16.697111278032107
804.8,16.74919922412696
805.0,16.48998392868897
805.2,16.771206347851507
805.4,16.575960122053928
805.6,16.824768513935137
805.8,16.922882953678517
806.0,16.03600605801406
806.2,16.082946804879576
806.4,16.654391651264948
806.6,16.817375924937846
806.8,16.81913728418727
807.0,16.512194698177506
807.2,16.922465431844014
807.4,16.345658555109935
807.6,17.04077388251919
807.8,16.68426363088046
808.0,16.812717197357735
808.2,16.03511461914907
808.4,17.335845555787174
808.6,16.448261393878333
808.8,15.737344561646207
809.0,15.588902343457642
809.2,16.19304208815444
809.4,16.380010143307246
809.6,16.164309297501482
809.8,15.868786343781395
810.0,16.05903468124082
810.2,15.922858959508964
810.4,15.368215106966757
810.6,15.345993035868998
810.8,15.271887610193325
811.0,16.104120404392145
811.2,16.48581480353603
811.4,15.680930892877791
811.6,15.169891504001654
811.8,15.437704509006863
812.0,16.10086285043857
812.2,15.376374361166432
812.4,15.634678554699855
812.6,15.780373131611809
812.8,15.776808291032138
813.0,16.020663775775322
813.2,16.11912400606474
813.4,15.69802038081275
813.6,15.656838727999583
813.8,15.782757733051422
814.0,16.01738280690368
814.2,15.993597021944428
814.4,16.65029500058051
814.6,16.771198837756643
814.8,16.45989379010454
815.0,16.771937483259723
815.2,15.929664519849142
815.4,15.513862785793165
815.6,15.71729215410058
815.8,15.541280081743203
816.0,16.12763744168663
816.2,15.996661398453288
816.4,15.951383201699818
816.6,15.734233993569276
816.8,15.706600491318758
817.0,16.044221244345177
817.2,16.30240506811139
817.4,16.160146962901994
817.6,15.762879647283011
817.8,15.732600951272195
818.0,15.923547648666506
818.2,15.554413038635124
818.4,15.409581191058486
818.6,15.282017207031611
818.8,15.189814330574446
819.0,15.128726835609926
819.2,15.16505357278045
819.4,14.40473807139622
819.6,14.759463320168463
819.8,15.021116343175002
820.0,14.925048712469234
820.2,14.6627960709386
820.4,14.999698058185336
820.6,15.183478547001926
820.8,15.584626115216933
821.0,15.653601408483095
821.2,15.656947784547429
821.4,15.666284736523835
821.6,15.49202442252562
821.8,15.527892733616753
822.0,15.600631686250434
822.2,15.772162200639318
822.4,15.762808754032251
822.6,15.638896970255399
822.8,15.322013206544025
823.0,14.71731776475975
823.2,14.870463865770612
823.4,15.155835275994207
823.6,14.926451762696916
823.8,15.06425777251103
824.0,15.568709862586479
824.2,15.432482553879359
824.4,15.252186925293119
824.6,15.43207887490533
824.8,15.131601396141026
825.0,15.07299778447171
825.2,14.768872710905892
825.4,15.46614519877981
825.6,15.03846536546188
825.8,14.933069325370695
826.0,15.14233556040514
826.2,14.655488745224861
826.4,14.760306386448176
826.6,14.835623698410082
826.8,14.69602612370002
827.0,14.568277239055583
827.2,14.61317404330049
827.4,14.486479105695686
827.6,14.61350129284667
827.8,14.441861531521758
828.0,14.822660962500354
828.2,14.584437899840221
828.4,14.529211060080137
828.6,14.400617983747619
828.8,14.251723962846714
829.0,14.464793244790414
829.2,14.460697335590787
829.4,14.480434319556485
829.6,14.691485455692167
829.8,14.441805726061096
830.0,14.731608341124751
830.2,14.562959058596771
830.4,14.724439745665418
830.6,14.876381396573157
830.8,14.65064517720087
831.0,14.742912377933557
831.2,14.75220581831217
831.4,14.984255472330101
831.6,14.850451646669995
831.8,14.539058833801384
832.0,14.637129571630677
832.2,14.971675492275898
832.4,14.604250132593899
832.6,14.638391017200385
832.8,15.059716170862155
833.0,14.767627852836519
833.2,14.717587895455097
833.4,14.842510153140374
833.6,14.404131974936618
833.8,14.471775800606776
834.0,14.002639269039678
834.2,14.084624719774673
834.4,14.195849923207396
834.6,14.244737541905764
834.8,14.313106309224219
835.0,14.380109912282064
835.2,14.614274521878816
835.4,14.394162748523446
835.6,14.342986947355087
835.8,14.56529285891466
836.0,14.598061570673238
836.2,14.664724286958092
836.4,14.511941208335148
836.6,14.638624140787876
836.8,14.43298990433413
837.0,14.574260078792804
837.2,14.376204277159294
837.4,14.739580725407244
837.6,14.352508929759125
837.8,14.63896060189186
838.0,14.342155762789805
838.2,14.452912181429225
838.4,14.21719197150824
838.6,14.590403020033158
838.8,14.58605165119669
839.0,14.419643402179451
839.2,14.1451009682081
839.4,14.284822244403703
839.6,14.404004569513898
839.8,14.52434934181034
840.0,14.350008645099875
840.2,14.999867759318457
840.4,14.642250909749066
840.6,14.700581590009026
840.8,14.577162657029985
841.0,14.864184161437963
841.2,15.645862030847411
841.4,15.26440748726043
841.6,15.244594416629397
841.8,15.71585953790988
842.0,14.841829933036221
842.2,14.588399918430321
842.4,14.721342595663815
842.6,14.289359539539712
842.8,14.292536889162967
843.0,14.434937276176747
843.2,14.50039604932986
843.4,14.537524505351932
843.6,14.591012717197156
843.8,14.431214193046698
844.0,14.410488563371969
844.2,14.121478026066058
844.4,14.10970229757936
844.6,14.194750951342261
844.8,13.939339256836295
845.0,14.267166455927217
845.2,14.107166514967364
845.4,14.135211353386403
845.6,14.247662954207867
845.8,14.224022402057845
846.0,13.873753686103766
846.2,13.968782769296865
846.4,13.84080033951378
846.6,13.845902227799087
846.8,13.79388357719997
847.0,13.869206458980193
847.2,13.702948873771469
847.4,13.853817715354538
847.6,13.845641436547593
847.8,13.946642003137875
848.0,13.935620740542836
848.2,14.171139684038522
848.4,14.486077144340484
848.6,14.828887252287267
848.8,14.46931760099939
849.0,14.204798197194002
849.2,14.480123877349605
849.4,14.247757165569542
849.6,14.589233985623075
849.8,14.591213946577179
850.0,14.517069716042862
850.2,14.270046687098146
850.4,14.26527141794198
850.6,14.441466194759343
850.8,14.257414126297391
851.0,14.689879377724754
851.2,15.02548356065871
851.4,14.385707966973571
851.6,14.209535333079014
851.8,14.805762608251417
852.0,14.596474787867935
852.2,14.162201452940995
852.4,14.076886056297159
852.6,14.273969793572522
852.8,13.954379161856876
853.0,14.192239756541568
853.2,14.075420315283356
853.4,13.877886512115508
853.6,14.092100791874957
853.8,13.933171046652227
854.0,13.92022754972518
854.2,14.094065273458522
854.4,14.121020212919262
854.6,14.241890974151573
854.8,14.251305856743677
855.0,14.766933313972487
855.2,14.593134666609313
855.4,14.210966448838967
855.6,14.10771460950627
855.8,13.97932231718962
856.0,14.347101418279667
856.2,14.051932694825668
856.4,13.945207832482062
856.6,14.137547081601646
856.8,14.03166526825133
857.0,14.03887087014746
857.2,13.972126879289387
857.4,13.875907683887563
857.6,14.015391405709982
857.8,13.977664937795344
858.0,14.295571364342239
858.2,14.042051760863327
858.4,14.27818001601355
858.6,14.268640185844122
858.8,14.238548328961985
859.0,14.19852483224789
859.2,14.289969840255498
859.4,14.3570183354914
859.6,14.119554311490548
859.8,14.142858126499913
860.0,14.141589664960609
860.2,13.965090464086567
860.4,14.30426179663991
860.6,14.257631405367972
860.8,14.500871866431797
861.0,14.396380337260284
861.2,14.202605535802252
861.4,14.197645208122434
861.6,14.315792293061893
861.8,14.198078478283726
862.0,14.404808011483617
862.2,14.271825096514783
862.4,14.14333284534463
862.6,14.66257936760914
862.8,14.524484966434166
863.0,14.677260020414781
863.2,14.649306538411267
863.4,14.676745133608915
863.6,14.84972569671481
863.8,14.897944589633106
864.0,14.821952676650445
864.2,14.80754574931261
864.4,14.592950798959452
864.6,14.31415607339687
864.8,14.339977961547426
865.0,14.23540076386945
865.2,14.317332642358046
865.4,14.327961451156812
865.6,14.253179553871231
865.8,14.35068700413691
866.0,14.268527581598127
866.2,14.170987846567222
866.4,14.487802770055563
866.6,14.404701583961167
866.8,14.028240382306121
867.0,14.246423897688832
867.2,14.13559520531009
867.4,14.177576488180348
867.6,14.190798201116761
867.8,14.392242275219225
868.0,14.516534667107637
868.2,14.450983704755602
868.4,14.703311684613318
868.6,14.786481414049586
868.8,15.027642345535986
869.0,14.903753802599606
869.2,15.69508426353061
869.4,16.174767637247662
869.6,15.720125665125465
869.8,15.245774584136333
870.0,15.402882118770977
870.2,15.343162718823283
870.4,15.425384894581429
870.6,16.095857319379746
870.8,15.69213919404956
871.0,16.683655167545094
871.2,17.34770572664682
871.4,17.76248279524301
871.6,17.272908695496533
871.8,17.682401455007565
872.0,18.277806577340865
872.2,18.582871904283465
872.4,19.571533209389397
872.6,18.982533417298313
872.8,19.812268749380515
873.0,19.44639239511504
873.2,19.502134537937426
873.4,18.892508950187533
873.6,18.79514816077737
873.8,18.607898119268704
874.0,18.194180754012926
874.2,18.99326724972083
874.4,19.097498372725884
874.6,19.14474066495099
874.8,19.0931363748761
875.0,19.428950109879207
875.2,19.20227616061428
875.4,19.476122981259735
875.6,18.640926331291823
875.8,18.599641169177087
876.0,19.14029849627311
876.2,19.09112633557557
876.4,19.2859629430303
876.6,18.955725331920288
876.8,19.224228342266677
877.0,19.036930049533844
877.2,19.50078803655525
877.4,19.451066960135158
877.6,18.58387294384616
877.8,19.230737060895855
878.0,19.425114410701724
878.2,20.36795009841876
878.4,20.135414000567398
878.6,20.37471648473217
878.8,19.59920194323352
879.0,20.289104452634817
879.2,19.04540113824021
879.4,18.794919364511586
879.6,19.404899542123502
879.8,19.389323096266647
880.0,19.110998792940364
880.2,19.081459214080194
880.4,19.197664455667173
880.6,18.243605159866064
880.8,18.90363977144194
881.0,19.20533594489767
881.2,19.225154222294222
881.4,18.436868293303895
881.6,18.350635815425132
881.8,18.417453510344156
882.0,17.823121772369845
882.2,18.533569267146092
882.4,19.352918842037386
882.6,19.753122615881047
882.8,19.59861161613293
883.0,19.788683895085665
883.2,19.989420338904434
883.4,20.31770967717451
883.6,20.527720222509267
883.8,20.03022698552389
884.0,20.155441035430908
884.2,20.310900861336716
884.4,21.242128558092695
884.6,20.260009805900356
884.8,20.042625322509032
885.0,20.434284641728926
885.2,20.411146501565568
885.4,20.647755728309885
885.6,21.442039216398566
885.8,21.223427370645442
886.0,20.8075216983111
886.2,21.25100110199106
886.4,20.62925826900511
886.6,20.857515591589866
886.8,21.5679464272049
887.0,19.842271868476566
887.2,20.758494965730865
887.4,20.445406394443214
887.6,19.38900938615288
887.8,18.633269166321757
888.0,18.441638013535606
888.2,18.82885764223427
888.4,18.55658485757068
888.6,18.763618601813096
888.8,19.113718353032528
889.0,18.997160567808297
889.2,18.963366894039883
889.4,19.505929664330772
889.6,17.942762788465792
889.8,19.273226794429487
890.0,19.623979816419702
890.2,20.89564870175208
890.4,20.512090525978838
890.6,21.085195469263848
890.8,20.76332929636644
891.0,21.648906333759662
891.2,21.396545006420105
891.4,20.27336253963616
891.6,20.503155922558992
891.8,21.36360153140697
892.0,20.841084000513103
892.2,19.80756648364976
892.4,19.21344278432601
892.6,18.61156346634085
892.8,18.767554783089718
893.0,18.63496018362837
893.2,19.169734899831656
893.4,19.10166545210426
893.6,19.01243430305803
893.8,18.126218230510336
894.0,19.503057583213657
894.2,19.173830293969928
894.4,19.233193786271592
894.6,18.59980446490473
894.8,18.051897280676478
895.0,18.704960784069765
895.2,20.138266663781536
895.4,20.197044325877496
895.6,19.505170752455363
895.8,19.189274872026104
896.0,19.419180119615337
896.2,19.380267066321842
896.4,18.887647133094394
896.6,19.16147841580367
896.8,18.86588955893302
897.0,19.093083952314203
897.2,18.76639897136714
897.4,19.660674871734415
897.6,20.418327870299493
897.8,20.34825540118249
898.0,20.649594165719574
898.2,20.94768392140744
898.4,20.613351336367238
898.6,19.88540217682264
898.8,19.94785846640844
899.0,20.244936278956356
899.2,20.684639557112014
899.4,20.386387865254214
899.6,20.49297298562594
899.8,19.79233873849448
900.0,19.423955852992073
900.2,19.23658313016602
900.4,19.19716602180884
900.6,20.1796678660178
900.8,20.445175996495266
901.0,20.543787850989435
901.2,19.81043804628743
901.4,19.395480174098093
901.6,18.718659248578227
901.8,19.629175281196396
902.0,19.619354173569192
902.2,19.367827148567358
902.4,19.820841059072663
902.6,20.270314304061806
902.8,18.654023771108722
903.0,20.21258279327877
903.2,20.054162148715026
903.4,18.81837967416901
903.6,18.869437141809687
903.8,19.16321246221689
904.0,19.359641528684527
904.2,18.973245497016556
904.4,19.419922609639503
904.6,19.03231363921211
904.8,19.98527855957698
905.0,20.081277249115278
905.2,20.771926008743936
905.4,20.476171888706425
905.6,20.335939411589976
905.8,19.838985184558005
906.0,18.88546761165932
906.2,19.061752098135557
906.4,19.680876470013896
906.6,19.36409373977961
906.8,19.536917971678406
907.0,20.52978607745665
907.2,19.881066282223905
907.4,19.62901016710859
907.6,19.566834177601436
907.8,20.134226090441413
908.0,20.071224963306406
908.2,18.79239782573734
908.4,19.7739705231016
908.6,19.8087105994585
908.8,19.530922046716988
909.0,18.83982558632908
909.2,18.500422248660314
909.4,17.631084763609614
909.6,17.85924133799022
909.8,18.49720282288328
910.0,18.04845100532154
910.2,17.18463767773517
910.4,17.55993208637807
910.6,16.413475295634797
910.8,17.767060419318707
911.0,16.720675648876853
911.2,16.690944946947393
911.4,17.258091799499862
911.6,17.71013478442256
911.8,17.223634880062434
912.0,17.381617741690402
912.2,16.63177981393908
912.4,16.806062200590603
912.6,16.278578842379602
912.8,17.037466216362255
913.0,17.094134844351128
913.2,17.95509606349329
913.4,18.315203977754383
913.6,19.49611224569438
913.8,20.073206538151155
914.0,19.597945429940044
914.2,19.249747130687147
914.4,20.001037688150856
914.6,20.735313839519133
914.8,19.362036082927453
915.0,19.754976466128536
915.2,20.02484371971565
915.4,19.0563913512717
915.6,19.63843277382089
915.8,19.89255672754422
916.0,19.818922086765212
916.2,20.07875240630036
916.4,19.27473703784444
916.6,19.151069516932324
916.8,18.36174085836854
917.0,17.779557586018097
917.2,18.065970155225013
917.4,17.6175413832959
917.6,17.11849945181126
917.8,18.37366445811481
918.0,19.148211831012894
918.2,18.893905533245356
918.4,18.709190411595415
918.6,18.609880134813604
918.8,19.101223045930816
919.0,19.127929024332037
919.2,18.542820143804654
919.4,18.197435033015683
919.6,18.858729908665563
919.8,18.089216677709945
920.0,17.862851367278584
920.2,18.132976442220794
920.4,18.94049318656976
920.6,18.35113190348813
920.8,17.88785958960391
921.0,16.75184744289909
921.2,17.294993007313156
921.4,17.376346841058524
921.6,17.597950824759135
921.8,17.292821909519432
922.0,17.766230514272294
922.2,18.197169808213857
922.4,19.150456003861855
922.6,18.237947926379537
922.8,18.96478968446406
923.0,18.167633029427222
923.2,18.03133706541425
923.4,17.91001218905821
923.6,18.015176097373356
923.8,18.347842404805924
924.0,17.92481212767059
924.2,18.03472348271537
924.4,18.17381238175311
924.6,17.222278640931812
924.8,17.467832505836654
925.0,17.476434114026503
925.2,18.01249318981677
925.4,17.70268438376879
925.6,17.742792498147665
925.8,18.408890410328546
926.0,18.306356240526092
926.2,18.823760443623744
926.4,18.80058192653704
926.6,19.06803454230315
926.8,19.589630403703836
927.0,18.847029962554217
927.2,19.031938969633654
927.4,19.228231980062453
927.6,19.521805195189227
927.8,19.727738653777905
928.0,19.977114747413175
928.2,20.839032070448013
928.4,19.553492477782857
928.6,19.26613655694912
928.8,19.491449484252296
929.0,18.8499259737989
929.2,19.727148195508086
929.4,19.697916620245866
929.6,19.68734533283423
929.8,19.286141592621846
930.0,19.23569889298015
930.2,19.441821815632846
930.4,19.750211203569986
930.6,19.91515772691067
930.8,20.32653737744552
931.0,20.177893823143165
931.2,20.201389028148512
931.4,19.581028589533133
931.6,19.82543966920047
931.8,19.703760024991873
932.0,20.04583306596839
932.2,19.48291711018428
932.4,18.039820168202148
932.6,18.726580239734652
932.8,17.554273192660283
933.0,18.55751816297533
933.2,18.344543318776218
933.4,19.232113800429712
933.6,19.30553524446438
933.8,18.714763289563955
934.0,19.715679455098424
934.2,19.217869545209275
934.4,18.70434825234936
934.6,18.892032610462735
934.8,18.338693500926176
935.0,19.331596597130957
935.2,19.660289547862725
935.4,18.88386796122977
935.6,18.448095576488498
935.8,18.953897934467797
936.0,18.783108577993662
936.2,18.776407978393788
936.4,19.429141603531455
936.6,19.561721773308808
936.8,18.49954031755556
937.0,19.51675155519787
937.2,18.619393936354214
937.4,19.361457836414623
937.6,19.6067047049615
937.8,19.221155285210482
938.0,18.864788629432894
938.2,18.579831603465642
938.4,18.26889229785186
938.6,18.15061478857217
938.8,17.855943618526975
939.0,17.642424402073587
939.2,17.564677807934643
939.4,17.449032033102384
939.6,16.971237145567347
939.8,17.29539761620129
940.0,16.48478469716214
940.2,16.44167407053219
940.4,16.93278895232254
940.6,17.16193371881313
940.8,17.322599828178358
941.0,16.932600411482674
941.2,16.990906937268818
941.4,17.123788398222064
941.6,16.915604106962366
941.8,16.365601919003673
942.0,16.75840769928581
942.2,17.016759229922936
942.4,16.41545406912271
942.6,16.96739254156743
942.8,16.557321775416607
943.0,16.149718465773937
943.2,16.471888443057825
943.4,16.668469345668697
943.6,16.461161511348873
943.8,16.73803519704567
944.0,16.838776376269053
944.2,16.47643816766141
944.4,16.61657053078548
944.6,17.089076491696524
944.8,17.55207120565085
945.0,17.39146459239729
945.2,17.170569034536616
945.4,17.16133468504921
945.6,17.599208146659134
945.8,17.593980886929668
946.0,17.245067277685607
946.2,17.281158015629824
946.4,16.546412994079127
946.6,17.196714708556883
946.8,17.697512595397342
947.0,17.907664527867755
947.2,17.55024067939413
947.4,17.84582615716801
947.6,16.944790518358655
947.8,17.26019299182065
948.0,16.653662090155542
948.2,16.627258715797964
948.4,17.080204256720897
948.6,17.174358583042487
948.8,16.54921846323132
949.0,16.362702887513773
949.2,16.52791894954124
949.4,16.59620589371008
949.6,16.936882097541055
949.8,16.929141619719378
950.0,16.18397461753639
950.2,16.185870380776525
950.4,16.6960521457804
950.6,16.4307646537399
950.8,16.946579459114474
951.0,16.868393607618493
951.2,17.869066392670906
951.4,16.484742102163175
951.6,16.75209906690753
951.8,16.551662880596247
952.0,17.294299364985683
952.2,17.02294413165564
952.4,17.33239781731599
952.6,17.40521221354266
952.8,16.965007799300274
953.0,16.15615334708057
953.2,16.479420458087475
953.4,16.306411168507985
953.6,17.449430411285917
953.8,16.514858628279615
954.0,17.051893116294078
954.2,16.387624145184553
954.4,15.998448957702172
954.6,16.161476314208304
954.8,16.56828863520641
955.0,16.88881600024352
955.2,16.991944010063577
955.4,17.08384286143607
955.6,17.410931554844055
955.8,16.987661521529674
956.0,17.113239933214246
956.2,17.113278414924736
956.4,16.58880265000405
956.6,16.571836771075066
956.8,16.923654193023282
957.0,16.74481478867701
957.2,16.795851935825038
957.4,16.19058539021603
957.6,16.88109342259182
957.8,16.990075838040866
958.0,16.68823089096336
958.2,16.168113116190334
958.4,15.845126453580393
958.6,16.302411493649057
958.8,15.628681722793608
959.0,15.9345751296859
959.2,16.337839524277523
959.4,16.234872532721468
959.6,16.45199862482281
959.8,16.565971262779197
960.0,16.36622757566699
960.2,16.383130368745213
960.4,16.23973926950441
960.6,16.446955361825783
960.8,16.444387896966298
961.0,16.70774057341884
961.2,17.20129671837703
961.4,16.605379809201622
961.6,16.885297547516632
961.8,17.315969982411914
962.0,17.540099705967627
962.2,17.5973167321073
962.4,17.426052645898235
962.6,16.897644252827266
962.8,17.290693335462294
963.0,17.41044251436467
963.2,16.838597052531874
963.4,16.916671832242216
963.6,17.21892316993012
963.8,17.36776875086335
964.0,17.710247058589772
964.2,17.378593480074173
964.4,18.735232320611903
964.6,18.686897386260444
964.8,18.551893144829275
965.0,18.248896325787392
965.2,18.888626144885063
965.4,18.405917218217454
965.6,18.94599738094812
965.8,19.36777436389071
966.0,19.283827079981766
966.2,19.231368354829186
966.4,18.894589865853444
966.6,18.100158946131373
966.8,17.341290061401498
967.0,17.282344494788617
967.2,18.44208104891788
967.4,18.495509397920035
967.6,18.867291514256728
967.8,19.16356708315647
968.0,18.963953188278523
968.2,19.198012140945735
968.4,18.43130024417816
968.6,19.01238910808102
968.8,19.048946126082967
969.0,18.764967600877384
969.2,18.03203996236729
969.4,18.702055804696762
969.6,17.90159318889406
969.8,18.581843733928793
970.0,18.278536398576723
970.2,17.48114647670688
970.4,17.8573490643993
970.6,17.93023100804242
970.8,18.426686134471378
971.0,18.599778113709846
971.2,19.24164024019546
971.4,18.362587842058108
971.6,18.11867912155092
971.8,17.26026740292292
972.0,16.589104662772538
972.2,16.617203177694883
972.4,16.962303256022153
972.6,16.74701571444516
972.8,17.43772307070424
973.0,17.242694954102213
973.2,16.648735240008246
973.4,17.17182529752686
973.6,17.978711624798134
973.8,18.374755469290154
974.0,17.444332466541894
974.2,18.422239667115385
974.4,18.786534046324256
974.6,18.89488806577222
974.8,17.947956851053917
975.0,18.783590761288004
975.2,18.88121687412726
975.4,17.970546821063984
975.6,18.286858997370274
975.8,18.03458710679354
976.0,18.35805655341528
976.2,18.49121670330208
976.4,17.853417046192813
976.6,17.95760136119759
976.8,17.550939010348827
977.0,17.645910304474
977.2,18.199321038923717
977.4,18.042910600476564
977.6,17.38624180222128
977.8,17.130290184341106
978.0,17.669816464567248
978.2,19.63781108298218
978.4,18.753455834839738
978.6,19.44483429587209
978.8,20.491252281236058
979.0,20.462044909359285
979.2,20.099706000849086
979.4,20.138086237107657
979.6,20.18527680394463
979.8,19.4628645708679
980.0,19.614610636540736
980.2,19.272989906461046
980.4,18.963380052391802
980.6,17.61745238513901
980.8,17.98831435088587
981.0,17.6506346653651
981.2,17.779717453202515
981.4,18.411435610991372
981.6,17.855501719252885
981.8,17.882912401934178
982.0,17.86274291684701
982.2,17.956045909168644
982.4,17.935098288343244
982.6,17.756400731649133
982.8,17.84016734612894
983.0,16.947292775836388
983.2,17.817444351693897
983.4,17.7631860214888
983.6,17.176890182992228
983.8,17.6109168452041
984.0,17.465734639455192
984.2,17.35896082065675
984.4,17.445442335216693
984.6,17.855422162385366
984.8,19.08730869817566
985.0,17.74484930276626
985.2,18.091516458077713
985.4,18.20077801563411
985.6,17.859945931347728
985.8,19.056750501915726
986.0,18.953805644502978
986.2,18.166582488268087
986.4,17.76670993768094
986.6,18.00228038645391
986.8,18.91866772181894
987.0,19.017954817782854
987.2,18.4225099933792
987.4,19.565077321533153
987.6,19.927609949663733
987.8,19.667117678954085
988.0,18.869128299382545
988.2,20.465701792573988
988.4,19.948945276458293
988.6,19.757109284432644
988.8,19.168055312998835
989.0,18.315752244836812
989.2,18.464081505854878
989.4,19.381064510431997
989.6,19.08605097355269
989.8,19.340882826195433
990.0,18.846129370835033
990.2,19.265625626276993
990.4,19.14972330201276
990.6,18.14527109033511
990.8,19.19108016769661
991.0,18.9411118957473
991.2,18.960696695803897
991.4,19.493320616182693
991.6,20.41611974570531
991.8,20.637629360160048
992.0,20.213175400671524
992.2,20.10657765855067
992.4,19.732693812556693
992.6,21.54273447888022
992.8,20.92696437283008
993.0,20.58055878582572
993.2,19.611792200157694
993.4,19.502700544758003
993.6,19.612027818801135
993.8,19.040041594163398
994.0,18.832214399691836
994.2,18.600682767793977
994.4,19.034067186330415
994.6,19.40310353278899
994.8,18.928529716485084
995.0,19.755625749053483
995.2,19.498135064485023
995.4,18.861872158100947
995.6,20.999684012440927
995.8,20.333877995621748
996.0,19.637782709379277
996.2,18.271211861533832
996.4,18.0123749244815
996.6,19.426150827421726
996.8,20.35420733135148
997.0,19.868708793138968
997.2,19.817579093827774
997.4,19.87356557466456
997.6,20.94133543698654
997.8,19.982473274087415
998.0,20.097870797846525
998.2,20.103414612791482
998.4,20.489251767136093
998.6,20.158044962467994
998.8,20.9478104047125
999.0,20.923282053336443
999.2,21.28851300391076
999.4,20.509971403271777
999.6,20.923635030091422
999.8,21.12076084610932
1000.0,20.603884948201756
1000.2,20.17151709614804
1000.4,20.115814827658937
1000.6,19.68584818397946
1000.8,20.351556178698477
1001.0,19.482695580066146
1001.2,19.10395194159251
1001.4,17.97551936514202
1001.6,18.197127811978177
1001.8,17.978914128470596
1002.0,17.317313542606033
1002.2,18.037046365706775
1002.4,18.465355407159446
1002.6,18.68629474483374
1002.8,19.4280944993966
1003.0,18.93424470869179
1003.2,19.19870029103347
1003.4,19.46108343254891
1003.6,18.566145337463173
1003.8,17.91348853770189
1004.0,18.26449685115734
1004.2,18.08319319114281
1004.4,17.811424689687335
1004.6,16.892394762819514
1004.8,17.730892534879118
1005.0,17.025874012683907
1005.2,17.075812353600952
1005.4,17.902756798618007
1005.6,17.45565980349694
1005.8,17.740196377620848
1006.0,16.884838384966862
1006.2,17.34887405802542
1006.4,17.047622789326265
1006.6,16.771088627044254
1006.8,17.343963906720795
1007.0,17.16625249512626
1007.2,16.83730177423417
1007.4,16.26573290054955
1007.6,15.922538072210635
1007.8,17.184845382047996
1008.0,16.907288292338674
1008.2,17.122727037423765
1008.4,17.635417285130156
1008.6,17.052825960240995
1008.8,17.71078746738329
1009.0,17.454104450939937
1009.2,17.938803311269048
1009.4,18.372707366315254
1009.6,18.257769849461745
1009.8,17.614569608634113
1010.0,18.879405594458596
1010.2,18.84996287576159
1010.4,18.297753628785664
1010.6,18.92305357798176
1010.8,18.554682449152406
1011.0,17.422319335825755
1011.2,17.235048711767156
1011.4,17.58924409230582
1011.6,17.259470262849366
1011.8,17.332520257647534
1012.0,17.031955317287952
1012.2,16.82535828084997
1012.4,16.58435493129159
1012.6,17.68258575347231
1012.8,18.626182869767245
1013.0,18.48824546036526
1013.2,17.887155693040878
1013.4,16.590819584004183
1013.6,16.98360723808204
1013.8,17.764597838800814
1014.0,17.338901015062877
1014.2,17.21932997322896
1014.4,16.435676165393847
1014.6,17.21628753465219
1014.8,17.0142641818372
1015.0,17.168109561663677
1015.2,17.421290252688028
1015.4,17.12235051846604
1015.6,17.721462003237953
1015.8,17.308511035387266
1016.0,17.23924303602015
1016.2,17.4499386854676
1016.4,17.342119055091526
1016.6,17.20222984777776
1016.8,17.350614374082724
1017.0,17.107468385325824
1017.2,16.916602899205316
1017.4,16.72812311567978
1017.6,17.77256069434388
1017.8,16.88844475612626
1018.0,17.049699008604197
1018.2,17.15227545267467
1018.4,17.93323942617522
1018.6,17.107589625965467
1018.8,16.39802549473421
1019.0,17.228918598777256
1019.2,17.23923195404347
1019.4,17.03866530535555
1019.6,17.726672539087506
1019.8,18.01952647221341
1020.0,18.12268089827958
1020.2,17.917595275761972
1020.4,18.146699426871276
1020.6,17.95420303070799
1020.8,17.8906340240272
1021.0,17.31438007357328
1021.2,16.589218366861616
1021.4,15.878250590479592
1021.6,16.179958707463825
1021.8,16.21300662804113
1022.0,16.144120316647758
1022.2,16.716380760966768
1022.4,16.743440401543122
1022.6,16.812031892658098
1022.8,17.131382631862973
1023.0,18.877546377070672
1023.2,19.164289089447134
1023.4,19.264275110886395
1023.6,19.67634352423927
1023.8,19.288403324612737
1024.0,19.239057329807924
1024.2,19.444107966311996
1024.4,19.170627326034285
1024.6,18.803351773199747
1024.8,17.88887691928968
1025.0,17.938324806772926
1025.2,18.420064997408176
1025.4,18.181005993676823
1025.6,17.796015242225668
1025.8,17.48667152825083
1026.0,17.509523079095622
1026.2,17.720909159443213
1026.4,18.186604852227084
1026.6,18.51736353323886
1026.8,18.620137357960118
1027.0,18.536358567142187
1027.2,18.192437486745444
1027.4,18.361248995898706
1027.6,17.87511104655337
1027.8,17.49533732817219
1028.0,16.99154449557922
1028.2,16.70054812848059
1028.4,16.85956932663002
1028.6,17.102996469177633
1028.8,17.456538235005116
1029.0,17.298304660010864
1029.2,16.564657524570972
1029.4,16.823467330877588
1029.6,16.985075540424088
1029.8,17.162107609141685
1030.0,17.73379730930504
1030.2,17.046590382353482
1030.4,18.26237222330148
1030.6,18.641494207280743
1030.8,18.69749644406896
1031.0,17.427752948022274
1031.2,17.64424622398939
1031.4,17.278554928816906
1031.6,18.294691638395022
1031.8,17.859692616361865
1032.0,18.768976127216717
1032.2,18.211272384758875
1032.4,17.839273023578816
1032.6,18.03188639282596
1032.8,17.766056748965624
1033.0,17.07563317912827
1033.2,17.466373156057536
1033.4,17.512895782454045
1033.6,17.264486257146366
1033.8,17.730551762830405
1034.0,18.00982446810001
1034.2,17.59973508330025
1034.4,17.885408989915053
1034.6,17.9502762851051
1034.8,17.849876017876586
1035.0,17.465420279749246
1035.2,17.451466405525785
1035.4,17.67091190343144
1035.6,17.772007206722048
1035.8,17.686395693801696
1036.0,17.415027170614504
1036.2,18.20831384482939
1036.4,18.027320747743637
1036.6,18.376428130303417
1036.8,18.673714741029602
1037.0,18.021180634535735
1037.2,17.841174054789168
1037.4,18.004813967581782
1037.6,17.91419663239038
1037.8,17.709449530828625
1038.0,16.989209796285195
1038.2,17.40552314711778
1038.4,18.042636055304303
1038.6,17.620456323418946
1038.8,18.300501937396064
1039.0,17.65374406705061
1039.2,17.473385678457667
1039.4,17.56328599277394
1039.6,16.78913632468655
1039.8,16.35137455658308
1040.0,16.366876429574553
1040.2,16.635154544217517
1040.4,17.20386408554021
1040.6,16.63930500193833
1040.8,17.22658401692453
1041.0,17.424003485490296
1041.2,17.8236064263513
1041.4,18.00346291907736
1041.6,17.933525152476655
1041.8,17.34183169031098
1042.0,17.973519352229143
1042.2,17.965253137676328
1042.4,18.835155120345778
1042.6,18.556423696751207
1042.8,17.99906785625296
1043.0,17.998682235553186
1043.2,18.149237316669232
1043.4,18.46616603700388
1043.6,18.600680566292677
1043.8,18.260046207128514
1044.0,18.746089527732465
1044.2,18.709960120218035
1044.4,19.22977769883881
1044.6,19.516841609814815
1044.8,18.816858674835803
1045.0,19.129076960050927
1045.2,17.860806628076844
1045.4,18.516524950482765
1045.6,18.478533419216294
1045.8,18.428415961545028
1046.0,17.87325322918861
1046.2,18.731833991380572
1046.4,19.163308017421006
1046.6,19.01415847449278
1046.8,19.824921353141445
1047.0,19.40739303362755
1047.2,18.45938967785985
1047.4,18.56661935060608
1047.6,18.388382039408892
1047.8,18.32529963657531
1048.0,18.736136706718142
1048.2,19.30503306875796
1048.4,19.290845623693304
1048.6,19.66027374103103
1048.8,20.365578363679163
1049.0,19.763556739543294
1049.2,19.386495134227072
1049.4,20.214120887377867
1049.6,19.04229712047929
1049.8,18.628163736205984
1050.0,19.08849394440943
1050.2,18.342709965929945
1050.4,18.822504779231227
1050.6,19.970931649772776
1050.8,19.154136585942506
1051.0,19.08082627008435
1051.2,19.54373206087642
1051.4,19.27261146304238
1051.6,19.56457973978017
1051.8,19.205057124115353
1052.0,19.162340370229824
1052.2,18.71584492899376
1052.4,18.78022597319306
1052.6,19.376871018540108
1052.8,19.31255307625346
1053.0,19.210941993862697
1053.2,19.49067912262504
1053.4,18.878192867468385
1053.6,19.892139012860337
1053.8,18.927544076863118
1054.0,19.344113190725114
1054.2,19.65635991712743
1054.4,19.138001381942228
1054.6,19.029179802236136
1054.8,19.01815102149503
1055.0,18.66095356255466
1055.2,18.822227326078718
1055.4,18.370320883612433
1055.6,17.822224536119112
1055.8,17.943688174433095
1056.0,18.69834624464266
1056.2,18.265503339573762
1056.4,18.386392223316086
1056.6,18.281829551619072
1056.8,18.22894765810448
1057.0,17.800694074804685
1057.2,18.095546255219837
1057.4,17.927346737571202
1057.6,17.342496744098682
1057.8,18.019513726597587
1058.0,18.06153573538243
1058.2,18.419844451205456
1058.4,18.20155905991933
1058.6,18.35964303999152
1058.8,18.228033467122906
1059.0,17.910561300169384
1059.2,18.139942684500262
1059.4,18.97940731739982
1059.6,19.420389974942708
1059.8,18.408500572323796
1060.0,19.062437483905967
1060.2,18.608107845187288
1060.4,18.675534446145264
1060.6,18.746500004412667
1060.8,19.06723620517579
1061.0,18.497479206927125
1061.2,18.80604641067816
1061.4,18.49823790124181
1061.6,18.04853899045899
1061.8,18.657158348599946
1062.0,18.393092966141925
1062.2,18.674333495967836
1062.4,18.697404947918223
1062.6,18.699975911020005
1062.8,19.461008951002384
1063.0,18.99469837483712
1063.2,18.402373048655214
1063.4,18.803146225349025
1063.6,18.98676561900253
1063.8,18.90788793157073
1064.0,18.979959633150894
1064.2,20.048847659120696
1064.4,19.818559791396588
1064.6,20.42787104557049
1064.8,19.57691998801995
1065.0,20.833013668466283
1065.2,20.819117236431175
1065.4,19.969113963171502
1065.6,20.327729694570536
1065.8,19.712619159284277
1066.0,20.28105644107104
1066.2,19.487647822796234
1066.4,20.075547900176865
1066.6,19.797565960298012
1066.8,19.96871544030189
1067.0,19.42305163284612
1067.2,19.227057911623003
1067.4,19.0681612553734
1067.6,18.936755073737476
1067.8,18.02933865845725
1068.0,17.913422159471907
1068.2,18.419801646825096
1068.4,19.22645057429451
1068.6,19.759838244722097
1068.8,19.92042161320049
1069.0,19.798799461089633
1069.2,19.480904859616842
1069.4,20.09299053811839
1069.6,19.465824061877907
1069.8,18.78531064947645
1070.0,18.56225301530896
1070.2,18.904796001753986
1070.4,17.804734546995995
1070.6,18.93607479821577
1070.8,19.126983121745045
1071.0,18.699330994270895
1071.2,18.87819917399447
1071.4,19.62736456014088
1071.6,19.407217991398767
1071.8,19.29230632241847
1072.0,18.638289531270043
1072.2,19.086815642553642
1072.4,18.272580334725237
1072.6,18.580613843503194
1072.8,18.3028033431507
1073.0,18.919450743837626
1073.2,19.380306275339123
1073.4,19.038062015767988
1073.6,19.148683379236484
1073.8,19.311309029443457
1074.0,19.426308354072795
1074.2,18.897352490603495
1074.4,18.929521950818984
1074.6,18.779411239720858
1074.8,19.047890194791382
1075.0,18.40699481518196
1075.2,19.33129479494363
1075.4,18.820403367640466
1075.6,18.94746773377336
1075.8,17.66222345154446
1076.0,17.314163522267666
1076.2,16.949142899638375
1076.4,17.195333044297136
1076.6,17.6625181604824
1076.8,17.522208421386157
1077.0,17.245166709379795
1077.2,17.03445234475167
1077.4,16.675486305564583
1077.6,17.02553421657457
1077.8,17.323884423454743
1078.0,17.480346214122537
1078.2,17.786878790692825
1078.4,17.21956961368206
1078.6,17.659060344069925
1078.8,17.552864714270108
1079.0,16.950593566480894
1079.2,16.697010814217354
1079.4,16.416241900981582
1079.6,16.581350218125163
1079.8,17.05171676244838
1080.0,17.458426658954856
1080.2,16.832922572922435
1080.4,17.232148649213
1080.6,17.211044719960242
1080.8,17.19749257612321
1081.0,17.251712472865087
1081.2,17.244537966983646
1081.4,17.426685112941193
1081.6,17.2956384379566
1081.8,16.939254473781745
1082.0,16.904906557133216
1082.2,17.157401233527217
1082.4,16.997175520482813
1082.6,16.9095029028193
1082.8,17.023238883401287
1083.0,17.43818415443546
1083.2,17.41827581397703
1083.4,16.746954493024788
1083.6,16.798972680920702
1083.8,16.625054938973626
1084.0,16.519613948765205
1084.2,17.13219227879747
1084.4,17.128780020490556
1084.6,16.795632609579954
1084.8,16.842216178547215
1085.0,16.63269346239477
1085.2,17.292383217411853
1085.4,17.931962712690183
1085.6,17.59472421607427
1085.8,17.109672595788947
1086.0,16.948681155628844
1086.2,16.82171268421974
1086.4,17.005051842990476
1086.6,16.7744805435281
1086.8,17.16767870440412
1087.0,16.889047553670668
1087.2,17.19672603126871
1087.4,16.91058272262864
1087.6,16.926483202226645
1087.8,16.771057483179288
1088.0,16.99317310558175
1088.2,17.209493376577313
1088.4,16.978787527892813
1088.6,17.34986956907168
1088.8,17.919100381417003
1089.0,17.35234852585633
1089.2,16.423761669741992
1089.4,16.475524261504432
1089.6,16.571220761574573
1089.8,16.245519242715265
1090.0,16.5866213725184
1090.2,16.730325621548403
1090.4,16.218571302341584
1090.6,16.31680768400484
1090.8,16.442849620833368
1091.0,16.58285188468648
1091.2,16.741209329663633
1091.4,16.459468966878184
1091.6,16.10490202894448
1091.8,15.742285497148124
1092.0,16.093329932405528
1092.2,16.393124309304355
1092.4,15.959621037960698
1092.6,16.387290932568146
1092.8,16.408330071623734
1093.0,16.453448225824875
1093.2,16.5918583908702
1093.4,16.704951023448157
1093.6,16.602763081662204
1093.8,16.859399785223168
1094.0,16.02254042640873
1094.2,16.30538542756916
1094.4,16.41079148942175
1094.6,16.252681735899866
1094.8,15.821397581614216
1095.0,15.91292598808347
1095.2,15.862390679108984
1095.4,16.08610614676757
1095.6,16.419632518120263
1095.8,16.040762460418005
1096.0,15.596354383580238
1096.2,15.706460819372767
1096.4,15.69859703885717
1096.6,15.676128824402454
1096.8,15.841925472470049
1097.0,15.658458685607691
1097.2,15.728553192161217
1097.4,16.085646354465226
1097.6,15.839237269731058
1097.8,16.310275087265232
1098.0,16.34169040198896
1098.2,15.666536753942978
1098.4,15.697096611839951
1098.6,15.726862790868479
1098.8,15.913158660803754
1099.0,15.624096357817095
1099.2,15.189129938107918
1099.4,15.620598010244759
1099.6,15.464992759043149
1099.8,15.493133442089702
1100.0,15.287364851871526
1100.2,15.13979183899352
1100.4,15.195171166126755
1100.6,15.207861281472088
1100.8,15.572348387778234
1101.0,15.45294883222799
1101.2,15.362909935359175
1101.4,15.343070633410354
1101.6,15.739192730828373
1101.8,15.276064996137146
1102.0,15.704419432231635
1102.2,15.100500926560434
1102.4,15.403138722859522
1102.6,15.112638973723207
1102.8,14.693485785830607
1103.0,14.929756571179837
1103.2,14.810259878200245
1103.4,14.861252239675753
1103.6,14.961640996024304
1103.8,14.94218168756799
1104.0,14.787726910390234
1104.2,15.017804427562247
1104.4,14.751941413885334
1104.6,14.842127183938379
1104.8,14.656485189837507
1105.0,14.648275930574954
1105.2,14.53338248908038
1105.4,14.329684014667523
1105.6,15.04297794467643
1105.8,15.964964687374412
1106.0,15.725227792708766
1106.2,15.345205289023712
1106.4,14.99124375149918
1106.6,15.102923972040912
1106.8,15.182980647570579
1107.0,14.967494473461429
1107.2,15.186708299504017
1107.4,14.857417080906705
1107.6,16.18086139368781
1107.8,15.44861231371092
1108.0,15.316066461767985
1108.2,16.010274286579296
1108.4,17.355899335705654
1108.6,16.75910875639844
1108.8,15.937474781211877
1109.0,15.949202862102643
1109.2,16.03817089859398
1109.4,15.694607947335278
1109.6,15.586958726495798
1109.8,15.394235983028608
1110.0,15.706803459381117
1110.2,15.868927557226606
1110.4,15.344454431306847
1110.6,15.625454849193039
1110.8,15.506013658071003
1111.0,15.461304882601112
1111.2,15.555933639665607
1111.4,14.992194739714497
1111.6,15.266003753616301
1111.8,15.264616132297705
1112.0,15.1284917926563
1112.2,15.205406597285842
1112.4,15.344449423428276
1112.6,15.432810385033939
1112.8,15.21890436386152
1113.0,15.515404570261019
1113.2,15.441313996899527
1113.4,15.33453735439286
1113.6,15.486336234552919
1113.8,14.774543821596762
1114.0,15.330592794651022
1114.2,15.159647917683081
1114.4,15.785480664832804
1114.6,15.986112549880032
1114.8,15.496385501529474
1115.0,15.316789663385094
1115.2,15.468827485734316
1115.4,15.743764224065748
1115.6,15.212570243172577
1115.8,15.191939961120633
1116.0,15.325710107852892
1116.2,15.256930774282155
1116.4,15.416869217460867
1116.6,15.410070397539613
1116.8,15.116303091258613
1117.0,15.142823992557625
1117.2,15.193516249695838
1117.4,15.51509655370738
1117.6,15.501595594120396
1117.8,15.337814662801339
1118.0,15.049352643891574
1118.2,15.275739261058414
1118.4,15.300401008240085
1118.6,15.280517382748226
1118.8,15.089699676401478
1119.0,15.316289728787742
1119.2,14.97803896879503
1119.4,15.173150813100175
1119.6,15.07676398021362
1119.8,15.117001236802892
1120.0,15.318919833371037
1120.2,15.556094523155497
1120.4,15.400339966582663
1120.6,15.393414200542496
1120.8,15.297572446158384
1121.0,15.326879242560711
1121.2,15.540920199287452
1121.4,15.185589919275168
1121.6,15.383859886073372
1121.8,15.268008878510837
1122.0,15.528478146280236
1122.2,15.124139279722502
1122.4,15.238754864027834
1122.6,15.244841521295346
1122.8,15.394774629973437
1123.0,15.245223019765834
1123.2,15.177921855458754
1123.4,15.259314005764107
1123.6,15.311463765175832
1123.8,15.32930861040991
1124.0,15.260382733911387
1124.2,15.355846897100822
1124.4,15.700847092369939
1124.6,15.255082720895413
1124.8,15.202182423252735
1125.0,15.163457157871596
1125.2,15.059017168588383
1125.4,15.118719954663932
1125.6,15.255784495068292
1125.8,15.465245051162917
1126.0,15.562079686624486
1126.2,15.485617971417376
1126.4,15.22048114928667
1126.6,14.877393989058076
1126.8,15.31545444788293
1127.0,15.529022954216407
1127.2,15.383583447145043
1127.4,15.151844509713527
1127.6,14.68625949126372
1127.8,15.246776125116906
1128.0,15.129014851843914
1128.2,14.804908762536982
1128.4,15.662899440110179
1128.6,15.633046807514358
1128.8,15.736773761730626
1129.0,15.133071702827685
1129.2,15.422973855672101
1129.4,15.184458808945777
1129.6,15.009224525456835
1129.8,14.94363414557711
1130.0,14.96981992958791
1130.2,14.513624144406485
1130.4,14.76909040035679
1130.6,15.51464138643271
1130.8,15.228510234154307
1131.0,15.688781939085672
1131.2,15.37753139927718
1131.4,15.415453781198018
1131.6,14.925525439349713
1131.8,15.19666080502131
1132.0,15.116177829534543
1132.2,15.164946815028657
1132.4,15.25180844210748
1132.6,15.225213980189704
1132.8,15.789428480247816
1133.0,15.290512844461832
1133.2,15.516915827982153
1133.4,15.738571522757843
1133.6,15.143426527895363
1133.8,15.646617708277981
1134.0,15.410446595434006
1134.2,15.654236077020729
1134.4,15.204118694526736
1134.6,15.07205382519217
1134.8,14.931978234337699
1135.0,14.969636581612992
1135.2,14.70580975211175
1135.4,14.416604581158936
1135.6,14.353488244689704
1135.8,15.127325175553503
1136.0,15.024656610653881
1136.2,14.915740401228268
1136.4,15.385765589533772
1136.6,15.13251212326618
1136.8,15.190105172035482
1137.0,14.927376900588524
1137.2,15.017143889849011
1137.4,15.157524927960983
1137.6,14.6689843101327
1137.8,14.709052133435046
1138.0,14.898544201004615
1138.2,15.047617242517546
1138.4,14.820943283178057
1138.6,15.145501896582271
1138.8,14.801335554129054
1139.0,14.627416639637804
1139.2,14.659891579599137
1139.4,15.146421211875378
1139.6,15.309233780313395
1139.8,15.208391148357505
1140.0,14.914722862736413
1140.2,14.913481247966171
1140.4,15.15890162149756
1140.6,15.266937730477997
1140.8,15.044660425200401
1141.0,14.956984549608363
1141.2,14.86261696512679
1141.4,14.660288263246189
1141.6,14.667255815400484
1141.8,15.035495781491141
1142.0,14.833067859554845
1142.2,14.457405358061802
1142.4,14.551683142726217
1142.6,14.576094013273801
1142.8,15.256313427906676
1143.0,15.304832113456142
1143.2,15.40396367503858
1143.4,15.037547253619557
1143.6,15.129740652734554
1143.8,15.060545926897396
1144.0,15.058058623130265
1144.2,15.30328125735878
1144.4,15.172807908181987
1144.6,14.871059247632184
1144.8,15.02339759477554
1145.0,15.21950047976347
1145.2,15.23332947518281
1145.4,14.801331472287352
1145.6,14.72940145129266
1145.8,15.657243859878298
1146.0,15.324241802644973
1146.2,15.100488402244316
1146.4,15.406908693475575
1146.6,15.576242946311625
1146.8,15.469645507854718
1147.0,15.106650235915817
1147.2,15.122000135686633
1147.4,15.618806218463925
1147.6,15.302360547372345
1147.8,15.047390103407661
1148.0,15.818574058694516
1148.2,15.773703576983245
1148.4,15.923873883323576
1148.6,15.998561430632776
1148.8,15.818368909582716
1149.0,16.218650401114477
1149.2,15.504912506112907
1149.4,16.509297512600448
1149.6,16.943790246690693
1149.8,16.3952255670181
1150.0,16.137507581705147
1150.2,16.396963365986732
1150.4,16.12879793155773
1150.6,15.489652570750454
1150.8,15.147362416169338
1151.0,15.186319711514923
1151.2,15.420144192942129
1151.4,15.765640049387793
1151.6,15.66005697744361
1151.8,15.51281662685473
1152.0,15.418967172379618
1152.2,15.288586181538582
1152.4,15.119483578996268
1152.6,15.415972767303973
1152.8,15.129978791208726
1153.0,15.63777680916813
1153.2,15.452283181603224
1153.4,15.022940334167531
1153.6,14.719314915486441
1153.8,14.8536539027852
1154.0,15.48636077494767
1154.2,15.438307494543874
1154.4,14.934826619513323
1154.6,15.051785200647142
1154.8,16.1103061190436
1155.0,16.546593181248607
1155.2,16.887856767893947
1155.4,16.32957282350985
1155.6,16.345563237000363
1155.8,15.854092782092886
1156.0,15.828338731551783
1156.2,15.84684813206005
1156.4,15.636142891668001
1156.6,15.037726099553998
1156.8,15.010890219810346
1157.0,15.35620756041967
1157.2,15.584539797002437
1157.4,16.14675604319498
1157.6,16.056241270411384
1157.8,15.491820749352305
1158.0,15.24580432684557
1158.2,15.362459151846984
1158.4,15.2849020083434
1158.6,15.495233066940715
1158.8,15.597455131195607
1159.0,15.490740307966044
1159.2,15.438325227687388
1159.4,15.904113689876622
1159.6,15.37020853278092
1159.8,15.780231881750893
1160.0,15.579365172268878
1160.2,15.560130611256184
1160.4,15.245454292717396
1160.6,15.236415730491347
1160.8,15.359872821498701
1161.0,15.57026634485087
1161.2,15.274525944756972
1161.4,14.994423459981824
1161.6,14.754774783603576
1161.8,14.81036919646815
1162.0,14.623298495431698
1162.2,14.62491199805087
1162.4,14.49326697969299
1162.6,14.716900453693063
1162.8,14.934604695617985
1163.0,14.938875154428054
1163.2,14.655722376413467
1163.4,14.802828364288711
1163.6,14.658090709869679
1163.8,14.454422859962552
1164.0,14.546448372213263
1164.2,14.631462592589008
1164.4,14.334782456097797
1164.6,14.516718853047655
1164.8,14.534725222255641
1165.0,14.326685738095417
1165.2,14.507818519382722
1165.4,14.471297967328367
1165.6,14.593035814310442
1165.8,14.530546359572387
1166.0,14.601057733672963
1166.2,15.009732739025509
1166.4,14.480817205634263
1166.6,14.850427445301532
1166.8,14.823384801702804
1167.0,14.885184873596577
1167.2,15.275885562300196
1167.4,14.835389902559765
1167.6,14.743403169310273
1167.8,14.671738771342902
1168.0,15.241662809829993
1168.2,15.025002701864949
1168.4,15.679376960036155
1168.6,15.438015662099007
1168.8,15.324711810837687
1169.0,15.318070292413124
1169.2,15.172819664505052
1169.4,14.882605712957806
1169.6,15.084138067475514
1169.8,15.00596743208619
1170.0,15.007846231827395
1170.2,15.422154460026626
1170.4,15.030170127536554
1170.6,15.00957776369476
1170.8,14.531888655724941
1171.0,14.614530017560643
1171.2,14.514609190289466
1171.4,14.457154420754874
1171.6,14.379507016705201
1171.8,14.713509245289027
1172.0,14.805587080260867
1172.2,14.934670164068534
1172.4,14.732189790158445
1172.6,14.65661655476256
1172.8,14.64495513558953
1173.0,14.817800956800507
1173.2,14.845870419313197
1173.4,14.78567356771112
1173.6,14.771578065214868
1173.8,14.942060971664354
1174.0,14.667629263488172
1174.2,14.519717952862564
1174.4,14.811804966330456
1174.6,14.662401239572773
1174.8,14.949689002713502
1175.0,15.080580233825778
1175.2,15.304505007048107
1175.4,14.786894999082094
1175.6,14.668205099236612
1175.8,15.099114591904133
1176.0,14.77991709961936
1176.2,14.747526359357332
1176.4,14.673405646249389
1176.6,15.050692553658632
1176.8,15.076065231929299
1177.0,14.53204190496545
1177.2,14.42428481002661
1177.4,14.340460200083903
1177.6,14.228805112256047
1177.8,14.470368442660691
1178.0,14.413710911502138
1178.2,14.438600803209669
1178.4,14.672120021769173
1178.6,15.117990943283367
1178.8,14.871103999637615
1179.0,14.93777391720755
1179.2,15.418565256036043
1179.4,15.46792424475986
1179.6,14.947058212716101
1179.8,15.225724442948263
1180.0,14.530959315472852
1180.2,14.666503094084842
1180.4,14.67169741346607
1180.6,14.851615392831079
1180.8,14.455036817395534
1181.0,14.648264238117147
1181.2,14.795161617583357
1181.4,14.854280797798543
1181.6,14.80803638571139
1181.8,14.987204741809101
1182.0,15.012163274564568
1182.2,14.914651265264531
1182.4,14.940842441402673
1182.6,14.569412229326327
1182.8,14.777272924375351
1183.0,14.783190357848532
1183.2,14.502482345539146
1183.4,14.779052435676663
1183.6,14.65022809330975
1183.8,14.810484956812587
1184.0,15.080367672582423
1184.2,14.660868197533794
1184.4,15.169077976002479
1184.6,14.742928159931129
1184.8,14.812561099379394
1185.0,14.842782030983876
1185.2,14.547279539105702
1185.4,14.290008411153753
1185.6,14.41128988190502
1185.8,15.033282027291634
1186.0,15.052179165738345
1186.2,14.781254737710917
1186.4,14.811406560149155
1186.6,15.108117752351193
1186.8,15.623661952425998
1187.0,15.821652901931945
1187.2,15.763065938764019
1187.4,15.657519389574855
1187.6,15.63127233219349
1187.8,15.53638010362368
1188.0,15.586960260788477
1188.2,15.1895498477672
1188.4,15.026531601474815
1188.6,15.596102054824538
1188.8,15.578852053739842
1189.0,15.007242857713841
1189.2,15.41415261752135
1189.4,15.382888896633592
1189.6,16.299021386550987
1189.8,15.65363171265779
1190.0,14.981853367032372
1190.2,15.056062120463649
1190.4,15.273616289203273
1190.6,15.791208579125817
1190.8,15.997526542409659
1191.0,15.394706891890305
1191.2,15.422181980903826
1191.4,15.59696367878175
1191.6,15.571360736001827
1191.8,15.204645693881115
1192.0,15.084303424951672
1192.2,14.90184569995376
1192.4,15.37878636940242
1192.6,15.209296570130187
1192.8,15.180942664119495
1193.0,15.705731613996516
1193.2,15.537260995518071
1193.4,15.708979571223928
1193.6,15.190385209487776
1193.8,15.334714245150028
1194.0,15.621913187933142
1194.2,15.60447835898888
1194.4,15.684990760436596
1194.6,15.529602951101708
1194.8,15.192303327110825
1195.0,15.332947156518264
1195.2,15.013404131922446
1195.4,15.179816360777165
1195.6,14.99867132266445
1195.8,15.201780760215167
1196.0,15.300041613661632
1196.2,15.507711659654788
1196.4,15.814601812147346
1196.6,15.946632324188702
1196.8,15.993396238661475
1197.0,15.456103696443053
1197.2,15.905401969645403
1197.4,15.02142246695632
1197.6,15.18309458725996
1197.8,15.210044168935665
1198.0,15.45625276140488
1198.2,14.989007239253635
1198.4,14.72012628266963
1198.6,14.680876799586768
1198.8,14.620560267434367
1199.0,14.516348954626213
1199.2,14.658297275254197
1199.4,14.937331369759416
1199.6,14.592739283633858
1199.8,14.846408443740382
1200.0,14.617686016297025
1200.2,14.439495166191769
1200.4,14.593647128028644
1200.6,14.405328490908664
1200.8,14.73640962566886
1201.0,14.70599941755443
1201.2,14.676813584494097
1201.4,14.345175571326134
1201.6,14.53709592196326
1201.8,13.94226953034477
1202.0,14.452556578765453
1202.2,14.98774492334839
1202.4,15.154056286753812
1202.6,15.475305503597866
1202.8,15.805891592927225
1203.0,15.490266995036613
1203.2,15.204541852515574
1203.4,15.304611849212717
1203.6,15.373002738672826
1203.8,15.372032820950883
1204.0,16.057816305357232
1204.2,15.770565889562258
1204.4,15.802526133043301
1204.6,15.658783040163804
1204.8,15.432664751463305
1205.0,14.989681047255047
1205.2,15.508068132748436
1205.4,15.553223088372214
1205.6,15.50883713846205
1205.8,15.081508059172945
1206.0,15.427708452078903
1206.2,14.993006193691008
1206.4,15.392887960110823
1206.6,15.33787632933449
1206.8,15.357499088023143
1207.0,15.037281485005238
1207.2,15.042769809297239
1207.4,15.072665822516388
1207.6,14.906195784058704
1207.8,15.299804311942731
1208.0,14.880049603219243
1208.2,14.915069836238457
1208.4,15.231943170122777
1208.6,15.294397786978775
1208.8,14.803621117861018
1209.0,15.03066423806602
1209.2,14.60101003767739
1209.4,14.794630597866373
1209.6,15.228517894389793
1209.8,15.219419980853246
1210.0,15.157621846319085
1210.2,14.981624145244147
1210.4,14.62372933894888
1210.6,15.501735107416625
1210.8,15.743066536649424
1211.0,15.315675025628723
1211.2,15.051640398992296
1211.4,14.826788648697455
1211.6,14.610757172998989
1211.8,14.44309052507247
1212.0,14.210537095222811
1212.2,14.622867268620713
1212.4,14.36421775164555
1212.6,14.474285368042604
1212.8,14.881373227822321
1213.0,14.461287247960545
1213.2,14.248943733124118
1213.4,14.582357388671205
1213.6,15.083889812532288
1213.8,14.719061823458242
1214.0,15.038701467277223
1214.2,15.30849240164967
1214.4,14.83696724477511
1214.6,14.434796248028473
1214.8,15.411313652685646
1215.0,15.122324025965348
1215.2,15.422244352985938
1215.4,15.1672166087644
1215.6,15.076681670010657
1215.8,15.335782393137551
1216.0,15.571202858068476
1216.2,15.529821949722455
1216.4,15.712664734521445
1216.6,15.630042753976369
1216.8,15.355377331465533
1217.0,15.72117704812813
1217.2,15.784339180817739
1217.4,15.509315122273332
1217.6,15.369664580656234
1217.8,15.309559971125237
1218.0,15.385618740654738
1218.2,16.27903196618536
1218.4,16.094210565841372
1218.6,15.147923106532682
1218.8,15.294277706266456
1219.0,15.008835974052076
1219.2,14.826020604046839
1219.4,15.05539805983802
1219.6,14.92151305961995
1219.8,14.66559566343744
1220.0,14.857608241360435
1220.2,15.405648658333785
1220.4,15.477151019337182
1220.6,15.236045303116184
1220.8,15.34196616670182
1221.0,15.55534103347638
1221.2,15.929265254838516
1221.4,16.47915802252107
1221.6,15.920572712460903
1221.8,15.753059047399109
1222.0,15.528709704566875
1222.2,15.015995106089004
1222.4,15.513477558558666
1222.6,15.551256033311773
1222.8,15.222997168311316
1223.0,15.214644723761433
1223.2,15.282836029824228
1223.4,15.541726040860915
1223.6,15.845972596239983
1223.8,15.840057773401883
1224.0,16.196568413243718
1224.2,16.42402434832512
1224.4,16.627738337367738
1224.6,16.84924857436487
1224.8,16.404319133242208
1225.0,16.846610423242037
1225.2,16.404621093996138
1225.4,16.089311547059026
1225.6,16.64836359894658
1225.8,16.744551261865816
1226.0,16.06213323453186
1226.2,16.335757845060712
1226.4,16.506004195511675
1226.6,16.257915791006987
1226.8,16.688493336508245
1227.0,16.469002984086284
1227.2,15.961036159402822
1227.4,15.544049691957811
1227.6,15.711358543222062
1227.8,15.952609847479177
1228.0,16.473074150137023
1228.2,16.330526771848604
1228.4,16.337128121053695
1228.6,15.898527055050103
1228.8,16.272382928918034
1229.0,16.44069610609092
1229.2,16.746627546620537
1229.4,16.23185150124116
1229.6,17.87078248296043
1229.8,17.47946496272079
1230.0,17.725505099852533
1230.2,17.308078216387745
1230.4,17.370825789673333
1230.6,17.02536447262217
1230.8,16.756011271100114
1231.0,16.37184280657741
1231.2,16.135831203844514
1231.4,15.966888515377056
1231.6,16.00595257039939
1231.8,15.863782898171673
1232.0,15.445939480908681
1232.2,15.14594871947877
1232.4,15.71051565519738
1232.6,15.36505770778788
1232.8,15.85636850638495
1233.0,15.523686859121105
1233.2,15.476194182013778
1233.4,15.26324914739386
1233.6,16.1335396762752
1233.8,16.314466993721467
1234.0,15.96861655406435
1234.2,15.610501473274805
1234.4,16.27433109682077
1234.6,15.581560458356762
1234.8,15.58081500909709
1235.0,15.841381487573736
1235.2,15.455804152313897
1235.4,15.484631113724435
1235.6,16.096168654095976
1235.8,16.81691018243445
1236.0,16.48747827977575
1236.2,15.786310739977534
1236.4,15.979915483108302
1236.6,15.767005297253792
1236.8,16.499521358537265
1237.0,15.985407365732996
1237.2,15.902229425931552
1237.4,15.407356746452441
1237.6,15.453063261758963
1237.8,15.710785628549669
1238.0,15.852721515854874
1238.2,15.365485380217487
1238.4,15.94114463831399
1238.6,16.088577582959125
1238.8,16.41742676278041
1239.0,16.10519855238197
1239.2,16.2346407874132
1239.4,15.897152850967993
1239.6,16.010373542547903
1239.8,16.257748711090056
1240.0,16.143437917396795
1240.2,16.392308882594993
1240.4,15.762515183210322
1240.6,15.81064243822508
1240.8,15.99819972686933
1241.0,15.614583894016299
1241.2,15.711191401044655
1241.4,16.148693969952387
1241.6,15.930105030698643
1241.8,16.103381464252557
1242.0,15.863655778260974
1242.2,15.742720570383774
1242.4,15.848977658920662
1242.6,16.391095209833935
1242.8,16.22785737208146
1243.0,15.561234506244855
1243.2,15.562740768533796
1243.4,15.7480950065304
1243.6,15.968590122928752
1243.8,15.800542760483998
1244.0,15.948911524774696
1244.2,15.783965503526955
1244.4,16.276035449483754
1244.6,16.049843329837067
1244.8,15.945506758451959
1245.0,16.147516165124934
1245.2,16.41426293947098
1245.4,16.29990354575733
1245.6,16.026700689255897
1245.8,15.854784597867532
1246.0,16.161458323919977
1246.2,15.803739874777031
1246.4,16.114718386652097
1246.6,15.725314052462151
1246.8,16.04407136169862
1247.0,16.08359797379567
1247.2,15.694838219538163
1247.4,16.22172141714801
1247.6,16.15481537407097
1247.8,15.601295968576988
1248.0,15.838467658148275
1248.2,15.500841712571818
1248.4,15.660353667930096
1248.6,15.54861631043998
1248.8,15.727018986642635
1249.0,15.3925049378738
1249.2,16.0501697433841
1249.4,16.07176031287091
1249.6,15.839725452377117
1249.8,16.042000938063214
1250.0,16.238744819157557
1250.2,15.802979191503454
1250.4,15.20935609832916
1250.6,15.804685775898955
1250.8,16.217625356154194
1251.0,16.09162488846408
1251.2,15.781157444499271
1251.4,16.157184933467565
1251.6,16.094217380386144
1251.8,16.249365623274656
1252.0,16.176650236858556
1252.2,15.99326862107407
1252.4,16.146360230364195
1252.6,15.595591145572048
1252.8,14.892629840875989
1253.0,14.88927139908972
1253.2,15.344727022553485
1253.4,15.1159189683884
1253.6,15.485229984102336
1253.8,15.137777144666327
1254.0,15.185458974678008
1254.2,15.264768548694697
1254.4,15.25695342496434
1254.6,15.70548569485134
1254.8,15.211733086128431
1255.0,15.361185038767415
1255.2,15.392503325103263
1255.4,15.681707936093652
1255.6,15.724613855487535
1255.8,15.728881096752758
1256.0,16.654959460685966
1256.2,16.14049477770425
1256.4,16.371314835728363
1256.6,16.015895165543682
1256.8,15.954841747966313
1257.0,16.603307959847214
1257.2,16.673831755682414
1257.4,16.879393995383452
1257.6,17.280733665216186
1257.8,17.282532330510932
1258.0,17.263828442335427
1258.2,17.5152687942335
1258.4,16.460632279458206
1258.6,17.141605733037114
1258.8,16.819243290327442
1259.0,16.574564452135835
1259.2,17.553328405738387
1259.4,16.570090617657982
1259.6,17.07275673179654
1259.8,16.673540821327276
1260.0,16.250176760508154
1260.2,16.85791883703887
1260.4,16.4822114708038
1260.6,16.23187203179092
1260.8,16.04679505068848
1261.0,16.0917161718439
1261.2,15.907811807109443
1261.4,16.188655676643883
1261.6,15.970628256195544
1261.8,15.61540552583455
1262.0,15.962065711298267
1262.2,16.056844246003298
1262.4,16.14655145315778
1262.6,16.101579357635224
1262.8,16.22796266052802
1263.0,16.107983684266294
1263.2,16.440565929070292
1263.4,16.66171478976611
1263.6,16.581427767648606
1263.8,16.372187173072735
1264.0,15.788934396402167
1264.2,16.419482119963416
1264.4,16.217155105078476
1264.6,15.974229861766794
1264.8,15.960629344042038
1265.0,15.636976707615492
1265.2,15.443096244913729
1265.4,15.257753059592407
1265.6,15.367828452832393
1265.8,15.216583751217371
1266.0,15.152018736808177
1266.2,15.388993176576392
1266.4,14.85971834182623
1266.6,15.248359017871504
1266.8,15.287108351566172
1267.0,15.171812651976799
1267.2,15.74511923748238
1267.4,15.617430358104418
1267.6,15.942838559364844
1267.8,15.38231513891873
1268.0,15.623572434134239
1268.2,15.572385495465513
1268.4,15.474919167200529
1268.6,15.623902570110458
1268.8,15.552500194435769
1269.0,15.31534744596344
1269.2,15.8608410384632
1269.4,15.740112926120213
1269.6,15.53176466811632
1269.8,15.786787580501063
1270.0,15.579646912733125
1270.2,15.434097151404892
1270.4,15.44178868524636
1270.6,16.25527847731988
1270.8,16.44353117973943
1271.0,16.463647230255944
1271.2,16.138259929863374
1271.4,16.120234609943513
1271.6,16.187501130339783
1271.8,16.439430678970545
1272.0,16.262864116915686
1272.2,16.59901538182559
1272.4,17.163170118700105
1272.6,17.08454875962765
1272.8,16.77043499852245
1273.0,16.766754117364847
1273.2,16.69327967651058
1273.4,17.684578844429982
1273.6,17.977710992299535
1273.8,18.405720491491
1274.0,17.84001683877006
1274.2,17.881276841278133
1274.4,17.70100524354383
1274.6,17.432933280142805
1274.8,18.196159601996825
1275.0,17.303176173454503
1275.2,18.050679013378183
1275.4,17.955385252897305
1275.6,17.974604720514055
1275.8,18.069879654063957
1276.0,17.41034071391689
1276.2,18.296885908863963
1276.4,17.681491300348537
1276.6,17.88377981418193
1276.8,18.10378414790902
1277.0,17.5444057055577
1277.2,16.46361221779681
1277.4,15.345180443705466
1277.6,14.613095320904621
1277.8,14.976443972789294
1278.0,15.679414447005968
1278.2,15.634429644309247
1278.4,15.369105204430243
1278.6,15.788787579481092
1278.8,15.196587951396
1279.0,15.548361958868824
1279.2,15.936315253141132
1279.4,15.471138714092108
1279.6,15.878715866566784
1279.8,15.091787704866926
1280.0,15.20184176813271
1280.2,15.832522597213316
1280.4,16.97899853334788
1280.6,17.34833784006425
1280.8,17.449072624815848
1281.0,18.037847303742947
1281.2,17.767666448969766
1281.4,17.93903180080045
1281.6,17.373424457289296
1281.8,17.747786434907983
1282.0,17.193083309179386
1282.2,17.101625739255766
1282.4,16.808646296239246
1282.6,17.081958467442135
1282.8,17.295458571408712
1283.0,17.123635721510173
1283.2,16.790325275840264
1283.4,17.602907557315273
1283.6,17.569534838068407
1283.8,17.430812265845653
1284.0,17.367552992137373
1284.2,17.640883954178893
1284.4,17.99156641530513
1284.6,17.824445228580878
1284.8,17.93689739258141
1285.0,16.82374271119684
1285.2,17.389326761985263
1285.4,17.044814375261936
1285.6,16.0149745575658
1285.8,16.26226437589857
1286.0,16.251235910657275
1286.2,17.092349820078276
1286.4,17.570550418347306
1286.6,16.634188892989272
1286.8,16.84188447730094
1287.0,17.216745540802524
1287.2,16.604818935059026
1287.4,17.021352131314924
1287.6,16.921903328360596
1287.8,17.193576032237367
1288.0,16.298577252363135
1288.2,17.2750024101764
1288.4,16.818131462248026
1288.6,17.2556257301516
1288.8,17.072784694282376
1289.0,16.560473638629826
1289.2,17.265075577663062
1289.4,16.54543850051742
1289.6,16.479216500852424
1289.8,17.06192124101455
1290.0,17.03113887302409
1290.2,16.259225402231156
1290.4,16.23749497837943
1290.6,16.85388002399612
1290.8,17.41094037197185
1291.0,16.287431417795638
1291.2,16.069887025517225
1291.4,17.03970039867943
1291.6,17.213926114159385
1291.8,16.609789162369562
1292.0,16.301166584709893
1292.2,16.870657935263043
1292.4,16.473324451497582
1292.6,16.021712114271885
1292.8,15.938269286372314
1293.0,15.675313062436016
1293.2,15.369990649644151
1293.4,15.375581212135714
1293.6,15.32144536910634
1293.8,15.792471342214771
1294.0,16.33304494766328
1294.2,15.903299333360795
1294.4,16.40231374454286
1294.6,16.88652197251062
1294.8,16.477945019384567
1295.0,15.890856181572797
1295.2,16.11475182937338
1295.4,16.24134537108106
1295.6,15.266118883420088
1295.8,15.577515195892705
1296.0,15.411394337996047
1296.2,15.410331584267505
1296.4,15.111382698520291
1296.6,15.142914628174013
1296.8,15.83058036310171
1297.0,15.419736169291651
1297.2,15.360113110107779
1297.4,14.888171764492903
1297.6,14.918428944786283
1297.8,15.41391971029702
1298.0,15.957379103767211
1298.2,16.36772964736428
1298.4,16.575701954641584
1298.6,17.28134379353258
1298.8,17.07629845416298
1299.0,16.780108808111144
1299.2,16.41966792049851
1299.4,16.950549752978063
1299.6,17.390807052705647
1299.8,16.7077012631812
1300.0,16.944992012198924
1300.2,16.097711396538543
1300.4,15.721655105698405
1300.6,16.62472362871152
1300.8,16.898961839823464
1301.0,16.48742006127043
1301.2,17.191263009987942
1301.4,16.959210783100694
1301.6,17.26365498750369
1301.8,17.98831941664313
1302.0,17.522299338503544
1302.2,17.563216739469883
1302.4,16.908086741503265
1302.6,17.486842585598506
1302.8,17.808628347578757
1303.0,17.959919615467662
1303.2,17.505912637716406
1303.4,17.767534125595468
1303.6,18.471261671844587
1303.8,17.983130431983025
1304.0,18.342999720091708
1304.2,17.987961277073822
1304.4,17.354646796370467
1304.6,16.894901637294623
1304.8,16.854892277194857
1305.0,17.177394028682716
1305.2,17.810526080852394
1305.4,18.047718266249653
1305.6,17.332666015059374
1305.8,16.344700777742773
1306.0,15.940819500307605
1306.2,16.699579878183847
1306.4,16.210909763997414
1306.6,17.12886989711364
1306.8,16.786203796662353
1307.0,16.61528777942231
1307.2,16.15513677788909
1307.4,16.087760200569107
1307.6,15.668358335472046
1307.8,15.816187309659435
1308.0,15.561491838146658
1308.2,15.777071911286063
1308.4,15.964322316499578
1308.6,15.711482997384982
1308.8,16.702218779781596
1309.0,16.504824241658454
1309.2,16.567401690659334
1309.4,16.451816357896682
1309.6,16.771447825332025
1309.8,16.622664126261498
1310.0,16.13855525641594
1310.2,16.917780999628782
1310.4,16.84229267272037
1310.6,16.60995350985504
1310.8,16.342913939491783
1311.0,17.354420882729322
1311.2,16.486063732130994
1311.4,16.623805906152043
1311.6,16.56849868817217
1311.8,16.3651310173444
1312.0,16.39330161492191
1312.2,16.51905964044133
1312.4,15.860280076464107
1312.6,16.011459473636705
1312.8,16.012968851147473
1313.0,16.499715936563465
1313.2,15.925525608051302
1313.4,16.169346695970614
1313.6,15.823548525799529
1313.8,15.925211641487284
1314.0,15.604434804409896
1314.2,15.999441231531746
1314.4,16.219186263930062
1314.6,16.764233884405726
1314.8,16.10868490891645
1315.0,16.525783143869972
1315.2,17.156887182473085
1315.4,17.094789199380052
1315.6,17.207050849702362
1315.8,17.548435470746742
1316.0,16.048063682316897
1316.2,16.576936833898912
1316.4,16.247435792083383
1316.6,15.941359617052324
1316.8,15.437405551577196
1317.0,15.890082068617966
1317.2,16.18863847397703
1317.4,15.785413927599873
1317.6,16.396439370237417
1317.8,16.187406406416972
1318.0,16.385817097733067
1318.2,16.257100508297967
1318.4,16.07282684594191
1318.6,16.467083738613766
1318.8,16.67049677931492
1319.0,16.901348457101353
1319.2,15.604373002006437
1319.4,15.043496438864768
1319.6,15.664665586080515
1319.8,15.908461759002927
1320.0,15.681845186290634
1320.2,15.202474251169146
1320.4,15.088010214295286
1320.6,15.396044580250285
1320.8,14.959166539974253
1321.0,15.059759591764186
1321.2,15.679091419268321
1321.4,16.02599329014567
1321.6,15.706236201118589
1321.8,15.35870015566041
1322.0,15.226038380623203
1322.2,14.761304378941366
1322.4,15.34719912389072
1322.6,16.005111021204236
1322.8,16.392337608479256
1323.0,16.780208901877348
1323.2,16.281187387053333
1323.4,16.80851048422503
1323.6,16.726580635624785
1323.8,16.90683532397275
1324.0,16.529220552910473
1324.2,16.216126545476964
1324.4,16.465589622397626
1324.6,16.096296868731642
1324.8,15.940651021534727
1325.0,16.30845637597561
1325.2,17.05037161001374
1325.4,17.03702410508048
1325.6,16.40219622199669
1325.8,16.379039310804163
1326.0,16.043910514061157
1326.2,16.912487475663006
1326.4,15.843576482374836
1326.6,15.530968825167255
1326.8,15.847850527307362
1327.0,15.435419400472608
1327.2,16.452038522456633
1327.4,16.830994981525873
1327.6,16.35671063670131
1327.8,16.790727280389717
1328.0,17.131143899276072
1328.2,17.46020574677082
1328.4,16.85618655081689
1328.6,17.0683052919871
1328.8,17.770244020080433
1329.0,17.56869780551732
1329.2,17.192921060335877
1329.4,17.071245208583818
1329.6,16.895826870777483
1329.8,17.575733554007225
1330.0,18.186312790580285
1330.2,17.7757318665746
1330.4,16.495393416566458
1330.6,16.750729642843133
1330.8,16.97497809416032
1331.0,17.445768692887754
1331.2,17.064799007516243
1331.4,16.36971426745275
1331.6,16.3084608399997
1331.8,17.27360659233465
1332.0,18.081744007883554
1332.2,18.022165889384787
1332.4,17.337983282926828
1332.6,17.766231104923058
1332.8,17.19810589773473
1333.0,17.94925628075835
1333.2,17.169081590242794
1333.4,16.394981285267548
1333.6,16.39769284603815
1333.8,17.104939629533153
1334.0,16.56579750583173
1334.2,17.18928336707344
1334.4,17.1649606881245
1334.6,17.51852456921518
1334.8,17.123673059438286
1335.0,17.05434296574492
1335.2,16.798223262093916
1335.4,16.63150636174445
1335.6,16.600562378945416
1335.8,16.450432910286953
1336.0,15.715270124653326
1336.2,16.619955660472378
1336.4,16.843237983086503
1336.6,15.957247844887705
1336.8,16.36037730003977
1337.0,16.17011392592642
1337.2,16.095183067659566
1337.4,16.03912422578318
1337.6,15.761064413322538
1337.8,16.7422112415723
1338.0,15.985214565520797
1338.2,15.952713992120147
1338.4,16.316998654885037
1338.6,16.523939165178128
1338.8,17.209236336273815
1339.0,16.54753350307868
1339.2,16.720244795777436
1339.4,16.77985829659184
1339.6,16.94254245768591
1339.8,16.86311539042994
1340.0,15.62069296694991
1340.2,16.125350505352362
1340.4,16.872063179479596
1340.6,16.79777590019806
1340.8,17.520625511347127
1341.0,17.30724650155311
1341.2,16.17508987982514
1341.4,16.631111532592456
1341.6,16.567615322979115
1341.8,16.53856817512892
1342.0,15.492916518290883
1342.2,15.899204562103208
1342.4,16.187461271846054
1342.6,16.49257550611511
1342.8,16.64085500935912
1343.0,16.69253249764925
1343.2,16.918596803440376
1343.4,17.041869364027292
1343.6,16.49608120855304
1343.8,15.905957519498005
1344.0,16.658289544475206
1344.2,16.891223455175705
1344.4,16.977011654575527
1344.6,17.080524433056695
1344.8,17.1519157587141
1345.0,16.946281107463616
1345.2,17.375368043589106
1345.4,16.12230837102374
1345.6,16.708577814400766
1345.8,16.257785881042192
1346.0,16.05368695886127
1346.2,15.808677926336191
1346.4,16.01806308401295
1346.6,16.307942985021775
1346.8,16.66483237473626
1347.0,17.027252878135506
1347.2,17.23761247094864
1347.4,17.22610825238635
1347.6,17.087959472049757
1347.8,17.237720243711912
1348.0,17.16998026273258
1348.2,17.256187917846766
1348.4,16.663192223491578
1348.6,16.83880464975646
1348.8,17.402465926892226
1349.0,17.385248727041166
1349.2,17.775843902495495
1349.4,17.494411555866662
1349.6,17.60213871652757
1349.8,17.56712404029348
1350.0,17.4624320343477
1350.2,17.194222307543832
1350.4,17.489853333540097
1350.6,17.461211277834003
1350.8,17.64229171350135
1351.0,17.095308923106604
1351.2,17.335207594022638
1351.4,16.61419983529882
1351.6,16.87968138474095
1351.8,17.752614716497
1352.0,17.415120217171516
1352.2,17.201980623857104
1352.4,16.81640692418304
1352.6,16.98123179995589
1352.8,17.2487160430259
1353.0,16.839339389408263
1353.2,17.056292810361143
1353.4,17.52065811129582
1353.6,17.967724952219847
1353.8,18.07105091954447
1354.0,17.862864186583895
1354.2,17.147985873111192
1354.4,16.802329331899124
1354.6,16.274627584777487
1354.8,16.628986307999078
1355.0,16.59961575727183
1355.2,16.912171808192344
1355.4,17.054018949241275
1355.6,17.446829429672007
1355.8,17.5401127653192
1356.0,17.829114880195995
1356.2,17.43260056439534
1356.4,17.436325412387838
1356.6,17.304610591406096
1356.8,17.087976304448144
1357.0,17.31013311330122
1357.2,17.482640023049104
1357.4,17.277105151813682
1357.6,16.292824045197772
1357.8,16.08502099215315
1358.0,17.118274505601832
1358.2,17.303955188022325
1358.4,17.602709133429798
1358.6,16.955905518040353
1358.8,17.141300281498232
1359.0,17.331947314049415
1359.2,17.576683684012394
1359.4,17.773298457573613
1359.6,17.708830282968794
1359.8,17.610840994262603
1360.0,17.31964816078869
1360.2,17.873618089873567
1360.4,17.26670309641391
1360.6,16.708143620721
1360.8,17.864595904177687
1361.0,17.270709985732303
1361.2,17.70620499973969
1361.4,17.875391119243773
1361.6,17.593648565616274
1361.8,17.241135610749836
1362.0,17.60054347604603
1362.2,17.255656743347732
1362.4,17.463254662649238
1362.6,17.44134559028391
1362.8,17.574984613037167
1363.0,17.294623774609693
1363.2,16.349920294847347
1363.4,16.61870257899142
1363.6,16.567565056626027
1363.8,16.125899270177957
1364.0,16.110466416334642
1364.2,16.85781833781871
1364.4,16.79633936805223
1364.6,17.247575262525537
1364.8,17.761098590349956
1365.0,17.855073739019694
1365.2,17.852956953654004
1365.4,17.739869582921894
1365.6,17.409449799439074
1365.8,17.038001670988056
1366.0,16.201526797750365
1366.2,16.372020544825958
1366.4,17.12881855708993
1366.6,17.31913264313123
1366.8,17.59134341114672
1367.0,17.74270936467254
1367.2,16.967717235826694
1367.4,17.05563919268874
1367.6,17.52527731005045
1367.8,17.45646631125278
1368.0,17.577945458929825
1368.2,17.6803143333403
1368.4,17.104646650750027
1368.6,17.24341517597717
1368.8,16.754344090045784
1369.0,16.983007329107835
1369.2,17.304777691231834
1369.4,17.41037484462007
1369.6,17.079429216006503
1369.8,17.402334701601724
1370.0,17.90264508290688
1370.2,17.22397071643169
1370.4,17.249225670271798
1370.6,17.322608418439135
1370.8,17.42770828864594
1371.0,16.448964000341533
1371.2,16.71564679750607
1371.4,16.826592575279346
1371.6,16.8817875798722
1371.8,16.7876976735112
1372.0,17.659747932809648
1372.2,16.482195127348785
1372.4,16.54013069810096
1372.6,16.837216048049157
1372.8,17.580139268374108
1373.0,17.821596521552465
1373.2,17.64221062185786
1373.4,17.297547613515775
1373.6,17.48372099093373
1373.8,17.831348597236133
1374.0,18.007625252526854
1374.2,17.74654501533815
1374.4,17.38815524124115
1374.6,17.76624240304947
1374.8,17.920192903607848
1375.0,17.759725709798843
1375.2,17.180000067062075
1375.4,17.315083095827198
1375.6,17.86697656244502
1375.8,17.56646101978916
1376.0,17.561965085694972
1376.2,17.387709767307175
1376.4,17.445179989392184
1376.6,18.06791418967729
1376.8,17.725472744883014
1377.0,17.531563938813278
1377.2,17.770129973636003
1377.4,17.723291056384735
1377.6,17.792540127375226
1377.8,17.735113934056187
1378.0,18.100413970467592
1378.2,18.755616230454567
1378.4,18.42777450748525
1378.6,17.88341347286628
1378.8,17.849345857103756
1379.0,17.600484039875884
1379.2,17.230840172479972
1379.4,17.751536333409582
1379.6,17.718321369311777
1379.8,17.8446908339713
1380.0,17.882299509267437
1380.2,17.575943609666844
1380.4,17.92214802874818
1380.6,17.24654918271457
1380.8,16.937007514186963
1381.0,16.75557364232337
1381.2,17.105780621316413
1381.4,16.787314859778576
1381.6,16.11503537880196
1381.8,16.877207893786345
1382.0,16.36583088701814
1382.2,16.23559168961566
1382.4,16.59993303479076
1382.6,17.142182112826642
1382.8,16.720649071677293
1383.0,16.694510020411656
1383.2,17.259513020301405
1383.4,16.868177708997234
1383.6,16.757349100844692
1383.8,16.603663799742392
1384.0,16.335621254522795
1384.2,16.378058652423505
1384.4,15.768389648281056
1384.6,16.24039986317114
1384.8,15.690701651407492
1385.0,15.626394084804659
1385.2,16.03442614870275
1385.4,15.689162189690332
1385.6,15.422270104705973
1385.8,15.506561582764517
1386.0,15.836150090040002
1386.2,16.50797950692487
1386.4,16.755186792583004
1386.6,16.730543819239866
1386.8,16.81466129681124
1387.0,16.64000410077486
1387.2,16.078906089452822
1387.4,16.971055500929207
1387.6,17.09552531875402
1387.8,16.847951599682844
1388.0,17.38855801490676
1388.2,17.006981316279248
1388.4,16.63501451026706
1388.6,16.737940870845478
1388.8,17.186655324445926
1389.0,16.779847303497828
1389.2,16.65928241203201
1389.4,16.626131692346714
1389.6,17.17998736305462
1389.8,17.630972394921574
1390.0,17.028626909293358
1390.2,17.164334549574036
1390.4,17.145455997205158
1390.6,16.776140012122347
1390.8,17.04214011195827
1391.0,17.46602130885961
1391.2,16.783421409162948
1391.4,16.768593778076987
1391.6,17.334364940475904
1391.8,17.41637698531111
1392.0,16.818167236381225
1392.2,16.562366612854838
1392.4,17.68457988113013
1392.6,17.153927321063417
1392.8,17.217399641061036
1393.0,17.38770863750457
1393.2,17.04776969865587
1393.4,16.588992272397498
1393.6,16.513977408879867
1393.8,17.065205151524104
1394.0,17.214450530177295
1394.2,17.188393163476285
1394.4,17.3176178886703
1394.6,16.191011136100826
1394.8,16.075068533755488
1395.0,16.858252361797867
1395.2,17.212220283076846
1395.4,16.98867236928423
1395.6,17.412701160801685
1395.8,16.784048359116014
1396.0,17.086308861661873
1396.2,17.06372974431394
1396.4,17.018112569209435
1396.6,16.719649088027083
1396.8,16.553470621161765
1397.0,16.80098825887382
1397.2,16.19524979318339
1397.4,15.978518972850749
1397.6,16.34976385300392
1397.8,16.071365616928514
1398.0,16.199022624450905
1398.2,16.106575863161872
1398.4,16.008087575125344
1398.6,15.989303595371563
1398.8,16.33086933445523
1399.0,16.905574743337688
1399.2,16.83275179971897
1399.4,16.152958332279653
1399.6,15.502110437822632
1399.8,16.09768776846141
1400.0,16.314401595675807
1400.2,16.060021827207883
1400.4,15.803447301829806
1400.6,15.787012705161278
1400.8,15.735307367281777
1401.0,15.8249672125726
1401.2,16.623321497057656
1401.4,16.044695720410402
1401.6,16.10221132884235
1401.8,16.109818709389078
1402.0,16.02658455614369
1402.2,15.953212872310212
1402.4,16.30081717478443
1402.6,16.40921311389208
1402.8,16.39958036609101
1403.0,16.04187168365029
1403.2,16.705089566833536
1403.4,16.50886211568695
1403.6,16.962763075823503
1403.8,16.72164333338705
1404.0,16.51695282914208
1404.2,16.587975377741802
1404.4,16.713326630322534
1404.6,16.243556764473745
1404.8,16.983386123038336
1405.0,16.27729777107743
1405.2,16.481751662465854
1405.4,16.637606591697896
1405.6,16.444732393472144
1405.8,16.662821964041875
1406.0,16.906903922093242
1406.2,16.84402369920903
1406.4,15.91594318568906
1406.6,16.661283546740037
1406.8,16.14175461814607
1407.0,15.188516090959244
1407.2,15.198423089268346
1407.4,14.840489892826685
1407.6,15.561409793577512
1407.8,15.742221669666863
1408.0,15.952398704962018
1408.2,15.663022378471531
1408.4,15.881902480798566
1408.6,15.959150373256657
1408.8,16.10241107128004
1409.0,17.018789088203835
1409.2,16.803581443367083
1409.4,16.75416623283956
1409.6,16.841478937236992
1409.8,17.091216637010092
1410.0,17.218203478400646
1410.2,17.033645099251405
1410.4,16.640537114698294
1410.6,16.648886739386533
1410.8,16.845403680229484
1411.0,16.910392762311478
1411.2,16.509217560780233
1411.4,16.340226655807644
1411.6,16.66208782438178
1411.8,16.80529459352224
1412.0,15.983282398476554
1412.2,16.388422604585354
1412.4,16.062950017857197
1412.6,16.405678171318904
1412.8,15.922725661142872
1413.0,15.920445827010806
1413.2,16.045881740820857
1413.4,16.234668876924136
1413.6,15.96689490760972
1413.8,16.050759370954676
1414.0,15.883637951991254
1414.2,15.610100119021004
1414.4,16.181708271572077
1414.6,14.95436647761689
1414.8,14.629564903916162
1415.0,15.534245811334692
1415.2,16.521574250180507
1415.4,16.7805934667531
1415.6,16.530218421237247
1415.8,16.946696195407196
1416.0,16.636604411376272
1416.2,17.07878102167118
1416.4,16.806398090142423
1416.6,16.821387886237112
1416.8,16.70566719517321
1417.0,15.45002356219767
1417.2,15.40456588007103
1417.4,15.374675579114037
1417.6,15.842402015537669
1417.8,15.81159443326526
1418.0,16.58026100689065
1418.2,16.542261107496614
1418.4,16.465657200358116
1418.6,16.371602229444182
1418.8,16.37849438125474
1419.0,16.352191220555433
1419.2,15.977846850604017
1419.4,15.958597063755022
1419.6,15.544454434295897
1419.8,16.089996785582834
1420.0,15.846080736677733
1420.2,15.068196779917859
1420.4,15.858701777340737
1420.6,15.477092310428674
1420.8,15.4778459296007
1421.0,16.038842021526033
1421.2,15.873235531798102
1421.4,16.14139549721802
1421.6,15.95927347811238
1421.8,16.455560711884235
1422.0,15.404239277050296
1422.2,16.080630840874385
1422.4,16.81628769755932
1422.6,16.984580697508218
1422.8,16.537216155890214
1423.0,16.916886992581055
1423.2,17.419660293679485
1423.4,17.075249407850194
1423.6,17.00566272278528
1423.8,16.572704773440908
1424.0,16.08067666031801
1424.2,16.517713905239397
1424.4,16.53963491606269
1424.6,16.118970635743267
1424.8,16.617570293536772
1425.0,16.177147393072417
1425.2,15.196773990871865
1425.4,15.507928043479675
1425.6,15.431835830844419
1425.8,14.974769705106825
1426.0,15.560156602993185
1426.2,15.232707480425061
1426.4,15.413009236079429
1426.6,16.366274106619414
1426.8,16.68768741302824
1427.0,16.386348701066535
1427.2,15.980076680546045
1427.4,15.746660754842027
1427.6,15.601443165111517
1427.8,15.678684296723874
1428.0,15.667084673329153
1428.2,15.564640302908924
1428.4,15.922458481018808
1428.6,15.933355868976859
1428.8,15.947538676920207
1429.0,15.435090624836072
1429.2,15.154695267561362
1429.4,15.358305289657888
1429.6,15.607198714987078
1429.8,15.743927803279112
1430.0,16.859627282556456
1430.2,16.710891134837546
1430.4,16.754914378236844
1430.6,17.064031068658668
1430.8,16.816413384444417
1431.0,16.942351256785106
1431.2,16.59964664087512
1431.4,16.336885800748735
1431.6,16.467910272112285
1431.8,16.70841272621923
1432.0,17.14198718045
1432.2,16.84738748852154
1432.4,16.1513861384871
1432.6,16.399735269933757
1432.8,15.943437880556264
1433.0,16.458110746755573
1433.2,16.474023688108637
1433.4,16.471116198327532
1433.6,15.992450804308723
1433.8,15.648286656382535
1434.0,14.371508921110491
1434.2,14.182418610689298
1434.4,14.503413783857994
1434.6,14.640674917660203
1434.8,14.227083689608875
1435.0,14.557807167339451
1435.2,14.803522920327595
1435.4,15.80280804337284
1435.6,15.92117200490173
1435.8,15.526200645422827
1436.0,15.499410875943799
1436.2,16.578683700042383
1436.4,16.103087949751774
1436.6,16.107051317021682
1436.8,16.21112508639917
1437.0,15.717077990965436
1437.2,15.420299322545027
1437.4,15.502086007542783
1437.6,15.905130042421645
1437.8,15.852580348995911
1438.0,16.421030721881078
1438.2,16.149110886579457
1438.4,16.742535390193428
1438.6,16.306279098335715
1438.8,16.129053715740127
1439.0,16.26082304394564
1439.2,16.143615430150966
1439.4,16.280153543649757
1439.6,14.932794822838083
1439.8,15.4068554355454
1440.0,16.151651717495504
1440.2,15.947310473375442
1440.4,15.85114202791953
1440.6,16.44180733113642
1440.8,16.328232399282392
1441.0,16.07790504760098
1441.2,15.492286796070651
1441.4,15.52052197003199
1441.6,14.948370724917599
1441.8,14.84998055332249
1442.0,15.062327801664923
1442.2,15.54387297608548
1442.4,15.865195564280102
1442.6,16.136322180443827
1442.8,15.614284724624605
1443.0,16.068588037205
1443.2,16.481788099069302
1443.4,15.71632362098369
1443.6,16.11117421253026
1443.8,16.22843771603214
1444.0,16.604333722093326
1444.2,16.926080782173734
1444.4,16.00990532976505
1444.6,16.094154938119477
1444.8,16.388746535163552
1445.0,16.2806870952243
1445.2,16.067797915757883
1445.4,15.567465525444051
1445.6,15.647704768582251
1445.8,15.494060411012235
1446.0,14.984097823777159
1446.2,14.508697218908475
1446.4,14.830069792126
1446.6,14.954431048400952
1446.8,15.38620539919383
1447.0,14.818452443639142
1447.2,15.084797233902869
1447.4,15.760499205883779
1447.6,15.200967631662635
1447.8,15.30170124861349
1448.0,15.422215762399805
1448.2,14.909740293981514
1448.4,15.266245133442604
1448.6,14.974847615791356
1448.8,14.505285136119507
1449.0,15.25973784134979
1449.2,15.202120814335998
1449.4,14.790706695349055
1449.6,14.59441834753434
1449.8,15.1104131333808
1450.0,15.274272863696652
1450.2,15.48739673375129
1450.4,15.292194642377988
1450.6,14.98821842506663
1450.8,15.713678596943401
1451.0,15.05420010143128
1451.2,15.280992387918378
1451.4,15.422531620152162
1451.6,14.931359976908315
1451.8,15.360010813454581
1452.0,14.972552651913922
1452.2,15.441631855605184
1452.4,15.226875063924705
1452.6,15.685617917450207
1452.8,15.271137142252542
1453.0,15.618580285506702
1453.2,14.870897992696834
1453.4,15.007358951102134
1453.6,14.915402366329145
1453.8,14.890269012349632
1454.0,14.833674260333762
1454.2,15.105068083174952
1454.4,14.965820480395717
1454.6,15.200669447646506
1454.8,15.433855495769176
1455.0,15.379841017329255
1455.2,15.148768923751339
1455.4,15.400371408411836
1455.6,14.884042204739496
1455.8,14.846491541236288
1456.0,15.359733323388333
1456.2,15.399336003743294
1456.4,15.201965044341934
1456.6,15.738018060118407
1456.8,15.705351475748477
1457.0,15.196531270121977
1457.2,15.270750196795921
1457.4,14.995921464636652
1457.6,14.731423022632708
1457.8,14.481897089342793
1458.0,14.354459207510367
1458.2,14.12733361391643
1458.4,14.125642512066145
1458.6,13.908300920870394
1458.8,14.091874230543235
1459.0,13.815213817734284
1459.2,13.98419028280576
1459.4,14.588810302470725
1459.6,14.038488231613133
1459.8,13.871242749144008
1460.0,13.917231686718953
1460.2,13.92332499879203
1460.4,14.154244773126159
1460.6,13.8794678050065
1460.8,14.36270745049763
1461.0,14.30455413211315
1461.2,14.678931926852915
1461.4,14.553366510564327
1461.6,14.46152901793405
1461.8,14.88158071343754
1462.0,14.770147703430442
1462.2,15.223383973439324
1462.4,14.661076272414672
1462.6,14.82638354693126
1462.8,14.493777050542691
1463.0,14.55670285322779
1463.2,14.531800149842626
1463.4,14.61435076355874
1463.6,15.355346357810454
1463.8,15.600438736066348
1464.0,15.777332262065961
1464.2,15.433089262207494
1464.4,15.297614022626956
1464.6,15.701656581618233
1464.8,15.392021797952921
1465.0,15.735016393789925
1465.2,15.681308153932573
1465.4,15.155127450329477
1465.6,14.829401318547323
1465.8,14.555733896754505
1466.0,14.488217412458098
1466.2,14.091924475979843
1466.4,14.75008401497922
1466.6,14.341482312272953
1466.8,14.562070317378545
1467.0,14.623283331995305
1467.2,14.204502103766911
1467.4,14.573691656635035
1467.6,14.5907778321682
1467.8,15.24448420373819
1468.0,15.657899549394926
1468.2,15.447193870157108
1468.4,14.971810017054128
1468.6,14.614066403591554
1468.8,14.776009791226766
1469.0,14.807576480434111
1469.2,15.221795849070425
1469.4,14.862945041913157
1469.6,14.863384235962048
1469.8,14.71860431985403
1470.0,14.400569804713282
1470.2,14.012370454053041
1470.4,14.318125040673817
1470.6,14.685954079421695
1470.8,15.1570410333745
1471.0,15.286848362137972
1471.2,15.158747954346927
1471.4,14.18726644141514
1471.6,14.425990097026835
1471.8,14.032298094597778
1472.0,14.360488114168016
1472.2,14.580590735853274
1472.4,14.810840211841326
1472.6,14.169729886250815
1472.8,14.724378290618612
1473.0,14.239052578642786
1473.2,14.95284132982712
1473.4,14.689666274470213
1473.6,15.014602288895594
1473.8,15.421874493325644
1474.0,15.656425353188595
1474.2,15.293672217853814
1474.4,15.575598363141403
1474.6,15.457538441434897
1474.8,15.391144963353593
1475.0,15.094520851279107
1475.2,15.289975477245195
1475.4,15.388243255172075
1475.6,15.641002489700075
1475.8,15.741903034205134
1476.0,15.52450173103686
1476.2,15.512645878589083
1476.4,15.751108428333412
1476.6,15.562224486593244
1476.8,15.870143687554059
1477.0,15.129471860909609
1477.2,15.343825815989195
1477.4,15.141300379684083
1477.6,15.454414541336556
1477.8,15.730547451506817
1478.0,14.885829495717562
1478.2,14.745622361901678
1478.4,14.50366137364087
1478.6,15.199630863525142
1478.8,15.54199397617735
1479.0,15.273292592903605
1479.2,15.114381573776516
1479.4,14.87090231483264
1479.6,14.796888656662759
1479.8,14.426557430409709
1480.0,14.420881337948174
1480.2,14.651358485556862
1480.4,14.341466513310133
1480.6,14.314142985312943
1480.8,14.341521233958634
1481.0,13.94658484453191
1481.2,14.285532717048973
1481.4,14.284014742858142
1481.6,14.077604536512617
1481.8,14.078341200090081
1482.0,13.995738176048498
1482.2,13.627635615523126
1482.4,13.580837240370855
1482.6,13.30638204895295
1482.8,13.533525364649732
1483.0,13.363235979850785
1483.2,13.301477810828626
1483.4,13.53352312671214
1483.6,13.516822877917727
1483.8,13.805567304749133
1484.0,13.791180553474437
1484.2,14.209891726733591
1484.4,13.970570649839154
1484.6,13.98130718623532
1484.8,14.45799202352232
1485.0,14.052673222440756
1485.2,14.155511764772818
1485.4,14.868412412195326
1485.6,14.813047128751457
1485.8,14.301071376495816
1486.0,14.284272501593557
1486.2,14.313420770194918
1486.4,14.252023810983047
1486.6,15.121146002070528
1486.8,15.361072208941716
1487.0,14.946690166360113
1487.2,14.54258637351626
1487.4,15.389056576584094
1487.6,14.864535594888597
1487.8,14.648743528952103
1488.0,14.492570011353312
1488.2,14.480756062103115
1488.4,14.624948475601506
1488.6,14.638235803855192
1488.8,14.451869584516224
1489.0,14.069448333111158
1489.2,14.414764605925505
1489.4,14.572636268063608
1489.6,14.8253380045189
1489.8,14.232245822621524
1490.0,14.104765791584574
1490.2,13.644472740228702
1490.4,13.875059616384409
1490.6,13.841055777672588
1490.8,13.864486198000511
1491.0,13.73118731371843
1491.2,13.52716077283774
1491.4,13.750661800602257
1491.6,13.620258330913392
1491.8,13.544152977212365
1492.0,13.429626962913206
1492.2,13.562692873869914
1492.4,13.441374334939935
1492.6,13.390204869775246
1492.8,13.48430886100195
1493.0,13.475187339300042
1493.2,13.38587749606923
1493.4,13.400503527701733
1493.6,13.48497505432255
1493.8,13.506212942738273
1494.0,13.46281046339765
1494.2,13.651036795951404
1494.4,13.448127679257091
1494.6,13.403957916738818
1494.8,13.442516949752992
1495.0,13.509205410367988
1495.2,13.473031643593913
1495.4,13.472498986154001
1495.6,13.343181474093855
1495.8,13.541971151675948
1496.0,13.368148286430907
1496.2,13.418959116859197
1496.4,13.462239639391145
1496.6,13.589055028638324
1496.8,13.463935860790627
1497.0,13.443067581974406
1497.2,13.571164611737474
1497.4,13.323853505329131
1497.6,13.52653176853112
1497.8,13.491196256024516
1498.0,13.211872001043673
1498.2,13.54727191704804
1498.4,13.537817032464991
1498.6,13.642763957933377
1498.8,13.542681779421615
1499.0,13.548127660026989
1499.2,13.602429068685382
1499.4,13.613366203788681
1499.6,13.436960524732415
1499.8,13.41942240455344
1500.0,13.520717175544988
1500.2,13.521382745162656
1500.4,13.599733618762667
1500.6,13.692900001879115
1500.8,13.69506249687401
1501.0,13.589879963823549
1501.2,13.58096944131528
1501.4,13.673932623446479
1501.6,13.43305740176663
1501.8,13.401724708325638
1502.0,13.363903093598651
1502.2,13.414102674882464
1502.4,13.502355726618232
1502.6,13.409393016592162
1502.8,13.265725637384842
1503.0,13.396101834791663
1503.2,13.682419617276162
1503.4,13.386638185927861
1503.6,13.611105827000005
1503.8,13.482923301011603
1504.0,13.519926240437986
1504.2,13.480652321646359
1504.4,13.602986274573478
1504.6,13.415953853360822
1504.8,13.374547534879662
1505.0,13.570708333483228
1505.2,13.557259355653784
1505.4,13.512614461639117
1505.6,13.439783367979315
1505.8,13.43970503118202
1506.0,13.425267711447049
1506.2,13.440153601679567
1506.4,13.44157817080337
1506.6,13.479309290386663
1506.8,13.520648825368042
1507.0,13.507035184847766
1507.2,13.456506626633471
1507.4,13.510748828514515
1507.6,13.370327843909116
1507.8,13.464006560793749
1508.0,13.641970442762666
1508.2,13.375409192828885
1508.4,13.579621480013703
1508.6,13.493305271753114
1508.8,13.443313926614666
1509.0,13.608715945775476
1509.2,13.569495611247802
1509.4,13.501531361155655
1509.6,13.588974735732558
1509.8,13.401600449443556
1510.0,13.520992373525338
1510.2,13.330373902760986
1510.4,13.335911757747745
1510.6,13.448453304784117
1510.8,13.703711866921342
1511.0,13.747998499111876
1511.2,13.915955932922067
1511.4,13.720987202927892
1511.6,13.757515394965768
1511.8,13.868678260401627
1512.0,13.810553295535634
1512.2,13.822933974380593
1512.4,13.96673425182896
1512.6,13.828305619325716
1512.8,13.963483178318693
1513.0,13.966074278731373
1513.2,14.549581604724578
1513.4,14.330924938718098
1513.6,14.577292379466734
1513.8,14.084311201141794
1514.0,14.026699536832927
1514.2,14.01556450191136
1514.4,13.81767019764842
1514.6,13.80972503236087
1514.8,13.974629871267839
1515.0,14.080540343296413
1515.2,13.953346801451838
1515.4,14.131522175374672
1515.6,14.016143116885381
1515.8,13.869265141614083
1516.0,13.783872995731397
1516.2,13.895882289476125
1516.4,13.66483298475961
1516.6,13.965663313009124
1516.8,13.964776930465021
1517.0,13.857762305297992
1517.2,13.780786691632345
1517.4,13.645469108786743
1517.6,13.505471828015185
1517.8,13.552621898045656
1518.0,13.830884992075067
1518.2,13.530608486127651
1518.4,13.487594313271982
1518.6,13.405473496194242
1518.8,13.798123188318524
1519.0,13.53140636391248
1519.2,13.859414063083575
1519.4,13.607033710184176
1519.6,13.869433740131491
1519.8,13.966963048287223
1520.0,13.976262595287317
1520.2,14.068718867389514
1520.4,13.96250547867549
1520.6,14.129037017269246
1520.8,14.719113645032866
1521.0,14.003493213456977
1521.2,13.846903448989796
1521.4,14.14769425730433
1521.6,14.191945990369954
1521.8,14.63920233994772
1522.0,14.611595868332275
1522.2,14.45461311392762
1522.4,14.995763483721888
1522.6,14.803397943479323
1522.8,14.655912469674393
1523.0,14.744899829378976
1523.2,15.482299551247468
1523.4,15.232432325437886
1523.6,15.00409514522411
1523.8,15.14330818629668
1524.0,14.570107436890583
1524.2,14.534375718478113
1524.4,14.753243671396314
1524.6,14.608521915667989
1524.8,14.25188551784377
1525.0,14.084522475186654
1525.2,14.70275959907617
1525.4,14.697127639095783
1525.6,14.916365943207415
1525.8,14.724073570219778
1526.0,15.092002772448012
1526.2,14.747507764724672
1526.4,15.306448725124689
1526.6,14.76706170529474
1526.8,15.425394162416076
1527.0,15.289956473212518
1527.2,15.568504014652769
1527.4,15.765251430568561
1527.6,15.881198917512735
1527.8,15.807561871544404
1528.0,15.627285940629065
1528.2,15.503775143438164
1528.4,15.634896113598025
1528.6,15.544096781631607
1528.8,15.51633538268646
1529.0,15.46083733844663
1529.2,15.311866374986955
1529.4,15.56858615524271
1529.6,15.705350496756845
1529.8,15.826314608638581
1530.0,15.66470179754339
1530.2,15.702053917828259
1530.4,15.217469635317308
1530.6,15.497846093336081
1530.8,15.529671226597694
1531.0,15.14778906411134
1531.2,14.918013035764277
1531.4,15.347624233143108
1531.6,15.685845202602442
1531.8,15.08122837785934
1532.0,14.97156261983266
1532.2,15.00050894138224
1532.4,15.344050657496183
1532.6,14.696512198295206
1532.8,14.799656459552535
1533.0,14.904527404666583
1533.2,14.615443886807828
1533.4,14.401225134666744
1533.6,14.830638203004158
1533.8,14.613852592830128
1534.0,14.845037749865188
1534.2,14.987521962631847
1534.4,14.497646521474758
1534.6,14.463772041680294
1534.8,15.092684284317013
1535.0,14.286298153791808
1535.2,14.784644650857008
1535.4,14.54356970196902
1535.6,14.227073810470944
1535.8,14.148892002934257
1536.0,13.939124468893205
1536.2,14.411984059914232
1536.4,14.339555603883284
1536.6,13.928372745495434
1536.8,14.242598952012102
1537.0,14.895602618149821
1537.2,14.657603974616183
1537.4,14.325908975606731
1537.6,14.885208307936201
1537.8,14.98660057686611
1538.0,15.239801864362303
1538.2,14.437877974353698
1538.4,14.662886597338424
1538.6,14.74151876545057
1538.8,14.399315749267936
1539.0,14.441894091583155
1539.2,14.979019795571435
1539.4,14.864836258038942
1539.6,14.688695253358269
1539.8,14.706819601344503
1540.0,14.881013060486472
1540.2,14.745933536849128
1540.4,14.52150754224542
1540.6,15.272797965405617
1540.8,15.037986571723689
1541.0,15.687692187227217
1541.2,15.26432751768625
1541.4,14.828244108038216
1541.6,15.114009355407463
1541.8,14.646698441496813
1542.0,14.38479348200595
1542.2,14.194058360322206
1542.4,15.190524373188495
1542.6,14.338222433628417
1542.8,13.901614852883274
1543.0,13.971660558403036
1543.2,14.108770839399671
1543.4,14.287910729799666
1543.6,14.542732561892572
1543.8,14.81308150489351
1544.0,14.121259841103724
1544.2,14.551585602617731
1544.4,14.620165746651935
1544.6,14.867357362281183
1544.8,15.304517881377262
1545.0,15.22726852696435
1545.2,15.436500248570086
1545.4,15.407410364951811
1545.6,15.447805762604904
1545.8,15.754025391387083
1546.0,15.64951666112586
1546.2,15.903879915509817
1546.4,15.715788961103666
1546.6,15.423766121622895
1546.8,15.779262569338343
1547.0,15.671832911171569
1547.2,15.482137388123292
1547.4,14.747546934028046
1547.6,14.761896213024992
1547.8,14.819290242409862
1548.0,14.890106626143897
1548.2,14.51415035230563
1548.4,14.614331101692706
1548.6,14.555775207091934
1548.8,14.42206235519202
1549.0,15.144784463473632
1549.2,15.179331355572398
1549.4,15.227421423053997
1549.6,15.084493518971808
1549.8,14.462712783595013
1550.0,14.616001055802737
1550.2,14.995324725772699
1550.4,14.335721244659984
1550.6,14.021220168270293
1550.8,14.08424978237029
1551.0,14.068557787665473
1551.2,14.502972660150377
1551.4,14.227468506764012
1551.6,14.125668156081815
1551.8,14.50564081682022
1552.0,14.668971596695421
1552.2,14.309149116717181
1552.4,14.568301414719206
1552.6,14.510795764639274
1552.8,14.876767632379151
1553.0,14.435470362733893
1553.2,14.58943301529491
1553.4,14.342824254452719
1553.6,13.794748840741669
1553.8,14.322278185356081
1554.0,14.405458257588222
1554.2,14.603850929797249
1554.4,15.292520335202402
1554.6,15.245396454972886
1554.8,15.490371400384848
1555.0,14.88850227616429
1555.2,15.2123836604325
1555.4,15.34161022870479
1555.6,15.087930127533786
1555.8,15.637150182785112
1556.0,15.675945206930876
1556.2,15.365144611233614
1556.4,15.660692797076363
1556.6,15.413141879604158
1556.8,15.559577124411073
1557.0,14.92039735747218
1557.2,15.279938732933225
1557.4,15.206766159455006
1557.6,15.308577049627504
1557.8,15.690089180721996
1558.0,15.460818180823825
1558.2,15.49406899667473
1558.4,15.101549667999679
1558.6,15.174790143651954
1558.8,14.621992260087486
1559.0,14.67949731452496
1559.2,14.316255627529841
1559.4,14.339526741190268
1559.6,14.638151370206614
1559.8,14.864200752040436
1560.0,14.355633975815948
1560.2,14.157190999870915
1560.4,14.864188471143198
1560.6,14.573885633106274
1560.8,14.152986603378753
1561.0,13.888680076409885
1561.2,13.800109192052357
1561.4,13.742463740940288
1561.6,13.6104659707651
1561.8,13.543122551338627
1562.0,13.989090364147952
1562.2,13.850467982285188
1562.4,13.847060509991415
1562.6,13.617945197048694
1562.8,13.664949956624044
1563.0,13.632219170154725
1563.2,13.756316890857454
1563.4,13.986646362981809
1563.6,13.955317677941528
1563.8,13.637926015388553
1564.0,13.844084068408215
1564.2,13.711447466301244
1564.4,13.649415065743742
1564.6,13.726119112640824
1564.8,13.65394990282843
1565.0,13.591625297352188
1565.2,13.557406008205191
1565.4,13.732192207227625
1565.6,13.689816640645432
1565.8,13.473671957448815
1566.0,13.729659531874876
1566.2,13.706403752097913
1566.4,13.703311803573534
1566.6,13.806567599088751
1566.8,13.896254361726562
1567.0,13.780223508366241
1567.2,14.027749571247464
1567.4,13.77496277671346
1567.6,13.921313297438576
1567.8,13.606550011145103
1568.0,13.703386933705062
1568.2,13.783754940395765
1568.4,13.745874769802935
1568.6,13.964176071558823
1568.8,13.741244766962202
1569.0,13.635689503700386
1569.2,13.718915133740321
1569.4,13.63305000791147
1569.6,13.685837651545489
1569.8,13.565133857337614
1570.0,13.745170505716084
1570.2,13.796625809699819
1570.4,14.07423957628742
1570.6,14.044889189709437
1570.8,13.990513800623866
1571.0,13.83985608272466
1571.2,14.098470799855976
1571.4,14.00101755387843
1571.6,13.784476036041301
1571.8,14.02319047794695
1572.0,14.343584259572488
1572.2,14.248240620123786
1572.4,14.472991946460855
1572.6,13.937780588003456
1572.8,14.856148673239938
1573.0,15.350503702717797
1573.2,14.637765956540342
1573.4,15.164453455600444
1573.6,15.256619841525708
1573.8,15.258767734860701
1574.0,14.68964481954748
1574.2,14.80318069006768
1574.4,15.067559823480218
1574.6,14.51785811734506
1574.8,14.405638846096803
1575.0,14.716490171095744
1575.2,14.539768630852459
1575.4,15.731544421504767
1575.6,15.64788588116433
1575.8,15.31016329245325
1576.0,14.964974119860452
1576.2,15.571744259439031
1576.4,15.41721824714342
1576.6,15.679143509849423
1576.8,15.297429567123011
1577.0,14.947516216540176
1577.2,15.212929251225415
1577.4,15.158011551363192
1577.6,15.141741093349248
1577.8,14.703432889439995
1578.0,15.08905632940067
1578.2,15.4224601177911
1578.4,15.738905869656946
1578.6,15.762706499174685
1578.8,16.05452403770363
1579.0,15.778484904177475
1579.2,15.768961417538108
1579.4,15.987646535054703
1579.6,15.537932949822132
1579.8,15.20768154285343
1580.0,15.50090926909192
1580.2,15.556077292800477
1580.4,15.54607208899962
1580.6,14.978183526984129
1580.8,15.06774172298011
1581.0,15.517066784746262
1581.2,16.042005518626553
1581.4,15.520050726925687
1581.6,15.152377894718112
1581.8,15.542873117546279
1582.0,15.871478022556607
1582.2,15.923040371365618
1582.4,16.18802177553242
1582.6,16.04841620347019
1582.8,15.780575707847465
1583.0,15.720235580750002
1583.2,15.916714562213222
1583.4,15.58713830390952
1583.6,16.502622747104365
1583.8,16.173610851492768
1584.0,15.742499264049119
1584.2,15.861929209593878
1584.4,15.81484691303801
1584.6,15.823908094707587
1584.8,15.798267745944635
1585.0,15.718179503321604
1585.2,15.238408646198106
1585.4,15.102366404756832
1585.6,15.482921223357337
1585.8,15.621623074890751
1586.0,15.38161601511067
1586.2,15.055791824421267
1586.4,15.197710646926907
1586.6,15.53538694149214
1586.8,15.72675941675703
1587.0,14.89532814326532
1587.2,15.314934700203558
1587.4,15.608623959177484
1587.6,15.36239378722205
1587.8,15.184438739493089
1588.0,15.487057047316203
1588.2,15.092841430225333
1588.4,15.165772224192864
1588.6,15.275686224906316
1588.8,15.466335722975533
1589.0,14.700189870328357
1589.2,15.090369880484795
1589.4,14.971517632632128
1589.6,15.149411670783763
1589.8,15.109494031421809
1590.0,15.034355133167562
1590.2,15.297456825342831
1590.4,15.752665023471975
1590.6,15.329824817822558
1590.8,15.574421456948178
1591.0,16.02033494828621
1591.2,15.239734637934454
1591.4,15.470912986822608
1591.6,15.566044388012212
1591.8,16.135143537018788
1592.0,15.436758028601025
1592.2,15.029849827118264
1592.4,15.120373002399731
1592.6,15.003577378724977
1592.8,14.64870619843111
1593.0,15.005146607400796
1593.2,14.492719773359672
1593.4,14.368738207047622
1593.6,15.149134509104918
1593.8,15.021435088158956
1594.0,15.378974974844326
1594.2,15.594676844373803
1594.4,15.825118144109142
1594.6,15.73743349996489
1594.8,15.557571092781036
1595.0,15.643233886365312
1595.2,15.775365755533517
1595.4,16.111834845736986
1595.6,15.841278016054414
1595.8,15.748303406019792
1596.0,16.015577632085886
1596.2,16.11859132615945
1596.4,16.175218921464342
1596.6,16.15791915056282
1596.8,16.170776252765357
1597.0,16.208570804092123
1597.2,16.195693939610315
1597.4,16.19463460282634
1597.6,16.056712192805215
1597.8,15.650161410848508
1598.0,15.797231089599848
1598.2,15.653798538525102
1598.4,16.097912110365147
1598.6,15.94897727232766
1598.8,16.314671902001376
1599.0,15.714458319701043
1599.2,16.07727119031004
1599.4,16.111522332737415
1599.6,15.868038196242614
1599.8,15.973597980845792
1600.0,15.758705654733106
1600.2,16.21761671995225
1600.4,15.911568889201549
1600.6,14.984949921824779
1600.8,15.232990028350146
1601.0,15.846385697111243
1601.2,16.0372880442185
1601.4,15.726289789676429
1601.6,15.196665345763314
1601.8,15.808445816702324
1602.0,15.892376728324278
1602.2,15.791812518624047
1602.4,15.817381195858342
1602.6,15.945632592755125
1602.8,15.96826855015777
1603.0,15.98040499439805
1603.2,15.807448930336612
1603.4,15.802543511622797
1603.6,15.684526799473616
1603.8,15.723663940804567
1604.0,15.980324269968332
1604.2,16.157351002026097
1604.4,15.935807882511146
1604.6,15.64183964011795
1604.8,15.426371812045565
1605.0,15.350050566856165
1605.2,15.804783469804386
1605.4,15.409679579713595
1605.6,15.345442865772013
1605.8,15.65123421420408
1606.0,15.525478669589086
1606.2,15.959161527583603
1606.4,15.807679061497776
1606.6,15.855935863087055
1606.8,15.982666992534423
1607.0,15.8984390751303
1607.2,16.004487668311647
1607.4,15.762361735191092
1607.6,15.75740086758371
1607.8,15.91393509888831
1608.0,15.97346303900158
1608.2,16.20190648482818
1608.4,15.870293399903098
1608.6,15.338287568682754
1608.8,15.638123515485276
1609.0,15.484569398646942
1609.2,15.080102600682846
1609.4,15.064551439797684
1609.6,15.272132120502313
1609.8,15.51473245953352
1610.0,15.68494104717229
1610.2,14.98534159092108
1610.4,15.19728762164208
1610.6,15.43303744098376
1610.8,15.393971440267668
1611.0,15.128184931664254
1611.2,15.101900128426653
1611.4,15.199420837111115
1611.6,15.527950902674512
1611.8,16.12144287035038
1612.0,16.068826890937572
1612.2,15.817968823369608
1612.4,14.84811975861313
1612.6,14.919499598869203
1612.8,15.413042967569057
1613.0,15.585081718841593
1613.2,15.556394222466528
1613.4,15.722271371345935
1613.6,15.432572088648897
1613.8,15.036673400969221
1614.0,15.030020158477207
1614.2,14.902649462667535
1614.4,14.909922872942914
1614.6,15.148228689461298
1614.8,15.436949770130466
1615.0,15.514020859226555
1615.2,15.76128200167609
1615.4,15.521106940164826
1615.6,15.545693240366546
1615.8,15.440391215338138
1616.0,14.932719457062916
1616.2,14.559470075146884
1616.4,14.394261719966684
1616.6,14.792112384499381
1616.8,14.49616960618913
1617.0,14.55489766129684
1617.2,14.531828242772294
1617.4,14.598210014076878
1617.6,14.550574397248328
1617.8,14.155645483897196
1618.0,14.138375718990389
1618.2,14.158408844016247
1618.4,14.146751771194348
1618.6,13.901212786450072
1618.8,14.14238121346936
1619.0,14.153800648311417
1619.2,14.233605417168615
1619.4,14.438110003192133
1619.6,14.510098468721404
1619.8,14.361486113807725
1620.0,14.722687678347945
1620.2,14.201032003310534
1620.4,14.2603240962616
1620.6,14.615738594924334
1620.8,14.34165457774624
1621.0,13.99460573005575
1621.2,14.682837154767858
1621.4,14.4762231117557
1621.6,14.431395522794123
1621.8,14.744363218595577
1622.0,15.1255342152079
1622.2,14.845556154141434
1622.4,14.265473812237468
1622.6,14.435774547690851
1622.8,14.612914714147893
1623.0,15.405382573413412
1623.2,15.092528966508565
1623.4,14.806039342161712
1623.6,14.418659032645065
1623.8,14.034639575425864
1624.0,13.93850914058704
1624.2,14.138781013552661
1624.4,14.27713849855621
1624.6,14.08583001447461
1624.8,14.110569658640014
1625.0,13.897200063595642
1625.2,13.835670123055499
1625.4,13.854118867165788
1625.6,13.94767076234874
1625.8,14.768543487737379
1626.0,15.08399096334985
1626.2,14.971696908804207
1626.4,15.35842774829427
1626.6,15.08087685002928
1626.8,14.997672037748499
1627.0,14.516099282618287
1627.2,15.250180196791746
1627.4,14.798955590466488
1627.6,13.988967273878723
1627.8,13.773586461628112
1628.0,14.102165074557862
1628.2,14.049248185253331
1628.4,14.047101393166738
1628.6,14.047607699368971
1628.8,14.07144440350547
1629.0,14.064760208699404
1629.2,14.073768076795595
1629.4,14.225856718912148
1629.6,13.973865788167878
1629.8,13.994333662841187
1630.0,13.957833227485658
1630.2,13.762196703178734
1630.4,13.763608363920914
1630.6,13.708637538163948
1630.8,13.706988207727747
1631.0,13.862301384278386
1631.2,14.087017013099679
1631.4,14.082901636279887
1631.6,14.096742354686668
1631.8,14.22824484847216
1632.0,14.228300250344132
1632.2,14.15624392814771
1632.4,14.001327510778363
1632.6,13.933094258670495
1632.8,13.902938395333202
1633.0,13.758093393294747
1633.2,13.963503469008474
1633.4,13.940836379136519
1633.6,14.155127518339054
1633.8,14.369203606649512
1634.0,14.054430599963542
1634.2,14.004345165522277
1634.4,13.775813432355138
1634.6,13.747563694618437
1634.8,13.963427523615891
1635.0,13.851405036927822
1635.2,13.825967932277624
1635.4,13.86444589735478
1635.6,13.689430236644034
1635.8,13.73941394400008
1636.0,13.859898162923301
1636.2,13.910500808198684
1636.4,13.641114168409121
1636.6,13.567507975162735
1636.8,13.691847556754997
1637.0,13.56250449758257
1637.2,13.854520097121073
1637.4,13.698550604997667
1637.6,13.987894902909057
1637.8,13.936909481346136
1638.0,13.8310716208216
1638.2,13.822934683592042
1638.4,13.951190321206344
1638.6,13.98394435328708
1638.8,13.842033698727052
1639.0,13.992852316807802
1639.2,13.832793242960548
1639.4,13.87394328888737
1639.6,13.722937025051568
1639.8,13.650896349514037
1640.0,13.766697043390693
1640.2,13.718389988455863
1640.4,13.652403501136058
1640.6,13.925737076118548
1640.8,13.662233690713972
1641.0,13.747237050637185
1641.2,13.695158232833977
1641.4,13.895117310775378
1641.6,13.76348946553536
1641.8,13.68718700050334
1642.0,13.707541215388446
1642.2,13.629018226708897
1642.4,13.742983214523743
1642.6,13.699976848773952
1642.8,13.616896331148936
1643.0,13.674118231053862
1643.2,13.565253334164833
1643.4,13.654957211674565
1643.6,13.586059514553256
1643.8,13.597846271205276
1644.0,13.648878717718558
1644.2,13.675987904656248
1644.4,13.525578263141485
1644.6,13.61640278410458
1644.8,13.695649622349336
1645.0,13.779449612130572
1645.2,13.73941210834188
1645.4,13.820896730815079
1645.6,13.753967263861291
1645.8,13.626631795373028
1646.0,13.708703047110298
1646.2,13.722795516021835
1646.4,13.603962046476761
1646.6,13.611099372577922
1646.8,13.65849013761352
1647.0,13.781830300125744
1647.2,13.621586356285505
1647.4,13.845715355647279
1647.6,13.872787154375462
1647.8,13.725324784265302
1648.0,13.74365034610182
1648.2,13.842144491281612
1648.4,13.98130788626132
1648.6,13.940835477375845
1648.8,14.003743864729552
1649.0,14.072223865989002
1649.2,14.161891590247077
1649.4,14.050859812212064
1649.6,14.613019482330872
1649.8,14.660205282970736
1650.0,14.875030479370393
1650.2,15.293922038868148
1650.4,15.399775542087003
1650.6,15.583816598578352
1650.8,15.732531978353332
1651.0,16.235132060825535
1651.2,16.145935428552587
1651.4,16.03802605678655
1651.6,15.104091534212582
1651.8,15.379228809760344
1652.0,15.04627490557671
1652.2,15.22972891773777
1652.4,15.269362848451362
1652.6,15.59793283568265
1652.8,14.79842544310249
1653.0,15.64484694943035
1653.2,15.597352681307797
1653.4,15.381028405270998
1653.6,15.599061093665629
1653.8,16.161095719727307
1654.0,15.743650282969861
1654.2,15.206990651867278
1654.4,15.955090411328571
1654.6,16.034901245891668
1654.8,15.672835569310855
1655.0,15.773210758905709
1655.2,15.533941386077164
1655.4,15.560077789527531
1655.6,14.934757280610796
1655.8,14.545314680234913
1656.0,14.658744993781783
1656.2,14.933906545033079
1656.4,14.98005699758959
1656.6,14.947724849329022
1656.8,15.00744538954539
1657.0,15.547329939141896
1657.2,15.254477725399845
1657.4,14.89930518791849
1657.6,14.867846571590347
1657.8,14.801369117979151
1658.0,15.011572153543701
1658.2,15.075857335514
1658.4,14.897879623044272
1658.6,15.35167660745374
1658.8,14.839322955194657
1659.0,15.02677121738829
1659.2,15.004729484062967
1659.4,15.739295616156772
1659.6,15.509719566026337
1659.8,15.322138178704687
1660.0,15.074769463093977
1660.2,15.660263982632365
1660.4,15.34239528477932
1660.6,14.872613071410141
1660.8,15.060105530668036
1661.0,15.360079196309009
1661.2,15.45702112932899
1661.4,15.311202671878931
1661.6,15.36247692704626
1661.8,15.006823307879769
1662.0,15.597417766718273
1662.2,15.078770870002705
1662.4,15.543397564959934
1662.6,15.27560802261705
1662.8,15.409243380257827
1663.0,15.398003420980007
1663.2,15.47226489195197
1663.4,14.932831648153982
1663.6,15.123185998894682
1663.8,15.355934121865927
1664.0,15.249449781156741
1664.2,14.504139258251909
1664.4,14.7103595818126
1664.6,15.039235590435986
1664.8,14.450485494997485
1665.0,14.150986279449967
1665.2,14.283458521646251
1665.4,14.374941033457434
1665.6,13.925261612000256
1665.8,14.24927137555811
1666.0,14.113256591477592
1666.2,13.869222388473652
1666.4,14.38579954433256
1666.6,14.435262651558089
1666.8,14.765756454951992
1667.0,14.273037829041906
1667.2,14.375448740654308
1667.4,14.36644806695027
1667.6,14.121321276187892
1667.8,14.174690644174795
1668.0,14.653368337792605
1668.2,14.366154885517869
1668.4,14.284144839242167
1668.6,14.52636328162866
1668.8,14.121342040168672
1669.0,14.330930471138663
1669.2,14.195028256135219
1669.4,14.687045584096825
1669.6,14.288828531508699
1669.8,14.851180079279267
1670.0,14.53906524040268
1670.2,14.359271098740985
1670.4,14.403889570702429
1670.6,14.287361999980252
1670.8,14.346638771420546
1671.0,14.119647742136355
1671.2,14.365524218085797
1671.4,14.438013174549614
1671.6,14.337645036056339
1671.8,14.037152534332971
1672.0,14.036406195295344
1672.2,13.845034510142803
1672.4,14.05538421598327
1672.6,14.4248621537583
1672.8,14.315676575084737
1673.0,14.047136859452369
1673.2,14.297496584532238
1673.4,14.451618449590793
1673.6,14.573561281641078
1673.8,14.41668353918537
1674.0,14.192725599258079
1674.2,14.48964806742663
1674.4,14.299122255819281
1674.6,14.235522469307417
1674.8,14.567395762494865
1675.0,14.427408209645819
1675.2,14.67566535385573
1675.4,14.801086643667794
1675.6,14.970622847341915
1675.8,14.739654850884282
1676.0,14.731573517538033
1676.2,14.822486883455673
1676.4,15.39311256319859
1676.6,15.138693072314988
1676.8,15.324671473029676
1677.0,15.731314596356489
1677.2,15.11395076092256
1677.4,15.224563630515595
1677.6,14.539771534089974
1677.8,14.678756551382735
1678.0,14.186643043478425
1678.2,14.412827834814232
1678.4,14.29602311380439
1678.6,14.122559407647874
1678.8,13.954224198837327
1679.0,14.35254893353823
1679.2,14.152137100878704
1679.4,14.286981123517513
1679.6,14.46208099178418
1679.8,14.286638142307414
1680.0,14.30707678905683
1680.2,14.55792923504829
1680.4,14.5833271607266
1680.6,14.89283678861349
1680.8,14.81026355088455
1681.0,14.854487893358268
1681.2,14.81502838518688
1681.4,15.081586271274778
1681.6,15.101504219769495
1681.8,15.638778698351883
1682.0,15.12734373427576
1682.2,14.902312356672795
1682.4,15.1256989016424
1682.6,15.036076256746718
1682.8,15.484027773508252
1683.0,15.85983598611968
1683.2,15.849395074957775
1683.4,15.909663112349788
1683.6,15.648933700560868
1683.8,16.17234480204949
1684.0,16.132829169728083
1684.2,16.018729932935564
1684.4,15.426546242301466
1684.6,15.666010156521558
1684.8,15.322472672624867
1685.0,15.71572437346849
1685.2,15.662773171219918
1685.4,16.000653509574484
1685.6,15.823184262588384
1685.8,15.554316996346117
1686.0,15.996708114795393
1686.2,15.622977099735543
1686.4,15.678243186898912
1686.6,15.505203576974198
1686.8,14.870451797774535
1687.0,15.048947061603567
1687.2,15.091378773693991
1687.4,14.723121053143737
1687.6,15.396373451261045
1687.8,15.111011946283712
1688.0,15.554363384407207
1688.2,16.0913776042713
1688.4,15.96158062640334
1688.6,15.937083573544982
1688.8,15.8471640288778
1689.0,16.074746083097658
1689.2,16.149866116068225
1689.4,15.884633504159922
1689.6,15.601374017782778
1689.8,15.218826805263369
1690.0,15.517353309230419
1690.2,15.604375412284284
1690.4,14.974421985116821
1690.6,15.615292485723817
1690.8,15.630983007410714
1691.0,15.359865447184271
1691.2,15.463859401052591
1691.4,15.772319661867364
1691.6,15.821985923351892
1691.8,15.962771079688203
1692.0,16.003464334855103
1692.2,15.245231428411829
1692.4,15.477241641795354
1692.6,15.725440445130264
1692.8,15.623867890995843
1693.0,15.553820585226992
1693.2,15.547696752988271
1693.4,15.089344068482188
1693.6,14.841357479236484
1693.8,14.813041783548586
1694.0,14.71016820012058
1694.2,15.301415891744082
1694.4,15.609686462244753
1694.6,15.561511881889656
1694.8,15.747805427554141
1695.0,16.098563796939008
1695.2,15.798417075567242
1695.4,15.679411731993547
1695.6,16.091398542740514
1695.8,15.584616373729945
1696.0,16.009882968832954
1696.2,15.609872852392295
1696.4,15.994346502810352
1696.6,15.36087529922276
1696.8,15.943944741906186
1697.0,15.93488839901282
1697.2,16.268103970046106
1697.4,16.060611986739136
1697.6,16.193701252466003
1697.8,16.13644127594284
1698.0,15.74533382174212
1698.2,15.378528535377473
1698.4,15.429354614881577
1698.6,16.013555941053447
1698.8,16.096625158932234
1699.0,15.685203417932899
1699.2,16.06392586094294
1699.4,16.077028922385068
1699.6,15.915591505222464
1699.8,16.37627210527964
1700.0,16.10825986390973
1700.2,16.352932614209816
1700.4,16.039865478732082
1700.6,16.042435171399056
1700.8,15.7522181685374
1701.0,15.580448347110103
1701.2,16.192662428041434
1701.4,16.004173090989447
1701.6,16.030710363799272
1701.8,16.073433861193763
1702.0,16.541493418487594
1702.2,16.604593969139344
1702.4,15.749142505091601
1702.6,15.930463519214529
1702.8,15.835706970703523
1703.0,15.70010571132887
1703.2,16.26193821763359
1703.4,16.672180693059126
1703.6,16.290403610747298
1703.8,15.581997364819497
1704.0,15.96648988715225
1704.2,15.950837890426502
1704.4,15.631468126263275
1704.6,15.758067664569193
1704.8,15.478053159972994
1705.0,15.43950696608466
1705.2,15.423610370829504
1705.4,16.02036727119622
1705.6,16.246445146626208
1705.8,15.765400394704814
1706.0,15.699317036315856
1706.2,15.94303280532749
1706.4,16.08152439009305
1706.6,15.956535960411866
1706.8,15.801533593809374
1707.0,16.321674437697872
1707.2,15.801871353185481
1707.4,16.10365983693181
1707.6,15.832463829637328
1707.8,15.365337197809477
1708.0,15.178903655888298
1708.2,15.868587242288195
1708.4,15.935303158800915
1708.6,15.849132604158827
1708.8,15.530553903269706
1709.0,15.6304402784742
1709.2,15.464072956722909
1709.4,15.311553856540511
1709.6,15.630193757041095
1709.8,15.859946129149025
1710.0,15.942728710857871
1710.2,15.257673503962565
1710.4,15.007487224928441
1710.6,15.326126680637044
1710.8,15.684885810569494
1711.0,15.309593326110921
1711.2,15.952750241891922
1711.4,15.633062257192229
1711.6,15.608214795894238
1711.8,15.27000058859336
1712.0,15.35585486138794
1712.2,15.26427403757159
1712.4,15.5073824953102
1712.6,15.073008164281
1712.8,15.229441351749207
1713.0,15.46659229292214
1713.2,15.749077382590102
1713.4,15.881430810153967
1713.6,15.690326585989826
1713.8,15.324821304806637
1714.0,15.37950475752728
1714.2,15.266485654372117
1714.4,15.137838129713195
1714.6,15.035847210059556
1714.8,15.08413973169263
1715.0,15.167285668864551
1715.2,15.1751305995834
1715.4,15.706743526079363
1715.6,15.591905262865726
1715.8,16.123742509021138
1716.0,16.08584370819492
1716.2,15.861781952406353
1716.4,15.904882322027007
1716.6,15.88316090121918
1716.8,16.093177852775163
1717.0,15.499035511883294
1717.2,15.026466782878508
1717.4,15.264898888846378
1717.6,15.683807703072612
1717.8,15.879858105299531
1718.0,15.502734011662975
1718.2,15.665640706894106
1718.4,15.594073569512489
1718.6,15.613278321592004
1718.8,15.54260386075188
1719.0,15.746458086391522
1719.2,15.974677686269054
1719.4,15.93868699312884
1719.6,15.677045244961068
1719.8,15.541552194263966
1720.0,15.452560822029005
1720.2,15.176965527536483
1720.4,15.820033158850315
1720.6,15.669883614890496
1720.8,15.945094655618473
1721.0,15.63745068610422
1721.2,15.592986187576203
1721.4,15.821994773792728
1721.6,15.709850506803695
1721.8,15.494152134556574
1722.0,15.922114571554363
1722.2,15.701609001946306
1722.4,15.522791215419842
1722.6,14.545833063901723
1722.8,14.959983065032558
1723.0,14.757212451092215
1723.2,14.891745286292137
1723.4,14.840783891054183
1723.6,15.407459501465448
1723.8,15.446137802961434
1724.0,15.544077441567845
1724.2,15.76903810838491
1724.4,16.322824836028296
1724.6,15.922859732936953
1724.8,15.274089851740712
1725.0,16.014858502283836
1725.2,16.31621070063637
1725.4,15.85760941125085
1725.6,14.989551900892897
1725.8,14.720506236069557
1726.0,15.009051697148886
1726.2,15.414576565843571
1726.4,16.09034234601487
1726.6,16.10208127290673
1726.8,16.439431577035183
1727.0,15.782379830253014
1727.2,15.479544608460653
1727.4,16.235369614266574
1727.6,16.654084055536526
1727.8,15.525833772156162
1728.0,15.18220273008637
1728.2,15.803788136765231
1728.4,16.45904194474635
1728.6,16.35504825833227
1728.8,16.117935747007493
1729.0,16.365573172532578
1729.2,16.67483410602963
1729.4,16.35588608540101
1729.6,16.39383634873125
1729.8,16.15928685100319
1730.0,16.14012728945436
1730.2,16.107746237793783
1730.4,15.983129074967959
1730.6,16.203112194741855
1730.8,16.047377797029082
1731.0,15.889578231600582
1731.2,15.876866812557859
1731.4,15.015244211906678
1731.6,15.499144924351846
1731.8,15.783193741864102
1732.0,15.680956070711217
1732.2,15.85831018198348
1732.4,15.976637278813362
1732.6,15.850374869610153
1732.8,15.993811246540403
1733.0,16.31038556020694
1733.2,16.362861692074805
1733.4,16.238380321012595
1733.6,15.791728566426709
1733.8,16.17556288824762
1734.0,16.30127740961766
1734.2,16.656197510211385
1734.4,16.51821609208334
1734.6,16.560442030440605
1734.8,16.46957528694127
1735.0,16.101268593042576
1735.2,16.56068512234369
1735.4,16.082021013856874
1735.6,16.72065879661384
1735.8,16.380893889896868
1736.0,16.206518253186637
1736.2,15.964211760014797
1736.4,15.929976291390293
1736.6,16.304623550090945
1736.8,16.322720474468674
1737.0,16.808023608764977
1737.2,16.50142999210817
1737.4,16.045412750081923
1737.6,16.772109598278934
1737.8,16.368032560004295
1738.0,16.303529882012914
1738.2,16.408951807066792
1738.4,16.102866072738493
1738.6,16.23211118114685
1738.8,16.39243078958606
1739.0,15.984678233701722
1739.2,16.030299156208955
1739.4,15.940877981681776
1739.6,15.844172952938942
1739.8,15.764780676033837
1740.0,15.805875236896703
1740.2,16.440136227800433
1740.4,16.438221399415255
1740.6,15.882041753733084
1740.8,15.839831537089339
1741.0,15.851902254541857
1741.2,15.265064948945476
1741.4,15.190059060296708
1741.6,15.173405484465919
1741.8,15.785641538129344
1742.0,15.642914718775689
1742.2,15.826200286953648
1742.4,16.01132250412015
1742.6,16.07721569250473
1742.8,16.11379427663698
1743.0,16.06004869920591
1743.2,15.51523912870669
1743.4,15.14801516227691
1743.6,15.232159303342982
1743.8,15.218166730339671
1744.0,16.157322010432928
1744.2,16.469202413167434
1744.4,15.949587671037202
1744.6,16.04046365534228
1744.8,15.92511255236239
1745.0,16.393085886194385
1745.2,16.215982295275563
1745.4,16.410711899321466
1745.6,15.942493718805771
1745.8,15.997099484667853
1746.0,16.00879047651282
1746.2,15.680337446041491
1746.4,15.515303867784615
1746.6,15.854152854779116
1746.8,15.506727648895156
1747.0,15.67322215356599
1747.2,15.831219986920555
1747.4,15.540919566357934
1747.6,15.73688176918348
1747.8,15.733676894172659
1748.0,15.696541130761927
1748.2,16.406469796493784
1748.4,16.066755836733282
1748.6,16.27914816141289
1748.8,15.952338255434439
1749.0,16.025045695065113
1749.2,16.003042940361734
1749.4,15.449913384946466
1749.6,14.977987894002178
1749.8,15.21465612469413
1750.0,15.35776340301622
1750.2,14.952447102056205
1750.4,15.245941998071865
1750.6,15.229821038458482
1750.8,15.352401150511984
1751.0,15.929605159086613
1751.2,16.069583932559453
1751.4,15.547822685787018
1751.6,15.08694303973706
1751.8,15.170683766446851
1752.0,15.301708176609292
1752.2,15.198234562634916
1752.4,14.744333467505372
1752.6,15.984148745836892
1752.8,15.992115843765815
1753.0,15.653478880483792
1753.2,15.843025658379418
1753.4,15.685841915935875
1753.6,15.273395004563564
1753.8,14.857323806271744
1754.0,15.851667968416184
1754.2,15.408662373253643
1754.4,14.981387195161599
1754.6,14.932025167512876
1754.8,14.98945004269115
1755.0,15.231259718770339
1755.2,14.945989068344637
1755.4,14.920414387079164
1755.6,14.786015071068867
1755.8,15.732745043013598
1756.0,15.171839152408273
1756.2,15.009344508596222
1756.4,15.195880154766934
1756.6,15.438440349383015
1756.8,15.248732577802539
1757.0,15.026801482067238
1757.2,14.808631019598783
1757.4,14.955553969049928
1757.6,15.084556401107559
1757.8,14.755528966833545
1758.0,15.20549271181265
1758.2,15.483288491011189
1758.4,15.302688052601837
1758.6,15.264334487664934
1758.8,15.508597061800494
1759.0,15.615892083260906
1759.2,14.958454841011513
1759.4,15.25205438418116
1759.6,15.057564914763315
1759.8,15.256142699364876
1760.0,15.602511194585064
1760.2,15.230217955723402
1760.4,15.949190345897273
1760.6,16.232272129105265
1760.8,15.626304984832196
1761.0,15.462345701289493
1761.2,15.06567649496853
1761.4,15.389898260270998
1761.6,15.056913131323961
1761.8,15.711222305732077
1762.0,15.058009178480178
1762.2,15.272480379245522
1762.4,15.250948377961091
1762.6,14.560965622611587
1762.8,14.348905463998127
1763.0,14.549281984926308
1763.2,14.316524386280452
1763.4,14.409647700525314
1763.6,14.542129929666771
1763.8,14.25200672531011
1764.0,14.49352252140776
1764.2,14.025575911720157
1764.4,14.354081488124905
1764.6,14.418673890114098
1764.8,14.168363191070075
1765.0,14.471169545607967
1765.2,14.271995672487257
1765.4,14.204863025382688
1765.6,14.29538478595508
1765.8,14.457365483718661
1766.0,14.74232991025698
1766.2,14.816213842487507
1766.4,15.088319615565913
1766.6,14.79132422935784
1766.8,14.517734849062284
1767.0,14.424355241941791
1767.2,14.479185330358506
1767.4,14.30817473241088
1767.6,14.618796115477299
1767.8,14.226401135216351
1768.0,14.375498595168821
1768.2,14.88845246167797
1768.4,14.75486235404566
1768.6,14.305138949507803
1768.8,14.4624538109531
1769.0,14.353149999690553
1769.2,14.215248181127171
1769.4,14.2004103304698
1769.6,14.780540360797742
1769.8,15.141408845846211
1770.0,14.695750988230994
1770.2,14.599885695081923
1770.4,14.59199509195326
1770.6,14.522606339034194
1770.8,15.343774695747353
1771.0,14.898678436079296
1771.2,14.966540015513694
1771.4,14.462499086721989
1771.6,14.558556225030618
1771.8,14.542670421479434
1772.0,14.521715909788986
1772.2,14.318155932812429
1772.4,14.646222708149857
1772.6,14.252051504845419
1772.8,14.316915444278738
1773.0,14.560857029777846
1773.2,14.529076878948565
1773.4,14.734506344159486
1773.6,14.052552146520744
1773.8,14.169429117967738
1774.0,14.206057152989901
1774.2,14.235612835901875
1774.4,13.971605288173004
1774.6,14.046838822712093
1774.8,14.20835050206491
1775.0,14.079266915035015
1775.2,14.13084883793106
1775.4,14.388930152893927
1775.6,14.054636128183933
1775.8,14.173736237283418
1776.0,14.38960316198715
1776.2,14.141419004006403
1776.4,14.126979144656737
1776.6,14.221135417666098
1776.8,14.227932047363863
1777.0,14.192329625995026
1777.2,14.14337716938601
1777.4,14.268168532818413
1777.6,14.091140398017494
1777.8,14.293379736012719
1778.0,14.374331736295954
1778.2,14.400294170776888
1778.4,14.1649569046314
1778.6,14.041993774685789
1778.8,14.329343439296597
1779.0,14.166795866210887
1779.2,14.181681895292574
1779.4,14.041094954905041
1779.6,14.438566119720704
1779.8,14.565485672538616
1780.0,14.815843727008753
1780.2,14.281499018971273
1780.4,14.015714094578726
1780.6,14.025740855999542
1780.8,13.953422784611009
1781.0,14.158274654344027
1781.2,14.081439613356498
1781.4,14.058239855224846
1781.6,14.077717877122355
1781.8,14.60052222659665
1782.0,14.895866399176033
1782.2,15.217847746284992
1782.4,14.719817287048366
1782.6,15.105515467208434
1782.8,14.947953936548865
1783.0,14.97017606665471
1783.2,14.859779468897134
1783.4,15.604973353176568
1783.6,15.1434872038304
1783.8,15.578926845527947
1784.0,15.559297457494043
1784.2,15.834063858106708
1784.4,15.51078677713286
1784.6,15.390862072669451
1784.8,15.094926097074413
1785.0,15.793215665323828
1785.2,15.917652866511192
1785.4,16.40593642643119
1785.6,16.337147496445034
1785.8,16.539393214321723
1786.0,16.783924883614155
1786.2,16.80887183884432
1786.4,16.32924166398461
1786.6,16.681314473044896
1786.8,16.463612988588103
1787.0,16.582264036737595
1787.2,16.701797801539847
1787.4,16.807387933474867
1787.6,15.833457096010456
1787.8,16.75316448421736
1788.0,16.318920442657795
1788.2,16.18378943702368
1788.4,16.031826255367495
1788.6,16.555072560774065
1788.8,15.908950509038098
1789.0,16.649961895221587
1789.2,15.911029072939836
1789.4,16.205434838392517
1789.6,16.382312491107747
1789.8,16.30370674906664
1790.0,15.919133583706394
1790.2,15.931503790966142
1790.4,16.116428462833547
1790.6,15.565167281248332
1790.8,15.26052535077378
1791.0,15.105105957983913
1791.2,14.816208163847907
1791.4,15.713862781106677
1791.6,15.077732994178398
1791.8,15.529544185872613
1792.0,15.945891733072878
1792.2,15.74500344199507
1792.4,15.99152732346267
1792.6,14.966010503488235
1792.8,14.879410902042046
1793.0,15.18475835951108
1793.2,14.457446628389228
1793.4,14.296865214927045
1793.6,14.116354880394738
1793.8,13.923228581244446
1794.0,14.083785980090656
1794.2,14.325172065466486
1794.4,14.147844808175275
1794.6,14.048222588012916
1794.8,14.128535209928879
1795.0,14.059352217772886
1795.2,14.236237319130984
1795.4,14.172245821836771
1795.6,14.288320822179186
1795.8,14.17397181253409
1796.0,14.055625805237476
1796.2,14.267652861279192
1796.4,14.29301875318929
1796.6,14.067081083956374
1796.8,14.365252374821232
1797.0,14.070786237597492
1797.2,13.972052205920768
1797.4,13.768640528398508
1797.6,13.573581865114688
1797.8,13.697538373118531
1798.0,13.762435870528977
1798.2,13.917521357173754
1798.4,13.830774035395404
1798.6,14.121021263675676
1798.8,14.17348623757116
1799.0,14.09867850779257
1799.2,15.079725570441179
1799.4,14.730974365688832
1799.6,14.82590386544224
1799.8,14.407692444059968
1800.0,14.484746795164396
1800.2,14.392570356879723
1800.4,14.345683919556603
1800.6,14.709445506545489
1800.8,15.895458791065327
1801.0,15.56014931565728
1801.2,15.798694366766966
1801.4,15.360954427467927
1801.6,15.733704301757554
1801.8,15.584945185356018
1802.0,15.568696523552772
1802.2,15.87631762793643
1802.4,15.956969709376596
1802.6,15.924754088664159
1802.8,15.908948378006748
1803.0,16.171835199242675
1803.2,16.114258077178327
1803.4,15.392817957562158
1803.6,15.008145756798827
1803.8,15.97302765989804
1804.0,15.251432730666066
1804.2,15.203119591424013
1804.4,15.120498646472214
1804.6,15.13304710392405
1804.8,16.07403848961947
1805.0,16.332525984255245
1805.2,15.860187796443864
1805.4,16.389689397240396
1805.6,16.082463243375248
1805.8,16.155858108623452
1806.0,16.356610337827416
1806.2,16.049013475199164
1806.4,16.03326676148931
1806.6,16.027310494249733
1806.8,16.370421495368216
1807.0,16.134894369071255
1807.2,15.970797634231248
1807.4,16.289812087710562
1807.6,16.01364254006922
1807.8,16.149960500585298
1808.0,16.174070350012894
1808.2,15.979153352279196
1808.4,15.992710002741129
1808.6,14.88889926724112
1808.8,15.476474075867934
1809.0,15.49014750251411
1809.2,15.65914492905295
1809.4,15.967646849126702
1809.6,15.642406078774771
1809.8,15.890252720730624
1810.0,16.081861953104116
1810.2,15.79301092680161
1810.4,15.563625395094258
1810.6,15.854373756867954
1810.8,15.846583461837012
1811.0,16.119885043025867
1811.2,15.83939307805776
1811.4,16.180706314980743
1811.6,16.131100724814747
1811.8,16.046008575521785
1812.0,15.994538877152635
1812.2,16.404084988384145
1812.4,16.250192842047426
1812.6,15.928718825041518
1812.8,15.208252041309354
1813.0,15.667163942810639
1813.2,15.42080987304045
1813.4,16.01565809193123
1813.6,15.974974378450975
1813.8,16.25024950447943
1814.0,16.123644383034318
1814.2,16.011157720589964
1814.4,15.423684266435343
1814.6,15.359352865848493
1814.8,15.612644249098368
1815.0,15.811137101935653
1815.2,15.460353913145822
1815.4,15.894606238110228
1815.6,16.114779840853046
1815.8,15.893444228225421
1816.0,16.14703500024538
1816.2,16.184635252575244
1816.4,15.9545264419028
1816.6,15.93926456789523
1816.8,15.458944087311393
1817.0,15.678296558657232
1817.2,15.936840841528536
1817.4,15.815666229304721
1817.6,15.728523711039536
1817.8,16.02298172867427
1818.0,15.30976577773818
1818.2,15.503521961199736
1818.4,15.78958319903604
1818.6,16.30817862389298
1818.8,16.019105061752313
1819.0,15.815212231226765
1819.2,16.10984602416664
1819.4,15.95486102388692
1819.6,16.29512121687528
1819.8,15.814074642554317
1820.0,15.834233609163606
1820.2,15.624031334314296
1820.4,16.134081419023676
1820.6,16.27453717417023
1820.8,16.19430569862869
1821.0,16.205575285371918
1821.2,16.595537867795663
1821.4,16.523211278890116
1821.6,16.439953225201652
1821.8,16.163230077614113
1822.0,15.602902824564563
1822.2,15.945680476323838
1822.4,15.82407580788666
1822.6,15.913594773002217
1822.8,15.7753971422294
1823.0,15.44596881880025
1823.2,15.84889590136279
1823.4,15.8627540815621
1823.6,16.235697637551812
1823.8,15.741915212842589
1824.0,15.674892896815596
1824.2,15.884781937815848
1824.4,16.47875651641072
1824.6,15.669774051338674
1824.8,15.887482528210377
1825.0,16.237163422465308
1825.2,16.060343654054655
1825.4,16.25888724561622
1825.6,16.149445340917012
1825.8,16.294889679535057
1826.0,16.365574222130114
1826.2,16.344452095107805
1826.4,16.12453547868877
1826.6,15.877070120956613
1826.8,16.104279788691265
1827.0,16.084564474034533
1827.2,16.29357683291515
1827.4,16.612126119384477
1827.6,16.155213386321922
1827.8,16.0156835301788
1828.0,16.310958828666976
1828.2,16.125193700192014
1828.4,16.264029331514582
1828.6,16.187219494316295
1828.8,16.437380403936473
1829.0,15.993408488553163
1829.2,15.90708083929638
1829.4,16.31158744868046
1829.6,16.12111669214881
1829.8,16.07075686685422
1830.0,16.514105826604773
1830.2,16.43700822172732
1830.4,16.32775698552016
1830.6,16.31653697181268
1830.8,16.192499617803428
1831.0,16.19331125337306
1831.2,15.854984828175729
1831.4,15.321148336208935
1831.6,15.966629749208305
1831.8,16.298324520792814
1832.0,15.904481334954179
1832.2,16.87684372308634
1832.4,16.91362033467487
1832.6,16.561948453806405
1832.8,16.31686028825448
1833.0,15.6759256933703
1833.2,15.876300654291391
1833.4,16.252843769217403
1833.6,16.10804127621598
1833.8,15.67888619204709
1834.0,15.45356167970332
1834.2,15.26686801816441
1834.4,15.62487542638895
1834.6,15.23089164229537
1834.8,16.542444111949468
1835.0,16.086261745352036
1835.2,15.974346119563274
1835.4,15.529938773786151
1835.6,15.538432947858063
1835.8,15.044495451008146
1836.0,15.06262098594676
1836.2,15.556776771807497
1836.4,15.542901298162992
1836.6,15.254256096937016
1836.8,14.912399654754779
1837.0,15.276759869591377
1837.2,15.125408949769795
1837.4,15.747818112389663
1837.6,15.636366082140343
1837.8,16.028019908480125
1838.0,16.14944790151379
1838.2,16.352434378666025
1838.4,16.275687540970548
1838.6,16.20111994711879
1838.8,15.84701998957424
1839.0,16.0852603635268
1839.2,16.36110744811458
1839.4,16.297905823803745
1839.6,16.374699648284444
1839.8,16.1590980433334
1840.0,15.79883991281349
1840.2,15.984156663747587
1840.4,16.43363444521574
1840.6,16.14227623132071
1840.8,15.66828903456371
1841.0,15.368918087800855
1841.2,15.62970275474486
1841.4,15.717735994627795
1841.6,15.760764136441326
1841.8,15.57750942026601
1842.0,15.446212827200462
1842.2,15.40693481101873
1842.4,15.822276397970182
1842.6,15.596614997780307
1842.8,15.823323895609693
1843.0,15.564313243280939
1843.2,15.364227534889384
1843.4,15.22437658515865
1843.6,14.778973788194612
1843.8,15.129794736548934
1844.0,15.072434685555463
1844.2,14.576001797607475
1844.4,14.702564117698335
1844.6,14.879563226924656
1844.8,14.826329942674635
1845.0,15.010861005997402
1845.2,14.81206125442814
1845.4,15.11220586498483
1845.6,15.408315286698747
1845.8,15.258754794101094
1846.0,14.509535193009889
1846.2,14.938230729208016
1846.4,15.207940802139783
1846.6,14.37766229841208
1846.8,15.475195772181502
1847.0,15.681506863306714
1847.2,15.522399939510755
1847.4,15.437278861323541
1847.6,15.251256827064667
1847.8,15.464605634860067
1848.0,15.841427107667856
1848.2,15.952641969923572
1848.4,15.729332625695083
1848.6,16.03215300629949
1848.8,16.190226955003755
1849.0,15.929294516824958
1849.2,15.180587172761367
1849.4,15.823870177525201
1849.6,15.290220353478333
1849.8,14.957131599079428
1850.0,15.061505941001878
1850.2,15.11496934337215
1850.4,15.423719076228382
1850.6,14.810003175418627
1850.8,14.89787847791269
1851.0,15.256881754019808
1851.2,15.593128241916057
1851.4,15.476215778212318
1851.6,15.699926279937147
1851.8,15.699185159865836
1852.0,15.713263497146002
1852.2,15.599944744236641
1852.4,15.13932907922465
1852.6,15.598365065538495
1852.8,15.472553850172051
1853.0,15.605581883418605
1853.2,15.939354273744566
1853.4,15.15296619424344
1853.6,15.338689075647219
1853.8,15.850199726042732
1854.0,16.073834616450988
1854.2,16.195598562162324
1854.4,16.03879964471633
1854.6,15.376365385717026
1854.8,16.10985642739407
1855.0,16.009622709958425
1855.2,15.701136970861922
1855.4,15.86216823799287
1855.6,16.052154801181985
1855.8,16.012689388496774
1856.0,15.519964779334103
1856.2,15.91385757609184
1856.4,16.415328547368297
1856.6,16.317413170127672
1856.8,16.567147614818424
1857.0,16.287485163397964
1857.2,16.499650582396054
1857.4,16.521597204827977
1857.6,16.83494473209282
1857.8,16.567563823320135
1858.0,16.51366196969955
1858.2,16.58036572434589
1858.4,16.910809685022326
1858.6,16.859938132209983
1858.8,16.457081157243305
1859.0,16.451684589213173
1859.2,16.0415482878389
1859.4,16.269814530235255
1859.6,16.257627973604414
1859.8,16.54435458500899
1860.0,16.271477106550847
1860.2,16.584414496607106
1860.4,16.1939674873201
1860.6,16.15098751886497
1860.8,16.435636598063354
1861.0,16.305440651312296
1861.2,15.757939867952441
1861.4,16.33692618629717
1861.6,16.17829130722681
1861.8,15.954158397432161
1862.0,15.906219872605503
1862.2,15.735120071015405
1862.4,16.039789296162223
1862.6,15.841673801747119
1862.8,16.170489688533117
1863.0,16.26917365597277
1863.2,16.506174604011864
1863.4,16.773262968112725
1863.6,15.951883438889187
1863.8,16.30062508316657
1864.0,16.514963224941592
1864.2,16.16508316407889
1864.4,16.070383582955042
1864.6,16.097572929240094
1864.8,15.7152769859204
1865.0,15.77569047297149
1865.2,15.988637099412138
1865.4,16.224021588099113
1865.6,16.061982277589838
1865.8,16.036715344390874
1866.0,16.073292676984504
1866.2,15.582355111367029
1866.4,16.23615832154513
1866.6,15.850134601833139
1866.8,15.336193347506162
1867.0,15.020384439749588
1867.2,16.651029674590994
1867.4,16.353052720360377
1867.6,16.379342266938714
1867.8,16.420814059243504
1868.0,15.84545070707134
1868.2,15.938783163114334
1868.4,15.822477964712082
1868.6,15.556988330290428
1868.8,15.817271865063557
1869.0,15.223295247394365
1869.2,14.93086645276301
1869.4,15.228264309129877
1869.6,15.789567578965258
1869.8,15.747825377657207
1870.0,15.722411395355513
1870.2,14.883952352173848
1870.4,14.684378525935974
1870.6,15.117638226187776
1870.8,15.470429698782539
1871.0,14.845632814839323
1871.2,14.2691804210735
1871.4,14.36539417839115
1871.6,14.38929379222076
1871.8,14.445913220319909
1872.0,14.54094031495801
1872.2,14.616450692333363
1872.4,14.648277216786665
1872.6,14.351185908868878
1872.8,14.876992058887504
1873.0,14.659020406934511
1873.2,14.659500559966084
1873.4,14.68963122931016
1873.6,14.706380918189241
1873.8,14.84650101934853
1874.0,15.727740152719615
1874.2,16.030965218929722
1874.4,15.682567828182734
1874.6,14.881238882581966
1874.8,15.247124355088143
1875.0,15.248726154451768
1875.2,15.838050753650784
1875.4,16.022139401727735
1875.6,15.732053941400503
1875.8,15.89715629672543
1876.0,15.101469787843714
1876.2,15.116851098714116
1876.4,15.49949448753134
1876.6,15.672297368566955
1876.8,16.168075574369933
1877.0,16.428326382643935
1877.2,16.01388285038197
1877.4,16.152636636977178
1877.6,15.246351836358201
1877.8,15.45557480270023
1878.0,15.937620780338237
1878.2,16.222670883591952
1878.4,15.816798875295675
1878.6,15.787900343446047
1878.8,15.377311532079357
1879.0,15.965657399803824
1879.2,15.80515519636592
1879.4,16.045103997893577
1879.6,16.454018676242313
1879.8,16.11411290310207
1880.0,15.917992427608343
1880.2,16.46735712728399
1880.4,16.474080906741836
1880.6,16.58400887786776
1880.8,15.407796459685104
1881.0,15.982942747255693
1881.2,15.717584477901852
1881.4,16.186139714464062
1881.6,16.327187538735142
1881.8,16.229145375099023
1882.0,15.61307230296576
1882.2,15.468903061216693
1882.4,14.819178730646938
1882.6,15.15413981584379
1882.8,14.806220930596723
1883.0,14.75320874684866
1883.2,15.146719504657035
1883.4,15.178280071025885
1883.6,14.756532978863998
1883.8,15.183644709888064
1884.0,15.27323485251712
1884.2,15.025935110091023
1884.4,14.652447644182459
1884.6,14.730529907593413
1884.8,14.62659735795473
1885.0,14.355728771366675
1885.2,14.648243043156846
1885.4,14.544696170011102
1885.6,14.098953840243407
1885.8,14.82670620066552
1886.0,14.759799756151597
1886.2,14.114949948070873
1886.4,14.563556888434455
1886.6,14.593286288635044
1886.8,14.548687566787823
1887.0,14.529510559783994
1887.2,14.514205037275115
1887.4,14.99128487136699
1887.6,14.785270014862261
1887.8,15.35386938975529
1888.0,14.911629525075208
1888.2,15.064571251781775
1888.4,15.599330464044955
1888.6,15.158506663729467
1888.8,15.376865920329887
1889.0,15.399890938181034
1889.2,15.18421389301903
1889.4,15.017181767803438
1889.6,14.502113207184381
1889.8,14.057544992003104
1890.0,14.303006654221619
1890.2,14.518920868024974
1890.4,14.527942564441137
1890.6,14.466669409537838
1890.8,14.260404513350874
1891.0,14.702260603179582
1891.2,14.52308517570157
1891.4,14.760820652686233
1891.6,14.946649330542854
1891.8,15.047389424900132
1892.0,14.913014120836996
1892.2,14.995861995817632
1892.4,14.804699947299472
1892.6,15.083199915075113
1892.8,14.729314049820472
1893.0,14.676165997708264
1893.2,14.535657046509616
1893.4,14.451365451651089
1893.6,14.732563063736846
1893.8,14.854062852415487
1894.0,14.388035129814462
1894.2,14.278916828912427
1894.4,14.700596125044228
1894.6,14.902982775718181
1894.8,14.496542432547281
1895.0,14.576072506210737
1895.2,14.846115178461126
1895.4,15.125405974257715
1895.6,14.771454341920979
1895.8,14.791621693888326
1896.0,14.704722911804273
1896.2,14.703483633790082
1896.4,14.548978225775695
1896.6,14.84099082931059
1896.8,14.664763849570697
1897.0,14.903636544363238
1897.2,14.31503059946019
1897.4,14.506998095772248
1897.6,14.51097228752323
1897.8,14.96121147756341
1898.0,14.676061725344397
1898.2,14.5389920529102
1898.4,14.78199579020889
1898.6,15.146764983369014
1898.8,14.83297403035413
1899.0,15.076761020578138
1899.2,14.724430463385199
1899.4,14.59923887770733
1899.6,14.696923211195811
1899.8,14.780920068570591
1900.0,14.744236397324492
1900.2,14.82849945149194
1900.4,14.42241431528257
1900.6,14.978365629057862
1900.8,14.703581318154784
1901.0,14.526445236741306
1901.2,14.7265183069978
1901.4,15.552928068925997
1901.6,15.843359899657292
1901.8,16.226959598572467
1902.0,15.872601305679934
1902.2,15.950979932457038
1902.4,15.98621351341077
1902.6,15.666137550007464
1902.8,15.336009147439002
1903.0,16.07518154903954
1903.2,15.460146204760346
1903.4,16.12300712456979
1903.6,16.080564363101367
1903.8,16.18087125250287
1904.0,15.975142055935226
1904.2,15.725172568135758
1904.4,15.903977795089737
1904.6,16.182713215428475
1904.8,15.662298295626776
1905.0,15.266666960957409
1905.2,15.383539721685505
1905.4,15.768496234032384
1905.6,15.971537750565204
1905.8,15.706677221898778
1906.0,16.091924455716537
1906.2,16.402428419515125
1906.4,16.010184731916134
1906.6,16.265121929742463
1906.8,15.96914465347906
1907.0,15.88248913265899
1907.2,16.543723681869764
1907.4,15.901387170785455
1907.6,15.458383679286252
1907.8,15.58567270683513
1908.0,15.475101307950306
1908.2,15.991454252780494
1908.4,15.493680297146275
1908.6,16.025625167251533
1908.8,15.979821402983616
1909.0,16.14757053894448
1909.2,16.219122181135937
1909.4,16.096467011113155
1909.6,16.32507281417316
1909.8,16.225082909173576
1910.0,16.05102988361003
1910.2,16.198198527458416
1910.4,15.716442088139493
1910.6,15.950652409338913
1910.8,16.02788604821695
1911.0,16.279291336247738
1911.2,16.287958355699864
1911.4,15.72522701681943
1911.6,15.34101224720526
1911.8,15.58393251252582
1912.0,15.67717956233874
1912.2,15.613139066691017
1912.4,15.831069213901603
1912.6,15.363147957644438
1912.8,16.049812769696747
1913.0,15.982384003738696
1913.2,15.427117650932878
1913.4,15.650559592925987
1913.6,15.136548093935486
1913.8,14.842026146597338
1914.0,15.337156223242145
1914.2,15.384368826145407
1914.4,15.97265197303807
1914.6,15.703961286052152
1914.8,15.232582967790162
1915.0,15.551941493949393
1915.2,16.4010652946256
1915.4,16.493317819314534
1915.6,16.017948425742112
1915.8,16.082772680849086
1916.0,16.102395535056818
1916.2,15.76910316611614
1916.4,15.752847325398914
1916.6,15.857878006812436
1916.8,16.12412542581755
1917.0,15.766993582924202
1917.2,15.89279329774482
1917.4,15.77919280257557
1917.6,15.67962134351835
1917.8,15.155416264117825
1918.0,15.241663026212622
1918.2,15.063357477795009
1918.4,15.104810579694607
1918.6,15.100267858768952
1918.8,15.83858720551085
1919.0,15.538704151621612
1919.2,15.993715537261918
1919.4,15.373556560069545
1919.6,15.3023751412159
1919.8,15.784273186318714
1920.0,15.693152877603467
1920.2,15.57799117929652
1920.4,15.235889581487514
1920.6,15.606317428171337
1920.8,15.95651570982559
1921.0,15.874981353939358
1921.2,15.486784927572032
1921.4,15.583696449853814
1921.6,15.616355703213118
1921.8,15.203527762389385
1922.0,16.140881718091688
1922.2,16.173671775281772
1922.4,15.842416674673814
1922.6,15.845270560544103
1922.8,15.53671048790623
1923.0,15.882886035156798
1923.2,15.769715121828778
1923.4,15.063942929636374
1923.6,14.837830824162213
1923.8,15.19482857508821
1924.0,15.380480180175935
1924.2,14.700459809859483
1924.4,14.619614652349359
1924.6,14.093807021453644
1924.8,14.228548667476693
1925.0,14.38610842171528
1925.2,14.403896221383263
1925.4,14.498014668896605
1925.6,14.311302820808486
1925.8,14.186458084074316
1926.0,14.195399331335913
1926.2,14.497388312446464
1926.4,14.693998722531386
1926.6,14.772007696690949
1926.8,14.868275537586932
1927.0,15.062727909841598
1927.2,15.275735644162076
1927.4,14.739935849268555
1927.6,15.19799370266712
1927.8,14.485088570756034
1928.0,14.374496798876603
1928.2,14.24612438182118
1928.4,14.647488560072608
1928.6,14.350417767278925
1928.8,14.535778206491585
1929.0,14.357785248474478
1929.2,13.90090828978077
1929.4,14.425798274439675
1929.6,15.205363388573037
1929.8,15.021200364153426
1930.0,14.245258073461809
1930.2,14.492306533982157
1930.4,14.821004762565838
1930.6,14.865793180914002
1930.8,14.934130346335833
1931.0,14.658415896620197
1931.2,14.82129306692229
1931.4,15.086040407243244
1931.6,14.480485609392389
1931.8,14.631670107033376
1932.0,14.373964657614653
1932.2,14.452042922155663
1932.4,14.240604911672675
1932.6,14.527215798651156
1932.8,14.734912231293563
1933.0,14.572965689656838
1933.2,14.831200841493725
1933.4,15.008860904500303
1933.6,15.620136391559473
1933.8,15.300746745324078
1934.0,14.97337892025455
1934.2,14.680919273730293
1934.4,15.034106550758032
1934.6,14.955981640509446
1934.8,14.613237722312483
1935.0,14.934587605156919
1935.2,15.799559512036685
1935.4,16.463369422545572
1935.6,16.322559091874552
1935.8,15.672547074008687
1936.0,15.885258347099775
1936.2,15.72474191074085
1936.4,16.01583364882064
1936.6,15.984476494624149
1936.8,15.664860794194752
1937.0,15.2485093784247
1937.2,15.162658088918633
1937.4,15.463314155366488
1937.6,15.144899444023523
1937.8,15.289418138903448
1938.0,14.92073712550203
1938.2,15.14415836106906
1938.4,15.540957579887088
1938.6,15.955068189526413
1938.8,15.474862422006757
1939.0,15.462136664593196
1939.2,15.925027426531585
1939.4,15.73458362551939
1939.6,15.890843669257793
1939.8,15.37239923934074
1940.0,15.731580435353688
1940.2,15.762952929571789
1940.4,16.35228636862141
1940.6,16.51298277507858
1940.8,16.067441164287374
1941.0,15.677250960007576
1941.2,15.58486876778965
1941.4,15.886064159964846
1941.6,15.875242675206941
1941.8,15.544018147860132
1942.0,15.051610128810292
1942.2,15.439207082059328
1942.4,15.06875046766247
1942.6,15.722848845354033
1942.8,15.599667244647822
1943.0,15.523765118099655
1943.2,15.924218142883248
1943.4,16.07975491328871
1943.6,16.12154256423048
1943.8,15.618222899094762
1944.0,16.43625272416278
1944.2,15.49461287465286
1944.4,15.668848624474874
1944.6,15.373184204934274
1944.8,15.914054319075499
1945.0,15.537282031549037
1945.2,15.072241443357587
1945.4,15.633454362534426
1945.6,15.098282298589433
1945.8,15.246791519060087
1946.0,15.134321150245604
1946.2,15.461275065954887
1946.4,15.093804789426411
1946.6,15.173419932241728
1946.8,14.84661780870809
1947.0,15.062431695411362
1947.2,14.813031656348489
1947.4,15.09020194332043
1947.6,15.258733698060327
1947.8,15.285799584488304
1948.0,14.891686023948035
1948.2,14.879548617268256
1948.4,15.231823211059668
1948.6,14.99504221287647
1948.8,15.032020922024188
1949.0,14.932603000639189
1949.2,15.128243983803468
1949.4,15.657828313409002
1949.6,15.76887820130196
1949.8,15.616457173246854
1950.0,16.189006247626892
1950.2,15.61480811227214
1950.4,15.85064280665555
1950.6,15.224833564789556
1950.8,15.145674884567914
1951.0,14.50494216131774
1951.2,14.668432754002332
1951.4,14.911848441031534
1951.6,15.266063747883127
1951.8,14.628971362144744
1952.0,14.918781551367125
1952.2,14.727264200107246
1952.4,14.57138114089492
1952.6,15.09932601086431
1952.8,15.305595415043612
1953.0,14.845119995617797
1953.2,14.46109856510905
1953.4,14.364009100661054
1953.6,14.172514240552776
1953.8,14.345692922361717
1954.0,14.338348110312735
1954.2,14.201201541153326
1954.4,14.122040379443172
1954.6,14.360842239371106
1954.8,14.057967205854602
1955.0,14.192801670138614
1955.2,14.215330340697355
1955.4,13.996435693847193
1955.6,14.351721782556346
1955.8,13.927063503996768
1956.0,14.309514881024716
1956.2,13.99286832781774
1956.4,13.962585140839526
1956.6,13.706457456007602
1956.8,14.136925211204275
1957.0,14.051989687478821
1957.2,14.082164637662252
1957.4,13.977978264375645
1957.6,14.060055427147471
1957.8,14.449311589913165
1958.0,14.515713938123927
1958.2,14.830339770428987
1958.4,14.85930057472627
1958.6,15.286858416771263
1958.8,14.892156765819724
1959.0,14.370949090266807
1959.2,14.493756378910367
1959.4,14.522063509968202
1959.6,15.058849229541751
1959.8,15.32777972592136
1960.0,15.36729177964503
1960.2,16.095809647176694
1960.4,16.01748518650663
1960.6,15.65554752356938
1960.8,16.035710274177198
1961.0,15.667711146937634
1961.2,15.626143746036888
1961.4,15.242265854448947
1961.6,15.499373504729256
1961.8,15.42019980064121
1962.0,15.422251038593327
1962.2,15.891125887301943
1962.4,15.920051845838701
1962.6,15.73791008030283
1962.8,15.704138661084315
1963.0,15.331047328988245
1963.2,15.74056342655121
1963.4,16.038224848166617
1963.6,15.784271382088694
1963.8,16.281898418030988
1964.0,15.90764615320409
1964.2,15.876372451376366
1964.4,15.79868680762063
1964.6,16.148486644079178
1964.8,15.876971521017424
1965.0,15.798347195537508
1965.2,15.763388407988785
1965.4,16.022906042710375
1965.6,15.705880713047314
1965.8,15.184088675661712
1966.0,15.411255884710842
1966.2,16.1186414734771
1966.4,15.333644183838286
1966.6,15.337884688822472
1966.8,15.187356594227975
1967.0,14.94119186914013
1967.2,15.433217957843897
1967.4,15.181556515219727
1967.6,15.04551205129432
1967.8,15.456489689764139
1968.0,15.647502813973578
1968.2,15.13942822630632
1968.4,15.139950620995373
1968.6,15.412067349516327
1968.8,15.643398226214458
1969.0,15.694165606337416
1969.2,15.543376308927108
1969.4,15.405299305885983
1969.6,14.93873899898372
1969.8,15.206869737026361
1970.0,15.237107700013636
1970.2,14.756144244609043
1970.4,14.824553161961818
1970.6,14.703925943707238
1970.8,15.231267423680704
1971.0,15.144410824340731
1971.2,14.898850531536125
1971.4,14.853361595088959
1971.6,14.980584199886895
1971.8,14.644316672183157
1972.0,14.849440712320574
1972.2,14.580467476057521
1972.4,15.373014559536616
1972.6,15.102887720698558
1972.8,15.607416642612154
1973.0,15.561430784314798
1973.2,15.917067020862232
1973.4,15.988025936996857
1973.6,15.945029974620237
1973.8,16.01449147460735
1974.0,15.843891834852492
1974.2,14.946598089359057
1974.4,15.08212040034759
1974.6,15.283183029322862
1974.8,14.749944392039948
1975.0,14.949059135374934
1975.2,14.87994520151515
1975.4,15.499942279222994
1975.6,15.590479299528766
1975.8,15.551614729743337
1976.0,16.0579924766089
1976.2,15.46092312127617
1976.4,15.13889478962712
1976.6,15.177719874533363
1976.8,15.106523832078489
1977.0,15.66580707189216
1977.2,15.253620319067496
1977.4,14.90697387730576
1977.6,14.494572786287085
1977.8,15.127121072134608
1978.0,15.146249589725585
1978.2,15.50497537282393
1978.4,15.086213593246212
1978.6,15.37477220156142
1978.8,15.740266081937765
1979.0,15.295976736829843
1979.2,15.216445794773987
1979.4,15.130520107281493
1979.6,14.647629495357295
1979.8,14.34241783053965
1980.0,14.477829849495944
1980.2,14.160893904824185
1980.4,14.058801563955722
1980.6,14.092380331121284
1980.8,14.483805273224972
1981.0,14.374151749658157
1981.2,14.758691916036916
1981.4,14.905349076458878
1981.6,15.025978636751196
1981.8,15.06978344029709
1982.0,14.775198355894885
1982.2,15.470645729011142
1982.4,14.775737509629687
1982.6,15.172141988259053
1982.8,14.788395771702959
1983.0,14.937372034518644
1983.2,15.99061802086461
1983.4,15.557545059555435
1983.6,15.640439581352307
1983.8,15.531920245285264
1984.0,15.459995306406034
1984.2,15.699263180965788
1984.4,15.728451023498335
1984.6,16.34648023217702
1984.8,16.328239522903118
1985.0,16.22342489264747
1985.2,15.866475303189278
1985.4,15.134210678139468
1985.6,14.964327872590781
1985.8,15.44160190743381
1986.0,15.281264635863884
1986.2,15.37589600945073
1986.4,15.908279238664278
1986.6,15.149456486923247
1986.8,15.902356400489033
1987.0,15.535378016191025
1987.2,14.64128247746162
1987.4,14.598254062597498
1987.6,14.489756383221357
1987.8,14.511028656904607
1988.0,14.964057822750727
1988.2,14.907596930215679
1988.4,14.586585750275514
1988.6,14.60265028218718
1988.8,14.1959029387859
1989.0,14.064967759049111
1989.2,13.917805685985389
1989.4,14.262926196095782
1989.6,14.293037389793257
1989.8,14.283146908265271
1990.0,14.273934420995005
1990.2,14.286942146834638
1990.4,14.311325132624727
1990.6,14.4876218064731
1990.8,14.945007503873516
1991.0,14.753766936632552
1991.2,14.959565021441318
1991.4,14.780750438888239
1991.6,14.463295303829334
1991.8,14.367597895708922
1992.0,14.502916791151003
1992.2,14.308370366053644
1992.4,14.397991966436567
1992.6,14.34807616790205
1992.8,14.405496902960673
1993.0,14.327038429677746
1993.2,14.25512458640811
1993.4,14.332824736865714
1993.6,14.355326757204487
1993.8,14.449150336085212
1994.0,14.502616931599018
1994.2,14.211142704779533
1994.4,14.720453714663893
1994.6,14.443826276486043
1994.8,14.306740899853727
1995.0,14.137361533058307
1995.2,14.325499443955556
1995.4,14.33784753088052
1995.6,14.367766678934444
1995.8,14.240791803384305
1996.0,14.321288438927247
1996.2,14.018387039940931
1996.4,14.215685112585446
1996.6,14.269277491769943
1996.8,14.229982506964138
1997.0,14.427531210877202
1997.2,14.326301434567617
1997.4,14.369970796749815
1997.6,14.249955741457578
1997.8,14.404229920939109
1998.0,14.50654522149539
1998.2,14.531871896832625
1998.4,14.411595077073772
1998.6,14.382860734468291
1998.8,14.560304564414404
1999.0,14.626432762926715
1999.2,14.764854000383494
1999.4,14.600259837150524
1999.6,14.765883170147298
1999.8,14.798498350807707
2000.0,14.828966800218591
2000.2,15.081329073045646
2000.4,15.072556270051328
2000.6,15.028663728179666
2000.8,15.16544633538592
2001.0,14.793671418355775
2001.2,14.569534741536831
2001.4,14.814293097219625
2001.6,14.718134242662943
2001.8,14.107534138973785
2002.0,14.640007001799383
2002.2,14.949579987348447
2002.4,14.679881849207097
2002.6,14.987737462274067
2002.8,14.592702392437891
2003.0,14.420375636649625
2003.2,14.693734854040446
2003.4,14.843460173463818
2003.6,14.783390128186264
2003.8,14.872710742707685
2004.0,14.680523618509538
2004.2,15.09959518754808
2004.4,15.122104174201079
2004.6,14.746712739438909
2004.8,14.871676407977446
2005.0,14.752183007712782
2005.2,14.763736548813611
2005.4,14.733122332203362
2005.6,14.888207400951867
2005.8,14.91158041468324
2006.0,14.660534761095263
2006.2,14.945813121105306
2006.4,15.079591295836885
2006.6,14.968210364579404
2006.8,14.803315830783934
2007.0,14.9029402717631
2007.2,14.975659602544178
2007.4,14.777131655862345
2007.6,14.810040435281318
2007.8,14.978383809133838
2008.0,14.72562880653803
2008.2,14.812431842440134
2008.4,14.894340368389113
2008.6,14.907242397773112
2008.8,14.76309659782549
2009.0,14.862180172200079
2009.2,14.908840319072802
2009.4,15.092692183319247
2009.6,14.972349419119176
2009.8,14.994592521718355
2010.0,14.602078003790114
2010.2,14.83518730297449
2010.4,14.877339050826304
2010.6,14.871557449934844
2010.8,14.736615019104505
2011.0,14.259372836062516
2011.2,14.510002170093623
2011.4,14.728095446152444
2011.6,14.481412654662282
2011.8,14.662298987732045
2012.0,14.630890257559388
2012.2,15.084047726350525
2012.4,14.665341112244391
2012.6,14.696061985957856
2012.8,14.477655371602815
2013.0,14.573726886958942
2013.2,15.11340389590245
2013.4,14.487526132169695
2013.6,14.77252745179034
2013.8,14.618661286810093
2014.0,14.762374887583324
2014.2,14.764088687694974
2014.4,15.053994510075468
2014.6,15.00774248392553
2014.8,14.967566765172286
2015.0,14.908809843302077
2015.2,14.827099166701036
2015.4,14.824067889679743
2015.6,15.106094931523568
2015.8,15.125851973305036
2016.0,15.072447645539938
2016.2,15.048084309041716
2016.4,15.5269226532514
2016.6,15.295007136808268
2016.8,15.246825694642837
2017.0,15.201105634255644
2017.2,15.095303697228665
2017.4,15.35876307808338
2017.6,15.336196684682012
2017.8,15.242810770514744
2018.0,15.588787956602715
2018.2,15.266639080624758
2018.4,15.491961280191004
2018.6,15.447278430734146
2018.8,15.001649745750484
2019.0,15.232281111297258
2019.2,15.062441500822988
2019.4,14.964821168878563
2019.6,15.315981259038649
2019.8,15.310920680540827
2020.0,15.205304502328731
2020.2,15.076501444531099
2020.4,14.80541843631752
2020.6,14.941765344312488
2020.8,15.00547255270626
2021.0,15.178617994195472
2021.2,15.443311566909603
2021.4,15.056697968586645
2021.6,15.129546325520419
2021.8,15.405126092783739
2022.0,15.538148546717146
2022.2,15.185071832332042
2022.4,15.322319219802198
2022.6,15.153130799562431
2022.8,15.202922942798665
2023.0,15.057725766819331
2023.2,15.010056948511503
2023.4,15.117387749416864
2023.6,15.205537137908468
2023.8,15.173922771132776
2024.0,15.489391918515327
2024.2,15.089332415720762
2024.4,15.477865507661434
2024.6,15.606066750939133
2024.8,15.519009043699828
2025.0,15.183718128997018
2025.2,15.271712009013141
2025.4,15.074922931652406
2025.6,15.348262146122565
2025.8,15.167519526309183
2026.0,15.388529325894055
2026.2,15.416718447483966
2026.4,15.243977149306534
2026.6,15.40689567718
2026.8,15.469131297027864
2027.0,15.856747250269713
2027.2,15.711246193068336
2027.4,15.542466833539342
2027.6,15.168543441421185
2027.8,15.662352419719294
2028.0,14.957384876820395
2028.2,14.865219561522318
2028.4,14.528958085762294
2028.6,14.716321077037577
2028.8,14.867539023009996
2029.0,15.482824247423023
2029.2,15.792900575842925
2029.4,16.100818901435858
2029.6,16.062762149986717
2029.8,16.045182332986627
2030.0,15.84018598775475
2030.2,16.139650907669356
2030.4,16.266843460355844
2030.6,15.805056633505448
2030.8,15.399675126087056
2031.0,15.59931424968912
2031.2,15.8035147003994
2031.4,15.939388338023608
2031.6,15.579558992212469
2031.8,15.56748517211064
2032.0,15.109765013762651
2032.2,14.698604173958616
2032.4,15.194052496345344
2032.6,15.421293511107528
2032.8,15.418705906598785
2033.0,15.013748988790962
2033.2,15.04258605404335
2033.4,14.640485904329285
2033.6,14.984251984084553
2033.8,14.995788871445875
2034.0,15.446583899268365
2034.2,15.364987819051555
2034.4,15.59603620946216
2034.6,15.386371143934598
2034.8,15.869285673183253
2035.0,16.11060308920002
2035.2,15.506715415332323
2035.4,15.138961256160055
2035.6,15.47079906674622
2035.8,15.468206677479671
2036.0,15.08698220648773
2036.2,15.241412378774331
2036.4,15.293358674519952
2036.6,14.936507567949677
2036.8,15.030275673445724
2037.0,15.08244466634142
2037.2,14.9069079410316
2037.4,14.846101797854459
2037.6,14.724451114783356
2037.8,15.305843831905804
2038.0,14.94881537531384
2038.2,15.005831342230579
2038.4,15.506753151783476
2038.6,15.246555210285448
2038.8,15.554816845105648
2039.0,15.021714310690228
2039.2,14.95190646405334
2039.4,14.78250940104465
2039.6,14.765226566819468
2039.8,15.055967619429321
2040.0,15.277553355906067
2040.2,15.99694228554781
2040.4,15.696745256676476
2040.6,15.02001180773344
2040.8,14.924368338967495
2041.0,15.205366608411065
2041.2,15.001476743149347
2041.4,14.769514525901394
2041.6,14.918113090520261
2041.8,14.910553154022605
2042.0,14.793968638275325
2042.2,14.668984673808074
2042.4,14.919829207233121
2042.6,14.893868011040183
2042.8,14.626901596441485
2043.0,14.511105261264403
2043.2,14.423366696845381
2043.4,14.405934005784824
2043.6,14.403790500835793
2043.8,14.387536535947344
2044.0,14.547071582826973
2044.2,14.296602639339064
2044.4,14.216833683589273
2044.6,14.218951756837178
2044.8,14.288682184190593
2045.0,14.335274323287576
2045.2,14.321681646974934
2045.4,14.362534125239634
2045.6,14.479236152478254
2045.8,14.36104525911934
2046.0,14.393199235177342
2046.2,14.26790987545725
2046.4,14.643890458869059
2046.6,14.633037077073457
2046.8,14.38979009990044
2047.0,14.320998453612305
2047.2,14.321198587385828
2047.4,14.480969844718468
2047.6,14.225017013332284
2047.8,14.354254133520286
2048.0,14.315927957532995
2048.2,14.41170317364783
2048.4,14.435434960739023
2048.6,14.360417051266761
2048.8,14.422063305449651
2049.0,14.362329593566939
2049.2,14.622557557205084
2049.4,14.4860223377609
2049.6,14.541810252707217
2049.8,14.339259776916771
2050.0,14.340447040400235
2050.2,14.31801160939657
2050.4,14.670247328872756
2050.6,14.611900836852511
2050.8,14.469899699110801
2051.0,14.50669323094105
2051.2,14.369407740317055
2051.4,14.32711971267157
2051.6,14.781546769629859
2051.8,14.336331229793188
2052.0,14.428036925264172
2052.2,14.382845335064703
2052.4,14.679099989924932
2052.6,14.66475299547893
2052.8,14.985430527468198
2053.0,15.07843104893377
2053.2,15.271960128236861
2053.4,15.214900299919474
2053.6,14.961497883029002
2053.8,15.046637890813209
2054.0,15.26637845794085
2054.2,15.10818519308458
2054.4,15.045041810879983
2054.6,14.913148585624615
2054.8,15.360474604253533
2055.0,15.209615168342483
2055.2,15.598364147102872
2055.4,14.841355655401244
2055.6,15.962264702868286
2055.8,15.680116689612227
2056.0,15.347487984519416
2056.2,15.586625573969073
2056.4,15.614359959740023
2056.6,15.465354730694065
2056.8,16.12440377736679
2057.0,15.758988013403187
2057.2,16.134747520914637
2057.4,15.525031643909493
2057.6,16.2387356748792
2057.8,15.830894414995495
2058.0,15.954338594796031
2058.2,15.87017512506348
2058.4,15.52108646275413
2058.6,15.212931330844313
2058.8,15.001500502738697
2059.0,14.578596257382605
2059.2,14.876674856148984
2059.4,14.666047855537814
2059.6,14.917524766784961
2059.8,15.06545938770585
2060.0,14.932767956701715
2060.2,14.912842474041808
2060.4,14.467713107435909
2060.6,15.123348280548024
2060.8,15.44193891771217
2061.0,15.301806933544418
2061.2,15.26160084973296
2061.4,15.34903484928234
2061.6,15.089558663140384
2061.8,15.012895541513128
2062.0,15.059209079572124
2062.2,15.128269627652344
2062.4,14.696339621973198
2062.6,14.557193109592276
2062.8,14.63142585310882
2063.0,14.708168092163131
2063.2,14.793096143514
2063.4,14.998293790716389
2063.6,14.980135176738669
2063.8,14.288232479018571
2064.0,14.583187195944223
2064.2,14.767180580282853
2064.4,14.58359653865559
2064.6,15.093755210583515
2064.8,15.4239598534196
2065.0,15.80554345042916
2065.2,15.993530875453954
2065.4,15.948644575113864
2065.6,16.105509830705056
2065.8,15.165005923585454
2066.0,14.885314462390047
2066.2,15.058863750716853
2066.4,14.754417598842435
2066.6,14.547537206468114
2066.8,14.590664165003133
2067.0,14.59112728511064
2067.2,14.93688606104255
2067.4,14.857553360746305
2067.6,14.937393897240586
2067.8,15.429983787232974
2068.0,15.742823499352303
2068.2,15.59686323705751
2068.4,14.783523025944941
2068.6,14.757170897943755
2068.8,15.259485716796688
2069.0,14.837547302219917
2069.2,14.731366375721713
2069.4,14.35047033892426
2069.6,14.413877873333652
2069.8,14.304054633495639
2070.0,14.323168927981609
2070.2,14.34069249591029
2070.4,14.317679780422562
2070.6,14.684157748964473
2070.8,15.41638697751706
2071.0,15.440990578742822
2071.2,14.638247201534005
2071.4,14.293709922283682
2071.6,14.541261761024714
2071.8,14.351186138095187
2072.0,14.331070979682218
2072.2,14.237312409216223
2072.4,14.244873007265815
2072.6,14.942629922410806
2072.8,15.017367913209299
2073.0,14.928614493231771
2073.2,14.46944139070462
2073.4,14.699109873397182
2073.6,14.786476319403466
2073.8,14.650720255949013
2074.0,15.127193880150855
2074.2,15.12574850769725
2074.4,15.137045152421356
2074.6,14.84547335876865
2074.8,15.150107858533264
2075.0,15.310881109579721
2075.2,15.967140116516132
2075.4,15.879995812236839
2075.6,16.232800376823224
2075.8,15.52771677302984
2076.0,15.896576869520011
2076.2,16.144688885792384
2076.4,16.495700122558635
2076.6,16.175041089917524
2076.8,16.35427271293489
2077.0,16.166600705025257
2077.2,16.169658255885878
2077.4,16.523775335443748
2077.6,16.269953278244596
2077.8,16.77221338858306
2078.0,16.783284761842175
2078.2,17.010822133276275
2078.4,16.551628052064245
2078.6,17.206676713183636
2078.8,16.567364471311876
2079.0,16.478791929666627
2079.2,16.59157214723725
2079.4,16.244211694272863
2079.6,16.36280811831343
2079.8,16.277326399733752
2080.0,16.12275605668506
2080.2,16.986670055282577
2080.4,16.36039043412407
2080.6,16.620851126265574
2080.8,16.508244475322734
2081.0,16.822876817222784
2081.2,16.849356433352312
2081.4,16.779453222693654
2081.6,16.087205914036044
2081.8,15.68987424033942
2082.0,14.97604713227605
2082.2,14.37015550680503
2082.4,14.873828388470631
2082.6,14.37294541621603
2082.8,14.43280843926346
2083.0,15.060756096952833
2083.2,15.920702686852238
2083.4,16.438118193055868
2083.6,15.787599808530345
2083.8,16.69697937426147
2084.0,16.41561818051151
2084.2,16.582641804041863
2084.4,16.28025847474899
2084.6,16.48712531604782
2084.8,16.196543948539073
2085.0,16.270604388383788
2085.2,16.737044107731215
2085.4,16.192523947386178
2085.6,15.740190840486996
2085.8,16.146499754419544
2086.0,16.208201536966424
2086.2,15.812742598683514
2086.4,16.392587513262043
2086.6,16.362423146601706
2086.8,16.083027438658128
2087.0,15.588554089516066
2087.2,16.104245771945077
2087.4,16.5019255798829
2087.6,16.66209591572891
2087.8,16.538696229891354
2088.0,16.621234085417708
2088.2,16.21614761665896
2088.4,16.537022131278828
2088.6,16.650436229519503
2088.8,16.26835041430002
2089.0,16.473793195540175
2089.2,16.131932305764185
2089.4,16.17470926981309
2089.6,16.947748425069264
2089.8,15.719051760902635
2090.0,16.068699063142795
2090.2,15.921032830852685
2090.4,16.294668038155276
2090.6,16.40153444279679
2090.8,16.716454584598676
2091.0,16.208005659044964
2091.2,15.099095346265262
2091.4,14.780815775682061
2091.6,14.768052237325746
2091.8,15.81894218874706
2092.0,15.859857297956976
2092.2,16.3604944633503
2092.4,16.666025728494407
2092.6,16.330790432784596
2092.8,16.75161221848683
2093.0,16.448954532803228
2093.2,16.702048380863765
2093.4,17.771562352434607
2093.6,17.505293536524324
2093.8,17.36944898726551
2094.0,17.451742478400384
2094.2,17.331375446546872
2094.4,16.854027473765345
2094.6,17.734060282413445
2094.8,17.42694047658682
2095.0,17.334177359047946
2095.2,17.16296773538216
2095.4,16.83555281473046
2095.6,16.60182048961296
2095.8,17.06063305657977
2096.0,17.129285095492843
2096.2,17.226692752058966
2096.4,16.5263015011056
2096.6,17.022716315977473
2096.8,16.976527257112302
2097.0,16.38921726026012
2097.2,16.397859590593185
2097.4,16.74895002774877
2097.6,17.132285355723557
2097.8,16.885973716397235
2098.0,17.23209411616659
2098.2,16.185112882242624
2098.4,16.06259584959725
2098.6,16.250029301597937
2098.8,16.32237239406532
2099.0,16.366296959438888
2099.2,16.36947222616698
2099.4,16.2243641893717
2099.6,15.695029093945863
2099.8,15.860257630552619
2100.0,16.77797459190583
2100.2,16.66688302728899
2100.4,16.84198381317972
2100.6,16.707692777492753
2100.8,16.28110585416191
2101.0,16.25486211127208
2101.2,16.15456362140821
2101.4,16.505097947119445
2101.6,16.532575435781418
2101.8,16.503032842728476
2102.0,16.662166414070544
2102.2,16.057361116512578
2102.4,16.196043625419975
2102.6,16.49182269623291
2102.8,16.60757481344226
2103.0,16.526086377870346
2103.2,16.52422175986995
2103.4,16.466870582969268
2103.6,16.695477370225348
2103.8,16.206478403377737
2104.0,16.17114909086377
2104.2,16.454548465547777
2104.4,16.181158966355508
2104.6,15.865698821668088
2104.8,15.845176303326202
2105.0,16.157774899071097
2105.2,15.859935122215596
2105.4,15.987434326616267
2105.6,16.25783167301816
2105.8,16.639126527740714
2106.0,16.546745657685
2106.2,16.483214211526104
2106.4,16.536861192345103
2106.6,16.25936954244838
2106.8,16.199204860648365
2107.0,16.33375545766312
2107.2,16.47241142130519
2107.4,16.365413677256416
2107.6,16.78952791000509
2107.8,16.38535352210677
2108.0,16.91718979577825
2108.2,16.48328911194617
2108.4,16.5129917847145
2108.6,16.35456216008846
2108.8,16.879355860722796
2109.0,17.056747849599383
2109.2,17.24409698213523
2109.4,17.035087408713174
2109.6,17.292039083343482
2109.8,17.189596671541693
2110.0,17.09353622200597
2110.2,17.282914014366124
2110.4,17.07952343540574
2110.6,17.233371072668174
2110.8,17.517033984088748
2111.0,17.233785565862487
2111.2,16.870401698711323
2111.4,16.59959984867166
2111.6,16.81667070239713
2111.8,17.185308782477495
2112.0,16.712444594978567
2112.2,16.177696418243865
2112.4,16.372574609164513
2112.6,15.838219126780682
2112.8,15.135519439193448
2113.0,15.655264812021091
2113.2,15.173424446551607
2113.4,16.11002965575706
2113.6,15.942903710640486
2113.8,16.192738499986554
2114.0,15.769509503737293
2114.2,15.691223457485817
2114.4,15.253853700371023
2114.6,15.706011773491863
2114.8,15.873489325033553
2115.0,16.216670921906715
2115.2,15.94175310661447
2115.4,15.652673745883945
2115.6,15.939554138433344
2115.8,16.025720399090687
2116.0,16.68733439376531
2116.2,17.112394652752887
2116.4,17.444919295919515
2116.6,16.99493773836171
2116.8,16.804328220587855
2117.0,17.286296009219896
2117.2,15.882239751873232
2117.4,15.994167583618006
2117.6,16.191563431127868
2117.8,16.654369324353734
2118.0,16.48974658381614
2118.2,16.54971631408887
2118.4,16.5333796273194
2118.6,17.090176361511595
2118.8,16.82030344582045
2119.0,16.725695165281234
2119.2,16.300824901452287
2119.4,16.040092362459312
2119.6,15.702704294555067
2119.8,15.97006064808509
2120.0,16.90752367912484
2120.2,17.467695188557826
2120.4,17.349470279827305
2120.6,16.99237026253126
2120.8,16.342943880701714
2121.0,17.042977700734895
2121.2,17.069836596338682
2121.4,16.733792875046486
2121.6,16.19109231493843
2121.8,16.583059673591347
2122.0,16.98528814918998
2122.2,17.004227606973153
2122.4,17.228812814654294
2122.6,17.669053780501823
2122.8,17.254773537272694
2123.0,16.72114676192216
2123.2,16.54382893769609
2123.4,16.905165133764427
2123.6,16.89258277396817
2123.8,17.089238417993247
2124.0,17.262241647840927
2124.2,17.339853947393056
2124.4,17.148115978435115
2124.6,17.27047819060622
2124.8,17.545873995489746
2125.0,17.227255746007945
2125.2,17.34393435206608
2125.4,17.53751516106114
2125.6,16.711616761999498
2125.8,16.29703654976051
2126.0,16.65871018630667
2126.2,16.44056207788128
2126.4,16.608938307925833
2126.6,16.69409234757469
2126.8,17.008171908774393
2127.0,17.692588669284707
2127.2,17.377568471860656
2127.4,17.423076424003472
2127.6,16.81822624713313
2127.8,17.105762916323158
2128.0,17.023227927065868
2128.2,17.168070322630268
2128.4,16.66644599973403
2128.6,17.003756128351707
2128.8,16.981647201191333
2129.0,17.274861770869702
2129.2,17.168910103913273
2129.4,16.44029702266354
2129.6,16.257883286575996
2129.8,16.225393642904947
2130.0,16.877966499018772
2130.2,16.75316746869499
2130.4,16.32394439846475
2130.6,16.397738626763935
2130.8,16.687369127384123
2131.0,16.705253580204293
2131.2,16.59523915678847
2131.4,16.970533148232768
2131.6,16.74944676708763
2131.8,17.22490632493627
2132.0,17.442480610541338
2132.2,16.539364042552013
2132.4,15.787926534422008
2132.6,17.046291062644976
2132.8,16.723068010497496
2133.0,16.158225954600162
2133.2,16.408946631914457
2133.4,16.06671945462578
2133.6,15.866498791724641
2133.8,16.243107678502458
2134.0,16.92048947488926
2134.2,16.67944835362789
2134.4,16.277253152545814
2134.6,16.09130025881844
2134.8,16.598411434844195
2135.0,16.72899915090535
2135.2,16.374077716488205
2135.4,16.28478052708638
2135.6,15.985343080132008
2135.8,16.470952976920007
2136.0,16.584431574159456
2136.2,16.6524772059489
2136.4,16.483076920194005
2136.6,16.220578565053195
2136.8,16.352715558474927
2137.0,16.519521002977115
2137.2,16.790725459141054
2137.4,16.505621351450724
2137.6,16.362490979122747
2137.8,16.536557129537705
2138.0,16.228203072772406
2138.2,15.824756755486378
2138.4,15.208181549099526
2138.6,15.890353507688747
2138.8,16.66099941937806
2139.0,17.390861397415886
2139.2,16.82046965726139
2139.4,15.522395405408044
2139.6,16.303446801625835
2139.8,16.60169463029002
2140.0,16.112146173261895
2140.2,16.425793153506323
2140.4,16.536429747650423
2140.6,15.861654446861689
2140.8,15.791084308300157
2141.0,15.723786904038342
2141.2,15.869589936113293
2141.4,15.246354164965542
2141.6,14.614010329182381
2141.8,15.058410732885843
2142.0,15.37571827648959
2142.2,15.265979030887376
2142.4,15.670603525907293
2142.6,15.55755684908199
2142.8,16.092662670066332
2143.0,16.103608895384102
2143.2,16.473357907628525
2143.4,16.340965472520274
2143.6,16.209994290784138
2143.8,15.95521194536573
2144.0,16.085152933515403
2144.2,15.794866537482521
2144.4,16.69842993468363
2144.6,16.562739176823296
2144.8,15.746103828102454
2145.0,15.976040209482074
2145.2,15.755698026098056
2145.4,16.927938232446614
2145.6,16.841980341867753
2145.8,16.606031694044574
2146.0,16.94660550428881
2146.2,16.857561892786133
2146.4,16.847001265692185
2146.6,15.784383795774042
2146.8,15.58466534929451
2147.0,16.499740844731516
2147.2,16.50256284581833
2147.4,16.912210219699407
2147.6,17.21349340676822
2147.8,16.994314688052935
2148.0,16.644390815124076
2148.2,17.007237795456604
2148.4,16.702036272437404
2148.6,16.97095870665041
2148.8,17.40077007799103
2149.0,16.911677066037676
2149.2,16.664615263053765
2149.4,15.951520925187149
2149.6,16.33262613130193
2149.8,16.090673451872966
2150.0,17.585716958377443
2150.2,16.76536499446015
2150.4,16.373485945486518
2150.6,16.318403640588848
2150.8,15.994630196958532
2151.0,16.908016792691786
2151.2,16.71161083110697
2151.4,16.453875129414254
2151.6,17.085283895772253
2151.8,17.311591694037464
2152.0,16.55374036354765
2152.2,17.025811731593002
2152.4,16.550818429010505
2152.6,16.597549789008713
2152.8,16.653848811370946
2153.0,15.84870266006833
2153.2,15.137644586099277
2153.4,15.241365734610712
2153.6,16.552231763532003
2153.8,16.083911253617238
2154.0,16.53199975111196
2154.2,15.869642462897524
2154.4,16.05212468410559
2154.6,16.477765727260053
2154.8,17.189209629434888
2155.0,16.6018143922276
2155.2,16.595233020088966
2155.4,16.23899459347256
2155.6,17.019563331089355
2155.8,17.56246600129705
2156.0,17.527186651886876
2156.2,17.48108775294806
2156.4,17.364365343413702
2156.6,17.44816208800679
2156.8,17.13750687347598
2157.0,16.965978008340063
2157.2,16.95462341276677
2157.4,16.948639071961594
2157.6,17.139116400704054
2157.8,16.4085083162706
2158.0,16.831438610116063
2158.2,15.856810497341494
2158.4,16.09954099931749
2158.6,15.685867182764062
2158.8,15.84742100078618
2159.0,15.308480574316723
2159.2,15.682174577433495
2159.4,14.90964288666007
2159.6,15.426365163534824
2159.8,15.829646831583046
2160.0,16.083981101672634
2160.2,15.728631959027206
2160.4,15.462461670100897
2160.6,15.434427229829765
2160.8,15.052891184186128
2161.0,15.90793109388137
2161.2,15.429409908818982
2161.4,15.76044258129684
2161.6,15.688113446395228
2161.8,15.79940084417091
2162.0,16.40013239958123
2162.2,16.215469680818238
2162.4,16.441047298989897
2162.6,16.626092792633557
2162.8,16.750417907937347
2163.0,16.236523278558145
2163.2,15.660556297417722
2163.4,15.854323919092154
2163.6,15.977868386756459
2163.8,16.021832095088676
2164.0,16.24501413931388
2164.2,16.428335348089632
2164.4,16.112733873115943
2164.6,15.916812195006315
2164.8,15.283534512452754
2165.0,15.384526529726925
2165.2,16.30914252314754
2165.4,16.19960923374063
2165.6,15.468520348891875
2165.8,15.525922194653926
2166.0,15.423210879117754
2166.2,15.266935908856363
2166.4,15.589975815265671
2166.6,16.536068534195508
2166.8,16.09309116863408
2167.0,16.10607870467074
2167.2,16.88867599759032
2167.4,16.689550733635695
2167.6,16.85859645461507
2167.8,16.763481872491028
2168.0,16.213893308791036
2168.2,17.161297791650224
2168.4,17.203090420575684
2168.6,17.357537507887987
2168.8,16.6806343835858
2169.0,16.335727173878013
2169.2,17.101459965230866
2169.4,16.249946379337953
2169.6,16.32256858464727
2169.8,16.618026025335062
2170.0,16.072995461106835
2170.2,15.786494422620274
2170.4,15.726086456427259
2170.6,15.19600344473542
2170.8,16.1173348420484
2171.0,16.132510159811325
2171.2,16.02911180263888
2171.4,16.078951796979418
2171.6,16.339175567593077
2171.8,15.828302837987415
2172.0,15.882676853408682
2172.2,15.621334154931246
2172.4,15.377568468430729
2172.6,15.693815852062265
2172.8,15.767384061610915
2173.0,15.696368376880624
2173.2,15.131588112004565
2173.4,15.3383203587783
2173.6,15.63403066375583
2173.8,15.873820877365862
2174.0,16.7250676685306
2174.2,16.8811010980422
2174.4,16.766120729701676
2174.6,16.293317839103413
2174.8,16.65625848365881
2175.0,16.44040616496143
2175.2,16.427572260875394
2175.4,16.698875583209755
2175.6,16.64702610178964
2175.8,16.13647985449243
2176.0,16.801439217525104
2176.2,16.48054278955866
2176.4,16.185967317340385
2176.6,15.943177628162848
2176.8,15.602151555125523
2177.0,15.546908569593015
2177.2,15.783782663395511
2177.4,15.20377178854658
2177.6,15.28364055639193
2177.8,14.70629511916412
2178.0,14.822724997114918
2178.2,14.597154351729882
2178.4,15.066052347141055
2178.6,14.949467956800069
2178.8,14.980991195593118
2179.0,15.095524955609552
2179.2,14.766398479943586
2179.4,14.484898848759961
2179.6,14.616700285503354
2179.8,14.748437534754595
2180.0,14.752008424194996
2180.2,14.57282398877
2180.4,14.321587213257692
2180.6,14.640799642485502
2180.8,14.522480111678512
2181.0,14.403692064418902
2181.2,14.468590963051774
2181.4,14.569212845003483
2181.6,14.453426328460719
2181.8,13.993453598057775
2182.0,14.24606715877145
2182.2,14.120348193894126
2182.4,14.239597699384198
2182.6,14.135659370592501
2182.8,14.001715653612193
2183.0,14.068496992238362
2183.2,14.189615213816253
2183.4,14.580523648376154
2183.6,14.309438413096844
2183.8,14.306329573618772
2184.0,14.27646044397661
2184.2,14.387998734730383
2184.4,14.353058441000604
2184.6,14.373098232503882
2184.8,14.309079837518004
2185.0,14.281160135531618
2185.2,14.328485355338373
2185.4,14.066738442554502
2185.6,14.384875817592073
2185.8,14.265575280675426
2186.0,14.180573535142724
2186.2,14.34196855454343
2186.4,14.415731291586438
2186.6,14.281927506527232
2186.8,14.300403421825461
2187.0,14.246179629879158
2187.2,14.680099631681426
2187.4,14.417535371310253
2187.6,14.092131070816635
2187.8,14.226103496770609
2188.0,14.272373994406351
2188.2,14.465068894753035
2188.4,14.521864242670128
2188.6,14.672789143441873
2188.8,14.51749093835292
2189.0,14.6703877449161
2189.2,14.547983987228916
2189.4,14.496316949357325
2189.6,14.333879106176155
2189.8,14.464332485784961
2190.0,14.351642112152149
2190.2,14.728505244528723
2190.4,14.722845205443884
2190.6,14.503532128297786
2190.8,14.632488894080556
2191.0,14.821297342738315
2191.2,14.779892763382826
2191.4,14.647158728210893
2191.6,14.903703207570357
2191.8,14.956277665565674
2192.0,14.901795105761016
2192.2,14.853441508988325
2192.4,15.1889317226677
2192.6,14.901630281818939
2192.8,14.836398687869082
2193.0,14.846798373429467
2193.2,14.97689384734683
2193.4,14.853998863592974
2193.6,15.027897600208535
2193.8,14.903647138645601
2194.0,14.941889400302998
2194.2,15.165721131473134
2194.4,15.383529728225698
2194.6,15.11313925808986
2194.8,15.826925396787477
2195.0,15.096422585307614
2195.2,15.48774496415385
2195.4,15.297892331762132
2195.6,15.054213012120165
2195.8,14.61968462113454
2196.0,14.271521331749259
2196.2,14.198461245499272
2196.4,14.561073301833058
2196.6,14.594980669424256
2196.8,14.505940712513869
2197.0,14.644838069335982
2197.2,14.29718123105349
2197.4,14.165328357728209
2197.6,14.75334496574879
2197.8,14.549861389960883
2198.0,14.538648814225734
2198.2,14.801909541337885
2198.4,14.901596774538955
2198.6,15.173257667658717
2198.8,14.95135890177377
2199.0,15.531712266117923
2199.2,15.713335824662947
2199.4,15.530015286372038
2199.6,15.54513960700861
2199.8,15.41888987315245
2200.0,15.099484399959767
2200.2,14.871750170219347
2200.4,14.820387497696412
2200.6,14.941786175337807
2200.8,14.874997363352911
2201.0,14.958739000765839
2201.2,14.61128534342284
2201.4,14.545374628448107
2201.6,14.51781967483868
2201.8,14.326942246838104
2202.0,14.245672366365863
2202.2,14.095582381508189
2202.4,14.216599153738445
2202.6,14.117162599498922
2202.8,14.441146429281893
2203.0,14.328607943922085
2203.2,14.420003581806107
2203.4,14.622988694477723
2203.6,14.514709653639656
2203.8,14.06435540400932
2204.0,14.507947421440674
2204.2,14.111927564735865
2204.4,14.230429517884692
2204.6,14.313877910631449
2204.8,14.302198291140222
2205.0,14.177272779814222
2205.2,14.309896989762574
2205.4,14.333617132371572
2205.6,14.943586046516062
2205.8,14.840413281397979
2206.0,14.638808546275186
2206.2,15.000513482652833
2206.4,14.817823010494259
2206.6,14.834310777016368
2206.8,15.04210726605419
2207.0,14.868168167378188
2207.2,14.45694654678497
2207.4,14.896206445022667
2207.6,14.665867141214864
2207.8,15.104364375513907
2208.0,14.804101020870784
2208.2,15.375724086812653
2208.4,15.247582436669537
2208.6,15.231848575132382
2208.8,15.283665126691794
2209.0,14.81469067100053
2209.2,15.184521427979206
2209.4,15.011234282613795
2209.6,14.798189188103553
2209.8,15.229428495905013
2210.0,14.91917563601573
2210.2,14.728008057640288
2210.4,14.637008520022917
2210.6,14.967409976234691
2210.8,14.717056884591635
2211.0,14.810869865181429
2211.2,15.03952109281266
2211.4,14.993020611965962
2211.6,14.98746138247143
2211.8,15.738369486987898
2212.0,15.813362198258947
2212.2,15.873663274482542
2212.4,15.66541051072818
2212.6,15.378622491793926
2212.8,15.063169639818184
2213.0,15.428643410225973
2213.2,15.148384626215046
2213.4,15.397013968502318
2213.6,15.393085510009357
2213.8,15.521764073832411
2214.0,15.30648474426525
2214.2,15.1067187658048
2214.4,14.798874374749708
2214.6,15.294504145292187
2214.8,15.670643404845382
2215.0,15.452012270411421
2215.2,15.374106001444618
2215.4,15.055797125894877
2215.6,15.17497769533026
2215.8,15.184834052135137
2216.0,15.569123652836254
2216.2,16.17929871784837
2216.4,16.162398352953467
2216.6,15.314725973425196
2216.8,15.635512111169113
2217.0,16.122779974683215
2217.2,16.136965181763312
2217.4,16.70048973539756
2217.6,15.80362988388567
2217.8,16.279070981069367
2218.0,15.38433063201718
2218.2,15.90393371378504
2218.4,16.09342472028246
2218.6,15.635087636754827
2218.8,16.021578261648443
2219.0,16.273869390342483
2219.2,16.207671079251856
2219.4,16.368201265118756
2219.6,16.44219424470357
2219.8,16.463732130206466
2220.0,17.06193255315795
2220.2,16.669542149276793
2220.4,16.544534660855163
2220.6,16.029715721263337
2220.8,16.524909242672265
2221.0,15.858660262921314
2221.2,16.056027017884094
2221.4,15.721153684312482
2221.6,16.472368515607958
2221.8,16.34997285652459
2222.0,16.465747924935087
2222.2,16.58047677533371
2222.4,16.20011155393844
2222.6,16.654591541841043
2222.8,16.675356329183934
2223.0,16.749195215042892
2223.2,16.722865201284694
2223.4,16.151340847325223
2223.6,16.24938298351886
2223.8,16.89925126293986
2224.0,16.88524634774685
2224.2,16.691324166847256
2224.4,16.676235176815627
2224.6,16.519880141329438
2224.8,16.382075478076978
2225.0,16.806460177576454
2225.2,16.29224957299456
2225.4,16.34821137715191
2225.6,16.841516684511607
2225.8,16.66337034901792
2226.0,16.78461803691241
2226.2,16.89403235567511
2226.4,16.64368766929992
2226.6,16.636274859745136
2226.8,16.585181188886473
2227.0,16.319051994195632
2227.2,16.410806809469936
2227.4,15.994194003603209
2227.6,16.098404569682117
2227.8,15.832624671601929
2228.0,15.450575726612438
2228.2,15.574457484280464
2228.4,15.773027402551367
2228.6,16.251059771096863
2228.8,16.348828852783285
2229.0,15.963360435607484
2229.2,16.489601987318064
2229.4,16.81477742010006
2229.6,16.878298456120508
2229.8,16.490161174087753
2230.0,16.642692809149537
2230.2,16.52318439542767
2230.4,15.797796583120544
2230.6,16.550382933985773
2230.8,16.77192901866185
2231.0,16.184135874330234
2231.2,16.332453040572755
2231.4,15.700188250312387
2231.6,15.656941998004886
2231.8,16.02713382273542
2232.0,16.158224498617795
2232.2,16.451160097422747
2232.4,16.775730267202626
2232.6,16.55186991327308
2232.8,16.7936452364009
2233.0,16.373127748716556
2233.2,16.626527488739082
2233.4,16.81062506000144
2233.6,16.634315842326593
2233.8,16.303627322841308
2234.0,17.004895800258748
2234.2,16.28437914799235
2234.4,16.258248463039077
2234.6,16.96804812064623
2234.8,16.114863937714848
2235.0,16.003010878108814
2235.2,15.925033837470826
2235.4,16.2250181244213
2235.6,16.573893791646373
2235.8,16.062702621379533
2236.0,16.023105520902835
2236.2,15.788743509774052
2236.4,15.979594823696226
2236.6,16.19932531177072
2236.8,16.34981165958643
2237.0,15.743472918958265
2237.2,15.814824306016874
2237.4,15.86709695935702
2237.6,16.60557191093323
2237.8,16.566743110272142
2238.0,16.403792656372687
2238.2,16.46839987526428
2238.4,16.850727758650883
2238.6,16.650275430780848
2238.8,15.772153262332022
2239.0,16.305502762579454
2239.2,16.223296537432816
2239.4,15.66715425897896
2239.6,15.668472687879447
2239.8,16.293473257225372
2240.0,15.573082500750006
2240.2,15.048387981996958
2240.4,15.029261916868553
2240.6,14.633224411092593
2240.8,15.192619271529548
2241.0,14.577139449683207
2241.2,15.069945237426747
2241.4,15.84914063487297
2241.6,15.62377837272422
2241.8,15.014213434199192
2242.0,14.757770924871142
2242.2,14.217760930647255
2242.4,14.631201728738866
2242.6,14.943153574519854
2242.8,15.399538295174375
2243.0,15.836677652580008
2243.2,15.457792408907407
2243.4,15.879819967061024
2243.6,16.231369719663657
2243.8,15.856348886561545
2244.0,15.57041285519055
2244.2,15.648610893574409
2244.4,15.713539765164622
2244.6,15.540256817527121
2244.8,15.609991590927667
2245.0,14.940166600040465
2245.2,15.441388036681323
2245.4,15.707677968648175
2245.6,15.63015614061584
2245.8,15.370343474571143
2246.0,15.317867525386571
2246.2,15.695580132118021
2246.4,15.410181355907968
2246.6,15.58526884204952
2246.8,15.104085215732024
2247.0,15.044506178834165
2247.2,16.015150242815253
2247.4,15.962980418971657
2247.6,16.301064382872624
2247.8,16.530184894224714
2248.0,16.445055445069684
2248.2,15.808966599629755
2248.4,16.56325053372938
2248.6,17.10354793094227
2248.8,16.463042008695993
2249.0,16.078398425880053
2249.2,15.719613464471681
2249.4,15.859329291614316
2249.6,15.713710319768312
2249.8,16.417060418941965
2250.0,15.78215296944486
2250.2,16.602871236273405
2250.4,16.326609437113728
2250.6,15.919433421491558
2250.8,15.782879088794914
2251.0,15.490784511585742
2251.2,16.168915945748125
2251.4,16.043566292502902
2251.6,16.670772733464908
2251.8,16.190774904164538
2252.0,15.844692204127583
2252.2,16.348075939441525
2252.4,16.270221480070603
2252.6,16.189993190426613
2252.8,15.964786494826777
2253.0,16.359307609387134
2253.2,15.97296593946377
2253.4,15.445097943366763
2253.6,15.499805163163918
2253.8,16.08520427691331
2254.0,15.490258877727998
2254.2,15.012208737991513
2254.4,15.531717399855536
2254.6,15.19350165578009
2254.8,15.872353855401125
2255.0,16.15460569042667
2255.2,15.64895977701837
2255.4,15.37715743064362
2255.6,15.472235974935442
2255.8,15.742728748516077
2256.0,15.371625165556678
2256.2,15.605760147531907
2256.4,15.931034850465991
2256.6,16.04063980949785
2256.8,16.37574937425145
2257.0,16.47629164264917
2257.2,15.910414301256761
2257.4,16.291752363928836
2257.6,15.563861269012705
2257.8,15.792909029384667
2258.0,15.899415938467612
2258.2,15.805704298743816
2258.4,16.195849223674625
2258.6,15.597981581965197
2258.8,15.902422096805562
2259.0,15.708078838915986
2259.2,15.642238486443922
2259.4,15.181791959554243
2259.6,15.1699350378595
2259.8,15.867964649814981
2260.0,15.81491187428063
2260.2,15.82082721895253
2260.4,15.49960326986643
2260.6,15.465859008765177
2260.8,15.805231748266312
2261.0,16.131535911421516
2261.2,15.711854051050471
2261.4,16.237693398996143
2261.6,15.86589262001488
2261.8,16.072222233341538
2262.0,16.29250079188573
2262.2,15.921118775204866
2262.4,15.703840579402712
2262.6,15.522224966863902
2262.8,15.711180332772102
2263.0,16.01530199626766
2263.2,16.275245438805715
2263.4,16.539200132906867
2263.6,16.479318395363492
2263.8,16.383104227569227
2264.0,16.456224387018196
2264.2,16.569054393122933
2264.4,16.824321451329993
2264.6,16.856794799256672
2264.8,16.297508089301562
2265.0,15.485598316407884
2265.2,15.714242971901447
2265.4,16.109707118048775
2265.6,16.274908429798202
2265.8,16.381156696455893
2266.0,16.78656762268902
2266.2,15.679076262683385
2266.4,16.15324776796424
2266.6,15.548523955065527
2266.8,16.565063610723954
2267.0,16.40830642307585
2267.2,16.609031597581662
2267.4,16.218415730762402
2267.6,15.970611072350229
2267.8,16.41499495903446
2268.0,16.53922252110701
2268.2,16.15509691687411
2268.4,16.64066650585908
2268.6,16.59946690072272
2268.8,16.49636137768298
2269.0,16.59706160702315
2269.2,16.586106198703582
2269.4,16.373715433656578
2269.6,16.026342718106203
2269.8,16.232770087827124
2270.0,15.942616609270058
2270.2,16.474411255028482
2270.4,16.896782225322188
2270.6,16.784908557167746
2270.8,16.91208109905993
2271.0,16.723432363650392
2271.2,16.23213991275383
2271.4,15.895483740389437
2271.6,15.655591004266636
2271.8,16.362556141576647
2272.0,16.683962833557423
2272.2,16.485313937032412
2272.4,16.491526165273694
2272.6,15.985292664170967
2272.8,16.63376391266876
2273.0,16.30758116697872
2273.2,16.085864746475764
2273.4,15.76668031891434
2273.6,15.506909534917678
2273.8,15.919255063187718
2274.0,15.941319153357966
2274.2,15.628512068238559
2274.4,15.045549895559617
2274.6,15.018546633422158
2274.8,14.65184937224051
2275.0,15.153752196356633
2275.2,15.38133935078341
2275.4,15.031511341483629
2275.6,15.414832910893576
2275.8,15.40560821811271
2276.0,15.764884111183504
2276.2,15.11403020568752
2276.4,15.382448961862014
2276.6,15.095407236413521
2276.8,15.319440291924103
2277.0,15.615367706769836
2277.2,16.364902434875937
2277.4,15.62427372869696
2277.6,15.837197483589666
2277.8,15.085848219322266
2278.0,15.721703430635936
2278.2,15.75323963766494
2278.4,15.539335289391648
2278.6,15.08741632742501
2278.8,15.12133344448584
2279.0,15.007327267506152
2279.2,15.436402245991818
2279.4,15.306514807952375
2279.6,15.84894337662506
2279.8,15.528315870674263
2280.0,15.617873069903982
2280.2,15.561948237661207
2280.4,15.114927595071123
2280.6,15.279678337103546
2280.8,15.012333340800815
2281.0,14.815496968093587
2281.2,15.016676880204114
2281.4,14.924605868767147
2281.6,15.313338078407197
2281.8,15.437923029181604
2282.0,15.349404381493503
2282.2,15.41553913085707
2282.4,15.274807045561268
2282.6,15.416455642076839
2282.8,15.515308457423853
2283.0,15.824423548532987
2283.2,15.647641434027626
2283.4,15.8723898183773
2283.6,16.025179079392334
2283.8,16.005586590258595
2284.0,16.412222874073557
2284.2,15.924702030228225
2284.4,16.214863142574018
2284.6,15.610879385720803
2284.8,15.649988497302518
2285.0,15.666217814217877
2285.2,15.720979945899709
2285.4,15.450194550638393
2285.6,15.349577654910156
2285.8,15.459898736507455
2286.0,15.098313388996655
2286.2,15.353540843929853
2286.4,15.50995289255032
2286.6,15.146739632788641
2286.8,14.90737026148472
2287.0,15.035218904114306
2287.2,15.35361829229492
2287.4,15.584658275463493
2287.6,15.736506181428386
2287.8,15.795257885520504
2288.0,17.065729957670364
2288.2,17.29877887325238
2288.4,16.682540555565385
2288.6,17.68647041132589
2288.8,17.480619395447007
2289.0,18.058749951767464
2289.2,18.197578619251793
2289.4,19.967686954842595
2289.6,18.44368359596003
2289.8,18.614998644035957
2290.0,18.75231591328327
2290.2,18.725720297680397
2290.4,19.180519387429573
2290.6,18.501315738880464
2290.8,17.83414482001152
2291.0,17.706807091307574
2291.2,18.417315455542436
2291.4,18.773687428208003
2291.6,18.987531768381565
2291.8,19.501666726752852
2292.0,19.362284819896452
2292.2,20.17174733278329
2292.4,19.531324517258533
2292.6,19.42742088833154
2292.8,20.60711863564397
2293.0,20.8477470369452
2293.2,21.715553554468492
2293.4,21.417018676193926
2293.6,18.21117143902072
2293.8,18.554655522696542
2294.0,17.7968531452454
2294.2,17.203924119038334
2294.4,17.090800476226626
2294.6,17.3392533648275
2294.8,18.23978451146855
2295.0,17.960217544704886
2295.2,18.0618481769465
2295.4,17.768836219294744
2295.6,17.353390767899782
2295.8,18.095491535720093
2296.0,19.184087090470037
2296.2,19.696956269005753
2296.4,19.018572379714104
2296.6,18.23857700276993
2296.8,19.72983846040201
2297.0,18.914875264060257
2297.2,19.32181979924704
2297.4,18.95273240103108
2297.6,18.012817120973544
2297.8,18.50672527906632
2298.0,17.931485191305075
2298.2,18.343671239953853
2298.4,17.94265436030709
2298.6,18.044694223414073
2298.8,18.1187972542812
2299.0,17.697348964236543
2299.2,17.995703841486772
2299.4,17.401825401794994
2299.6,16.987531895907743
2299.8,17.336683914733044
2300.0,17.476038140762565
2300.2,17.710366220192256
2300.4,17.79697193078328
2300.6,18.4138843472789
2300.8,18.45849173628864
2301.0,16.50734794077994
2301.2,17.093839256627263
2301.4,17.29537202617979
2301.6,17.307674565390847
2301.8,17.28178600986719
2302.0,18.15017630699938
2302.2,18.472614759869618
2302.4,19.282893182718375
2302.6,19.534128263554223
2302.8,18.125552270485763
2303.0,18.24779690958039
2303.2,18.659050537228666
2303.4,18.885563786356233
2303.6,18.89346756475685
2303.8,19.07281487452732
2304.0,18.354514127263506
2304.2,17.282155892332362
2304.4,17.684287696994485
2304.6,17.121050756991
2304.8,17.819700488766568
2305.0,17.08767674008286
2305.2,17.777252264203398
2305.4,18.08037125011941
2305.6,17.44279192598776
2305.8,17.799876322616726
2306.0,18.1023805319892
2306.2,17.56692648656255
2306.4,17.67378002613798
2306.6,16.968583735402017
2306.8,17.808255830281986
2307.0,17.003698472077556
2307.2,17.20540567658428
2307.4,17.56182018925794
2307.6,17.413368241480903
2307.8,17.687008598125082
2308.0,17.838637286590146
2308.2,18.244135466842234
2308.4,18.501172739036036
2308.6,17.664520034699432
2308.8,17.487406325010767
2309.0,17.514729551411165
2309.2,16.953333905710583
2309.4,16.308446856372775
2309.6,17.39133226421525
2309.8,16.970697643434068
2310.0,17.292660590603404
2310.2,17.310395380177653
2310.4,17.052505813900655
2310.6,16.68978077405452
2310.8,16.715311205568298
2311.0,17.7156779189703
2311.2,17.921903664206777
2311.4,18.024808064457257
2311.6,17.488770165358076
2311.8,17.86022368166147
2312.0,18.181192421950914
2312.2,17.262908512798024
2312.4,17.00674396846303
2312.6,17.63695597067166
2312.8,17.85353671856379
2313.0,17.407272703416755
2313.2,17.132271569730808
2313.4,17.867766254439708
2313.6,17.69549220483536
2313.8,17.780306700919205
2314.0,17.310181425910564
2314.2,17.21154656181453
2314.4,17.05419613325588
2314.6,16.315160331724904
2314.8,16.7983209549902
2315.0,16.771953041406057
2315.2,17.014488698038164
2315.4,17.03268127983152
2315.6,16.91290565862729
2315.8,17.211423879382878
2316.0,17.348027206503794
2316.2,17.25909407522806
2316.4,17.0224444639695
2316.6,16.855756869414268
2316.8,17.121059837032895
2317.0,16.7106281035343
2317.2,16.76268454213543
2317.4,16.337054810856284
2317.6,16.51981455496045
2317.8,16.4181281531484
2318.0,16.657902623497645
2318.2,16.744913378214193
2318.4,16.4586864566275
2318.6,16.39991621050362
2318.8,16.572927114778743
2319.0,16.4070529496984
2319.2,16.24602979923029
2319.4,16.869684117999654
2319.6,17.16467262611244
2319.8,17.30967351162875
2320.0,17.590271268716688
2320.2,18.235938345843458
2320.4,17.6830829925574
2320.6,18.097972184750407
2320.8,18.337531445779767
2321.0,17.578264594600466
2321.2,17.61758501315643
2321.4,17.736498074252395
2321.6,18.13822025991978
2321.8,17.718946229666017
2322.0,17.576162600299288
2322.2,17.570935705543903
2322.4,17.465721350550854
2322.6,17.135136376840954
2322.8,16.887380527788682
2323.0,16.968991478341266
2323.2,17.230795000304518
2323.4,18.12563726365774
2323.6,18.056546351749667
2323.8,18.77424240342271
2324.0,19.43503901260066
2324.2,18.740586403339176
2324.4,19.215821528794315
2324.6,18.168037277980513
2324.8,18.4929570990348
2325.0,18.2686212505375
2325.2,18.789033838430797
2325.4,18.29088106769257
2325.6,18.638122458107603
2325.8,17.133795341192197
2326.0,18.16316514714513
2326.2,18.602051103208538
2326.4,19.148041991989423
2326.6,18.476083327459616
2326.8,19.174494732653685
2327.0,19.016302997869442
2327.2,19.26209278710928
2327.4,19.046820945577434
2327.6,18.951922879480716
2327.8,18.33099007890778
2328.0,18.89387652660225
2328.2,19.161549902308202
2328.4,18.42244366733385
2328.6,18.90154313166442
2328.8,19.484576791060164
2329.0,18.94234389426836
2329.2,17.224712427195463
2329.4,17.38921370090281
2329.6,18.1224557200036
2329.8,18.054545285735657
2330.0,18.72794165194034
2330.2,19.080868977423563
2330.4,18.699613420728177
2330.6,18.06189977980481
2330.8,18.67095525417675
2331.0,18.809824282865016
2331.2,18.12297039324044
2331.4,19.351129796378196
2331.6,18.839565950826064
2331.8,18.18106613158587
2332.0,18.293120053150687
2332.2,18.195645069189283
2332.4,17.30036543524753
2332.6,18.488911319157143
2332.8,17.606061591749977
2333.0,18.654244458984536
2333.2,18.859449756804487
2333.4,19.606706922391666
2333.6,19.592531171851007
2333.8,19.3675212014173
2334.0,18.819987346706
2334.2,19.481478189881727
2334.4,18.947687535049536
2334.6,18.803240984105642
2334.8,19.008423579008284
2335.0,19.734726726537115
2335.2,21.07639590013831
2335.4,20.316804890125702
2335.6,20.624549028874654
2335.8,20.71012112711731
2336.0,20.5957989691195
2336.2,20.16823033813364
2336.4,19.755170043842924
2336.6,19.325055479616168
2336.8,18.636367634499244
2337.0,20.322314670125326
2337.2,20.184279667287836
2337.4,19.541607387711075
2337.6,19.937638078799104
2337.8,19.11528354905418
2338.0,20.026399274849283
2338.2,19.89071904241124
2338.4,19.83270931873029
2338.6,19.10653141774434
2338.8,19.453145365645327
2339.0,19.813789224879766
2339.2,19.27859359334755
2339.4,20.71708764120119
2339.6,22.244380358918015
2339.8,22.02290987519886
2340.0,21.125147322635076
2340.2,20.849143429164982
2340.4,21.35951698106541
2340.6,22.531568825482804
2340.8,23.290860152511787
2341.0,22.62031079411762
2341.2,22.966015572260076
2341.4,21.714883238582438
2341.6,22.636306329452722
2341.8,23.4264134419006
2342.0,22.596635919092698
2342.2,23.450894983494457
2342.4,24.32231389495974
2342.6,23.849051766266633
2342.8,22.89671834483919
2343.0,24.231694807724345
2343.2,24.66981369728024
2343.4,23.84356991967576
2343.6,22.029944270398573
2343.8,22.241928721175167
2344.0,22.60107482527825
2344.2,20.414345501621753
2344.4,21.015570053000125
2344.6,21.52695423193341
2344.8,20.482220273910112
2345.0,19.9807500656132
2345.2,20.495965662503664
2345.4,20.89601821793924
2345.6,20.19648121602302
2345.8,19.400302701288375
2346.0,19.496638556042786
2346.2,19.923453518988087
2346.4,18.90219271766079
2346.6,18.788200815798056
2346.8,18.747788403374404
2347.0,18.240536290011807
2347.2,18.91147530005941
2347.4,19.255183455983694
2347.6,19.240668532794945
2347.8,20.115456789065572
2348.0,20.055281170597134
2348.2,19.78642903197231
2348.4,20.535244843944472
2348.6,20.788409855861538
2348.8,20.743761077227745
2349.0,19.112234499230812
2349.2,19.80850728188178
2349.4,20.28773631752358
2349.6,19.96965950933204
2349.8,20.273734233246735
2350.0,20.13268428108715
2350.2,20.50856170177155
2350.4,20.933876173157223
2350.6,20.324240795721224
2350.8,22.16701837786521
2351.0,21.63723310571877
2351.2,22.271679589607217
2351.4,24.292965246923398
2351.6,22.8727076963343
2351.8,21.751774667156045
2352.0,20.444983070332885
2352.2,21.68378830342235
2352.4,23.707080358760926
2352.6,23.476996046775565
2352.8,22.44567095814506
2353.0,20.225893609671964
2353.2,19.862454082699216
2353.4,18.706818902978036
2353.6,18.298470026855195
2353.8,17.914863476876917
2354.0,17.187281134239328
2354.2,16.613807326625075
2354.4,15.850931342965442
2354.6,16.072622100949594
2354.8,16.47891260474872
2355.0,16.392523038329735
2355.2,16.724846016537867
2355.4,16.935697592936535
2355.6,16.643918841787503
2355.8,16.437102394677254
2356.0,16.270004198843953
2356.2,15.659335948965797
2356.4,16.06951769884779
2356.6,16.237499878923906
2356.8,15.701787912575577
2357.0,15.771032522782576
2357.2,15.858271542074426
2357.4,15.561982305468353
2357.6,15.456858062997057
2357.8,15.02035416847014
2358.0,15.560758186344907
2358.2,14.955135898338092
2358.4,14.88600505431127
2358.6,15.214565446817652
2358.8,15.499520708289076
2359.0,16.13455862759407
2359.2,15.722938509119063
2359.4,17.432241771157067
2359.6,16.53969087506596
2359.8,15.818589550748081
2360.0,16.899359514441198
2360.2,16.36384325515091
2360.4,15.844776292124578
2360.6,15.964930049712308
2360.8,15.770221396367246
2361.0,16.398337964446007
2361.2,16.180837257227417
2361.4,15.944271443996405
2361.6,16.043318567512603
2361.8,16.052213332180074
2362.0,15.689022748497335
2362.2,16.347604275089452
2362.4,16.182241481405462
2362.6,16.208249168217762
2362.8,16.21310477863293
2363.0,16.396243530523385
2363.2,15.981362909010544
2363.4,15.691048295853005
2363.6,16.438030404193753
2363.8,16.181655036376757
2364.0,16.40693830469022
2364.2,16.515998782003876
2364.4,16.2278416282654
2364.6,16.201877292884518
2364.8,15.995879661708095
2365.0,16.26585098207235
2365.2,15.508442182502629
2365.4,15.380708831815335
2365.6,15.348680331021898
2365.8,15.328940296352338
2366.0,15.429138516366258
2366.2,16.465471070713274
2366.4,16.19529135645625
2366.6,16.223335925595396
2366.8,16.34182642758472
2367.0,16.966432067894658
2367.2,17.156380025742667
2367.4,18.072014796300053
2367.6,17.91258983767338
2367.8,17.63456531131893
2368.0,17.78607353814591
2368.2,17.894026036259444
2368.4,18.20249823120386
2368.6,17.6140844027883
2368.8,18.204514856808427
2369.0,18.683637867886
2369.2,17.417401159234625
2369.4,18.5703784200696
2369.6,19.165173754861982
2369.8,19.245931788023864
2370.0,18.6501200601328
2370.2,17.795195645424595
2370.4,17.922027330277434
2370.6,17.47385446121425
2370.8,18.377398623762215
2371.0,19.072614232781724
2371.2,18.760144041982507
2371.4,17.63684453844799
2371.6,17.57373652074918
2371.8,18.108782949943215
2372.0,17.631293364540547
2372.2,18.74855818735458
2372.4,18.94337465422122
2372.6,18.518719438705048
2372.8,17.66376639886043
2373.0,17.547870985771375
2373.2,17.495233291613896
2373.4,17.356721508592805
2373.6,17.26172148189455
2373.8,18.069705090326455
2374.0,17.863855944196278
2374.2,17.93102663721479
2374.4,17.07912206195478
2374.6,17.591290873168678
2374.8,18.136789800483534
2375.0,18.08169443434425
2375.2,18.588063873215127
2375.4,17.356538846921016
2375.6,17.32139343286059
2375.8,18.000190539718794
2376.0,18.518167299635955
2376.2,18.059430170828975
2376.4,18.688284908963382
2376.6,18.89541671946987
2376.8,17.904372888114345
2377.0,19.118098921137936
2377.2,19.835145199460435
2377.4,19.082449845490085
2377.6,21.038673231567515
2377.8,19.58898517113571
2378.0,19.805921701676464
2378.2,19.433704757133384
2378.4,19.52915595084948
2378.6,21.020616807222964
2378.8,20.479438059729297
2379.0,20.644918347601596
2379.2,21.165131382034158
2379.4,19.55746756625158
2379.6,21.04241234150599
2379.8,21.360483253864928
2380.0,20.9166488246303
2380.2,21.58114058061093
2380.4,21.08396492945801
2380.6,19.575492275233096
2380.8,18.491542652579795
2381.0,19.639926927736802
2381.2,20.230437378421563
2381.4,19.478780591025412
2381.6,18.229033431097747
2381.8,18.67593545346071
2382.0,18.12448367932444
2382.2,18.465212613560475
2382.4,18.839506770759726
2382.6,18.230275657673413
2382.8,18.267549980930163
2383.0,18.870645002328185
2383.2,19.009091148552834
2383.4,18.329277774027787
2383.6,17.52791856258719
2383.8,16.651119679146394
2384.0,17.318150971454823
2384.2,17.667640147997524
2384.4,16.62373889875633
2384.6,17.182601824925616
2384.8,17.40147652863046
2385.0,17.39207880908337
2385.2,17.449147848913466
2385.4,18.024913712558302
2385.6,17.345395797729992
2385.8,16.60420735789429
2386.0,16.44837732259626
2386.2,17.0369893709793
2386.4,16.959809367423418
2386.6,17.616126523358407
2386.8,17.427288349045508
2387.0,17.183454361904545
2387.2,17.027873799436804
2387.4,16.96265668079533
2387.6,17.290792458708587
2387.8,16.95964209104994
2388.0,16.210609176711955
2388.2,17.139003745492115
2388.4,16.89921006353991
2388.6,17.23499986834902
2388.8,16.866085437396933
2389.0,16.765357426237827
2389.2,17.150343930221794
2389.4,17.710098832241854
2389.6,17.328918689588725
2389.8,17.15854090484207
2390.0,17.14820204994706
2390.2,17.096171936900376
2390.4,16.88183538210033
2390.6,16.823260396778053
2390.8,16.479413544981654
2391.0,15.517900487090767
2391.2,16.867043517456622
2391.4,16.49540998423761
2391.6,16.54859739380695
2391.8,16.10210143768216
2392.0,15.67575281858004
2392.2,16.556560856028238
2392.4,16.584234814032687
2392.6,17.17677068923329
2392.8,17.21215615382365
2393.0,17.11374622642017
2393.2,17.3238723613689
2393.4,17.589334658141706
2393.6,17.666776940894863
2393.8,17.341203027454128
2394.0,17.257347516154848
2394.2,16.43394651742542
2394.4,16.448868619540313
2394.6,15.815534853393062
2394.8,15.79415077771837
2395.0,15.822124443268088
2395.2,16.159671518433424
2395.4,15.92574811248352
2395.6,15.357716941982336
2395.8,15.49012157557036
2396.0,14.891935280029687
2396.2,15.498428401057577
2396.4,15.807038412662674
2396.6,16.081484196507425
2396.8,15.758300504680145
2397.0,16.35102087197388
2397.2,16.378172058605532
2397.4,16.316823924901414
2397.6,16.092219731694403
2397.8,15.762749249812844
2398.0,16.247260157987636
2398.2,16.215219669329866
2398.4,16.22114073005487
2398.6,16.139053273074794
2398.8,15.86796294033845
2399.0,15.25997905216065
2399.2,15.730156713939127
2399.4,15.832467624803497
2399.6,15.028253240550132
2399.8,15.254400919457417
2400.0,15.172517879029517
2400.2,15.612290037159053
2400.4,15.695075707560672
2400.6,15.470663546291018
2400.8,15.716902779970635
2401.0,15.89111994155352
2401.2,15.556884569814587
2401.4,15.159230989862895
2401.6,15.184738745791538
2401.8,15.592103620358966
2402.0,15.399787848898729
2402.2,15.354514771557694
2402.4,15.119917998178263
2402.6,15.002993864383944
2402.8,15.410147418861575
2403.0,15.472574896892953
2403.2,15.335397059874394
2403.4,15.47636835821551
2403.6,15.262096676590174
2403.8,15.31044356871837
2404.0,15.70051201732685
2404.2,15.935235825185337
2404.4,16.36347872548796
2404.6,15.573431793925856
2404.8,15.709899834882306
2405.0,15.258884454509467
2405.2,15.66234593872467
2405.4,15.90584032419702
2405.6,15.946028413433194
2405.8,16.102312578343906
2406.0,15.98167776510907
2406.2,16.00868618650003
2406.4,16.01718857894037
2406.6,15.87467225253997
2406.8,15.653821417023224
2407.0,15.910534437662596
2407.2,15.691633137687266
2407.4,15.441837429690764
2407.6,15.343340859960152
2407.8,15.374489796055098
2408.0,15.673139544017749
2408.2,15.63989824887238
2408.4,15.06147569912017
2408.6,14.889812619481921
2408.8,15.050699618481218
2409.0,14.986601379191182
2409.2,16.102150563531406
2409.4,15.693106941605109
2409.6,15.789975881918954
2409.8,15.568124436483942
2410.0,15.515534839507044
2410.2,15.50601542595573
2410.4,15.505680755157984
2410.6,15.431690077931952
2410.8,15.432367574555723
2411.0,15.733267058601863
2411.2,15.072178396484162
2411.4,15.859220670464808
2411.6,15.844825790926647
2411.8,15.184732862770607
2412.0,14.573931164156328
2412.2,15.270375693364834
2412.4,15.741881490796164
2412.6,16.252048613531763
2412.8,15.967966999874603
2413.0,15.92494957758062
2413.2,15.712682004239385
2413.4,15.921781873972003
2413.6,15.918359256721423
2413.8,16.172986415779974
2414.0,15.392205036591562
2414.2,15.436463310814856
2414.4,15.504493960420447
2414.6,15.414589043146702
2414.8,16.373133192696752
2415.0,16.009824950114904
2415.2,15.795528123250861
2415.4,16.262497455580796
2415.6,16.572152043158187
2415.8,16.602015910608753
2416.0,15.850015693408338
2416.2,15.747819523566427
2416.4,15.577687328844767
2416.6,15.730683133099788
2416.8,15.369261750903371
2417.0,15.485334332650435
2417.2,15.46858539402302
2417.4,15.280391724803833
2417.6,15.509781762232056
2417.8,15.810722704296495
2418.0,15.269808552917683
2418.2,15.486075178141544
2418.4,15.900272472765751
2418.6,15.962635248036456
2418.8,15.771865876454083
2419.0,15.857081026826043
2419.2,15.972986618137279
2419.4,16.28523492593937
2419.6,15.703357024762534
2419.8,15.811735277451326
2420.0,16.092936596869936
2420.2,16.130212834431767
2420.4,16.70377404874739
2420.6,16.150756804034835
2420.8,16.069539871396582
2421.0,16.988924137609448
2421.2,16.50481283743695
2421.4,16.63675880471398
2421.6,17.532331628613107
2421.8,18.282068944575823
2422.0,18.728513967851672
2422.2,18.558033577270088
2422.4,17.99564433402538
2422.6,18.41911965880634
2422.8,18.86863372468938
2423.0,18.757444619780216
2423.2,18.90901270979701
2423.4,19.455553013739937
2423.6,18.823826335208874
2423.8,18.396930013912232
2424.0,18.337205684057235
2424.2,18.122606636215956
2424.4,18.011390968884445
2424.6,17.604564946749615
2424.8,18.424646725841818
2425.0,18.457148695464184
2425.2,18.34416065469186
2425.4,17.585958549452908
2425.6,16.789028798362864
2425.8,16.73626385355351
2426.0,16.975824902424982
2426.2,17.056315186482514
2426.4,17.375364261341424
2426.6,16.950584942098644
2426.8,17.95869883368543
2427.0,17.32696435484062
2427.2,17.826151549790133
2427.4,17.88964637881329
2427.6,17.689151193123056
2427.8,17.85151481529929
2428.0,18.05205182379069
2428.2,17.914913039199305
2428.4,17.995596828693103
2428.6,17.86554969116824
2428.8,17.223755989467577
2429.0,18.313082382942625
2429.2,17.483946133230713
2429.4,16.93778563532264
2429.6,17.00345383790578
2429.8,17.635194400789732
2430.0,18.52149168919815
2430.2,18.55969186190197
2430.4,17.87051343873225
2430.6,17.73083308764236
2430.8,17.45666501875326
2431.0,17.66213670262956
2431.2,17.50761430435459
2431.4,17.129957938846434
2431.6,16.399956295898637
2431.8,16.827932361293026
2432.0,16.940804430095465
2432.2,17.03709769512729
2432.4,16.482415103288343
2432.6,15.920648557888287
2432.8,16.254723549593248
2433.0,16.727381763680242
2433.2,17.223670897665485
2433.4,17.51056774840733
2433.6,17.416228364799682
2433.8,17.44273176121051
2434.0,17.29724124839321
2434.2,16.75407200204838
2434.4,16.759170691717696
2434.6,17.02241238535501
2434.8,16.817461234413756
2435.0,16.484820273462468
2435.2,16.40267853186957
2435.4,16.22848172037774
2435.6,17.10307218573132
2435.8,16.48551112081025
2436.0,16.78666982211968
2436.2,16.806358587039696
2436.4,16.364071542113173
2436.6,16.68243545954015
2436.8,16.33676271903716
2437.0,16.366688095852567
2437.2,16.979572469711613
2437.4,16.81797514904131
2437.6,17.629917973029087
2437.8,17.69082309080693
2438.0,18.029879773852596
2438.2,19.188238953466687
2438.4,18.918084160803346
2438.6,17.956224722946608
2438.8,18.281684491682988
2439.0,18.755054643778028
2439.2,18.575860218172092
2439.4,18.411218732743905
2439.6,17.832106271675073
2439.8,17.521897019559887
2440.0,17.620653051301897
2440.2,18.713377503704493
2440.4,17.8882871586437
2440.6,17.744789984396203
2440.8,18.146455823357687
2441.0,18.590697855203302
2441.2,18.650978105617387
2441.4,18.768063188340616
2441.6,19.119210785408264
2441.8,18.913732632200585
2442.0,18.51150704267258
2442.2,18.69978532358365
2442.4,18.896184247011213
2442.6,18.33041763521385
2442.8,19.15266261530716
2443.0,19.03863064596844
2443.2,17.864817421423183
2443.4,17.99826490466103
2443.6,18.55644473499651
2443.8,20.042427538086045
2444.0,19.12816520105165
2444.2,18.968854632704797
2444.4,18.493653809023606
2444.6,19.561200576823897
2444.8,18.820605270420977
2445.0,18.802737841884824
2445.2,18.86475702990813
2445.4,19.17746190568939
2445.6,19.05274639593953
2445.8,18.866874176795246
2446.0,18.43656412752824
2446.2,18.26545886071606
2446.4,17.616110779918692
2446.6,17.748666961488397
2446.8,18.31990126339295
2447.0,17.893601203446586
2447.2,18.101950597374653
2447.4,18.222444427525797
2447.6,18.269604903842215
2447.8,18.045397684587876
2448.0,17.555429440136795
2448.2,17.756108585312045
2448.4,17.146299801342835
2448.6,17.12238214809772
2448.8,16.929189877407275
2449.0,16.688396103930867
2449.2,16.291666383971933
2449.4,15.530462631293943
2449.6,16.07451677038124
2449.8,16.237171587335794
2450.0,15.833629912840205
2450.2,16.45859034806431
2450.4,15.454233367681159
2450.6,15.286447405188557
2450.8,15.259441583227353
2451.0,15.597307995434495
2451.2,15.47323344006717
2451.4,16.214951165595075
2451.6,16.448748598609335
2451.8,16.654559554437828
2452.0,16.536310411235064
2452.2,16.504730500203813
2452.4,16.720017493501906
2452.6,17.333253414078353
2452.8,17.663584891786385
2453.0,17.555835572892658
2453.2,16.751199154263308
2453.4,17.95009295188514
2453.6,17.261350313319646
2453.8,18.028296489697492
2454.0,18.02692489965761
2454.2,18.39102766371473
2454.4,18.37913256422635
2454.6,18.355690269424677
2454.8,17.558563403354952
2455.0,18.374428675918406
2455.2,17.9592703870087
2455.4,17.235421149805703
2455.6,17.499330296204295
2455.8,18.552406642154306
2456.0,18.371661406591798
2456.2,18.19830707810913
2456.4,17.821809500013888
2456.6,18.316422931431294
2456.8,17.737324719798224
2457.0,18.106478610856904
2457.2,18.25738722453298
2457.4,18.55968881821316
2457.6,18.371224552980912
2457.8,18.32169055700089
2458.0,18.786108437322678
2458.2,19.06512034024439
2458.4,18.96699711393421
2458.6,18.794543607564307
2458.8,20.03955576569084
2459.0,18.89552369999996
2459.2,19.166134309401947
2459.4,19.71661937883517
2459.6,19.253914879248313
2459.8,18.685121307631377
2460.0,19.107079835111524
2460.2,19.572258441885392
2460.4,18.80215855769086
2460.6,18.50141194357427
2460.8,17.823068840332276
2461.0,18.063992070948636
2461.2,16.996995197888115
2461.4,16.951401397958904
2461.6,17.105794592156684
2461.8,17.26216552579268
2462.0,17.335424226323536
2462.2,17.528216987254858
2462.4,18.084204619251363
2462.6,17.67885890124592
2462.8,17.389103754819345
2463.0,17.84515603928857
2463.2,17.798457375988527
2463.4,18.742711588392748
2463.6,18.851313647654337
2463.8,18.20252980438384
2464.0,18.19854897568031
2464.2,17.670236626225186
2464.4,17.33368453203419
2464.6,16.911251368793074
2464.8,16.76092682042033
2465.0,17.257853353079618
2465.2,16.422497459053588
2465.4,17.220727460733265
2465.6,17.390036809315422
2465.8,17.623502847395205
2466.0,18.086352637688574
2466.2,19.273022482595014
2466.4,18.702535681388422
2466.6,18.936522998698464
2466.8,19.519515621497735
2467.0,19.36758833818475
2467.2,19.4812386518812
2467.4,19.120333716825314
2467.6,19.25210225761678
2467.8,18.762162548351185
2468.0,18.29493928012341
2468.2,18.295905848874835
2468.4,18.223893108437416
2468.6,18.028157705636115
2468.8,17.885837126966237
2469.0,17.63916133454809
2469.2,18.232184411563207
2469.4,18.141517966227436
2469.6,18.081383087152542
2469.8,17.949538817509158
2470.0,18.34445126640367
2470.2,17.63229164962386
2470.4,16.060072904057638
2470.6,16.52015119817834
2470.8,17.09751248158755
2471.0,16.857717266205036
2471.2,16.817438880772805
2471.4,16.633606354971576
2471.6,16.71351560828565
2471.8,17.22924010509236
2472.0,16.648729764632154
2472.2,16.14789092497863
2472.4,16.182807076925506
2472.6,16.95991239887041
2472.8,16.82274731876973
2473.0,16.755731214760814
2473.2,17.27709927493014
2473.4,16.350594862571864
2473.6,16.97919481049535
2473.8,17.044184420949655
2474.0,17.412860764694607
2474.2,16.545506691893113
2474.4,16.70729017409116
2474.6,16.577057136523383
2474.8,16.97303661118455
2475.0,17.768747288572673
2475.2,17.362200929554092
2475.4,17.294822008598157
2475.6,16.98154606185476
2475.8,16.387131214251948
2476.0,16.94310725863187
2476.2,16.85987661182303
2476.4,17.046666088316208
2476.6,17.55575900220347
2476.8,16.64688233162988
2477.0,17.89203331709739
2477.2,17.41717620419265
2477.4,17.564313320177284
2477.6,18.58701029312498
2477.8,18.43715571150473
2478.0,18.331983497056022
2478.2,18.54538640404474
2478.4,18.480684822442356
2478.6,17.837480993324597
2478.8,18.420800401199024
2479.0,17.607485288367435
2479.2,17.42378089179341
2479.4,18.850669052481596
2479.6,18.72546534736262
2479.8,18.909184934936956
2480.0,18.61976014616642
2480.2,19.24553453144727
2480.4,19.10048834398289
2480.6,18.82590312723361
2480.8,18.946524331176825
2481.0,19.635934642467955
2481.2,19.059616416948643
2481.4,19.169166907149965
2481.6,18.674636649517264
2481.8,19.24156913561241
2482.0,18.44421295707385
2482.2,18.38440053596472
2482.4,18.099264125741886
2482.6,16.8390633009918
2482.8,17.94545377913601
2483.0,17.44284646990935
2483.2,18.46617412593998
2483.4,18.01678978925097
2483.6,18.08020792521279
2483.8,19.064489192177486
2484.0,18.659896978182374
2484.2,18.626836295767795
2484.4,18.410584476359016
2484.6,19.161063466155635
2484.8,18.968725990482355
2485.0,17.911324457552364
2485.2,17.75414215254274
2485.4,18.161509329438555
2485.6,17.029652879110973
2485.8,17.169434255772337
2486.0,17.27960985029941
2486.2,17.301624290610544
2486.4,16.94799423474712
2486.6,16.470751531173104
2486.8,17.234542247545345
2487.0,16.72478278416014
2487.2,17.03294848052243
2487.4,16.574867982665875
2487.6,16.416469923331736
2487.8,16.140209786174037
2488.0,16.558907517308164
2488.2,16.358753682426656
2488.4,17.12293199561476
2488.6,17.198757901649365
2488.8,16.714596713704623
2489.0,17.137631317883308
2489.2,17.114099988757253
2489.4,16.933079888828686
2489.6,17.471467737991663
2489.8,17.74730359856778
2490.0,16.90150554428105
2490.2,17.09239918701488
2490.4,16.60618184804306
2490.6,17.0474464901474
2490.8,17.726705885233322
2491.0,16.838483548542243
2491.2,17.049576944222885
2491.4,17.30110303570848
2491.6,17.60996431070047
2491.8,18.93740707108459
2492.0,18.002390389685957
2492.2,17.33621439250856
2492.4,17.8281094167834
2492.6,17.13908428902957
2492.8,17.016835165841446
2493.0,16.228275976898058
2493.2,16.06697336207842
2493.4,16.33168579702033
2493.6,16.549908587572915
2493.8,16.926750499465694
2494.0,16.197756796742745
2494.2,16.315652164773482
2494.4,15.629085730163235
2494.6,15.510550050352494
2494.8,15.513124120590637
2495.0,15.602002892487135
2495.2,16.12839511331549
2495.4,16.41386612588872
2495.6,16.23804826165692
2495.8,15.356308429652568
2496.0,15.488256771088178
2496.2,16.028493034182564
2496.4,16.095565561955098
2496.6,16.450772172912504
2496.8,16.73850548788497
2497.0,16.311203756711844
2497.2,16.304262659115164
2497.4,15.949702726302169
2497.6,15.233684415513412
2497.8,15.472752594480234
2498.0,15.727182053169667
2498.2,15.655631636132792
2498.4,16.150694203668788
2498.6,16.47410932468204
2498.8,16.35434003984524
2499.0,16.291633994766727
2499.2,16.346703029878412
2499.4,16.111397760628904
2499.6,15.56964249323607
2499.8,17.535407667152075
2500.0,18.914811695457992
2500.2,19.380819670975942
2500.4,19.73654142411665
2500.6,18.91088141421026
2500.8,19.773120046931766
2501.0,20.636926979806773
2501.2,20.81547229503457
2501.4,20.349268593540625
2501.6,19.66093275136604
2501.8,19.027436581095067
2502.0,18.08102198203722
2502.2,21.35956865773271
2502.4,20.882254530764826
2502.6,21.849649121959892
2502.8,20.732519598044462
2503.0,20.359135972593062
2503.2,21.53235165214923
2503.4,21.653350220649056
2503.6,20.954011157270873
2503.8,21.206174152688213
2504.0,20.571864682450038
2504.2,20.495511693130474
2504.4,20.187726179092387
2504.6,20.959607297843
2504.8,20.040623100760776
2505.0,20.49128055604868
2505.2,20.587731986000524
2505.4,21.276487030991078
2505.6,21.205235370614872
2505.8,19.903266858638315
2506.0,21.447309840625365
2506.2,20.066999112307474
2506.4,19.960885466109552
2506.6,19.402612646277063
2506.8,18.819438598692717
2507.0,18.533415355100356
2507.2,19.52922413936735
2507.4,20.545299159488323
2507.6,21.26433444124916
2507.8,21.98497028464857
2508.0,22.706025533658718
2508.2,22.069775598622762
2508.4,22.380363167693634
2508.6,22.24923232574578
2508.8,21.83803455855413
2509.0,21.572888559680898
2509.2,21.966770036042917
2509.4,22.041723360819457
2509.6,21.311255248664878
2509.8,22.166278926223704
2510.0,21.139670415449064
2510.2,19.18887366217102
2510.4,19.973804471207885
2510.6,20.36133552933895
2510.8,20.56023012111646
2511.0,20.750284723818023
2511.2,19.51483453266349
2511.4,19.90322109030152
2511.6,20.482988013913186
2511.8,18.692863924078697
2512.0,18.429168065445317
2512.2,19.020415658447657
2512.4,19.338002919190984
2512.6,19.185975235892872
2512.8,19.848231381757746
2513.0,19.933097569591194
2513.2,19.189282623312675
2513.4,18.87444058393228
2513.6,17.99884160265243
2513.8,17.930192773307468
2514.0,16.96864133006966
2514.2,17.69476782365126
2514.4,17.086303841989412
2514.6,16.895798261057944
2514.8,16.306224339429658
2515.0,16.844932581993206
2515.2,16.669378035872626
2515.4,15.937805300050126
2515.6,15.492804094613133
2515.8,15.8166547791453
2516.0,16.44125929920887
2516.2,16.800694878062334
2516.4,17.024881112928938
2516.6,16.34676314540194
2516.8,16.695762650001647
2517.0,16.83749910384345
2517.2,16.26820010602706
2517.4,16.357852497940073
2517.6,16.35466761305937
2517.8,15.741977096557187
2518.0,15.818520161438625
2518.2,15.294613140744795
2518.4,15.744410863841484
2518.6,15.361959066387756
2518.8,15.61644907245066
2519.0,15.445108088785812
2519.2,15.611340235865892
2519.4,15.29714248792661
2519.6,15.333615404167855
2519.8,15.972927195305362
2520.0,15.761461926545508
2520.2,15.888648959154661
2520.4,15.77033162281847
2520.6,16.03188315612802
2520.8,16.187582122286816
2521.0,16.47493212719368
2521.2,15.972287712186315
2521.4,15.56596302417007
2521.6,15.769574830450942
2521.8,15.028731921891595
2522.0,15.110950330976422
2522.2,15.933327315744872
2522.4,16.027223169759438
2522.6,15.90077980196503
2522.8,15.615642094525104
2523.0,16.707237827429154
2523.2,15.992352419433677
2523.4,15.682778198290315
2523.6,15.46143585419195
2523.8,15.924991991203242
2524.0,16.472078783731984
2524.2,16.523399733472544
2524.4,15.761382529407445
2524.6,16.013237996504873
2524.8,15.958464848320734
2525.0,16.32394946131776
2525.2,16.756174268168536
2525.4,16.4354777379763
2525.6,15.835473693287971
2525.8,16.365512528816794
2526.0,15.891740393039875
2526.2,16.593661324489418
2526.4,16.329272397076053
2526.6,16.983926401146967
2526.8,16.41439072423545
2527.0,16.78306225349036
2527.2,17.07487730809458
2527.4,16.77944652165809
2527.6,17.241054054269696
2527.8,16.908899941645917
2528.0,17.50406855840876
2528.2,16.546242815110258
2528.4,16.518087478058327
2528.6,16.301861176607286
2528.8,16.392609542467802
2529.0,16.37491922078558
2529.2,16.89648874272385
2529.4,17.018773956279713
2529.6,16.547825040024936
2529.8,16.405217836314222
2530.0,16.95563066540647
2530.2,15.942182457630212
2530.4,15.741746149709911
2530.6,16.51040233415942
2530.8,16.199765541455058
2531.0,15.549853226408707
2531.2,15.764719076403395
2531.4,15.885483996045798
2531.6,16.08717037685394
2531.8,16.00200138306899
2532.0,15.542240252699361
2532.2,16.070537384349016
2532.4,16.20574971167504
2532.6,16.687825894650157
2532.8,16.755576879518582
2533.0,16.34276609339787
2533.2,16.704708725348798
2533.4,16.72427050302861
2533.6,16.599000046558103
2533.8,16.978262683109364
2534.0,16.395926106602904
2534.2,16.54563845894551
2534.4,16.97185938574846
2534.6,16.62275592636118
2534.8,16.30306395772013
2535.0,16.56729510371399
2535.2,16.642313521267724
2535.4,16.51087991491566
2535.6,15.95031280633375
2535.8,16.322826201389926
2536.0,16.980643207864926
2536.2,16.699896584255526
2536.4,16.3177177336462
2536.6,16.149847323320785
2536.8,15.716785385398602
2537.0,16.207300965792975
2537.2,15.758997081849792
2537.4,15.785114351260425
2537.6,15.79259175576977
2537.8,15.578341500794926
2538.0,15.309992754098094
2538.2,15.26806621768447
2538.4,15.821536642558083
2538.6,15.613903398146466
2538.8,15.13072776247064
2539.0,14.603027909175527
2539.2,15.21791442891933
2539.4,15.69332592785473
2539.6,15.999143900616648
2539.8,15.972153318817723
2540.0,16.14748660158141
2540.2,16.16683775003867
2540.4,16.001736251862873
2540.6,15.622823200827131
2540.8,16.060354143521803
2541.0,15.41325065765947
2541.2,15.685363315347203
2541.4,15.91441712326164
2541.6,15.394952762006458
2541.8,15.602417293328227
2542.0,15.878907325629905
2542.2,16.894071074382335
2542.4,16.51165878671078
2542.6,16.715724488799914
2542.8,16.122827538388236
2543.0,16.925073886196852
2543.2,16.80585756110005
2543.4,17.017393393215727
2543.6,16.49488657726284
2543.8,16.386518741013937
2544.0,16.136742349397107
2544.2,15.981406113158647
2544.4,16.073453837457002
2544.6,16.02858261728638
2544.8,15.716924835509028
2545.0,16.311283839385517
2545.2,16.52028522479156
2545.4,15.800736324448883
2545.6,16.404239720092452
2545.8,16.326024893296307
2546.0,16.317402649101666
2546.2,15.933598034238045
2546.4,16.585406335521824
2546.6,16.572063789553184
2546.8,16.729122145018607
2547.0,16.791346420059412
2547.2,17.27937209369674
2547.4,17.005735179001327
2547.6,16.566499186808734
2547.8,16.754095353137476
2548.0,16.234829102585813
2548.2,16.580177936142263
2548.4,16.578989520882534
2548.6,16.770102824055527
2548.8,16.604862174864145
2549.0,15.493322931486219
2549.2,16.91657514283244
2549.4,17.60081072072509
2549.6,17.31485948565369
2549.8,16.74345882793991
2550.0,17.602405802305793
2550.2,17.21872142789181
2550.4,17.783238581237036
2550.6,17.638014994382058
2550.8,18.02026078025728
2551.0,17.743803008345445
2551.2,18.211433337218057
2551.4,18.245499130397185
2551.6,17.643298085186217
2551.8,18.258070141034466
2552.0,17.570334903634194
2552.2,18.115328946692173
2552.4,18.348964534281663
2552.6,17.478281888372855
2552.8,17.58068574556562
2553.0,17.43872251487136
2553.2,17.029346680969514
2553.4,16.882331905111364
2553.6,17.360840884923334
2553.8,17.21179351854729
2554.0,17.381893262480453
2554.2,16.819807093056113
2554.4,16.762621022599696
2554.6,16.894741161145646
2554.8,16.125726601473207
2555.0,17.12869427324925
2555.2,17.735464175128726
2555.4,17.3350909357345
2555.6,17.015884085601645
2555.8,17.166149890534353
2556.0,17.28560402482241
2556.2,17.84340701455324
2556.4,17.11621385504436
2556.6,17.348136022708957
2556.8,17.064889607232843
2557.0,17.092586734678395
2557.2,17.34197380356737
2557.4,16.521103532361014
2557.6,16.534576270342868
2557.8,18.129924940252504
2558.0,18.315687144487825
2558.2,18.383033702828847
2558.4,18.337781533745876
2558.6,18.427214026360428
2558.8,18.661244092878857
2559.0,17.99146890235877
2559.2,18.57075096884487
2559.4,18.659651259731017
2559.6,17.474753397097707
2559.8,17.653989646259983
2560.0,17.737442264332547
2560.2,16.982864045323947
2560.4,17.270966982842737
2560.6,16.21258144102282
2560.8,16.587287295009666
2561.0,17.27492125389558
2561.2,16.653250994295878
2561.4,16.987613977517867
2561.6,17.025780879556105
2561.8,17.339131582209063
2562.0,16.575139017511546
2562.2,16.539964399179105
2562.4,16.41424314802038
2562.6,17.454029811871543
2562.8,17.88141162563437
2563.0,17.708384836846342
2563.2,17.8507048428657
2563.4,17.32933304738079
2563.6,17.442459454787574
2563.8,16.824277604532732
2564.0,16.431067429759974
2564.2,17.00193223677356
2564.4,16.745778696077004
2564.6,16.314322078598543
2564.8,16.12452324553901
2565.0,15.775512670273704
2565.2,16.19747423083455
2565.4,15.787959620710767
2565.6,15.762387257891504
2565.8,16.573380578524603
2566.0,16.0901917879614
2566.2,16.516619489112983
2566.4,16.54695086941977
2566.6,16.45623429549502
2566.8,16.701666274520527
2567.0,16.6737692531548
2567.2,16.15867047722881
2567.4,15.935991825485104
2567.6,17.042158288941863
2567.8,16.97039098370976
2568.0,17.253406735053588
2568.2,16.878802790105848
2568.4,16.89865409442212
2568.6,16.512095212223212
2568.8,16.135303446946626
2569.0,16.283510524695483
2569.2,17.12725882404513
2569.4,16.581418712201597
2569.6,16.054116424380314
2569.8,15.537106254995113
2570.0,15.260645908316208
2570.2,15.01146480736853
2570.4,15.292556278668528
2570.6,14.954837620743195
2570.8,14.787767263392498
2571.0,15.585494136790018
2571.2,15.836275098446347
2571.4,15.967433721291176
2571.6,17.58680008027162
2571.8,17.59090702068858
2572.0,17.88198609100839
2572.2,17.81892226697853
2572.4,17.362500851864482
2572.6,17.390931575874614
2572.8,17.642318541877536
2573.0,17.607274390138397
2573.2,17.57744769341467
2573.4,17.14843943424478
2573.6,17.12461573727512
2573.8,16.926079629818595
2574.0,17.447816767664133
2574.2,17.45495000761814
2574.4,16.795501021995495
2574.6,17.52381723598059
2574.8,17.692336873173126
2575.0,18.0893519372211
2575.2,17.655104869670446
2575.4,17.691910495561956
2575.6,17.247798521518348
2575.8,17.646627833026
2576.0,17.327320834030782
2576.2,17.94913479606111
2576.4,17.190553698886653
2576.6,16.947260831027858
2576.8,16.88644852919831
2577.0,16.59843624268526
2577.2,17.051772990794205
2577.4,16.814289434324593
2577.6,17.24584629321057
2577.8,17.45369984178137
2578.0,17.119312656844556
2578.2,17.46617458599979
2578.4,17.035681275702828
2578.6,17.152249177428708
2578.8,16.82908949727083
2579.0,16.54303751570614
2579.2,17.240338175103993
2579.4,17.1363889887195
2579.6,16.405121567587592
2579.8,16.28278500252074
2580.0,16.07041195584316
2580.2,16.650931445593656
2580.4,16.546844793447143
2580.6,16.65174393056864
2580.8,16.002007373131256
2581.0,16.618141556434153
2581.2,16.278730928150782
2581.4,16.68074216033836
2581.6,16.375243822775147
2581.8,16.365896229776176
2582.0,16.68441360749149
2582.2,17.59101815764639
2582.4,18.051888685933946
2582.6,19.058751244039435
2582.8,18.495323796980664
2583.0,18.6030376883952
2583.2,18.709033280408434
2583.4,19.38276671476737
2583.6,18.013863406956983
2583.8,18.974935020269367
2584.0,18.63896086775741
2584.2,18.74443037097613
2584.4,17.950226133869418
2584.6,17.503420379900152
2584.8,18.0078441257118
2585.0,18.228513314843028
2585.2,18.047535488345083
2585.4,18.300308836245616
2585.6,18.751679705219768
2585.8,18.980493871411074
2586.0,18.976164141678215
2586.2,18.01337479153895
2586.4,18.314062474397225
2586.6,17.89481819766911
2586.8,18.4314428693599
2587.0,18.80644672063553
2587.2,18.908273777288905
2587.4,19.67814206422649
2587.6,18.427596284514497
2587.8,18.179888090683356
2588.0,17.815630514514986
2588.2,17.76484238877042
2588.4,17.904274718302766
2588.6,17.807103826204393
2588.8,18.74362970085678
2589.0,17.959831242151115
2589.2,17.80252374829059
2589.4,18.13620191151389
2589.6,17.11006549312402
2589.8,18.29535382186004
2590.0,18.10845314523675
2590.2,17.977874496088134
2590.4,17.257114824481206
2590.6,17.483830780952538
2590.8,18.602046929441713
2591.0,18.828360756789408
2591.2,19.21065260883066
2591.4,18.307108149189368
2591.6,18.94326029977154
2591.8,18.975902122452283
2592.0,18.332212621617295
2592.2,17.656127799192987
2592.4,17.945935848856212
2592.6,18.775892712779317
2592.8,17.894270648440948
2593.0,18.61066774432224
2593.2,18.506898624343545
2593.4,18.636631927134516
2593.6,18.676355328177642
2593.8,18.67696651167707
2594.0,18.657145579407718
2594.2,19.30915249442261
2594.4,18.609888874901365
2594.6,17.65292972666932
2594.8,18.168504716929
2595.0,17.586839252647355
2595.2,18.26861043613557
2595.4,17.29807736990432
2595.6,17.678715361256586
2595.8,17.149323219402962
2596.0,16.7991360985092
2596.2,15.889113043822178
2596.4,16.589726518557065
2596.6,16.188989827517307
2596.8,16.451465068479486
2597.0,16.40754485196858
2597.2,16.056897172166703
2597.4,16.92969253853171
2597.6,17.88426973939773
2597.8,17.95991034616026
2598.0,17.76249654545491
2598.2,17.756656044325776
2598.4,17.79529016266299
2598.6,17.406364169185725
2598.8,17.356252033727294
2599.0,17.19486338593996
2599.2,16.83348767865381
2599.4,17.34237388371818
2599.6,17.32181541443574
2599.8,17.24478422068885
2600.0,17.11891312481986
2600.2,16.980656135157027
2600.4,16.791270729266124
2600.6,17.33909925624073
2600.8,17.194062769956197
2601.0,16.71922281108194
2601.2,16.893267331151502
2601.4,16.72311062830851
2601.6,16.575907112063632
2601.8,16.643491015641015
2602.0,17.06926023370707
2602.2,17.40883936428126
2602.4,17.260101086926
2602.6,16.84614343619099
2602.8,16.83287664822229
2603.0,17.324580070662773
2603.2,17.28605042543965
2603.4,17.526348219788872
2603.6,17.233037424247712
2603.8,17.277962079680314
2604.0,16.461445681577896
2604.2,16.551129893504033
2604.4,16.455979409402847
2604.6,16.6801149704102
2604.8,16.190785555669578
2605.0,16.308894503212603
2605.2,16.064243020641452
2605.4,15.681032662320122
2605.6,16.295210518653064
2605.8,16.73094390497182
2606.0,16.149049870194496
2606.2,16.380409190617065
2606.4,16.197556841155752
2606.6,15.31121906187267
2606.8,16.28327635349566
2607.0,16.513488755886865
2607.2,16.506736420289386
2607.4,16.33930763704435
2607.6,16.602389905541134
2607.8,16.918234864636997
2608.0,16.061056288515996
2608.2,15.833697342987431
2608.4,15.66596187780953
2608.6,15.350487890145644
2608.8,15.52304028619157
2609.0,16.183192914426787
2609.2,16.51265527452204
2609.4,16.594663910707034
2609.6,17.02264511555508
2609.8,17.33549537415558
2610.0,16.719091873056005
2610.2,16.67360034904344
2610.4,16.509130236079066
2610.6,15.956607817151909
2610.8,15.76816782082508
2611.0,16.29279934129207
2611.2,16.256668887579355
2611.4,16.960169694493338
2611.6,16.38332990172039
2611.8,16.15152880334472
2612.0,16.067282658832504
2612.2,17.206852242104265
2612.4,16.511044711857284
2612.6,16.29702497100787
2612.8,16.46445878462088
2613.0,16.58631604243906
2613.2,16.53846578805563
2613.4,16.202396509263096
2613.6,15.866991589124662
2613.8,15.858835980888145
2614.0,15.772599049888246
2614.2,16.080681195931408
2614.4,16.10372875752922
2614.6,15.955978740927513
2614.8,16.140487055612528
2615.0,15.776236032990196
2615.2,15.470282868546494
2615.4,15.583635420676584
2615.6,15.540918171009553
2615.8,15.164412754623227
2616.0,14.857223453278296
2616.2,15.661678744053871
2616.4,15.248867342329074
2616.6,15.021195750749909
2616.8,15.386147430865849
2617.0,15.039494557629576
2617.2,15.765794233386156
2617.4,15.703534387752502
2617.6,15.73057454531374
2617.8,14.988947294055041
2618.0,15.417967084237436
2618.2,16.21964473945809
2618.4,15.899669700366792
2618.6,15.257262989875464
2618.8,15.258044595439488
2619.0,15.140962101388723
2619.2,14.80762622896978
2619.4,15.229959494401301
2619.6,15.489258002087906
2619.8,15.480004063791773
2620.0,14.761316371454251
2620.2,15.024471456727579
2620.4,15.162240265520143
2620.6,14.777093552841107
2620.8,15.27112868868124
2621.0,15.15809332506278
2621.2,15.268980187666417
2621.4,15.672162017176422
2621.6,15.88709767387219
2621.8,15.529319222994163
2622.0,15.653015224514528
2622.2,16.060770534349277
2622.4,16.2616597260755
2622.6,16.513909862696426
2622.8,15.916022801611287
2623.0,16.35112035899054
2623.2,15.810690650166437
2623.4,16.193828672631952
2623.6,15.977627822813963
2623.8,15.719198198551343
2624.0,15.434823791475676
2624.2,15.449919838911883
2624.4,15.578574193508652
2624.6,15.25598964418856
2624.8,15.45655765222399
2625.0,15.410154884915162
2625.2,16.071955445682548
2625.4,16.231562748259645
2625.6,15.987442015057754
2625.8,15.939542954392664
2626.0,15.352215331277623
2626.2,16.269175127719667
2626.4,16.00170836127576
2626.6,15.435731306800209
2626.8,15.636945972227522
2627.0,15.131168454775812
2627.2,16.349900049977613
2627.4,16.04086049364105
2627.6,16.1251536185128
2627.8,16.378740013029013
2628.0,15.451438358970588
2628.2,15.765175456071859
2628.4,15.447279341832981
2628.6,15.399099968821
2628.8,14.961787987880385
2629.0,14.55632912670419
2629.2,15.076658708666981
2629.4,15.11630478520903
2629.6,15.290696690837935
2629.8,15.066875993658861
2630.0,15.905912727057384
2630.2,16.033665683691215
2630.4,15.868286105955612
2630.6,15.583211303800502
2630.8,15.800431983855184
2631.0,15.676093123513294
2631.2,16.06111180504125
2631.4,15.714016897544244
2631.6,15.677934848708828
2631.8,16.499014874815824
2632.0,16.177297621732393
2632.2,16.034015897004313
2632.4,15.918847228228133
2632.6,16.05216349510143
2632.8,15.669660961305706
2633.0,16.7825729616699
2633.2,16.332570415814775
2633.4,15.733931491901846
2633.6,16.23068668310538
2633.8,16.036331985097718
2634.0,15.899905847822847
2634.2,15.20407229599156
2634.4,15.508249655085443
2634.6,15.640865862220444
2634.8,15.89704036608202
2635.0,15.632831700554545
2635.2,15.096915479120355
2635.4,15.197773790386728
2635.6,16.46658784354172
2635.8,16.40965950528349
2636.0,16.05562707571456
2636.2,16.43487011091947
2636.4,16.062773031486373
2636.6,15.673776163120568
2636.8,16.06639519598434
2637.0,16.03392426640841
2637.2,15.267553910697437
2637.4,16.0025242759237
2637.6,16.328023250098113
2637.8,16.591979160587663
2638.0,16.449802787661106
2638.2,16.169397371427014
2638.4,15.9663893350326
2638.6,15.99606272570753
2638.8,15.975354966436155
2639.0,15.984960476366217
2639.2,16.091861353171033
2639.4,16.557827257730967
2639.6,15.799757646656392
2639.8,16.647032156349944
2640.0,16.045862343744894
2640.2,16.559094407210996
2640.4,15.886169070488423
2640.6,16.026368317032503
2640.8,15.514854900012837
2641.0,15.74309043196215
2641.2,16.14609151086515
2641.4,15.933993623287769
2641.6,15.920204945390644
2641.8,15.185801683139692
2642.0,15.125897594967206
2642.2,15.094864974888667
2642.4,14.862540355521482
2642.6,14.94658493596791
2642.8,14.655708128110804
2643.0,14.65073333716438
2643.2,14.634834392435058
2643.4,14.98077606609862
2643.6,14.545997699644044
2643.8,14.696643918910707
2644.0,15.005739737753505
2644.2,14.956425152158449
2644.4,14.714425921312728
2644.6,14.58963080244278
2644.8,14.60689207346679
2645.0,14.521917666105132
2645.2,15.0448233390134
2645.4,15.219188353435326
2645.6,15.061940905613444
2645.8,15.123712318407708
2646.0,15.410253918022418
2646.2,15.586500289798714
2646.4,15.377418733425515
2646.6,15.539975838317035
2646.8,15.523934602286012
2647.0,15.133859249360171
2647.2,15.179018795958562
2647.4,15.62070825966532
2647.6,15.362972216005847
2647.8,15.84814550625065
2648.0,16.23218779613772
2648.2,16.07770898432753
2648.4,16.644459390611132
2648.6,15.893800240420939
2648.8,15.811778427370971
2649.0,15.916513854020039
2649.2,15.839408128881846
2649.4,15.911880408051019
2649.6,15.94362733900422
2649.8,15.762312144873203
2650.0,15.727308116165123
2650.2,15.745191695618292
2650.4,15.661638306443312
2650.6,16.02500473530262
2650.8,15.452833342785157
2651.0,16.16682707447361
2651.2,16.070604582811225
2651.4,16.606292894285
2651.6,16.370467769481426
2651.8,16.364371489854346
2652.0,15.824444691728933
2652.2,15.81277193145068
2652.4,16.405733934477517
2652.6,15.53604056707221
2652.8,15.717843184271008
2653.0,15.502473513665722
2653.2,15.758415263484341
2653.4,15.601635147355458
2653.6,15.788888908138405
2653.8,15.681098078128741
2654.0,15.982316403371893
2654.2,16.222526646259308
2654.4,16.16773842854663
2654.6,17.092408954177024
2654.8,16.67764142319845
2655.0,16.346300238766883
2655.2,16.468139744394257
2655.4,17.0956895528682
2655.6,16.12694705858739
2655.8,15.72242615060791
2656.0,15.699703465619368
2656.2,15.320963599197874
2656.4,15.776295650419334
2656.6,15.717351331803947
2656.8,15.731543576972209
2657.0,16.03663929819751
2657.2,17.050695693562215
2657.4,17.047628677488127
2657.6,17.21185589445225
2657.8,16.852734829056303
2658.0,16.97312617725914
2658.2,17.713954077757947
2658.4,16.60877935757984
2658.6,16.959036744173922
2658.8,17.45614214827991
2659.0,17.200758888729318
2659.2,16.530509962783405
2659.4,16.883248405409244
2659.6,16.885638365583716
2659.8,16.93690988919097
2660.0,16.893599104792735
2660.2,17.03521201059582
2660.4,16.971125485307137
2660.6,16.617912866605526
2660.8,16.45015026738095
2661.0,16.932236895428442
2661.2,16.87745531810987
2661.4,17.6127939297856
2661.6,16.98485373942688
2661.8,16.95703330563198
2662.0,17.300720536902265
2662.2,16.465266753499805
2662.4,16.583801543007468
2662.6,17.413518290388716
2662.8,17.025332051515015
2663.0,16.882683708870058
2663.2,17.70976143268504
2663.4,17.339076889788313
2663.6,17.449796059114565
2663.8,17.301217549072557
2664.0,17.081060470479045
2664.2,16.601792659520825
2664.4,16.44480954425373
2664.6,16.672152990710785
2664.8,16.606075449455915
2665.0,16.10363295815653
2665.2,16.27673753822643
2665.4,16.28039099291827
2665.6,16.504665712155322
2665.8,16.881969240864446
2666.0,16.264885749512818
2666.2,16.606791360654704
2666.4,16.778667280943466
2666.6,16.79182945115106
2666.8,16.06213085788252
2667.0,15.263049520643108
2667.2,15.813250866323084
2667.4,16.3920991866773
2667.6,17.22613402911911
2667.8,17.209667031174455
2668.0,17.62598670354113
2668.2,17.386617964382264
2668.4,17.630372663551174
2668.6,17.043302842873636
2668.8,16.779991644621777
2669.0,16.20884796379937
2669.2,16.33058472696193
2669.4,17.472598195906407
2669.6,17.55253407905313
2669.8,17.36530724167327
2670.0,17.88112001792776
2670.2,17.505092313485576
2670.4,17.80682104847885
2670.6,17.814223880434607
2670.8,17.378011772564964
2671.0,17.230233400453486
2671.2,16.860963999203136
2671.4,16.66752178688423
2671.6,15.999748172380983
2671.8,16.28489446205698
2672.0,16.881771520420145
2672.2,16.623474189946673
2672.4,17.1194362627972
2672.6,17.22353367177749
2672.8,16.208753371996956
2673.0,15.411080377631095
2673.2,15.8802554357855
2673.4,16.2477792571984
2673.6,15.452455392414524
2673.8,14.997413358865522
2674.0,15.799554922110637
2674.2,16.924672721653778
2674.4,16.728737821621518
2674.6,16.96588721344231
2674.8,16.773630963242084
2675.0,16.964723497021264
2675.2,17.233102600982665
2675.4,17.057768257634194
2675.6,17.825317220476965
2675.8,17.287736261833466
2676.0,17.027475564655624
2676.2,15.721405758641797
2676.4,15.958908212446017
2676.6,16.66251228717629
2676.8,16.28994483357839
2677.0,17.183696660366042
2677.2,16.66846997640418
2677.4,15.835797375281954
2677.6,15.615753327004924
2677.8,15.225546425101804
2678.0,15.078213931506392
2678.2,15.683751314204821
2678.4,15.436031233756268
2678.6,15.698152684845157
2678.8,15.9098049119563
2679.0,15.01966440401187
2679.2,15.187729194990226
2679.4,14.512861623042316
2679.6,15.209332477468475
2679.8,15.395006236950142
2680.0,15.07763002896449
2680.2,15.355621712646244
2680.4,15.549092195768104
2680.6,15.648141630590848
2680.8,15.63113491236998
2681.0,15.308856061171085
2681.2,15.731958218439217
2681.4,16.472788691003444
2681.6,16.335866591631145
2681.8,16.460172541040066
2682.0,15.824465436792963
2682.2,15.934392823817866
2682.4,16.279426419104663
2682.6,15.493580022880106
2682.8,15.833472906422328
2683.0,16.35573965814256
2683.2,16.52655969937428
2683.4,17.347074307964768
2683.6,17.5294192440558
2683.8,17.47645053642986
2684.0,15.801303094491042
2684.2,15.558833161512887
2684.4,15.731442013692272
2684.6,16.031613355085142
2684.8,16.060973563327142
2685.0,17.657641865351785
2685.2,17.593881299890896
2685.4,18.018483266910373
2685.6,18.110056606269076
2685.8,17.698189086027902
2686.0,17.33450692193965
2686.2,17.44313498716927
2686.4,17.253897051024705
2686.6,17.224961390230533
2686.8,17.217684953161672
2687.0,17.239912908614578
2687.2,17.398933691214637
2687.4,17.832530315256744
2687.6,17.344030549680745
2687.8,17.68192139717176
2688.0,17.354938255266006
2688.2,17.38233258782714
2688.4,17.55717630051738
2688.6,17.727000135171693
2688.8,18.06148193513361
2689.0,17.46336006907685
2689.2,17.373977524184518
2689.4,17.198538379603033
2689.6,17.65270911945895
2689.8,17.607645218559327
2690.0,17.8001238351472
2690.2,17.130358325873097
2690.4,17.191876311102053
2690.6,17.34493067508972
2690.8,17.699771906685942
2691.0,17.722187736998624
2691.2,17.44073603024014
2691.4,18.235973672020954
2691.6,17.816670159229336
2691.8,17.73852077085508
2692.0,18.315982705450157
2692.2,18.271417122863514
2692.4,17.509200139226262
2692.6,18.15797539290109
2692.8,16.715906578419744
2693.0,17.322239759177897
2693.2,17.137150326896045
2693.4,17.5102384159247
2693.6,17.837776117241543
2693.8,17.058708355226347
2694.0,16.693415477420224
2694.2,16.865443856413588
2694.4,16.326453635863906
2694.6,16.01170290298317
2694.8,16.995642312826295
2695.0,16.69196201441082
2695.2,16.789739198976857
2695.4,16.847605595352427
2695.6,17.091362621249125
2695.8,17.65326585262875
2696.0,17.39205975107091
2696.2,17.53454994593492
2696.4,17.509363995596647
2696.6,17.029713023278156
2696.8,17.158488687245953
2697.0,16.315675695374857
2697.2,16.91701070667971
2697.4,16.75630344512714
2697.6,17.12463549544014
2697.8,17.37346912346035
2698.0,17.044004406684106
2698.2,16.683108265671336
2698.4,16.49190304355368
2698.6,16.67622979467103
2698.8,16.07083747420645
2699.0,16.076805520738514
2699.2,16.21635876715601
2699.4,16.594179726593012
2699.6,16.423296443576294
2699.8,17.15281184124462
2700.0,17.143482442137163
2700.2,17.192962887507143
2700.4,17.07517183682035
2700.6,17.09135331536142
2700.8,17.25736197798427
2701.0,17.215430632711413
2701.2,17.174060072744552
2701.4,16.342644833948864
2701.6,16.54648340855549
2701.8,17.092356254605207
2702.0,17.35973548375477
2702.2,17.096434212101133
2702.4,17.132344094045223
2702.6,17.062281218445957
2702.8,16.653903998814407
2703.0,17.08840241103192
2703.2,16.605481161455614
2703.4,16.445376482872184
2703.6,16.5311126466954
2703.8,16.369447220588754
2704.0,16.631428902898094
2704.2,16.843249184254752
2704.4,16.998306242668598
2704.6,17.083203347367956
2704.8,17.180995793205103
2705.0,16.628850307964026
2705.2,17.094287150577127
2705.4,15.922137909111756
2705.6,15.7847734009149
2705.8,16.494503784839885
2706.0,16.260460427127445
2706.2,16.836795649350023
2706.4,16.689181737961697
2706.6,15.929508558802537
2706.8,15.723345517836947
2707.0,16.21930475573282
2707.2,16.719356626201108
2707.4,16.496023032948514
2707.6,16.55618486936656
2707.8,16.128236430126243
2708.0,16.328011745498475
2708.2,16.010170775230044
2708.4,16.41331462219845
2708.6,16.139040613506236
2708.8,16.08594180483198
2709.0,16.305051823938967
2709.2,16.507833072480143
2709.4,16.741848375968036
2709.6,15.924048815892904
2709.8,16.173664144168313
2710.0,16.674321587545087
2710.2,16.651412507647233
2710.4,16.15566885052632
2710.6,16.208778565755445
2710.8,16.5949944918515
2711.0,15.516822005011417
2711.2,16.220628710245443
2711.4,15.826759991820406
2711.6,16.658153620951545
2711.8,17.178099419386324
2712.0,16.623035451733116
2712.2,16.464986468538182
2712.4,17.373622172887476
2712.6,16.6931698986887
2712.8,17.24042198851283
2713.0,17.231615301242048
2713.2,17.37539920784149
2713.4,16.748389169199715
2713.6,17.42005926258637
2713.8,16.906545691198517
2714.0,16.294912513325915
2714.2,16.258381428259156
2714.4,16.78644558842771
2714.6,16.154175907969613
2714.8,16.310815709566434
2715.0,16.877149661217565
2715.2,16.674953220258264
2715.4,16.42365789675036
2715.6,16.157316827630062
2715.8,16.336725029915907
2716.0,15.936931798938048
2716.2,15.876730564538477
2716.4,15.647896869797098
2716.6,16.497209074396075
2716.8,16.022014889450237
2717.0,16.054552512267474
2717.2,16.447999555729474
2717.4,15.531409778339144
2717.6,16.724534853731228
2717.8,16.134889932333454
2718.0,16.047493831734112
2718.2,15.833032620845085
2718.4,16.02462217286731
2718.6,16.071353894511347
2718.8,16.070817203667282
2719.0,16.145139731759798
2719.2,15.909185130147648
2719.4,15.757480495691087
2719.6,16.16983953920439
2719.8,15.659768911924045
2720.0,15.710047215098268
2720.2,15.567880161534376
2720.4,15.41555512533792
2720.6,15.975691251525637
2720.8,15.152358168487183
2721.0,14.752442508829116
2721.2,15.00960991449132
2721.4,14.653367346110082
2721.6,15.249990923116222
2721.8,15.453151115191519
2722.0,15.743525124465837
2722.2,16.575878613077577
2722.4,16.396414664401703
2722.6,16.37316037630207
2722.8,16.33319196965861
2723.0,16.187285577737555
2723.2,16.637551204675482
2723.4,16.372407464634605
2723.6,16.229368767264678
2723.8,16.529332683679065
2724.0,16.46008547745681
2724.2,16.221025697401863
2724.4,16.353029626968752
2724.6,16.296111763867263
2724.8,16.179871105235268
2725.0,16.361658944664374
2725.2,16.562916747289506
2725.4,16.296741303682435
2725.6,16.119060114955616
2725.8,16.3648567784044
2726.0,16.44914037169478
2726.2,16.37981927057299
2726.4,16.57911407975833
2726.6,15.908676064554772
2726.8,15.947906683325275
2727.0,16.139454694357887
2727.2,15.93532702876768
2727.4,15.822929091870447
2727.6,16.539387852394405
2727.8,16.156588809621347
2728.0,16.15800015958286
2728.2,16.04535176271215
2728.4,16.583931233785457
2728.6,16.302720645012712
2728.8,16.265777567721436
2729.0,16.216414854678717
2729.2,15.918348677397427
2729.4,15.969736934656583
2729.6,16.233523152240274
2729.8,16.37295156327005
2730.0,16.214005745809118
2730.2,16.52805362468192
2730.4,16.818686524078377
2730.6,17.021544231643716
2730.8,16.081902692879396
2731.0,16.35420214395966
2731.2,16.312103161810054
2731.4,16.31957750948945
2731.6,16.531688769296338
2731.8,15.770483925947596
2732.0,15.641055034517601
2732.2,15.175415232865388
2732.4,15.1493102895032
2732.6,15.556492994635525
2732.8,15.84149595277893
2733.0,15.579260154547024
2733.2,15.530262223481486
2733.4,15.400041703097685
2733.6,15.221122499129518
2733.8,15.364727467429768
2734.0,15.195832517731361
2734.2,15.316534482099037
2734.4,15.30318430994197
2734.6,15.176730967729723
2734.8,15.337414323438765
2735.0,15.302094105981478
2735.2,15.030345860890218
2735.4,15.396442984349745
2735.6,15.46359981592325
2735.8,15.589298298024673
2736.0,15.428690081365259
2736.2,15.436571189802093
2736.4,15.736586818320927
2736.6,16.13583178257699
2736.8,16.161286210923205
2737.0,16.21706035710639
2737.2,16.219752884131296
2737.4,15.198191962447993
2737.6,15.634225591145041
2737.8,15.562799489732626
2738.0,15.40727076141177
2738.2,14.756688608357374
2738.4,15.086984707150972
2738.6,15.247629060753283
2738.8,15.552924268339606
2739.0,15.344201897765172
2739.2,15.346122535309021
2739.4,15.394000045805672
2739.6,14.95308727549206
2739.8,15.42527302338777
2740.0,15.132908095519156
2740.2,15.246171877770976
2740.4,15.256894875859988
2740.6,15.452450428513348
2740.8,16.75082263278926
2741.0,16.414640513154627
2741.2,16.54270693839963
2741.4,17.199559192002873
2741.6,17.136175175848273
2741.8,17.697689676318728
2742.0,17.178880900744762
2742.2,16.824275664675397
2742.4,16.35534428055586
2742.6,16.922795451068833
2742.8,17.266197556220348
2743.0,17.438730700745662
2743.2,17.351005370733503
2743.4,17.581767012180702
2743.6,16.786882372678143
2743.8,16.130517990908952
2744.0,17.099699920118564
2744.2,17.164531164402078
2744.4,17.723494347256203
2744.6,16.691902096351168
2744.8,16.586999397458207
2745.0,16.933169769647677
2745.2,17.41899804313992
2745.4,17.233712972353285
2745.6,16.86011714231769
2745.8,17.07142226293811
2746.0,17.532192556534657
2746.2,17.869721544047014
2746.4,17.75995727001127
2746.6,17.166457126494276
2746.8,16.825374052272362
2747.0,16.968097543180424
2747.2,17.28633905538193
2747.4,16.807447760361004
2747.6,16.60489707187617
2747.8,17.243991346183776
2748.0,17.45211738798558
2748.2,18.26615729413121
2748.4,18.558193283095587
2748.6,17.920097448358348
2748.8,18.15501834169362
2749.0,18.342752809821437
2749.2,17.52339361989802
2749.4,17.643613130802578
2749.6,17.920481788902308
2749.8,17.437896168956534
2750.0,18.18433592843973
2750.2,17.183920094720563
2750.4,17.95769016179924
2750.6,17.842925977835197
2750.8,18.335196001808974
2751.0,18.962567751206244
2751.2,19.097133693850214
2751.4,18.65301886727153
2751.6,17.836397143120294
2751.8,17.687349955711625
2752.0,17.154507034206294
2752.2,17.08807871469871
2752.4,16.933031100191606
2752.6,16.32357025213669
2752.8,16.65949079853459
2753.0,16.279696797626578
2753.2,16.742488984484616
2753.4,16.52744949169072
2753.6,16.64433563365607
2753.8,16.65883795513086
2754.0,16.583673604032146
2754.2,16.72438078383246
2754.4,17.421910915577445
2754.6,17.32193074537915
2754.8,16.945098524476528
2755.0,17.769638286571592
2755.2,18.21090734789314
2755.4,18.376112119260057
2755.6,18.504659908087323
2755.8,18.899807373330876
2756.0,17.929087422742164
2756.2,17.695302131263823
2756.4,17.69460972116113
2756.6,17.040015454661834
2756.8,16.962597591304434
2757.0,16.68416062799765
2757.2,16.227312587093245
2757.4,16.94898986000287
2757.6,17.12695764570703
2757.8,17.26210166566429
2758.0,17.398901340176998
2758.2,16.707798125843635
2758.4,16.958163321350415
2758.6,16.211124134337062
2758.8,16.199582073840322
2759.0,16.1004974499026
2759.2,16.85155795479179
2759.4,16.382510236565977
2759.6,16.676357985272784
2759.8,17.15748088846206
2760.0,17.114171840172336
2760.2,17.084579581997332
2760.4,16.967524354231664
2760.6,17.14020708538474
2760.8,18.42950001981394
2761.0,17.964498128806262
2761.2,17.4493949527496
2761.4,17.780798782960137
2761.6,17.733229944898273
2761.8,17.19766091634534
2762.0,17.443324658395397
2762.2,17.019073849603416
2762.4,17.301663206025665
2762.6,17.09878561749213
2762.8,17.097225757758938
2763.0,17.753249105070054
2763.2,17.324208381735474
2763.4,16.45053510995393
2763.6,15.65477164698735
2763.8,16.37045498488207
2764.0,16.743635896461463
2764.2,15.996772426014365
2764.4,16.77047459140121
2764.6,16.581776690101076
2764.8,17.517618276384248
2765.0,16.306232259689285
2765.2,16.047216714203138
2765.4,16.07495608879622
2765.6,16.868086584387946
2765.8,17.425535011369245
2766.0,16.653391153351834
2766.2,16.29162120682467
2766.4,16.410532789873823
2766.6,16.794586723949287
2766.8,16.826826152052902
2767.0,17.048537090584315
2767.2,16.627415147628305
2767.4,16.10125363941815
2767.6,16.489782410791797
2767.8,16.31680307837424
2768.0,16.267342137169187
2768.2,16.6109221758416
2768.4,16.89078056655854
2768.6,16.753611788256034
2768.8,16.902127010222067
2769.0,15.862792002097406
2769.2,15.267791197234077
2769.4,15.344997049297938
2769.6,15.341971266619549
2769.8,15.141022519641247
2770.0,15.286288674016266
2770.2,15.76333500783929
2770.4,16.155978366920294
2770.6,16.470785240630047
2770.8,16.527255578003878
2771.0,17.084382951432133
2771.2,16.610826243156385
2771.4,16.665715381380465
2771.6,16.84948081999121
2771.8,16.811989068938793
2772.0,16.253014566800587
2772.2,16.02111807201146
2772.4,16.210210398702568
2772.6,16.158680631931574
2772.8,16.160370011181662
2773.0,16.258773677695537
2773.2,15.882032750141693
2773.4,16.142071880990308
2773.6,16.135255282428382
2773.8,15.928073361401848
2774.0,15.944201970288557
2774.2,16.168400723162364
2774.4,16.110549414571544
2774.6,15.373468812478702
2774.8,15.918036009171878
2775.0,16.491049821150437
2775.2,16.05993472279315
2775.4,15.921978467344623
2775.6,15.881043950596439
2775.8,16.160601985417372
2776.0,16.1145792876993
2776.2,15.605999437167085
2776.4,15.514063672395128
2776.6,15.515858239435733
2776.8,14.864548000909725
2777.0,15.042951893994982
2777.2,15.274456966510314
2777.4,14.975175982028725
2777.6,15.172774688697078
2777.8,15.291302220103208
2778.0,15.770885292479589
2778.2,15.492028511312164
2778.4,16.14781876658227
2778.6,15.421645610152401
2778.8,15.752808711894374
2779.0,16.00211099559758
2779.2,16.02477189288792
2779.4,15.808118835516385
2779.6,15.805845551889812
2779.8,15.79513681791237
2780.0,15.334022466462805
2780.2,15.45738732899364
2780.4,15.857291478036387
2780.6,15.788905079360529
2780.8,15.567028539417374
2781.0,16.973104783246825
2781.2,16.84002967579664
2781.4,16.45216690706834
2781.6,15.91188180509131
2781.8,15.89351333525376
2782.0,15.798808553320164
2782.2,15.320153129168201
2782.4,15.456231743790825
2782.6,15.588279899411182
2782.8,15.994659690563145
2783.0,16.106608448501905
2783.2,16.673908781693207
2783.4,16.20205847803132
2783.6,15.62943618477643
2783.8,15.53596478293079
2784.0,16.532785673871977
2784.2,16.648086327185577
2784.4,16.388482580647995
2784.6,16.674313266672883
2784.8,17.059921786236853
2785.0,16.257331457861433
2785.2,15.55071542679913
2785.4,16.790917615324997
2785.6,16.619844757172643
2785.8,16.588817055593907
2786.0,16.27041183523009
2786.2,16.474104272999213
2786.4,16.645272912039033
2786.6,15.831413631817892
2786.8,17.482826236898838
2787.0,17.02805510942323
2787.2,16.86805864605429
2787.4,16.78701612861823
2787.6,16.33118791928623
2787.8,16.46279239276023
2788.0,16.68221754692748
2788.2,15.895041229342581
2788.4,16.310941570698272
2788.6,15.67122722347541
2788.8,15.472218095037658
2789.0,15.527129509895412
2789.2,15.215767133734017
2789.4,15.175332542910647
2789.6,15.684226528695113
2789.8,15.287074575216838
2790.0,15.268388726696019
2790.2,15.29559802792814
2790.4,15.058649466196732
2790.6,15.104343365326447
2790.8,14.687762642289545
2791.0,14.821910796385886
2791.2,14.703060178000813
2791.4,14.88774420684157
2791.6,15.282340677200029
2791.8,15.1983608949751
2792.0,15.22472548606549
2792.2,15.217541253311026
2792.4,15.463631002204925
2792.6,14.799421225794074
2792.8,15.068209986282454
2793.0,15.637548441554408
2793.2,15.627251527130708
2793.4,16.216832198351696
2793.6,15.893203539005924
2793.8,15.81079271005004
2794.0,15.894167017841458
2794.2,16.145663186485578
2794.4,16.108002110853782
2794.6,15.96186891669066
2794.8,16.030556120031232
2795.0,16.009617223407375
2795.2,15.681552600912497
2795.4,16.46479824819159
2795.6,16.89465449635818
2795.8,15.688954827322576
2796.0,15.873267594279506
2796.2,15.69804749980618
2796.4,15.874139029078245
2796.6,15.073118386514787
2796.8,16.334771739811632
2797.0,15.931018871551165
2797.2,15.821966963289034
2797.4,15.874797184772042
2797.6,16.062448134274735
2797.8,16.29509099585868
2798.0,15.770440703345102
2798.2,15.765657110694889
2798.4,16.221374399667134
2798.6,15.570884462768744
2798.8,15.654615125081182
2799.0,15.434744734202003
2799.2,15.552707710322696
2799.4,15.38800730276481
2799.6,15.297118161174835
2799.8,15.662625212810614
2800.0,16.390058970066352
2800.2,16.169313333902466
2800.4,16.42005399870657
2800.6,16.649146547447657
2800.8,16.502820537654607
2801.0,16.266378313092567
2801.2,16.29291986251771
2801.4,16.402051522541946
2801.6,16.36165777850789
2801.8,16.72317162706362
2802.0,16.937541536849764
2802.2,17.654084208302802
2802.4,17.05454008520371
2802.6,17.258544032711637
2802.8,16.3216531537607
2803.0,16.571945168465668
2803.2,17.381892386951076
2803.4,16.763636155452012
2803.6,17.378761807445255
2803.8,17.744134104931597
2804.0,18.121750260456796
2804.2,17.26411177028758
2804.4,17.165478075026602
2804.6,16.845023823243686
2804.8,17.001886995663384
2805.0,17.041133833583146
2805.2,16.11094237953032
2805.4,16.246611435472815
2805.6,16.418474544539524
2805.8,16.356062298686396
2806.0,17.11300424506552
2806.2,17.55069770155917
2806.4,17.781215292372817
2806.6,18.29389097543675
2806.8,17.980937298037865
2807.0,17.939733215641308
2807.2,17.893453230873682
2807.4,18.100335033595552
2807.6,17.94721153070983
2807.8,17.613271965899294
2808.0,17.73591109940511
2808.2,18.606098847907667
2808.4,17.83472535541681
2808.6,17.518451434288597
2808.8,16.361077658071522
2809.0,16.79538699528693
2809.2,16.615028703136698
2809.4,16.82862808912984
2809.6,16.993279677589396
2809.8,16.849593454987485
2810.0,17.195257674619956
2810.2,16.553317093743356
2810.4,16.626086886418015
2810.6,16.563297797091966
2810.8,16.540925789085733
2811.0,16.72316320974493
2811.2,16.725604703568365
2811.4,17.11269610984055
2811.6,16.957886763754985
2811.8,17.001892298754353
2812.0,16.753355599106076
2812.2,16.641029113160123
2812.4,16.524144455258206
2812.6,16.363780909251922
2812.8,16.388728025709593
2813.0,16.31189566517265
2813.2,16.306261009861558
2813.4,16.707568328945477
2813.6,16.347620475656765
2813.8,16.285455266803513
2814.0,16.826506226414693
2814.2,17.20720257273544
2814.4,16.620838198263247
2814.6,15.678020534013331
2814.8,16.217288522429783
2815.0,16.454002776358237
2815.2,16.182266547421552
2815.4,16.24649834158787
2815.6,16.00963008151284
2815.8,16.84381878546622
2816.0,16.974298804072035
2816.2,16.74949411254729
2816.4,17.02971098827113
2816.6,16.863547892835456
2816.8,17.642477982314773
2817.0,16.995141469177486
2817.2,16.461513640267153
2817.4,16.908353998726373
2817.6,17.315685132687264
2817.8,17.526403034178635
2818.0,17.480926138970737
2818.2,18.259881927998872
2818.4,17.83472640176152
2818.6,17.738625178201495
2818.8,17.36325154410259
2819.0,17.33339887738856
2819.2,17.197850233822603
2819.4,17.005995650786414
2819.6,17.702735815187424
2819.8,17.467502217054513
2820.0,17.841357495466504
2820.2,17.155957006871386
2820.4,17.561908773750165
2820.6,17.673040748611953
2820.8,17.238921909369818
2821.0,17.37461903636556
2821.2,18.253523838435303
2821.4,18.39605011115722
2821.6,18.956148467861087
2821.8,18.27890536966167
2822.0,17.7893963111991
2822.2,18.228541085147985
2822.4,18.263340423909266
2822.6,18.73408869984744
2822.8,18.43238342013842
2823.0,18.199801371033615
2823.2,18.941124358048942
2823.4,18.26643091418925
2823.6,18.812747438179144
2823.8,18.642668469443255
2824.0,19.069201441700635
2824.2,18.6827744983368
2824.4,18.24112010058074
2824.6,18.623508565689782
2824.8,17.36290321234336
2825.0,18.097574341343954
2825.2,17.670058119703928
2825.4,18.0504174873409
2825.6,17.90772695125338
2825.8,17.40615646359229
2826.0,17.514393728901922
2826.2,17.163039251380006
2826.4,17.860833976391714
2826.6,17.913755569233288
2826.8,18.160614619034806
2827.0,18.210336479695282
2827.2,18.155357850382142
2827.4,17.768914787797733
2827.6,17.610128296064858
2827.8,17.742564477253637
2828.0,17.580439392563886
2828.2,18.535704693918667
2828.4,17.35502892072572
2828.6,16.997083385826684
2828.8,17.191230010757145
2829.0,17.590251919302318
2829.2,17.800848140109803
2829.4,17.72491086249805
2829.6,20.431821572497544
2829.8,19.216773224047735
2830.0,19.53257109066178
2830.2,21.27878528683608
2830.4,19.60887675857937
2830.6,20.619732317196085
2830.8,19.25894009201012
2831.0,19.55099143861402
2831.2,20.742621661191496
2831.4,21.044770811787977
2831.6,21.275439259562052
2831.8,20.940047689298122
2832.0,20.4645091618196
2832.2,20.43789356875844
2832.4,19.285973408997414
2832.6,18.830630176981455
2832.8,20.180863053096857
2833.0,20.087328896755118
2833.2,19.941987609731942
2833.4,20.335673773669072
2833.6,19.504439624014303
2833.8,20.405070790398796
2834.0,20.839327044833944
2834.2,20.340761161245254
2834.4,20.158117701329576
2834.6,19.663098386367196
2834.8,19.486576596626964
2835.0,20.233467732393354
2835.2,20.919007545526927
2835.4,20.589601999827316
2835.6,20.857986369367566
2835.8,20.916029521899127
2836.0,20.0739644093616
2836.2,19.788044464816874
2836.4,21.12063243763545
2836.6,20.77838050419882
2836.8,21.178076000270003
2837.0,21.355528943946712
2837.2,21.00182660761022
2837.4,21.36010616796704
2837.6,21.83031458825576
2837.8,21.524765627113787
2838.0,19.95153378010493
2838.2,21.295871829975
2838.4,20.264240666764714
2838.6,19.751178294444507
2838.8,20.866317742037733
2839.0,20.723479975338122
2839.2,20.30642195580397
2839.4,19.84430313655689
2839.6,19.61366384805759
2839.8,18.219971373076365
2840.0,18.46456722889807
2840.2,18.78166249945033
2840.4,18.54759189602158
2840.6,18.118428044778327
2840.8,18.856350809197437
2841.0,18.9920494842205
2841.2,18.516591920599282
2841.4,18.695950671511888
2841.6,18.871086494022798
2841.8,19.090691760404507
2842.0,20.00327655676945
2842.2,19.163137518674116
2842.4,19.12280030311962
2842.6,18.583679691266102
2842.8,18.75714969358858
2843.0,18.661144785721888
2843.2,18.19698658829878
2843.4,17.89913148460483
2843.6,18.292529497628312
2843.8,17.81556246521493
2844.0,18.322348858371992
2844.2,17.262859418086755
2844.4,17.184352850042835
2844.6,17.95647690170599
2844.8,18.356493156269753
2845.0,18.689171271907444
2845.2,18.53591417101448
2845.4,18.51536227671822
2845.6,18.56904362091417
2845.8,17.035680804267624
2846.0,17.012111124546827
2846.2,17.243528797076053
2846.4,17.43261811038667
2846.6,17.786848064064927
2846.8,18.604920319215566
2847.0,17.250661760514525
2847.2,17.204625301002988
2847.4,18.709688013749187
2847.6,18.394956672371155
2847.8,18.139290550473756
2848.0,18.14355245684697
2848.2,18.42371141246825
2848.4,18.61802110381352
2848.6,18.71563902709319
2848.8,17.137339251746337
2849.0,17.44684805374987
2849.2,16.978847103346936
2849.4,17.4670245431314
2849.6,17.163373637306083
2849.8,17.097944047471646
2850.0,17.81947122520497
2850.2,17.465239107122002
2850.4,16.821090458160302
2850.6,16.51848328076563
2850.8,15.521348044184078
2851.0,16.802649655823163
2851.2,16.819326553440327
2851.4,17.390011522695985
2851.6,17.339129234735033
2851.8,17.924385174882367
2852.0,17.32483628707885
2852.2,17.616487561461255
2852.4,17.651565871970757
2852.6,17.25702428206046
2852.8,16.562490932525105
2853.0,16.661548965505204
2853.2,17.860811363950187
2853.4,17.698840941676394
2853.6,18.23217490845722
2853.8,17.313277457651793
2854.0,16.998408289570325
2854.2,17.30904808810631
2854.4,17.148274744276833
2854.6,18.0776401243819
2854.8,17.79704455254334
2855.0,18.23461432360395
2855.2,18.573194098944136
2855.4,18.511252438048345
2855.6,17.849630349892617
2855.8,17.656737107105098
2856.0,18.894011811777677
2856.2,17.589656733301616
2856.4,17.669928698396788
2856.6,16.470330355772486
2856.8,16.882603425179873
2857.0,16.866770409907215
2857.2,16.71319574106719
2857.4,16.82127738825538
2857.6,17.772499050819263
2857.8,17.816223294908777
2858.0,17.956767579967845
2858.2,19.27504758980206
2858.4,18.675761165491526
2858.6,18.547125521519572
2858.8,18.40272087850313
2859.0,17.962572558143165
2859.2,16.963759086955015
2859.4,17.554185066873977
2859.6,17.444759254148003
2859.8,17.646774842283108
2860.0,16.496317171224703
2860.2,16.418966806788784
2860.4,15.96796646980901
2860.6,15.824590655242314
2860.8,16.139517302035514
2861.0,16.658896826349363
2861.2,17.38868324629916
2861.4,17.558351093586143
2861.6,17.630921549303636
2861.8,17.824639602683913
2862.0,17.884695358523345
2862.2,17.42949349410296
2862.4,17.618371798675415
2862.6,17.70316165215853
2862.8,17.398785503088934
2863.0,17.560377635611722
2863.2,17.979836579171153
2863.4,17.977943759424054
2863.6,17.59425044653996
2863.8,16.635304084792224
2864.0,17.239769331918055
2864.2,16.896358908792948
2864.4,17.165170390113587
2864.6,16.84859857857272
2864.8,16.941156228731483
2865.0,16.660038783286662
2865.2,16.317822693451287
2865.4,16.171103488443666
2865.6,15.579437077801321
2865.8,16.000006606364824
2866.0,15.13954614447098
2866.2,15.572510971466366
2866.4,16.169843085330584
2866.6,16.126999923970377
2866.8,16.39466812680978
2867.0,15.937193917212586
2867.2,16.437892786667803
2867.4,16.211493731301214
2867.6,16.508974158176343
2867.8,16.65722234492964
2868.0,16.554222285188278
2868.2,16.184784975545863
2868.4,16.284548670529613
2868.6,16.23809899860799
2868.8,16.26835373895266
2869.0,16.74064244355716
2869.2,16.262729046331987
2869.4,15.930204872051005
2869.6,16.230965012520638
2869.8,15.672664488367708
2870.0,15.955138997753423
2870.2,15.481339725942401
2870.4,15.255762482751944
2870.6,16.20416840384538
2870.8,16.27332994735053
2871.0,16.665801812825542
2871.2,16.96066661593536
2871.4,16.435663939663783
2871.6,16.1189262261538
2871.8,15.979432837671206
2872.0,16.039594011361366
2872.2,16.053052211255398
2872.4,16.477792560878875
2872.6,16.51088073897556
2872.8,15.83502947432641
2873.0,15.373801908064122
2873.2,15.607606284813167
2873.4,15.568763159880017
2873.6,15.960750185417012
2873.8,15.646060909007062
2874.0,15.07139340858355
2874.2,14.92294921513203
2874.4,15.084931679048522
2874.6,14.971926617865908
2874.8,15.179475021787338
2875.0,15.203812504685011
2875.2,15.021784774360658
2875.4,15.161075743000684
2875.6,14.992079036279664
2875.8,14.817381606449764
2876.0,14.9834843400565
2876.2,14.981238110863245
2876.4,14.885676234126862
2876.6,14.624002608118163
2876.8,15.13317753716175
2877.0,15.438316392625815
2877.2,15.164332790818726
2877.4,14.814818684605886
2877.6,15.247266202433394
2877.8,15.445368992608309
2878.0,15.506637066240483
2878.2,15.876099522374599
2878.4,15.877194447182196
2878.6,15.89152548464758
2878.8,16.069391939161907
2879.0,16.37953171149548
2879.2,16.699908183784707
2879.4,16.40849331029636
2879.6,16.363688392997414
2879.8,16.113137681941783
2880.0,16.808780714218017
2880.2,16.30310706462384
2880.4,16.306515035760356
2880.6,16.021135331867274
2880.8,16.365962272258635
2881.0,16.383218589349983
2881.2,16.29735273824298
2881.4,16.493719831383583
2881.6,16.630414846677198
2881.8,17.5507892964279
2882.0,17.496490782556855
2882.2,17.547620564581365
2882.4,16.713848236715105
2882.6,17.24434125808702
2882.8,17.468690379121377
2883.0,17.64056447465497
2883.2,18.13757418944178
2883.4,17.49838776862161
2883.6,17.490907869044392
2883.8,17.091345280442415
2884.0,17.527615842991946
2884.2,17.090978817414243
2884.4,16.81222693236974
2884.6,17.34227583795916
2884.8,16.924447709121466
2885.0,17.497183687810896
2885.2,17.547168477507775
2885.4,17.323700039916233
2885.6,17.3461773438517
2885.8,17.1476011665082
2886.0,17.505200992673984
2886.2,17.578196838177266
2886.4,16.886342000037967
2886.6,16.75249701105146
2886.8,16.869161480475906
2887.0,16.619280837732987
2887.2,16.65578288164369
2887.4,16.69380410378364
2887.6,16.723137111366196
2887.8,16.274008033715212
2888.0,15.894478810380344
2888.2,15.996811847745532
2888.4,15.913147171030204
2888.6,16.20603857850764
2888.8,16.651698060602122
2889.0,16.630045277955304
2889.2,16.318583544993427
2889.4,16.560864931454592
2889.6,16.167017483768284
2889.8,16.743501233114987
2890.0,16.21948598529646
2890.2,16.24119724102384
2890.4,16.32157646933258
2890.6,16.349522300751936
2890.8,16.303287519117223
2891.0,16.168940352107477
2891.2,15.53235789859104
2891.4,15.881134726531618
2891.6,15.89016021485464
2891.8,15.846150032245232
2892.0,15.61270062666113
2892.2,16.007521826188015
2892.4,16.146247952370246
2892.6,16.19146008024596
2892.8,16.22025068567051
2893.0,16.570127545069973
2893.2,16.268432988791172
2893.4,16.25379363659705
2893.6,16.039964319377965
2893.8,16.420415274830276
2894.0,16.16774751917547
2894.2,15.778769414925431
2894.4,15.578346557787693
2894.6,15.90266011195111
2894.8,16.691381469827554
2895.0,16.192417021564747
2895.2,16.378981119127623
2895.4,16.110306561927594
2895.6,16.31012196746655
2895.8,16.14829336005524
2896.0,15.983160835374566
2896.2,15.507622903503913
2896.4,15.325568389582534
2896.6,15.41702902202427
2896.8,15.949023541499106
2897.0,15.700694699477522
2897.2,16.230158514129606
2897.4,16.104670940703027
2897.6,16.211778128168756
2897.8,16.399056053779194
2898.0,16.721855651401192
2898.2,17.188215610136574
2898.4,17.014615275901356
2898.6,16.933236339176233
2898.8,16.81308823083415
2899.0,16.78766837337051
2899.2,16.54827148052279
2899.4,16.58469045765233
2899.6,17.068965778443573
2899.8,17.094380020350254
2900.0,16.698717017044903
2900.2,16.504329475074353
2900.4,16.57763915552205
2900.6,15.870946019002044
2900.8,15.57083558370376
2901.0,15.665881383169854
2901.2,15.902202835774998
2901.4,15.591271196617221
2901.6,16.562206110572397
2901.8,16.9694570357445
2902.0,16.443086740371683
2902.2,16.82021801806662
2902.4,16.98547593804465
2902.6,16.723279682363582
2902.8,16.533645017520286
2903.0,16.623879417613058
2903.2,16.90327438430532
2903.4,16.36631050768004
2903.6,16.705989115897665
2903.8,16.485694469062196
2904.0,16.140723709009745
2904.2,16.248639007393272
2904.4,15.814399246205173
2904.6,15.511154478691127
2904.8,15.766172818673144
2905.0,15.891133032899168
2905.2,16.412729674167444
2905.4,15.88561698120239
2905.6,15.78972612362634
2905.8,15.77008887571094
2906.0,16.126165045092446
2906.2,15.343537364279193
2906.4,14.833670520193035
2906.6,15.301723235899924
2906.8,15.277734055323
2907.0,15.08800693297891
2907.2,15.94715017545191
2907.4,15.53369864381683
2907.6,15.638242992264983
2907.8,15.928196312046767
2908.0,15.770183954178172
2908.2,15.328350019904601
2908.4,15.120988642466804
2908.6,15.264940597975263
2908.8,14.906989440599567
2909.0,14.943504561330723
2909.2,15.277860820142982
2909.4,15.09336635830859
2909.6,15.015059661770465
2909.8,15.062880416588113
2910.0,14.943509882549211
2910.2,15.24674155702515
2910.4,15.349305588956181
2910.6,15.194103131827596
2910.8,14.915025390250985
2911.0,15.005620349266632
2911.2,15.204803766026554
2911.4,15.089719363137096
2911.6,14.9237023061307
2911.8,15.31361643089606
2912.0,15.14142726568404
2912.2,15.034076906988679
2912.4,14.997897836895325
2912.6,15.13031600499708
2912.8,15.310616823810587
2913.0,15.30374132521344
2913.2,15.240102210291509
2913.4,15.038834896387739
2913.6,15.22917422875959
2913.8,15.22941519061207
2914.0,15.573726707480784
2914.2,15.590578796111789
2914.4,15.425398945765028
2914.6,15.125232437287014
2914.8,15.328727110775958
2915.0,14.967853717462063
2915.2,14.917693768672635
2915.4,14.889940989289487
2915.6,14.733020258355412
2915.8,14.676692038552755
2916.0,14.51784454494598
2916.2,14.63456085245377
2916.4,14.565733648953367
2916.6,14.739771810814856
2916.8,15.066432079627416
2917.0,14.97803378256426
2917.2,14.861879334101673
2917.4,14.869737682140693
2917.6,15.282177775144756
2917.8,15.11389424716899
2918.0,15.59597353685372
2918.2,15.574648053264713
2918.4,15.324888050606042
2918.6,15.489922963598119
2918.8,15.850503219645137
2919.0,15.527031595777714
2919.2,15.638131341924623
2919.4,15.3243790941037
2919.6,15.248576342424336
2919.8,16.13329563556099
2920.0,16.742550982152295
2920.2,16.693709147971223
2920.4,16.44368390138127
2920.6,16.57004142158988
2920.8,16.410504443874515
2921.0,16.68516480356162
2921.2,16.41724773834141
2921.4,16.093555318246903
2921.6,15.848122877792175
2921.8,15.980818900913174
2922.0,16.026702665240432
2922.2,16.20991235509956
2922.4,16.406352351741575
2922.6,16.725026551814338
2922.8,16.625452219054388
2923.0,16.92623993121261
2923.2,17.450700746437157
2923.4,17.50649672410467
2923.6,17.74015245483082
2923.8,17.631349001467854
2924.0,17.34783639327217
2924.2,17.87801632459634
2924.4,17.58511980331172
2924.6,17.25857699801847
2924.8,17.390384476402602
2925.0,17.844020381378613
2925.2,18.05640949417003
2925.4,17.97437235441551
2925.6,18.039771052455155
2925.8,17.87496926174327
2926.0,17.89648516389777
2926.2,17.774201472427055
2926.4,16.962715339974423
2926.6,17.496122835441565
2926.8,17.747966676555006
2927.0,18.142052812054935
2927.2,17.77749108092444
2927.4,17.849872634890353
2927.6,17.78415965001867
2927.8,17.562055810998352
2928.0,18.38202008716514
2928.2,17.659398208096555
2928.4,17.205774369632977
2928.6,16.599475293728958
2928.8,16.740552892198824
2929.0,16.406718120428902
2929.2,16.142918554798726
2929.4,16.096093228388085
2929.6,15.604218957656443
2929.8,16.681136499056556
2930.0,18.071654593447363
2930.2,17.77336434021668
2930.4,17.701134083155193
2930.6,17.649346221680617
2930.8,17.678364357469466
2931.0,16.90690828431289
2931.2,17.013007971319183
2931.4,16.846436781684837
2931.6,16.791536355763462
2931.8,16.839447293413784
2932.0,16.89760308088619
2932.2,16.98160428940068
2932.4,17.43441061675307
2932.6,17.333030323951117
2932.8,17.705018465708434
2933.0,17.469964148458526
2933.2,16.35913367282008
2933.4,16.911965648228247
2933.6,17.007609753192373
2933.8,16.629632105839256
2934.0,16.431771466231652
2934.2,15.918497955252116
2934.4,15.091663097421701
2934.6,15.017341323255952
2934.8,15.189395975129024
2935.0,14.756605229012452
2935.2,15.031193591972059
2935.4,15.424258385607942
2935.6,15.416675644493585
2935.8,15.137950493493214
2936.0,15.621910787918935
2936.2,15.615706984920436
2936.4,16.03256720213359
2936.6,16.140298963471846
2936.8,15.983376447660792
2937.0,16.139251006815904
2937.2,16.74145159308662
2937.4,16.3975905159833
2937.6,16.181135681596764
2937.8,16.735366751154828
2938.0,16.51974134371801
2938.2,16.30563157276235
2938.4,15.812821833295752
2938.6,16.17429146021856
2938.8,15.839875942436297
2939.0,16.386188748205708
2939.2,15.824287732832031
2939.4,15.202291160864817
2939.6,15.22537220509357
2939.8,15.257575692366904
2940.0,15.44265505372039
2940.2,15.456462724636905
2940.4,15.524787493489523
2940.6,15.791138092255224
2940.8,15.88180465253496
2941.0,15.49774453687437
2941.2,16.308336305598452
2941.4,15.95043724724844
2941.6,15.446238973118334
2941.8,16.556780583864985
2942.0,16.26333428528315
2942.2,16.65908182726168
2942.4,16.8001540909966
2942.6,15.851655578717828
2942.8,15.948646645298654
2943.0,15.587685651305783
2943.2,15.772949162729367
2943.4,16.430561681569408
2943.6,15.937292916547834
2943.8,16.171126215747837
2944.0,15.808084500690232
2944.2,16.25156287017775
2944.4,16.08585840687597
2944.6,16.06524408365917
2944.8,15.915842270553767
2945.0,16.054541415139106
2945.2,16.21780863563385
2945.4,16.584667275618447
2945.6,16.78464244926986
2945.8,16.569231396480255
2946.0,16.437139855257005
2946.2,16.761345546277497
2946.4,16.428652125179624
2946.6,16.001743506578563
2946.8,15.818966151771185
2947.0,15.217556158660715
2947.2,15.390948568930876
2947.4,15.624492127730727
2947.6,15.19839541246922
2947.8,16.814043530998376
2948.0,16.089674771654813
2948.2,15.917689245375392
2948.4,16.70418526855802
2948.6,16.70680281306912
2948.8,16.717950426093775
2949.0,17.45845745798861
2949.2,17.492710281065534
2949.4,17.828249022325576
2949.6,17.72719698710738
2949.8,17.126672471359807
2950.0,17.357382779581346
2950.2,17.365119972937094
2950.4,16.51626013554783
2950.6,17.519527126140854
2950.8,17.648063893350137
2951.0,17.22633800430132
2951.2,16.418512855533358
2951.4,16.72003043957651
2951.6,15.501558164051412
2951.8,15.297937210112062
2952.0,16.271837485234858
2952.2,16.68567433408689
2952.4,17.089327409776285
2952.6,16.814603488531368
2952.8,16.986124106987297
2953.0,16.525654849990154
2953.2,16.686974001358216
2953.4,17.150042003036184
2953.6,17.804771669144195
2953.8,17.208831469850384
2954.0,16.962722037826378
2954.2,17.088074192405983
2954.4,17.04868270317933
2954.6,16.43630065152585
2954.8,16.292455646220837
2955.0,15.971616644292205
2955.2,16.84897045215077
2955.4,16.77979078601895
2955.6,16.51128936297186
2955.8,15.699704107880654
2956.0,15.738535758824568
2956.2,16.06620199910979
2956.4,15.833657534057576
2956.6,15.663997810958765
2956.8,15.49877848733945
2957.0,15.303273932356161
2957.2,15.974672374804042
2957.4,16.00086328793981
2957.6,16.133655672436376
2957.8,16.34850251369415
2958.0,16.90475842870757
2958.2,16.32501304280197
2958.4,17.084903064807847
2958.6,17.430273006926924
2958.8,17.29391320664662
2959.0,17.241600653642678
2959.2,17.06925243823198
2959.4,17.497035426299618
2959.6,17.373753088606193
2959.8,17.685233783737914
2960.0,17.464820372695765
2960.2,17.793671007598114
2960.4,17.30187308256301
2960.6,17.11541689746009
2960.8,16.55497658550687
2961.0,16.324641542525555
2961.2,16.59688715490902
2961.4,16.930566951247144
2961.6,16.929464155607207
2961.8,17.500163665131424
2962.0,17.580615921752518
2962.2,17.928340042543937
2962.4,17.815034865732397
2962.6,17.35233376276043
2962.8,17.120714468899475
2963.0,16.560435487388496
2963.2,16.513533647618733
2963.4,17.27374242451433
2963.6,17.261485039634543
2963.8,17.485475363932522
2964.0,17.31513056462981
2964.2,17.87495712897072
2964.4,17.14067435231869
2964.6,17.27300506699403
2964.8,17.716760159961563
2965.0,17.834552617368097
2965.2,17.83225181231365
2965.4,17.36836233035221
2965.6,17.84838313909176
2965.8,18.408267516499798
2966.0,17.614328305393656
2966.2,17.354050762987576
2966.4,17.8178029261751
2966.6,18.353437047739646
2966.8,18.03652066405065
2967.0,17.748066449668187
2967.2,17.825642110923738
2967.4,17.93666132419738
2967.6,17.766444887521747
2967.8,17.43877014720805
2968.0,16.647562242466762
2968.2,16.40716571234089
2968.4,17.496184329437188
2968.6,17.584988944954386
2968.8,17.203808031798374
2969.0,17.399735796522208
2969.2,16.31296888849485
2969.4,15.713897382349105
2969.6,15.85935679946367
2969.8,15.803216296463736
2970.0,15.58179256244472
2970.2,15.166478385206874
2970.4,15.083195736066815
2970.6,15.07402841527294
2970.8,15.325758963559577
2971.0,15.357203070146628
2971.2,15.62227929716617
2971.4,15.802169753474223
2971.6,15.637402694858507
2971.8,15.472380213176429
2972.0,15.471319677712858
2972.2,15.395168784138153
2972.4,15.22332751696662
2972.6,15.196765992454411
2972.8,15.112683962433884
2973.0,15.443782867083494
2973.2,15.678658259715178
2973.4,15.718427201962202
2973.6,15.517966096798787
2973.8,15.296740073656965
2974.0,15.40886721280996
2974.2,15.223400272720689
2974.4,15.597764830691023
2974.6,15.32608238920952
2974.8,15.524395502986533
2975.0,15.913318363621453
2975.2,15.32227231246692
2975.4,15.317901902943973
2975.6,15.5882290275295
2975.8,15.408349173666318
2976.0,15.62856906940332
2976.2,15.572593665536743
2976.4,15.68347127377338
2976.6,15.197402432248284
2976.8,15.121300974848815
2977.0,15.470745878808891
2977.2,15.351870453892163
2977.4,15.686022538608345
2977.6,15.19945649058146
2977.8,15.556024274716176
2978.0,15.227395368774202
2978.2,15.374028909552862
2978.4,15.223800099241915
2978.6,15.209189426953717
2978.8,15.320909424483398
2979.0,15.401383942368017
2979.2,15.510209373919942
2979.4,15.524912692127913
2979.6,15.315351129028782
2979.8,15.323182293456245
2980.0,15.45610752731901
2980.2,15.607232902692225
2980.4,15.629207312682423
2980.6,15.767737435724147
2980.8,15.842765568218592
2981.0,16.000454991203416
2981.2,15.726199464434465
2981.4,15.776154361312145
2981.6,15.77273450989132
2981.8,15.578765333606562
2982.0,15.643335419785924
2982.2,15.69602795443693
2982.4,15.747006680717837
2982.6,15.572372311535695
2982.8,16.06224558067677
2983.0,15.882316125048114
2983.2,15.770986528035586
2983.4,15.797674279132776
2983.6,15.683368576876992
2983.8,15.611889193098051
2984.0,15.49888910560548
2984.2,16.01057281726703
2984.4,15.960624315956775
2984.6,15.878091461852875
2984.8,16.256199142043343
2985.0,16.25290938906625
2985.2,15.992120904243578
2985.4,16.243543634202297
2985.6,15.86108558553921
2985.8,16.087385176093097
2986.0,15.948750825122238
2986.2,16.287950143680472
2986.4,16.026668963138448
2986.6,15.64587676719322
2986.8,15.441560974632367
2987.0,15.722710932047065
2987.2,15.523676878190445
2987.4,15.422711195282968
2987.6,15.681513546985759
2987.8,16.01758790650183
2988.0,16.283541453415264
2988.2,16.284093114647863
2988.4,15.993849782877586
2988.6,16.07173825351724
2988.8,15.659469237117685
2989.0,15.763761448106482
2989.2,16.393326913758898
2989.4,16.532481880048636
2989.6,16.519154473646065
2989.8,16.415879325457606
2990.0,16.72265345124612
2990.2,17.509576026131988
2990.4,17.168284707131022
2990.6,17.995506737248586
2990.8,17.45619421039409
2991.0,17.34629939354184
2991.2,18.42547278473007
2991.4,18.408312377920257
2991.6,18.528482704799348
2991.8,18.429661598858868
2992.0,18.102937508468948
2992.2,18.509926643832802
2992.4,18.248943226751823
2992.6,17.98666881637503
2992.8,18.478067808099453
2993.0,18.58066869542888
2993.2,17.101468516799287
2993.4,17.382859734599297
2993.6,17.38235311481323
2993.8,17.96983638629947
2994.0,17.77465121113287
2994.2,17.355679525783238
2994.4,18.026859344809843
2994.6,17.794198728705616
2994.8,18.282352097213415
2995.0,18.7980838965641
2995.2,19.422743844057916
2995.4,18.423471721834133
2995.6,17.7562276776286
2995.8,17.28738360282646
2996.0,18.64092163969162
2996.2,18.84714242718179
2996.4,18.615057746180977
2996.6,18.418799889317288
2996.8,18.174066528704532
2997.0,17.399347100952387
2997.2,17.579467190656807
2997.4,18.717647993206366
2997.6,17.734142105897735
2997.8,17.29213179849004
2998.0,17.3791540286406
2998.2,16.681069875767626
2998.4,17.574348197881378
2998.6,17.33740260063992
2998.8,17.577920655468887
2999.0,17.145877928485355
2999.2,16.993734718714684
2999.4,17.84195990633221
2999.6,17.369967907261945
2999.8,16.35470822093261
3000.0,16.69399080188625
3000.2,17.384586660769717
3000.4,16.695441265882003
3000.6,16.751835002066667
3000.8,16.766903693915715
3001.0,15.791610733887975
3001.2,15.849182518249428
3001.4,15.684739882541898
3001.6,15.78677572623387
3001.8,16.027204474043526
3002.0,15.821646109851134
3002.2,15.578161316688348
3002.4,15.315738433670079
3002.6,15.582072702221822
3002.8,15.755013319394424
3003.0,16.279970108926236
3003.2,15.588869663265397
3003.4,15.332690440308083
3003.6,15.38123711538326
3003.8,15.954812426108319
3004.0,16.327987960777218
3004.2,16.259687426630357
3004.4,16.169260708472063
3004.6,15.85935739062534
3004.8,15.803836581442262
3005.0,16.19390550962596
3005.2,16.96156985513555
3005.4,16.35489938354948
3005.6,15.947991104454147
3005.8,16.538646521726836
3006.0,17.32443554215957
3006.2,16.723223758376125
3006.4,16.93410031355394
3006.6,16.845422177550617
3006.8,16.979907584325236
3007.0,16.979440583886173
3007.2,16.870837873509974
3007.4,16.931401017146193
3007.6,17.473375897577853
3007.8,17.191132151546874
3008.0,17.221380387688853
3008.2,16.879307692218866
3008.4,16.24397852194533
3008.6,16.278057046633126
3008.8,17.013046889552122
3009.0,16.4275046842869
3009.2,16.612883861733202
3009.4,16.704749675715803
3009.6,17.155742468426233
3009.8,17.168074619975773
3010.0,16.772463621060247
3010.2,17.090508709803924
3010.4,16.968377346544724
3010.6,16.393439114200827
3010.8,16.610423207167816
3011.0,16.810953250268174
3011.2,16.246535735191564
3011.4,16.197952640763155
3011.6,15.97505774688388
3011.8,15.863495274590493
3012.0,15.716259307601593
3012.2,16.309147063696706
3012.4,16.545183446922717
3012.6,16.693828767144648
3012.8,16.906377276421733
3013.0,16.437047863377153
3013.2,16.800427098853746
3013.4,17.081031510619713
3013.6,16.935286953092724
3013.8,16.864558730268637
3014.0,16.739539830430978
3014.2,16.507349298742678
3014.4,16.570405282591146
3014.6,16.677925078472867
3014.8,16.405247563649688
3015.0,16.525297918847702
3015.2,16.680948078847262
3015.4,16.562739011333708
3015.6,15.988655801851241
3015.8,16.201715360490358
3016.0,16.338761522874588
3016.2,16.39498891412272
3016.4,16.621900324392623
3016.6,16.591588056327325
3016.8,16.86051223079398
3017.0,16.42744021936751
3017.2,16.396655529066344
3017.4,16.528657900552272
3017.6,17.01895033151953
3017.8,16.751396957000964
3018.0,16.560728866662352
3018.2,16.029608948905263
3018.4,16.226443826895764
3018.6,15.799089108931037
3018.8,16.429519343207964
3019.0,16.004332932568598
3019.2,16.53075088130794
3019.4,17.098303169917923
3019.6,16.792361986448945
3019.8,16.777458589566358
3020.0,16.82886905077507
3020.2,16.530496404253025
3020.4,16.718500887304124
3020.6,16.70132511804234
3020.8,16.865675995404608
3021.0,16.965021681055173
3021.2,16.83365329472944
3021.4,17.182581710705794
3021.6,16.769019559743437
3021.8,16.69434480067009
3022.0,16.40369716666731
3022.2,17.122091669639353
3022.4,17.27240135884542
3022.6,17.496611375297775
3022.8,17.420272971470684
3023.0,16.98970309736002
3023.2,16.93066203394085
3023.4,16.18404645772461
3023.6,16.243640535952135
3023.8,16.21076017885146
3024.0,16.524304927558415
3024.2,16.538057370435848
3024.4,17.25844513703344
3024.6,16.72255196949594
3024.8,16.59105262731255
3025.0,17.322465431546178
3025.2,16.720036657453143
3025.4,16.26326949777391
3025.6,16.33136337051553
3025.8,16.331902808126145
3026.0,16.544415436228878
3026.2,16.477045280967168
3026.4,16.664687095075095
3026.6,16.82842247928853
3026.8,16.498786484557076
3027.0,16.697673818620427
3027.2,16.677674591426353
3027.4,16.180418656909488
3027.6,16.1901261878451
3027.8,16.351135930965967
3028.0,16.49316844618707
3028.2,16.413036125860273
3028.4,16.663280429636337
3028.6,16.733603897115145
3028.8,15.979631951949502
3029.0,16.224362701715805
3029.2,16.566246497817218
3029.4,15.866388419615316
3029.6,16.3090639212417
3029.8,16.57323717831781
3030.0,17.58226007132655
3030.2,16.850068153199974
3030.4,17.136457263647063
3030.6,17.208955534645984
3030.8,17.089939390560552
3031.0,17.175981190584352
3031.2,16.774152066191967
3031.4,16.841718969598595
3031.6,16.262708334075526
3031.8,16.78365788975145
3032.0,17.2242652258616
3032.2,17.192545945483054
3032.4,16.783399235536244
3032.6,16.587733378912354
3032.8,17.175837771920353
3033.0,16.811883248237148
3033.2,17.165022361363036
3033.4,17.540890610428065
3033.6,17.600315748343288
3033.8,17.165877982506096
3034.0,16.055721006782917
3034.2,16.408561538416468
3034.4,16.062973497415754
3034.6,16.142579789458953
3034.8,16.24237664955497
3035.0,16.66244862429083
3035.2,16.595409249244042
3035.4,16.109387667120764
3035.6,16.2355891614268
3035.8,16.32134118367339
3036.0,16.625297758895595
3036.2,17.42726801669757
3036.4,17.106424580752236
3036.6,17.178227280733065
3036.8,17.598691524758216
3037.0,17.265033728937482
3037.2,17.013425785952894
3037.4,17.087298905734286
3037.6,17.547325510652026
3037.8,17.583441570412752
3038.0,17.32666785885077
3038.2,17.769323696993208
3038.4,17.640390466579515
3038.6,17.079107825762097
3038.8,17.823099440077527
3039.0,17.899534595100242
3039.2,17.927341736560834
3039.4,17.010682860726707
3039.6,16.708006853388426
3039.8,16.73765700580718
3040.0,16.861269236986576
3040.2,16.871991091442563
3040.4,17.077359517030963
3040.6,16.378248301382715
3040.8,16.72669363280484
3041.0,16.1016217865876
3041.2,16.2490548373516
3041.4,16.056548009957755
3041.6,17.308227936461154
3041.8,17.44900185862295
3042.0,16.323569657811106
3042.2,16.378298069462858
3042.4,16.455030614078513
3042.6,15.816612733503888
3042.8,15.577104529500813
3043.0,15.372232172807955
3043.2,15.12946347602554
3043.4,14.926635138842258
3043.6,15.03382265547907
3043.8,15.065323317059915
3044.0,15.193251976687614
3044.2,15.416273497173163
3044.4,15.106800740305697
3044.6,15.394122841725704
3044.8,15.387455462223699
3045.0,15.040809318088495
3045.2,15.011392389149215
3045.4,14.931742650775618
3045.6,15.007775262368607
3045.8,14.965035575703425
3046.0,15.403527321443434
3046.2,15.69472617094922
3046.4,16.52202087232278
3046.6,16.759269264713406
3046.8,16.177917601296667
3047.0,16.283762977176163
3047.2,16.338414978835146
3047.4,16.367820970543203
3047.6,16.769604858830544
3047.8,16.43034204248727
3048.0,16.23941529095175
3048.2,16.631695083135693
3048.4,16.886814643781474
3048.6,16.79032025004839
3048.8,17.27848647553731
3049.0,17.43328467322226
3049.2,16.747461106606757
3049.4,16.61431707152454
3049.6,16.37879108613873
3049.8,16.958480834172345
3050.0,17.500735478773677
3050.2,17.00970106018018
3050.4,17.127403252279464
3050.6,17.213139225839537
3050.8,17.38415857742258
3051.0,16.741140654341393
3051.2,17.09012629738433
3051.4,17.616486506973736
3051.6,17.615476177649224
3051.8,17.797806379772492
3052.0,17.737463174883572
3052.2,17.774450464427275
3052.4,17.409651619472577
3052.6,17.657678567998023
3052.8,17.81600174966797
3053.0,17.64720051596172
3053.2,17.686002131767193
3053.4,17.34188145181735
3053.6,17.592185962961327
3053.8,17.40272964301107
3054.0,16.938731686183107
3054.2,17.188707693626032
3054.4,17.338195588989958
3054.6,17.163532267909297
3054.8,16.91250479315979
3055.0,16.504841001201687
3055.2,16.221327439477854
3055.4,17.4711060580943
3055.6,17.788240479860534
3055.8,17.643973277152977
3056.0,17.868800097135406
3056.2,17.974106991623415
3056.4,17.460417512147252
3056.6,17.499389251592458
3056.8,17.34092694051171
3057.0,18.01956250832178
3057.2,17.921096304385166
3057.4,18.037943278332868
3057.6,17.792649334491998
3057.8,18.17676757902841
3058.0,18.067727757438085
3058.2,17.824079033069484
3058.4,17.795071163195168
3058.6,16.846710867333595
3058.8,16.99593620706944
3059.0,16.596296164010987
3059.2,17.30610327612965
3059.4,17.114571762949748
3059.6,16.975873722039147
3059.8,16.64948975435155
3060.0,17.223031634593728
3060.2,16.640182921637297
3060.4,17.07562792913576
3060.6,16.618827712964805
3060.8,17.18598260390171
3061.0,17.244549100665648
3061.2,17.335219660992347
3061.4,17.129181497671492
3061.6,16.950768564826298
3061.8,17.11499861328155
3062.0,16.54020392670312
3062.2,16.575606197846128
3062.4,17.11250542858741
3062.6,17.135160459057932
3062.8,17.397723965048623
3063.0,17.498978916560365
3063.2,17.444547801619223
3063.4,17.23007439420128
3063.6,17.34835172066154
3063.8,17.0190347077039
3064.0,16.97139043040019
3064.2,17.071365244496434
3064.4,17.148632665429535
3064.6,17.224019982181005
3064.8,17.548914454400673
3065.0,17.760216144688165
3065.2,17.230612037270042
3065.4,17.50642054562321
3065.6,17.38038985658729
3065.8,17.30897593521803
3066.0,17.353860475524225
3066.2,16.99955468574007
3066.4,17.556436366672624
3066.6,17.584774367006247
3066.8,17.08753980419363
3067.0,17.379191340477572
3067.2,17.105143106700535
3067.4,16.594182519248537
3067.6,16.838031949252095
3067.8,17.211868582752203
3068.0,17.402297982812218
3068.2,17.749638981015615
3068.4,16.79181346592882
3068.6,16.477179809902054
3068.8,16.10246824602474
3069.0,17.048486642588326
3069.2,16.88246689723066
3069.4,16.96064740711493
3069.6,17.822109679242658
3069.8,17.259205723600083
3070.0,17.863827844682614
3070.2,17.468265808111
3070.4,17.71843362498784
3070.6,17.69284958841996
3070.8,17.857612973112392
3071.0,18.06533711123481
3071.2,17.55519594794476
3071.4,17.863327135883132
3071.6,17.55534467705324
3071.8,17.567841542955648
3072.0,17.286854925179366
3072.2,17.091799303088283
3072.4,17.08430525312704
3072.6,16.150080012379547
3072.8,16.506489499729156
3073.0,16.691227791171457
3073.2,16.686204812576722
3073.4,16.722586330220956
3073.6,16.916656595907998
3073.8,16.65289989512039
3074.0,16.022343909262123
3074.2,16.561003610073712
3074.4,16.052018464330498
3074.6,15.430982483284964
3074.8,16.635711271868214
3075.0,16.472746454857912
3075.2,15.843074324067935
3075.4,16.40142497905864
3075.6,16.589720154315476
3075.8,16.778073922589087
3076.0,17.688853120661616
3076.2,17.233764044045987
3076.4,16.66425749554537
3076.6,16.88766787315458
3076.8,16.902576001205528
3077.0,16.70804796795935
3077.2,16.304447461790158
3077.4,16.879887172158504
3077.6,16.906310322913544
3077.8,16.9915794881968
3078.0,16.64016049690077
3078.2,16.653819314435818
3078.4,17.249902095539056
3078.6,17.41865056619076
3078.8,16.42482090234744
3079.0,16.496204570321574
3079.2,16.39544256121655
3079.4,16.96842003186883
3079.6,17.185503855151612
3079.8,16.38599157599893
3080.0,16.215425854041424
3080.2,16.7276324692577
3080.4,16.17235728172763
3080.6,16.035349516220684
3080.8,16.09412299474303
3081.0,16.424110215311945
3081.2,16.002836177036215
3081.4,16.050295197819125
3081.6,16.542156761718857
3081.8,16.504913848601404
3082.0,16.089136630996382
3082.2,16.168800868832164
3082.4,16.15761188201134
3082.6,16.37802861782722
3082.8,16.439030331442883
3083.0,17.444295697454145
3083.2,17.581895256485208
3083.4,17.496754847732536
3083.6,17.66577635560074
3083.8,17.533350387595412
3084.0,17.476314004456064
3084.2,17.342475799497763
3084.4,17.425005175437125
3084.6,17.82126323848486
3084.8,17.59890980820137
3085.0,17.317947259886857
3085.2,17.502066905714123
3085.4,17.80702040672108
3085.6,17.587382401401356
3085.8,17.78675478542466
3086.0,17.455650459807913
3086.2,17.504315200976315
3086.4,17.607078948146167
3086.6,17.848692957111137
3086.8,17.41725834619255
3087.0,17.451016988050355
3087.2,17.792154105186334
3087.4,18.008996634441342
3087.6,17.9723458585573
3087.8,18.385868966146063
3088.0,17.720568351685056
3088.2,17.667546485772924
3088.4,17.7994824835162
3088.6,18.27831380488194
3088.8,17.78181014174887
3089.0,17.79060991997033
3089.2,18.36223873515175
3089.4,18.04590494444775
3089.6,17.54148427004867
3089.8,16.808564679545302
3090.0,16.834987243657302
3090.2,16.6980907044327
3090.4,16.677463063804883
3090.6,17.053353824576128
3090.8,16.791276658201276
3091.0,16.812991420219145
3091.2,16.78426270847748
3091.4,17.044176943921727
3091.6,16.645274192932604
3091.8,16.643359818433474
3092.0,16.651186669466135
3092.2,17.129561870250363
3092.4,17.195447576332878
3092.6,16.63981932785362
3092.8,16.659782256413475
3093.0,16.192999281659255
3093.2,16.267930519421395
3093.4,16.677886956228523
3093.6,16.577527739035325
3093.8,16.49166567902119
3094.0,16.691724663871604
3094.2,16.201298558806837
3094.4,16.861102187926345
3094.6,16.580325348024868
3094.8,15.951406424929207
3095.0,15.48630399085441
3095.2,15.573845550538568
3095.4,15.555120063516902
3095.6,15.708327872885528
3095.8,15.419847019710764
3096.0,15.899899965090231
3096.2,15.79131037325557
3096.4,15.644191748922758
3096.6,15.340904706689557
3096.8,15.391290714371218
3097.0,15.701752743190628
3097.2,15.56400471039909
3097.4,15.090513321619072
3097.6,15.163314890200063
3097.8,15.365808375651186
3098.0,15.832636899925136
3098.2,15.973600700875291
3098.4,16.334956212060515
3098.6,16.39613147590836
3098.8,15.822998700155246
3099.0,16.081526625778654
3099.2,16.135992615724987
3099.4,16.23566814838576
3099.6,15.810472654794147
3099.8,16.314240356559544
3100.0,15.913667231837396
3100.2,16.54636911871733
3100.4,17.285921783683737
3100.6,17.75355745964761
3100.8,17.51514351344777
3101.0,16.824070873660254
3101.2,17.097470235641236
3101.4,17.01050230959774
3101.6,16.66250787509904
3101.8,16.8060139721462
3102.0,17.119734621471427
3102.2,16.727441265802774
3102.4,16.3604558649611
3102.6,16.039866162155523
3102.8,16.394126465377322
3103.0,16.782732409964034
3103.2,16.63022723974523
3103.4,16.164120426397417
3103.6,17.162169193023146
3103.8,16.600257713751375
3104.0,16.23736955833731
3104.2,15.965113641292383
3104.4,16.178386630119576
3104.6,15.982371231915204
3104.8,16.57703299815955
3105.0,16.27352882917962
3105.2,16.474904046041786
3105.4,17.15301434756433
3105.6,17.00093279426725
3105.8,16.826671791484916
3106.0,17.387172098310756
3106.2,17.489885268517543
3106.4,16.522139784976343
3106.6,17.1324264887236
3106.8,17.477124671981443
3107.0,17.45958999358619
3107.2,17.37527727716757
3107.4,17.019512538200743
3107.6,17.12832467950205
3107.8,17.22393599332791
3108.0,17.146049876370977
3108.2,16.88596314139624
3108.4,17.14605983997454
3108.6,17.54254699055401
3108.8,17.502837006824496
3109.0,17.077501132078552
3109.2,17.074005275893654
3109.4,16.842590507673595
3109.6,17.29526524276867
3109.8,17.267274603824585
3110.0,17.33842340314043
3110.2,16.784864121569406
3110.4,16.8866219381679
3110.6,17.19889341311478
3110.8,17.03567014286029
3111.0,17.050858442419464
3111.2,16.975092656597432
3111.4,17.455558178105676
3111.6,17.21260189462242
3111.8,17.906120055287854
3112.0,17.403763160102024
3112.2,17.2766867652116
3112.4,17.553711764279537
3112.6,16.881841759902947
3112.8,17.066208222628173
3113.0,16.764064157108955
3113.2,16.774717724292568
3113.4,16.56066012431895
3113.6,16.518610556153007
3113.8,17.493181519870152
3114.0,17.55039181171995
3114.2,18.08391467305852
3114.4,17.829529477079443
3114.6,17.83704691422685
3114.8,17.79046098436533
3115.0,17.598434370914728
3115.2,17.779480029079387
3115.4,17.71318638122348
3115.6,17.19377284130234
3115.8,17.151299228792002
3116.0,17.419543768549453
3116.2,17.191430177693825
3116.4,17.347896104612254
3116.6,17.062543051498242
3116.8,17.191312317891196
3117.0,17.1780812887323
3117.2,17.499362361809055
3117.4,17.103021806886332
3117.6,16.9259562865432
3117.8,17.482102674931877
3118.0,17.48327855851942
3118.2,17.07547135045554
3118.4,16.93823011523434
3118.6,17.72763032067107
3118.8,17.376880412676993
3119.0,17.116740322299023
3119.2,17.357614758014506
3119.4,17.256505326351263
3119.6,16.82190181666664
3119.8,16.950161672494136
3120.0,17.80108780935678
3120.2,17.571474302855833
3120.4,17.22591482301108
3120.6,16.59686524335004
3120.8,17.077200574292416
3121.0,17.232752318586375
3121.2,17.390439739023293
3121.4,17.40681177658389
3121.6,17.507678729401878
3121.8,17.507933198842107
3122.0,17.70528875334342
3122.2,18.02597758475494
3122.4,17.36167647059546
3122.6,17.432557493812922
3122.8,17.689544959355274
3123.0,17.356495390409837
3123.2,17.21339812451648
3123.4,17.331519022376423
3123.6,17.29836740163507
3123.8,16.740027098619326
3124.0,16.507556587939064
3124.2,16.90568743259536
3124.4,16.988186682843697
3124.6,16.258181132930055
3124.8,16.10765335329001
3125.0,15.863510475939357
3125.2,16.302082945197167
3125.4,16.43462135548289
3125.6,16.379807062723604
3125.8,16.431239859903556
3126.0,16.385612468785315
3126.2,16.31639223853387
3126.4,16.265113365119653
3126.6,16.449986553085512
3126.8,16.86710273541867
3127.0,16.990575279257683
3127.2,17.001072406597782
3127.4,16.396020175121564
3127.6,16.411890962246716
3127.8,16.531753418464238
3128.0,16.346363754627752
3128.2,16.995896687421837
3128.4,17.101557530638075
3128.6,17.468763804967274
3128.8,17.18855561992037
3129.0,17.63173572963804
3129.2,17.402008984813186
3129.4,17.83892022294664
3129.6,17.371187367433865
3129.8,16.576036111196473
3130.0,17.28157459044316
3130.2,17.539985866970234
3130.4,17.247618581721923
3130.6,17.757111082562677
3130.8,17.536878375946955
3131.0,17.58351995023888
3131.2,17.25687583774181
3131.4,17.34099693098709
3131.6,17.090268809986846
3131.8,16.428446615172426
3132.0,16.276062318330375
3132.2,16.413900614465348
3132.4,17.55170852730246
3132.6,16.918791245927913
3132.8,17.453472207654034
3133.0,17.856669962579666
3133.2,17.225593264723177
3133.4,16.508058240544734
3133.6,16.860227943510083
3133.8,16.511332241916154
3134.0,16.549013121452635
3134.2,16.483037419948726
3134.4,16.697564244341304
3134.6,17.45790003913488
3134.8,16.64669699678743
3135.0,16.660018683431392
3135.2,16.878762071338137
3135.4,17.68829885779872
3135.6,17.72885238549518
3135.8,17.410659548187695
3136.0,17.42733770858059
3136.2,17.22436192088127
3136.4,16.991901382086137
3136.6,17.341266706067174
3136.8,17.306964557965717
3137.0,17.411398211348516
3137.2,17.51264979587066
3137.4,17.405040269229023
3137.6,17.718724240747846
3137.8,17.655692587656173
3138.0,17.357024886978174
3138.2,16.718051030375392
3138.4,16.085147073086937
3138.6,15.884375319152015
3138.8,15.99519682975265
3139.0,15.985672599523394
3139.2,15.882497301638274
3139.4,16.00514728196219
3139.6,16.03404608729377
3139.8,15.788611580044867
3140.0,15.839313955585526
3140.2,15.861424028035874
3140.4,16.901334721717014
3140.6,16.798166089317032
3140.8,16.313247725631737
3141.0,16.844989524478166
3141.2,17.30461037741939
3141.4,17.47961983456192
3141.6,17.368173725764326
3141.8,17.024851742043424
3142.0,16.538437647480187
3142.2,16.694000531659174
3142.4,17.027992538508723
3142.6,16.548453732772533
3142.8,16.83848463260087
3143.0,16.983411092772755
3143.2,16.321387923843677
3143.4,17.32919334821913
3143.6,17.394200401687822
3143.8,17.633863109243066
3144.0,17.319724262835273
3144.2,17.30780249115339
3144.4,17.464844097108177
3144.6,17.73558720701522
3144.8,18.063485240705262
3145.0,17.254815922863237
3145.2,17.895105096015342
3145.4,17.911144598899092
3145.6,17.76664167581388
3145.8,17.87721782373345
3146.0,17.727902285351927
3146.2,17.85317727035419
3146.4,17.415145483371862
3146.6,17.780211079912682
3146.8,16.970194102380674
3147.0,16.862238871227728
3147.2,16.916080713377436
3147.4,17.49934009262099
3147.6,16.85070156728598
3147.8,16.98804269655874
3148.0,17.00445427675109
3148.2,16.84604217487977
3148.4,17.817471578001417
3148.6,17.752632933414226
3148.8,17.227035989381697
3149.0,16.829513972804047
3149.2,16.76386670711977
3149.4,16.70258784678175
3149.6,16.656731792751803
3149.8,16.831829573422475
3150.0,16.258196209058795
3150.2,16.22065228594351
3150.4,15.960841244269856
3150.6,15.802494098478077
3150.8,15.754077638337991
3151.0,15.760079793708472
3151.2,15.89393970132975
3151.4,15.670326651789132
3151.6,15.648688412534424
3151.8,16.17875768557473
3152.0,16.069960918554237
3152.2,16.282261251592104
3152.4,15.962876636406522
3152.6,16.30471002131484
3152.8,16.37791954049928
3153.0,16.39962800550588
3153.2,15.985594075155017
3153.4,15.80102285642514
3153.6,16.131127389260797
3153.8,16.02585436023182
3154.0,15.840061140385513
3154.2,16.00644091465211
3154.4,16.42757425438771
3154.6,16.34527059969804
3154.8,17.210669678821095
3155.0,16.78554776333123
3155.2,16.552149559807564
3155.4,15.899601215321637
3155.6,15.77443198972225
3155.8,16.234314684041305
3156.0,16.111240047364245
3156.2,16.411953840202376
3156.4,16.57594313195113
3156.6,16.627943749514703
3156.8,16.851456309089635
3157.0,16.65511195483929
3157.2,16.329002669161696
3157.4,16.66213709285699
3157.6,16.29378877693218
3157.8,16.637413657808967
3158.0,16.72842959219142
3158.2,15.903533803994696
3158.4,17.132086489884905
3158.6,16.197973459238646
3158.8,16.883980260018
3159.0,16.6463391402054
3159.2,16.858066799793285
3159.4,16.882885194493234
3159.6,16.77357828855105
3159.8,15.606544428937003
3160.0,16.06135537385992
3160.2,16.084956406802387
3160.4,16.547672243640676
3160.6,16.290144228837757
3160.8,16.582845567876184
3161.0,16.629000731619424
3161.2,16.330116534173882
3161.4,16.808629002920362
3161.6,16.683599187706225
3161.8,16.484305076050703
3162.0,16.11622594967705
3162.2,16.399297847048334
3162.4,16.96231655240021
3162.6,16.953847925169917
3162.8,17.09749469991895
3163.0,17.313963435934355
3163.2,17.07501977030736
3163.4,16.97041629150918
3163.6,17.026716589368004
3163.8,16.800774204866926
3164.0,16.55137801632794
3164.2,16.703239239014174
3164.4,16.757508920850988
3164.6,16.334732910626006
3164.8,16.521654820420334
3165.0,16.33540671300709
3165.2,16.698508452475426
3165.4,16.434256839837104
3165.6,16.71824058205004
3165.8,16.403553021441475
3166.0,16.69939393974711
3166.2,16.57603012566532
3166.4,16.80245463768791
3166.6,16.889696918163708
3166.8,16.655754159848478
3167.0,16.71473200537343
3167.2,17.084187573167394
3167.4,16.303213180106507
3167.6,16.019798696417446
3167.8,16.22686327628254
3168.0,16.843723844854754
3168.2,16.835155926563644
3168.4,17.065130351005827
3168.6,16.942322253349765
3168.8,17.03181317036503
3169.0,17.533677055598677
3169.2,17.30133915247938
3169.4,17.5622828976185
3169.6,17.51501847492956
3169.8,17.451157433187195
3170.0,17.05342894085398
3170.2,16.891499570558956
3170.4,16.778062987231046
3170.6,17.07111167728658
3170.8,16.799152343191256
3171.0,17.325593293859328
3171.2,17.163597482532406
3171.4,16.78345379107929
3171.6,16.863360698205536
3171.8,17.113224722861332
3172.0,15.941887322257172
3172.2,16.038859036039323
3172.4,16.190302076954563
3172.6,16.513219224678647
3172.8,16.0163588969896
3173.0,16.120210102692035
3173.2,16.519851734579646
3173.4,17.233544806120108
3173.6,16.454076121995207
3173.8,16.379716888832203
3174.0,16.906915981212297
3174.2,16.86662029462355
3174.4,17.26287739234672
3174.6,16.805575330628297
3174.8,17.32156427702418
3175.0,16.708538584048227
3175.2,17.33114996993632
3175.4,17.28614726899871
3175.6,16.890959060236504
3175.8,16.58389171338221
3176.0,16.808517133667916
3176.2,16.81599245290314
3176.4,16.96688155260741
3176.6,17.10942409746084
3176.8,17.330520607825143
3177.0,17.219036745110643
3177.2,17.372864352477084
3177.4,16.81086547817775
3177.6,17.338218740545077
3177.8,16.657756039645765
3178.0,16.27103965670607
3178.2,16.322030256015964
3178.4,16.428900219041935
3178.6,16.454233301490056
3178.8,16.659672754041715
3179.0,16.922982851751144
3179.2,16.659050717726355
3179.4,16.659663061561897
3179.6,16.695569343759146
3179.8,16.09781015475393
3180.0,16.217629408831705
3180.2,16.287931630673942
3180.4,16.596407542946977
3180.6,15.822498542728168
3180.8,16.436418973551604
3181.0,16.006360239905998
3181.2,16.2875955957755
3181.4,16.449065805530253
3181.6,16.62268603499006
3181.8,15.856943249704074
3182.0,17.069390284261875
3182.2,16.893988853683762
3182.4,17.866619548137898
3182.6,17.494383850677472
3182.8,17.956048433646227
3183.0,18.137207329040738
3183.2,17.48351967315534
3183.4,17.19738618766739
3183.6,17.15869071033151
3183.8,18.000750916622078
3184.0,17.35394757698598
3184.2,17.048510749186846
3184.4,17.053210528370826
3184.6,16.12696889049007
3184.8,15.676639809103037
3185.0,15.124510830226507
3185.2,15.460541321383774
3185.4,15.891641610430906
3185.6,15.55409905001393
3185.8,16.01450966036621
3186.0,16.02330598905941
3186.2,15.988719256614308
3186.4,16.50699355281436
3186.6,16.18959555039423
3186.8,16.30668028534255
3187.0,16.062772391220395
3187.2,15.911932397872055
3187.4,16.89082656437047
3187.6,16.371976408773257
3187.8,16.478546383802225
3188.0,16.334272820790094
3188.2,15.818468460803485
3188.4,15.542495695113503
3188.6,15.956367467280145
3188.8,15.741484284158327
3189.0,15.80305323159423
3189.2,15.131629562272636
3189.4,15.551273454133197
3189.6,15.325874092586476
3189.8,15.307752535906546
3190.0,14.922034793275149
3190.2,15.519261478202287
3190.4,14.845170152369398
3190.6,15.668944148989233
3190.8,15.860940928390114
3191.0,15.922695288351267
3191.2,16.10976510076096
3191.4,15.92512416107186
3191.6,16.347958961948535
3191.8,15.826217133213662
3192.0,15.928427682052082
3192.2,15.57028950795206
3192.4,15.697192263012894
3192.6,15.873814554256809
3192.8,15.661200418186848
3193.0,15.47039391377318
3193.2,15.482385435031581
3193.4,15.578503636531813
3193.6,15.987456884275087
3193.8,15.712824600977823
3194.0,16.211162633230106
3194.2,15.896764470222227
3194.4,15.735940370430955
3194.6,15.40657601788942
3194.8,15.817174663124687
3195.0,15.609934764782283
3195.2,15.683321355025965
3195.4,15.711121649361887
3195.6,15.330205461657677
3195.8,15.374542439072776
3196.0,14.965614284015478
3196.2,15.170838807390643
3196.4,16.200005156305643
3196.6,16.5562054589398
3196.8,16.941201603347643
3197.0,17.33127643032556
3197.2,16.607137198103132
3197.4,16.505944339948325
3197.6,16.204842496218237
3197.8,15.94368539807408
3198.0,16.063619610067235
3198.2,15.827600945394174
3198.4,16.220563290256784
3198.6,16.26971394429853
3198.8,15.936413592709028
3199.0,16.1854048356513
3199.2,16.052317517720073
3199.4,16.858203007912792
3199.6,16.824751549790673
3199.8,16.89428032941373
3200.0,16.739478140971418
3200.2,16.362265677035765
3200.4,16.936047547599948
3200.6,16.868981634429513
3200.8,16.740612349793032
3201.0,15.85849173524241
3201.2,16.44185539021563
3201.4,16.580828986245727
3201.6,16.87686279428326
3201.8,17.05587258979364
3202.0,17.084859525973066
3202.2,17.54896429043057
3202.4,17.490212902819213
3202.6,17.551770721352977
3202.8,17.594746367322095
3203.0,17.01674777712358
3203.2,16.790177812242003
3203.4,16.969099697057402
3203.6,16.360103329527075
3203.8,16.55431628449175
3204.0,16.65924873247062
3204.2,16.21781320412935
3204.4,16.741241768962055
3204.6,17.188118966986003
3204.8,16.718167273709298
3205.0,17.17830376018876
3205.2,17.07904144365971
3205.4,17.009809343692204
3205.6,16.28465596499251
3205.8,16.45304413831945
3206.0,16.678016581167185
3206.2,16.328697398033892
3206.4,16.180722574134418
3206.6,15.74248106955765
3206.8,16.202611119343793
3207.0,15.722156088560517
3207.2,15.979760310219406
3207.4,15.869657792472012
3207.6,15.962836387794717
3207.8,15.98606901114147
3208.0,16.204505794809755
3208.2,15.544062451446852
3208.4,16.035893240007887
3208.6,15.866382699676137
3208.8,16.11250217844144
3209.0,16.629679689062414
3209.2,16.5751165240166
3209.4,16.4591312856326
3209.6,16.960061152366787
3209.8,16.648211118434343
3210.0,16.96971061148423
3210.2,16.845568766507174
3210.4,16.95798244175205
3210.6,16.905825506247417
3210.8,17.04396566736028
3211.0,16.748108030764822
3211.2,16.214092475840314
3211.4,16.371506064405693
3211.6,16.377620792419233
3211.8,16.017966626008405
3212.0,16.37949568596997
3212.2,16.75952066087762
3212.4,16.754500369357864
3212.6,17.173707376915434
3212.8,17.683717236601527
3213.0,17.596523193588368
3213.2,17.625808130465057
3213.4,17.731486802845325
3213.6,17.809859068389365
3213.8,17.758421577927102
3214.0,18.171799838511905
3214.2,17.895854074321875
3214.4,17.7886714769265
3214.6,18.47040899599704
3214.8,18.247862271300217
3215.0,18.527848254950477
3215.2,18.458930728879587
3215.4,18.11611695140385
3215.6,17.962880847942735
3215.8,18.35487296981078
3216.0,18.50388900676935
3216.2,18.655004806086
3216.4,19.125679225514773
3216.6,19.18659362033735
3216.8,18.256219593073645
3217.0,18.818544094436586
3217.2,18.206475572888642
3217.4,18.828441687390963
3217.6,19.64723457616563
3217.8,18.972105379150236
3218.0,17.619577800231394
3218.2,18.109604542819458
3218.4,19.196155831434332
3218.6,19.226101821991563
3218.8,19.11937863069194
3219.0,18.8529207164842
3219.2,19.046916272477215
3219.4,20.462854023299744
3219.6,20.145640581338252
3219.8,20.549659787655173
3220.0,19.380740297175755
3220.2,19.471130652220317
3220.4,18.490101591576963
3220.6,17.97874222087054
3220.8,18.574348175507957
3221.0,19.3799802512875
3221.2,19.957901756983844
3221.4,19.09978983115382
3221.6,18.96522681337505
3221.8,19.14765581357572
3222.0,19.19925155448986
3222.2,18.78312459985764
3222.4,19.37021519696993
3222.6,19.640608307839898
3222.8,19.385659734837247
3223.0,20.03757603441285
3223.2,19.299832927541047
3223.4,18.41311442646162
3223.6,18.53948226488914
3223.8,19.26784228223324
3224.0,18.990047698853814
3224.2,19.65978474807365
3224.4,19.037545521239057
3224.6,19.168241327952803
3224.8,18.636792997756718
3225.0,18.634509134030043
3225.2,18.197503875149717
3225.4,18.793190110608965
3225.6,20.457073728471272
3225.8,20.513404160847372
3226.0,20.55837717605135
3226.2,20.207057824762455
3226.4,20.089502306843006
3226.6,20.138388837955734
3226.8,19.967211705975156
3227.0,20.410005238283734
3227.2,19.85759623055382
3227.4,20.246045340056426
3227.6,19.200917737993507
3227.8,19.739569184112305
3228.0,20.179484257152474
3228.2,20.52436569427984
3228.4,19.885086208516796
3228.6,19.68873652887947
3228.8,20.184524160069778
3229.0,19.44847235515426
3229.2,19.099069721931055
3229.4,18.774333482339095
3229.6,18.719022467678876
3229.8,18.902212453193744
3230.0,19.47645465522951
3230.2,19.822716444473343
3230.4,19.468220248052358
3230.6,19.176235697507188
3230.8,19.00191245341678
3231.0,19.365606020269336
3231.2,18.900328365637854
3231.4,18.79454076831698
3231.6,19.27177190828172
3231.8,19.089135633395212
3232.0,19.238973447585813
3232.2,19.267509610601024
3232.4,19.254536294585257
3232.6,19.35329148707107
3232.8,18.916213823339383
3233.0,19.348766970782286
3233.2,19.67829684375381
3233.4,18.560171269019364
3233.6,18.333878924916192
3233.8,19.317613371666184
3234.0,19.98345005392091
3234.2,19.401931409412846
3234.4,19.75512324296472
3234.6,20.305812887641693
3234.8,20.517453434135472
3235.0,20.561701415958645
3235.2,18.91392887966249
3235.4,20.052269622258223
3235.6,19.487035381411182
3235.8,18.291332654158353
3236.0,17.892842879011543
3236.2,18.90140237461483
3236.4,18.415133125823683
3236.6,18.25251559446641
3236.8,19.81269735157731
3237.0,19.97607686392066
3237.2,20.715445094559534
3237.4,20.857574363703492
3237.6,20.06480724575329
3237.8,19.682732507937715
3238.0,19.95835085743998
3238.2,20.035937537012224
3238.4,20.1098112809605
3238.6,19.97328835573139
3238.8,20.541595127238978
3239.0,21.045090605395465
3239.2,19.881053996513426
3239.4,19.893868701080745
3239.6,18.62795721723001
3239.8,20.21318406569169
3240.0,20.474902737353375
3240.2,21.070365634390058
3240.4,21.151539740267363
3240.6,19.611453895903345
3240.8,18.87223418240625
3241.0,18.57422339625482
3241.2,17.887916957167704
3241.4,18.127378036131738
3241.6,19.472742640499465
3241.8,19.244107760957842
3242.0,19.414425351179094
3242.2,19.56003703692039
3242.4,19.01730284448461
3242.6,19.95000020741489
3242.8,20.911815534669415
3243.0,20.101903631477377
3243.2,19.829536927341696
3243.4,20.13716327908654
3243.6,20.41104224857613
3243.8,20.558811319477307
3244.0,19.827611734736294
3244.2,19.93234685880433
3244.4,20.66710174981768
3244.6,19.60285623531925
3244.8,19.727748489733337
3245.0,19.275904230506907
3245.2,17.67775337078278
3245.4,18.99920411277176
3245.6,18.706024138825775
3245.8,19.40656735734082
3246.0,19.539666339276387
3246.2,19.108641393213055
3246.4,18.87041453422604
3246.6,18.37160570521575
3246.8,18.696610479747623
3247.0,18.22777755499318
3247.2,18.145681997516892
3247.4,17.901913795296107
3247.6,17.483451023797326
3247.8,17.636963384502323
3248.0,18.822730672847438
3248.2,19.13455237419175
3248.4,19.25192099059499
3248.6,19.553440873400106
3248.8,18.518243693900057
3249.0,18.527464883023296
3249.2,18.935412111959586
3249.4,19.33892726815085
3249.6,19.92819524443713
3249.8,19.384832491266437
3250.0,19.633289195435005
3250.2,20.173916078783325
3250.4,20.26607403625978
3250.6,20.139020051187522
3250.8,20.17861032638517
3251.0,20.544604681483204
3251.2,20.10036032607505
3251.4,20.08001988668086
3251.6,20.623017767339554
3251.8,21.068437065435152
3252.0,20.949611901880296
3252.2,20.433460941445766
3252.4,20.925700095058932
3252.6,20.332850532230296
3252.8,20.412632450758693
3253.0,19.29465546912615
3253.2,19.090912069458593
3253.4,20.16508226998344
3253.6,20.156135887325725
3253.8,21.399443643799508
3254.0,20.52543034224896
3254.2,20.734036466369634
3254.4,18.994271410154575
3254.6,19.719962341190644
3254.8,20.543256277449082
3255.0,21.04227146784313
3255.2,21.34273488475705
3255.4,20.593918720550963
3255.6,20.96585217911747
3255.8,22.58891505660079
3256.0,21.01194435760874
3256.2,21.035140933054286
3256.4,20.822284746706387
3256.6,20.644877814120708
3256.8,20.344357123116446
3257.0,20.88604549497991
3257.2,20.735272180140733
3257.4,20.155309896109017
3257.6,19.154698635017095
3257.8,19.197719902588744
3258.0,19.31339147780993
3258.2,18.979554179394388
3258.4,18.76697093515221
3258.6,19.402749098773132
3258.8,19.29886252008288
3259.0,19.331953295107024
3259.2,19.33364349389358
3259.4,19.109657135784023
3259.6,18.53051152288983
3259.8,20.24221648722749
3260.0,20.19158564225466
3260.2,19.19151549316558
3260.4,18.81611493265159
3260.6,19.375436478898102
3260.8,19.11954732083984
3261.0,19.941160816857938
3261.2,20.212765845987484
3261.4,20.497287194496447
3261.6,20.89259040182118
3261.8,19.559236638334106
3262.0,18.93624569353748
3262.2,20.097268260043197
3262.4,20.20302431669821
3262.6,19.970122644355843
3262.8,19.54358800180106
3263.0,19.04696849830058
3263.2,19.876293659873735
3263.4,20.147939733009316
3263.6,20.341189960067307
3263.8,20.441331581802622
3264.0,20.45321257632952
3264.2,19.694070374177524
3264.4,19.59301722807099
3264.6,19.752035901587888
3264.8,19.641917510452423
3265.0,19.094977973848316
3265.2,19.317746846902743
3265.4,19.612832197640518
3265.6,19.097722334417007
3265.8,19.241102392482095
3266.0,18.75587734926433
3266.2,19.012196834036818
3266.4,20.236517996408026
3266.6,19.748724026358587
3266.8,19.811512929669334
3267.0,20.218321076510467
3267.2,20.021543926214612
3267.4,20.702319102774723
3267.6,19.462593551588675
3267.8,19.711682023557543
3268.0,20.500368446816324
3268.2,19.875076744259662
3268.4,19.319760831171592
3268.6,19.70573437470075
3268.8,20.53259080561348
3269.0,20.715844143264786
3269.2,20.274610185435126
3269.4,20.2919216193989
3269.6,20.616305178703776
3269.8,21.19078323046339
3270.0,20.59219647180006
3270.2,19.68480411894533
3270.4,18.811524115553865
3270.6,18.891083345030935
3270.8,18.794491121315573
3271.0,19.56808117988482
3271.2,18.42756519879478
3271.4,19.387535849293386
3271.6,19.497805972716904
3271.8,18.70959237818394
3272.0,19.254065498465852
3272.2,18.64225607170811
3272.4,18.127059482276454
3272.6,18.90060176301035
3272.8,17.514759640568442
3273.0,17.75451018352328
3273.2,17.153720685928846
3273.4,17.241909569996338
3273.6,17.39638457950026
3273.8,16.911720353367834
3274.0,16.85267061269621
3274.2,17.983688526720357
3274.4,17.454066944338532
3274.6,18.24449190384621
3274.8,19.870901073271906
3275.0,18.408427925594847
3275.2,17.818076030726363
3275.4,17.031220532896747
3275.6,16.58035410262823
3275.8,17.27444803354329
3276.0,17.58478356745147
3276.2,17.47437421476201
3276.4,18.749307497162377
3276.6,17.448764462746155
3276.8,16.850918623477856
3277.0,16.1099433393612
3277.2,16.63551437951739
3277.4,16.37171780910238
3277.6,17.203516068203406
3277.8,17.366995598700157
3278.0,18.54507905064497
3278.2,18.4496152577135
3278.4,18.25635118026978
3278.6,18.04292140736805
3278.8,18.643031351750206
3279.0,18.49744857421477
3279.2,17.651509867801543
3279.4,18.15696570345623
3279.6,17.517808996258612
3279.8,17.549225498906008
3280.0,17.264461248395047
3280.2,17.25625051904114
3280.4,16.512359887131833
3280.6,17.94057784787341
3280.8,18.134512591911403
3281.0,18.008900002693156
3281.2,17.403472556531888
3281.4,17.77687759055089
3281.6,17.8998171109478
3281.8,18.229852954140167
3282.0,17.67605612069247
3282.2,18.309818832796203
3282.4,19.19691146923769
3282.6,19.211468691204665
3282.8,19.562224679264187
3283.0,20.295965890231056
3283.2,19.33749798069924
3283.4,19.598180187353826
3283.6,19.107558547193022
3283.8,20.491304125635352
3284.0,21.189171543810016
3284.2,19.709178183930646
3284.4,21.039636614092778
3284.6,20.6886210818174
3284.8,20.116874647580637
3285.0,19.72780218062796
3285.2,20.631229052734113
3285.4,20.618192115426226
3285.6,20.33027927186279
3285.8,20.196441892347124
3286.0,20.49956416175406
3286.2,20.130693361544786
3286.4,20.80185606419265
3286.6,20.455350597582985
3286.8,19.846672087845867
3287.0,20.238836291044397
3287.2,20.264503632234533
3287.4,19.879859395291387
3287.6,20.100825771822628
3287.8,19.661215364066823
3288.0,19.142420228417613
3288.2,18.65770317514905
3288.4,17.816217396067017
3288.6,18.128871592021113
3288.8,18.197283039720876
3289.0,17.962780338508367
3289.2,17.57863669057239
3289.4,17.77274244952426
3289.6,17.632464176682866
3289.8,18.443444947395196
3290.0,17.846958142974167
3290.2,18.01148395896221
3290.4,18.231222952602653
3290.6,16.6738397824312
3290.8,16.374190802041625
3291.0,16.625408652546355
3291.2,17.225130600329955
3291.4,17.801504793256843
3291.6,18.295034990909258
3291.8,17.65937123305347
3292.0,17.4756470997895
3292.2,17.01546788725837
3292.4,17.661684218339687
3292.6,16.33665246747747
3292.8,16.584068079211736
3293.0,16.38740950180344
3293.2,16.30263672709799
3293.4,15.93695586339711
3293.6,16.77536058454814
3293.8,17.30932765177075
3294.0,17.386167765665622
3294.2,17.987726086429884
3294.4,18.197206882334427
3294.6,18.19094122371547
3294.8,17.98920281435523
3295.0,18.14388995810244
3295.2,18.204665117733782
3295.4,17.577528628058342
3295.6,17.383943992902218
3295.8,17.86844924499744
3296.0,17.409590179092174
3296.2,17.52747386262509
3296.4,17.94253820216781
3296.6,17.341719445971233
3296.8,18.045392070937393
3297.0,17.85282174511563
3297.2,17.44028575524198
3297.4,17.646800538609856
3297.6,17.1270132620294
3297.8,17.390874904010797
3298.0,17.021590793164087
3298.2,17.150419010518416
3298.4,16.79687980458067
3298.6,17.090265733522443
3298.8,16.55526220285625
3299.0,15.82654341482078
3299.2,15.908314829831449
3299.4,15.674427658302392
3299.6,15.288074072902953
3299.8,15.61400884807986
3300.0,15.40414030349938
3300.2,14.735709236943508
3300.4,15.401752187264906
3300.6,15.351152962743672
3300.8,15.176163484052697
3301.0,15.341441877594573
3301.2,15.55610831812341
3301.4,15.388975594708882
3301.6,15.145188456874834
3301.8,15.071539216467402
3302.0,15.026001580279257
3302.2,15.141016163160339
3302.4,15.065652560186024
3302.6,15.467243134038853
3302.8,15.20256687891953
3303.0,15.90927104939758
3303.2,16.59348484248574
3303.4,16.775319789750117
3303.6,16.339058658461724
3303.8,15.950487579212316
3304.0,16.209231269148432
3304.2,15.765469956246811
3304.4,15.275927992771202
3304.6,15.983347227900586
3304.8,15.969255856799593
3305.0,15.32133124053293
3305.2,15.04615924233325
3305.4,15.472822860402944
3305.6,15.22905775254372
3305.8,15.235120385082281
3306.0,15.07678819487218
3306.2,15.486325119440234
3306.4,15.828936557977828
3306.6,15.316689971775348
3306.8,15.771873006223718
3307.0,15.918606983778822
3307.2,15.782533041656135
3307.4,15.633529876922559
3307.6,16.32017134725568
3307.8,16.608913609906043
3308.0,16.795988993770248
3308.2,17.284369983974496
3308.4,17.88263282080919
3308.6,17.395058607682024
3308.8,17.138955413535825
3309.0,16.679313587639655
3309.2,16.58711688720133
3309.4,17.212437218952793
3309.6,16.812326769639313
3309.8,17.096336168323496
3310.0,16.714846071974836
3310.2,15.99601029311719
3310.4,15.791639930331968
3310.6,16.231539655684273
3310.8,16.712896302443866
3311.0,16.9536754528785
3311.2,16.74819555709233
3311.4,16.235631158994202
3311.6,15.847780836441279
3311.8,15.5803440835244
3312.0,15.955912605548924
3312.2,16.995159259854134
3312.4,16.84018887988398
3312.6,16.923336551231973
3312.8,16.995445227551095
3313.0,17.20202346762498
3313.2,16.991291144684475
3313.4,16.20151532139651
3313.6,15.967316101224608
3313.8,16.947293728355604
3314.0,16.705030555427456
3314.2,17.351473357059817
3314.4,17.80635565563306
3314.6,17.68623199415295
3314.8,17.17228804270873
3315.0,17.185895530787775
3315.2,17.411203014330074
3315.4,17.606443157209046
3315.6,16.786361543508587
3315.8,16.69310142570123
3316.0,16.498728497431674
3316.2,17.108664975208587
3316.4,16.806884552789075
3316.6,16.50502679221333
3316.8,16.562198283900383
3317.0,15.977452008921595
3317.2,16.02841354375837
3317.4,15.795217088281072
3317.6,15.59436639922221
3317.8,15.1973800076994
3318.0,15.231592764442329
3318.2,15.441998982247263
3318.4,15.245526289893522
3318.6,16.10705000152183
3318.8,16.00109969514957
3319.0,16.443993660035762
3319.2,16.7330310699601
3319.4,16.42849300766836
3319.6,16.902379748855818
3319.8,17.372468060813265
3320.0,17.653337826809516
3320.2,17.94864105056745
3320.4,17.60793400064222
3320.6,17.894820581320843
3320.8,17.085796561676585
3321.0,17.0325653635863
3321.2,16.805321335971378
3321.4,17.032342473869758
3321.6,16.62502697415184
3321.8,16.980564562094337
3322.0,17.037820205374828
3322.2,17.116052606797922
3322.4,16.953324627145033
3322.6,17.301531305905435
3322.8,16.72932105940894
3323.0,16.905408456371585
3323.2,16.813204036586196
3323.4,16.783319426564617
3323.6,17.417452761241844
3323.8,16.883837642258058
3324.0,16.639094399865325
3324.2,16.519727287957913
3324.4,16.75959847088587
3324.6,16.790974681346974
3324.8,16.949727740298602
3325.0,17.13125949258153
3325.2,17.71631715032179
3325.4,17.21726403455784
3325.6,16.97427454492861
3325.8,16.142126161475748
3326.0,16.35184842249677
3326.2,16.490876455334977
3326.4,16.338323295365715
3326.6,16.54221596603805
3326.8,16.313049598032894
3327.0,16.610410393203093
3327.2,16.382690795217876
3327.4,16.703221020972755
3327.6,15.706224170773073
3327.8,15.428640594403639
3328.0,15.925365356895398
3328.2,15.418312127305674
3328.4,15.707784742041804
3328.6,15.653515837956668
3328.8,15.267973555991777
3329.0,15.439150218460815
3329.2,16.20183160611607
3329.4,16.501088511017283
3329.6,16.73266604324047
3329.8,16.809666169151857
3330.0,17.350115586872835
3330.2,17.929822432212614
3330.4,17.695612511280927
3330.6,17.33947976241914
3330.8,18.320821052810366
3331.0,17.754031740530618
3331.2,16.889271380015774
3331.4,17.303791883410376
3331.6,17.468335853123786
3331.8,17.156475394340404
3332.0,17.427737779977274
3332.2,17.749140087866063
3332.4,17.886127689621727
3332.6,17.99435809167123
3332.8,17.69814789432178
3333.0,17.705175890483495
3333.2,18.15024623493083
3333.4,17.695751526895393
3333.6,17.408614376675384
3333.8,17.86972024206611
3334.0,17.244927970075764
3334.2,16.69380872867144
3334.4,16.482160672094125
3334.6,16.52611077455917
3334.8,16.416068403061196
3335.0,16.784509968113966
3335.2,16.88485638622354
3335.4,17.470078171898493
3335.6,17.728974483315895
3335.8,17.34108305160325
3336.0,17.292960520491437
3336.2,17.617408915605328
3336.4,16.445700219305014
3336.6,15.809115164131587
3336.8,16.294784930150712
3337.0,16.534533630048777
3337.2,16.720172264984715
3337.4,16.43200884230037
3337.6,16.642328388087428
3337.8,15.93762500882342
3338.0,16.133589298053334
3338.2,15.827534070850964
3338.4,16.785540769485937
3338.6,16.3082025840652
3338.8,16.40731455666298
3339.0,17.08602647208791
3339.2,17.223541166803642
3339.4,16.805049316741588
3339.6,17.399935836433013
3339.8,17.59127471135729
3340.0,17.947589431867712
3340.2,17.393324738749673
3340.4,17.730591869797497
3340.6,17.847721920986316
3340.8,17.483502875123097
3341.0,17.02612794948839
3341.2,17.886129266465048
3341.4,16.694878991658896
3341.6,17.200538834607606
3341.8,16.557518279468823
3342.0,16.290074390363106
3342.2,16.526043474844197
3342.4,16.123033168400976
3342.6,16.73041327717633
3342.8,17.21526151111515
3343.0,17.447776188778942
3343.2,18.195436225209466
3343.4,17.933175063231047
3343.6,18.57831919357784
3343.8,18.734331667008256
3344.0,17.839446403071626
3344.2,17.972649863230938
3344.4,18.093393133930523
3344.6,17.047732175198835
3344.8,17.06652514273275
3345.0,16.56450947555354
3345.2,17.102247803358562
3345.4,16.09030142896043
3345.6,16.24014649327333
3345.8,16.821848279572052
3346.0,16.035649264302968
3346.2,16.212685172516274
3346.4,16.037736124097506
3346.6,16.20458016105297
3346.8,16.41643329827329
3347.0,16.09021561127698
3347.2,15.893470472781166
3347.4,15.682246666505446
3347.6,15.353655044516596
3347.8,14.948188765667677
3348.0,15.680797461646357
3348.2,15.696157446867083
3348.4,16.175017193960514
3348.6,16.632422177420338
3348.8,16.808648054474485
3349.0,16.985048908399108
3349.2,16.393231392065942
3349.4,16.5897213098526
3349.6,17.030829019643683
3349.8,16.49705228101918
3350.0,17.43893212678238
3350.2,16.233086693443116
3350.4,15.525989305959902
3350.6,16.325729681353096
3350.8,16.30248247157319
3351.0,15.818374339585263
3351.2,16.040426741229243
3351.4,16.299692149268875
3351.6,16.5716552928229
3351.8,16.32334012403145
3352.0,16.84146417069076
3352.2,17.029473549419233
3352.4,17.057144824746764
3352.6,16.86751230389992
3352.8,16.78824195990196
3353.0,17.053998127188446
3353.2,16.70755011614267
3353.4,16.58584710164624
3353.6,16.341708794433696
3353.8,16.350183849496652
3354.0,17.203558384549705
3354.2,17.669481036058063
3354.4,17.739363406950833
3354.6,18.119378300715354
3354.8,17.9763855846064
3355.0,17.708557761059925
3355.2,17.647471121073185
3355.4,16.78209132939458
3355.6,16.843759427823745
3355.8,17.106047023843278
3356.0,17.369787442291887
3356.2,18.110875359680605
3356.4,18.167251350920786
3356.6,17.913664010445626
3356.8,18.00057817949329
3357.0,18.12549177692571
3357.2,17.752074528802762
3357.4,17.130143943436625
3357.6,16.707979077203326
3357.8,16.663051294761644
3358.0,16.461354285222374
3358.2,16.51033997226537
3358.4,16.75759817214358
3358.6,16.456931568548264
3358.8,16.369790320036554
3359.0,16.60737108054699
3359.2,16.276335536375985
3359.4,16.537588895562763
3359.6,17.385711848003414
3359.8,17.291615945889156
3360.0,17.059057521018236
3360.2,16.76772551914537
3360.4,16.722217455465515
3360.6,16.781569984336947
3360.8,15.93134279068565
3361.0,15.97148323735843
3361.2,16.1689588863018
3361.4,17.240632309648344
3361.6,17.716966847428893
3361.8,18.088445984233534
3362.0,18.29863189451449
3362.2,17.776672748450558
3362.4,17.318822313728298
3362.6,16.781597099654388
3362.8,17.306660378942034
3363.0,16.791837707325808
3363.2,17.42886781183352
3363.4,17.710340634376657
3363.6,17.86493041498357
3363.8,17.33548374666739
3364.0,17.240811434696855
3364.2,16.559640127808997
3364.4,17.562706774436933
3364.6,17.41358248658183
3364.8,17.088789910074016
3365.0,16.963524496380934
3365.2,17.019049415270164
3365.4,16.033230876783914
3365.6,16.456982837161014
3365.8,16.869157104920152
3366.0,17.05987283497683
3366.2,17.446200600990263
3366.4,17.375925945315817
3366.6,17.268418230574618
3366.8,16.890988670462885
3367.0,17.02315939606738
3367.2,17.685884884032237
3367.4,17.591256574712585
3367.6,17.70454599339612
3367.8,17.468195698680823
3368.0,16.92976774035239
3368.2,16.917430855423255
3368.4,17.34642864976395
3368.6,18.36445545309961
3368.8,17.086077772526362
3369.0,17.0569225100246
3369.2,16.748365315694123
3369.4,16.662414485925193
3369.6,16.755555351596044
3369.8,16.050307676257095
3370.0,16.397960281816033
3370.2,16.424649955837374
3370.4,16.109046720368887
3370.6,16.407685791061976
3370.8,15.78423791533194
3371.0,16.553431526737636
3371.2,16.06897861878477
3371.4,15.83073472852053
3371.6,16.630737058865176
3371.8,17.44456482012136
3372.0,18.083425999138417
3372.2,17.8434154098982
3372.4,17.657046344173814
3372.6,17.16907382901628
3372.8,17.116101001499143
3373.0,17.6486520580329
3373.2,17.72660365092352
3373.4,17.82494755183713
3373.6,17.919945110725
3373.8,17.154407840831084
3374.0,16.831342412654212
3374.2,16.532550522194896
3374.4,16.361033447936197
3374.6,16.28276489153378
3374.8,16.621514227661255
3375.0,16.74008084988473
3375.2,16.22521276982678
3375.4,17.286279106043754
3375.6,17.84915184002945
3375.8,17.987773866975886
3376.0,18.276072850860448
3376.2,17.385089287290466
3376.4,17.114596316249717
3376.6,15.516545028947428
3376.8,15.987497333412588
3377.0,16.40506406370281
3377.2,17.30026791969734
3377.4,16.603987340210185
3377.6,16.927479179225497
3377.8,17.052250019062335
3378.0,16.624805178507856
3378.2,17.01500603469517
3378.4,16.66530474483393
3378.6,15.793417394731344
3378.8,15.817253765097472
3379.0,16.41529964268597
3379.2,16.071387343502067
3379.4,16.43317700992909
3379.6,15.892560836000156
3379.8,16.45482662525032
3380.0,16.50096168524392
3380.2,16.901306874454395
3380.4,16.396607299082497
3380.6,16.152702300640872
3380.8,15.7873950790097
3381.0,16.042391862451645
3381.2,16.3963529050516
3381.4,16.3274223941585
3381.6,16.484802362983764
3381.8,15.740103753178724
3382.0,15.947626369000641
3382.2,15.903059609435266
3382.4,15.414993690902023
3382.6,15.99626464172726
3382.8,16.86252207911948
3383.0,17.181446083343914
3383.2,18.155029831560697
3383.4,17.54954784679089
3383.6,17.647573204209696
3383.8,17.376671959504943
3384.0,17.39317703396503
3384.2,17.333387003868275
3384.4,17.639169320074817
3384.6,17.18751453390027
3384.8,15.875859118096221
3385.0,16.349115122835055
3385.2,15.778075793142758
3385.4,16.949881020562025
3385.6,16.44672509028861
3385.8,15.966393202799143
3386.0,16.5532064166408
3386.2,16.863202909820533
3386.4,15.8169872266053
3386.6,16.21213685141957
3386.8,16.58181886873123
3387.0,16.295832855813558
3387.2,16.486185195836384
3387.4,16.297118378271872
3387.6,16.759512426896055
3387.8,15.9889951264155
3388.0,16.120173291504507
3388.2,17.204634021738702
3388.4,17.56663412254405
3388.6,17.28774670368503
3388.8,16.602083512611998
3389.0,17.3046829030498
3389.2,16.50863617978166
3389.4,17.28711452386425
3389.6,16.792067158783205
3389.8,16.53542207807184
3390.0,16.116047712173916
3390.2,16.00802594150952
3390.4,16.1521937163261
3390.6,15.823994254091104
3390.8,15.94982394689611
3391.0,15.829225045245007
3391.2,14.976835532309039
3391.4,15.651707414357576
3391.6,16.03471218242065
3391.8,16.33851413174044
3392.0,17.419236904495108
3392.2,17.28600205630739
3392.4,17.965895399179153
3392.6,17.824522764582163
3392.8,17.656985238406534
3393.0,18.181154472961076
3393.2,17.966974758118567
3393.4,17.63370095687119
3393.6,17.589053681678873
3393.8,16.22270129135743
3394.0,16.270891225516326
3394.2,17.509945436914663
3394.4,17.310344452658565
3394.6,16.700832296175165
3394.8,17.830549937141782
3395.0,17.572105095369437
3395.2,18.363637173324673
3395.4,18.222049383383396
3395.6,17.287387961032973
3395.8,18.29772137257184
3396.0,18.189012173718314
3396.2,17.424174198383152
3396.4,17.30766703617047
3396.6,17.957079197774434
3396.8,17.097275774113548
3397.0,17.204557889723993
3397.2,17.364610217809794
3397.4,17.329613710497885
3397.6,17.464262596547865
3397.8,17.502193511563473
3398.0,16.7692548518643
3398.2,16.73911927038633
3398.4,16.70581978744768
3398.6,17.036177593549453
3398.8,17.193790329698903
3399.0,16.603977115372007
3399.2,17.37156470625772
3399.4,17.351821773979637
3399.6,17.78611456019588
3399.8,17.208228389494906
3400.0,17.59689964101718
3400.2,16.89366271623111
3400.4,16.881946232470575
3400.6,16.526129267363782
3400.8,17.208826611457976
3401.0,17.216295950259337
3401.2,17.064125565240346
3401.4,16.927229684272383
3401.6,16.933542897242702
3401.8,16.754046361663086
3402.0,16.75773226785954
3402.2,16.561813514519944
3402.4,16.972921308842206
3402.6,16.46239593506855
3402.8,16.63630141874714
3403.0,16.359065646532326
3403.2,15.846652584265561
3403.4,16.223810892904456
3403.6,16.043505974423642
3403.8,16.306002068426984
3404.0,16.060431371098296
3404.2,16.214155129657605
3404.4,16.05557204006231
3404.6,15.714950631667417
3404.8,15.717096740071074
3405.0,16.066579882259184
3405.2,16.411202982703518
3405.4,15.89724502218592
3405.6,16.382900621884808
3405.8,16.277773975146488
3406.0,16.881327410679717
3406.2,16.27122848636073
3406.4,17.235294981740097
3406.6,16.929703354957276
3406.8,17.324070775164707
3407.0,17.646579655181903
3407.2,17.13206559870199
3407.4,16.985942854919426
3407.6,17.10619690155021
3407.8,17.17968814650897
3408.0,16.831722897917828
3408.2,16.936202280053656
3408.4,17.041599897508046
3408.6,16.417007952846912
3408.8,16.619966532357182
3409.0,16.3446567949659
3409.2,16.72356983313517
3409.4,16.626638719896437
3409.6,16.66366289076858
3409.8,16.947711970294264
3410.0,16.355642464001722
3410.2,15.984748637103689
3410.4,17.00102202981971
3410.6,16.469626728937936
3410.8,17.023740740757802
3411.0,17.028472205536133
3411.2,16.96462976413035
3411.4,17.486294356202798
3411.6,17.328382619309856
3411.8,17.180935101127563
3412.0,17.291037370113646
3412.2,16.255323845741945
3412.4,16.450786268925736
3412.6,16.37610257988535
3412.8,16.344689103645585
3413.0,16.914078737258077
3413.2,16.690603678163175
3413.4,16.542013527369523
3413.6,16.996349126295595
3413.8,17.190537987650554
3414.0,17.12382377178059
3414.2,16.32880480114425
3414.4,16.05083016824577
3414.6,16.05304692506091
3414.8,16.639233866330116
3415.0,16.490941666169885
3415.2,16.478498219779127
3415.4,16.527953983843066
3415.6,17.06417320579266
3415.8,16.63999731212239
3416.0,16.89346211048371
3416.2,17.125144359600004
3416.4,16.451798491058952
3416.6,16.707155610324364
3416.8,16.76149525607901
3417.0,16.466343220660143
3417.2,16.46049524739616
3417.4,16.43377145436709
3417.6,16.56308422379315
3417.8,16.117595086739975
3418.0,16.223052507228527
3418.2,16.423531850445595
3418.4,16.076033225825487
3418.6,15.962516225021847
3418.8,15.888495611744034
3419.0,15.892100399148177
3419.2,16.091845233326037
3419.4,15.947573397429611
3419.6,16.18847637692926
3419.8,15.815135888779228
3420.0,16.14167412949024
3420.2,15.827085685184336
3420.4,16.242460089174827
3420.6,16.144067858060115
3420.8,16.47835881531708
3421.0,16.341346710526597
3421.2,16.12223632575674
3421.4,16.661933640909297
3421.6,16.593859802804214
3421.8,16.588400307369074
3422.0,16.194528182445904
3422.2,16.82026035136357
3422.4,17.16713980428279
3422.6,17.010374247259758
3422.8,17.301320535078425
3423.0,17.19772656879269
3423.2,17.67231495154959
3423.4,18.1763379047714
3423.6,18.099385877080184
3423.8,17.919620416418493
3424.0,17.264239430624716
3424.2,17.279219056935872
3424.4,17.0913065991343
3424.6,16.530005275248993
3424.8,16.861034577350374
3425.0,16.946688232039524
3425.2,17.317690346753498
3425.4,17.17566394869103
3425.6,17.65481441830083
3425.8,16.865533411804975
3426.0,17.719981664580988
3426.2,17.644680998674954
3426.4,17.546038095261395
3426.6,17.249972762072908
3426.8,17.083229469673434
3427.0,16.58339435046289
3427.2,16.840167042202403
3427.4,16.587471740697776
3427.6,16.911353041598378
3427.8,16.38857283886541
3428.0,17.212950550412362
3428.2,17.54370880258907
3428.4,17.73347024291427
3428.6,17.938933716937672
3428.8,17.011012559985584
3429.0,17.15423559484252
3429.2,16.867221478483184
3429.4,16.41925753812756
3429.6,16.44151852021927
3429.8,15.614957113439162
3430.0,16.26062074011856
3430.2,15.609521594798812
3430.4,15.448364262106093
3430.6,15.656735128109311
3430.8,16.605343209195947
3431.0,16.479570360035883
3431.2,16.488629828507108
3431.4,16.030087804503715
3431.6,16.051114153911186
3431.8,15.561352371463176
3432.0,15.668137876133688
3432.2,15.798076809273145
3432.4,15.356364208404116
3432.6,15.806278068378937
3432.8,15.919371751916822
3433.0,15.817902143837541
3433.2,15.990239368542763
3433.4,16.677330590775924
3433.6,16.421050846858453
3433.8,16.357572048533655
3434.0,16.60431440979689
3434.2,16.463482359008708
3434.4,16.002508195687415
3434.6,15.5891004334281
3434.8,15.818816881658611
3435.0,15.795671429528541
3435.2,15.705156695577706
3435.4,15.48713899345607
3435.6,16.226822253082563
3435.8,15.687322622257014
3436.0,16.279652176247822
3436.2,16.27332617789529
3436.4,16.196263762115606
3436.6,16.4194941494437
3436.8,16.383845935714053
3437.0,16.549121663690116
3437.2,16.418322640252153
3437.4,15.610415153243443
3437.6,15.627033150654972
3437.8,15.419416402224142
3438.0,15.680296965403127
3438.2,15.179160984172436
3438.4,15.24905308742981
3438.6,15.231172408808115
3438.8,15.317707036795436
3439.0,15.207997689031032
3439.2,15.62217538120253
3439.4,15.789316381143948
3439.6,16.00035887075105
3439.8,15.737127906541046
3440.0,15.169613564894497
3440.2,15.688806730299888
3440.4,15.88254193424384
3440.6,15.155189470928786
3440.8,15.12985029838448
3441.0,15.131494179878047
3441.2,16.16030965753183
3441.4,16.16588814790046
3441.6,15.692369479374388
3441.8,15.459819845539247
3442.0,15.482672217627174
3442.2,15.434751700399541
3442.4,15.40137038474348
3442.6,15.568110001825197
3442.8,15.634562483480416
3443.0,15.702420141020298
3443.2,16.170127807276437
3443.4,16.256204394573977
3443.6,16.118460593292852
3443.8,16.23184514169452
3444.0,15.670317073804384
3444.2,15.672277583209171
3444.4,15.685778353506292
3444.6,16.110882070712172
3444.8,16.07100883667581
3445.0,16.231078550627693
3445.2,15.807246665503394
3445.4,15.990774985150276
3445.6,15.700497174191314
3445.8,15.79283049494702
3446.0,15.788187059133751
3446.2,16.35039095048214
3446.4,16.0559189941351
3446.6,15.945705927802894
3446.8,16.16363879818944
3447.0,16.519703610855526
3447.2,16.333444323391785
3447.4,16.059618948882736
3447.6,16.132893037433018
3447.8,15.978670920899518
3448.0,15.666352070628394
3448.2,16.088338317787382
3448.4,15.987028719945936
3448.6,16.093384500722607
3448.8,16.817615752642205
3449.0,17.025092644811835
3449.2,16.657181357975187
3449.4,17.104648830747877
3449.6,17.221807911227142
3449.8,17.33516252859777
3450.0,16.77547678934086
3450.2,15.723158968179856
3450.4,16.099477352240736
3450.6,16.71598134121114
3450.8,17.033483101491548
3451.0,16.27727250012067
3451.2,16.675580540360073
3451.4,16.293195698742643
3451.6,16.093774571426618
3451.8,16.711056350464215
3452.0,17.47160458067481
3452.2,16.873516698018186
3452.4,17.333084428155935
3452.6,17.507422630851565
3452.8,17.209532120211644
3453.0,17.434275408170333
3453.2,16.862702867575152
3453.4,17.10006572689552
3453.6,16.413620708860346
3453.8,16.243357971379695
3454.0,16.21245736150365
3454.2,16.341336162363984
3454.4,16.64045953720748
3454.6,16.691274223706397
3454.8,16.943044615475532
3455.0,17.268279963437987
3455.2,16.386316455025344
3455.4,16.166331231815132
3455.6,16.60689409460272
3455.8,16.926109262999617
3456.0,17.30678980124115
3456.2,16.093070157264485
3456.4,16.310081702023645
3456.6,15.452609646534825
3456.8,14.899365161735073
3457.0,15.019999971401912
3457.2,15.279755391858584
3457.4,15.308722151621115
3457.6,14.740254074404861
3457.8,15.075869315565
3458.0,15.914223749134646
3458.2,17.032419386440377
3458.4,16.89012421809069
3458.6,17.350507669600447
3458.8,17.46814461237198
3459.0,16.57153030167087
3459.2,17.01126137653364
3459.4,16.8482440026763
3459.6,16.647187951664367
3459.8,16.842423464068123
3460.0,17.204312130826885
3460.2,16.395785010195706
3460.4,16.961264094657352
3460.6,16.988625540074022
3460.8,17.238433005440022
3461.0,17.1548809986294
3461.2,17.304943339646382
3461.4,16.83567684930224
3461.6,16.223471971008763
3461.8,16.99362463944857
3462.0,16.257914907306244
3462.2,16.66105772422628
3462.4,17.340794765553056
3462.6,17.53020537915421
3462.8,17.538900147033026
3463.0,17.430953492292
3463.2,17.755741734045387
3463.4,17.69958689819365
3463.6,18.64854985502574
3463.8,17.514529857701643
3464.0,17.456713302212613
3464.2,17.088894647560373
3464.4,16.666641086525537
3464.6,16.498590491280417
3464.8,16.48863089855984
3465.0,15.991550634841634
3465.2,16.264631598843827
3465.4,16.527642409289452
3465.6,16.402374551580543
3465.8,17.46682451711553
3466.0,16.93890785515526
3466.2,17.363567937226293
3466.4,17.4743487501356
3466.6,17.85185374314972
3466.8,17.145399092965818
3467.0,17.419324297183273
3467.2,17.105167698699468
3467.4,17.09945724445664
3467.6,17.025044958386463
3467.8,16.983646068596347
3468.0,17.234072094627145
3468.2,17.544830872152126
3468.4,16.773391523889206
3468.6,17.064370001182215
3468.8,16.02310414298327
3469.0,16.933313121725575
3469.2,17.578518466291953
3469.4,17.65157692165815
3469.6,17.895231569157037
3469.8,17.36822470165789
3470.0,17.258068557593297
3470.2,17.805052854968014
3470.4,17.10920511080821
3470.6,17.39486802034924
3470.8,17.707360070948035
3471.0,18.800763065243785
3471.2,18.77145635636599
3471.4,17.940225446592823
3471.6,18.06819143415584
3471.8,18.9227913322568
3472.0,18.7368008485535
3472.2,18.364125490024954
3472.4,17.913401832716488
3472.6,18.34758732129312
3472.8,18.825648517988498
3473.0,17.79565311685545
3473.2,17.900898098856963
3473.4,17.319817117106325
3473.6,17.19013627873934
3473.8,17.37298006844755
3474.0,16.87219099614171
3474.2,16.615347865174904
3474.4,16.718559814718986
3474.6,17.01014407015592
3474.8,16.525362488626453
3475.0,16.457283633929528
3475.2,17.032698166206387
3475.4,16.67891078441906
3475.6,16.968215198181788
3475.8,16.66943714059847
3476.0,17.177591363953592
3476.2,17.310024243688357
3476.4,16.727209065328783
3476.6,16.32662226107302
3476.8,16.554165182022228
3477.0,16.317665548164282
3477.2,15.891111581464594
3477.4,15.951274580888539
3477.6,15.17020034172643
3477.8,15.336112959662579
3478.0,15.024792273614214
3478.2,14.566589756289808
3478.4,14.628451652183703
3478.6,14.879322280581238
3478.8,14.625445253341208
3479.0,14.299525412277314
3479.2,14.332458422414017
3479.4,14.376962973547439
3479.6,14.27250353622818
3479.8,14.53653803318749
3480.0,15.030040872568879
3480.2,14.627073214987544
3480.4,15.094345477638617
3480.6,15.350601786283464
3480.8,15.341264734281417
3481.0,14.873944576986716
3481.2,15.227866279958322
3481.4,15.173279059643468
3481.6,14.851601929905158
3481.8,14.67782939757158
3482.0,14.859884345005138
3482.2,15.083636381882517
3482.4,14.845484462660817
3482.6,14.96819924554192
3482.8,14.766165853809012
3483.0,14.81367960658073
3483.2,15.619539559657174
3483.4,15.678381965679371
3483.6,15.155624498778266
3483.8,15.259332412713691
3484.0,15.692191906479051
3484.2,15.384239819500152
3484.4,15.34057678113455
3484.6,15.57026052940415
3484.8,15.693531200023399
3485.0,15.397080670767348
3485.2,16.367248415301646
3485.4,15.702596765940896
3485.6,15.084959584648214
3485.8,14.870656764662026
3486.0,14.821009533016147
3486.2,15.147719358655301
3486.4,15.267035444413633
3486.6,15.453085801129582
3486.8,15.955360419851829
3487.0,15.794014840016926
3487.2,15.440442939412955
3487.4,15.34845303425832
3487.6,15.570929125875622
3487.8,15.988997427599745
3488.0,15.727902891098394
3488.2,15.593126995016116
3488.4,15.636695435355435
3488.6,15.357199482547912
3488.8,15.463194128631862
3489.0,15.872688469163842
3489.2,16.27686915854611
3489.4,16.516637940932732
3489.6,16.66421626626458
3489.8,16.204455510853823
3490.0,15.807732279789573
3490.2,15.051163662990367
3490.4,15.476558329233864
3490.6,15.406302396976432
3490.8,15.294959344963901
3491.0,14.86639669608224
3491.2,15.315138199439005
3491.4,16.1357335718464
3491.6,15.601347214112112
3491.8,15.913286718592987
3492.0,15.136214267928732
3492.2,15.862829063554567
3492.4,15.991618347002365
3492.6,15.38015911538561
3492.8,15.976185529363072
3493.0,15.282206118376866
3493.2,15.646370768126392
3493.4,15.916946673052303
3493.6,15.788451708879778
3493.8,15.039901795537162
3494.0,15.667884011677016
3494.2,16.152433251634367
3494.4,16.4105514160609
3494.6,15.714705568891942
3494.8,15.47865504624329
3495.0,15.18657375103292
3495.2,15.087997275800065
3495.4,15.07122122441926
3495.6,15.17394761984486
3495.8,15.164860179250425
3496.0,15.47631259138005
3496.2,15.114523542629893
3496.4,15.048206721936237
3496.6,15.16792380629213
3496.8,15.489835358823987
3497.0,15.211377498784334
3497.2,15.401421330754015
3497.4,15.31789121117212
3497.6,15.406936220932995
3497.8,15.424332622045501
3498.0,15.83172612549221
3498.2,15.480527777697887
3498.4,15.600506211832048
3498.6,15.405130487598734
3498.8,15.499886266291014
3499.0,15.524370241762329
3499.2,15.639570386086007
3499.4,14.92211357618089
3499.6,15.224028141820746
3499.8,15.129013345878406
3500.0,15.223420727653128
3500.2,15.335508441616685
3500.4,15.276620090233173
3500.6,15.538001411899156
3500.8,15.207250518739057
3501.0,15.14991319215601
3501.2,15.177833658827993
3501.4,15.193917429294935
3501.6,15.340947499556064
3501.8,15.129016219739347
3502.0,15.448941742562024
3502.2,15.287687487438903
3502.4,15.494850260522632
3502.6,15.099259412317698
3502.8,15.06902982998943
3503.0,15.062293671807055
3503.2,15.012647307752395
3503.4,15.281341311492461
3503.6,15.38322988871052
3503.8,15.477172821380867
3504.0,15.545196657214152
3504.2,15.34680114967771
3504.4,15.240756541861469
3504.6,15.019238246324441
3504.8,15.247809846185575
3505.0,15.488094995200658
3505.2,15.607733995148067
3505.4,15.259988241676691
3505.6,15.039753017815482
3505.8,15.003952405884018
3506.0,15.329131122750459
3506.2,15.395368973422583
3506.4,14.767569751964269
3506.6,14.652992513940394
3506.8,14.329308432355635
3507.0,14.406514472880668
3507.2,14.521768016244334
3507.4,14.534183765591258
3507.6,14.588251293174599
3507.8,14.389610413993228
3508.0,14.918868042920781
3508.2,14.92518533992371
3508.4,14.443956170302615
3508.6,14.66618048052111
3508.8,14.722352257547477
3509.0,14.629469874466235
3509.2,14.677623948372343
3509.4,14.77961378516599
3509.6,14.777723566999514
3509.8,14.723629279509389
3510.0,14.803159270002082
3510.2,14.760121337190999
3510.4,14.669490275947368
3510.6,14.353599997696243
3510.8,15.013028593159177
3511.0,15.1526822708804
3511.2,15.089804168425553
3511.4,14.747709953442687
3511.6,15.21527995837699
3511.8,14.772193368699075
3512.0,14.55342447465507
3512.2,14.941990740448805
3512.4,14.750703204706824
3512.6,15.123676691475357
3512.8,15.015942622480129
3513.0,15.546754020534582
3513.2,15.26910927669935
3513.4,16.381166018129218
3513.6,16.369375924198355
3513.8,15.898820089701399
3514.0,16.554406867891874
3514.2,17.151203385676347
3514.4,16.726875838352996
3514.6,17.179327235285175
3514.8,16.794293659791457
3515.0,16.358718003594632
3515.2,16.002195348658056
3515.4,16.16186862665724
3515.6,15.461502797051718
3515.8,16.288428735949292
3516.0,16.182144763220265
3516.2,16.024983198728783
3516.4,16.06299726456774
3516.6,16.20889800115124
3516.8,16.185297860074567
3517.0,15.884190537658892
3517.2,15.391620453061368
3517.4,15.270695800313343
3517.6,16.191749607259144
3517.8,17.147461586560233
3518.0,15.935751639817326
3518.2,15.631990106194138
3518.4,15.181719728080612
3518.6,15.205545856744344
3518.8,15.568686387155084
3519.0,15.670805630114643
3519.2,16.063521280044913
3519.4,16.83212898097081
3519.6,16.601532563925147
3519.8,16.39971375030639
3520.0,16.271004496178612
3520.2,15.956738072357645
3520.4,16.884857245273995
3520.6,17.624083331783655
3520.8,17.88967949000741
3521.0,17.266191118389674
3521.2,16.982237328494406
3521.4,17.293923969700757
3521.6,16.936062497908175
3521.8,16.529829403049987
3522.0,16.513696407687316
3522.2,16.926265858819505
3522.4,16.838851379013416
3522.6,15.757360389365903
3522.8,16.422843609212016
3523.0,16.81406973681865
3523.2,16.93029357866157
3523.4,17.79913372846295
3523.6,17.2568415913807
3523.8,17.619086602817276
3524.0,17.340524536700723
3524.2,17.24593508283529
3524.4,17.620601575900665
3524.6,16.991615638341166
3524.8,17.089654738926704
3525.0,17.745080440258217
3525.2,17.591833609654778
3525.4,17.637266844526593
3525.6,17.67096535478546
3525.8,17.830462178285263
3526.0,17.53376589102285
3526.2,16.720514392126987
3526.4,17.054333798970426
3526.6,17.79228809417713
3526.8,17.280428900915155
3527.0,17.002639787440735
3527.2,16.694660444304247
3527.4,17.016373595846254
3527.6,17.371339269531674
3527.8,17.873392323541395
3528.0,17.427574080293407
3528.2,17.630164764915126
3528.4,17.357607610510158
3528.6,17.08230633425719
3528.8,17.23379989141478
3529.0,18.040358512715812
3529.2,17.507273111377764
3529.4,16.790544728648268
3529.6,16.89542271708821
3529.8,16.397841728789327
3530.0,15.924597841242418
3530.2,15.453402838758256
3530.4,16.106271943680074
3530.6,16.402141092370613
3530.8,17.07872622303887
3531.0,16.75646181443963
3531.2,16.019320653968823
3531.4,16.219845722340477
3531.6,15.652101498931842
3531.8,15.298199943910948
3532.0,16.162556494197045
3532.2,16.263529358014072
3532.4,15.649811156340876
3532.6,15.075535006163097
3532.8,16.364522515728144
3533.0,16.455406488206762
3533.2,16.070452332165047
3533.4,15.724838031671293
3533.6,15.73415547109649
3533.8,16.10867798734778
3534.0,16.035201679049965
3534.2,16.115441216348103
3534.4,15.906149867079995
3534.6,15.72754877932319
3534.8,15.6790063042237
3535.0,16.36959306150651
3535.2,16.282010887973343
3535.4,16.14546625035072
3535.6,15.396401406671904
3535.8,15.151855114490198
3536.0,15.206116756204505
3536.2,15.460223841444012
3536.4,15.863719815282638
3536.6,15.271773662229913
3536.8,15.351027542773965
3537.0,15.38791433396076
3537.2,14.984707493200442
3537.4,15.122611080787593
3537.6,14.5785964581834
3537.8,14.630196481360908
3538.0,14.503904156173157
3538.2,14.742183507843396
3538.4,14.551810312988609
3538.6,14.435625877286993
3538.8,14.583425107567576
3539.0,14.624199319985394
3539.2,14.385015826319032
3539.4,14.554697910388647
3539.6,14.690981380742151
3539.8,14.307115077726017
3540.0,14.504550068813597
3540.2,14.61744000315797
3540.4,14.450229365531289
3540.6,14.728541878992125
3540.8,14.773637343071066
3541.0,14.701038438293189
3541.2,14.954569887050697
3541.4,14.95782064267577
3541.6,14.716250435443223
3541.8,14.631530947404254
3542.0,14.56463878678784
3542.2,14.424062460219428
3542.4,14.454289647913672
3542.6,14.25587942335434
3542.8,14.473073911189523
3543.0,14.576923966932295
3543.2,14.40269581037964
3543.4,14.559482363378326
3543.6,14.505405822806608
3543.8,14.408325067323497
3544.0,14.398397575017494
3544.2,14.417513513504899
3544.4,14.47192084715173
3544.6,14.488775291311075
3544.8,14.645101774215147
3545.0,14.539590604255224
3545.2,14.125076400391842
3545.4,14.294670441806135
3545.6,14.026444828291657
3545.8,14.022237494711309
3546.0,14.024039850815528
3546.2,14.370939806807506
3546.4,14.435138895847693
3546.6,14.558254646665818
3546.8,14.678399335042043
3547.0,14.486701785954255
3547.2,14.36352085873972
3547.4,14.554510366917157
3547.6,14.353117020910624
3547.8,14.762753829218017
3548.0,14.714979733601254
3548.2,15.061265103614492
3548.4,15.110149660969963
3548.6,15.189159528723966
3548.8,14.790482226845201
3549.0,14.942202481069822
3549.2,15.159465039518352
3549.4,15.220016153681009
3549.6,15.506318163992297
3549.8,15.3340860954005
3550.0,15.139517714979892
3550.2,14.907586578115875
3550.4,15.008341223113508
3550.6,15.168424003199299
3550.8,14.914562312477315
3551.0,14.724389735882335
3551.2,15.00547967928689
3551.4,14.896781655020385
3551.6,15.027103541297262
3551.8,14.822394037685262
3552.0,14.481098186818404
3552.2,14.329981228339568
3552.4,14.586267081514437
3552.6,14.617341896765863
3552.8,14.48127244046864
3553.0,14.289812224736757
3553.2,14.313279238346796
3553.4,14.342592634684275
3553.6,14.301745445341332
3553.8,14.096524595319577
3554.0,14.277007645734232
3554.2,14.327468844085038
3554.4,14.316482489598252
3554.6,14.305236174226776
3554.8,14.22114379795489
3555.0,14.296097330504285
3555.2,14.214456403201039
3555.4,14.481709299464233
3555.6,14.287964026737273
3555.8,14.425477519683641
3556.0,14.336344788779115
3556.2,14.28841357548593
3556.4,14.12331939307685
3556.6,13.96359548824103
3556.8,14.472825535263318
3557.0,14.379618523367895
3557.2,14.260202739969692
3557.4,13.851064043121802
3557.6,14.059561462030972
3557.8,14.217723695563745
3558.0,14.126252653799785
3558.2,14.148069328920688
3558.4,14.311057224815238
3558.6,14.000063321738896
3558.8,14.241465232542911
3559.0,14.379678271823966
3559.2,14.178961149819198
3559.4,13.95148041561308
3559.6,13.99749185451679
3559.8,14.245645338740188
3560.0,14.29542447665823
3560.2,14.062089340556634
3560.4,14.183993405533052
3560.6,13.870758216056295
3560.8,14.053971666225152
3561.0,14.334439720293531
3561.2,14.173825228003988
3561.4,13.956027388006866
3561.6,14.068908747387976
3561.8,14.088064482390752
3562.0,14.175859874905223
3562.2,14.092728506927036
3562.4,14.075946001565537
3562.6,14.266987975868076
3562.8,14.412713966980405
3563.0,14.508427673826214
3563.2,14.279477615489606
3563.4,14.329816589998243
3563.6,14.276887598019849
3563.8,14.049515116946704
3564.0,14.512567049827744
3564.2,14.794336975957636
3564.4,14.998227517048123
3564.6,14.751508798496321
3564.8,14.883486117387417
3565.0,14.872148447968103
3565.2,14.51857092559273
3565.4,14.985606047971187
3565.6,14.939742984927609
3565.8,14.618248738870506
3566.0,14.5919220105208
3566.2,14.871908676230712
3566.4,14.995462171538549
3566.6,15.204093648694199
3566.8,15.559785209557708
3567.0,15.395704699479724
3567.2,15.510124766843651
3567.4,14.679618716049198
3567.6,14.521181080319819
3567.8,14.612864544168891
3568.0,14.667472485304016
3568.2,15.072251271140376
3568.4,15.263595213717311
3568.6,14.888791146541875
3568.8,14.902792090327699
3569.0,14.973010282594313
3569.2,14.663508791377355
3569.4,14.54687745254245
3569.6,14.453421316292449
3569.8,14.243842088195915
3570.0,14.680644840241971
3570.2,14.662986199109431
3570.4,14.568874237638944
3570.6,14.507754951033796
3570.8,14.508316279622179
3571.0,14.10802206613548
3571.2,14.281076265694722
3571.4,14.492034622113021
3571.6,14.38256072191949
3571.8,14.331787527464005
3572.0,14.472624776342037
3572.2,14.588942700295195
3572.4,14.37434721585133
3572.6,14.295239725905876
3572.8,14.391590409379988
3573.0,14.60983057076215
3573.2,14.702223689231923
3573.4,14.907076094423159
3573.6,14.420242111735002
3573.8,14.533841032093896
3574.0,14.540231613752193
3574.2,14.434011562032365
3574.4,14.502673548954327
3574.6,14.507671840161116
3574.8,14.531518166571102
3575.0,14.377044983274232
3575.2,14.247039648708492
3575.4,14.323478197024404
3575.6,14.41433332694901
3575.8,14.370705600628888
3576.0,14.39425381576239
3576.2,14.355667968224337
3576.4,14.390233199180209
3576.6,14.407162342942126
3576.8,14.311395108937003
3577.0,14.362494876017166
3577.2,14.515112504102936
3577.4,14.377583749814507
3577.6,14.43262320384311
3577.8,14.510495786732323
3578.0,14.524744034482014
3578.2,14.501736847060393
3578.4,14.338594041586026
3578.6,14.226893460961263
3578.8,14.239508382477768
3579.0,14.009411642344647
3579.2,14.242204790683902
3579.4,14.32560579962287
3579.6,14.187354513356984
3579.8,14.249637048135618
3580.0,14.2471336477557
3580.2,14.41133313945765
3580.4,14.658750640633942
3580.6,14.592300499307262
3580.8,14.895542020556507
3581.0,14.920168629707506
3581.2,14.97301809831396
3581.4,15.063261815222717
3581.6,14.875931924825894
3581.8,14.91631112647549
3582.0,14.676032974885732
3582.2,14.615607738665338
3582.4,14.74859850148923
3582.6,14.889936161935877
3582.8,14.673347538586272
3583.0,14.684069534106703
3583.2,14.603512524478246
3583.4,14.904483167362855
3583.6,14.630689963630681
3583.8,14.5781524643855
3584.0,14.797994876615057
3584.2,15.149901315509682
3584.4,15.544606336302078
3584.6,15.74623430811137
3584.8,15.895183755598055
3585.0,15.445864106216918
3585.2,16.236226830664084
3585.4,16.588336162799546
3585.6,17.3462971204549
3585.8,16.912641007852475
3586.0,16.871756378221164
3586.2,16.64576798200781
3586.4,16.29455339975999
3586.6,15.912911809054005
3586.8,15.500227803312825
3587.0,15.103671598634776
3587.2,15.286533910232766
3587.4,14.76974904354617
3587.6,14.984891626381593
3587.8,14.978936456173814
3588.0,14.8379129209936
3588.2,14.562625401903304
3588.4,15.005960641027443
3588.6,14.720567023345277
3588.8,15.07756512407477
3589.0,15.113618548287828
3589.2,15.189305059818373
3589.4,15.02483832243382
3589.6,15.090411926404574
3589.8,15.371943152477598
3590.0,15.264620707582935
3590.2,15.090666498491807
3590.4,14.925316760195923
3590.6,14.971301233425143
3590.8,15.28237818460805
3591.0,15.24906846484728
3591.2,15.26866512882892
3591.4,15.033027985368697
3591.6,15.57815599855413
3591.8,15.794896628461832
3592.0,15.48102424308999
3592.2,15.470895450990525
3592.4,14.912258140432444
3592.6,14.900650389257265
3592.8,14.797648056485833
3593.0,14.759327482970964
3593.2,14.485475757961284
3593.4,14.990243419614108
3593.6,14.525847150426376
3593.8,14.649078742630488
3594.0,14.863464804878067
3594.2,15.451496777686202
3594.4,15.227179273463257
3594.6,15.280300803243694
3594.8,15.270111727296367
3595.0,14.933040191331447
3595.2,14.681311655278392
3595.4,14.840673205483267
3595.6,15.050962495033575
3595.8,15.127275044427789
3596.0,15.315795926613253
3596.2,15.452367580774538
3596.4,15.214087420136986
3596.6,15.156991761688435
3596.8,15.319605926428753
3597.0,15.25245996028989
3597.2,14.771563611121834
3597.4,14.958974835518797
3597.6,14.776270682258783
3597.8,14.947986263275752
3598.0,14.930583984842158
3598.2,14.97969844305447
3598.4,15.041469819915655
3598.6,15.194210796106661
3598.8,14.988812017602537
3599.0,14.86783700553283
3599.2,14.409124356643941
3599.4,14.270559838339114
3599.6,14.251625362087895
3599.8,14.011032836085393
3600.0,14.012378473088985
3600.2,14.206212814412742
3600.4,14.043930027416476
3600.6,14.038598962460462
3600.8,14.431331285062152
3601.0,14.370066334198267
3601.2,14.33769639604517
3601.4,14.27567831001438
3601.6,14.250576842135425
3601.8,14.166446061807967
3602.0,14.077894772990213
3602.2,14.199168068061725
3602.4,14.115224019282355
3602.6,14.163364951784573
3602.8,14.196173041772804
3603.0,14.089429612744347
3603.2,14.108695049985059
3603.4,14.200148901083425
3603.6,14.528327229327145
3603.8,13.985756319408951
3604.0,14.061266577777074
3604.2,14.29313198376034
3604.4,14.06392329468618
3604.6,14.049666656042536
3604.8,14.103556680624473
3605.0,14.298088086729248
3605.2,14.129943761104702
3605.4,14.291071554157364
3605.6,14.23017122843531
3605.8,14.146844753670603
3606.0,14.589743033060076
3606.2,14.730677046022024
3606.4,14.940068560314215
3606.6,14.456134448581434
3606.8,14.313855369395128
3607.0,14.195597013468449
3607.2,14.316145732140843
3607.4,14.371022278078243
3607.6,13.875353859571485
3607.8,14.080698534648485
3608.0,13.95432882780334
3608.2,13.942902927427177
3608.4,13.843624675891462
3608.6,14.260012474095191
3608.8,14.20196475663565
3609.0,14.032809749382661
3609.2,14.059072643097428
3609.4,14.179354064869742
3609.6,13.96141830332871
3609.8,14.14186588062112
3610.0,14.046492833747221
3610.2,14.014506548095959
3610.4,13.969110852631083
3610.6,13.929023959017465
3610.8,13.963317973041088
3611.0,13.867218353030006
3611.2,14.013464994631812
3611.4,14.06341981744914
3611.6,14.04092884647638
3611.8,14.079902054844158
3612.0,14.250230871870585
3612.2,14.170354465062138
3612.4,14.308069422295368
3612.6,14.341249761547964
3612.8,14.068716529909448
3613.0,14.238938480719385
3613.2,14.046299630734216
3613.4,13.87522198088985
3613.6,13.954212361621433
3613.8,14.155186828578968
3614.0,14.021647092889008
3614.2,13.872938327535039
3614.4,13.987740282523529
3614.6,14.070348810533988
3614.8,13.993527707484976
3615.0,13.942002778539388
3615.2,13.815074725954897
3615.4,14.029903822898982
3615.6,13.94139895838828
3615.8,14.0214030573404
3616.0,13.693725680119634
3616.2,13.908137703865506
3616.4,13.81697483250993
3616.6,13.898753456318161
3616.8,13.920060409715354
3617.0,14.131707081129552
3617.2,13.795214621484025
3617.4,13.762718315491577
3617.6,14.17309045224867
3617.8,13.977539681714603
3618.0,13.602803029450213
3618.2,13.57526216783539
3618.4,13.519395297266424
3618.6,13.470982563862945
3618.8,13.456306349932394
3619.0,13.614445447887341
3619.2,13.76318364109179
3619.4,13.82227859251429
3619.6,13.956151234759236
3619.8,13.861774997210984
3620.0,13.943278237363732
3620.2,13.966238861660702
3620.4,13.942946504890317
3620.6,13.83011878917391
3620.8,13.830662979869073
3621.0,13.822791774218206
3621.2,13.771248233282119
3621.4,13.819114641520436
3621.6,13.936952199272529
3621.8,13.848110719072732
3622.0,13.969920356888242
3622.2,14.109421293502649
3622.4,13.949554435692491
3622.6,13.983753918643057
3622.8,14.133138328270416
3623.0,13.959664654854844
3623.2,13.987145495076215
3623.4,13.910401688669026
3623.6,14.04442220801188
3623.8,14.246296321137638
3624.0,13.991642648797667
3624.2,13.84635091236282
3624.4,13.857147622684515
3624.6,13.749763910441766
3624.8,13.697238564862154
3625.0,13.753148152513043
3625.2,13.813044308542732
3625.4,13.887625791986986
3625.6,13.963104492608187
3625.8,14.188699679951169
3626.0,13.93355295700166
3626.2,13.885270823607938
3626.4,13.874906534269577
3626.6,13.85265264670461
3626.8,13.790452885713382
3627.0,14.37773725123103
3627.2,14.821631952434162
3627.4,14.5225171997375
3627.6,14.955405607137989
3627.8,15.1037769221162
3628.0,14.489663027634037
3628.2,14.66088236122782
3628.4,15.705277598512382
3628.6,15.126599715388627
3628.8,14.977415484368262
3629.0,15.029806927340509
3629.2,15.117273691954418
3629.4,15.103435199870159
3629.6,14.906430495127005
3629.8,15.017225432279808
3630.0,15.248220694350836
3630.2,15.464566266987795
3630.4,15.185193819835163
3630.6,15.089781947266495
3630.8,14.976733087707618
3631.0,14.7095722367657
3631.2,14.974371935628417
3631.4,15.139185829223518
3631.6,15.482539096506656
3631.8,15.136946066189356
3632.0,15.018334907452637
3632.2,14.895211911175672
3632.4,14.94606788648288
3632.6,14.294507833310375
3632.8,14.381480976632659
3633.0,14.16886404160107
3633.2,14.23505110990319
3633.4,14.360537022927414
3633.6,14.62903039857846
3633.8,14.636671581459701
3634.0,14.94576227025725
3634.2,15.024469607937176
3634.4,14.804308370605783
3634.6,14.540798014468791
3634.8,14.70393940555875
3635.0,14.986059921835288
3635.2,14.547293036852418
3635.4,14.80133318267448
3635.6,14.545565055716725
3635.8,14.819224049581665
3636.0,14.914011305239958
3636.2,14.773411605385466
3636.4,14.831298838168355
3636.6,14.98044243745194
3636.8,14.901128294513668
3637.0,14.620972789920504
3637.2,14.352175418673456
3637.4,14.217277329304496
3637.6,14.342313826304169
3637.8,14.799394551656022
3638.0,14.084356350734911
3638.2,14.216120050109415
3638.4,14.13591088657476
3638.6,13.95371494740525
3638.8,13.8588044944254
3639.0,13.97730765108447
3639.2,13.838465792992265
3639.4,14.179021558047927
3639.6,13.992134205096816
3639.8,13.95730400486865
3640.0,13.584848182382048
3640.2,13.851960972095627
3640.4,14.309932691367916
3640.6,14.11622557096666
3640.8,14.352023228429298
3641.0,14.661763391969266
3641.2,14.36534651071172
3641.4,14.762191584427393
3641.6,14.978127077468153
3641.8,14.9009966658945
3642.0,14.40603191277992
3642.2,14.643557576876935
3642.4,14.20428614197335
3642.6,14.881514569369296
3642.8,14.276282851409714
3643.0,14.06417078494262
3643.2,13.9081394734004
3643.4,13.758498019575748
3643.6,14.158443523374524
3643.8,14.48713538150162
3644.0,14.572770620746203
3644.2,14.986950203439859
3644.4,14.873250331334653
3644.6,14.581182052894322
3644.8,15.319015760130366
3645.0,15.028781913184
3645.2,15.240053456576828
3645.4,15.285168349150606
3645.6,15.178499811502968
3645.8,14.90363622833685
3646.0,14.974397889240025
3646.2,15.044754169567284
3646.4,15.026395744617329
3646.6,14.940683572613247
3646.8,14.86386869620346
3647.0,14.8104822284147
3647.2,14.957533798717286
3647.4,14.688602433702169
3647.6,14.718399977211487
3647.8,14.61358312218672
3648.0,14.559062724942809
3648.2,14.821909419126243
3648.4,14.866245192253514
3648.6,15.009374665537699
3648.8,14.992874398574088
3649.0,15.181287222268296
3649.2,15.389417166414209
3649.4,15.553450988647942
3649.6,15.726314013230906
3649.8,15.35748023710896
3650.0,15.105417057301798
3650.2,15.570778261323667
3650.4,15.035231717143834
3650.6,15.80027885217368
3650.8,15.669401118136578
3651.0,15.334069546145482
3651.2,15.1314996873332
3651.4,14.880039544904824
3651.6,15.188803097751034
3651.8,15.303904211501347
3652.0,15.689331242403998
3652.2,15.847554471595238
3652.4,15.337359660903871
3652.6,15.293153305698073
3652.8,15.440279526087155
3653.0,15.991174957982924
3653.2,15.66367233759211
3653.4,15.375377373330814
3653.6,15.580695548459492
3653.8,15.597812912336753
3654.0,15.59299564464284
3654.2,15.576804352479936
3654.4,16.459526753815837
3654.6,16.348602752918428
3654.8,16.751701093945105
3655.0,16.474302426529956
3655.2,16.344313397451085
3655.4,16.161569075581596
3655.6,16.52822107464477
3655.8,16.638548208962128
3656.0,15.922719899509271
3656.2,15.781894019061319
3656.4,14.72317143363426
3656.6,14.912154554307097
3656.8,14.910075723301633
3657.0,14.781858071971008
3657.2,14.974128100795758
3657.4,14.761924613401947
3657.6,14.705332356085588
3657.8,15.018889980027595
3658.0,15.321437675146242
3658.2,15.723300796997421
3658.4,15.768313922741878
3658.6,14.966801702483046
3658.8,15.24856684219854
3659.0,15.014686594502955
3659.2,14.891653373406445
3659.4,14.583420970844749
3659.6,14.708038733686159
3659.8,14.695985438350384
3660.0,15.187194423450377
3660.2,15.118888497651593
3660.4,15.400525271662389
3660.6,15.637422505749967
3660.8,16.34903294682527
3661.0,16.213034728401908
3661.2,16.24423212667798
3661.4,15.642283406041082
3661.6,16.016081703821875
3661.8,16.351556698810175
3662.0,16.09264274937514
3662.2,16.138876676414622
3662.4,16.167111442882813
3662.6,15.508378754294057
3662.8,15.153630387272433
3663.0,14.641308538996427
3663.2,14.87057801739236
3663.4,15.328343004331277
3663.6,15.011932916472064
3663.8,15.602319481488301
3664.0,15.08282317745781
3664.2,14.741796895292683
3664.4,14.400616095892836
3664.6,14.939568127306103
3664.8,14.32058280449337
3665.0,14.471661469480404
3665.2,14.58469281675299
3665.4,14.429479583570114
3665.6,14.532442554407435
3665.8,14.292831894632535
3666.0,14.549132721287478
3666.2,13.99262536743718
3666.4,14.514594027242914
3666.6,14.259199033457747
3666.8,14.56078770738829
3667.0,14.280253916529357
3667.2,14.247534767190718
3667.4,14.42508231365871
3667.6,14.803606600973293
3667.8,14.36753147120519
3668.0,14.381054986853378
3668.2,14.548111712347767
3668.4,14.491434186724392
3668.6,14.460996854520776
3668.8,14.319683551148009
3669.0,14.30338128017782
3669.2,14.408558183381315
3669.4,14.03794442235138
3669.6,14.022581972790551
3669.8,14.148768025305401
3670.0,13.811407567417548
3670.2,14.105689530176964
3670.4,14.202341713512912
3670.6,14.195594694319526
3670.8,14.28228794390719
3671.0,14.326542197334803
3671.2,14.585381072267712
3671.4,14.52741925366155
3671.6,14.392285413716506
3671.8,14.39061517990097
3672.0,14.287721143844927
3672.2,14.232326066927307
3672.4,14.40665160925802
3672.6,14.282700155858233
3672.8,14.72127657999061
3673.0,14.418423763957103
3673.2,14.461426504351955
3673.4,14.672736122558751
3673.6,14.731513427072922
3673.8,14.714544542467449
3674.0,14.456402809689113
3674.2,14.369805202125184
3674.4,14.611977353560771
3674.6,14.255332172836255
3674.8,14.401974005690954
3675.0,14.762277292896016
3675.2,14.738121467935422
3675.4,14.7398586578577
3675.6,14.749761352552559
3675.8,14.580014049983333
3676.0,14.655630371223975
3676.2,14.726918315954984
3676.4,14.74735343743152
3676.6,14.586849694712054
3676.8,14.501057977700086
3677.0,14.444398541650049
3677.2,14.4829769677129
3677.4,14.437462955557907
3677.6,14.65208341513096
3677.8,15.132880969596778
3678.0,14.49562028104941
3678.2,14.783173524433096
3678.4,14.819601934311532
3678.6,14.910673878200999
3678.8,14.72948772009702
3679.0,14.979070364412912
3679.2,14.611873728442713
3679.4,14.88552511991376
3679.6,15.062835281400805
3679.8,14.810470020758865
3680.0,15.093137195789453
3680.2,15.259651330467342
3680.4,14.99596771797396
3680.6,15.421202378619173
3680.8,16.279257535292484
3681.0,15.911783830408982
3681.2,15.318889189444114
3681.4,15.498792995969701
3681.6,15.306472005866086
3681.8,15.80690123717961
3682.0,16.338410257317463
3682.2,16.21901462860871
3682.4,16.44078004270114
3682.6,15.555737921960581
3682.8,16.03641339055185
3683.0,16.04815112084654
3683.2,16.928469142846343
3683.4,16.65771756889483
3683.6,16.600885897613438
3683.8,16.857085092327935
3684.0,16.853797044667356
3684.2,16.41070781963872
3684.4,16.160411245653453
3684.6,15.065227366219165
3684.8,15.600605889610893
3685.0,15.425011443743454
3685.2,15.863284094213295
3685.4,15.93027445730776
3685.6,15.612546178600368
3685.8,15.1012689634682
3686.0,15.269731465611773
3686.2,15.893794363649185
3686.4,15.762214260020313
3686.6,15.615851934042492
3686.8,15.73193801629987
3687.0,15.411033676216414
3687.2,15.458105744258972
3687.4,15.59643514740853
3687.6,15.597021192934994
3687.8,15.601486583203323
3688.0,15.987219318868405
3688.2,15.718907060512999
3688.4,15.9164441253427
3688.6,15.862080749205072
3688.8,15.830203059953982
3689.0,15.871629091557855
3689.2,16.05308728859002
3689.4,16.225433889394896
3689.6,15.284165330366676
3689.8,15.670201179318441
3690.0,15.634180439216522
3690.2,15.298550181263579
3690.4,15.368777456531975
3690.6,15.79330334930364
3690.8,15.341027382117552
3691.0,15.774624397222158
3691.2,15.596669694330242
3691.4,15.29762996406684
3691.6,15.588323527864405
3691.8,15.282545561597443
3692.0,15.574812272391013
3692.2,15.705574634479278
3692.4,15.639531372687772
3692.6,15.574023136168476
3692.8,14.83275974364221
3693.0,14.410526882621472
3693.2,14.244028710655272
3693.4,14.554436958674842
3693.6,14.573750695590238
3693.8,14.559731055879839
3694.0,14.94349386020831
3694.2,14.636600235859508
3694.4,14.584804730905653
3694.6,14.201840057560009
3694.8,14.495449115581728
3695.0,14.820311040084498
3695.2,14.970137373016481
3695.4,15.045687621387671
3695.6,15.314006903185158
3695.8,15.19389321541693
3696.0,15.306998252742282
3696.2,14.990118543401731
3696.4,15.537504591825543
3696.6,15.625464259740893
3696.8,14.963549515350344
3697.0,14.51592377625933
3697.2,14.978353954155725
3697.4,15.155649026968234
3697.6,15.140079234637764
3697.8,15.235269786332049
3698.0,15.57658668018705
3698.2,15.654045037232878
3698.4,15.584749164190763
3698.6,14.665220505913805
3698.8,14.803650433990578
3699.0,14.847435825005391
3699.2,14.614852064630512
3699.4,14.268064374501106
3699.6,14.65352522782883
3699.8,15.12362022313678
3700.0,15.188989724826476
3700.2,15.24149057048239
3700.4,14.965746709309988
3700.6,14.718978297897978
3700.8,14.80425708297503
3701.0,14.660652716715546
3701.2,14.748291513464151
3701.4,14.826508963088031
3701.6,14.681246489441953
3701.8,14.454979878970313
3702.0,14.589918604204561
3702.2,14.838035431932624
3702.4,14.830100127107865
3702.6,14.635452447254558
3702.8,15.137958012649035
3703.0,15.18822504731138
3703.2,15.281554631890334
3703.4,15.69123938560198
3703.6,15.165248903893744
3703.8,15.147233283355071
3704.0,15.27014947236003
3704.2,15.414024762024066
3704.4,14.824672316676006
3704.6,15.42131018792265
3704.8,14.543983629156818
3705.0,14.37175802709036
3705.2,14.258818943860307
3705.4,14.486442047424168
3705.6,14.160721946041086
3705.8,14.009063801400487
3706.0,14.149055085333321
3706.2,14.237367760869306
3706.4,14.448433912206063
3706.6,14.318901116601243
3706.8,13.989361733910268
3707.0,14.414816496836558
3707.2,14.659565913347517
3707.4,14.578746152260415
3707.6,14.65829133180109
3707.8,14.889472834840554
3708.0,15.089229962601792
3708.2,15.041967480908431
3708.4,14.978761116910208
3708.6,14.895147066165544
3708.8,14.516833633491409
3709.0,14.610472135384695
3709.2,14.358819990800193
3709.4,14.656535679204953
3709.6,14.349900548617127
3709.8,14.380724354664887
3710.0,14.52639880729455
3710.2,14.981284405242548
3710.4,14.88125705767644
3710.6,14.667669354570176
3710.8,14.54533195680848
3711.0,14.502717958236024
3711.2,14.705288605899566
3711.4,14.792418671629
3711.6,14.396594154818498
3711.8,14.585330950990894
3712.0,14.45422896928557
3712.2,14.567036323605764
3712.4,14.667147067641759
3712.6,14.901042501594105
3712.8,14.235118293932743
3713.0,14.173154493364802
3713.2,14.483794503556629
3713.4,14.512007485679437
3713.6,14.754385496260037
3713.8,15.003091771841312
3714.0,14.789661374043279
3714.2,14.453240297515817
3714.4,14.521692243502338
3714.6,14.84199607922599
3714.8,15.140429232417214
3715.0,14.57976725151469
3715.2,14.326904332623956
3715.4,14.46182771900646
3715.6,14.41811673045981
3715.8,14.486467847623366
3716.0,14.36118385606987
3716.2,14.250088408984908
3716.4,14.206241977350295
3716.6,14.080586126255827
3716.8,14.081581566916096
3717.0,14.217731491223889
3717.2,14.209057848259246
3717.4,14.305025259481885
3717.6,14.582124476158686
3717.8,14.562690962819415
3718.0,14.928260841073309
3718.2,15.246287083562947
3718.4,15.002511304106896
3718.6,14.852770914654611
3718.8,15.106261511660232
3719.0,15.395648783681056
3719.2,15.247589510158317
3719.4,15.17104806506434
3719.6,14.751922145100133
3719.8,15.01029373095131
3720.0,14.871056270316025
3720.2,14.664010604450313
3720.4,14.877737241571536
3720.6,14.491422735588365
3720.8,15.034137560256859
3721.0,15.127033074272457
3721.2,14.74148593965869
3721.4,14.894725048280428
3721.6,15.072317501596302
3721.8,15.299786334265486
3722.0,15.635679430059263
3722.2,15.053429247919754
3722.4,15.143728714926361
3722.6,14.815884682058984
3722.8,15.140899657785706
3723.0,15.77599220974929
3723.2,15.221812203402934
3723.4,15.237716107179128
3723.6,15.612167585152594
3723.8,15.286084284788577
3724.0,15.613605655784799
3724.2,15.457428436399097
3724.4,14.79130358152606
3724.6,14.545074459858089
3724.8,14.496209350754775
3725.0,14.458097737539276
3725.2,15.57403929583119
3725.4,15.089344005568378
3725.6,15.088765496311236
3725.8,15.888619249214601
3726.0,15.952281064290526
3726.2,16.15195955259977
3726.4,16.23704011175118
3726.6,15.931905267502952
3726.8,15.662441361642665
3727.0,15.948203551015418
3727.2,16.026836830170808
3727.4,15.622656277664325
3727.6,15.270129855651655
3727.8,15.151902240533188
3728.0,15.394178996372087
3728.2,15.569402488177673
3728.4,15.231444385838254
3728.6,15.33517247491963
3728.8,15.336679455696746
3729.0,15.529067075231442
3729.2,15.786941088148136
3729.4,15.827032203668416
3729.6,15.691963042627679
3729.8,15.710772846784648
3730.0,15.733681035371102
3730.2,15.703193684256874
3730.4,15.469968691505699
3730.6,15.696796978711898
3730.8,15.505420199146718
3731.0,15.057764610921616
3731.2,15.39287091675421
3731.4,16.281425555784477
3731.6,16.66504512116915
3731.8,16.034777394513018
3732.0,15.47646123782944
3732.2,15.988252601246115
3732.4,15.997646828599306
3732.6,15.599627835874516
3732.8,15.516895403186304
3733.0,15.60985538410685
3733.2,15.69795910530048
3733.4,15.421021455064203
3733.6,15.021113264912563
3733.8,15.413341872505672
3734.0,15.671807576005055
3734.2,16.03144444713401
3734.4,15.882179022657553
3734.6,16.008907803004725
3734.8,15.973596495200777
3735.0,15.998864288570868
3735.2,15.885030306456349
3735.4,15.76265752864977
3735.6,15.697324060738971
3735.8,15.467688559622859
3736.0,15.341032521885559
3736.2,15.034604944634882
3736.4,14.726227291232021
3736.6,14.722282322211084
3736.8,14.450882673101166
3737.0,15.176322217097889
3737.2,15.752809736923005
3737.4,15.688574365214137
3737.6,16.10081824990513
3737.8,15.651150348008553
3738.0,15.383987757411528
3738.2,15.404869162922317
3738.4,15.682958074576206
3738.6,15.18968983064257
3738.8,15.785270874917547
3739.0,15.4835556348365
3739.2,15.273575062875562
3739.4,15.351092086880664
3739.6,15.544712910005014
3739.8,15.219671638176743
3740.0,14.992436950077067
3740.2,15.188386780520274
3740.4,15.463640387977717
3740.6,15.15202526545471
3740.8,14.600483645760786
3741.0,14.953733116436998
3741.2,15.16403974922392
3741.4,14.99618277257246
3741.6,14.9473485728336
3741.8,14.869961713199839
3742.0,14.891505499644628
3742.2,14.740468009375594
3742.4,14.287502488742733
3742.6,14.307261519236318
3742.8,15.020918526174903
3743.0,14.600260669263125
3743.2,14.528956533646495
3743.4,15.074445259153821
3743.6,14.67335559032925
3743.8,14.845818415609209
3744.0,14.532091425170917
3744.2,14.702831720208279
3744.4,15.062315590972018
3744.6,15.063737243406834
3744.8,15.528765807859388
3745.0,15.71949217390264
3745.2,15.819151742977407
3745.4,15.698409478027518
3745.6,15.490429436072075
3745.8,15.399615631455703
3746.0,15.317122291683585
3746.2,15.350643220541393
3746.4,14.917022631958636
3746.6,14.790170570413004
3746.8,15.421874994053852
3747.0,15.184348019383291
3747.2,14.6037776345002
3747.4,14.604751380038614
3747.6,14.958288853015617
3747.8,14.403510109855295
3748.0,14.91554558887697
3748.2,15.374748037589889
3748.4,14.87751412386932
3748.6,15.382110915971804
3748.8,15.037231358749583
3749.0,14.837772917372781
3749.2,14.282557030241598
3749.4,14.453303157335387
3749.6,14.275959489350992
3749.8,14.370590266244538
3750.0,14.466131588017737
3750.2,14.518449882583685
3750.4,14.598813054104173
3750.6,14.31494655664423
3750.8,14.33435993655522
3751.0,14.840588435247785
3751.2,15.064541527866224
3751.4,15.24745911832612
3751.6,15.313963938906934
3751.8,15.517152796911919
3752.0,15.269917905105657
3752.2,15.477233121576692
3752.4,15.607487361152113
3752.6,15.454963191712798
3752.8,15.275555468828482
3753.0,15.253263390277525
3753.2,15.318443728942398
3753.4,15.511984463999617
3753.6,15.549353583538956
3753.8,15.36649216281193
3754.0,15.309920543096922
3754.2,15.728693473400355
3754.4,15.558327460288934
3754.6,14.978934441744233
3754.8,15.114828981607744
3755.0,15.615738388106353
3755.2,15.307896133644318
3755.4,14.922596879693861
3755.6,15.215618134098598
3755.8,15.538529386950696
3756.0,15.434574844522597
3756.2,15.191535932360708
3756.4,15.253555066831336
3756.6,15.483516063888334
3756.8,15.518544649642065
3757.0,15.76092763893353
3757.2,16.057646009187675
3757.4,15.79006924895827
3757.6,15.678887637632036
3757.8,15.40567702260665
3758.0,14.968795755516728
3758.2,14.755099809358754
3758.4,15.384917555659278
3758.6,15.02929072724848
3758.8,15.3644510292496
3759.0,15.605085629533928
3759.2,15.069304333496902
3759.4,15.854303476433635
3759.6,15.944375010719265
3759.8,15.97763073155117
3760.0,15.813775637120171
3760.2,15.332529391663329
3760.4,16.002627267028696
3760.6,16.042456616983433
3760.8,15.865130179051896
3761.0,16.654397754318794
3761.2,16.507297228064765
3761.4,15.879939555345057
3761.6,16.36347659025525
3761.8,15.818872447447133
3762.0,16.197462682922637
3762.2,16.80606671066959
3762.4,16.163253275022726
3762.6,16.592969844244127
3762.8,17.387018903625176
3763.0,16.970087078492316
3763.2,17.135432339233184
3763.4,16.54384223774002
3763.6,16.53506554433175
3763.8,17.024174246563767
3764.0,16.565627923889387
3764.2,16.576790071613345
3764.4,16.44016545245656
3764.6,16.061792430914398
3764.8,16.267768026570998
3765.0,16.260203373777088
3765.2,15.76178241134919
3765.4,15.75380837831986
3765.6,15.716467968794426
3765.8,15.938319738353988
3766.0,16.40159122947492
3766.2,15.909662352909923
3766.4,15.760899890626822
3766.6,15.678554503607964
3766.8,15.251180450916518
3767.0,14.743667464483835
3767.2,14.636375032087868
3767.4,14.366345188195826
3767.6,14.086267076590705
3767.8,14.096901396104652
3768.0,14.272283419175047
3768.2,14.318737843070814
3768.4,14.362656954670584
3768.6,14.373628363327196
3768.8,14.235305982225292
3769.0,14.371680500365642
3769.2,14.450456046937965
3769.4,14.255843890090773
3769.6,14.447600528175137
3769.8,14.208478510042344
3770.0,14.110645370324935
3770.2,14.205120314226198
3770.4,14.18163591308769
3770.6,14.123274880565104
3770.8,14.033090260807839
3771.0,14.128059784180696
3771.2,14.036082715433837
3771.4,14.084298752034359
3771.6,14.065880195614886
3771.8,14.134796062904005
3772.0,13.946446999320717
3772.2,14.12570726498644
3772.4,14.20122168828966
3772.6,14.220679589044494
3772.8,14.172492014391619
3773.0,14.488130768987606
3773.2,15.421637156933762
3773.4,15.93835060114731
3773.6,16.066910737367333
3773.8,15.509842667723781
3774.0,15.959485475467574
3774.2,15.279827615237922
3774.4,16.291801009713392
3774.6,16.190055119924054
3774.8,16.551757054454935
3775.0,16.94173276707963
3775.2,16.210711818707168
3775.4,15.820780975262396
3775.6,15.20334048877884
3775.8,15.591696400285908
3776.0,15.616791055509447
3776.2,15.762647535049785
3776.4,15.953017930166961
3776.6,15.762085734866943
3776.8,15.86738289990805
3777.0,15.125955825460661
3777.2,16.045789964616265
3777.4,16.152934860187848
3777.6,15.952518199964778
3777.8,15.849989638860304
3778.0,16.15706041433469
3778.2,16.160544187855585
3778.4,15.443610011001727
3778.6,16.1475668282253
3778.8,16.144326046497685
3779.0,15.090007020107487
3779.2,14.971464783992449
3779.4,14.816914310959248
3779.6,14.8927970638724
3779.8,15.535551435791149
3780.0,15.662223212106053
3780.2,15.670562220221434
3780.4,15.471206446088699
3780.6,15.125028444438463
3780.8,16.088778049248212
3781.0,15.497549685539216
3781.2,15.654312696141279
3781.4,16.12939358190124
3781.6,15.44480329063482
3781.8,15.272027669488859
3782.0,15.181025816315252
3782.2,16.035285720277145
3782.4,16.097535310837717
3782.6,16.368935716121097
3782.8,16.74079647890335
3783.0,15.966136155612013
3783.2,15.842283059713719
3783.4,15.961798514118211
3783.6,15.113157187242871
3783.8,15.33318638329677
3784.0,15.627621196288178
3784.2,15.518083320364543
3784.4,14.766339614503718
3784.6,15.056983851374719
3784.8,15.725770410088394
3785.0,15.753030146040397
3785.2,15.447591577845383
3785.4,14.766066687624518
3785.6,14.679462989126673
3785.8,14.750527664597906
3786.0,15.33229419862542
3786.2,15.04155809576048
3786.4,15.08008990072277
3786.6,15.549939622442812
3786.8,15.66314733734307
3787.0,15.42776861800667
3787.2,15.101013656470366
3787.4,14.984452889081329
3787.6,15.031818187868684
3787.8,15.360658782247565
3788.0,15.165349915964892
3788.2,15.333662820882449
3788.4,15.020727343013787
3788.6,15.318897338991249
3788.8,15.321972665034949
3789.0,15.799138067975434
3789.2,15.648936465423464
3789.4,15.727598954985131
3789.6,15.547873864476466
3789.8,16.210585288025005
3790.0,15.678323670458777
3790.2,15.7628482653786
3790.4,15.339511611527058
3790.6,15.716295800035944
3790.8,15.604025653638962
3791.0,15.348865406815165
3791.2,15.65888245499192
3791.4,15.65366841978879
3791.6,15.287062058548205
3791.8,15.63866253959814
3792.0,15.276719756475291
3792.2,15.011905962374001
3792.4,15.206401733056811
3792.6,15.109403238217777
3792.8,15.620292724001894
3793.0,15.889623992441793
3793.2,16.156457651543413
3793.4,15.652027084248445
3793.6,15.781709346234287
3793.8,15.55654653988971
3794.0,15.184041405066072
3794.2,15.163381947572606
3794.4,15.33757683501134
3794.6,15.147111327174263
3794.8,15.020177811949901
3795.0,15.170019455948411
3795.2,15.475702371225404
3795.4,15.787361727808984
3795.6,15.883842918877884
3795.8,15.738387765198782
3796.0,15.899998569778218
3796.2,15.588054262793618
3796.4,14.884113047260911
3796.6,15.173347793817513
3796.8,14.780820765207698
3797.0,14.664898791576954
3797.2,14.793506147621517
3797.4,15.024077605646786
3797.6,15.071255408376299
3797.8,15.02211382236823
3798.0,15.188908446465232
3798.2,15.49985528518979
3798.4,15.171908556533767
3798.6,15.339029420265158
3798.8,14.890678511665172
3799.0,14.773793967194269
3799.2,14.739294641148259
3799.4,14.821326738015712
3799.6,14.894559852351302
3799.8,14.839569704343234
3800.0,15.129315970552966
3800.2,14.613286856340931
3800.4,15.01241090191127
3800.6,14.559240145864422
3800.8,14.866344866894838
3801.0,14.354504156070092
3801.2,15.096166087390912
3801.4,14.758139370038334
3801.6,14.60400056834863
3801.8,14.813961659606626
3802.0,14.7329987468482
3802.2,15.179361508167277
3802.4,14.871687583944258
3802.6,15.121299439282225
3802.8,14.940244609970627
3803.0,14.875339801133043
3803.2,14.790976973107936
3803.4,14.738025807836056
3803.6,14.636835273207986
3803.8,14.448364192924913
3804.0,14.70821790074007
3804.2,14.723209443818444
3804.4,14.709269443857536
3804.6,14.605477141808375
3804.8,14.494632897086193
3805.0,14.354283424595915
3805.2,14.62358072487913
3805.4,14.631406732882173
3805.6,14.832732725942677
3805.8,14.491496748219665
3806.0,14.719327558076767
3806.2,14.903724710581292
3806.4,14.810454946868521
3806.6,14.662914483116944
3806.8,14.310379876777153
3807.0,14.556775550013118
3807.2,14.535953621020472
3807.4,14.696582678444567
3807.6,14.788265392546606
3807.8,14.69760147658453
3808.0,14.548996597619876
3808.2,14.650400386604765
3808.4,14.645106495858188
3808.6,14.827424311837799
3808.8,14.538558851009341
3809.0,14.594219547787691
3809.2,14.620541728470425
3809.4,14.653834035052913
3809.6,14.75301751962267
3809.8,14.485630878745685
3810.0,14.921109663938594
3810.2,14.941365561985025
3810.4,15.21954442071795
3810.6,14.871143530352544
3810.8,14.839283201043127
3811.0,15.374691551107398
3811.2,14.820355092525539
3811.4,15.100851066835448
3811.6,15.253385307867525
3811.8,15.778133507145666
3812.0,15.1434659402839
3812.2,15.021469992678346
3812.4,15.145363561515575
3812.6,14.77926633552899
3812.8,14.678656701101447
3813.0,14.261435805712164
3813.2,14.524873763620782
3813.4,14.882735813274204
3813.6,14.316492557991223
3813.8,14.154409114778678
3814.0,14.507079688249313
3814.2,14.522547317064651
3814.4,14.39053159330038
3814.6,14.723473846034631
3814.8,14.754422438404609
3815.0,15.227278323993312
3815.2,14.573610946473504
3815.4,14.661662356130314
3815.6,14.790089603335355
3815.8,14.773334235140869
3816.0,15.06651272393113
3816.2,15.476332218796276
3816.4,15.39693987772055
3816.6,15.0590752949633
3816.8,15.096255202320352
3817.0,15.587508546334465
3817.2,14.691193426596998
3817.4,14.931762319254727
3817.6,15.056140880324023
3817.8,14.620478840381281
3818.0,14.86695088076695
3818.2,15.279429482939461
3818.4,14.99578801437863
3818.6,15.468641731571322
3818.8,15.491227169027956
3819.0,14.996627072514723
3819.2,14.779082628361465
3819.4,14.890111300339594
3819.6,15.200992132415088
3819.8,14.909912568188457
3820.0,15.05430481579333
3820.2,15.103081860646599
3820.4,14.738972865990913
3820.6,15.289058003582948
3820.8,15.207845569456435
3821.0,15.120993589164263
3821.2,15.129202976937837
3821.4,15.128478325435726
3821.6,14.795412843095399
3821.8,14.35658994033311
3822.0,14.563356614431163
3822.2,15.052668687623154
3822.4,14.71298103422061
3822.6,14.901502085115387
3822.8,15.398923548530927
3823.0,14.912423143518605
3823.2,14.771356474343857
3823.4,14.800213819396468
3823.6,15.120607130751377
3823.8,15.463316192238608
3824.0,14.698851759087137
3824.2,14.899030980585241
3824.4,14.829327078462365
3824.6,15.252052819830475
3824.8,15.329211456850437
3825.0,15.287292451262909
3825.2,15.405636839791484
3825.4,15.48393485955077
3825.6,15.368293730422614
3825.8,15.477112535114632
3826.0,15.488523846442217
3826.2,15.279185138827025
3826.4,14.66762606086731
3826.6,14.552839155231602
3826.8,14.741910417794426
3827.0,15.21920636330796
3827.2,15.014759430843842
3827.4,15.120665881351416
3827.6,14.815490415612578
3827.8,15.022509286868805
3828.0,14.390431612473492
3828.2,14.502646077314534
3828.4,14.814026240180056
3828.6,14.72468910542737
3828.8,14.972322855506164
3829.0,15.31683110055601
3829.2,14.77703808117707
3829.4,15.002834316250429
3829.6,15.306916782469917
3829.8,15.341084258622114
3830.0,15.146038116636497
3830.2,15.115498602631106
3830.4,15.204514119173083
3830.6,15.31693245408006
3830.8,15.221353775799688
3831.0,15.183229566846336
3831.2,15.119000557315374
3831.4,15.25165216230617
3831.6,15.363385725088623
3831.8,15.128126096051508
3832.0,14.737919663024474
3832.2,14.950323544149803
3832.4,15.020586922527428
3832.6,14.558180602223313
3832.8,14.854598948373855
3833.0,15.202868732992197
3833.2,15.189691640590027
3833.4,15.232304531271776
3833.6,15.292493217318075
3833.8,15.437931267925109
3834.0,15.210447905952423
3834.2,15.225259069110685
3834.4,15.47353538684876
3834.6,15.082070734796538
3834.8,15.246828617482318
3835.0,15.408197991535616
3835.2,15.574506570628053
3835.4,15.036679704512535
3835.6,14.71897940159578
3835.8,15.361011786545776
3836.0,15.426803651263842
3836.2,15.307555609502728
3836.4,15.0185388732644
3836.6,14.801932513408635
3836.8,14.81817230066449
3837.0,14.748477147293018
3837.2,14.99258961468181
3837.4,14.057395994990232
3837.6,14.295774175410095
3837.8,14.505059419322127
3838.0,14.380963475604778
3838.2,14.541682110608189
3838.4,14.206782127214606
3838.6,14.313841568430476
3838.8,14.1871460370195
3839.0,14.273221506415867
3839.2,14.566654073520242
3839.4,14.484148727001829
3839.6,15.048899664187266
3839.8,14.96381538913594
3840.0,15.498836187823628
3840.2,15.117037912088819
3840.4,15.073399302844091
3840.6,14.591729385207639
3840.8,14.648083256396609
3841.0,15.003716640866964
3841.2,15.104191792447722
3841.4,14.643470963166143
3841.6,15.351511199865367
3841.8,15.038830516992878
3842.0,14.786668934318364
3842.2,14.873198659395776
3842.4,14.61123502745825
3842.6,14.576420422657279
3842.8,14.84415933056573
3843.0,14.713017775172812
3843.2,14.804867215120696
3843.4,14.959136476735413
3843.6,14.676519892181703
3843.8,14.78323197344308
3844.0,15.055684224377252
3844.2,14.893736059937378
3844.4,14.476171379728695
3844.6,14.426308412700454
3844.8,14.680506266993355
3845.0,14.505436199234264
3845.2,14.825513520746368
3845.4,15.401034194475079
3845.6,15.251673466379147
3845.8,15.138998513350632
3846.0,14.051923436503408
3846.2,14.625493567516212
3846.4,14.812669351477712
3846.6,14.54920041245318
3846.8,14.653512747510291
3847.0,14.830156007449947
3847.2,14.352312410683767
3847.4,14.84883822520408
3847.6,14.69290852514743
3847.8,14.218706440237609
3848.0,14.502528230680669
3848.2,14.074154188754724
3848.4,14.017709905880878
3848.6,13.838029249545162
3848.8,13.917128793653426
3849.0,14.015646909187465
3849.2,13.79958934451668
3849.4,14.099423685118326
3849.6,13.892192515017197
3849.8,14.111462669674095
3850.0,14.069385174346873
3850.2,14.040032390993742
3850.4,14.093667970050973
3850.6,13.79176719092905
3850.8,14.086503443739456
3851.0,14.117327140289184
3851.2,13.83736072478013
3851.4,14.03460614251069
3851.6,13.998724871820901
3851.8,13.954563909665996
3852.0,13.792594599480243
3852.2,13.710245229611493
3852.4,13.734694077878913
3852.6,13.739305812084112
3852.8,13.725988756619545
3853.0,13.544304068736322
3853.2,13.74366479061418
3853.4,13.472549198921524
3853.6,13.506400252406678
3853.8,13.557386471112933
3854.0,13.59235391963216
3854.2,13.538235178313563
3854.4,13.417223516016254
3854.6,13.518115347126098
3854.8,13.826675962964332
3855.0,13.714637001018808
3855.2,13.518509520103535
3855.4,13.608138178634375
3855.6,13.492725195565729
3855.8,13.498169868465215
3856.0,13.764962387523845
3856.2,13.60366582887024
3856.4,13.724986149702769
3856.6,13.577637114597616
3856.8,13.600560252006153
3857.0,13.693004779555
3857.2,13.688828125003678
3857.4,13.540969277011827
3857.6,13.511611364976513
3857.8,13.465624813542243
3858.0,13.498972609729812
3858.2,13.408842734770847
3858.4,13.462742783711604
3858.6,13.303474419594552
3858.8,13.425041436778987
3859.0,13.439406495280917
3859.2,13.375589837013202
3859.4,13.527015603824024
3859.6,13.510796328715497
3859.8,13.739376966863418
3860.0,13.98558933124562
3860.2,14.53361380502262
3860.4,14.042680987140269
3860.6,13.84994117660882
3860.8,14.068833440275789
3861.0,14.999107820197526
3861.2,14.610848580998553
3861.4,14.579178295763217
3861.6,15.606693264993567
3861.8,15.361619496807714
3862.0,15.019034995531275
3862.2,14.604271014567697
3862.4,14.407866258413444
3862.6,14.13757896812826
3862.8,14.472770787784306
3863.0,14.196746444612485
3863.2,14.1580268651235
3863.4,14.065494962044339
3863.6,14.136721041865519
3863.8,14.002355667472731
3864.0,13.997660722056928
3864.2,14.292573541933724
3864.4,14.265064338986356
3864.6,14.460500100947954
3864.8,14.203103198096112
3865.0,14.267987056918727
3865.2,14.068848497596875
3865.4,14.304132007174605
3865.6,14.105229785254851
3865.8,14.002436914103528
3866.0,14.091098572277787
3866.2,14.196600804256104
3866.4,14.07524705712586
3866.6,14.043119191325248
3866.8,14.201302089402754
3867.0,13.831215770045766
3867.2,13.939979886834987
3867.4,13.954702293558572
3867.6,13.989035488310481
3867.8,14.009491739696108
3868.0,13.910570314200339
3868.2,13.921624121913554
3868.4,14.074917659913543
3868.6,14.122635285090466
3868.8,14.170712958770187
3869.0,14.194618998899486
3869.2,14.382878289193401
3869.4,14.137528904929633
3869.6,14.5505951197161
3869.8,14.255603948098175
3870.0,14.109508598814442
3870.2,14.185074634909975
3870.4,14.154647290315554
3870.6,14.195627561700377
3870.8,14.052381202603417
3871.0,14.066419759436302
3871.2,14.089081149644713
3871.4,14.289877116687538
3871.6,14.179204575765862
3871.8,13.893008896638436
3872.0,14.049957500783714
3872.2,14.059433708894229
3872.4,14.402104650604219
3872.6,14.341793528453927
3872.8,14.084425360941475
3873.0,14.295919456519657
3873.2,14.364625926150678
3873.4,14.105661973695153
3873.6,14.02650818397926
3873.8,14.099770930458892
3874.0,13.91820746140684
3874.2,14.21771272659611
3874.4,14.029418873844794
3874.6,14.03517645231011
3874.8,14.114871491000772
3875.0,14.229738775605698
3875.2,14.053094966114815
3875.4,14.005970251774919
3875.6,14.129472332289598
3875.8,14.06307508485681
3876.0,14.20608427661163
3876.2,14.376289362985588
3876.4,14.197625219356445
3876.6,14.248275964876829
3876.8,14.217590654288674
3877.0,14.078138446219967
3877.2,14.126509570385588
3877.4,14.224917359092384
3877.6,14.089621601969291
3877.8,14.28061233849511
3878.0,14.190407075916742
3878.2,14.034854187332247
3878.4,13.973216674030724
3878.6,13.978603324411672
3878.8,14.07587437364173
3879.0,14.232615167117048
3879.2,14.058335731912301
3879.4,13.83066919439343
3879.6,14.22843051168419
3879.8,14.095060754924656
3880.0,14.216088731671366
3880.2,14.127824532719828
3880.4,14.096604779617694
3880.6,14.127307998896425
3880.8,14.186968731229149
3881.0,14.047662329943316
3881.2,14.083464324405487
3881.4,13.74598085350101
3881.6,13.950012578618791
3881.8,14.1529459865034
3882.0,14.18118659399459
3882.2,14.076231658032023
3882.4,14.250601989023277
3882.6,14.143182511293933
3882.8,14.34539549499469
3883.0,14.266604791880885
3883.2,14.393941936869973
3883.4,14.329918512624268
3883.6,14.250618663933928
3883.8,14.242591356682572
3884.0,14.2668523278729
3884.2,14.043742087571063
3884.4,14.024898532591969
3884.6,14.129161245179969
3884.8,13.901730328595042
3885.0,13.990180563467487
3885.2,13.859996094394639
3885.4,14.01302612113976
3885.6,14.009682130182487
3885.8,13.999359519875181
3886.0,13.86772713978729
3886.2,13.97644779520176
3886.4,14.053419236915836
3886.6,14.088749849004587
3886.8,14.108264734149422
3887.0,14.077611554001123
3887.2,14.147011500695674
3887.4,14.238109358170753
3887.6,14.216989363629581
3887.8,14.273416154438738
3888.0,14.12708479628163
3888.2,14.073843825837562
3888.4,14.118856180023995
3888.6,14.301593302473517
3888.8,14.594654706066994
3889.0,14.440669661432535
3889.2,14.358152270804085
3889.4,14.205580194572448
3889.6,14.103801990473038
3889.8,14.24582909388105
3890.0,14.332816181527514
3890.2,14.180567872130412
3890.4,14.205021977186735
3890.6,14.26274732524506
3890.8,14.27908738597138
3891.0,14.137172852428268
3891.2,14.020305322719796
3891.4,14.196659973778157
3891.6,14.336712599086033
3891.8,14.071390866524002
3892.0,14.09885352169339
3892.2,14.439694122153206
3892.4,14.187650740219588
3892.6,14.408723720959987
3892.8,14.363667813832715
3893.0,14.21707206509874
3893.2,14.180037729383336
3893.4,14.110054335006277
3893.6,14.151779943098369
3893.8,14.028453527547008
3894.0,14.148231878485058
3894.2,13.997280372269286
3894.4,14.077811225126673
3894.6,14.004398229704599
3894.8,14.16211414252655
3895.0,14.0206516225133
3895.2,13.838902604035079
3895.4,13.898564213845797
3895.6,13.86641466189917
3895.8,14.090501609307136
3896.0,13.989547132121423
3896.2,14.012176752268173
3896.4,14.076358809054582
3896.6,14.099361010861227
3896.8,14.302832101734133
3897.0,14.273214693775383
3897.2,14.025583428811395
3897.4,14.10062325263185
3897.6,13.837144919429772
3897.8,13.963464437258615
3898.0,13.852916282294085
3898.2,13.888869806520582
3898.4,14.00511916359356
3898.6,14.00039394380732
3898.8,14.025505030779495
3899.0,14.182887355653481
3899.2,14.04552488091329
3899.4,14.228555074264907
3899.6,13.907492601220316
3899.8,14.261446233453622
3900.0,14.290429186938168
3900.2,14.233652317930188
3900.4,14.545468305638389
3900.6,14.35262896346401
3900.8,14.373577008487231
3901.0,14.113147736023084
3901.2,14.194091843310721
3901.4,14.305725685836164
3901.6,14.019799738083963
3901.8,13.865801531787964
3902.0,13.740728024038466
3902.2,14.235989731767837
3902.4,14.16953214131589
3902.6,14.149132183527112
3902.8,14.217974994783571
3903.0,14.115475006375926
3903.2,14.312785744160315
3903.4,14.11115807962475
3903.6,14.074548935482676
3903.8,14.268924519179478
3904.0,14.114776495886773
3904.2,14.023565610213595
3904.4,14.234876682342607
3904.6,14.231964240009345
3904.8,14.102163124992629
3905.0,13.975669992173156
3905.2,13.75919428540547
3905.4,13.828350701035871
3905.6,13.763819619960337
3905.8,13.710813596350759
3906.0,13.781187686248671
3906.2,13.8312502107759
3906.4,13.996931651771842
3906.6,14.01205197105208
3906.8,14.052333867345775
3907.0,14.189412334235481
3907.2,13.814958875954712
3907.4,14.13246425438822
3907.6,14.064777894848552
3907.8,14.094076796950084
3908.0,13.995009981979914
3908.2,14.260442306427416
3908.4,13.883689471316771
3908.6,13.890134454935142
3908.8,13.656803290831494
3909.0,13.83113165944755
3909.2,13.82063486384048
3909.4,13.8403682791546
3909.6,13.814380357471922
3909.8,13.922202389284227
3910.0,13.735769786024424
3910.2,13.872295806972827
3910.4,13.663817100215915
3910.6,13.746908614598027
3910.8,13.972870600732945
3911.0,13.741971455758286
3911.2,13.91830852851778
3911.4,13.907522869752862
3911.6,13.791656157785182
3911.8,13.986422227464628
3912.0,13.922681377322432
3912.2,13.823130966292199
3912.4,13.975758685302807
3912.6,14.020664040153672
3912.8,13.876918072525232
3913.0,13.925777928921843
3913.2,14.153833769551403
3913.4,13.796969444847882
3913.6,13.863177921780679
3913.8,13.961815801402368
3914.0,13.888860209360729
3914.2,13.811357254245777
3914.4,13.793503473642195
3914.6,13.78445793083614
3914.8,13.584080665407967
3915.0,13.80839182296694
3915.2,13.81198134999163
3915.4,13.796029541322692
3915.6,13.819656395236406
3915.8,13.942186554345664
3916.0,13.888642941525017
3916.2,13.94448004272833
3916.4,13.800438674442784
3916.6,14.027331259530719
3916.8,14.06104967045412
3917.0,14.014618855295804
3917.2,13.963043653601865
3917.4,14.011547094572967
3917.6,13.930165270582302
3917.8,13.910382224781564
3918.0,13.878978356135153
3918.2,13.839149314614097
3918.4,13.832139821241501
3918.6,14.105830858394
3918.8,14.002628005164734
3919.0,13.902208607314964
3919.2,13.772221906957288
3919.4,14.022327775996374
3919.6,13.878340355535258
3919.8,14.099383391261513
3920.0,14.028199513681267
3920.2,13.876803585825783
3920.4,13.78185891892657
3920.6,13.717087964247437
3920.8,13.879395519335736
3921.0,13.802791489690199
3921.2,13.78297333454058
3921.4,13.799344608071038
3921.6,13.888152535803634
3921.8,13.875196096264785
3922.0,13.813376533065814
3922.2,13.988487311200362
3922.4,13.976596238976235
3922.6,13.945429560167542
3922.8,13.861001408842707
3923.0,13.949197447685702
3923.2,13.968553232020929
3923.4,13.934872559270161
3923.6,14.204579897819718
3923.8,14.056620020488586
3924.0,14.14974031067462
3924.2,14.185109643654094
3924.4,14.25432398506805
3924.6,14.012395637615196
3924.8,14.144231831278839
3925.0,14.575999924986043
3925.2,14.547622282327682
3925.4,14.330223404877813
3925.6,14.560683951514893
3925.8,14.346857305101981
3926.0,14.195290895274713
3926.2,14.286115708896034
3926.4,14.080881309836178
3926.6,14.13319111518386
3926.8,13.969872691330941
3927.0,14.2023291511088
3927.2,14.33979037017247
3927.4,14.150866315431536
3927.6,14.333192046157999
3927.8,14.232975915784625
3928.0,14.35369688776887
3928.2,14.18551105292061
3928.4,14.166944692007604
3928.6,14.251718986842297
3928.8,14.097931860624026
3929.0,14.153840663152376
3929.2,14.21776428389606
3929.4,14.17945720884958
3929.6,14.2056015495772
3929.8,14.237473459436043
3930.0,14.209843658859008
3930.2,13.98444675903659
3930.4,14.314916558002597
3930.6,14.261830547736379
3930.8,14.160804329085614
3931.0,14.203937984449695
3931.2,14.082892064993036
3931.4,14.06402596844828
3931.6,14.244759006320844
3931.8,14.2734667267496
3932.0,14.032147406711747
3932.2,14.252082287009426
3932.4,14.291936321509072
3932.6,14.215764896970546
3932.8,14.192113758440197
3933.0,14.005826859608039
3933.2,14.002589104112314
3933.4,14.32079681190084
3933.6,14.456540721879358
3933.8,14.507370714721466
3934.0,14.725933479575573
3934.2,14.59277530730974
3934.4,14.585598549316419
3934.6,14.612909156802749
3934.8,14.355669179867942
3935.0,14.813132744154915
3935.2,14.736971965012051
3935.4,15.277136050090803
3935.6,15.53461193060556
3935.8,15.10285543603777
3936.0,15.144928482980271
3936.2,14.85471327104641
3936.4,14.37815342552296
3936.6,15.176999793872131
3936.8,15.285026155102825
3937.0,14.617488906071138
3937.2,14.739123973044988
3937.4,15.230497350561656
3937.6,14.968175224835267
3937.8,15.222036738314479
3938.0,15.798763386980053
3938.2,16.074066806718864
3938.4,16.520331316996522
3938.6,17.092040244129667
3938.8,16.76010533014
3939.0,16.67912057227811
3939.2,16.32506984387033
3939.4,16.28006823816914
3939.6,16.32778965381281
3939.8,16.4632773093081
3940.0,16.167555533664544
3940.2,15.514373926960026
3940.4,16.503283707604364
3940.6,16.080245373478
3940.8,16.59011460755889
3941.0,16.169968864767633
3941.2,15.45170374797192
3941.4,15.959285983583927
3941.6,15.463276990641074
3941.8,15.719035049045914
3942.0,15.9945642897629
3942.2,16.19734013402368
3942.4,16.425958517242236
3942.6,16.171974968867737
3942.8,16.46607660028814
3943.0,16.426074854197264
3943.2,15.96816997634242
3943.4,15.915344782065954
3943.6,15.789560541315106
3943.8,16.059262970807037
3944.0,15.675725009389268
3944.2,15.6733041697347
3944.4,15.59564185075573
3944.6,15.733059213864188
3944.8,16.201136294393105
3945.0,16.404540796644326
3945.2,15.27538109271119
3945.4,15.002379155578417
3945.6,15.099147687262045
3945.8,14.844750863574404
3946.0,14.727228815753024
3946.2,14.625669682458637
3946.4,14.533788048536643
3946.6,14.512668725491704
3946.8,14.228871117941555
3947.0,14.842573109784283
3947.2,15.17239046158765
3947.4,14.854560055380425
3947.6,14.686291611280815
3947.8,14.725195423647342
3948.0,14.892594817470144
3948.2,14.687810600336155
3948.4,14.802199279492248
3948.6,15.285582833699689
3948.8,15.358993788949032
3949.0,14.51518129593735
3949.2,14.404119146106478
3949.4,14.438672531536039
3949.6,14.392204487089696
3949.8,14.698933436831009
3950.0,15.028930902786941
3950.2,15.741048553837997
3950.4,15.640761214043795
3950.6,15.974437231403442
3950.8,15.518227310505829
3951.0,15.658542028522158
3951.2,15.872099239867294
3951.4,15.43519523790489
3951.6,15.703686687539552
3951.8,15.472586906786143
3952.0,15.728125511228711
3952.2,15.670849598085304
3952.4,15.640112180759399
3952.6,15.698345952072446
3952.8,15.181456927654931
3953.0,15.159014459199502
3953.2,15.123946116577383
3953.4,15.397366062919415
3953.6,14.824594292365544
3953.8,14.985717563460588
3954.0,15.60716679133959
3954.2,16.00270099319839
3954.4,16.04978512728829
3954.6,15.694122506266929
3954.8,15.797476707351034
3955.0,15.330389450143125
3955.2,15.681403108275624
3955.4,15.700650360112242
3955.6,15.91496364278325
3955.8,15.78921096464655
3956.0,15.491048953691903
3956.2,15.001475560233263
3956.4,15.61181876951646
3956.6,16.17927813540995
3956.8,15.745614900113214
3957.0,15.744215469050683
3957.2,16.05405096568594
3957.4,15.499187577289478
3957.6,15.410436838181592
3957.8,15.334224649781902
3958.0,15.21765708319503
3958.2,15.124060962637799
3958.4,14.579542084067407
3958.6,14.954316290293812
3958.8,14.979452581233073
3959.0,14.683621989294464
3959.2,14.541417268103189
3959.4,14.705614910386045
3959.6,14.59580691647986
3959.8,14.130395321446088
3960.0,13.9399235617697
3960.2,14.3437180962537
3960.4,14.337026846552138
3960.6,14.471529013250642
3960.8,14.396331327232222
3961.0,14.046335870376376
3961.2,14.809992484898366
3961.4,14.183976758574584
3961.6,14.271435153985069
3961.8,14.554445980637372
3962.0,15.011017247816161
3962.2,14.703765105748055
3962.4,15.383061472683341
3962.6,15.539557828642813
3962.8,15.079337188914614
3963.0,14.342926485929837
3963.2,14.896034803172002
3963.4,15.689177218690828
3963.6,15.287394135664844
3963.8,15.297970831441027
3964.0,15.008867272248086
3964.2,14.824416606315364
3964.4,14.627332865425181
3964.6,14.752655521260307
3964.8,14.617494879081033
3965.0,14.663704698891653
3965.2,15.025507667096242
3965.4,15.245358554408773
3965.6,14.682270728338956
3965.8,14.96051281434422
3966.0,14.606906264224502
3966.2,14.885133162691337
3966.4,15.260817821884276
3966.6,15.005870867295492
3966.8,15.089801286791571
3967.0,15.256074143714162
3967.2,15.241351276646334
3967.4,15.012175633500718
3967.6,14.971160162003168
3967.8,14.719052091822363
3968.0,14.45186191759905
3968.2,14.800496353608041
3968.4,15.11102684002983
3968.6,14.805068363359545
3968.8,14.964802700432418
3969.0,15.77491214611106
3969.2,15.25380135512595
3969.4,16.13057656081849
3969.6,16.07090720175141
3969.8,15.938545905741478
3970.0,15.420310259619734
3970.2,15.166342080701895
3970.4,15.14655136943085
3970.6,15.247020776300076
3970.8,16.050057524605023
3971.0,15.982554099741165
3971.2,15.541731254147155
3971.4,15.649292970916115
3971.6,15.474694070626429
3971.8,15.645453385457666
3972.0,15.11513119266801
3972.2,14.924371275886879
3972.4,14.672688546024734
3972.6,14.586281526912146
3972.8,14.968139838301093
3973.0,15.323021791747657
3973.2,14.858853849821232
3973.4,14.984735312673113
3973.6,15.317938927857831
3973.8,15.327110435139522
3974.0,16.213466689959883
3974.2,15.348822873453
3974.4,15.210743413446847
3974.6,14.828852726364403
3974.8,15.537556098922172
3975.0,15.142795085040158
3975.2,15.367196980886991
3975.4,15.161193563002149
3975.6,15.016387046143965
3975.8,15.262476641161669
3976.0,15.35313062353358
3976.2,15.300269263202843
3976.4,15.06880569548386
3976.6,14.810747159072983
3976.8,15.232094616834233
3977.0,15.805544568292673
3977.2,15.792525667274784
3977.4,15.710535317745133
3977.6,15.662225093682096
3977.8,15.943071736913922
3978.0,15.547311936873317
3978.2,15.351006824360322
3978.4,15.010667875645643
3978.6,15.049663364985953
3978.8,14.826727009271929
3979.0,15.30804858447129
3979.2,14.936606596688415
3979.4,14.93090188244436
3979.6,14.907985632015128
3979.8,14.86890774609384
3980.0,15.064304357600932
3980.2,14.908973224939038
3980.4,15.735949776561434
3980.6,15.08289942604897
3980.8,15.383098682793966
3981.0,15.824449256478072
3981.2,15.484182897336083
3981.4,15.19259602718372
3981.6,15.112747030658525
3981.8,15.303611963136529
3982.0,14.714801117874536
3982.2,14.952848094181213
3982.4,15.212972885494104
3982.6,15.672369309129747
3982.8,15.385780254170395
3983.0,14.480508065061265
3983.2,14.636781079451428
3983.4,14.8008789519413
3983.6,15.101730815607207
3983.8,14.885218859736845
3984.0,14.929109429575902
3984.2,15.394928721863867
3984.4,15.63633136082933
3984.6,15.109373489098965
3984.8,15.149722037695124
3985.0,14.924748365688721
3985.2,15.009777858349114
3985.4,15.50158491387102
3985.6,14.820547617806382
3985.8,15.191975627371635
3986.0,15.163685907654354
3986.2,15.232549972266806
3986.4,15.377678036183829
3986.6,14.772804938901324
3986.8,15.053446453591084
3987.0,14.509173354399369
3987.2,14.443111215984592
3987.4,14.796930383674132
3987.6,15.270167558367065
3987.8,14.953645849566923
3988.0,15.218535858413954
3988.2,14.878718227825727
3988.4,14.42524097844046
3988.6,14.33726831999846
3988.8,14.582073469956269
3989.0,14.758384675401388
3989.2,14.585245207940606
3989.4,14.578010342258823
3989.6,14.571810134289292
3989.8,14.99647847632369
3990.0,14.92761291118995
3990.2,14.78831855340333
3990.4,14.345639669780619
3990.6,14.370149656141384
3990.8,14.06046625680422
3991.0,14.373639168765672
3991.2,14.547728810436006
3991.4,14.27503595098129
3991.6,14.65772315793968
3991.8,14.456372808248247
3992.0,14.829932788510533
3992.2,15.42602676506258
3992.4,15.218527338446066
3992.6,15.431222206413572
3992.8,16.011096463097672
3993.0,15.877358389423392
3993.2,16.075060307572198
3993.4,15.83503944473292
3993.6,16.326422622899564
3993.8,16.78678046195425
3994.0,15.819203873481715
3994.2,16.120267219484216
3994.4,16.20991212604083
3994.6,16.246248960042628
3994.8,16.430135925553152
3995.0,15.85819996020576
3995.2,15.844987656522111
3995.4,15.523307951354653
3995.6,14.979228469601082
3995.8,14.359486903541193
3996.0,14.682719685195536
3996.2,14.514869210986818
3996.4,14.320782301176635
3996.6,14.575856815559094
3996.8,14.749301750310712
3997.0,14.62016522675347
3997.2,14.735670105500784
3997.4,15.09256192637493
3997.6,15.449582727095434
3997.8,14.888622624439442
3998.0,15.17468053541418
3998.2,14.760068655554582
3998.4,14.681229807293867
3998.6,14.697255659796312
3998.8,14.485884126170411
3999.0,14.783953756021056
3999.2,14.738066149440384
3999.4,14.605146208868318
3999.6,15.061125498047687
3999.8,14.3194120828155
4000.0,14.624450726768615
4000.2,14.360052974982011
4000.4,14.720357170065581
4000.6,14.761675324854275
4000.8,14.951787190096855
4001.0,15.214615406685992
4001.2,14.997430982103355
4001.4,14.987231600420417
4001.6,15.3008672415701
4001.8,14.975161166035104
4002.0,14.994599139777787
4002.2,14.68969332742854
4002.4,15.059645723200209
4002.6,15.225959521956788
4002.8,15.008927835425235
4003.0,15.102514268628289
4003.2,15.151751640525578
4003.4,15.442792334822109
4003.6,15.756065251249192
4003.8,15.538643804141294
4004.0,15.571136589564997
4004.2,15.504745988464224
4004.4,15.4725123226185
4004.6,15.059039965091346
4004.8,14.977632498375876
4005.0,15.352728872258059
4005.2,15.34128232916344
4005.4,15.389640232644199
4005.6,15.180840544762312
4005.8,15.097098799240353
4006.0,15.198054390355566
4006.2,14.853726094506658
4006.4,15.026432770668997
4006.6,14.734631469599595
4006.8,14.807120403500631
4007.0,15.272171034910176
4007.2,15.367688079039652
4007.4,15.151546253951446
4007.6,15.60142137223889
4007.8,15.135728610034436
4008.0,14.585105316775035
4008.2,14.803170123539516
4008.4,14.487377432585184
4008.6,14.404758647030986
4008.8,14.362655190730953
4009.0,14.469421533261354
4009.2,14.620652159758778
4009.4,14.504212587363334
4009.6,14.295321934817924
4009.8,14.16866272155948
4010.0,14.401564592831912
4010.2,14.064976434085256
4010.4,14.520037401434966
4010.6,14.193208998405783
4010.8,14.44353911180249
4011.0,14.309504528559941
4011.2,14.099549870510854
4011.4,14.120864723658407
4011.6,14.46289515964436
4011.8,14.390413085487676
4012.0,14.308588789873312
4012.2,14.362361122948151
4012.4,14.43140083360502
4012.6,14.331869777208244
4012.8,14.652361643194267
4013.0,14.303172309845353
4013.2,14.367071400805083
4013.4,14.359772256899923
4013.6,14.566572033760284
4013.8,14.630536933593355
4014.0,15.149401623290618
4014.2,15.113757689057103
4014.4,14.924683676195205
4014.6,14.82898476268166
4014.8,14.964286901627489
4015.0,14.918851186168292
4015.2,14.829134633399711
4015.4,14.814824280017877
4015.6,14.953762065068513
4015.8,14.847870166129532
4016.0,15.029526084600837
4016.2,15.541953866876248
4016.4,14.994190290940605
4016.6,15.03162642273473
4016.8,15.145788497498017
4017.0,15.292569527166751
4017.2,14.90828992092188
4017.4,14.568568557558297
4017.6,14.935979365682792
4017.8,14.905755047056878
4018.0,14.993806743876984
4018.2,14.784498812694709
4018.4,14.661245984635304
4018.6,14.473450110758455
4018.8,14.190382178613866
4019.0,14.651923218920121
4019.2,14.687259087702756
4019.4,14.609942664013506
4019.6,14.559473209841258
4019.8,14.8324176537913
4020.0,14.751719113149651
4020.2,14.796985432467984
4020.4,15.364514171521131
4020.6,15.530698021655047
4020.8,15.064628764231262
4021.0,15.137372871135037
4021.2,15.171996121533148
4021.4,15.221189273937235
4021.6,15.13265559188014
4021.8,15.226452842281088
4022.0,15.568991803984787
4022.2,15.445035212059379
4022.4,15.134707370412386
4022.6,15.489612390059413
4022.8,15.669090873427942
4023.0,15.569654165698427
4023.2,16.021782839020602
4023.4,14.85963560641398
4023.6,14.80953522091262
4023.8,15.155599319027743
4024.0,15.47515692576944
4024.2,15.28332822626529
4024.4,15.005254156222032
4024.6,14.768287382381764
4024.8,14.869547574734554
4025.0,14.800069216681894
4025.2,14.851187745759354
4025.4,14.978810124876018
4025.6,15.02002222645662
4025.8,15.244259965056228
4026.0,14.513749192796562
4026.2,14.508214809994762
4026.4,14.615842207672374
4026.6,15.05501022525918
4026.8,14.909612194805181
4027.0,14.737802166036706
4027.2,14.70473324097101
4027.4,14.671661682509407
4027.6,15.085232596854754
4027.8,15.138605313652334
4028.0,16.016038989262068
4028.2,16.088903223371855
4028.4,16.257675338235646
4028.6,15.70461164833289
4028.8,16.24570305277068
4029.0,15.947114110523483
4029.2,15.57015111986551
4029.4,15.822776642807614
4029.6,15.513817250496144
4029.8,15.567547657614059
4030.0,15.426012513289214
4030.2,15.756748632194535
4030.4,15.185755672171997
4030.6,15.473124841046797
4030.8,15.444582336965755
4031.0,15.2826778360896
4031.2,15.489250009870208
4031.4,15.698258555730327
4031.6,15.665329693741963
4031.8,15.998124915484873
4032.0,15.559633386573301
4032.2,15.066188464985492
4032.4,14.624874355401671
4032.6,14.905119025689084
4032.8,14.34507580980316
4033.0,14.34770931348658
4033.2,14.387705436200546
4033.4,14.080128495002104
4033.6,13.986376640847842
4033.8,13.867702978903942
4034.0,13.823005256396481
4034.2,13.515603701555401
4034.4,13.87803784121741
4034.6,13.869712245031804
4034.8,14.159227128323053
4035.0,14.244684554478017
4035.2,14.910303364978297
4035.4,15.012022952108229
4035.6,15.517219108730433
4035.8,15.589493844243634
4036.0,15.366328066361174
4036.2,15.16507517543847
4036.4,15.48490519687521
4036.6,15.843898822887905
4036.8,14.90609244094096
4037.0,15.381759171263367
4037.2,15.4281071569293
4037.4,15.225847641355388
4037.6,15.265017820819375
4037.8,15.491507189501164
4038.0,15.07633624209862
4038.2,15.274685842134886
4038.4,15.819049815267949
4038.6,15.891621403667811
4038.8,16.38470261898404
4039.0,16.775350192563234
4039.2,17.021860720587966
4039.4,17.53514075822426
4039.6,16.931340578207696
4039.8,16.93939371202464
4040.0,16.779266561126725
4040.2,16.869861377668187
4040.4,16.310049955679567
4040.6,16.225281033055378
4040.8,15.624524501405993
4041.0,15.40812007933236
4041.2,15.888291830398096
4041.4,16.06531347653926
4041.6,15.600256536520046
4041.8,15.711712923176561
4042.0,15.470061574217432
4042.2,15.22318282167118
4042.4,15.446995984725326
4042.6,15.87899426321048
4042.8,15.36456859133731
4043.0,15.794616032275783
4043.2,15.392229548205833
4043.4,14.864868914552655
4043.6,14.986386161861706
4043.8,14.842309142282073
4044.0,15.183722765880624
4044.2,14.88300424166823
4044.4,14.828234007345948
4044.6,14.389262953374146
4044.8,14.240769568762651
4045.0,14.579629886137312
4045.2,14.581093828199691
4045.4,14.748489067089546
4045.6,14.581609672719704
4045.8,14.796666094361148
4046.0,14.582112121031788
4046.2,14.302154389390987
4046.4,14.286517367952351
4046.6,14.455981284156023
4046.8,14.614857004276008
4047.0,14.690061334220987
4047.2,15.213474754364935
4047.4,14.880389777193102
4047.6,14.825131226001734
4047.8,14.91936128877759
4048.0,15.149729895246695
4048.2,15.41735655560199
4048.4,15.412988735229918
4048.6,15.234876531710555
4048.8,15.833695984434048
4049.0,15.328918837796735
4049.2,15.18962131891769
4049.4,15.683564713271918
4049.6,15.610213421502833
4049.8,16.03796217714508
4050.0,15.620821494113237
4050.2,15.726933205038849
4050.4,15.908679911769552
4050.6,15.996592578954518
4050.8,15.914950227888678
4051.0,16.39495651364756
4051.2,16.58016774426571
4051.4,16.384746241928557
4051.6,16.626419098903416
4051.8,16.619863585242793
4052.0,16.66215009187436
4052.2,15.593942250847912
4052.4,16.45242631641477
4052.6,16.37653817452693
4052.8,16.696026781996032
4053.0,16.817888921158232
4053.2,16.400500987170222
4053.4,15.29458142569895
4053.6,15.200679687449838
4053.8,15.823563522787365
4054.0,15.938742356171671
4054.2,15.22143812412541
4054.4,15.534500539427118
4054.6,15.75259408135565
4054.8,15.677598005163276
4055.0,15.95371062088012
4055.2,15.536713295514478
4055.4,15.081326788623082
4055.6,14.90286663881254
4055.8,15.523774853632965
4056.0,15.228452604008586
4056.2,15.056307652187584
4056.4,14.96919744175818
4056.6,14.870190012602684
4056.8,15.393549273951699
4057.0,15.083384270396099
4057.2,15.075518466149616
4057.4,15.412561338983119
4057.6,15.388050494624592
4057.8,15.239581556233652
4058.0,15.083956595593689
4058.2,15.510578783132443
4058.4,15.08704789257849
4058.6,15.23008850835308
4058.8,15.361645146369094
4059.0,15.222143154718108
4059.2,15.353392618860022
4059.4,15.109665007592943
4059.6,14.86545638422361
4059.8,15.260096820056123
4060.0,15.070215482563272
4060.2,14.914405314329638
4060.4,15.47479667726469
4060.6,15.181046758244431
4060.8,16.237630666183943
4061.0,16.37235422973037
4061.2,16.823754825291164
4061.4,16.550055619954847
4061.6,16.66082992039439
4061.8,16.272748279547088
4062.0,16.015360596091316
4062.2,16.463151905158828
4062.4,15.903588234747616
4062.6,16.570175525514735
4062.8,16.29935302274464
4063.0,15.651552095675957
4063.2,15.748823563508118
4063.4,15.420223677321665
4063.6,15.38228258883763
4063.8,15.62234485845254
4064.0,16.599360086130737
4064.2,16.82843902585627
4064.4,17.035787002747668
4064.6,16.29120020733946
4064.8,16.498303443929714
4065.0,16.135902967300556
4065.2,15.992500614427481
4065.4,16.24153855571404
4065.6,15.93747374334052
4065.8,15.583479437997996
4066.0,15.162435686170848
4066.2,15.330256370825113
4066.4,15.861942854624505
4066.6,15.492778588806399
4066.8,15.610600662861579
4067.0,15.692816418903712
4067.2,15.902657619228325
4067.4,16.035052260915947
4067.6,15.68722973534089
4067.8,15.65562385241937
4068.0,15.544885648044101
4068.2,15.338809526008648
4068.4,15.805890154793543
4068.6,15.662766522531246
4068.8,15.99031587147312
4069.0,15.196121047170388
4069.2,15.438095241697543
4069.4,14.913576946920767
4069.6,14.692053149407162
4069.8,15.21662198116459
4070.0,15.066139501973488
4070.2,14.910790116383536
4070.4,14.94079815642544
4070.6,14.829518497348428
4070.8,14.653232703831005
4071.0,15.334928888727358
4071.2,15.436414123424054
4071.4,15.918025320372912
4071.6,16.35328154517673
4071.8,16.669297451100512
4072.0,16.527448150298092
4072.2,16.362460004904595
4072.4,16.40655564232324
4072.6,16.5872893159722
4072.8,15.479847223757275
4073.0,16.47964167478132
4073.2,16.538667367084642
4073.4,16.032150068120483
4073.6,16.75684346497207
4073.8,16.945386775001342
4074.0,16.041026337149226
4074.2,16.387836105423244
4074.4,15.760181890046779
4074.6,15.841730678920937
4074.8,15.85751585978295
4075.0,15.6483930552787
4075.2,15.807466474659089
4075.4,16.011731855703047
4075.6,15.698814790385992
4075.8,15.669481816285453
4076.0,15.721027710560072
4076.2,15.514389087585192
4076.4,15.313327486218196
4076.6,15.04330782859091
4076.8,15.17509945018512
4077.0,15.185308662325841
4077.2,15.210163307413165
4077.4,15.035768124658308
4077.6,14.921334803307937
4077.8,15.477255381745877
4078.0,15.664516336264471
4078.2,16.039231382028625
4078.4,16.23100845566566
4078.6,16.15269498234812
4078.8,15.998758931400687
4079.0,16.18234104682555
4079.2,16.239012546583727
4079.4,16.12516036920321
4079.6,16.108770204020374
4079.8,15.926768439903627
4080.0,15.947723449361204
4080.2,15.836372845503423
4080.4,16.290377585963107
4080.6,16.0656905309826
4080.8,16.061847766964394
4081.0,15.853099130087994
4081.2,15.569769592500846
4081.4,15.789103471604655
4081.6,15.830769397642591
4081.8,16.045893223779817
4082.0,16.152373269088237
4082.2,16.089646961612228
4082.4,15.788339814567976
4082.6,16.135140067018952
4082.8,15.882598023568576
4083.0,16.155393718591895
4083.2,16.322943899866043
4083.4,15.83016108251896
4083.6,15.728180455115044
4083.8,16.416064568781042
4084.0,15.694071354370669
4084.2,15.697473084910577
4084.4,15.804751085737967
4084.6,16.168703353946814
4084.8,16.71088550322601
4085.0,16.938718749147192
4085.2,16.636083320827325
4085.4,16.628574813292314
4085.6,16.038886065091763
4085.8,16.82953526701412
4086.0,17.574079710195882
4086.2,17.150515319617583
4086.4,17.472599959681578
4086.6,17.86385741129303
4086.8,17.362967118194717
4087.0,17.197812569682934
4087.2,16.958788486816648
4087.4,16.104143687327145
4087.6,15.946606052806242
4087.8,15.899922531369203
4088.0,16.002018712053673
4088.2,15.783630653569578
4088.4,15.988703225726663
4088.6,15.494035215322832
4088.8,15.429094626705332
4089.0,15.24920998222466
4089.2,15.600080104446024
4089.4,15.376986149691433
4089.6,15.044902755447378
4089.8,15.755146481361823
4090.0,15.928264185675529
4090.2,16.166164064427658
4090.4,15.797605743877924
4090.6,15.107454381374335
4090.8,15.62177542726213
4091.0,14.883385901990769
4091.2,15.122310327841031
4091.4,15.204230221463067
4091.6,15.227337301952378
4091.8,15.394412146643452
4092.0,15.014743600153096
4092.2,15.102327564321634
4092.4,15.153004054318416
4092.6,15.04681665924835
4092.8,14.896295569533038
4093.0,14.496240741615686
4093.2,14.70592813383038
4093.4,14.886997257715244
4093.6,15.12183765595955
4093.8,15.182508516841127
4094.0,15.225608159944017
4094.2,14.787087556961417
4094.4,14.526090731383764
4094.6,14.735034280848742
4094.8,14.455660168091494
4095.0,14.656894748699349
4095.2,14.483475507021272
4095.4,14.545708156320424
4095.6,14.268112953419266
4095.8,14.267267043996632
4096.0,14.334173020870871
4096.2,14.381968839208515
4096.4,14.397448899254215
4096.6,14.36582264335179
4096.8,14.459592358358753
4097.0,14.357049359881856
4097.2,14.305674929344978
4097.4,14.52102683044246
4097.6,14.876420086383105
4097.8,15.012590043022671
4098.0,15.036831097697592
4098.2,14.326079808806593
4098.4,14.763451150078748
4098.6,15.201319247077947
4098.8,16.01569904032751
4099.0,16.137536638956426
4099.2,16.263495990581987
4099.4,16.23055520591943
4099.6,15.94632623484976
4099.8,15.83138295309536
4100.0,15.701079341791308
4100.2,15.79914889728495
4100.4,16.05201165971255
4100.6,16.273954127126036
4100.8,15.967308533449016
4101.0,15.487420008147065
4101.2,15.218894694971867
4101.4,15.521793585697019
4101.6,15.424491686549137
4101.8,15.50421321323806
4102.0,15.282920266702325
4102.2,15.688222502617402
4102.4,15.986580510122394
4102.6,15.172790733391254
4102.8,15.5495963579086
4103.0,15.610009439038183
4103.2,15.33753382262444
4103.4,15.447899667911749
4103.6,15.411991732530343
4103.8,15.127724893825118
4104.0,15.53134748932213
4104.2,15.408161074161143
4104.4,15.951160063263256
4104.6,15.709156182782035
4104.8,15.689984598848666
4105.0,15.843659269326144
4105.2,15.89428375400584
4105.4,16.328871307402444
4105.6,16.775739428017282
4105.8,17.407006879666767
4106.0,16.880227297004605
4106.2,17.378710641507407
4106.4,17.362165466443262
4106.6,17.201235228241906
4106.8,16.699112162071522
4107.0,16.045590982901153
4107.2,16.005189672387917
4107.4,15.828036892706878
4107.6,15.647827132650555
4107.8,15.881837167636794
4108.0,15.801986916833798
4108.2,16.49548463125611
4108.4,15.959518855826394
4108.6,15.685374177116413
4108.8,16.650153812369673
4109.0,16.42889617342267
4109.2,16.798362668551757
4109.4,16.732653974035664
4109.6,17.172059706959054
4109.8,17.397879136467623
4110.0,16.891605013267792
4110.2,16.489393518191566
4110.4,16.6028372189486
4110.6,16.47056555568514
4110.8,15.701137985624396
4111.0,15.561472558758211
4111.2,16.392557035791228
4111.4,16.20431080230422
4111.6,16.199962390190368
4111.8,16.323897691278113
4112.0,16.213797885123366
4112.2,15.105356754267072
4112.4,15.071301918655992
4112.6,15.067581284016121
4112.8,15.137870304885768
4113.0,15.374403106171744
4113.2,15.312623640670708
4113.4,15.205242172522457
4113.6,15.198836590876127
4113.8,14.609822578942534
4114.0,15.144294802399196
4114.2,14.945117906108178
4114.4,14.984073782402525
4114.6,15.168617726773839
4114.8,15.428901773394625
4115.0,15.07815262396933
4115.2,15.31292515567788
4115.4,15.33082243689077
4115.6,14.898098469164188
4115.8,15.03076738953181
4116.0,15.342445363266942
4116.2,14.989953521039567
4116.4,14.707200357444702
4116.6,15.037744495558517
4116.8,15.035756356326273
4117.0,15.339118727131453
4117.2,15.498798653937582
4117.4,15.392986588926803
4117.6,15.149625241495855
4117.8,15.299757886000624
4118.0,15.439280943238568
4118.2,15.448012981286489
4118.4,15.07301152344308
4118.6,15.319337639756794
4118.8,15.226033359783656
4119.0,15.651562241587094
4119.2,15.261475448708975
4119.4,15.688555940696773
4119.6,15.70433748651796
4119.8,15.34539650426818
4120.0,15.645017820433132
4120.2,15.162395036422744
4120.4,15.80842800299351
4120.6,15.611051465084657
4120.8,15.443770311710255
4121.0,15.596271204846243
4121.2,15.679136545400052
4121.4,15.640657197193075
4121.6,15.568741133531123
4121.8,15.759978088392772
4122.0,15.79191780225251
4122.2,15.745141110046001
4122.4,15.853383898245617
4122.6,15.6222272655416
4122.8,15.631838385915218
4123.0,15.992654677210327
4123.2,15.763477291591922
4123.4,15.938619787820524
4123.6,15.654485897372917
4123.8,15.510165222706089
4124.0,15.108575859844311
4124.2,15.446952091809646
4124.4,15.633062182638833
4124.6,15.748164447995311
4124.8,15.3499855967689
4125.0,15.608041001200274
4125.2,15.677180092057776
4125.4,15.142283352334719
4125.6,15.40615264003909
4125.8,15.629683142332036
4126.0,15.46097964228193
4126.2,15.186881693175817
4126.4,15.222642483556879
4126.6,15.327659618179446
4126.8,15.211601452797012
4127.0,14.91525379508868
4127.2,14.531163999303073
4127.4,14.816041110212739
4127.6,15.04464035651768
4127.8,15.136013736916656
4128.0,15.328815330091112
4128.2,15.197655093524228
4128.4,14.736645888629287
4128.6,14.714690553106758
4128.8,14.879500905372662
4129.0,15.802005723750652
4129.2,15.795796135679634
4129.4,15.028466367376282
4129.6,15.48342273406816
4129.8,15.653081126299025
4130.0,14.856162391972383
4130.2,15.165785083338232
4130.4,14.873304237407307
4130.6,15.334143116739703
4130.8,15.223235059722741
4131.0,14.91929202815103
4131.2,15.198553410047662
4131.4,14.462319006652727
4131.6,14.414066194426045
4131.8,14.393255133153724
4132.0,14.392031165113261
4132.2,14.352368452425772
4132.4,14.369553644384833
4132.6,14.568329883841077
4132.8,14.403646758362934
4133.0,14.16878423634712
4133.2,14.192084768281653
4133.4,14.030483865238509
4133.6,14.194176064213114
4133.8,14.15184172519696
4134.0,14.359783092474904
4134.2,14.199824197062107
4134.4,14.363579896615633
4134.6,14.457547272180092
4134.8,14.513256900518108
4135.0,14.396483343972026
4135.2,15.108271318451846
4135.4,15.15283773572843
4135.6,14.776049240865927
4135.8,14.542326859296965
4136.0,14.760094017412726
4136.2,14.756394946396616
4136.4,14.917942291106296
4136.6,14.840870485669036
4136.8,14.605021414698571
4137.0,14.34845849697406
4137.2,14.653982749964907
4137.4,14.694650197585029
4137.6,15.139282489019115
4137.8,15.107316258359663
4138.0,14.529437695137679
4138.2,14.929229332584555
4138.4,14.806349193914684
4138.6,14.608658813347613
4138.8,14.407410723778906
4139.0,14.642792146513434
4139.2,14.771370171707225
4139.4,14.787556697722547
4139.6,14.309697674659814
4139.8,14.407658008177336
4140.0,14.724539812285443
4140.2,14.87598944513107
4140.4,14.834506537573287
4140.6,14.724822511461939
4140.8,14.665784693255963
4141.0,14.969421400265823
4141.2,14.9251029587948
4141.4,15.043227154768669
4141.6,14.649271881373744
4141.8,14.651835724444648
4142.0,14.99531542812121
4142.2,15.41072037223308
4142.4,15.7322030050513
4142.6,15.593533455101063
4142.8,15.884828535906578
4143.0,15.474936716688454
4143.2,15.269814170996092
4143.4,15.366521221493041
4143.6,15.195208558552233
4143.8,15.404546596913352
4144.0,15.208503620202995
4144.2,15.417607194869781
4144.4,15.406036040494884
4144.6,15.348483736602407
4144.8,15.046487031052253
4145.0,15.046131527154461
4145.2,15.151701419594243
4145.4,15.270679222055394
4145.6,15.132731097845904
4145.8,14.802793859135887
4146.0,15.271137411726768
4146.2,15.465210490059405
4146.4,16.193614118135905
4146.6,16.240727934603775
4146.8,16.384511769662385
4147.0,16.085916889964427
4147.2,15.741327064871966
4147.4,15.730925330524295
4147.6,15.873671357380662
4147.8,15.163817203990293
4148.0,16.190603798400083
4148.2,16.256407347311676
4148.4,16.507887188022238
4148.6,16.211908595501466
4148.8,16.458404600454678
4149.0,16.230177901330652
4149.2,16.176947476922123
4149.4,16.443148556565323
4149.6,15.985934584267854
4149.8,16.359233457272456
4150.0,16.708345287723674
4150.2,16.596520285811113
4150.4,16.927171397936018
4150.6,16.146489686557114
4150.8,16.392984643140313
4151.0,16.3867309412133
4151.2,16.20766411962097
4151.4,15.978531773863661
4151.6,15.780814891120167
4151.8,15.598984375979082
4152.0,16.390870132161133
4152.2,16.12144790778553
4152.4,15.712143005646864
4152.6,15.793079029472288
4152.8,16.059793177368952
4153.0,16.716183020349792
4153.2,16.561058929631706
4153.4,16.08078422275982
4153.6,16.03392245050482
4153.8,16.211673711295614
4154.0,16.076084726989986
4154.2,16.080633312691127
4154.4,15.83999855932645
4154.6,15.492256174050972
4154.8,15.325436166949784
4155.0,15.10266123149566
4155.2,14.996810667994867
4155.4,15.120711728872642
4155.6,15.006595194426087
4155.8,15.292685586762298
4156.0,14.777390825957665
4156.2,15.492544407166058
4156.4,15.447016528013265
4156.6,15.489480502690737
4156.8,15.624273184010429
4157.0,15.991899258913925
4157.2,15.508842881608302
4157.4,15.405246011600475
4157.6,15.70786765402156
4157.8,16.070447800301515
4158.0,16.51830085520035
4158.2,15.571699633650226
4158.4,15.53675874851727
4158.6,14.881899071177276
4158.8,15.28546281841183
4159.0,15.668398582977243
4159.2,15.82208308147765
4159.4,15.328509980305727
4159.6,15.713569152145535
4159.8,15.775835192850227
4160.0,16.174341150864958
4160.2,16.21666241986527
4160.4,15.49982029009179
4160.6,15.897222299624936
4160.8,16.254961433741055
4161.0,15.795437174430552
4161.2,17.143425802448295
4161.4,16.505343199557103
4161.6,16.41253274616641
4161.8,16.65614639908369
4162.0,16.430664159445335
4162.2,16.414930238466567
4162.4,16.228881322798806
4162.6,15.400184023222138
4162.8,15.552173106712301
4163.0,16.23989700053218
4163.2,16.252366388679587
4163.4,16.536168160711004
4163.6,16.91704557131919
4163.8,16.331085352209275
4164.0,16.839473086251036
4164.2,16.60755413846398
4164.4,16.47785178400752
4164.6,16.29352132630548
4164.8,16.306609658906194
4165.0,16.548767135186672
4165.2,16.36093131868811
4165.4,16.41667773269114
4165.6,16.398327532254562
4165.8,16.498692723808826
4166.0,16.266732326769475
4166.2,16.48221358303119
4166.4,16.407978042613912
4166.6,16.678241474667715
4166.8,16.122476178196358
4167.0,16.27116886629672
4167.2,16.32309784087766
4167.4,15.50101326212992
4167.6,15.442780264067386
4167.8,15.430505280438997
4168.0,16.195135442418966
4168.2,16.169289984983596
4168.4,16.73877787964542
4168.6,15.635899814791737
4168.8,15.951703591253104
4169.0,16.71457865100549
4169.2,16.71846105590381
4169.4,16.346470789550164
4169.6,16.400994834965193
4169.8,16.354994092763764
4170.0,15.996769452407065
4170.2,17.161520261616726
4170.4,16.643963798025254
4170.6,16.768842620215615
4170.8,16.733110687751285
4171.0,16.57482769714997
4171.2,17.12081646193631
4171.4,16.56229198606765
4171.6,16.456144245261516
4171.8,15.62355912900773
4172.0,15.554998737965093
4172.2,16.524654074992025
4172.4,17.08083737456785
4172.6,16.709969778205977
4172.8,16.681246600423716
4173.0,17.88677049553904
4173.2,17.565547901343827
4173.4,18.00987366819802
4173.6,18.482834624901617
4173.8,16.994597850112687
4174.0,16.639089725003345
4174.2,16.92718042806773
4174.4,16.617973549714474
4174.6,16.40180294635307
4174.8,16.69712890864253
4175.0,16.585544549546
4175.2,16.174554135769526
4175.4,16.502134841324125
4175.6,16.941363639243217
4175.8,16.6851654898145
4176.0,16.09750925783137
4176.2,16.298498520151348
4176.4,16.857295518086243
4176.6,16.66299224971156
4176.8,16.909030640989023
4177.0,16.18782072197851
4177.2,16.227973713399205
4177.4,16.632507292503803
4177.6,16.137260554129654
4177.8,16.467060452644247
4178.0,16.531085716542936
4178.2,15.805089521541358
4178.4,16.174121796613953
4178.6,15.974090733374739
4178.8,16.04298379635988
4179.0,15.779674995839134
4179.2,16.48111701292035
4179.4,16.92410410175404
4179.6,16.99935572587888
4179.8,16.595713178588564
4180.0,16.720629756085355
4180.2,16.877624381642327
4180.4,16.1178332521288
4180.6,16.51162511513992
4180.8,16.37993459531
4181.0,17.05466385411057
4181.2,16.72133936147867
4181.4,16.524940487060785
4181.6,16.14530043541346
4181.8,16.64993337985184
4182.0,16.59286959430063
4182.2,15.981304239473399
4182.4,15.75305608551185
4182.6,15.246383415978567
4182.8,15.593468806808692
4183.0,15.944828845224947
4183.2,15.897386616338895
4183.4,16.076107457703554
4183.6,16.013429903145372
4183.8,16.246668171079367
4184.0,15.657956969911293
4184.2,15.926360467838151
4184.4,15.488552044042454
4184.6,15.87214604609791
4184.8,15.7341191815485
4185.0,15.068916865480329
4185.2,15.350122414193068
4185.4,15.21631117492916
4185.6,15.093504969962295
4185.8,15.105188786009284
4186.0,14.577751674904086
4186.2,15.19986100624418
4186.4,15.02991853066871
4186.6,15.034778933119595
4186.8,15.41490386740386
4187.0,14.658870150588225
4187.2,14.57339753158079
4187.4,14.926040358683007
4187.6,14.940973734047416
4187.8,15.228968467887526
4188.0,15.025814850814982
4188.2,15.114079861835766
4188.4,14.770700378015722
4188.6,14.44386061415943
4188.8,14.538586583573519
4189.0,13.938226816173177
4189.2,13.874144572339699
4189.4,14.116128503897096
4189.6,14.127376202806353
4189.8,14.4817753037528
4190.0,13.803168338214522
4190.2,13.736366453205221
4190.4,13.739319430065844
4190.6,13.981386172155894
4190.8,13.665883726013458
4191.0,14.177327160305557
4191.2,13.958857351923493
4191.4,14.059339987121795
4191.6,14.481899074242335
4191.8,13.97984510131046
4192.0,14.036474435078048
4192.2,14.042183570584303
4192.4,14.339866019857476
4192.6,13.928382061972002
4192.8,13.957945147009443
4193.0,14.464604224592414
4193.2,14.488957725824372
4193.4,14.303718201802129
4193.6,14.434839431727465
4193.8,14.301327156178372
4194.0,14.49022429989261
4194.2,14.054721799525593
4194.4,13.98584340072664
4194.6,14.099669645223328
4194.8,14.087951512415732
4195.0,14.024559581610651
4195.2,14.07964382190768
4195.4,14.203511678448448
4195.6,14.18063412701139
4195.8,14.00740689189264
4196.0,14.044431542352687
4196.2,14.12180304353718
4196.4,14.072399311687029
4196.6,14.181843499012059
4196.8,14.078895202670695
4197.0,14.107524494166856
4197.2,14.1800571722421
4197.4,14.027456848812275
4197.6,14.31361979099302
4197.8,14.305329762742172
4198.0,14.115022351119926
4198.2,14.006272062375512
4198.4,14.091470819696832
4198.6,14.185941486552284
4198.8,14.28664994878196
4199.0,14.597716536948742
4199.2,14.585617444658588
4199.4,14.422426817444943
4199.6,14.553965882157087
4199.8,14.923814445904247
4200.0,14.855042476688913
4200.2,14.578377293267973
4200.4,14.516579055763078
4200.6,14.78845074215208
4200.8,14.931203169906084
4201.0,14.652803343566452
4201.2,15.222158235845143
4201.4,15.205175075999417
4201.6,14.75267793414265
4201.8,15.03109557878866
4202.0,15.08287782854188
4202.2,14.868482168266697
4202.4,15.167695732809868
4202.6,15.220641738701424
4202.8,15.352210090145878
4203.0,14.629073321729276
4203.2,15.019723137029148
4203.4,15.026175884840791
4203.6,14.98268543910845
4203.8,15.130322382250142
4204.0,14.455677129168203
4204.2,14.551608374317272
4204.4,14.626107422009646
4204.6,15.082497127525798
4204.8,15.026957906579376
4205.0,14.73024503378934
4205.2,14.610480720683437
4205.4,14.86094927122555
4205.6,15.009560675834805
4205.8,14.805694533721194
4206.0,14.652175926804619
4206.2,14.611171425830493
4206.4,14.609551348163365
4206.6,14.49882861724327
4206.8,14.550378358151551
4207.0,14.448336746101432
4207.2,14.714456346881803
4207.4,14.397275641792763
4207.6,14.529766142818715
4207.8,14.795763732459516
4208.0,15.051497505902597
4208.2,15.036867793767817
4208.4,15.891154922527415
4208.6,15.974531510283935
4208.8,15.827834817469387
4209.0,15.983203170301255
4209.2,14.905599289715353
4209.4,14.86996186760093
4209.6,15.030120990874307
4209.8,15.44265588681969
4210.0,15.921824799315074
4210.2,15.931495810757552
4210.4,16.28120903403648
4210.6,16.580551618567732
4210.8,16.66581331226034
4211.0,16.767539175166196
4211.2,16.676911103656366
4211.4,16.547659380600365
4211.6,16.79495422042213
4211.8,16.761398098367284
4212.0,16.4559287507115
4212.2,16.514950033632164
4212.4,16.385685796038242
4212.6,15.939577324277012
4212.8,15.876736942381594
4213.0,16.223884062243712
4213.2,15.848325076806503
4213.4,16.30808319832521
4213.6,16.408242943337093
4213.8,16.38715559964313
4214.0,17.014929314374804
4214.2,16.262567311657225
4214.4,16.127271133890677
4214.6,16.333109583328305
4214.8,17.080997575178376
4215.0,17.100212687016395
4215.2,16.01875229541008
4215.4,16.319215584945802
4215.6,16.690159543186482
4215.8,16.418972894324074
4216.0,16.093725094262517
4216.2,16.30757214316019
4216.4,15.764406145264925
4216.6,16.452808372266286
4216.8,15.584652296623007
4217.0,15.999000783954127
4217.2,15.579481502747942
4217.4,15.615400767660857
4217.6,15.174462303446283
4217.8,14.889357685654854
4218.0,14.706156252684043
4218.2,15.263445580246167
4218.4,15.08149566335394
4218.6,14.810943393000489
4218.8,15.350111550321444
4219.0,15.320609323115162
4219.2,15.627921123983695
4219.4,15.543142909799508
4219.6,16.04293773006354
4219.8,15.919840775603602
4220.0,15.749854650684965
4220.2,15.728117877563854
4220.4,15.574954222754931
4220.6,15.263222034187134
4220.8,15.534565567637678
4221.0,15.533531775209484
4221.2,15.285377098969775
4221.4,15.385590245133416
4221.6,15.356775725642455
4221.8,15.268226772894899
4222.0,15.743818925071658
4222.2,15.854610257102157
4222.4,15.746740798661811
4222.6,16.358038016651236
4222.8,15.8717215773887
4223.0,15.98874421668674
4223.2,15.532943668450693
4223.4,15.833072805578034
4223.6,15.826374690945233
4223.8,15.483820008551405
4224.0,15.08443365992306
4224.2,14.993979050498776
4224.4,15.031088742739858
4224.6,14.747655445553127
4224.8,14.924286371227254
4225.0,15.090726978754311
4225.2,15.82388131185311
4225.4,15.6351381672809
4225.6,16.171270412089598
4225.8,16.064240816770226
4226.0,15.837200212858276
4226.2,16.053553143155035
4226.4,16.67889180921353
4226.6,16.28266522859223
4226.8,16.43776138272392
4227.0,16.271300159942736
4227.2,16.52461129072022
4227.4,16.733396903325072
4227.6,16.801164714686482
4227.8,16.55375334652563
4228.0,16.149988355330173
4228.2,16.272442042322485
4228.4,15.6002705217171
4228.6,15.26263278590607
4228.8,15.366114907328877
4229.0,15.732065495260164
4229.2,15.889003423190637
4229.4,16.15874052863927
4229.6,16.28970055747036
4229.8,16.266608411775206
4230.0,16.120637442304616
4230.2,16.34705480514749
4230.4,16.22383427923837
4230.6,16.306587656784306
4230.8,15.623089279967337
4231.0,15.49930694005128
4231.2,15.622058393187064
4231.4,15.29516709162557
4231.6,15.177037639295703
4231.8,15.01838852960181
4232.0,14.91911308461663
4232.2,15.484532968223881
4232.4,15.011627875762617
4232.6,15.429420643410205
4232.8,15.228060113984917
4233.0,15.957400333027485
4233.2,16.044914930207717
4233.4,15.690916366862806
4233.6,16.17578244614101
4233.8,15.85346984207372
4234.0,16.525321468447835
4234.2,16.99834856178683
4234.4,17.20850621441332
4234.6,17.04991536489096
4234.8,17.068159109740606
4235.0,17.490858973294124
4235.2,16.69345789734973
4235.4,16.739070082994022
4235.6,16.457284688897378
4235.8,16.347136373245693
4236.0,16.90586795206944
4236.2,16.522085043716213
4236.4,16.098648378682487
4236.6,16.09110655384686
4236.8,16.083111464969654
4237.0,15.516521186344633
4237.2,15.789078431219698
4237.4,15.672417291749339
4237.6,16.41857163668299
4237.8,15.825253743152246
4238.0,15.531412468855759
4238.2,15.898418474960996
4238.4,16.218828379377662
4238.6,16.455436418741847
4238.8,16.673932862193684
4239.0,16.407099690221305
4239.2,15.770763001234835
4239.4,16.124291997288676
4239.6,16.452867798014438
4239.8,16.48777974626316
4240.0,15.95885213186701
4240.2,15.514927651635329
4240.4,15.796266161215941
4240.6,16.21481582385578
4240.8,15.991856936333416
4241.0,16.236056167980383
4241.2,16.474011722118046
4241.4,16.26027335051568
4241.6,16.414062647994506
4241.8,16.532627591389684
4242.0,16.32236611202775
4242.2,16.192812628490145
4242.4,16.875912316139736
4242.6,16.417749903624692
4242.8,16.71876024969704
4243.0,16.467743464079053
4243.2,15.91318035345025
4243.4,16.591135160202427
4243.6,16.472674436448614
4243.8,16.6211691285653
4244.0,16.34724697833166
4244.2,16.847932395179424
4244.4,16.871822927929262
4244.6,16.526562216600468
4244.8,16.63235133471816
4245.0,16.545090240083297
4245.2,16.767581124483346
4245.4,16.460918654642075
4245.6,16.339909825900392
4245.8,16.935708015211283
4246.0,16.93347736645233
4246.2,16.294467003967984
4246.4,16.456048850431017
4246.6,16.29940512061626
4246.8,16.785179599332054
4247.0,16.280703895278464
4247.2,16.414146120274125
4247.4,17.03346590875071
4247.6,16.785370588546158
4247.8,16.42985611105875
4248.0,16.684383601921105
4248.2,16.39259479132791
4248.4,16.603929981749975
4248.6,16.585021189480074
4248.8,16.42270265735608
4249.0,16.302317994850405
4249.2,15.962893640486804
4249.4,16.38403491384461
4249.6,16.027801804428076
4249.8,15.529869612474519
4250.0,15.899722860741258
4250.2,16.138800766906083
4250.4,15.92268502424827
4250.6,15.89582702841401
4250.8,16.00111734441229
4251.0,15.692985132094144
4251.2,15.763367331455813
4251.4,16.00258802292441
4251.6,15.513688620341679
4251.8,15.635605846794611
4252.0,15.218481145793774
4252.2,15.532839964446508
4252.4,16.360455839366438
4252.6,16.34495519393531
4252.8,16.71944467983988
4253.0,17.234281719402645
4253.2,16.725229326858774
4253.4,16.522960331779217
4253.6,15.945430319622702
4253.8,15.476600390146944
4254.0,15.154399927608786
4254.2,15.10195606042872
4254.4,14.97326749584933
4254.6,15.211726326560624
4254.8,15.36521593057347
4255.0,15.777064934356961
4255.2,15.334546185289138
4255.4,15.390579188421754
4255.6,15.592625440504628
4255.8,15.294083621978679
4256.0,15.972621163781039
4256.2,15.573042501246334
4256.4,15.129252509662042
4256.6,14.830709801787524
4256.8,15.213384837568377
4257.0,15.348439437922508
4257.2,15.500676588067213
4257.4,15.385584400951618
4257.6,14.949932547251084
4257.8,15.251507768750475
4258.0,15.360986290808661
4258.2,15.566081233388527
4258.4,15.724012150163961
4258.6,15.675735626620536
4258.8,15.834458434529374
4259.0,15.730973383468456
4259.2,15.628139422372517
4259.4,15.477759833737101
4259.6,15.922457390130255
4259.8,16.07879262597295
4260.0,16.151223849949258
4260.2,16.004242464270067
4260.4,16.08424772063329
4260.6,16.031311171007047
4260.8,15.730947792732437
4261.0,15.55550720425908
4261.2,15.614703564131903
4261.4,16.09915015828935
4261.6,15.908843116511044
4261.8,15.881711761970209
4262.0,16.220208892152723
4262.2,16.07640674673442
4262.4,16.580601144440163
4262.6,16.130528105730775
4262.8,15.74930075023027
4263.0,15.744004474328356
4263.2,15.421167514506667
4263.4,15.589345845298245
4263.6,15.653665713664909
4263.8,16.00655824070929
4264.0,16.012574606060745
4264.2,15.89033923102393
4264.4,15.788199700595644
4264.6,15.865587807029488
4264.8,15.609198246136003
4265.0,15.941879216370932
4265.2,16.226228981378593
4265.4,16.051099639797563
4265.6,15.70685575738964
4265.8,15.941569450708887
4266.0,15.464300715765075
4266.2,16.27412818564632
4266.4,16.28017833893779
4266.6,16.100146146612236
4266.8,16.023884829820837
4267.0,16.229271396862753
4267.2,16.050337624848535
4267.4,15.865762991455876
4267.6,15.76230894967969
4267.8,15.634751952469975
4268.0,15.895315225752785
4268.2,16.019970610014802
4268.4,15.600980622974374
4268.6,15.97263471562789
4268.8,16.227556920286382
4269.0,15.825909033139094
4269.2,15.746254781651812
4269.4,16.10241475080586
4269.6,16.500070072316667
4269.8,15.769952330493037
4270.0,15.971450195938035
4270.2,15.755850062447116
4270.4,15.893851721092593
4270.6,15.809388438892363
4270.8,16.177256848562635
4271.0,15.997493300914163
4271.2,15.83791831785229
4271.4,16.064930077414132
4271.6,16.179589583160748
4271.8,16.340082904056544
4272.0,16.036769032793767
4272.2,15.919870850138087
4272.4,15.9077056394694
4272.6,15.691855623083155
4272.8,16.05130369066865
4273.0,16.14964957527103
4273.2,15.707850714317884
4273.4,15.735081782198666
4273.6,15.566281093452814
4273.8,15.530083024718103
4274.0,15.511681619452029
4274.2,15.90369254750006
4274.4,16.059224338261068
4274.6,16.218450194544115
4274.8,15.65807172566237
4275.0,15.835132129621813
4275.2,15.759227244603071
4275.4,15.690130415958452
4275.6,15.731871825919011
4275.8,15.92876596933149
4276.0,15.553369988351127
4276.2,15.613999391024493
4276.4,15.980265106683763
4276.6,16.186061917252125
4276.8,16.386707807608058
4277.0,16.31270999785428
4277.2,16.17665686884104
4277.4,15.946091653542279
4277.6,16.16171747314946
4277.8,16.154829434862318
4278.0,15.70294942599099
4278.2,15.904871440233846
4278.4,15.797073813768765
4278.6,16.09925412656633
4278.8,16.188989291312087
4279.0,16.14226820597689
4279.2,15.44959442259087
4279.4,15.568068659778465
4279.6,15.591910686713032
4279.8,15.269654771217851
4280.0,15.182035973729738
4280.2,15.242096619186917
4280.4,15.146008795366166
4280.6,14.913641331290242
4280.8,15.03905510870826
4281.0,15.036515707747766
4281.2,15.050911172429903
4281.4,14.970353575340582
4281.6,15.418867256453087
4281.8,15.760654280931508
4282.0,15.320336100337508
4282.2,15.226664540369194
4282.4,15.525940942421562
4282.6,15.676259985852566
4282.8,16.115640480100126
4283.0,15.269563335669796
4283.2,15.108059077472802
4283.4,15.155406277704381
4283.6,15.678674845876655
4283.8,16.266984306841373
4284.0,16.951160748003872
4284.2,16.592573849643355
4284.4,16.71978914329363
4284.6,16.98218802051828
4284.8,16.57372961693102
4285.0,15.998455491658053
4285.2,16.44897235719305
4285.4,16.527873064696145
4285.6,16.04157096146099
4285.8,16.28686838181137
4286.0,16.59522786560353
4286.2,16.111944609391518
4286.4,15.995265103272141
4286.6,15.746638573967658
4286.8,15.32773438393569
4287.0,15.533307100611726
4287.2,15.273128316731462
4287.4,15.472077015225505
4287.6,15.970350292444115
4287.8,15.250606895919272
4288.0,14.930997533125197
4288.2,15.124147340533277
4288.4,14.891187746179344
4288.6,14.407802977290363
4288.8,14.867785212275066
4289.0,14.925978112670268
4289.2,15.071313479739938
4289.4,14.961936327155295
4289.6,14.668842881334427
4289.8,14.87949025624526
4290.0,15.039500793124708
4290.2,14.948843918588912
4290.4,14.655717347042723
4290.6,14.719642489301016
4290.8,14.78744194224083
4291.0,14.913822325781219
4291.2,15.129243236790366
4291.4,15.435119861474764
4291.6,15.264398945906457
4291.8,14.923406893589819
4292.0,15.251109598934589
4292.2,15.988716394681731
4292.4,15.599374865935786
4292.6,15.623665229585777
4292.8,15.583313838232902
4293.0,15.122830645756888
4293.2,15.0792979609302
4293.4,14.64378400829331
4293.6,15.191488289949493
4293.8,14.820637066187661
4294.0,14.742153699445206
4294.2,14.734899003090936
4294.4,14.607536942110277
4294.6,14.714038466294921
4294.8,14.573451781656711
4295.0,14.653147278309486
4295.2,14.842835645659562
4295.4,15.161988807154286
4295.6,15.29427000055913
4295.8,15.55291366546967
4296.0,15.427456092825311
4296.2,15.113304373599812
4296.4,15.171239897244675
4296.6,15.291294458840872
4296.8,15.149446242119799
4297.0,15.44199692864793
4297.2,15.029502458529702
4297.4,15.184745174375072
4297.6,15.679619339149317
4297.8,15.30409784993317
4298.0,15.452948371169285
4298.2,15.51269444344131
4298.4,15.625603008393895
4298.6,15.483481105504671
4298.8,15.706112052343544
4299.0,15.477488606443304
4299.2,15.545707282226173
4299.4,15.308318961608716
4299.6,15.158276959337247
4299.8,15.145825540494872
4300.0,14.82420424273424
4300.2,14.785099993207796
4300.4,14.726145738358454
4300.6,14.8302373072274
4300.8,15.081472544559958
4301.0,15.335448768783186
4301.2,15.72517612304049
4301.4,15.484410948609689
4301.6,15.574504326329405
4301.8,15.75963725770453
4302.0,15.95827748795597
4302.2,15.824688945925995
4302.4,15.785044504377924
4302.6,15.880039036708684
4302.8,15.564258792765182
4303.0,15.647661789611103
4303.2,15.680842438940372
4303.4,15.441407202005761
4303.6,15.442331731307755
4303.8,15.114963522218288
4304.0,15.076142807483293
4304.2,15.464014096057792
4304.4,15.118891781143482
4304.6,14.981351302034948
4304.8,15.408888453920671
4305.0,16.014104708698085
4305.2,15.582902901396054
4305.4,15.739161421116798
4305.6,15.909939621419953
4305.8,16.00001895365894
4306.0,15.969047879514605
4306.2,15.994229976342822
4306.4,15.633994632762152
4306.6,15.78181628995197
4306.8,15.84046873868579
4307.0,15.786525756334518
4307.2,15.661594874681214
4307.4,15.85850229454338
4307.6,15.74232203879003
4307.8,15.595935837317047
4308.0,15.913321534450189
4308.2,15.741916176375295
4308.4,15.52818908302363
4308.6,15.804171027799674
4308.8,15.595274421634631
4309.0,15.722724377001235
4309.2,15.657203296107951
4309.4,15.813527284086978
4309.6,15.50947292275173
4309.8,15.790568550877067
4310.0,15.57537918468033
4310.2,15.541569287073012
4310.4,15.419486752229057
4310.6,15.503711615616025
4310.8,15.195146683060628
4311.0,15.406864564113498
4311.2,15.411665898542623
4311.4,15.38396162856288
4311.6,15.455912074459892
4311.8,15.640100992563394
4312.0,15.440039709814284
4312.2,15.179444483267977
4312.4,15.438675472019113
4312.6,15.364715515899505
4312.8,15.71804679045762
4313.0,15.28246923847824
4313.2,15.047216608982286
4313.4,15.021730952437329
4313.6,15.366354237734168
4313.8,16.000956333550242
4314.0,15.975617464422655
4314.2,15.957400422609672
4314.4,15.597257996296603
4314.6,15.172001932498398
4314.8,14.972943801227593
4315.0,15.854551325112258
4315.2,16.110356855758788
4315.4,15.883255440275889
4315.6,16.10081639070507
4315.8,15.743869199668064
4316.0,15.908166158253035
4316.2,16.054246763601988
4316.4,16.37164896418312
4316.6,15.834429012264144
4316.8,15.799965244487094
4317.0,15.380084663616056
4317.2,15.27775611168013
4317.4,14.654637382451208
4317.6,15.225549706099493
4317.8,15.448054286464064
4318.0,15.456439930510342
4318.2,15.439684955597047
4318.4,15.30518241513849
4318.6,15.348996603815808
4318.8,15.313456087170474
4319.0,15.5133643538304
4319.2,15.351804245949133
4319.4,14.66637834737525
4319.6,15.31506028295343
4319.8,15.694792179805967
4320.0,15.94058625717064
4320.2,15.759548538001747
4320.4,15.473984994282457
4320.6,15.563016681079011
4320.8,15.627106517786405
4321.0,15.390392723438936
4321.2,15.199846482034133
4321.4,14.699348056708164
4321.6,14.738833647962178
4321.8,14.744249271864566
4322.0,14.942211679578845
4322.2,15.6571258950117
4322.4,15.719431873400682
4322.6,15.672719393758886
4322.8,14.897612881759013
4323.0,15.020411950924302
4323.2,14.886252025294189
4323.4,14.80321720562366
4323.6,14.851076380439018
4323.8,14.84541756710561
4324.0,14.757330122992096
4324.2,14.745904215957598
4324.4,15.131083136275954
4324.6,16.12992135706419
4324.8,15.721078061332648
4325.0,16.480623312866925
4325.2,16.27397784952145
4325.4,15.993438475288055
4325.6,16.300674929053546
4325.8,16.18861686307473
4326.0,16.743711466010236
4326.2,16.107073728767006
4326.4,16.07424350161247
4326.6,15.811913130352997
4326.8,15.992304368689641
4327.0,15.415836588425256
4327.2,15.305823752542182
4327.4,15.058410150969248
4327.6,15.756927203505187
4327.8,15.706333514412716
4328.0,16.133754946505068
4328.2,15.642002985669123
4328.4,16.057900530615218
4328.6,15.492368167267621
4328.8,15.642508216884465
4329.0,15.734139519789526
4329.2,14.775447175303677
4329.4,15.21747701241398
4329.6,15.206394433868711
4329.8,15.675260123426561
4330.0,15.603769855606606
4330.2,15.464186556567334
4330.4,15.354626342400344
4330.6,15.355434992147972
4330.8,14.876039571905268
4331.0,15.115619880986477
4331.2,14.699314868220112
4331.4,14.868933524908156
4331.6,14.79245213949001
4331.8,15.16205885374317
4332.0,15.344923796989109
4332.2,16.535477603175174
4332.4,15.934844336256948
4332.6,16.911822390383826
4332.8,16.6238994561512
4333.0,16.209186791617928
4333.2,16.014571209491688
4333.4,15.862539282069577
4333.6,15.863707442574546
4333.8,15.390213345183874
4334.0,15.40576764431128
4334.2,14.979353250449801
4334.4,15.562827891910596
4334.6,16.0711636466796
4334.8,16.042830239061434
4335.0,15.92234864473343
4335.2,16.103081447494926
4335.4,15.901049044960141
4335.6,15.772557474819479
4335.8,15.988251128949628
4336.0,16.5592987148691
4336.2,17.0877245969057
4336.4,17.165129433950806
4336.6,16.604510353824185
4336.8,16.622692359922986
4337.0,15.975918265642937
4337.2,16.271739967433952
4337.4,15.783564827019072
4337.6,16.33896523412822
4337.8,16.225643910646696
4338.0,16.51510804796987
4338.2,16.73090047558627
4338.4,16.481636262148797
4338.6,16.71575515570821
4338.8,17.133754533492773
4339.0,17.052700423487256
4339.2,17.72818382252443
4339.4,17.658106559226656
4339.6,17.455967012371644
4339.8,16.84959485021121
4340.0,17.57809614761562
4340.2,17.42283889568235
4340.4,17.5123768978383
4340.6,17.397065299920328
4340.8,17.358080434359493
4341.0,17.41327787704083
4341.2,17.181456411598653
4341.4,17.3037050713357
4341.6,17.199284760433578
4341.8,16.970777558116758
4342.0,16.43497141472912
4342.2,16.315183561348647
4342.4,16.921649840598782
4342.6,16.962658926298573
4342.8,16.54306063966473
4343.0,16.6247078738396
4343.2,16.968590823487194
4343.4,17.414566256997606
4343.6,16.64341254070202
4343.8,16.96691999848223
4344.0,16.44213971150742
4344.2,17.07031671493306
4344.4,17.28018475328714
4344.6,16.716860958334635
4344.8,16.92155428465345
4345.0,17.161026842942675
4345.2,17.1141794153899
4345.4,16.48561096266592
4345.6,16.736084322379224
4345.8,16.29454960396466
4346.0,16.304689522544894
4346.2,15.780753381744589
4346.4,15.785864490867148
4346.6,16.406147179633635
4346.8,16.608110816892584
4347.0,16.695544350991767
4347.2,16.9698405454998
4347.4,16.12111824394953
4347.6,16.37740487735182
4347.8,16.14690556568024
4348.0,16.008541743773595
4348.2,16.25366975071429
4348.4,16.169781606089796
4348.6,15.953718457373206
4348.8,16.13428490909302
4349.0,16.170177003221422
4349.2,16.04321917332883
4349.4,17.238795242919146
4349.6,16.916846067363856
4349.8,17.345012442619776
4350.0,16.718722456873085
4350.2,16.867035133696426
4350.4,17.14606632385735
4350.6,16.571784454927478
4350.8,16.612829486761395
4351.0,16.433873867066964
4351.2,16.401293363711407
4351.4,16.754743066601833
4351.6,16.531253734467942
4351.8,16.45581051194093
4352.0,15.666452760727536
4352.2,15.84123991772804
4352.4,15.870704449943574
4352.6,15.747488556847216
4352.8,16.504101769957416
4353.0,16.24806895913821
4353.2,16.21804086960279
4353.4,15.790754194581735
4353.6,15.602404497743954
4353.8,15.470678231256866
4354.0,15.733316860357132
4354.2,15.907194553874541
4354.4,15.81102857477408
4354.6,15.875276866749108
4354.8,15.835751766532946
4355.0,16.01254580642908
4355.2,15.819198430702642
4355.4,15.885188241458872
4355.6,15.514222207555148
4355.8,15.415984585425191
4356.0,15.22648005948184
4356.2,15.133819023244026
4356.4,15.238582600836475
4356.6,15.156506347858375
4356.8,15.533496546230412
4357.0,15.27579033194363
4357.2,15.52428528197661
4357.4,14.952157595006472
4357.6,15.247890255498739
4357.8,15.50794751653495
4358.0,15.161391680267101
4358.2,15.75052669527147
4358.4,15.692993820783272
4358.6,16.41245544900016
4358.8,16.1145008930066
4359.0,16.34867928886479
4359.2,16.3979580785011
4359.4,16.68641530502643
4359.6,16.356376645396796
4359.8,16.935453912219025
4360.0,17.055330345219385
4360.2,16.328364504518394
4360.4,16.23464364252974
4360.6,15.896595323769853
4360.8,16.3425331052917
4361.0,16.26820899192451
4361.2,16.34066663466134
4361.4,16.004116656332958
4361.6,16.040766594815796
4361.8,15.915730410118288
4362.0,15.543793490215322
4362.2,15.975136174894477
4362.4,15.796632680908587
4362.6,16.14272981441775
4362.8,16.13879413999826
4363.0,15.325789308225348
4363.2,15.22825647890351
4363.4,15.039172412776322
4363.6,15.72667637178261
4363.8,15.41955244458977
4364.0,15.005741514692094
4364.2,15.45847080955053
4364.4,15.66570882713918
4364.6,15.617898404011111
4364.8,15.303565237662104
4365.0,15.157679143748036
4365.2,15.040922734572623
4365.4,15.218716389346095
4365.6,15.028479728117194
4365.8,14.872749053908748
4366.0,15.094267890633615
4366.2,15.410556575710299
4366.4,15.06038691775165
4366.6,15.314914212123385
4366.8,15.473354678075255
4367.0,15.509018567139856
4367.2,15.52077532615324
4367.4,14.977022645718414
4367.6,15.458417797301294
4367.8,15.328855329609269
4368.0,15.503675311243143
4368.2,15.27696197813224
4368.4,15.855446001518665
4368.6,15.461106063238098
4368.8,15.715836131050951
4369.0,15.447718554572067
4369.2,15.32141029239159
4369.4,15.60078330491785
4369.6,15.61778166931819
4369.8,15.427486015747133
4370.0,15.171103822151853
4370.2,15.258125224350632
4370.4,15.310400583702666
4370.6,15.018924550334393
4370.8,15.151958305309158
4371.0,15.278614241373319
4371.2,15.514711195939881
4371.4,15.722931392647272
4371.6,15.477837657053916
4371.8,15.455609821844227
4372.0,14.78437953795623
4372.2,14.710878140160041
4372.4,15.03749227257722
4372.6,15.035922131497392
4372.8,15.382457031411931
4373.0,15.381676552150534
4373.2,15.447182741290039
4373.4,14.957762452498024
4373.6,15.133421391477635
4373.8,14.996633708963465
4374.0,15.202955006105123
4374.2,15.175895316161526
4374.4,15.135234429874831
4374.6,15.147270789778656
4374.8,15.22787532297933
4375.0,15.067677243862931
4375.2,15.340669068092511
4375.4,15.533102605145965
4375.6,14.84285793158777
4375.8,15.144271047389541
4376.0,15.03395479834454
4376.2,14.960507572744222
4376.4,15.110484818771372
4376.6,15.391531666727431
4376.8,15.43444867198559
4377.0,15.490843255617028
4377.2,15.604756081855864
4377.4,15.71022539259478
4377.6,15.45385115233419
4377.8,15.062919666770988
4378.0,15.608583579792443
4378.2,15.28423637988135
4378.4,15.15170468506168
4378.6,15.472429332192812
4378.8,15.363716973771586
4379.0,14.961393847392976
4379.2,15.124324404866897
4379.4,15.403652620696453
4379.6,15.48079582568657
4379.8,15.31992080838209
4380.0,15.564944147103905
4380.2,15.36673887201772
4380.4,15.17617325855976
4380.6,15.256572204759312
4380.8,15.60396438083793
4381.0,15.59343128767985
4381.2,15.831146867411208
4381.4,15.662367510229085
4381.6,15.836620774711882
4381.8,15.955344550748425
4382.0,15.541784282522615
4382.2,15.654470596326892
4382.4,15.464840894874332
4382.6,15.567932035600734
4382.8,15.789481537187966
4383.0,15.893080404447273
4383.2,16.139282319715985
4383.4,16.016072333153733
4383.6,15.998959524765313
4383.8,15.961596678440939
4384.0,15.876597161017358
4384.2,15.827027719102633
4384.4,16.202579089674384
4384.6,16.276632329858135
4384.8,16.375756336947
4385.0,16.35463285867231
4385.2,16.33196653186437
4385.4,16.943665360086058
4385.6,16.677130220322628
4385.8,16.817539912018383
4386.0,16.831293499385055
4386.2,17.5494690703257
4386.4,17.10971601489482
4386.6,17.01987870668957
4386.8,16.601106740306896
4387.0,16.924552287901623
4387.2,16.77907391707648
4387.4,17.09304151937087
4387.6,16.8047247587137
4387.8,17.18574434666771
4388.0,16.878386664166772
4388.2,16.31677461450102
4388.4,16.81543901477844
4388.6,15.813787059047353
4388.8,15.666584853981234
4389.0,15.2812524260823
4389.2,15.267173809614409
4389.4,16.166211486653474
4389.6,15.692298566224528
4389.8,15.54312546792656
4390.0,15.783694168725678
4390.2,15.33823628482731
4390.4,15.467404177197086
4390.6,15.779067099335442
4390.8,15.367234280010356
4391.0,15.644928227543
4391.2,15.90554121840837
4391.4,15.628049545590896
4391.6,15.918947642795398
4391.8,16.078891309304314
4392.0,16.920998816908547
4392.2,16.585544391714983
4392.4,16.682916543560363
4392.6,16.372710992428633
4392.8,16.977801863237254
4393.0,16.940850897343488
4393.2,16.71191616008667
4393.4,17.142875239861443
4393.6,16.503346548075744
4393.8,16.22068089847824
4394.0,15.896683399707713
4394.2,15.777275403692224
4394.4,15.932118820497799
4394.6,15.475223061653624
4394.8,15.634217755342053
4395.0,15.422339379252229
4395.2,15.01062903355045
4395.4,15.653726922425141
4395.6,15.981649897817684
4395.8,15.40784848652162
4396.0,15.87292658632342
4396.2,16.217100576651223
4396.4,16.413055077092707
4396.6,15.922264472345766
4396.8,16.13255939525605
4397.0,15.363166049658155
4397.2,15.663988146625572
4397.4,15.84883069726629
4397.6,15.681506427053831
4397.8,15.162285970766838
4398.0,15.751742525014725
4398.2,15.92495035998333
4398.4,16.302403789149093
4398.6,15.765623133881121
4398.8,16.269086140872776
4399.0,15.887051967745336
4399.2,15.731733234072514
4399.4,15.925737785629305
4399.6,16.037062649698925
4399.8,15.226171094978291
4400.0,15.588283254751271
4400.2,15.973866319440049
4400.4,15.773450476501313
4400.6,15.411099789786542
4400.8,15.225018777982385
4401.0,15.40111158436725
4401.2,15.271295347607365
4401.4,15.426110331998366
4401.6,15.180431545839594
4401.8,15.002751709166816
4402.0,14.73195973580495
4402.2,14.915794861937442
4402.4,15.038558986228153
4402.6,14.897106389036432
4402.8,14.906727397985513
4403.0,15.415024024733587
4403.2,15.129885981235361
4403.4,14.86446311355638
4403.6,14.578371445291587
4403.8,14.714980259955563
4404.0,14.53497042239319
4404.2,14.592750898216874
4404.4,14.741070213686317
4404.6,14.616850496836292
4404.8,14.780751756382744
4405.0,14.977880773376501
4405.2,15.185679502500292
4405.4,15.16046220217617
4405.6,15.71240401844866
4405.8,15.747512264854898
4406.0,15.656417593424461
4406.2,15.26482161612061
4406.4,15.16734370356212
4406.6,15.246319580859282
4406.8,14.59985148032181
4407.0,14.4516470521631
4407.2,14.458159211608566
4407.4,14.582483789854678
4407.6,14.700444626697951
4407.8,14.859759892988277
4408.0,14.807633323613983
4408.2,15.25068231432295
4408.4,14.968800552971903
4408.6,14.84589683826514
4408.8,15.035898517495959
4409.0,15.129648025168123
4409.2,15.098760084505102
4409.4,14.980538087177981
4409.6,15.202364383949218
4409.8,15.295368551660722
4410.0,15.6567798472353
4410.2,15.336984194156111
4410.4,15.723025239115906
4410.6,15.520620926076578
4410.8,15.289957249481605
4411.0,15.185383715795144
4411.2,14.844157351330864
4411.4,15.010523586015292
4411.6,14.545699678450092
4411.8,14.555021690657256
4412.0,15.117370345458527
4412.2,14.53108462893133
4412.4,14.420727742841388
4412.6,14.682379537104302
4412.8,14.640690693190077
4413.0,15.260002775327964
4413.2,15.394608111177309
4413.4,14.926824628966918
4413.6,15.702484800601674
4413.8,15.523755412419053
4414.0,15.528102591850164
4414.2,15.90124636118443
4414.4,14.809425469667968
4414.6,15.174590624675528
4414.8,15.276513327044384
4415.0,15.115948142559306
4415.2,14.859881455264814
4415.4,14.802731614391583
4415.6,15.005482594249422
4415.8,15.143181122332019
4416.0,15.30650714568897
4416.2,14.953963765384422
4416.4,14.828748408605385
4416.6,14.719479324434916
4416.8,14.856803347047233
4417.0,14.759517041015872
4417.2,14.77587265222958
4417.4,14.689773416046846
4417.6,14.765084150090118
4417.8,14.501662093165136
4418.0,14.30933032732864
4418.2,14.444401925855564
4418.4,14.754888131387178
4418.6,14.788673969498738
4418.8,14.860087105950726
4419.0,15.133461828640648
4419.2,15.079879233871
4419.4,14.877185812859558
4419.6,14.652649335232342
4419.8,14.971647725967681
4420.0,15.173512014693468
4420.2,14.828187498893705
4420.4,14.715004475047701
4420.6,14.86017290526932
4420.8,14.756792809714733
4421.0,14.839954789498329
4421.2,14.636300452343198
4421.4,14.917215562559818
4421.6,14.993956147637933
4421.8,14.84927340416312
4422.0,14.919470281075927
4422.2,14.826878510523242
4422.4,14.629958810567436
4422.6,15.09109590390053
4422.8,14.939636968355268
4423.0,14.732210799385415
4423.2,14.382320180534645
4423.4,14.432959297348251
4423.6,14.480876713265832
4423.8,14.342135633989479
4424.0,14.333677457396
4424.2,14.224177657030543
4424.4,14.425529453214384
4424.6,14.540438803804129
4424.8,14.530044866097251
4425.0,14.366013254205258
4425.2,14.359102012006819
4425.4,14.520392925801763
4425.6,14.533965652956908
4425.8,14.273917559704824
4426.0,14.375467886496594
4426.2,14.735055526653898
4426.4,14.47979177322881
4426.6,14.66578471113128
4426.8,14.814173680615244
4427.0,14.64334565193851
4427.2,14.550306655942153
4427.4,14.741925655070556
4427.6,14.477195054294809
4427.8,14.380525843322083
4428.0,14.605017554655866
4428.2,14.317819520645848
4428.4,14.54593176922251
4428.6,14.422493060791894
4428.8,14.367783506373614
4429.0,14.259799389402
4429.2,14.165228347951942
4429.4,14.258553986222966
4429.6,14.28879869727821
4429.8,14.334237868997334
4430.0,14.356863419227448
4430.2,14.154463071896565
4430.4,14.055880123208297
4430.6,14.583546628773547
4430.8,14.569840355692094
4431.0,14.564599735842416
4431.2,14.489202091323683
4431.4,14.46648183037054
4431.6,14.360698305365894
4431.8,14.308208972870723
4432.0,14.292982148976929
4432.2,14.4714354410033
4432.4,14.331542784614346
4432.6,14.347682590328485
4432.8,14.697480601307527
4433.0,14.533394665241193
4433.2,14.753905048760918
4433.4,14.724778236779192
4433.6,14.5682464985612
4433.8,15.00694970091029
4434.0,15.039626009043792
4434.2,14.867591345745721
4434.4,14.738131851460883
4434.6,14.943180994649246
4434.8,14.963909338151673
4435.0,14.89323764951738
4435.2,14.993606489480626
4435.4,15.04856658235894
4435.6,15.405818332133528
4435.8,15.287778728506643
4436.0,15.355847226041755
4436.2,15.243384797016638
4436.4,15.054054607966798
4436.6,14.927936616051207
4436.8,15.140911359603106
4437.0,15.234958108979606
4437.2,14.89977640584378
4437.4,15.174399990319225
4437.6,15.3106922239772
4437.8,14.939321307756765
4438.0,14.427338845462005
4438.2,14.612135431786966
4438.4,14.387560806115081
4438.6,14.697583128121183
4438.8,14.725975748000478
4439.0,14.783165168089745
4439.2,14.370956109721707
4439.4,14.644645837173853
4439.6,14.455408325357551
4439.8,14.26952598625859
4440.0,14.426960755490652
4440.2,14.32652610530974
4440.4,14.170743899438802
4440.6,14.044643306467533
4440.8,14.849138459490948
4441.0,14.36117591991506
4441.2,14.52688926825301
4441.4,14.77957159859036
4441.6,14.86067207036011
4441.8,14.70295791353804
4442.0,14.771196404669741
4442.2,14.669383484353071
4442.4,14.385874045894429
4442.6,14.645066357794917
4442.8,14.5066388893923
4443.0,15.418321248308356
4443.2,15.182606822192417
4443.4,14.895776360643097
4443.6,14.992461625186733
4443.8,14.8361789537858
4444.0,14.939335915235874
4444.2,15.153112467904812
4444.4,15.18605636514354
4444.6,15.100151262337961
4444.8,15.204608995867604
4445.0,15.15422183649841
4445.2,15.355720109791715
4445.4,15.259105363755808
4445.6,15.272774004807633
4445.8,15.162228781939863
4446.0,15.255007772170242
4446.2,15.053656583414188
4446.4,15.168963702036793
4446.6,15.13630607475779
4446.8,15.436056081399386
4447.0,15.666405664530563
4447.2,15.538378028554034
4447.4,15.255404870097674
4447.6,15.375261849693631
4447.8,15.37823722606359
4448.0,15.146900878460169
4448.2,15.012064809784365
4448.4,15.358298621442223
4448.6,15.529651900073269
4448.8,15.198275938151868
4449.0,15.313411659094848
4449.2,15.155448607424448
4449.4,15.080559277736219
4449.6,15.177293373218602
4449.8,15.349963668230878
4450.0,15.430045326180515
4450.2,15.059389773357069
4450.4,15.065442483690308
4450.6,15.184185785053621
4450.8,15.433714454321487
4451.0,15.379703685519825
4451.2,15.623808063856966
4451.4,15.44328943731748
4451.6,15.502982622075795
4451.8,15.739837157252696
4452.0,15.612726634959058
4452.2,15.484574303538327
4452.4,15.531150723361453
4452.6,15.445102239402779
4452.8,15.223835836564533
4453.0,15.568413073739185
4453.2,14.974289951327183
4453.4,15.110836775195063
4453.6,15.02108699285417
4453.8,15.034619028438335
4454.0,15.18471316847184
4454.2,15.184736945162676
4454.4,15.132327940691418
4454.6,15.368705115929455
4454.8,15.38185215201134
4455.0,15.171323555913352
4455.2,15.808106328463165
4455.4,15.245924422790328
4455.6,15.611967048359626
4455.8,14.986077306501935
4456.0,15.116507875541487
4456.2,15.301243523857725
4456.4,15.330369104905737
4456.6,15.4610390585956
4456.8,15.5467574903481
4457.0,15.171295725463693
4457.2,15.61190237609133
4457.4,15.359425218645718
4457.6,15.502408753491485
4457.8,15.075442212348328
4458.0,15.444091515853064
4458.2,15.494360899025585
4458.4,15.344754402935587
4458.6,15.351314642615447
4458.8,15.085572589141323
4459.0,14.995320844541302
4459.2,15.375853879867773
4459.4,14.88639156512991
4459.6,14.730710047875146
4459.8,14.777263190390585
4460.0,15.169708782908398
4460.2,15.505469437574593
4460.4,15.242721229574938
4460.6,15.315542797517859
4460.8,15.654049243854224
4461.0,15.311291359649546
4461.2,15.492297021206516
4461.4,15.444403438622292
4461.6,15.35145106003365
4461.8,15.388901333541282
4462.0,15.614534353619536
4462.2,15.394710648970875
4462.4,15.436073274336602
4462.6,15.307145592170341
4462.8,15.077038744381884
4463.0,15.332217849869942
4463.2,15.16803804284661
4463.4,15.018530939017182
4463.6,15.352957869754835
4463.8,15.084321271023885
4464.0,15.142331516831952
4464.2,14.734953474777834
4464.4,14.907785056029399
4464.6,14.846500934417168
4464.8,14.426588775312085
4465.0,14.157648376148398
4465.2,14.621579290958016
4465.4,14.461394958203522
4465.6,14.539808997211132
4465.8,14.762135989274688
4466.0,15.051670048180817
4466.2,15.188060026766252
4466.4,15.27169780490742
4466.6,15.582674495632684
4466.8,15.176421282603158
4467.0,15.119829867858165
4467.2,15.42846959077455
4467.4,15.707321428417982
4467.6,16.102216820567424
4467.8,15.739919989526857
4468.0,15.962324159939993
4468.2,16.04116802423342
4468.4,15.897097982458954
4468.6,15.952830190642421
4468.8,16.23949708686346
4469.0,15.76140550898523
4469.2,15.676923070972162
4469.4,15.977986382477207
4469.6,16.202595057013728
4469.8,16.700632989018587
4470.0,16.588635607294712
4470.2,16.215132044412012
4470.4,16.064682980466415
4470.6,15.934781311695618
4470.8,15.309506424961672
4471.0,15.437157931349779
4471.2,15.669461847558324
4471.4,15.706421912987905
4471.6,15.52063853238858
4471.8,16.015324352149864
4472.0,15.340687162951001
4472.2,14.788891714941814
4472.4,14.941792914705987
4472.6,15.228978925284009
4472.8,15.593540194270624
4473.0,16.128502202016296
4473.2,15.5721159567141
4473.4,15.697673008517146
4473.6,15.941312831665735
4473.8,15.822434799404245
4474.0,15.789200488396952
4474.2,15.954261621522626
4474.4,15.850670865234926
4474.6,16.053327206809918
4474.8,16.072312435739523
4475.0,16.14853603968673
4475.2,15.8854803510647
4475.4,15.752657703287916
4475.6,15.909454345484434
4475.8,16.48331700098334
4476.0,16.245968808833762
4476.2,16.62043323655016
4476.4,16.181392691583476
4476.6,16.009500528383484
4476.8,16.344874196001733
4477.0,15.839863348722146
4477.2,16.511640592922852
4477.4,15.687964919786593
4477.6,15.613322631706936
4477.8,15.526292813715607
4478.0,15.499625945773541
4478.2,14.982417077042436
4478.4,15.408499066026192
4478.6,15.23911045168293
4478.8,15.55543491662046
4479.0,15.826728304106554
4479.2,15.605551908238795
4479.4,15.517856273443893
4479.6,15.337468619240939
4479.8,15.43454454606347
4480.0,15.53390634170652
4480.2,15.76472623099592
4480.4,15.798079007048711
4480.6,15.717888291643682
4480.8,15.444333242932098
4481.0,15.667988127031403
4481.2,15.926846718339362
4481.4,15.474228944879068
4481.6,15.295643666786871
4481.8,15.045665734033642
4482.0,15.588383553549164
4482.2,15.84162669619465
4482.4,15.191477543579989
4482.6,14.982696621241583
4482.8,14.59781640494195
4483.0,14.564709015050617
4483.2,14.774334749269132
4483.4,14.824435046019
4483.6,14.531161662724255
4483.8,14.495686081033845
4484.0,14.708625835414804
4484.2,15.050002506056295
4484.4,14.839496826930736
4484.6,14.646153671995696
4484.8,15.452286719944135
4485.0,16.00285030768225
4485.2,15.837667408557316
4485.4,15.53080333463213
4485.6,15.61234219415438
4485.8,15.668851712243733
4486.0,15.307359142713581
4486.2,15.484346673930387
4486.4,15.312876684654926
4486.6,15.537356817924536
4486.8,15.675752010610145
4487.0,15.553483169360309
4487.2,14.620851865651002
4487.4,15.20517133406544
4487.6,15.07668540946632
4487.8,15.154095102719765
4488.0,15.51619164436194
4488.2,15.538279672698474
4488.4,15.888297695978812
4488.6,15.369332836902132
4488.8,15.344341587827097
4489.0,15.460112119390935
4489.2,15.720728130841588
4489.4,15.580676605862374
4489.6,15.594993497027286
4489.8,15.686327370505586
4490.0,15.882704818381086
4490.2,15.212090814642236
4490.4,15.489664206408094
4490.6,15.461512316229335
4490.8,15.458919493870715
4491.0,15.283397916018348
4491.2,15.76023210858866
4491.4,15.76720055405205
4491.6,15.799341273057191
4491.8,15.20215110789233
4492.0,15.615668897656727
4492.2,15.671424613352464
4492.4,15.659971003049078
4492.6,15.67713131146042
4492.8,15.573803223047975
4493.0,15.404918447927948
4493.2,15.382945801546896
4493.4,15.614219700985606
4493.6,15.709325031140642
4493.8,15.808477142373466
4494.0,15.78784465469882
4494.2,15.562502433938704
4494.4,15.706697765979968
4494.6,15.55924211634246
4494.8,15.59994772748173
4495.0,15.779932473046154
4495.2,15.464999893786516
4495.4,15.500338325659587
4495.6,15.601717834364612
4495.8,15.994532510260267
4496.0,15.465928599749235
4496.2,15.439215814307213
4496.4,16.12812976512033
4496.6,15.296919080956906
4496.8,15.266992367360261
4497.0,15.341123925384082
4497.2,15.430884059187166
4497.4,15.546262889565403
4497.6,15.43007947998631
4497.8,15.032508665900925
4498.0,14.985248960970496
4498.2,14.99084772336036
4498.4,15.169145486405963
4498.6,14.91480350189467
4498.8,15.020140187608156
4499.0,15.152148863959384
4499.2,14.955095238473453
4499.4,15.070383356629948
4499.6,15.215594060622523
4499.8,14.949502164196797
4500.0,14.810433916126415
4500.2,14.867882299670843
4500.4,14.881567320896776
4500.6,14.702564649164966
4500.8,14.696940420364903
4501.0,14.845366673854405
4501.2,14.534836428265583
4501.4,14.660062836632024
4501.6,14.632734242614811
4501.8,14.583398031276513
4502.0,14.906592260873545
4502.2,15.042365456448202
4502.4,15.320208070637264
4502.6,15.17974167708278
4502.8,15.364517676032703
4503.0,15.550384533134578
4503.2,15.58348785866005
4503.4,15.560919029429655
4503.6,15.065360469654136
4503.8,14.814132924471977
4504.0,14.898135001417536
4504.2,14.452612351427893
4504.4,14.755790975471403
4504.6,14.388637924905062
4504.8,14.431142337315991
4505.0,14.297818007599936
4505.2,14.794402267243417
4505.4,15.119919976524937
4505.6,14.950006063060517
4505.8,15.048175737129917
4506.0,15.057822267246234
4506.2,15.293443219855
4506.4,15.208438680745855
4506.6,14.83459193525027
4506.8,14.784839332823605
4507.0,15.284576432185833
4507.2,14.508262001616444
4507.4,14.52508517209772
4507.6,14.894700455468325
4507.8,14.954445845596018
4508.0,14.548243588146505
4508.2,14.504418402964088
4508.4,14.840645759622932
4508.6,14.739172024996805
4508.8,14.649477570074126
4509.0,14.590628053197745
4509.2,14.642664068579123
4509.4,14.654667249278559
4509.6,14.885662815288061
4509.8,14.561382927231058
4510.0,14.824788272580784
4510.2,14.801918712594675
4510.4,14.408789342151291
4510.6,14.71845031693591
4510.8,15.468772020484378
4511.0,15.399931554502928
4511.2,14.992291753852239
4511.4,15.025425817040798
4511.6,15.30371615849826
4511.8,15.265476025616213
4512.0,14.869773769259119
4512.2,15.351534236882852
4512.4,14.912285287588144
4512.6,14.63074779787491
4512.8,14.991637384364505
4513.0,15.327385256830278
4513.2,15.686248843101328
4513.4,16.467761194140184
4513.6,16.40680355824918
4513.8,16.70800351236728
4514.0,16.433747047146497
4514.2,16.63902973662836
4514.4,16.489309112857992
4514.6,16.747591599587594
4514.8,16.49512732274639
4515.0,16.126457230739042
4515.2,17.452952603527837
4515.4,16.774985640769223
4515.6,15.9431223382165
4515.8,15.938409230981755
4516.0,16.41965536649167
4516.2,15.27764817346953
4516.4,14.658444426089265
4516.6,14.594596335462153
4516.8,15.281236698100596
4517.0,14.825811960284927
4517.2,14.560043172461977
4517.4,14.897881437191904
4517.6,14.821120539016645
4517.8,14.348987625195539
4518.0,14.330851233941498
4518.2,14.10552802717368
4518.4,14.160256453675085
4518.6,14.071561186163903
4518.8,14.232770426755422
4519.0,13.942496656058852
4519.2,13.809462359840568
4519.4,13.78128465832431
4519.6,13.748474891931144
4519.8,13.792717611968515
4520.0,13.825162020754203
4520.2,13.961356166810804
4520.4,13.98677264919156
4520.6,14.08008202099301
4520.8,14.068385464588953
4521.0,14.190999191766029
4521.2,13.993967316275807
4521.4,14.617330775814247
4521.6,14.396096711578416
4521.8,14.472347654637517
4522.0,14.541872675169337
4522.2,14.44122444150315
4522.4,14.488197978102594
4522.6,14.619759187154319
4522.8,14.666869079811624
4523.0,14.494612849811961
4523.2,14.408430413390754
4523.4,14.66208162427769
4523.6,14.511339253921154
4523.8,14.586005462520328
4524.0,14.629146798387755
4524.2,14.441679356494943
4524.4,14.589817725498746
4524.6,14.581874634368404
4524.8,14.749742319113368
4525.0,15.345775261550553
4525.2,15.39709574892564
4525.4,14.907255370232747
4525.6,15.533962554963344
4525.8,15.383010254668354
4526.0,14.995652884931177
4526.2,14.718233044108615
4526.4,14.760424977258262
4526.6,14.872129706451727
4526.8,15.261162921384411
4527.0,15.787364213704098
4527.2,15.799676897098642
4527.4,15.81087551588885
4527.6,15.264804634536164
4527.8,15.944252193856627
4528.0,15.25137090016176
4528.2,15.600672716501071
4528.4,15.14328268029486
4528.6,14.875724015242096
4528.8,14.765143089972565
4529.0,14.797237471707469
4529.2,14.465413002084022
4529.4,14.644262673609
4529.6,15.154717213056603
4529.8,14.890674852775591
4530.0,15.737667819693147
4530.2,15.28834565011145
4530.4,15.242181870802249
4530.6,14.908081040985747
4530.8,15.083847629787995
4531.0,15.150792821582797
4531.2,14.777167311671223
4531.4,15.164544026985931
4531.6,15.142935730299234
4531.8,15.0618088838479
4532.0,14.990569155990665
4532.2,15.285810631073431
4532.4,15.400757260696041
4532.6,15.424419764921398
4532.8,15.360320049039807
4533.0,15.73424363684329
4533.2,15.451186076127332
4533.4,14.99560276638066
4533.6,15.140300558787477
4533.8,14.867694789389388
4534.0,15.277187519884098
4534.2,15.71195065973563
4534.4,15.687212967776485
4534.6,15.761674002952438
4534.8,15.614927087562958
4535.0,16.181088902011496
4535.2,16.140909345615185
4535.4,15.551660593135264
4535.6,15.892417365081862
4535.8,16.366614070345694
4536.0,16.23666352341395
4536.2,16.544491727516238
4536.4,16.368018757673795
4536.6,16.231503553670027
4536.8,16.377608061085105
4537.0,16.32545493087082
4537.2,16.27534791966832
4537.4,16.46724081844344
4537.6,16.80735733080166
4537.8,17.097308539538393
4538.0,17.48462366623359
4538.2,17.364705329396617
4538.4,17.374558413885413
4538.6,17.21221587993804
4538.8,17.513748571795652
4539.0,17.10373894035984
4539.2,16.685730980564312
4539.4,16.958994327369766
4539.6,16.38509047483478
4539.8,16.78847543443605
4540.0,16.720593032497266
4540.2,16.66391682845954
4540.4,16.208591867138946
4540.6,16.43370612194235
4540.8,16.296900954550868
4541.0,16.041459125071725
4541.2,15.898408804495066
4541.4,16.09197895383637
4541.6,16.448958276317917
4541.8,16.130325952736
4542.0,15.969738196412388
4542.2,15.058158615916504
4542.4,14.841375917654025
4542.6,14.651355516828879
4542.8,14.699308569646327
4543.0,14.966638409893454
4543.2,15.096385821206981
4543.4,14.967105049681162
4543.6,15.24648884756341
4543.8,15.227308756918415
4544.0,15.457180691681112
4544.2,15.62119474161375
4544.4,15.550609805006214
4544.6,15.317961047220187
4544.8,15.063206907149842
4545.0,15.614824381095628
4545.2,16.157843908857007
4545.4,15.499069443710031
4545.6,16.14226206377375
4545.8,16.264341699917306
4546.0,15.314096232450646
4546.2,15.175855637899874
4546.4,15.743156186130431
4546.6,15.638916883229081
4546.8,15.942446526433496
4547.0,15.446369115447297
4547.2,15.872464911512079
4547.4,16.44636767389595
4547.6,16.187924452114178
4547.8,15.387110943394937
4548.0,15.60811685530608
4548.2,15.516321700604149
4548.4,15.723040968060673
4548.6,16.161086364200543
4548.8,15.529662953531657
4549.0,16.061780989733116
4549.2,15.926960493480005
4549.4,15.861723101061667
4549.6,15.78195827652187
4549.8,15.505123506355723
4550.0,15.793752671575135
4550.2,16.006517393093475
4550.4,15.757688338976543
4550.6,15.802257869625581
4550.8,16.101715000578178
4551.0,15.497188562719359
4551.2,15.564329452647838
4551.4,15.514867957211901
4551.6,15.841089704419844
4551.8,16.02743659354516
4552.0,15.968011738811567
4552.2,15.757574285781146
4552.4,15.797856657133735
4552.6,15.67875445759205
4552.8,15.63642767783582
4553.0,16.23087184074989
4553.2,15.735141948575835
4553.4,15.635152155217906
4553.6,14.826839574477246
4553.8,15.391815556233322
4554.0,15.355860887516425
4554.2,15.600372294926421
4554.4,15.757344305129351
4554.6,16.117985107598006
4554.8,15.54138057732201
4555.0,16.008350737866238
4555.2,15.838213353932794
4555.4,16.66883842786694
4555.6,16.66822255999177
4555.8,16.600587291420464
4556.0,16.556737808467595
4556.2,16.702321893863747
4556.4,17.007816394411083
4556.6,17.319331499621416
4556.8,17.120134791466135
4557.0,17.06756173653506
4557.2,17.25889626756483
4557.4,17.05874189862277
4557.6,17.09077059170097
4557.8,17.018470629564032
4558.0,16.52614077440515
4558.2,16.92112751319382
4558.4,16.476755667525286
4558.6,16.384639487283643
4558.8,16.47360197667059
4559.0,16.063910950512255
4559.2,15.587052072309307
4559.4,15.671141534463136
4559.6,15.841758262552322
4559.8,15.617108593703328
4560.0,15.874220140789031
4560.2,16.186272196758697
4560.4,16.015699323552106
4560.6,16.29077867145363
4560.8,16.318421775516473
4561.0,16.009553421278817
4561.2,15.621963829172131
4561.4,15.692379124726358
4561.6,15.769299804534837
4561.8,15.725604956935872
4562.0,15.632553958298011
4562.2,16.057015818500595
4562.4,16.439287288763374
4562.6,16.203289758698553
4562.8,16.353609557060274
4563.0,16.31092639283803
4563.2,16.341090701698462
4563.4,16.926608037344646
4563.6,16.234909244031012
4563.8,15.862482460698395
4564.0,15.838892384457854
4564.2,15.060442486316486
4564.4,14.844419353221188
4564.6,15.363252696377117
4564.8,15.820179268260988
4565.0,15.609488584956711
4565.2,15.52397556795814
4565.4,15.379804756073758
4565.6,15.311962218524005
4565.8,14.842398945066968
4566.0,15.605088246694168
4566.2,16.48309346439107
4566.4,16.854641680222215
4566.6,17.310514174626068
4566.8,17.415231526686203
4567.0,17.042323468956454
4567.2,17.324828474663484
4567.4,16.90809799985202
4567.6,16.376887544259468
4567.8,16.69204678740938
4568.0,16.77722730466008
4568.2,16.099384994796416
4568.4,16.612306783234352
4568.6,16.739158844117995
4568.8,16.250611902939397
4569.0,16.879074074567274
4569.2,17.160543823243856
4569.4,16.919963094613507
4569.6,15.673830026546383
4569.8,16.10355266920596
4570.0,15.885303028676311
4570.2,15.707271890428746
4570.4,15.435814315867429
4570.6,14.854712939896972
4570.8,15.000950140753877
4571.0,14.656572513691522
4571.2,14.805324321135263
4571.4,15.006955570787872
4571.6,14.802133956524731
4571.8,14.966834119592471
4572.0,14.811540514485612
4572.2,15.097498527401887
4572.4,15.14604406450002
4572.6,15.06450182219118
4572.8,14.746164934577141
4573.0,14.648484488111219
4573.2,14.340797121410322
4573.4,14.228647259678656
4573.6,14.538203716738082
4573.8,14.509561981272721
4574.0,14.57766364289875
4574.2,14.528647733125577
4574.4,14.6410884473171
4574.6,14.366365597819987
4574.8,13.965956217605966
4575.0,14.125375583379022
4575.2,14.18273664145979
4575.4,13.993956610040424
4575.6,14.098725624294294
4575.8,14.006809398677333
4576.0,14.021390428428944
4576.2,13.773531556014998
4576.4,13.949166984549437
4576.6,14.015791021754683
4576.8,14.105429232713965
4577.0,14.263346940372536
4577.2,14.19645533841668
4577.4,13.99614565033625
4577.6,14.07102777535302
4577.8,13.938394665749744
4578.0,14.559520555350467
4578.2,14.318640683218076
4578.4,14.338213539306889
4578.6,14.199335575613318
4578.8,14.25007289659755
4579.0,14.006570027697444
4579.2,14.025967315827392
4579.4,14.147699703235258
4579.6,14.212223656043118
4579.8,14.227523419292998
4580.0,14.12085449386365
4580.2,14.021320780235547
4580.4,14.155853965183393
4580.6,13.775171411626534
4580.8,13.757221548937933
4581.0,14.051030659479913
4581.2,14.072791189252477
4581.4,13.925665368252885
4581.6,13.941027628271797
4581.8,13.974667469294511
4582.0,14.017477706168433
4582.2,14.183108237780573
4582.4,14.14827643571072
4582.6,13.974901635209712
4582.8,14.381712786286196
4583.0,14.216875775917808
4583.2,14.148066042676364
4583.4,14.195210212203639
4583.6,14.13477195111544
4583.8,13.729199068731843
4584.0,14.26990559093101
4584.2,13.945876948299079
4584.4,14.376371961745662
4584.6,13.952375529395496
4584.8,14.091283680997774
4585.0,14.024116142765255
4585.2,13.99362394540389
4585.4,13.908354947821781
4585.6,13.927154306916105
4585.8,13.917701033413529
4586.0,14.00963186229208
4586.2,14.112459936451476
4586.4,14.03721292551348
4586.6,14.210975243193353
4586.8,14.437084107528559
4587.0,14.943187583579308
4587.2,14.77595374883184
4587.4,14.990687861961277
4587.6,15.263272133974697
4587.8,15.20917026256014
4588.0,15.28372322900534
4588.2,15.440126203246914
4588.4,15.613544952340579
4588.6,15.490558473022762
4588.8,15.810206905684339
4589.0,16.02745786460348
4589.2,16.025400945884968
4589.4,15.830386164896652
4589.6,15.567041073223125
4589.8,15.78316430897484
4590.0,15.103167871473588
4590.2,15.646448972228448
4590.4,15.682842969229661
4590.6,15.430996517740095
4590.8,15.470979215977206
4591.0,15.266889029911287
4591.2,15.278021655411425
4591.4,14.819403699028905
4591.6,15.66088957898681
4591.8,15.457676577252641
4592.0,15.837969104490362
4592.2,15.492136425538735
4592.4,15.822219695949151
4592.6,15.361211825817922
4592.8,15.455358793413696
4593.0,15.80453133057141
4593.2,15.818173755566365
4593.4,14.919265548296181
4593.6,15.054033988887326
4593.8,15.168496138906661
4594.0,16.42031790492147
4594.2,15.947502868868941
4594.4,16.352540359624953
4594.6,16.022766655334667
4594.8,16.07415338478621
4595.0,16.201053545227737
4595.2,16.186640498685186
4595.4,15.901026761687579
4595.6,15.295264595542854
4595.8,15.486342387934569
4596.0,15.285796811693134
4596.2,14.896222266012991
4596.4,14.588273427818033
4596.6,15.63280762409121
4596.8,15.495066231015937
4597.0,14.957197940096238
4597.2,15.091697401723467
4597.4,16.039050764581898
4597.6,15.815576995233338
4597.8,15.720544459681939
4598.0,15.30255973340367
4598.2,15.344171272113051
4598.4,15.487147598464315
4598.6,15.47175309437379
4598.8,15.338003266757564
4599.0,15.263568434168132
4599.2,15.230776994433343
4599.4,15.327660536492946
4599.6,15.079978828990289
4599.8,15.4851908709452
4600.0,15.35600222401494
4600.2,15.396775536068898
4600.4,15.618925792517617
4600.6,15.097394451327016
4600.8,15.774366408080411
4601.0,15.640676742095325
4601.2,15.608266810288292
4601.4,15.70518319586219
4601.6,15.371466017012061
4601.8,15.636066458571204
4602.0,16.460421744541097
4602.2,15.849978611331125
4602.4,15.765699405212171
4602.6,15.485087746645153
4602.8,15.818357597635353
4603.0,16.577825148074353
4603.2,16.529085327861942
4603.4,16.17481878020588
4603.6,16.434795366107412
4603.8,16.45717114718742
4604.0,16.380594673044627
4604.2,16.203484080779155
4604.4,15.69694494835006
4604.6,16.265990706966782
4604.8,16.85177219194238
4605.0,16.61719326748386
4605.2,16.969301733963302
4605.4,17.273333672839065
4605.6,17.094573007716406
4605.8,17.173011823997417
4606.0,17.100987742684705
4606.2,16.861278080862007
4606.4,17.08588894073193
4606.6,16.856270086277974
4606.8,17.194175330411856
4607.0,16.9086261591703
4607.2,16.13456244542281
4607.4,16.068476476590796
4607.6,16.102488081095533
4607.8,16.536208635997184
4608.0,16.429386514420806
4608.2,16.344990809899663
4608.4,16.655822002271762
4608.6,16.377886085056367
4608.8,16.413913034229694
4609.0,16.810010908394478
4609.2,17.148007838769157
4609.4,17.130210623636895
4609.6,16.92792843458463
4609.8,16.8501314813798
4610.0,16.400635245572737
4610.2,16.16657516972905
4610.4,16.5533998527734
4610.6,16.404842308204763
4610.8,16.32136690937151
4611.0,16.371403525005032
4611.2,16.161306163040788
4611.4,15.461649089553992
4611.6,14.715031724953164
4611.8,15.071469303341715
4612.0,15.140286393242821
4612.2,14.862212472567366
4612.4,14.64750051902783
4612.6,14.539940337591373
4612.8,15.084892958244861
4613.0,15.16010326174275
4613.2,15.108612206448315
4613.4,15.695873500569828
4613.6,15.105942051219346
4613.8,14.695307901825075
4614.0,15.03411248425682
4614.2,14.796501686561221
4614.4,14.7932325228989
4614.6,14.501397424393442
4614.8,14.517557138921504
4615.0,14.722928789071348
4615.2,15.193191806257602
4615.4,14.821115914621966
4615.6,14.955132488238123
4615.8,15.360071370434259
4616.0,15.25132354797799
4616.2,15.913956938165498
4616.4,16.131093346451756
4616.6,15.368842158217529
4616.8,15.017764753458213
4617.0,15.813587487298207
4617.2,15.375297919931391
4617.4,15.284737312930023
4617.6,15.302795713755849
4617.8,15.783667939001377
4618.0,15.692935644125082
4618.2,15.798755434740979
4618.4,16.151237805255633
4618.6,16.623301827992158
4618.8,17.33331972449654
4619.0,16.866616354648542
4619.2,17.158032682197476
4619.4,17.38397046420888
4619.6,17.273775344342084
4619.8,16.839938875322314
4620.0,17.017989603015607
4620.2,16.460958545132243
4620.4,17.43124585726434
4620.6,17.07848326861991
4620.8,16.904521171459322
4621.0,17.474148686627295
4621.2,17.573384770729877
4621.4,17.108281633745058
4621.6,17.18211844025682
4621.8,16.859145084598644
4622.0,17.030365280746416
4622.2,17.06622984126745
4622.4,17.743837397564945
4622.6,17.407570066483064
4622.8,17.4512443418705
4623.0,16.997262924336894
4623.2,17.78927290948554
4623.4,17.48553091869583
4623.6,17.685455452246657
4623.8,17.473334610390165
4624.0,17.306435098601607
4624.2,16.755032061343908
4624.4,16.769835767852634
4624.6,16.973816458572102
4624.8,17.052825858702388
4625.0,17.4717877024231
4625.2,16.752275971378875
4625.4,17.015419355464932
4625.6,16.68383157310484
4625.8,17.36489089017934
4626.0,17.299948812460066
4626.2,16.911690033367158
4626.4,17.583192474689636
4626.6,17.867491839853553
4626.8,17.524143189243198
4627.0,16.79470056205218
4627.2,16.451837010862555
4627.4,16.506293971492113
4627.6,16.473918087211878
4627.8,16.572912808404347
4628.0,16.890631635191273
4628.2,16.925842763649502
4628.4,16.40599612579338
4628.6,16.53557166700319
4628.8,16.73825990252341
4629.0,16.247354690624288
4629.2,16.826581917181738
4629.4,16.968181320242696
4629.6,17.183816870326275
4629.8,16.808509910171537
4630.0,16.323298737428484
4630.2,16.12593615675906
4630.4,16.651135379947245
4630.6,16.787296692726166
4630.8,16.559905919401697
4631.0,16.677913827857257
4631.2,16.859689048686192
4631.4,16.697080674167687
4631.6,16.85889307888249
4631.8,17.093409297016283
4632.0,17.399998588827607
4632.2,17.315140657343303
4632.4,17.287099147033288
4632.6,17.17022426923076
4632.8,17.10666899274487
4633.0,17.075505543925665
4633.2,16.640106885046663
4633.4,16.06846212586706
4633.6,17.05997178017291
4633.8,17.079515849029228
4634.0,17.00616115679952
4634.2,16.992301604264156
4634.4,17.31147381249503
4634.6,16.25269151382501
4634.8,16.699941245860167
4635.0,16.679094111584675
4635.2,16.626506421227848
4635.4,16.962840931557754
4635.6,17.430909559773596
4635.8,17.09726018363157
4636.0,17.01340317965345
4636.2,17.175552411856316
4636.4,17.217454971213918
4636.6,17.321610335075984
4636.8,17.46462106190038
4637.0,17.56999486616722
4637.2,17.91581682457512
4637.4,17.63674288761748
4637.6,17.81889584940224
4637.8,18.20902301901032
4638.0,17.307938847024033
4638.2,17.12489169632969
4638.4,16.917217867141193
4638.6,17.169390935398607
4638.8,17.74344503246349
4639.0,16.919552149181044
4639.2,17.478163789636287
4639.4,17.540139985095283
4639.6,17.40618080575305
4639.8,17.068785871941934
4640.0,16.710077859892337
4640.2,16.572840656742645
4640.4,16.42314677289168
4640.6,16.756855525361956
4640.8,16.984013576392147
4641.0,16.28070282550665
4641.2,16.37623008167329
4641.4,16.334664426028983
4641.6,16.977496861704108
4641.8,17.21520962029794
4642.0,16.330713969044133
4642.2,16.09620097243915
4642.4,15.865394846132855
4642.6,16.063867959442607
4642.8,15.715934877125033
4643.0,15.997917124367087
4643.2,15.509329791362683
4643.4,15.809334885547937
4643.6,15.960500258438845
4643.8,15.969749762907782
4644.0,16.10110462883787
4644.2,15.995582900449183
4644.4,16.65653057209142
4644.6,16.148473020936414
4644.8,16.567599567946594
4645.0,16.364356698193657
4645.2,15.961931430640455
4645.4,16.24860331346693
4645.6,16.368003896126265
4645.8,16.53901344252685
4646.0,15.725601065343884
4646.2,16.60970831991452
4646.4,17.117320391547537
4646.6,16.755111318646126
4646.8,17.104500893183456
4647.0,16.70237828743324
4647.2,15.853806526826801
4647.4,16.433728554589003
4647.6,16.232423724356405
4647.8,16.07454120062151
4648.0,15.97996609597363
4648.2,16.445879148676482
4648.4,16.534772617184387
4648.6,16.856313999980987
4648.8,16.975612776166628
4649.0,16.515541022215835
4649.2,16.768585045660608
4649.4,16.433953159288762
4649.6,15.863954009781569
4649.8,15.5540134260797
4650.0,15.812975637909908
4650.2,15.918618101218296
4650.4,15.511012081998308
4650.6,15.9624818434438
4650.8,16.654406039960538
4651.0,16.5258979907654
4651.2,17.009265271966097
4651.4,17.45114465344724
4651.6,16.836386410975873
4651.8,17.09595416352087
4652.0,16.916272069106494
4652.2,16.5763938940178
4652.4,16.44488248757843
4652.6,16.82392156053469
4652.8,17.017449964790824
4653.0,17.153147376188414
4653.2,17.130126854988536
4653.4,17.320793873616697
4653.6,16.592521184314403
4653.8,16.576040720891317
4654.0,17.25191235634337
4654.2,17.091540922316288
4654.4,16.878733960749035
4654.6,16.774575342852355
4654.8,17.196720074814174
4655.0,16.547676112429684
4655.2,16.92376114876947
4655.4,16.20328903674228
4655.6,16.009123003259326
4655.8,15.543115217864772
4656.0,15.936860958147303
4656.2,15.835099423492336
4656.4,15.898381829272978
4656.6,16.433803994499424
4656.8,16.126746857111453
4657.0,16.2386633180855
4657.2,15.874573551359127
4657.4,15.989514645422444
4657.6,16.22149782071992
4657.8,16.30931370611181
4658.0,16.27609685907321
4658.2,16.363776038528567
4658.4,16.163590220087816
4658.6,16.704695167499455
4658.8,16.06889918214781
4659.0,17.040383450685248
4659.2,16.352288320571
4659.4,16.697891265276116
4659.6,17.01154567267915
4659.8,16.830238289077734
4660.0,16.919800301351454
4660.2,16.59881536012323
4660.4,16.213255210701117
4660.6,16.19662141903065
4660.8,15.94819757618202
4661.0,15.954575940394857
4661.2,16.29084414312003
4661.4,16.58576845060603
4661.6,16.43838693501316
4661.8,16.27424634123472
4662.0,16.370330751815835
4662.2,16.791165126152833
4662.4,16.883390698162163
4662.6,16.75635677906834
4662.8,16.334852101360166
4663.0,15.519840932322534
4663.2,15.592076434760454
4663.4,15.54892195448695
4663.6,16.174668470172012
4663.8,15.854450155641766
4664.0,16.52419666832214
4664.2,16.37330054605887
4664.4,17.013036468125243
4664.6,16.498346286384432
4664.8,16.450746639099293
4665.0,17.133885218992322
4665.2,17.144065744966387
4665.4,16.2915558426354
4665.6,16.367817403335238
4665.8,16.445058582592882
4666.0,16.67712487224499
4666.2,16.668012344280488
4666.4,16.359516522277836
4666.6,16.042969232677994
4666.8,15.696377913821486
4667.0,15.342633768114617
4667.2,15.182628900014606
4667.4,14.892349692106245
4667.6,15.157453334594642
4667.8,15.275834342172146
4668.0,14.94550074928558
4668.2,14.65519684333026
4668.4,14.781658109901521
4668.6,14.928766684953265
4668.8,14.792179751922896
4669.0,15.183968356336514
4669.2,15.032713332645052
4669.4,14.666521585716515
4669.6,14.850020108464488
4669.8,14.949545950641195
4670.0,15.308143249886976
4670.2,15.21892636564023
4670.4,15.486557998634288
4670.6,15.537211229065083
4670.8,15.30665902375331
4671.0,15.27581725681626
4671.2,15.63131893590635
4671.4,16.016840288970922
4671.6,16.171353320175324
4671.8,16.490905476045484
4672.0,16.189802159176708
4672.2,16.315350547630775
4672.4,16.180380625757994
4672.6,16.628909124679737
4672.8,16.567127938932224
4673.0,16.564810647904533
4673.2,16.550301476451747
4673.4,16.7622946489457
4673.6,16.72462088305049
4673.8,16.700730189866498
4674.0,16.673731941997907
4674.2,16.25864909388277
4674.4,17.17174597501685
4674.6,16.522058706394724
4674.8,16.222510543508566
4675.0,15.639009359660538
4675.2,15.569939915890476
4675.4,15.516236794518152
4675.6,16.41332823641546
4675.8,16.257471881049803
4676.0,16.082668085512786
4676.2,16.01223520934979
4676.4,15.585924772905726
4676.6,15.517256449795749
4676.8,15.223420574981137
4677.0,15.417107319621607
4677.2,15.917069399075634
4677.4,16.422451103736726
4677.6,15.834697109623736
4677.8,16.218014599216403
4678.0,16.095702734561655
4678.2,16.63927379079063
4678.4,16.134751576300282
4678.6,16.127835738938632
4678.8,15.864701789791338
4679.0,16.174745793980254
4679.2,16.26029659388479
4679.4,16.488411540779563
4679.6,15.78589835979554
4679.8,15.72468287780853
4680.0,16.012862826133073
4680.2,16.400927124171872
4680.4,16.195869967698783
4680.6,16.03790015314925
4680.8,15.632449092294356
4681.0,15.672375149322889
4681.2,14.967350377084525
4681.4,14.900117165747254
4681.6,14.854919033345286
4681.8,15.338400916136852
4682.0,15.813177043885805
4682.2,15.535420863417711
4682.4,15.669706126167268
4682.6,15.423721453974188
4682.8,15.723549145289637
4683.0,15.503005741029492
4683.2,15.716362920950331
4683.4,16.007764761957816
4683.6,16.120894828258194
4683.8,16.470942027323712
4684.0,16.69988162334078
4684.2,15.714129973185871
4684.4,15.536371272339625
4684.6,15.773494067835706
4684.8,15.868540858952326
4685.0,15.794619484949235
4685.2,16.5823923120124
4685.4,16.02765326803562
4685.6,16.323342213598142
4685.8,16.2434071984409
4686.0,15.37033711882251
4686.2,16.56837688940276
4686.4,16.565900192082317
4686.6,17.382077834035663
4686.8,16.316819763518033
4687.0,16.549341908609513
4687.2,16.647925815770762
4687.4,17.32291620233823
4687.6,16.410377470389967
4687.8,16.209178861866143
4688.0,16.07410517135438
4688.2,16.449034762877886
4688.4,16.58880836110153
4688.6,16.618566878157488
4688.8,16.324096000180692
4689.0,15.91689665524253
4689.2,16.135226781962476
4689.4,15.664470051803352
4689.6,16.388584662594532
4689.8,17.035306734894675
4690.0,17.264428102849706
4690.2,16.570737279670205
4690.4,16.529890971372176
4690.6,16.60363153714129
4690.8,16.45449943740047
4691.0,16.206179924304426
4691.2,16.28214126698723
4691.4,16.35127618434818
4691.6,16.60587291933276
4691.8,16.422844825875963
4692.0,16.604865840948367
4692.2,16.50354762725336
4692.4,15.910135392702912
4692.6,16.30919603952711
4692.8,16.275629022666386
4693.0,15.346178139102642
4693.2,16.435828393129512
4693.4,16.731965281660987
4693.6,16.741316072901817
4693.8,17.31991539197778
4694.0,16.780124465184542
4694.2,16.849714876495447
4694.4,16.676315489387083
4694.6,16.435392078888174
4694.8,16.281255040448876
4695.0,16.08582998798706
4695.2,16.140822076941607
4695.4,16.40949325799906
4695.6,16.402238205121535
4695.8,16.219713047802085
4696.0,16.229291217682672
4696.2,15.97557264573928
4696.4,16.469025606821642
4696.6,16.92435040093521
4696.8,17.393395922681407
4697.0,17.10343408007865
4697.2,16.55192429979306
4697.4,16.672814129446728
4697.6,16.109429935188697
4697.8,16.281178926303408
4698.0,15.929280174169556
4698.2,16.061370411153042
4698.4,15.579449445773177
4698.6,15.971707771542384
4698.8,15.905099915763948
4699.0,15.794268398621687
4699.2,16.089018723752154
4699.4,15.921114471174896
4699.6,16.017701245251658
4699.8,16.206369177298637
4700.0,16.175271808053896
4700.2,16.443739826934323
4700.4,15.942748855879135
4700.6,16.503361265543205
4700.8,16.017045500783297
4701.0,16.069234652922628
4701.2,16.065508504857892
4701.4,16.028795654530107
4701.6,16.40626423521023
4701.8,16.03397531908684
4702.0,16.15795364515218
4702.2,16.00077159569212
4702.4,16.18842943481225
4702.6,16.095057233222395
4702.8,15.91122010384261
4703.0,15.88401444109125
4703.2,16.086121644767598
4703.4,15.755892461642851
4703.6,15.886239665298554
4703.8,16.006852167739083
4704.0,16.209270330705188
4704.2,16.27000073295965
4704.4,16.66789883340068
4704.6,16.69666892253324
4704.8,16.507778468826487
4705.0,16.246674415397806
4705.2,16.357299856061026
4705.4,16.313088345805184
4705.6,16.25299529210792
4705.8,16.371998029809898
4706.0,15.869209700726941
4706.2,16.029906148912577
4706.4,15.959593506517225
4706.6,15.985446296010133
4706.8,16.576582350772856
4707.0,16.424700252323486
4707.2,15.938792673029923
4707.4,15.931021891152174
4707.6,15.804508089228237
4707.8,15.894229571135945
4708.0,15.918278953642655
4708.2,15.944591424746006
4708.4,16.068766788237365
4708.6,16.074590310316182
4708.8,16.303762018412886
4709.0,16.38882943030072
4709.2,16.446005254399314
4709.4,16.258115304105388
4709.6,16.45041609552094
4709.8,16.060890701769434
4710.0,15.888483612239268
4710.2,16.025699742456403
4710.4,15.609178605472964
4710.6,15.463914750205701
4710.8,15.151670285968281
4711.0,15.62878019573268
4711.2,15.21271547674023
4711.4,15.587768456944184
4711.6,15.56012445139081
4711.8,15.784047456690642
4712.0,15.732124245028118
4712.2,15.295427618147041
4712.4,15.362575861665729
4712.6,15.157796042370528
4712.8,15.38324382334898
4713.0,15.136112272225722
4713.2,15.753421627879941
4713.4,15.670987065833623
4713.6,15.320701108038266
4713.8,15.760483548051425
4714.0,15.0336009141673
4714.2,15.467403155291953
4714.4,14.732665440600224
4714.6,15.058730978586237
4714.8,14.627115265951424
4715.0,14.64618769235907
4715.2,15.046822797462617
4715.4,14.779151235318107
4715.6,14.870998323000391
4715.8,15.419625706270494
4716.0,15.760458277960296
4716.2,15.702989731123353
4716.4,15.719514569288863
4716.6,15.708447716136307
4716.8,15.642938762170385
4717.0,15.256850057095617
4717.2,14.771111319377976
4717.4,14.804088717057466
4717.6,15.069159106941818
4717.8,14.786545565658457
4718.0,14.686307559043808
4718.2,14.516778305437168
4718.4,14.618891563909065
4718.6,14.993484322708854
4718.8,14.78398574232969
4719.0,14.839586991098406
4719.2,14.900954971667648
4719.4,14.854514277822071
4719.6,14.725188578312572
4719.8,14.641719323859693
4720.0,14.460533891878839
4720.2,14.297739221498544
4720.4,14.599047205272601
4720.6,14.630214911467112
4720.8,14.6722486177805
4721.0,14.316767774558299
4721.2,14.069716686067025
4721.4,14.507553663473008
4721.6,14.43311943128694
4721.8,14.22870855508114
4722.0,14.349456569008634
4722.2,14.471298230003907
4722.4,13.95192092318987
4722.6,14.323523735960254
4722.8,14.2731065784635
4723.0,14.338346550272714
4723.2,14.41637011673522
4723.4,14.408547955388444
4723.6,14.554679706471617
4723.8,14.147088983235218
4724.0,14.129326197211354
4724.2,14.179867803787896
4724.4,14.175406301280027
4724.6,14.260975756400647
4724.8,14.287317629495767
4725.0,14.26062360764691
4725.2,14.39928079214187
4725.4,14.277569030040148
4725.6,14.337752786824208
4725.8,14.215194953890597
4726.0,14.400786412554154
4726.2,14.354226384831598
4726.4,14.394541418120717
4726.6,14.177671972647852
4726.8,14.323300784867026
4727.0,14.307043613415937
4727.2,14.405374276725638
4727.4,14.042697387418904
4727.6,14.217741158302303
4727.8,14.276442783221
4728.0,14.083938176319204
4728.2,14.327197500486177
4728.4,14.230026081055557
4728.6,14.17128049805046
4728.8,14.33539567802175
4729.0,14.054002538720809
4729.2,14.473500455874685
4729.4,14.31471461553248
4729.6,14.348309936845373
4729.8,14.514365121980614
4730.0,14.378596903580213
4730.2,14.536650887045507
4730.4,14.412506955262206
4730.6,14.364639537144736
4730.8,14.495020513076504
4731.0,14.558859724723039
4731.2,14.46464984579277
4731.4,14.679036983884233
4731.6,14.448744516606212
4731.8,14.47372364706397
4732.0,14.637667243819108
4732.2,14.60914500660774
4732.4,14.313965430688956
4732.6,14.440550365517527
4732.8,14.062674314680708
4733.0,14.228121439262837
4733.2,14.316411185618719
4733.4,14.543072240155704
4733.6,14.322168838582868
4733.8,14.475555640880117
4734.0,14.674029360588438
4734.2,14.554846913991433
4734.4,14.626026041829796
4734.6,14.812551395011244
4734.8,14.48355349164174
4735.0,14.546973444930796
4735.2,14.46336926850966
4735.4,14.693509281764616
4735.6,14.520831117412916
4735.8,14.478962431683687
4736.0,14.289843755032352
4736.2,14.055942037224018
4736.4,14.233990315626599
4736.6,14.353798820250018
4736.8,14.463749699957624
4737.0,14.73015920300721
4737.2,14.658463060328664
4737.4,14.621673548973167
4737.6,14.455947834999927
4737.8,14.675252113424317
4738.0,14.810634837201242
4738.2,14.334092399601587
4738.4,14.311227056376055
4738.6,14.541345175615055
4738.8,14.354956229136487
4739.0,14.581425144234231
4739.2,14.408334590170544
4739.4,14.168339088956362
4739.6,14.293180878278122
4739.8,14.221039098640759
4740.0,14.2641584595727
4740.2,14.305415889404678
4740.4,14.316956006701762
4740.6,14.465641940754153
4740.8,14.611444000235942
4741.0,14.543459685096556
4741.2,14.392226599445095
4741.4,14.562782858515238
4741.6,14.618669935067416
4741.8,14.657710326914176
4742.0,14.32109493467693
4742.2,14.573472808709338
4742.4,14.32455232324977
4742.6,14.122742103134085
4742.8,14.14905217515696
4743.0,14.390670811670736
4743.2,14.49107203994255
4743.4,14.493532871007888
4743.6,14.542077005026153
4743.8,14.045353682306551
4744.0,13.93004539604153
4744.2,14.136215401942778
4744.4,14.204828202709912
4744.6,13.935089436661148
4744.8,13.769011624220477
4745.0,14.021070577219595
4745.2,14.349681246965776
4745.4,14.591545666783325
4745.6,14.416974503517599
4745.8,14.627763423538575
4746.0,14.318461651971727
4746.2,14.444897855968081
4746.4,14.624318216144925
4746.6,14.580054367458779
4746.8,14.601451727363298
4747.0,14.617338101111745
4747.2,14.934689050830857
4747.4,14.348227949098298
4747.6,14.643336971361476
4747.8,14.65449478950333
4748.0,14.750166605216336
4748.2,14.610246292286487
4748.4,14.5867222463927
4748.6,14.92616917706259
4748.8,14.864149366669896
4749.0,14.881577244378628
4749.2,14.506103156309102
4749.4,14.818575101318231
4749.6,14.672641149835798
4749.8,14.823209839987745
4750.0,14.735624511153196
4750.2,14.847111946925791
4750.4,14.541897447022274
4750.6,14.8325795094399
4750.8,14.490638505950361
4751.0,14.451211678126661
4751.2,14.949900841897392
4751.4,14.666466164532387
4751.6,14.644683693710803
4751.8,14.493578960962122
4752.0,14.777159402047879
4752.2,14.24559278542242
4752.4,14.042010691422785
4752.6,14.401162759167708
4752.8,14.9385256945183
4753.0,14.663793452398323
4753.2,14.949259054149223
4753.4,14.862156696682248
4753.6,14.54405510306163
4753.8,14.70862205531847
4754.0,14.789760329913566
4754.2,14.492704304245315
4754.4,14.791582252276186
4754.6,14.911263796676902
4754.8,14.905152818332631
4755.0,14.576191790137397
4755.2,14.855524408166945
4755.4,14.580495030649438
4755.6,14.680407540676812
4755.8,14.631067820490237
4756.0,14.5447956220107
4756.2,14.424281556367989
4756.4,14.55175033082922
4756.6,14.399750185007374
4756.8,14.275176024891232
4757.0,14.6411071893778
4757.2,14.661278763669847
4757.4,14.633725536561586
4757.6,14.598083203457001
4757.8,14.80312203566486
4758.0,14.888866776494087
4758.2,14.896875277162433
4758.4,14.945757319123825
4758.6,14.805078139667005
4758.8,14.696732525393347
4759.0,14.577480001534411
4759.2,14.892382155424691
4759.4,14.77843512866338
4759.6,14.644611498859422
4759.8,14.701706197826429
4760.0,14.842580971862676
4760.2,14.540419794682201
4760.4,14.67501906772724
4760.6,14.879684220763298
4760.8,15.015332081163177
4761.0,14.58005283780643
4761.2,14.879217506844766
4761.4,14.95479017164836
4761.6,14.811603604331072
4761.8,14.958133518059334
4762.0,14.63931290661389
4762.2,14.69890081030763
4762.4,14.641366164299633
4762.6,14.464070645299136
4762.8,14.60712901711146
4763.0,14.528053831979644
4763.2,14.709143476889498
4763.4,14.521205603852154
4763.6,14.35692727536199
4763.8,14.373773552584295
4764.0,14.535972525585724
4764.2,14.307154130125495
4764.4,14.30198177835219
4764.6,14.185808058823408
4764.8,14.072925376064578
4765.0,14.08085878636913
4765.2,14.368719600216709
4765.4,14.47785076634509
4765.6,14.393858587369673
4765.8,14.53062122795388
4766.0,14.479159019711753
4766.2,14.373698001991048
4766.4,14.56981616367707
4766.6,14.610312981213674
4766.8,14.166214788452326
4767.0,14.230214362852315
4767.2,14.54156904572741
4767.4,14.478188738842924
4767.6,14.262872343116566
4767.8,14.670173168760456
4768.0,14.6873544342006
4768.2,14.242482594244937
4768.4,14.495823268978846
4768.6,14.493072957834867
4768.8,14.599642798870349
4769.0,14.498336849378756
4769.2,14.102922187453085
4769.4,14.001648472049144
4769.6,14.209333275992748
4769.8,14.137945460572654
4770.0,14.114710286071038
4770.2,14.375060997540213
4770.4,14.547063890057288
4770.6,14.393823816178688
4770.8,14.433448427917403
4771.0,14.786969387534404
4771.2,14.690491348944699
4771.4,14.743353197015335
4771.6,14.866217557132863
4771.8,14.685780374550927
4772.0,15.051600429892018
4772.2,14.818634293659006
4772.4,14.460105364900713
4772.6,14.502155570978976
4772.8,15.022894283874258
4773.0,15.454781967215471
4773.2,15.398808661205416
4773.4,15.133938145805153
4773.6,15.277981458161241
4773.8,15.36068276858531
4774.0,15.38936861930539
4774.2,15.654986935887603
4774.4,16.58297418674008
4774.6,15.873500269996132
4774.8,15.917487230584584
4775.0,15.642394491633754
4775.2,15.63490293126948
4775.4,15.758245236965113
4775.6,15.637169050572503
4775.8,15.447263198646922
4776.0,14.830989856258201
4776.2,15.229454446223256
4776.4,15.09345728579384
4776.6,15.267947694725079
4776.8,15.309568170857222
4777.0,15.070486842115836
4777.2,14.634317955230667
4777.4,14.851546691618731
4777.6,14.738190508847106
4777.8,14.662273771390876
4778.0,14.887002778775134
4778.2,14.685563838307214
4778.4,14.509545479212456
4778.6,14.581181361508403
4778.8,14.498633900924656
4779.0,14.628526054562997
4779.2,14.827591090779208
4779.4,14.836288073102601
4779.6,14.63359629672716
4779.8,14.64842861312256
4780.0,14.645099256019254
4780.2,14.71792710219005
4780.4,14.747236463120746
4780.6,14.84754658054936
4780.8,14.791124307923056
4781.0,14.921383445762435
4781.2,14.746514879260895
4781.4,15.054015512609176
4781.6,14.498196303252787
4781.8,14.48346513018942
4782.0,14.780526179294867
4782.2,14.592000430642996
4782.4,14.72013377868507
4782.6,14.715149634884487
4782.8,14.983254906522127
4783.0,14.628374419833579
4783.2,14.781889817180735
4783.4,14.840850091919258
4783.6,14.786176149605645
4783.8,14.85288622922309
4784.0,14.64939524902241
4784.2,14.909293218907152
4784.4,14.972716592113354
4784.6,14.898027093042497
4784.8,14.923435705178091
4785.0,15.097578059731463
4785.2,14.974191168079003
4785.4,15.323675427597621
4785.6,15.185666912806639
4785.8,15.25092722912312
4786.0,15.774377969240113
4786.2,15.287596857082432
4786.4,15.127273067756306
4786.6,16.01215185624156
4786.8,15.477354524678987
4787.0,15.3745721306535
4787.2,15.60431168918271
4787.4,15.779728819909524
4787.6,15.926311099922103
4787.8,15.806197395582576
4788.0,16.000165559125993
4788.2,15.879339538687532
4788.4,15.677303091034286
4788.6,15.51851551571141
4788.8,15.849818425498746
4789.0,15.422391308650539
4789.2,15.57994537662383
4789.4,15.61710566458804
4789.6,15.484205966292459
4789.8,15.266412625989382
4790.0,15.3168498817021
4790.2,15.37410632027645
4790.4,14.999141449976081
4790.6,15.25070328984052
4790.8,15.25164561349058
4791.0,14.937023866269108
4791.2,14.925770432282118
4791.4,14.826599457602242
4791.6,14.76240025647251
4791.8,15.038681350570283
4792.0,15.15194534721861
4792.2,15.284895415559312
4792.4,15.224396795264308
4792.6,15.120232243806646
4792.8,15.161732220546105
4793.0,15.12855310752631
4793.2,15.040537412088566
4793.4,15.351516612391531
4793.6,15.909806600478934
4793.8,15.485804478059428
4794.0,15.185683803979567
4794.2,14.998497406068566
4794.4,14.934168236061288
4794.6,15.098998291053958
4794.8,14.803754597306833
4795.0,14.920663863107844
4795.2,14.72770968774494
4795.4,14.643286786703442
4795.6,14.843313246408933
4795.8,14.850960059451584
4796.0,14.981033570889199
4796.2,14.659261277212279
4796.4,14.665311652455937
4796.6,14.787412558221396
4796.8,14.672594671026044
4797.0,14.599695567507858
4797.2,14.698594008225827
4797.4,14.678102704492114
4797.6,14.657867352537453
4797.8,14.397688050441321
4798.0,14.572183150585982
4798.2,14.494645541747776
4798.4,14.717949699022942
4798.6,14.683513224845672
4798.8,14.634877666339882
4799.0,14.663026441792276
4799.2,14.664995633583471
4799.4,14.803844635563268
4799.6,14.722779292777826
4799.8,14.766661379813355
4800.0,14.64832998422831
4800.2,15.030200117052061
4800.4,15.162165464329668
4800.6,14.578196382717667
4800.8,14.05509658340714
4801.0,14.363967631561119
4801.2,14.518698973898891
4801.4,14.559244202269765
4801.6,14.849992744745803
4801.8,14.968554454050185
4802.0,15.089879166347293
4802.2,15.059903376255026
4802.4,14.590888487445694
4802.6,14.58807133058437
4802.8,14.532417453859544
4803.0,14.655161113261618
4803.2,14.48849961249185
4803.4,14.76928571294339
4803.6,14.553108122985062
4803.8,14.731851570779613
4804.0,14.842139262352461
4804.2,14.91589238040454
4804.4,14.77205770232063
4804.6,14.600006999710297
4804.8,14.704462717613092
4805.0,15.277219970644161
4805.2,14.894665078766119
4805.4,14.698494133235245
4805.6,14.769411647702528
4805.8,14.648654088407492
4806.0,14.636714822801721
4806.2,14.428191489363053
4806.4,14.761104885638655
4806.6,14.442943465117018
4806.8,14.590088942555495
4807.0,14.654472167424395
4807.2,14.532864252339976
4807.4,14.495567379907314
4807.6,14.594470184832304
4807.8,14.476747585905018
4808.0,14.611615118254148
4808.2,14.444368079437595
4808.4,14.587028620825793
4808.6,14.530759535394353
4808.8,14.693767739076966
4809.0,14.493575439907676
4809.2,14.473754416784137
4809.4,14.691777909427024
4809.6,14.559099786172023
4809.8,14.511606155327373
4810.0,14.598150272498088
4810.2,14.333267042127991
4810.4,14.281888205745298
4810.6,14.561305804942958
4810.8,14.565604216046724
4811.0,14.455318415949769
4811.2,14.582018311245466
4811.4,14.625006303738388
4811.6,14.635353086393394
4811.8,14.847841358585743
4812.0,14.676891818167796
4812.2,14.683587038466342
4812.4,14.81714693200689
4812.6,14.712427204843667
4812.8,14.843257904772784
4813.0,14.612539302513177
4813.2,14.545494118135068
4813.4,14.623080736489085
4813.6,14.395937913686524
4813.8,14.69046858059728
4814.0,14.556059021659259
4814.2,14.819870453152733
4814.4,14.674775156442163
4814.6,14.673709689748225
4814.8,14.588676740577895
4815.0,14.639032530074283
4815.2,14.502602904573793
4815.4,14.244610327893561
4815.6,14.40601212717455
4815.8,14.349835227249212
4816.0,14.508063724283147
4816.2,14.76675744078436
4816.4,14.408921924850173
4816.6,14.4291393115176
4816.8,14.182404535691994
4817.0,14.41076164508386
4817.2,14.5648268000166
4817.4,14.457953757527854
4817.6,14.397225378609594
4817.8,14.3867828003869
4818.0,14.446953989897107
4818.2,14.400910231387511
4818.4,14.526422132407419
4818.6,14.586844405263664
4818.8,14.701565923814403
4819.0,14.627296797080842
4819.2,14.574572591745055
4819.4,14.466257214215828
4819.6,14.406849321972931
4819.8,14.396804426344882
4820.0,14.623010114081744
4820.2,14.393161215108766
4820.4,14.70641473598193
4820.6,14.48704145114317
4820.8,14.556964039265615
4821.0,14.653262535378907
4821.2,14.737797241229003
4821.4,14.763363974524497
4821.6,14.66178618078795
4821.8,14.707050791454051
4822.0,14.684537054129642
4822.2,14.930699488175549
4822.4,15.001947147745078
4822.6,14.868704850285921
4822.8,14.661657993558187
4823.0,14.878058322520445
4823.2,14.559062659744061
4823.4,14.806544506841666
4823.6,14.873684962146939
4823.8,14.887143226385147
4824.0,14.606184752150488
4824.2,14.898213314801874
4824.4,15.061339532794962
4824.6,14.799413801202956
4824.8,14.926509781375014
4825.0,14.588062279113503
4825.2,15.104165597472575
4825.4,14.527121785414876
4825.6,14.710857609256058
4825.8,14.670148924769219
4826.0,14.411642366842939
4826.2,14.476086487769138
4826.4,14.396623682662353
4826.6,14.645491858018076
4826.8,14.493101001641183
4827.0,14.518953482258823
4827.2,14.406593116693173
4827.4,14.549799789333544
4827.6,14.851754315679628
4827.8,14.497011669585318
4828.0,14.728931153490839
4828.2,14.67084494712875
4828.4,14.847234198696329
4828.6,14.857133790469648
4828.8,14.962400197049474
4829.0,14.692302280667276
4829.2,14.905692771646496
4829.4,14.819203406530852
4829.6,14.717889796171876
4829.8,15.025602792115835
4830.0,14.826702415683028
4830.2,14.771567726615649
4830.4,15.098180448460784
4830.6,14.794362999430763
4830.8,14.474176701252507
4831.0,14.825270644009052
4831.2,14.6997588307078
4831.4,15.018061177616852
4831.6,15.035429357715614
4831.8,15.019743204079257
4832.0,14.721706907872548
4832.2,14.669902067133357
4832.4,14.938821951049823
4832.6,14.944025868759477
4832.8,14.534135847035563
4833.0,14.908021406351057
4833.2,14.944779933809224
4833.4,14.572400939831034
4833.6,14.589431821083958
4833.8,14.490690189485989
4834.0,14.823476128265442
4834.2,14.458068595716272
4834.4,14.720939602219493
4834.6,14.408355939025125
4834.8,14.377013296214955
4835.0,14.224567624812533
4835.2,14.72555862625768
4835.4,14.501096002126046
4835.6,14.59953376696258
4835.8,14.723607926851809
4836.0,15.124460925247751
4836.2,15.048758424699493
4836.4,14.880926574895891
4836.6,15.222907356683141
4836.8,15.267370543116574
4837.0,15.365077407399692
4837.2,15.150933456680708
4837.4,15.14131118634656
4837.6,15.721806982543358
4837.8,15.253749814207078
4838.0,14.98545625992606
4838.2,14.891571710122143
4838.4,14.859695892974127
4838.6,14.922664978280809
4838.8,14.822144269020622
4839.0,14.745866002620717
4839.2,14.828456857865982
4839.4,15.202319563006235
4839.6,15.099067560239696
4839.8,15.29726954432071
4840.0,15.254391075200086
4840.2,14.978262908233123
4840.4,14.962290837895205
4840.6,15.00770119523257
4840.8,14.612808081915666
4841.0,14.692213218201731
4841.2,14.345482951085637
4841.4,14.419411010752523
4841.6,14.530176509342178
4841.8,14.541010445982609
4842.0,14.543805086479209
4842.2,14.621003513660078
4842.4,14.740146704547996
4842.6,15.019698224031767
4842.8,15.123431329503942
4843.0,15.042696031785496
4843.2,14.936943915235059
4843.4,15.001576884148307
4843.6,15.141082114505917
4843.8,15.068868545495524
4844.0,14.813125333595917
4844.2,14.869930053020298
4844.4,14.705271231386348
4844.6,14.623566517272488
4844.8,14.52676867473169
4845.0,14.528981309378459
4845.2,14.584987634040631
4845.4,14.586565573369047
4845.6,14.495449186013058
4845.8,14.501715583244257
4846.0,14.260412682632406
4846.2,14.694018960755034
4846.4,14.687670440072505
4846.6,14.663429604737978
4846.8,14.589152522177995
4847.0,14.83062342841163
4847.2,14.747854153488314
4847.4,14.665379661328998
4847.6,14.6267319103844
4847.8,14.983117220939516
4848.0,14.26588817995941
4848.2,14.914671297091706
4848.4,14.664559885102896
4848.6,14.781596055334216
4848.8,15.100528107071543
4849.0,14.927781650963789
4849.2,14.906562008280709
4849.4,14.615407880120548
4849.6,14.976031098937366
4849.8,14.759075991720255
4850.0,15.239192192169744
4850.2,14.953872139384599
4850.4,15.043562470221932
4850.6,14.97579119346318
4850.8,14.903050580356778
4851.0,15.119856149563889
4851.2,15.077485405212201
4851.4,14.974096340847321
4851.6,15.299336385271916
4851.8,15.221487733937249
4852.0,15.55112338211295
4852.2,15.299969096685304
4852.4,15.535085682170886
4852.6,15.090658786960987
4852.8,14.953577994172386
4853.0,15.318662648280593
4853.2,15.427267635484306
4853.4,15.526290809305223
4853.6,15.81762748876232
4853.8,15.839517685499601
4854.0,15.981493438986412
4854.2,15.903969683205815
4854.4,15.878734587079657
4854.6,15.39752937455729
4854.8,15.884520890388682
4855.0,16.059549028468634
4855.2,15.931433296033575
4855.4,15.890046257933694
4855.6,16.15418660686608
4855.8,15.5247902204311
4856.0,15.792873301059608
4856.2,16.011846521851577
4856.4,16.047340956454995
4856.6,15.631788491667386
4856.8,15.88306019585141
4857.0,15.517045509656267
4857.2,15.52070527823097
4857.4,15.692170009523892
4857.6,15.704706713619016
4857.8,15.489239511567682
4858.0,15.527729190217542
4858.2,15.300281869840129
4858.4,15.622127180743883
4858.6,15.62211978867218
4858.8,15.749283058835582
4859.0,16.2280759406945
4859.2,15.717824446499227
4859.4,15.43488329711004
4859.6,15.084367125260945
4859.8,15.59993470989113
4860.0,15.155140097430381
4860.2,15.415214963398554
4860.4,15.915955186522911
4860.6,15.215017248965141
4860.8,16.13082463464661
4861.0,16.26103672342814
4861.2,16.0329940639333
4861.4,15.67872486618585
4861.6,16.095800742967832
4861.8,16.34615500188076
4862.0,16.078300981050717
4862.2,15.406956817968007
4862.4,15.612279666909366
4862.6,15.020652845135318
4862.8,14.79758020697478
4863.0,14.778177866483663
4863.2,14.78397342089285
4863.4,15.324434457030572
4863.6,14.898510099532722
4863.8,14.906292451366808
4864.0,15.499364988665496
4864.2,15.386814965234016
4864.4,15.560190965276973
4864.6,15.45045286526485
4864.8,15.70925732450766
4865.0,15.490483010448115
4865.2,15.325851713673963
4865.4,15.479065736545977
4865.6,14.695861600969796
4865.8,14.543332895621619
4866.0,14.697617575615801
4866.2,14.784011734651916
4866.4,14.451715350805996
4866.6,14.5197450601236
4866.8,14.702122844914008
4867.0,14.32182774008612
4867.2,14.285791374809476
4867.4,14.060426728188311
4867.6,14.179395272272824
4867.8,14.44230580399578
4868.0,14.477676077300622
4868.2,14.568895337933828
4868.4,14.598111718730603
4868.6,14.397256901831629
4868.8,14.286588868106618
4869.0,14.589356380456577
4869.2,14.276675056640208
4869.4,14.276141946185632
4869.6,14.403776088435942
4869.8,14.2076339494098
4870.0,14.63118613650374
4870.2,14.641202944224453
4870.4,14.954106069193587
4870.6,14.827517547800916
4870.8,14.710370271401949
4871.0,14.51861106678898
4871.2,14.275851159674806
4871.4,14.359029484041024
4871.6,14.638480124265369
4871.8,14.393601882124674
4872.0,14.335482678478598
4872.2,14.173864498197089
4872.4,14.560540967237905
4872.6,14.444045369054646
4872.8,14.290425122982061
4873.0,14.544114153855075
4873.2,14.61481409784334
4873.4,14.688300751780288
4873.6,14.857512105793464
4873.8,14.87955370916662
4874.0,14.64050054125919
4874.2,14.437263456406885
4874.4,14.563529891838582
4874.6,14.456220953381049
4874.8,14.10042208616181
4875.0,14.277613077234246
4875.2,14.264063800692108
4875.4,14.532710506714091
4875.6,14.52900538284335
4875.8,14.382261381790311
4876.0,14.25338650809234
4876.2,14.496097561973171
4876.4,14.3632168336149
4876.6,14.412065972231261
4876.8,14.79557677939537
4877.0,15.240697234875116
4877.2,14.817062424279012
4877.4,14.952682049344908
4877.6,14.733304215303964
4877.8,14.825610557545588
4878.0,14.95029482250597
4878.2,15.108959593946096
4878.4,14.974838222472576
4878.6,14.834135848996384
4878.8,14.849561945114624
4879.0,15.022391082087157
4879.2,14.803990337727953
4879.4,14.93974689565966
4879.6,15.102456636683272
4879.8,15.034190707172158
4880.0,14.375586508887361
4880.2,14.405214785269829
4880.4,14.663715442834675
4880.6,14.981861051997862
4880.8,14.591265798484779
4881.0,14.74609137952176
4881.2,15.267765456591098
4881.4,14.726038395852177
4881.6,15.182315913343796
4881.8,14.883265254852029
4882.0,14.701023995745805
4882.2,14.929479199211777
4882.4,15.054480695053336
4882.6,14.974531455458031
4882.8,14.785226787044095
4883.0,14.919510040129879
4883.2,14.766340945807709
4883.4,15.008964839430138
4883.6,14.974990481225309
4883.8,14.648969394122082
4884.0,14.730119841423729
4884.2,14.637633975110802
4884.4,14.7778093157038
4884.6,14.690579941654612
4884.8,14.817880878081384
4885.0,14.596932241632379
4885.2,14.543845025427661
4885.4,14.498573060042935
4885.6,14.731019636571522
4885.8,14.656030643898095
4886.0,14.350729788440386
4886.2,14.651510509766304
4886.4,14.842148197116426
4886.6,14.875380553770022
4886.8,14.752391444074583
4887.0,14.60145527051897
4887.2,14.720231278511191
4887.4,14.70721159151549
4887.6,14.668218807664836
4887.8,14.721085492656158
4888.0,14.599402384710107
4888.2,14.713738986753228
4888.4,14.525193847988362
4888.6,14.684626702247103
4888.8,14.829100516296787
4889.0,14.888788745732782
4889.2,15.024132670932316
4889.4,14.819456104644399
4889.6,14.649698749512234
4889.8,14.675255808343579
4890.0,14.957635703838001
4890.2,14.70341989993198
4890.4,14.609776080859483
4890.6,14.995216499168784
4890.8,15.404901900147255
4891.0,15.143524109646961
4891.2,14.850042885405585
4891.4,14.984607876646546
4891.6,14.797373635587036
4891.8,15.096606330818382
4892.0,15.001927507232036
4892.2,14.986259115798182
4892.4,15.097832319571442
4892.6,15.232498539664054
4892.8,15.216983406235498
4893.0,15.099444505169688
4893.2,14.977776762496118
4893.4,14.925930769786198
4893.6,15.113086296623933
4893.8,15.158076170448718
4894.0,14.783145197107215
4894.2,14.950837706182266
4894.4,15.067829103495722
4894.6,14.914308520249053
4894.8,14.525444124210424
4895.0,14.879780834455687
4895.2,14.816490981253402
4895.4,15.097891331910379
4895.6,15.098310306983358
4895.8,15.248604447405034
4896.0,14.995225860905169
4896.2,15.149236237524441
4896.4,14.937100629401662
4896.6,14.744843414881695
4896.8,14.97459958486579
4897.0,15.068566783544945
4897.2,15.27701441957552
4897.4,15.44059696344086
4897.6,15.151215664575572
4897.8,14.926663091290314
4898.0,14.735510447910368
4898.2,15.014084023512202
4898.4,15.248296999367517
4898.6,15.342745792971717
4898.8,15.502295668912511
4899.0,15.565600067845507
4899.2,15.246353753589517
4899.4,15.090336183394047
4899.6,15.23947895326243
4899.8,14.9703478773447
4900.0,14.875337463660214
4900.2,15.14283226353527
4900.4,14.527789176214954
4900.6,14.741289732059858
4900.8,14.697012365844946
4901.0,14.710142250608673
4901.2,14.624357600702503
4901.4,14.633367844930891
4901.6,14.499324849750202
4901.8,14.174946226422653
4902.0,14.304340672908282
4902.2,14.49893215629174
4902.4,14.097499923187602
4902.6,14.230265015072943
4902.8,13.933257033949214
4903.0,14.212590761359621
4903.2,14.429372456576992
4903.4,14.659415267776163
4903.6,14.8779915210587
4903.8,15.020007840330297
4904.0,15.218241879605568
4904.2,15.176974247073902
4904.4,15.338732478033506
4904.6,14.925494962911014
4904.8,15.101311717203966
4905.0,15.056122729050925
4905.2,15.126415757813355
4905.4,14.792308060552873
4905.6,15.199593532248578
4905.8,15.20832548788781
4906.0,15.371179153611472
4906.2,15.394361867734359
4906.4,15.231881289733149
4906.6,15.15991698772279
4906.8,15.08689964741859
4907.0,15.307475378742861
4907.2,14.870154819043396
4907.4,14.5248053572198
4907.6,14.937091906220886
4907.8,14.608560594119425
4908.0,14.634529343021555
4908.2,14.391264570204818
4908.4,14.949352259936866
4908.6,15.175523073624632
4908.8,15.094609251523469
4909.0,14.971783114980386
4909.2,14.746156086887062
4909.4,15.831575819780968
4909.6,15.658439453715552
4909.8,16.15253924968011
4910.0,15.669936594224039
4910.2,15.55963213430374
4910.4,15.817699314733387
4910.6,15.389053694684396
4910.8,15.692755866211016
4911.0,15.30313056949987
4911.2,15.480545217902769
4911.4,15.465501134472962
4911.6,15.177453122961522
4911.8,15.152863682951665
4912.0,15.099251699008256
4912.2,15.56623763951639
4912.4,15.828610743740299
4912.6,15.644889945552654
4912.8,15.177074750217256
4913.0,15.812538554447517
4913.2,15.701137765596043
4913.4,15.824268520574822
4913.6,15.576657053139954
4913.8,16.367032724955045
4914.0,15.436678330777937
4914.2,15.67058542446482
4914.4,15.581249448293907
4914.6,15.334481778781006
4914.8,15.371947492559713
4915.0,15.129166479275574
4915.2,15.009136867923837
4915.4,14.956167157956097
4915.6,15.151582135131783
4915.8,16.114383743079685
4916.0,15.934021699706332
4916.2,15.48668704880804
4916.4,15.517553255601701
4916.6,15.34211345657609
4916.8,15.969833321185874
4917.0,16.36679931715235
4917.2,16.239276018679597
4917.4,15.589561441671393
4917.6,16.01348883044486
4917.8,15.93622773640072
4918.0,15.803255480187383
4918.2,16.48673618262235
4918.4,16.214919812369924
4918.6,16.178313447828874
4918.8,16.4475978940589
4919.0,16.788899002532236
4919.2,17.27218700077828
4919.4,17.04765016828435
4919.6,16.66914614184481
4919.8,16.647066160529324
4920.0,16.45591450930453
4920.2,15.968040688159274
4920.4,16.006266765880074
4920.6,16.59523594764311
4920.8,16.75135151630026
4921.0,16.170449507621438
4921.2,16.099461620932455
4921.4,16.330734831858365
4921.6,16.000661914386548
4921.8,15.596630924882831
4922.0,15.004263145091608
4922.2,14.877142050181476
4922.4,15.213115040193816
4922.6,15.21760752904976
4922.8,15.283003296312023
4923.0,15.561226629760638
4923.2,16.10530908636874
4923.4,15.836849295003692
4923.6,15.258120724059188
4923.8,15.476105635063204
4924.0,15.655461249145866
4924.2,16.075173646836237
4924.4,15.76631110145959
4924.6,15.774697438630277
4924.8,15.728114555583845
4925.0,15.65627815061876
4925.2,15.799947700531753
4925.4,16.09596681123804
4925.6,16.26378951633397
4925.8,15.897553144761883
4926.0,15.991972291006316
4926.2,15.948999316992447
4926.4,15.805022006571996
4926.6,15.944161034798363
4926.8,15.689617277179646
4927.0,15.819336593953299
4927.2,16.130858926712584
4927.4,16.13945238286338
4927.6,15.93023167312968
4927.8,16.359479916267013
4928.0,16.458202027197533
4928.2,16.32211570618996
4928.4,16.156143564486804
4928.6,15.753464265184974
4928.8,16.26333046719558
4929.0,15.669279832005127
4929.2,15.82466703429057
4929.4,15.544276318127286
4929.6,15.707125489407128
4929.8,15.867773274987172
4930.0,15.785932717521344
4930.2,16.090878659208684
4930.4,15.494996971409842
4930.6,16.043578442331988
4930.8,16.164553674201482
4931.0,15.78403126294032
4931.2,15.797274612416714
4931.4,15.822374913216308
4931.6,15.990041408685132
4931.8,16.21912939172535
4932.0,15.59691303639447
4932.2,15.97986592941777
4932.4,15.657402395288987
4932.6,16.310644114840777
4932.8,16.670907617973963
4933.0,16.61465845705638
4933.2,16.084175974966698
4933.4,15.876199312374368
4933.6,16.06438079525588
4933.8,15.26461480595245
4934.0,16.044879634996477
4934.2,15.571171092686187
4934.4,15.503967726291982
4934.6,15.570262178627825
4934.8,15.315871700489305
4935.0,15.30377872121571
4935.2,15.141648597073928
4935.4,15.003304420485385
4935.6,15.095290436095484
4935.8,14.950737685059414
4936.0,14.668225797536874
4936.2,14.760144269526299
4936.4,14.930929310159524
4936.6,15.450728894068686
4936.8,15.935953681920015
4937.0,15.946757109988587
4937.2,16.394576403868854
4937.4,16.382672459696654
4937.6,16.18710353511359
4937.8,15.763098801399522
4938.0,15.864582224813933
4938.2,16.23998225977164
4938.4,16.308311614311652
4938.6,15.431478696996361
4938.8,15.891353033660089
4939.0,15.61284397335547
4939.2,15.41626838819018
4939.4,15.600959872880471
4939.6,15.303048288355647
4939.8,15.615329285284483
4940.0,15.77653266559249
4940.2,15.515684191794621
4940.4,15.624819438937315
4940.6,15.993527379721861
4940.8,15.93690959217771
4941.0,16.05423405085888
4941.2,16.234339011001612
4941.4,15.808176131992791
4941.6,15.811873363481652
4941.8,16.00940167233232
4942.0,16.010257552861024
4942.2,15.44335878130382
4942.4,15.644734057729933
4942.6,15.248145450620655
4942.8,15.503437924810024
4943.0,15.786126763128951
4943.2,15.456962183541243
4943.4,15.612823398147796
4943.6,16.28818495875462
4943.8,16.107302850303725
4944.0,16.580898397991454
4944.2,16.030816673107694
4944.4,16.064510017230372
4944.6,15.9948580743118
4944.8,15.636091932352453
4945.0,15.383352239909403
4945.2,15.863289717100102
4945.4,15.703668027103246
4945.6,15.705830287323618
4945.8,15.95261794240759
4946.0,15.807767217748534
4946.2,15.868051844179082
4946.4,15.904030857172454
4946.6,15.643887440746461
4946.8,16.163091551224284
4947.0,16.188000036527285
4947.2,16.473263515951537
4947.4,16.145819880885323
4947.6,15.97957258137539
4947.8,15.74880676483682
4948.0,15.703045387734713
4948.2,15.827268956396441
4948.4,15.634516026523293
4948.6,15.115753799528376
4948.8,15.50794436504182
4949.0,15.606443207399698
4949.2,15.558603609521542
4949.4,15.548867899840582
4949.6,15.435634828442664
4949.8,15.443835910026852
4950.0,15.168052223754083
4950.2,15.522629104823809
4950.4,15.258266368614509
4950.6,15.14056864975791
4950.8,15.155736034884345
4951.0,15.357502334487068
4951.2,15.156664811110028
4951.4,15.253767514925498
4951.6,15.194452376514029
4951.8,15.365852627096707
4952.0,15.25104980898403
4952.2,15.283279014350965
4952.4,15.484901233856501
4952.6,15.581998491508863
4952.8,15.286342724522257
4953.0,15.478491563900052
4953.2,15.500335972567086
4953.4,15.10283053432955
4953.6,15.241404588304261
4953.8,15.053524971558963
4954.0,15.02578214397061
4954.2,15.109471742479181
4954.4,15.085027311311517
4954.6,15.43090677649629
4954.8,15.572000710318274
4955.0,15.448470393033112
4955.2,15.286434032438716
4955.4,15.204740657755636
4955.6,15.163792457960605
4955.8,14.624771530511023
4956.0,15.068244563549262
4956.2,15.153746867074043
4956.4,15.265365444020667
4956.6,15.363868655845339
4956.8,15.801903449582417
4957.0,15.77607453309649
4957.2,16.086487763126264
4957.4,15.580698778332216
4957.6,15.193849700977758
4957.8,14.862348680233485
4958.0,15.698318493772137
4958.2,15.161073356322643
4958.4,14.92463948109631
4958.6,15.101557164743811
4958.8,15.531504360862915
4959.0,15.226461989962477
4959.2,15.326813264921164
4959.4,15.239749452438309
4959.6,14.726374069223308
4959.8,15.237066427921324
4960.0,14.866467257118643
4960.2,15.076889940244545
4960.4,15.099941030345338
4960.6,14.94319977828479
4960.8,15.518447318355268
4961.0,15.364687198209543
4961.2,15.648912334904505
4961.4,15.516892665366802
4961.6,15.244821805572467
4961.8,14.937502425159035
4962.0,14.961884535462795
4962.2,14.804688115603028
4962.4,14.54918739846506
4962.6,14.94528652045144
4962.8,14.619740725755774
4963.0,14.903152484043476
4963.2,14.925894293935439
4963.4,14.601110707265208
4963.6,14.910233051090838
4963.8,14.947974245863868
4964.0,14.727902163713594
4964.2,14.552314704159004
4964.4,14.66183645141681
4964.6,14.953776004218813
4964.8,15.244974515377201
4965.0,14.76483406481037
4965.2,15.623307797165527
4965.4,15.603894980423291
4965.6,16.05097206333194
4965.8,15.565858545150535
4966.0,15.70129995384275
4966.2,15.784704523553811
4966.4,15.602632946288859
4966.6,16.04564347039791
4966.8,15.91499234757611
4967.0,15.89067566583574
4967.2,15.551361944559234
4967.4,15.369448035984924
4967.6,15.633084096782637
4967.8,15.442527963831177
4968.0,15.618379145256222
4968.2,15.469741164267711
4968.4,15.521403185931078
4968.6,15.419392929900555
4968.8,15.56198235030343
4969.0,15.615595734184048
4969.2,15.64658376610774
4969.4,15.614079382099696
4969.6,15.722344676446593
4969.8,16.09256792606254
4970.0,16.075857736633377
4970.2,15.881045661102938
4970.4,15.805142851522167
4970.6,15.41155086046275
4970.8,15.143812397893843
4971.0,15.950908951552176
4971.2,15.988127708803878
4971.4,16.159818506440644
4971.6,16.087050297187957
4971.8,16.106038690662086
4972.0,16.247584234892088
4972.2,16.74523196887212
4972.4,16.505881970511403
4972.6,16.322496021449894
4972.8,17.049151539434455
4973.0,16.69289865886188
4973.2,16.74421815674627
4973.4,17.115052912962817
4973.6,17.15391942110174
4973.8,16.698264574056076
4974.0,17.101386375686978
4974.2,17.201613683152026
4974.4,17.18147406258086
4974.6,16.76459857791716
4974.8,16.825810981166985
4975.0,16.831715014844125
4975.2,16.646416073660873
4975.4,16.715822278815406
4975.6,16.26168191807971
4975.8,15.598143651024834
4976.0,15.546315753749795
4976.2,15.58162586934467
4976.4,15.196508654304708
4976.6,15.628470986610363
4976.8,15.941394363364408
4977.0,15.990029213795811
4977.2,15.644849281922966
4977.4,15.616595720090878
4977.6,15.652150493787644
4977.8,15.175740327075196
4978.0,15.063781919294135
4978.2,14.92683997047553
4978.4,14.618684194633389
4978.6,14.684030855921279
4978.8,15.076682966250027
4979.0,14.508246011230622
4979.2,14.421310377784156
4979.4,14.442381902984847
4979.6,14.563096076697665
4979.8,14.545006449907811
4980.0,14.1042411638787
4980.2,14.053158172405706
4980.4,14.21036648790972
4980.6,13.933122433454624
4980.8,14.345058376604072
4981.0,14.456892112863613
4981.2,14.786442683489982
4981.4,14.60408136173095
4981.6,14.932142276130918
4981.8,14.86676972394916
4982.0,15.671980795359193
4982.2,15.000070594083958
4982.4,15.208224675837286
4982.6,15.657172111504067
4982.8,15.911624891607728
4983.0,16.078703042470952
4983.2,15.787794713209284
4983.4,15.898520407714924
4983.6,15.658177999410992
4983.8,15.224035359808397
4984.0,15.685739512810313
4984.2,15.459833333954522
4984.4,14.877901924546265
4984.6,15.299567207704978
4984.8,15.513691977353382
4985.0,15.814800306003892
4985.2,15.812928481146342
4985.4,15.957708477403807
4985.6,16.265559941775436
4985.8,16.144232785770075
4986.0,15.956231472134618
4986.2,15.723644571263442
4986.4,15.85100321243675
4986.6,15.791968544549524
4986.8,15.773568850922398
4987.0,15.65726006263735
4987.2,15.048672391853808
4987.4,15.301647882194507
4987.6,15.254540292999748
4987.8,15.478652494639316
4988.0,14.791432769957638
4988.2,14.77477248294932
4988.4,15.087148866555815
4988.6,15.128422544718408
4988.8,15.11762374509765
4989.0,14.633831503296566
4989.2,14.582376659346622
4989.4,14.649843442190612
4989.6,14.420585367205161
4989.8,14.810820901218598
4990.0,14.5942503659914
4990.2,14.748921039126454
4990.4,14.76291928897503
4990.6,14.888174374957273
4990.8,14.756040964120489
4991.0,14.728850546376771
4991.2,14.5153017473546
4991.4,14.49794029103134
4991.6,14.626971455222616
4991.8,14.416630989777666
4992.0,14.403668571108367
4992.2,14.584439410377515
4992.4,14.499760288640758
4992.6,14.555554700274678
4992.8,14.732876047060605
4993.0,14.517586444099766
4993.2,14.43486590494739
4993.4,14.618506454740626
4993.6,14.376207236628513
4993.8,14.583660046170877
4994.0,14.572658546683119
4994.2,14.472565824262045
4994.4,14.329019441550841
4994.6,14.804467943576089
4994.8,14.472549778176177
4995.0,14.460256659270915
4995.2,14.357271877654476
4995.4,14.50935461941066
4995.6,14.566085932838002
4995.8,14.269453678827812
4996.0,14.33969142265443
4996.2,14.599189992568002
4996.4,14.751571807408544
4996.6,15.170753464303967
4996.8,15.339406462401195
4997.0,14.918905514182876
4997.2,15.240078026538377
4997.4,14.973075966094726
4997.6,14.618882256841108
4997.8,14.639177852760426
4998.0,14.744978402510533
4998.2,14.39464382905297
4998.4,14.508077615814923
4998.6,14.113029845497213
4998.8,14.20310649972812
4999.0,14.257622791744161
4999.2,14.238137092897114
4999.4,14.35877791388024
4999.6,14.277243280764276
4999.8,14.644621164142793
5000.0,14.617059192627277
