time,rg
0.0,30.335068994304297
0.2,28.164020888389473
0.4,28.443354340008295
0.6,28.51492352578648
0.8,28.442300790730293
1.0,28.470572944199084
1.2,29.197207836497974
1.4,29.378571923554794
1.6,30.046717256796825
1.8,32.38227853255229
2.0,31.524065209174573
2.2,31.301621687180656
2.4,30.45392891034801
2.6,29.933196949540356
2.8,31.008250495802578
3.0,32.43943426858098
3.2,31.82604207914399
3.4,31.927481448154687
3.6,32.28190529677623
3.8,32.34464832293958
4.0,32.95614915578544
4.2,35.13106186383864
4.4,33.43070920236452
4.6,33.02459653111712
4.8,31.742159833231028
5.0,33.88917044099819
5.2,34.70471581608415
5.4,34.170263711488225
5.6,34.87074045634456
5.8,33.13796223648007
6.0,32.527977486942575
6.2,32.86630567221182
6.4,32.37389829342584
6.6,31.329475904922795
6.8,31.7366939144374
7.0,30.74279792548845
7.2,30.824033542487676
7.4,31.175195484193978
7.6,32.392781060775576
7.8,31.861642664453953
8.0,32.36354202130284
8.2,33.07148468220608
8.4,31.84661631225401
8.6,29.26500255808986
8.8,29.186217451972944
9.0,29.753705064608063
9.2,29.409615071699395
9.4,30.216154976411826
9.6,29.902362564194913
9.8,30.523152171368935
10.0,30.011345658097383
10.2,30.24889764893349
10.4,31.6934140438955
10.6,31.380439109258774
10.8,32.587745128113696
11.0,32.53842575795714
11.2,32.28089748691461
11.4,33.18111808573535
11.6,31.78840112098822
11.8,32.55413457779141
12.0,31.898768879411566
12.2,33.43557465776301
12.4,32.73665895124364
12.6,33.77242909762959
12.8,33.662467022800975
13.0,33.31490380275941
13.2,34.74895122097288
13.4,34.89947628969628
13.6,36.106803774203044
13.8,35.83145180984345
14.0,37.38010813140677
14.2,36.03462968685044
14.4,37.03947141641707
14.6,35.452949046637784
14.8,35.1737424653767
15.0,33.72749249459503
15.2,33.94772120516271
15.4,34.47287493536552
15.6,35.75645593278138
15.8,36.528254382224674
16.0,37.73748457361498
16.2,39.01129040841535
16.4,39.90767959799446
16.6,40.48855503930676
16.8,37.738731039582
17.0,39.21751616039165
17.2,38.21328651070447
17.4,37.236406695301824
17.6,36.77476464535346
17.8,35.190290150934544
18.0,35.968175525599136
18.2,36.4305985084913
18.4,36.21553960315851
18.6,36.63108254349873
18.8,37.05655689710147
19.0,33.81187696329481
19.2,32.8841826024514
19.4,32.95666863251895
19.6,31.58978033146147
19.8,32.97487978545635
20.0,32.812023078782616
20.2,31.511638871099848
20.4,32.769448270362595
20.6,33.52358065831118
20.8,33.09636329352648
21.0,35.45375119348974
21.2,34.67135298721459
21.4,35.383255696723666
21.6,32.86210599628439
21.8,33.665361721962384
22.0,34.11963559770254
22.2,33.76285878949504
22.4,32.761931625066204
22.6,34.3337749977501
22.8,32.83884656318892
23.0,32.985632394483744
23.2,30.14300328558804
23.4,28.991741623090252
23.6,28.599453706068182
23.8,27.848265881178445
24.0,26.879332980445206
24.2,27.705969213509903
24.4,27.796927861889458
24.6,28.142103615224507
24.8,28.897837098661924
25.0,26.9692387675833
25.2,27.583440913940617
25.4,26.807639169828022
25.6,27.19100236768512
25.8,26.30535031153912
26.0,25.428268811343763
26.2,25.650255401555327
26.4,24.632960670364564
26.6,24.832585449419923
26.8,25.437926628630425
27.0,24.44911207809886
27.2,24.99939674088572
27.4,25.76176040673344
27.6,25.65825291820742
27.8,25.652558055181945
28.0,26.31270985697048
28.2,26.650097724018362
28.4,26.572584574870074
28.6,28.06124657491704
28.8,29.265258517522348
29.0,28.124011282970052
29.2,28.228137483597862
29.4,29.394363385219368
29.6,30.083911945922143
29.8,29.125878595132477
30.0,30.398867503274438
30.2,29.78515095625058
30.4,30.738025039092246
30.6,29.793930916903296
30.8,29.01863898092722
31.0,30.61353493327529
31.2,29.576909448954435
31.4,32.38736283359765
31.6,31.794109804691082
31.8,32.113269927971906
32.0,31.300241169693244
32.2,31.384881312750522
32.4,30.907369168346225
32.6,31.285559619735707
32.8,31.866863770650934
33.0,32.26853799329777
33.2,32.40010666031021
33.4,30.875778177360353
33.6,30.147221919027572
33.8,32.97494173500559
34.0,32.35486274274699
34.2,32.80804853467116
34.4,32.57971925875149
34.6,31.34010513534019
34.8,30.393909758428357
35.0,31.068700964666135
35.2,31.14310675998944
35.4,30.399222341762673
35.6,30.965233435586214
35.8,30.7358121814125
36.0,29.9683238312827
36.2,30.043524720158295
36.4,29.06686906190992
36.6,27.880621877803577
36.8,27.053711808576658
37.0,29.39644064184695
37.2,29.024419660184652
37.4,29.225620335724546
37.6,28.815793515834365
37.8,27.94303014887072
38.0,29.577015867680846
38.2,28.99945033002652
38.4,30.38989827595809
38.6,29.732230223347074
38.8,32.77517302417843
39.0,33.338971869820575
39.2,32.03797059893003
39.4,32.56892441206255
39.6,31.991549653257675
39.8,32.699744768160144
40.0,31.13769837177101
40.2,32.03905479752726
40.4,33.8442305417445
40.6,34.02917421847845
40.8,33.14855628279274
41.0,33.724747624019344
41.2,34.32366169352518
41.4,33.476814536053105
41.6,33.56104776401404
41.8,33.34855440094383
42.0,30.767449693801645
42.2,29.198421115790275
42.4,30.7980155454347
42.6,32.11259465438108
42.8,32.99594754145201
43.0,32.53782285838237
43.2,31.524278570560973
43.4,32.45672411881868
43.6,32.02481441957961
43.8,30.77652196724182
44.0,31.91034187838988
44.2,32.06733621423688
44.4,29.415738088558076
44.6,27.294196905552006
44.8,27.192744994988473
45.0,25.66118100310455
45.2,26.535676315368356
45.4,27.159700238914972
45.6,26.782123205032043
45.8,26.969581221810106
46.0,28.647285709661674
46.2,29.680597249081885
46.4,30.015189694382233
46.6,29.667803957053493
46.8,29.968459024020632
47.0,30.025618612919352
47.2,28.99292723620391
47.4,30.27445431947926
47.6,31.876758397749416
47.8,31.68575552459326
48.0,31.352405275242145
48.2,32.68450049569119
48.4,32.36580383932174
48.6,32.097891398872086
48.8,31.347559412870037
49.0,31.703390414759976
49.2,32.51970608965013
49.4,33.99975267080579
49.6,35.775221444747395
49.8,34.69979719320436
50.0,35.20035822530642
50.2,35.720104597683516
50.4,37.179561411412045
50.6,35.869713459249304
50.8,34.71354169900331
51.0,35.31804625269456
51.2,36.44994426030159
51.4,36.54695637256792
51.6,34.06661201571572
51.8,35.8777279731207
52.0,37.1392928660774
52.2,39.89391277898072
52.4,37.02443950979137
52.6,33.941874354861135
52.8,35.51585228644035
53.0,34.82498704938118
53.2,34.7218115262925
53.4,33.78319062772705
53.6,32.775183975773345
53.8,32.59797786264753
54.0,33.156635451856154
54.2,31.55295179041353
54.4,31.576907350201424
54.6,30.91746806686193
54.8,33.92885273046821
55.0,37.23053112849677
55.2,38.46519697297341
55.4,35.985089563566355
55.6,34.994592168902386
55.8,34.96728802227785
56.0,35.30680740839727
56.2,35.40597788523666
56.4,37.04147565822702
56.6,35.50570254659169
56.8,36.13432272846042
57.0,35.30259045764008
57.2,35.18188555026351
57.4,35.826156332918956
57.6,34.52177266116135
57.8,35.31289272897455
58.0,35.751569384551225
58.2,34.832797134737355
58.4,34.23391567785092
58.6,32.72986191119407
58.8,36.348993986864386
59.0,37.319684493847966
59.2,38.15376891567973
59.4,38.68412958305263
59.6,38.03518864475939
59.8,36.68377276012363
60.0,36.90588018041481
60.2,38.695349206369414
60.4,36.49335508317908
60.6,34.79451679183312
60.8,34.65697368112227
61.0,36.815974712538036
61.2,36.102968713803776
61.4,35.596637719963056
61.6,35.42949576733435
61.8,37.063397577831296
62.0,35.9705502046389
62.2,35.31873374408913
62.4,36.70470705527771
62.6,35.891207196020524
62.8,35.89457731834231
63.0,34.66841258384287
63.2,35.80302930864295
63.4,37.818557360723865
63.6,34.75721758778453
63.8,33.94093795086351
64.0,33.705433796456724
64.2,32.443398323873765
64.4,32.452116120514034
64.6,32.1387506583033
64.8,34.12928626978757
65.0,34.32096850170049
65.2,37.24173876459141
65.4,35.03403376651722
65.6,35.769189040488456
65.8,36.12307362145642
66.0,35.31275336443091
66.2,36.3757702454685
66.4,36.55233447247653
66.6,37.05699488836117
66.8,37.71344239953825
67.0,39.179028410649664
67.2,39.978949737907314
67.4,37.697231069368165
67.6,39.02057714075418
67.8,36.73134853624414
68.0,37.258843039204905
68.2,41.63780395575788
68.4,42.329475598356936
68.6,41.60135171487293
68.8,43.773905387478955
69.0,42.376363384238196
69.2,42.367005932881156
69.4,42.72910572221129
69.6,42.704027294442184
69.8,40.22644099347965
70.0,39.81496565929774
70.2,40.408924950757196
70.4,39.711787019883175
70.6,41.857456759716655
70.8,44.01208167866061
71.0,42.23943559037653
71.2,42.10325106702338
71.4,42.66654434781036
71.6,43.803840789257535
71.8,44.409024227662535
72.0,44.6228289287781
72.2,46.33184134166049
72.4,46.4135084619671
72.6,45.0795071993612
72.8,44.38183564773166
73.0,41.13168957458642
73.2,40.42840234000032
73.4,42.53683364534926
73.6,43.621677474025134
73.8,43.01496995233032
74.0,44.514849114093316
74.2,48.05046875132145
74.4,45.60003922562221
74.6,44.80248960631953
74.8,46.32557992086882
75.0,46.98328535688502
75.2,46.051383485377414
75.4,48.44236079087576
75.6,47.994580135334274
75.8,46.36457879907856
76.0,46.710611480792394
76.2,45.345768744576915
76.4,44.540638950972316
76.6,43.35902734397898
76.8,42.702615246170204
77.0,42.9249804270973
77.2,41.21896610328353
77.4,41.4717825909792
77.6,42.130349710346444
77.8,40.308449602058914
78.0,42.74883905587849
78.2,44.47182465089409
78.4,44.68855405144794
78.6,41.96022362914623
78.8,42.5541222851638
79.0,40.03096185432301
79.2,41.074446588202065
79.4,41.316182821225496
79.6,43.02720391876451
79.8,44.29500108393445
80.0,42.72301019065392
80.2,45.72182045808762
80.4,47.961058596353745
80.6,45.314782535189195
80.8,46.41684145127171
81.0,49.05247361217752
81.2,45.45092319629071
81.4,43.181801944226436
81.6,41.85919410127675
81.8,41.68715234980701
82.0,41.08495359626911
82.2,42.18667593181772
82.4,38.78421150399187
82.6,38.29402797830333
82.8,36.78904131633891
83.0,38.447553315922406
83.2,40.69674784013692
83.4,39.736957870341186
83.6,39.05848166519414
83.8,40.94742063210181
84.0,42.9365158195628
84.2,42.51990318589946
84.4,42.863984124101286
84.6,41.58828287240138
84.8,42.7796315986732
85.0,41.00871249474541
85.2,41.260874490883914
85.4,45.18528127023118
85.6,44.725136493541946
85.8,44.16702633864179
86.0,44.14643406551227
86.2,43.761325472982705
86.4,44.664315223926465
86.6,45.059168924930745
86.8,43.660365460824536
87.0,43.99407043088991
87.2,44.224066959775634
87.4,43.35683585192779
87.6,42.03643281763181
87.8,42.77113612502582
88.0,44.302868066379645
88.2,44.1169244413959
88.4,43.487156562485076
88.6,42.837545271110066
88.8,41.05285836860052
89.0,43.01701971227879
89.2,43.24153145522647
89.4,45.72723786532449
89.6,47.61365468194406
89.8,47.8902623013201
90.0,49.62322189031967
90.2,49.28481000698554
90.4,47.64213125635362
90.6,47.734202137178805
90.8,46.1986543644531
91.0,45.996941791876466
91.2,48.49985630157122
91.4,47.45906148882966
91.6,48.51772622695613
91.8,48.48729029735626
92.0,45.94386018251721
92.2,46.750357004980415
92.4,45.93644093931723
92.6,45.034960893449785
92.8,45.235823301241815
93.0,45.82072665726596
93.2,46.28135315239753
93.4,47.136950006910794
93.6,46.45948924912766
93.8,47.46424608064863
94.0,45.72702243549266
94.2,46.92727273553287
94.4,45.35017067621477
94.6,45.80952118819879
94.8,43.88746877558803
95.0,42.010357002374825
95.2,41.805203260193515
95.4,42.63328564055571
95.6,41.91360929031223
95.8,42.13536937066306
96.0,42.43084066641717
96.2,43.214716425606554
96.4,43.638634888617524
96.6,43.673112384781575
96.8,45.00695243443093
97.0,46.326008814971374
97.2,45.73293757836444
97.4,44.28349147799592
97.6,45.824421729495
97.8,47.59140302051959
98.0,46.91053726425123
98.2,48.24695161298895
98.4,45.753313063505516
98.6,44.21562159325377
98.8,43.6560491036277
99.0,44.89309746851347
99.2,43.367200490830996
99.4,41.81470992900873
99.6,40.16516408715232
99.8,39.121877232323435
100.0,39.59079398219941
100.2,39.584466158486066
100.4,38.75079914202958
100.6,36.48970915566721
100.8,35.92018261407183
101.0,37.0755178354349
101.2,38.514487361291074
101.4,38.15835619112597
101.6,38.45352699678602
101.8,39.40384613509417
102.0,36.50300415078228
102.2,37.09851869872674
102.4,37.58090769426671
102.6,34.78293520938061
102.8,33.481426063294336
103.0,31.95110223027582
103.2,30.46222254468402
103.4,31.3340861014224
103.6,32.11377006514794
103.8,32.58439659049057
104.0,32.08263257543515
104.2,31.47898786780643
104.4,30.981537886429674
104.6,32.36319900478036
104.8,33.427947558226705
105.0,34.07881929588446
105.2,35.51178382611669
105.4,35.26396619553334
105.6,35.2743861474733
105.8,35.055379616686174
106.0,34.008787543138155
106.2,33.24955892021631
106.4,31.580442578347096
106.6,29.20870215448557
106.8,30.025552070512486
107.0,29.54565148992771
107.2,32.67405384093412
107.4,31.260097156478718
107.6,32.36220311157483
107.8,30.76677191805112
108.0,32.539370415516295
108.2,30.887940940913303
108.4,30.346757721482685
108.6,29.542370360021494
108.8,29.88274939593593
109.0,32.06428441964843
109.2,34.56768362577681
109.4,36.647164299398625
109.6,36.235806503834134
109.8,35.60280527018419
110.0,37.985927273224654
110.2,36.85246097402792
110.4,39.06865858463449
110.6,37.72503783085923
110.8,35.2832435175208
111.0,33.927501969426004
111.2,33.50809279575032
111.4,34.62899771858913
111.6,33.26682471557226
111.8,33.157316461081095
112.0,31.881053083207618
112.2,31.608999860244644
112.4,33.81183545764812
112.6,32.289094639476566
112.8,35.22468555853202
113.0,36.01851015571115
113.2,35.352694911055984
113.4,36.188137122567
113.6,34.60091812393229
113.8,38.58975643023692
114.0,40.78756201979314
114.2,39.85914458411697
114.4,39.575814957990765
114.6,40.207997709195936
114.8,41.49707291633042
115.0,39.86468838358849
115.2,41.48197518787767
115.4,39.44950547239832
115.6,39.20718693680458
115.8,37.72097959203763
116.0,39.5269913160633
116.2,41.65894131952026
116.4,40.54351865727099
116.6,39.29327290255711
116.8,37.70747060068887
117.0,37.31531006458458
117.2,38.393023310016765
117.4,39.468386373334134
117.6,37.786351713903564
117.8,38.4551746035025
118.0,38.025225757152384
118.2,39.68565463669246
118.4,37.530019362303776
118.6,39.859582495356335
118.8,41.10189238977544
119.0,40.20931130560157
119.2,39.66242926919696
119.4,37.72656099364929
119.6,37.55903252862219
119.8,39.726271623191984
120.0,38.767092815390654
120.2,39.86921854915295
120.4,39.282587930922865
120.6,39.03809790246611
120.8,38.43589752510666
121.0,38.74246913817784
121.2,36.070303415915554
121.4,39.31772988188453
121.6,40.587938080960775
121.8,41.81679209217276
122.0,42.61655704557064
122.2,43.77369970230281
122.4,43.28765502185856
122.6,43.32264752077121
122.8,42.00627470651866
123.0,42.71058645782869
123.2,41.18786984667317
123.4,37.29318376959316
123.6,36.4758608338383
123.8,38.04424421191185
124.0,39.780542583469405
124.2,38.51839341567495
124.4,39.76466802967509
124.6,42.78123313421414
124.8,42.89651368939401
125.0,41.99937207823089
125.2,42.36542178010144
125.4,42.00598946136793
125.6,40.43424604232473
125.8,40.93441262196346
126.0,38.75665078535097
126.2,40.022706208127104
126.4,40.052945695639515
126.6,39.62032358050151
126.8,38.9839763594234
127.0,40.43697747763961
127.2,38.873391111242775
127.4,35.82196775917198
127.6,33.85233974064715
127.8,35.31957914115329
128.0,35.409902624305815
128.2,33.32566158524577
128.4,34.91127620230805
128.6,34.9652113127918
128.8,35.03557057524233
129.0,33.64332151686397
129.2,31.644515163939566
129.4,30.956881726396837
129.6,32.501573380138055
129.8,33.3631374342057
130.0,33.00658333818308
130.2,34.873193227562645
130.4,33.60334543463072
130.6,33.32640305795514
130.8,34.82011182799408
131.0,33.02454673570234
131.2,34.724895883220384
131.4,37.36022196099523
131.6,35.61965693522532
131.8,36.45756484557835
132.0,36.26249437042282
132.2,35.853302089568196
132.4,37.29841034369078
132.6,36.16197366792618
132.8,38.098292760737166
133.0,35.967350656168804
133.2,37.457097591091525
133.4,40.08171386846428
133.6,40.552415625775396
133.8,39.00371307611253
134.0,38.82102274550017
134.2,38.055248683428744
134.4,38.49300372107609
134.6,37.09906602096277
134.8,36.05077525299508
135.0,37.74139417738537
135.2,36.64375756631741
135.4,37.66665017873633
135.6,37.7953177541402
135.8,37.098447428100634
136.0,36.4093751418901
136.2,36.17525064811653
136.4,34.37085644890159
136.6,35.19027934286196
136.8,33.36902335633387
137.0,36.84863346665169
137.2,35.07758411952662
137.4,35.9028048442962
137.6,35.703735707852175
137.8,35.580931221522164
138.0,35.78830781834982
138.2,36.45880340404042
138.4,37.25153574029564
138.6,35.257559534747934
138.8,33.30449579263525
139.0,32.628183542084415
139.2,30.758578677752592
139.4,32.1289471056117
139.6,32.94410205759106
139.8,33.84651165970291
140.0,31.034018208510247
140.2,34.8612241516706
140.4,37.70098357071817
140.6,39.09123715128925
140.8,38.07868827195029
141.0,38.41446852335478
141.2,39.731120113103316
141.4,39.99791167267195
141.6,43.65971057994641
141.8,43.371144074928466
142.0,41.62532410227687
142.2,42.170751303753036
142.4,42.7965158710402
142.6,43.10117149286492
142.8,42.47197750736403
143.0,40.886064398077224
143.2,41.634639977551736
143.4,42.76568721720261
143.6,41.42322104300401
143.8,41.52318325432596
144.0,42.44276422912358
144.2,41.355441271205464
144.4,42.169861132895974
144.6,40.86421581299976
144.8,42.29103927476683
145.0,44.369034670244
145.2,42.7932226258049
145.4,42.4037529348677
145.6,42.78095969764021
145.8,44.54373136260362
146.0,42.45650219766752
146.2,42.8880650705506
146.4,40.06636687107461
146.6,40.08632089547908
146.8,42.22506413065691
147.0,45.40573783545197
147.2,45.62604103518385
147.4,46.724648429431966
147.6,44.54983814892158
147.8,47.16943736050331
148.0,49.00775196857807
148.2,50.43143399157452
148.4,49.092915123245206
148.6,47.02482030789889
148.8,43.99175929141252
149.0,43.88827142799806
149.2,43.973091602360924
149.4,44.15147947773485
149.6,42.09765659014852
149.8,41.275014727613694
150.0,39.735687931760026
150.2,37.8613364583997
150.4,36.593605558854115
150.6,35.744299845838455
150.8,39.690732055993614
151.0,38.8983538357573
151.2,37.27437859397071
151.4,39.07146379338691
151.6,39.24986159878763
151.8,39.80210369052137
152.0,39.3334988777641
152.2,40.79527036374539
152.4,39.90777861848531
152.6,41.655998056109624
152.8,41.344913506472
153.0,41.94846224241899
153.2,43.04494836975273
153.4,38.27893754353701
153.6,38.40481465795623
153.8,33.97758321565983
154.0,34.33589908101994
154.2,36.67316437293122
154.4,37.724247753262105
154.6,39.31218522045722
154.8,39.213563115231636
155.0,40.16558458786804
155.2,37.848375642489124
155.4,38.090885417746236
155.6,37.541771107157956
155.8,38.97500224545598
156.0,39.34893660356898
156.2,39.84112500187163
156.4,38.45592332027094
156.6,40.661715499219525
156.8,40.752114673440744
157.0,39.60042799598966
157.2,42.28012589261931
157.4,40.16883867710177
157.6,40.01071431574211
157.8,39.181838911475616
158.0,39.067711824635396
158.2,39.03866560655111
158.4,39.97755980255234
158.6,39.954342519223815
158.8,39.4741782539318
159.0,40.666884847861404
159.2,42.671422507369776
159.4,43.649359230992594
159.6,41.239148691642285
159.8,44.43242119906329
160.0,43.734538017257954
160.2,44.31198595897924
160.4,47.55457141074599
160.6,44.95146480485002
160.8,43.410239089205916
161.0,40.709361766302564
161.2,42.3050026773075
161.4,43.447430415454505
161.6,42.61648583351289
161.8,42.96098744381715
162.0,40.64971722282322
162.2,42.40254561250155
162.4,44.19917828003765
162.6,45.917458617677184
162.8,46.695594445741406
163.0,47.71855191897477
163.2,48.5510220937842
163.4,46.91758503560786
163.6,45.412749285309815
163.8,47.05034538306574
164.0,48.45564734533564
164.2,45.38169450738677
164.4,42.085438172239755
164.6,41.362007047048266
164.8,46.03636456673249
165.0,47.80595815857382
165.2,47.75427379545938
165.4,45.2511322011652
165.6,46.13551133578365
165.8,46.90448587276841
166.0,48.358832385756
166.2,46.87396963512271
166.4,45.4390178299656
166.6,47.66637047176211
166.8,48.236132872276244
167.0,45.63377735271311
167.2,48.305520542076685
167.4,43.640727491086764
167.6,41.60888519385427
167.8,44.6371451801115
168.0,45.72711940053088
168.2,44.27187419211259
168.4,45.51301889057407
168.6,46.112146894943756
168.8,47.87804182617456
169.0,46.79972588150713
169.2,47.47687053530731
169.4,50.390190875566134
169.6,51.2809292909676
169.8,53.42114480086407
170.0,51.71840925533768
170.2,50.96689723918566
170.4,47.769468224135636
170.6,48.690345490088305
170.8,47.49109740959918
171.0,47.11254821575658
171.2,48.67076333007888
171.4,47.92650842301094
171.6,47.27746219130467
171.8,48.725037835095286
172.0,48.07948438058534
172.2,48.021620901559515
172.4,46.32058196364635
172.6,49.22977595994639
172.8,51.264328746542375
173.0,50.951480158473885
173.2,50.252024844959095
173.4,48.613895236314015
173.6,52.39648960663829
173.8,50.695376014932386
174.0,49.26748600271054
174.2,48.11347624590943
174.4,47.10814365693835
174.6,48.4381456943884
174.8,47.70382694149429
175.0,50.297032525677395
175.2,51.05936620775398
175.4,50.81177160576621
175.6,51.711887222090795
175.8,51.770056542606625
176.0,52.02162806190277
176.2,49.09721276232495
176.4,48.23566343727619
176.6,49.12847360920519
176.8,51.80729378130502
177.0,50.24502298695185
177.2,49.14849157107355
177.4,49.57853387972857
177.6,49.03518979322119
177.8,46.97254296978648
178.0,45.366938091651534
178.2,46.39403150725475
178.4,45.17336155792325
178.6,45.3768314865018
178.8,47.72443083462743
179.0,47.928175612480224
179.2,47.23655274036078
179.4,48.509906281766774
179.6,45.9047651365585
179.8,44.757887432088744
180.0,48.41161621152662
180.2,48.90427818782669
180.4,49.790964183073704
180.6,50.4169605305707
180.8,48.652392360904386
181.0,47.974273582659706
181.2,47.505479556417754
181.4,45.76233458314598
181.6,43.18502157000879
181.8,41.6805591889327
182.0,42.14289762877448
182.2,43.2043397344797
182.4,42.62344920515418
182.6,43.697247860784856
182.8,42.720309443643096
183.0,43.24133768233234
183.2,42.73198665916765
183.4,41.76656229828916
183.6,42.3545332403891
183.8,44.316750503256216
184.0,43.50214802229946
184.2,42.86621089936194
184.4,44.20830783851062
184.6,45.02626047097324
184.8,40.9267104671722
185.0,38.63568459785786
185.2,39.298484602310836
185.4,40.02962444473531
185.6,41.00190253563946
185.8,42.71606324938739
186.0,43.690013617398634
186.2,43.71632330840525
186.4,43.9558545719033
186.6,41.94674670091334
186.8,39.59627657555232
187.0,41.13831000170809
187.2,42.74130156009613
187.4,38.03915265458837
187.6,39.255533750892354
187.8,37.97767156794012
188.0,39.00043305170704
188.2,40.82255339198464
188.4,43.40291654137743
188.6,45.22040090925547
188.8,43.15594659826204
189.0,44.037889771549736
189.2,44.96335301814309
189.4,43.10992348199228
189.6,42.8671823146248
189.8,44.01653533564381
190.0,46.46057639095834
190.2,46.65502049468266
190.4,46.698280239517935
190.6,48.21843840221939
190.8,46.92383334384877
191.0,46.9777182863513
191.2,48.69074261599024
191.4,48.55434813751002
191.6,50.19470981180088
191.8,50.39888573284897
192.0,49.023335146294784
192.2,45.68747058788618
192.4,45.50284452677816
192.6,45.756578046302614
192.8,49.743230648342504
193.0,47.34282852063939
193.2,47.53104792598032
193.4,48.72033088638105
193.6,48.96010835002838
193.8,48.49227744810314
194.0,45.50019347161989
194.2,44.60126325867036
194.4,43.82969523518195
194.6,44.26668804555558
194.8,45.71648332551597
195.0,44.0679244641015
195.2,44.246260545025
195.4,43.969786823009265
195.6,44.94531541451198
195.8,45.693052927930424
196.0,47.19762521090267
196.2,46.155085797430964
196.4,47.47678513183726
196.6,45.254104693555284
196.8,47.46505100764951
197.0,46.63870039435729
197.2,46.296476454888456
197.4,46.85981053443912
197.6,46.75816028018836
197.8,47.06855442886105
198.0,48.087920318364695
198.2,48.313181056005874
198.4,50.31895526477881
198.6,51.75220272047252
198.8,52.156428263350946
199.0,53.11182660863323
199.2,51.57671186396495
199.4,48.459417631612695
199.6,50.88982247631396
199.8,49.91645348971703
200.0,53.023140808317805
200.2,53.41607036726225
200.4,53.260141993082826
200.6,51.178770786763124
200.8,50.59436705829072
201.0,47.7407249889205
201.2,46.10286141223203
201.4,45.3833460748778
201.6,45.095751033294164
201.8,44.975042656389306
202.0,47.29467645182429
202.2,45.16405238579231
202.4,47.853345575474584
202.6,50.56100572324433
202.8,50.016908436227894
203.0,49.16940906558558
203.2,47.98389672687533
203.4,49.578387689054004
203.6,50.78190577328324
203.8,50.83427501232768
204.0,48.07906447512558
204.2,46.38199126471994
204.4,44.39151103350533
204.6,43.93226169456295
204.8,45.79655532546364
205.0,44.17754906372491
205.2,44.40005045887812
205.4,42.4273688610171
205.6,40.88307737212241
205.8,42.7576536996396
206.0,42.77288210870907
206.2,43.72959584307915
206.4,43.87440924956128
206.6,41.60498735108653
206.8,42.09314878507943
207.0,46.12264117461486
207.2,47.33151951316838
207.4,46.79139812577666
207.6,48.642862481261076
207.8,48.789474374591094
208.0,49.27539358280477
208.2,50.17740056131763
208.4,47.735988426025166
208.6,44.70068717831541
208.8,43.570484225030356
209.0,44.09007407111285
209.2,42.527668902788875
209.4,46.358178114704465
209.6,45.696046150422475
209.8,45.15964754823331
210.0,43.63411527310077
210.2,42.542667397425625
210.4,42.888043652209305
210.6,44.00594748994902
210.8,42.555838231474745
211.0,44.16883140492438
211.2,44.0865405321188
211.4,43.492751066056734
211.6,44.30710548959942
211.8,44.19108480284119
212.0,44.09504339373221
212.2,44.070840282489094
212.4,41.646727278301505
212.6,42.412445165457214
212.8,39.847130189657896
213.0,42.18751012403306
213.2,43.51801987759541
213.4,42.04597103450756
213.6,42.56648840532195
213.8,42.65667502131306
214.0,42.56515588818075
214.2,41.86231769810253
214.4,43.42907163349186
214.6,42.825859903776305
214.8,41.58538317295089
215.0,41.53388800878404
215.2,42.79138842523877
215.4,41.899498676798316
215.6,41.34834827529445
215.8,42.22105563157668
216.0,41.314748134999455
216.2,39.84104813399996
216.4,37.16872377678312
216.6,38.26776822628389
216.8,37.79161420680993
217.0,37.973094560893934
217.2,37.762978342959194
217.4,38.932027591217604
217.6,40.641539662129595
217.8,42.358339821712356
218.0,42.954334410919124
218.2,38.87913320759228
218.4,40.292265845819124
218.6,39.76483375638098
218.8,38.10798569544134
219.0,39.763776577890965
219.2,36.88617105306806
219.4,39.50368212514992
219.6,37.027956486436636
219.8,38.54641491705229
220.0,35.177941848052676
220.2,34.583132754056514
220.4,33.67264959766177
220.6,34.97968118200359
220.8,36.50747768426255
221.0,37.22064988151666
221.2,38.566270698679205
221.4,38.337156010213754
221.6,36.878170977079606
221.8,34.51636683029495
222.0,35.20380279435142
222.2,37.0615145047821
222.4,39.81044574168529
222.6,37.427824601647835
222.8,36.574331063161964
223.0,37.32855325981193
223.2,33.871373758654705
223.4,33.88666062086111
223.6,35.2143696485216
223.8,35.88214367123956
224.0,37.541551165734006
224.2,37.08113559475072
224.4,38.482452795490964
224.6,39.8484583365898
224.8,40.06212028694883
225.0,43.21466147644795
225.2,42.22449360310822
225.4,42.077210337128356
225.6,41.67590613436728
225.8,38.72021606588959
226.0,38.74624973039935
226.2,37.21183973058628
226.4,37.11229458411651
226.6,34.2762358100702
226.8,31.824485928696205
227.0,33.0352738644599
227.2,35.52258010210228
227.4,34.41892333236598
227.6,31.860222389460205
227.8,33.409286615327815
228.0,34.2155513629029
228.2,34.08367473900689
228.4,37.357565797907505
228.6,36.032992200300164
228.8,37.437343728393316
229.0,39.036786551458235
229.2,39.297644670184084
229.4,41.57307983295208
229.6,40.929466284542535
229.8,40.8175844191507
230.0,42.978052256563544
230.2,43.40785570182098
230.4,43.62489708971134
230.6,40.758034413725426
230.8,42.229817668291076
231.0,40.95191168727149
231.2,43.07816057282106
231.4,43.69860190790217
231.6,42.27141101477967
231.8,42.695592651918886
232.0,42.9343399848219
232.2,42.63541345547162
232.4,41.032344862547106
232.6,41.45897115699783
232.8,40.7830461902854
233.0,41.73149211833316
233.2,40.25619923539949
233.4,37.339569392272544
233.6,36.78051403745547
233.8,38.59452551164244
234.0,36.69719654233333
234.2,36.80962917587847
234.4,39.85064762383952
234.6,41.19310934897324
234.8,42.15183025398062
235.0,42.731143421387124
235.2,39.44773423879817
235.4,38.296149786877024
235.6,39.35991029893002
235.8,38.66412787558566
236.0,38.86864931249084
236.2,37.72092319546971
236.4,37.2840113571541
236.6,37.74575791213237
236.8,40.42963202882234
237.0,45.09725371020561
237.2,42.92906327531024
237.4,43.75061526701816
237.6,41.57103868500809
237.8,42.62398251569611
238.0,42.55940743175855
238.2,42.75649366563475
238.4,43.13355221521118
238.6,43.319207646575215
238.8,41.216438597628766
239.0,41.57444861804514
239.2,43.701086302442505
239.4,42.40851422289413
239.6,44.94277255321148
239.8,44.44363602805021
240.0,45.11858522392019
240.2,41.232063810758575
240.4,41.86796622564772
240.6,43.05235223603911
240.8,45.294460285556866
241.0,45.81984881472606
241.2,46.71474774678087
241.4,46.58687146677514
241.6,45.70381417202881
241.8,45.566643884162154
242.0,43.1828959313235
242.2,44.74577239994481
242.4,42.31546709927524
242.6,38.99803695588891
242.8,39.60217535442161
243.0,39.53673845218077
243.2,37.624078418935994
243.4,36.24348321948999
243.6,37.99908637917224
243.8,40.3342518609457
244.0,40.03964285292174
244.2,38.713548835746636
244.4,38.728393964275924
244.6,37.39459430797506
244.8,38.26468333246396
245.0,37.22715425053762
245.2,37.30491728098293
245.4,37.38598157627848
245.6,36.426216407103844
245.8,35.68986174305883
246.0,35.59929334616646
246.2,36.404259204670744
246.4,38.24535743686562
246.6,36.38022608809698
246.8,34.59764417373095
247.0,33.779256384300496
247.2,33.19191803421329
247.4,35.61388189231473
247.6,36.173135517885775
247.8,36.021338208501206
248.0,36.37533333255773
248.2,39.92804919897049
248.4,38.722553868428086
248.6,40.18264820554357
248.8,43.56981746508304
249.0,43.34597987727677
249.2,45.67757499800419
249.4,44.65204494055164
249.6,46.59214155081287
249.8,47.16938079787603
250.0,47.2517441608432
250.2,44.15033791279875
250.4,45.97713669105744
250.6,48.219552138548394
250.8,45.54729833527362
251.0,48.12854998969958
251.2,49.60253955441082
251.4,50.67214056017047
251.6,48.9969560226201
251.8,47.66711577278217
252.0,46.93516942485922
252.2,44.00749773463417
252.4,43.58000700825847
252.6,47.426024785065614
252.8,47.110345655646086
253.0,47.59246098456196
253.2,47.02177053698001
253.4,45.83030213985671
253.6,45.641487936060145
253.8,45.00283775692399
254.0,47.41950196946597
254.2,45.60576169974606
254.4,45.828034070495136
254.6,46.85460413721736
254.8,47.665977853249956
255.0,46.31579200856761
255.2,43.98197983333262
255.4,44.57259697731861
255.6,46.79099789625859
255.8,48.33179149582826
256.0,50.308585944724136
256.2,47.72461471949399
256.4,46.48685787358555
256.6,48.91074841691439
256.8,49.8974506660137
257.0,48.90022106061436
257.2,48.32113676158447
257.4,47.84269431839644
257.6,50.80252531967229
257.8,50.728536555985535
258.0,49.82664125493717
258.2,47.26010008939891
258.4,50.72423190869066
258.6,49.211813502573705
258.8,49.92487445549361
259.0,47.706506197199275
259.2,46.1166852319207
259.4,44.334062190998765
259.6,44.123995417989185
259.8,43.43375750746992
260.0,42.03329120107492
260.2,41.23381269670241
260.4,38.791835817034446
260.6,36.266745291475075
260.8,35.86957289997471
261.0,38.22505462877187
261.2,39.15532837410837
261.4,39.37650912417483
261.6,39.056926504161865
261.8,39.87459565266599
262.0,40.56553301504745
262.2,41.507578679851676
262.4,42.59814248955638
262.6,40.86155926849065
262.8,38.635619721377175
263.0,40.368954310840834
263.2,40.164538231403064
263.4,38.07433640641315
263.6,39.416724758582774
263.8,39.59184172527312
264.0,38.22876463670636
264.2,41.13480813632735
264.4,42.02743757428912
264.6,42.700391103876676
264.8,43.5959352096387
265.0,40.38013483621603
265.2,39.65988341438381
265.4,43.541624793426806
265.6,39.95312568176563
265.8,41.26167026435279
266.0,40.96621043715508
266.2,41.37869082671803
266.4,40.37580894741576
266.6,39.468265218404085
266.8,39.505371355540994
267.0,39.454355007399464
267.2,41.677822934446425
267.4,39.66745405401228
267.6,38.72274595440417
267.8,39.117454148686015
268.0,39.938211024975246
268.2,36.718881225981136
268.4,36.18651479527612
268.6,36.240557424525896
268.8,37.01154144573328
269.0,35.585929766083034
269.2,36.11724012686394
269.4,35.205083794881425
269.6,33.696801700682684
269.8,34.09196951247712
270.0,33.59551800025895
270.2,32.403212836977445
270.4,32.98916611762573
270.6,34.609522423812734
270.8,34.01224707901602
271.0,36.296831835135116
271.2,37.32103556792117
271.4,39.09500887183879
271.6,39.538655656810995
271.8,39.52714797855113
272.0,42.0240575695187
272.2,39.61382525285557
272.4,37.16350413411742
272.6,37.449324645889305
272.8,38.36133001302223
273.0,38.9948203624285
273.2,37.81390753604483
273.4,38.061848469391904
273.6,39.77201612449741
273.8,40.71365542970992
274.0,41.24997065787505
274.2,42.071119583301865
274.4,42.86837246875882
274.6,44.022310479194715
274.8,44.67422997484604
275.0,44.29269912872974
275.2,44.00831211603146
275.4,41.773898956559364
275.6,42.24780672343718
275.8,40.789551817648764
276.0,39.028394246143954
276.2,38.44633551792989
276.4,38.13801752192336
276.6,39.87630007550261
276.8,37.30146199033233
277.0,37.26285112063012
277.2,37.891160404631094
277.4,36.70780920913337
277.6,38.13055107456147
277.8,35.41915297729624
278.0,36.62715003251039
278.2,36.6008345618379
278.4,36.00554159405369
278.6,37.430206010366874
278.8,40.84928054220468
279.0,42.037029892997346
279.2,42.369207400848545
279.4,45.268980959566164
279.6,46.86150170045338
279.8,46.695308536977194
280.0,47.659991842140855
280.2,48.06994506087153
280.4,49.40335987088375
280.6,51.9363135674849
280.8,50.74379977901796
281.0,52.246707799996564
281.2,52.591900098345256
281.4,52.30120528913362
281.6,54.830903613080636
281.8,54.65802520265808
282.0,57.05671616988374
282.2,55.53100591861805
282.4,54.44149637237629
282.6,55.27988787781595
282.8,54.70772007415042
283.0,51.97832873127239
283.2,53.04914898827452
283.4,53.94225591105794
283.6,52.3264544741368
283.8,52.075869228547134
284.0,52.57636550670139
284.2,53.20663755252071
284.4,53.78376071848858
284.6,54.60025541923237
284.8,54.12764642603293
285.0,53.03038539780043
285.2,51.71806345453288
285.4,53.326515469109054
285.6,53.289390556762804
285.8,54.375512209571994
286.0,52.772105911348184
286.2,52.78278957260863
286.4,51.66827555712969
286.6,49.97893409310769
286.8,51.76189832382335
287.0,51.24780908581336
287.2,50.17322425534675
287.4,48.50093158327151
287.6,49.06316524688162
287.8,50.68078928623485
288.0,46.759191856015796
288.2,47.80638378076901
288.4,48.49140972166054
288.6,49.10373833358851
288.8,47.74895116475566
289.0,51.026216263759366
289.2,53.98695287566957
289.4,53.32364801515044
289.6,52.86865058906325
289.8,53.680852184326014
290.0,53.43930671021078
290.2,55.25908117129315
290.4,54.754422578616236
290.6,55.34863229949846
290.8,57.02570130196228
291.0,55.20184126765809
291.2,56.510315048134025
291.4,53.292649242495784
291.6,54.617450351485424
291.8,53.80791543152966
292.0,58.1552014128184
292.2,54.058319971517925
292.4,53.5666872152903
292.6,51.40229420493827
292.8,50.71389252202604
293.0,51.47388418718323
293.2,50.746797107007694
293.4,50.17636636837986
293.6,49.861054429678376
293.8,49.13285854513241
294.0,49.409294654178844
294.2,51.133644430194295
294.4,52.21129898928658
294.6,51.57121727065015
294.8,51.655173306599906
295.0,49.49891418263724
295.2,52.517461130245906
295.4,51.57016299161394
295.6,53.22887187185063
295.8,52.317309228881896
296.0,52.16045216536598
296.2,51.4345352438655
296.4,54.737984339491575
296.6,51.55115104180605
296.8,52.510310933605396
297.0,55.064278964934665
297.2,55.121054335145494
297.4,51.92539201329758
297.6,51.76271875618929
297.8,52.40322791418826
298.0,52.7110613614741
298.2,50.64155134751442
298.4,52.995753458884415
298.6,52.66432434823593
298.8,53.869199121782046
299.0,51.51628286170958
299.2,52.71863593984242
299.4,54.08111684364475
299.6,51.337384626734924
299.8,51.813025038296665
300.0,51.90669822823612
300.2,53.30625574391149
300.4,50.69978918041504
300.6,50.34928910888525
300.8,51.08745478878021
301.0,51.28648629958646
301.2,52.589369924309764
301.4,55.10533642810722
301.6,55.26618934136682
301.8,56.513989938046294
302.0,53.973418700465515
302.2,53.47689207730015
302.4,52.48378456397486
302.6,53.92640147409318
302.8,49.48653482985464
303.0,52.53818634279331
303.2,52.42908747403172
303.4,52.782000752519
303.6,52.954598703987145
303.8,56.622405901400725
304.0,54.910330148365915
304.2,51.891875900944335
304.4,51.82995380972092
304.6,51.378026404349356
304.8,53.203154272273565
305.0,55.885358444687576
305.2,55.149796924841624
305.4,56.5247853623859
305.6,58.493038460105986
305.8,55.57507543153669
306.0,56.51673857944829
306.2,57.052914436125484
306.4,54.58744243089402
306.6,54.162561841926625
306.8,53.786066665236376
307.0,50.55684369509204
307.2,50.8560928099837
307.4,50.298866904086324
307.6,49.099784639925915
307.8,51.6592791338839
308.0,52.90984360197089
308.2,54.64611430409792
308.4,56.82484312957142
308.6,61.7671855708766
308.8,58.663786697576974
309.0,56.98828616917163
309.2,54.71712785580645
309.4,55.102361799471126
309.6,54.75815893291867
309.8,55.56406185581835
310.0,56.67728121946392
310.2,58.02581473987081
310.4,56.63839666932314
310.6,55.70999144850695
310.8,57.77309154883821
311.0,56.96873302516801
311.2,54.944471802034045
311.4,56.270043653250426
311.6,55.84363937377152
311.8,55.17954276776342
312.0,57.07846581979504
312.2,58.943078708927686
312.4,58.50632522634012
312.6,57.414466332563414
312.8,59.055040806121504
313.0,58.50264085509383
313.2,60.6315270678894
313.4,57.13559191586788
313.6,56.841976071509805
313.8,55.35179777110139
314.0,49.9805158992207
314.2,49.19142027377262
314.4,49.55739127817555
314.6,47.62695289975977
314.8,48.50121032484282
315.0,49.11859734297852
315.2,49.25501974812662
315.4,47.016638137490304
315.6,49.59380620836573
315.8,50.01395839934836
316.0,52.415569441314844
316.2,52.354220301216344
316.4,48.04792704184814
316.6,48.80467256520337
316.8,47.88963140770865
317.0,43.89149279259306
317.2,42.77071247635486
317.4,40.670019051829875
317.6,42.97963053785547
317.8,38.613877691727254
318.0,38.6368125257071
318.2,40.34781945838133
318.4,40.944217529460936
318.6,38.069504648802834
318.8,39.67352338195976
319.0,40.57958273516577
319.2,40.48351935055596
319.4,42.204256442395966
319.6,37.07036339138462
319.8,37.94225284003685
320.0,36.952469847947555
320.2,37.3854601997721
320.4,38.40558744597405
320.6,37.666631427611556
320.8,35.706248578862336
321.0,37.92535127317897
321.2,37.82553993655527
321.4,38.43493790570172
321.6,40.41525060659916
321.8,41.67409805821444
322.0,43.94038569769457
322.2,40.78387440039299
322.4,40.51418977189086
322.6,39.34158896519938
322.8,38.91018578651383
323.0,36.81570926102229
323.2,39.621648468346784
323.4,37.7041075845125
323.6,35.50231615456248
323.8,39.033778377332624
324.0,37.23965265828567
324.2,36.4787600539923
324.4,39.18786852741509
324.6,40.00293844220772
324.8,41.62110046986912
325.0,40.521569437460414
325.2,39.74471102733536
325.4,40.371818756299085
325.6,41.26351283807913
325.8,39.61122684807115
326.0,38.39501757731446
326.2,38.736838181490064
326.4,39.84537255819417
326.6,41.35791574629838
326.8,41.58860258361017
327.0,42.28159635455138
327.2,41.100712815640826
327.4,43.31138270234778
327.6,42.403683831883086
327.8,42.78471363511259
328.0,41.536307202713715
328.2,43.05831338703224
328.4,43.606779196836555
328.6,43.10107466021471
328.8,44.232771744773906
329.0,44.10810492705102
329.2,44.78629237799911
329.4,42.27455843717895
329.6,42.92665373334323
329.8,42.272957114966125
330.0,45.112143819295774
330.2,42.88891851427217
330.4,42.09639072349457
330.6,41.75430556722888
330.8,40.97996082165369
331.0,39.00027193183516
331.2,36.931824600740256
331.4,37.404574705161586
331.6,37.341141268882005
331.8,39.43543502817409
332.0,39.23507532808065
332.2,37.68600499797047
332.4,38.636265128033344
332.6,36.56452459570242
332.8,38.12545478552749
333.0,38.397107634939104
333.2,39.4989296506528
333.4,39.68944338387096
333.6,39.34559112401405
333.8,40.03741511262725
334.0,41.30728423368759
334.2,42.7941159348433
334.4,40.57777951470606
334.6,41.57782272778097
334.8,41.3539536073925
335.0,43.1134338325515
335.2,44.67241874432767
335.4,45.29936995647741
335.6,43.22450730094985
335.8,41.62444266742082
336.0,42.60515429176771
336.2,42.36371884094826
336.4,41.62387128131719
336.6,43.15796111739547
336.8,43.84287293904424
337.0,40.965888676235
337.2,39.85319869732961
337.4,40.78080067412826
337.6,40.841327754370525
337.8,42.93318259528604
338.0,44.804854362981324
338.2,45.53841079203874
338.4,42.51843854180799
338.6,42.71520059111185
338.8,43.12390190146699
339.0,43.309275238725576
339.2,41.64950595604004
339.4,42.59782678334369
339.6,42.082503013260286
339.8,39.625268812702565
340.0,40.252565862209615
340.2,40.90239082199639
340.4,42.637876230937614
340.6,42.517136418410324
340.8,43.175662845345386
341.0,44.750992129514124
341.2,46.66424808543603
341.4,46.40846746437637
341.6,47.859664835448044
341.8,44.225200277300125
342.0,42.3465278832135
342.2,42.27421005542914
342.4,41.37512409090987
342.6,42.86130260375617
342.8,44.488815375704164
343.0,46.84991146091012
343.2,48.48111347261494
343.4,47.13582432315228
343.6,45.21433203216617
343.8,46.113243899901974
344.0,45.90378821355736
344.2,45.238879127681585
344.4,46.979821835026314
344.6,47.51387172122929
344.8,52.039012398630796
345.0,50.5634883355064
345.2,52.901530169089774
345.4,53.687568347103316
345.6,53.30485719151583
345.8,51.35428957816287
346.0,49.4963900624262
346.2,49.12819153660085
346.4,49.662093312342854
346.6,51.47243925121482
346.8,54.498480418716746
347.0,55.88897694779136
347.2,54.742253636149954
347.4,53.54971521961566
347.6,54.20977837549688
347.8,55.473976470349335
348.0,54.85884068937284
348.2,54.39309113927663
348.4,52.6694701645241
348.6,53.130986324198034
348.8,54.13054991238569
349.0,53.48335119671654
349.2,55.64306944514431
349.4,55.773992249967876
349.6,57.005680722014176
349.8,56.24050903266006
350.0,59.34737666254482
350.2,60.57680839989716
350.4,61.06797300352117
350.6,59.008411811399846
350.8,58.954791789895964
351.0,61.49766256762992
351.2,59.738583657319815
351.4,54.64535696792119
351.6,55.346467540922916
351.8,54.28700906416927
352.0,55.125259143755585
352.2,53.119209632005195
352.4,52.71889663033858
352.6,55.28717283856824
352.8,54.41160184908874
353.0,54.11195886993336
353.2,52.56542523079969
353.4,52.9797606044757
353.6,55.18077067073521
353.8,51.74987030666217
354.0,50.999431760677034
354.2,53.14648350437386
354.4,50.69555025766042
354.6,52.97534031202825
354.8,52.839319092555414
355.0,53.29718742191502
355.2,50.62270175176422
355.4,50.19943320030969
355.6,48.49217003753917
355.8,49.12005171975253
356.0,48.99527150335552
356.2,51.267945171418454
356.4,52.96296389666527
356.6,51.87458783400971
356.8,52.10027822812204
357.0,53.17980608879857
357.2,54.18599167850882
357.4,54.67152380734782
357.6,51.60146345716132
357.8,51.31689500282928
358.0,48.73004098139848
358.2,50.853237568368534
358.4,50.49603757220539
358.6,49.52086921849589
358.8,50.29376537056819
359.0,47.92434780180494
359.2,47.86427342698155
359.4,46.37690721051606
359.6,46.97347194148092
359.8,45.20301694513499
360.0,45.74479605619413
360.2,46.37525060545271
360.4,47.245732578740856
360.6,49.54746541313342
360.8,49.03065110824258
361.0,48.92702368922535
361.2,48.3953329964531
361.4,51.09201150630671
361.6,51.62274069210667
361.8,50.61906056611208
362.0,51.22531179359165
362.2,50.78185446734982
362.4,50.202688167794705
362.6,51.38187426188536
362.8,52.80377500852296
363.0,52.421522068742576
363.2,51.30711189816541
363.4,49.66270059082467
363.6,48.096798617017114
363.8,48.02434102670503
364.0,48.698809636632625
364.2,47.78266876191476
364.4,44.55323355035897
364.6,43.440879859417734
364.8,43.61846087321943
365.0,45.26989752939373
365.2,44.33891100093785
365.4,47.40391937867575
365.6,48.054841510764305
365.8,47.17870859501082
366.0,49.15918677664999
366.2,46.85359158116562
366.4,46.634542251884874
366.6,48.57612570911946
366.8,44.6544955474623
367.0,46.01075677658574
367.2,47.4731473119496
367.4,46.2562077430495
367.6,45.059740671016606
367.8,50.3196382282819
368.0,49.0696689387077
368.2,48.36740692898836
368.4,47.063099905180366
368.6,49.28131945532986
368.8,50.30165000537592
369.0,52.056710684691524
369.2,51.98229733828199
369.4,51.73993133001113
369.6,51.99900284225506
369.8,53.35949606580112
370.0,52.72705883694976
370.2,52.46390481235701
370.4,54.618559734196516
370.6,50.73104262260354
370.8,51.50866004915965
371.0,53.190709737833934
371.2,55.61294762623647
371.4,54.056762606982424
371.6,53.75682086309582
371.8,52.5294179734663
372.0,49.73441065235229
372.2,50.2639011078262
372.4,50.33099990896211
372.6,52.606245778546075
372.8,53.17246424356068
373.0,50.5855152988361
373.2,51.77474779775156
373.4,53.116248754908995
373.6,54.09628754339864
373.8,54.81079555477925
374.0,56.1827576825041
374.2,57.18189038078844
374.4,57.72884081738299
374.6,56.69323153299789
374.8,58.678240313832745
375.0,59.90874310924849
375.2,60.60629251214174
375.4,56.95617103523204
375.6,55.459171371449315
375.8,56.528704818299104
376.0,53.70820404065321
376.2,51.6568242911033
376.4,55.14908931412421
376.6,58.058975737008566
376.8,59.16561702103881
377.0,57.685403210983644
377.2,60.74709790050171
377.4,60.50997128317148
377.6,58.733315078875215
377.8,58.003159201472414
378.0,56.78335163052603
378.2,55.56205151146749
378.4,54.337882174893586
378.6,54.52052134388989
378.8,52.807549821161615
379.0,50.77653971294034
379.2,51.07269675822997
379.4,50.254346429626395
379.6,48.89122433123916
379.8,54.07754618278618
380.0,54.8717236902058
380.2,57.29223860704012
380.4,59.25520240685661
380.6,55.04907825092603
380.8,56.1661187538736
381.0,55.30988101085663
381.2,51.04712225735334
381.4,48.956070770916185
381.6,49.030583826408275
381.8,50.83710349268331
382.0,53.39463509912249
382.2,53.81527917945498
382.4,52.5773213612262
382.6,54.2373944836303
382.8,53.62331137605472
383.0,53.941061147426254
383.2,53.26993637455412
383.4,50.90571477181975
383.6,49.04801448236925
383.8,49.981246894755
384.0,49.877511166683405
384.2,50.833190780120574
384.4,54.13146297427076
384.6,54.672911919046456
384.8,54.220339778286046
385.0,54.32915085870758
385.2,53.92836166357207
385.4,54.660457775571885
385.6,54.06058653851801
385.8,51.338010727007614
386.0,50.1478948680852
386.2,48.64354519614233
386.4,46.54213422889793
386.6,47.30740482085585
386.8,45.83156796634832
387.0,44.16143097122926
387.2,42.49824104524917
387.4,44.73832520273446
387.6,47.078666631937196
387.8,45.2347124514078
388.0,42.42702217042172
388.2,40.72989514622826
388.4,39.32197168291982
388.6,40.39154667926184
388.8,40.287473906604944
389.0,39.74304176722753
389.2,36.9620025753408
389.4,34.75620250775585
389.6,35.1921099261513
389.8,34.04310706869801
390.0,35.968258529631925
390.2,35.69167994270232
390.4,33.880880031143434
390.6,34.20493922042969
390.8,34.446744381122755
391.0,33.18570572652667
391.2,33.317486761032725
391.4,33.35408534997772
391.6,33.263626326593446
391.8,33.43554952424369
392.0,31.82715799812909
392.2,33.56779048968023
392.4,33.333331240507235
392.6,35.01176596402881
392.8,33.122680853237725
393.0,31.646088395556514
393.2,30.908570145519576
393.4,30.659136717662356
393.6,29.78949452073694
393.8,30.233239735615022
394.0,31.06430468173751
394.2,30.145477253465348
394.4,29.953839013432017
394.6,29.75014790873307
394.8,31.04429082317525
395.0,30.643976627105488
395.2,31.393587722511942
395.4,30.459058510055282
395.6,29.392656679211274
395.8,28.813718513967594
396.0,29.852722908596256
396.2,31.54017360126769
396.4,29.75668707067183
396.6,29.41846850814454
396.8,29.65799207003082
397.0,29.97164947045018
397.2,31.72178690503165
397.4,31.278217591143573
397.6,31.07506645200003
397.8,32.57971887268073
398.0,32.58708157212015
398.2,32.90516339527654
398.4,34.24445142163645
398.6,35.077032217812075
398.8,33.471843014835706
399.0,32.55175028518098
399.2,32.708104733673345
399.4,31.49007527806164
399.6,30.208647408780102
399.8,30.82637221678331
400.0,32.423679656684136
400.2,30.53142981771579
400.4,30.181401434190413
400.6,29.767135217784112
400.8,29.56765454098218
401.0,30.310792680103265
401.2,31.732640782515876
401.4,34.271616083468416
401.6,33.108967463459734
401.8,31.285841217531463
402.0,31.337300885028636
402.2,29.797377964180715
402.4,28.710427592222707
402.6,29.662440043996664
402.8,30.336584750173145
403.0,31.658226131597644
403.2,32.23794725272985
403.4,32.57421395093004
403.6,32.96654818627371
403.8,32.16135352532152
404.0,32.90819474326475
404.2,32.99111899143717
404.4,34.11831182249176
404.6,35.509714496113546
404.8,35.30612214098396
405.0,35.197378238166195
405.2,37.0446338939581
405.4,36.59096754090918
405.6,36.30978327828935
405.8,36.76270875475171
406.0,38.036574145130324
406.2,36.258840516186744
406.4,33.82441885099354
406.6,33.52018736268447
406.8,35.02667796708221
407.0,36.642343044859146
407.2,38.816558118562064
407.4,36.08689274442138
407.6,37.04209468757335
407.8,37.809893570761396
408.0,33.73207966110774
408.2,35.71733367955629
408.4,35.0846734710779
408.6,35.68554812190629
408.8,34.607410866210735
409.0,34.701760458874574
409.2,35.85211121651456
409.4,37.20663008615843
409.6,39.07459731030046
409.8,38.04340609944298
410.0,39.22638065598001
410.2,37.97243952470761
410.4,39.25990191839011
410.6,38.73132117592625
410.8,40.05697852434453
411.0,37.455478000402735
411.2,35.9631052297147
411.4,40.65938803939808
411.6,39.77124244458044
411.8,40.448085040768675
412.0,42.29423244205607
412.2,41.6608761815684
412.4,39.520733935284
412.6,40.365167661393826
412.8,39.988310525863135
413.0,38.645516335628926
413.2,38.352378080544874
413.4,37.58292331213863
413.6,37.540304873692996
413.8,40.848240437562666
414.0,40.35241952943967
414.2,41.869088288769106
414.4,42.74141183999183
414.6,40.80297961017814
414.8,40.58328267196663
415.0,40.42680191016839
415.2,42.712206770262654
415.4,42.58415319975409
415.6,44.37325014861524
415.8,44.177072103404036
416.0,40.40697416812201
416.2,42.054409746428604
416.4,46.64588058750604
416.6,47.46578050946468
416.8,49.56289275577888
417.0,52.84779444768582
417.2,52.08354782312715
417.4,54.02653302918577
417.6,51.12418827935306
417.8,47.276420134264924
418.0,47.907207431931326
418.2,46.35183947231851
418.4,45.11250414746207
418.6,45.56922398865009
418.8,44.36148461768048
419.0,44.294582645226306
419.2,44.694484585455285
419.4,43.83018020634735
419.6,43.419654439163374
419.8,43.77465050451437
420.0,44.961407306179815
420.2,47.30060577969047
420.4,48.32030198577132
420.6,47.6287443084768
420.8,48.331693913035885
421.0,44.62058849606403
421.2,44.5739214081702
421.4,44.17211577774516
421.6,42.532313233750465
421.8,44.96173304255589
422.0,44.469290259763994
422.2,46.29769524317546
422.4,46.65044424714718
422.6,45.80761950615071
422.8,42.14361865212637
423.0,42.67099927302085
423.2,41.94264439084877
423.4,44.13078005433712
423.6,43.98888196261715
423.8,43.89418860536761
424.0,45.15262192005708
424.2,43.821298917234714
424.4,46.811826972050284
424.6,45.19022945407524
424.8,44.5739993109199
425.0,44.1266671382246
425.2,43.41554329889881
425.4,44.80008248843952
425.6,44.281358729353556
425.8,43.737775181729674
426.0,42.13197954343531
426.2,44.02310422731455
426.4,42.63890100845379
426.6,44.209368049129765
426.8,42.986194879015365
427.0,40.144816271490846
427.2,41.21988722220652
427.4,43.3351875719644
427.6,42.43550993165296
427.8,42.12238828537955
428.0,41.12484450472692
428.2,41.97200054380187
428.4,40.89500585084253
428.6,40.22972863298661
428.8,40.44085758968635
429.0,41.97827429409611
429.2,42.92494139762515
429.4,42.96669951250364
429.6,44.960366262737665
429.8,43.502660167427756
430.0,42.900126073201406
430.2,43.2441235454022
430.4,43.67813129196584
430.6,43.515806938618084
430.8,41.15284517169008
431.0,42.029696890564416
431.2,43.36525909217031
431.4,41.31966312754792
431.6,41.35342697791245
431.8,40.64504277743643
432.0,41.21197244150348
432.2,43.2011563414253
432.4,44.67545152005581
432.6,45.4824730512106
432.8,44.164863408985184
433.0,43.15186484093345
433.2,42.51021288509085
433.4,40.601122158888636
433.6,43.735204498485956
433.8,41.73725594796529
434.0,40.693494798002526
434.2,39.90099756917943
434.4,42.39059303977439
434.6,39.924901710639055
434.8,42.48929984574875
435.0,41.81197900721547
435.2,41.52792050923014
435.4,43.59022934594509
435.6,41.07629275786854
435.8,40.76609565755231
436.0,38.25690481209709
436.2,37.6896245143132
436.4,38.04199122954768
436.6,37.386952001363355
436.8,39.157903322317495
437.0,41.071475717982864
437.2,41.39796251680687
437.4,43.891316847114226
437.6,42.45726604622998
437.8,43.810249288636705
438.0,43.23009649994617
438.2,45.54100131618072
438.4,45.14880417028888
438.6,43.93331097553486
438.8,42.778313902645344
439.0,44.002111018708064
439.2,45.1774284241681
439.4,46.25893613603282
439.6,46.05619847772072
439.8,46.47221914450006
440.0,46.442306526396735
440.2,46.22729137393404
440.4,45.79398081038463
440.6,47.795335333272256
440.8,49.18061997864356
441.0,47.74212407414376
441.2,47.744066752152825
441.4,49.62024737921929
441.6,51.652699371547286
441.8,53.34101327220745
442.0,54.01314128334082
442.2,53.63922874621173
442.4,54.05782509703176
442.6,51.26020195973177
442.8,51.7847446497081
443.0,50.900427817257494
443.2,47.390036612589725
443.4,46.979093688774284
443.6,46.398010424942356
443.8,46.23979726094181
444.0,47.341907022238516
444.2,46.653229618874754
444.4,46.76563209788944
444.6,46.015344263760554
444.8,43.81009751133255
445.0,43.13312290591587
445.2,44.69224336612402
445.4,42.77133258757913
445.6,41.8731394251222
445.8,42.60917566584952
446.0,43.165251920773585
446.2,43.39224877291342
446.4,43.77520357062113
446.6,42.00186606407871
446.8,41.417450912782826
447.0,41.74715848392182
447.2,40.01929893573444
447.4,38.66250907505342
447.6,38.2224595058649
447.8,38.50853898335674
448.0,36.190059668461146
448.2,38.2662138936279
448.4,40.14297067514025
448.6,39.79528771826863
448.8,40.55978154954972
449.0,38.97406539933926
449.2,38.882170770748225
449.4,38.72147813130703
449.6,40.60794492030534
449.8,42.84979139216788
450.0,41.490830632514644
450.2,42.3006526429215
450.4,41.045997890768305
450.6,44.02355941102573
450.8,43.47417729582402
451.0,40.79806295071918
451.2,39.86609525636006
451.4,38.924069268275254
451.6,40.83380093174632
451.8,40.57528630288586
452.0,42.27488170262391
452.2,43.902931918562246
452.4,46.41101843675098
452.6,48.87793557159894
452.8,49.435701182181745
453.0,46.52957169731354
453.2,46.76317552319283
453.4,48.9702739706438
453.6,49.40260425384187
453.8,46.87016338228942
454.0,46.60549812875325
454.2,46.88000793894642
454.4,46.32383480448251
454.6,46.210985889098765
454.8,49.19311429251552
455.0,45.37663594165102
455.2,41.952977394482915
455.4,45.42340751391261
455.6,44.55906207790583
455.8,45.24924745895426
456.0,46.28687887524499
456.2,42.918018167012974
456.4,44.61104518835258
456.6,47.08713088884507
456.8,48.56230400267155
457.0,47.644407293595634
457.2,46.43576092415419
457.4,43.57664040144538
457.6,45.72385383534872
457.8,44.767820137324826
458.0,46.237400863406855
458.2,46.168438105191214
458.4,50.111887594687346
458.6,50.4685521397234
458.8,50.75234883109441
459.0,52.1571380036968
459.2,51.10653245350632
459.4,53.03583121512723
459.6,51.9280259456989
459.8,51.28304526798385
460.0,52.6452609331563
460.2,51.95816163684693
460.4,50.50270719358747
460.6,50.174094274663744
460.8,47.08713369461784
461.0,46.68622608764758
461.2,46.77222147382785
461.4,47.47029077875894
461.6,46.83177824319571
461.8,49.91561267774078
462.0,50.5467996192078
462.2,51.46883463005341
462.4,50.44339175313816
462.6,51.87488905863107
462.8,52.718399419391496
463.0,55.612915544093354
463.2,57.26953137551105
463.4,57.69892781187912
463.6,56.65291416861489
463.8,56.17092070643412
464.0,57.61575461564381
464.2,58.6801318709551
464.4,54.829997716959376
464.6,55.596678998859524
464.8,56.05903887420115
465.0,55.26768026859186
465.2,52.64096978803738
465.4,52.58180024780971
465.6,53.2733286069405
465.8,55.030851847575235
466.0,54.52466818637057
466.2,53.82604071437698
466.4,51.531819606015155
466.6,50.37551697843152
466.8,53.699580820033326
467.0,53.6338022743442
467.2,53.261534826998385
467.4,52.72099118957069
467.6,56.14357563132903
467.8,55.38114782978519
468.0,55.929337234896934
468.2,53.93902527113349
468.4,54.107884241651334
468.6,49.79069595003714
468.8,48.224414183137526
469.0,50.599886663892676
469.2,52.643964855294996
469.4,54.25643098342793
469.6,54.6950822562934
469.8,53.52709842952832
470.0,52.99698050429973
470.2,53.405930910171605
470.4,58.152132047796144
470.6,59.27278606805654
470.8,59.47019014222618
471.0,61.05012366525795
471.2,59.07722049066998
471.4,57.49039727424562
471.6,56.96379257501523
471.8,54.93472498309557
472.0,56.513785853008535
472.2,57.073517061534965
472.4,58.23504189421958
472.6,54.018211663508865
472.8,56.51982032079608
473.0,56.05194235468378
473.2,55.51482974704193
473.4,55.87388764245762
473.6,55.40692083745714
473.8,56.84634445109527
474.0,58.18661588173214
474.2,57.44731289965237
474.4,60.55603575192808
474.6,59.72440508100091
474.8,61.38323486212193
475.0,58.32203594056998
475.2,58.02973158900591
475.4,57.24518070592562
475.6,55.51113729624393
475.8,55.869064832654956
476.0,56.106884702981425
476.2,57.88240526473346
476.4,55.309022426328454
476.6,55.29179922426018
476.8,57.87966621439092
477.0,57.41624722266819
477.2,59.86738272560564
477.4,60.30802029557263
477.6,58.86908062971458
477.8,58.174308574786025
478.0,59.70696873244192
478.2,57.681035238401
478.4,55.351209861069954
478.6,54.270154690969584
478.8,53.89274640529792
479.0,55.25879556353368
479.2,55.765811911227125
479.4,57.75262618966054
479.6,58.78453516703193
479.8,61.347021369959236
480.0,62.427532546993476
480.2,62.45948601877313
480.4,62.08603048819593
480.6,59.89746804217048
480.8,58.50894569344264
481.0,60.75504791479959
481.2,59.55883738749841
481.4,63.437319476868986
481.6,63.49006290343573
481.8,62.886369398140964
482.0,63.12619718431919
482.2,61.351256419242645
482.4,60.28972476017227
482.6,60.57572475927343
482.8,57.899672773966856
483.0,60.63716816519728
483.2,58.98181699507286
483.4,59.418758207950326
483.6,61.61050251305465
483.8,61.04202498412156
484.0,59.45522650626483
484.2,59.91396897595468
484.4,60.62811162592421
484.6,56.85201932270565
484.8,56.4843796740498
485.0,55.484202033086106
485.2,55.99560005828275
485.4,54.12701201672399
485.6,54.936235099641166
485.8,55.02221338924126
486.0,56.37144375082825
486.2,57.092609492457726
486.4,59.721811397554696
486.6,59.7893323258889
486.8,57.964991008677856
487.0,58.474754437044865
487.2,61.01495414751943
487.4,59.875158286998214
487.6,57.8564602739393
487.8,57.14675929513136
488.0,56.85131001897935
488.2,52.27240701875211
488.4,55.2724748465274
488.6,56.85152260104544
488.8,58.25433043679916
489.0,56.709183500009985
489.2,56.5735421798091
489.4,56.69474905175858
489.6,56.975864713166956
489.8,56.652958680952906
490.0,56.79153381193046
490.2,59.28149434370832
490.4,58.866353706023475
490.6,58.30344106722797
490.8,56.242671967634024
491.0,54.64841233697341
491.2,54.819289540827036
491.4,53.43584317397227
491.6,55.0200340090149
491.8,51.426846007011086
492.0,51.33753781357371
492.2,51.96322108932735
492.4,53.35656595352984
492.6,52.826404372729606
492.8,52.153870624140936
493.0,53.48206759845618
493.2,58.39432494641488
493.4,56.46021561456503
493.6,57.25202277569163
493.8,54.903412771221
494.0,51.763565464376825
494.2,50.271080452713534
494.4,52.27702782348108
494.6,52.93928429560367
494.8,52.33879824991544
495.0,51.72172751400933
495.2,50.70248856299127
495.4,50.055396457512494
495.6,50.08305594760316
495.8,50.8081375944504
496.0,51.90764534939977
496.2,49.939903615633426
496.4,49.20974477760079
496.6,49.03686211627091
496.8,48.21587371384317
497.0,48.38345681761035
497.2,47.00482893744609
497.4,46.00760340436917
497.6,44.76839315451472
497.8,46.10026411579745
498.0,44.62818931969261
498.2,44.39194437318625
498.4,45.594553765429225
498.6,46.367821850890955
498.8,46.59685350356533
499.0,47.00051706129284
499.2,45.43915275564298
499.4,44.08691491835195
499.6,41.931242376258204
499.8,44.12060322522849
500.0,42.89417025114894
500.2,43.0678902182205
500.4,43.887571381916686
500.6,43.88036547515807
500.8,43.46181594056722
501.0,44.13542506440554
501.2,43.503978162749945
501.4,41.624340438993585
501.6,42.59526898417224
501.8,44.42852793047769
502.0,45.37169858543395
502.2,46.70118892171995
502.4,46.25618253745791
502.6,45.780203934983064
502.8,44.49606114611976
503.0,45.919401240417876
503.2,45.756723717599655
503.4,45.88135980952215
503.6,49.1884492792284
503.8,50.19843438435242
504.0,48.46179229269044
504.2,47.98069771547339
504.4,46.594216829770005
504.6,47.50783491657159
504.8,46.40383697286665
505.0,45.45410207273865
505.2,46.822078670627114
505.4,50.290419896203844
505.6,48.85904012248759
505.8,48.30117486814145
506.0,48.55611367125191
506.2,49.79306934375235
506.4,49.40169294716405
506.6,50.886888803226725
506.8,51.52114882828389
507.0,51.42451162607592
507.2,51.088509190311875
507.4,51.64556577418139
507.6,49.594256180153025
507.8,49.76847557623452
508.0,50.832976769222356
508.2,51.24175578674417
508.4,49.084914705261944
508.6,45.71676411729243
508.8,45.51805073765772
509.0,47.89222779958023
509.2,48.222705213396246
509.4,50.4318858668881
509.6,52.01346443824501
509.8,48.901875969917825
510.0,49.60523556492579
510.2,49.876630673993
510.4,47.93930353439306
510.6,48.73071654858475
510.8,48.3439174531664
511.0,46.53304951896207
511.2,49.52882382987407
511.4,46.258225430476195
511.6,45.32224324245103
511.8,44.31453327006408
512.0,44.04167456847425
512.2,44.30810766065234
512.4,45.155978588426564
512.6,47.834112683745225
512.8,50.5714929826875
513.0,49.96119725846205
513.2,52.37115984054902
513.4,52.02859957466521
513.6,53.45583812260855
513.8,54.46265645367337
514.0,56.095747688820865
514.2,54.74662607156794
514.4,55.0480084705634
514.6,55.91660526260813
514.8,56.46720991462931
515.0,56.85429140269178
515.2,57.21147949542515
515.4,57.066575894178804
515.6,54.5703869730078
515.8,53.95111961776522
516.0,54.95196009820377
516.2,58.91137650122544
516.4,59.1712916317597
516.6,58.24246776368065
516.8,59.33404847451531
517.0,60.034833421659755
517.2,62.34398718282517
517.4,59.737811354284325
517.6,57.9266361971867
517.8,56.75978246849291
518.0,56.834022901367696
518.2,56.83049172757583
518.4,57.615068295236924
518.6,55.386715290082115
518.8,57.27268172275883
519.0,57.7083475132478
519.2,60.027307830064515
519.4,61.87482362780604
519.6,63.20414574247428
519.8,65.03140970069192
520.0,63.46188398622892
520.2,62.02439512824828
520.4,62.37552996318961
520.6,62.60095101655609
520.8,62.696898942963585
521.0,64.2041073288925
521.2,64.61004685367024
521.4,62.437629274986406
521.6,65.25104890718758
521.8,64.03544057057249
522.0,60.9359357876344
522.2,61.06769675114106
522.4,62.18788744817621
522.6,63.41065135531067
522.8,64.64429961874185
523.0,63.96546193157906
523.2,64.88213003932427
523.4,65.52881404378773
523.6,66.32587207939787
523.8,68.56253603105274
524.0,70.29319921936037
524.2,70.34494238319725
524.4,69.82208114450683
524.6,67.93743362655698
524.8,68.14939270303638
525.0,68.46883660938228
525.2,68.0064494243674
525.4,67.39996833575755
525.6,67.31612652123533
525.8,69.31461132065466
526.0,68.25586981175965
526.2,67.42561027471469
526.4,68.7585950088947
526.6,67.75969158631759
526.8,66.111818685322
527.0,67.20946802803269
527.2,66.12044272166887
527.4,67.79628810067355
527.6,69.40481346951717
527.8,67.39375624792496
528.0,67.64444730679212
528.2,66.06947859551703
528.4,66.82475496397937
528.6,68.82381176946468
528.8,66.02187087794805
529.0,65.68908697337046
529.2,67.11400912579839
529.4,64.81903307026002
529.6,63.42626205046593
529.8,60.882400705625024
530.0,59.2539894853135
530.2,60.02841163631189
530.4,60.46868818934235
530.6,61.685366976875514
530.8,61.99093809676988
531.0,60.61641983147294
531.2,59.0964244274069
531.4,58.14223373095203
531.6,53.4300025916395
531.8,54.08733802239135
532.0,53.827829577445286
532.2,56.34384457568524
532.4,53.98384349004529
532.6,55.14199267277108
532.8,56.45726588085009
533.0,55.910004019672925
533.2,56.56795307409362
533.4,58.248381824777724
533.6,58.782654238162664
533.8,59.82356157052274
534.0,62.29983653245668
534.2,61.47960474931025
534.4,61.21769875733666
534.6,62.38881995521532
534.8,65.29594446588287
535.0,65.60354187320469
535.2,65.82485820595902
535.4,65.22373943781568
535.6,63.170492150742916
535.8,64.18211245949122
536.0,63.17814636806538
536.2,62.75119808788568
536.4,64.20679388666984
536.6,63.18994886911149
536.8,64.36008816721687
537.0,64.99776252414006
537.2,63.9260647611039
537.4,65.4822947276068
537.6,67.05508214799734
537.8,65.30036699278949
538.0,64.51802355110713
538.2,60.98049470880542
538.4,62.66997327116255
538.6,58.74774820686569
538.8,59.00624875482058
539.0,61.08428080939287
539.2,62.62537639802761
539.4,64.05097474734458
539.6,63.99723135380505
539.8,63.97852122770655
540.0,63.59472532277483
540.2,66.10908680483034
540.4,65.67744835882982
540.6,64.02322465486137
540.8,62.0862460853277
541.0,63.69430214772774
541.2,62.045645903087
541.4,60.2075438296537
541.6,61.872399517236104
541.8,60.6393058296791
542.0,59.46176217154277
542.2,59.183865217437194
542.4,58.126774270266125
542.6,58.265427729220384
542.8,57.65763419157884
543.0,56.27304546743485
543.2,58.05476285589607
543.4,59.0916568492618
543.6,58.160494513516774
543.8,55.30279101678118
544.0,55.70577500323019
544.2,52.4005838028078
544.4,53.338879295669884
544.6,52.69523979859656
544.8,48.304958960705974
545.0,46.444060988163685
545.2,45.98911975917741
545.4,47.38806173409014
545.6,48.722193357540114
545.8,47.436560877338316
546.0,49.03396627567308
546.2,49.82120782224706
546.4,50.56482465541507
546.6,47.290282819914104
546.8,45.43400766425946
547.0,48.19417874576565
547.2,51.44696954347996
547.4,54.53996728413253
547.6,57.411374714714974
547.8,56.564824502672806
548.0,56.854006495930314
548.2,56.046309581212974
548.4,55.9614490868144
548.6,58.64540077292372
548.8,60.53230124615897
549.0,62.205704904663946
549.2,61.94253748517319
549.4,60.51693667774128
549.6,59.63513667739754
549.8,58.88861090891602
550.0,59.384946994011074
550.2,55.08853600532728
550.4,54.28361342409633
550.6,52.598019026591885
550.8,52.159252660806544
551.0,51.82032414082448
551.2,49.88903161981989
551.4,51.01342947991394
551.6,53.48180756928397
551.8,55.677792476261985
552.0,53.53816734861897
552.2,51.36861466005386
552.4,51.924257869421346
552.6,53.42568104275216
552.8,53.90421457335335
553.0,53.35886564505248
553.2,52.53985661622326
553.4,54.19117307814525
553.6,56.07145216118377
553.8,52.24414081055081
554.0,51.54382893972999
554.2,52.344384975443965
554.4,54.770834136795855
554.6,54.457912117653564
554.8,57.87601977483827
555.0,58.65948236478211
555.2,58.54560188570134
555.4,58.902875087689104
555.6,57.60588516809207
555.8,56.98592094516022
556.0,58.56999176332552
556.2,57.10066410133791
556.4,59.32271219505494
556.6,59.696727119332735
556.8,56.99124415591356
557.0,58.45690091986117
557.2,57.61101783908135
557.4,60.353778742089546
557.6,58.77793335638025
557.8,59.36069290026266
558.0,58.450953044587536
558.2,57.48175415079855
558.4,56.89270315807845
558.6,57.342511906462605
558.8,58.31968099469579
559.0,57.83760510890279
559.2,58.7877305961723
559.4,59.293471226229705
559.6,59.48640622048011
559.8,58.990764574884636
560.0,58.76061320128673
560.2,58.20482621091049
560.4,59.6723937703154
560.6,60.50675474504229
560.8,60.26711809149906
561.0,56.05559084951562
561.2,59.81309874555897
561.4,60.86023935494158
561.6,61.15511446380165
561.8,60.51019125154589
562.0,58.44405851916834
562.2,57.64853062547239
562.4,55.880523782809135
562.6,54.603323831953844
562.8,53.557231526013524
563.0,52.4855388928311
563.2,52.35712262068766
563.4,54.06257002360129
563.6,53.49921488455361
563.8,50.12508357496348
564.0,53.78555512521565
564.2,52.964610905781754
564.4,52.97072892599958
564.6,50.59316991258341
564.8,49.52528676543332
565.0,48.046648982229634
565.2,45.95959709192285
565.4,44.37499528069306
565.6,47.297933626137834
565.8,48.79212644270198
566.0,52.860929341076485
566.2,54.728187651312695
566.4,52.635843742109
566.6,53.78098798436004
566.8,54.12718557248717
567.0,56.76530468894466
567.2,55.327792164919344
567.4,55.79195636618017
567.6,56.637579994380765
567.8,55.47138884769094
568.0,56.70618760131134
568.2,55.479786321123576
568.4,54.668560302890256
568.6,56.409531025856054
568.8,53.12664145718987
569.0,55.160737150863845
569.2,55.338116503553216
569.4,58.80765787462673
569.6,58.352662916318096
569.8,59.98511724611764
570.0,61.38208098615148
570.2,59.17755944931813
570.4,57.354658437414955
570.6,57.901411924039444
570.8,57.96309091894172
571.0,57.36484687545192
571.2,57.44525428643483
571.4,57.08207756046825
571.6,61.72500995324331
571.8,60.84044307684618
572.0,59.46781343780308
572.2,57.19463864687869
572.4,56.85470404935753
572.6,58.40428681839654
572.8,58.233057753002335
573.0,58.99946836664916
573.2,59.76359377865308
573.4,57.29930691404748
573.6,57.08463442779248
573.8,56.92490104173195
574.0,55.712088599416944
574.2,57.12233934375823
574.4,55.09363675854807
574.6,56.15556230680351
574.8,56.576138148271625
575.0,55.61557903923632
575.2,54.90689894496675
575.4,56.93981347781257
575.6,57.43645584745501
575.8,60.22446179753443
576.0,59.9999827592281
576.2,56.366051626662994
576.4,56.3096658573276
576.6,57.10655031495378
576.8,57.655857625981895
577.0,56.38699063371312
577.2,54.98448378965598
577.4,53.86045678104714
577.6,55.4545761172578
577.8,53.67193119885766
578.0,56.748187928341586
578.2,56.21195993317948
578.4,55.27225522208673
578.6,53.291779078184064
578.8,52.67124736036439
579.0,52.87091706513323
579.2,54.29473504177837
579.4,56.19638449368686
579.6,55.0557867999997
579.8,56.20494380520949
580.0,58.68121425460275
580.2,57.77995274889861
580.4,58.54518235928322
580.6,59.70057152142185
580.8,55.97305689409967
581.0,55.875405284821696
581.2,58.12822282908262
581.4,58.974186418459944
581.6,58.45779763240692
581.8,56.27943128446304
582.0,56.308761541240685
582.2,57.68994544348188
582.4,58.935090213619205
582.6,60.024994011539896
582.8,62.322234238358725
583.0,62.51780929642753
583.2,60.43627575174491
583.4,62.59837743998649
583.6,63.60798495611468
583.8,61.05280692244945
584.0,61.29967292105861
584.2,62.313277660459015
584.4,61.76265661939449
584.6,59.25636328194285
584.8,61.95167057939548
585.0,59.65546806025658
585.2,58.311441609842916
585.4,54.49018797429508
585.6,56.55090008402986
585.8,56.939216494683926
586.0,57.630581440140176
586.2,55.94736414791597
586.4,57.02252008618135
586.6,58.88071221530069
586.8,58.528825434338515
587.0,57.29896383238908
587.2,56.20011280119605
587.4,58.31017868249166
587.6,58.38074083473469
587.8,57.33716691736692
588.0,57.79920069752003
588.2,55.09807083020099
588.4,54.73982474926422
588.6,54.36010016147783
588.8,55.714893834301506
589.0,52.43136095494637
589.2,53.841486239383855
589.4,52.911020045409416
589.6,49.17796796731503
589.8,51.54608499627679
590.0,50.893354235437805
590.2,49.90544609447987
590.4,48.856972345078546
590.6,45.96751546349318
590.8,44.71839034140386
591.0,45.44304878045669
591.2,46.50932526602738
591.4,47.1418348828998
591.6,46.09153568071336
591.8,44.908091051716795
592.0,47.829574016437036
592.2,47.893708934202515
592.4,48.309196716065294
592.6,48.504259731929906
592.8,47.35511547517479
593.0,52.20903099329941
593.2,49.84300943887962
593.4,52.68517948292753
593.6,49.98896200111244
593.8,50.130236814502666
594.0,49.38947757643941
594.2,48.307567850997756
594.4,48.065120444533676
594.6,47.55509257803446
594.8,48.33984508864353
595.0,47.30463432232881
595.2,49.856834701028944
595.4,50.5222569352639
595.6,51.60015131263714
595.8,50.7296268259849
596.0,50.71532955511964
596.2,53.208992701793576
596.4,53.1399666286636
596.6,53.60655803049717
596.8,52.2137607093266
597.0,50.53318768467135
597.2,51.136130448665284
597.4,53.53702997784703
597.6,51.96519332197536
597.8,51.68795348748048
598.0,47.947749690543674
598.2,47.09803069072041
598.4,46.57442412515934
598.6,47.346856546382426
598.8,47.52902486494948
599.0,50.51942482111919
599.2,49.89513578562772
599.4,48.68036242733843
599.6,49.69854485855002
599.8,49.49867950507537
600.0,46.09313385824273
600.2,46.79921132375705
600.4,47.654999122319374
600.6,48.231909522364276
600.8,49.778344097693974
601.0,50.0505136646586
601.2,48.135578170328756
601.4,48.482604117201895
601.6,50.049228726341255
601.8,49.3509109162363
602.0,49.787141668906344
602.2,50.30774037861083
602.4,48.97569587643535
602.6,51.817638385404635
602.8,51.52829261354006
603.0,49.97226198720976
603.2,49.72896953464999
603.4,48.733584494364884
603.6,47.51168374251225
603.8,48.21149031703206
604.0,47.91906409379516
604.2,49.026042193226196
604.4,48.20061018001845
604.6,47.18381253662319
604.8,45.81751072564152
605.0,45.048411993660274
605.2,44.03155134778289
605.4,44.78763209459065
605.6,44.22944158244733
605.8,45.197022540750645
606.0,44.52013550773577
606.2,44.58037042530321
606.4,45.34205265196384
606.6,42.60395895869465
606.8,41.85454641486692
607.0,41.27493123039852
607.2,40.13466152449442
607.4,40.05754142231371
607.6,40.67735416165972
607.8,41.167823817898146
608.0,43.139408963375786
608.2,42.121253001266496
608.4,40.29648925066982
608.6,40.93818417441209
608.8,41.709706273601164
609.0,40.31243936632117
609.2,41.98835670165492
609.4,40.815610003562725
609.6,44.6890784530121
609.8,45.79665704753273
610.0,45.01485915535753
610.2,44.07914658166988
610.4,42.49154728706572
610.6,43.67778328413601
610.8,45.015395632329664
611.0,43.817143380475656
611.2,43.88585870733159
611.4,43.32644435181415
611.6,45.10736994528629
611.8,48.929360263971844
612.0,47.208575594991515
612.2,48.42607284486916
612.4,49.37098745254644
612.6,46.73563422081404
612.8,47.31435851934555
613.0,47.48144753291521
613.2,46.22664974848099
613.4,44.740749431651025
613.6,45.176535772151055
613.8,45.63374101881007
614.0,41.41386716345921
614.2,36.35047990021818
614.4,35.32998841635126
614.6,36.61029312030911
614.8,35.481850107720305
615.0,35.86822831944906
615.2,36.67046209349918
615.4,37.297377014550854
615.6,37.47417512919625
615.8,36.57081953933957
616.0,35.56233223851821
616.2,36.991274883939596
616.4,36.644357801799245
616.6,37.011467165027014
616.8,37.533837892653594
617.0,37.36184323083868
617.2,36.978390760189754
617.4,35.45332726513552
617.6,35.60887907020629
617.8,34.29572344377604
618.0,35.8408061045445
618.2,34.48445012309109
618.4,34.357448138104594
618.6,34.127542643832015
618.8,35.30413639916841
619.0,35.405374640481746
619.2,34.356855974234485
619.4,32.38587600744253
619.6,32.34065714836712
619.8,35.53959264542118
620.0,37.66803416641288
620.2,40.301234636363574
620.4,39.610847146846176
620.6,41.04025449477706
620.8,39.60956379418647
621.0,39.505020933490265
621.2,40.936976740490934
621.4,42.303036605962234
621.6,41.12676136287711
621.8,42.24751389371078
622.0,40.459335168545685
622.2,41.897155935537086
622.4,44.20944224675365
622.6,43.45656323614633
622.8,44.56524626255606
623.0,46.0211503658985
623.2,43.608407085230276
623.4,44.72886360744668
623.6,45.31409614686705
623.8,42.104538944643664
624.0,43.88935406539752
624.2,44.48354992089703
624.4,44.63618391657968
624.6,46.70679224815612
624.8,47.721807442805336
625.0,46.07962107764308
625.2,46.24367038232916
625.4,46.47426251923609
625.6,48.261374024704736
625.8,48.68083018809035
626.0,49.561393473306964
626.2,52.090139540967904
626.4,50.26455444863774
626.6,51.16321651938581
626.8,50.555078128408454
627.0,53.38930827031069
627.2,54.02138629033555
627.4,52.45361052562529
627.6,51.00864430627251
627.8,52.70066805255538
628.0,53.804075704002884
628.2,53.932849965892885
628.4,53.892949975167625
628.6,52.956918870357825
628.8,55.88461232757833
629.0,55.95557713320267
629.2,57.20098781683195
629.4,58.53275801539927
629.6,58.12346650140629
629.8,60.96328841322783
630.0,59.27446480297537
630.2,59.42508088877058
630.4,61.408414153712336
630.6,59.68763805182853
630.8,61.58934245776877
631.0,60.95911499755671
631.2,60.65965160646142
631.4,59.481927460856795
631.6,60.11541982216953
631.8,62.07705963811242
632.0,61.23698599147641
632.2,61.46934251137015
632.4,59.30523461200295
632.6,60.137267729409054
632.8,60.281768105819395
633.0,60.25976594848861
633.2,58.66958356338836
633.4,57.87694345476346
633.6,59.077247612207444
633.8,60.925789445446156
634.0,60.529061783897184
634.2,61.1142021263528
634.4,60.19883646299667
634.6,63.31709198697396
634.8,63.21465051340863
635.0,61.815714951009106
635.2,60.37258673300421
635.4,60.618253974969825
635.6,57.723967795840835
635.8,62.51667926052819
636.0,61.25364765090728
636.2,63.345967934679344
636.4,61.919336082055054
636.6,62.04950622862684
636.8,62.171578616650606
637.0,60.43084311944285
637.2,62.787557910871726
637.4,62.996303878506126
637.6,63.414029468495286
637.8,62.64284869023986
638.0,60.8740088634294
638.2,58.44813972921529
638.4,57.85429522390356
638.6,56.00651583469404
638.8,54.08176035129962
639.0,55.76207657864164
639.2,58.316558557110774
639.4,58.00896278186849
639.6,57.00851265127277
639.8,57.15473795827458
640.0,55.90831460578493
640.2,53.48575166371695
640.4,50.86018473120327
640.6,49.460285789064706
640.8,48.490686511811106
641.0,50.44223679926166
641.2,51.890521905699885
641.4,53.69073577878932
641.6,50.38190672207209
641.8,48.39078557615224
642.0,46.73326248536715
642.2,43.7918224600386
642.4,46.44143378163292
642.6,46.3253162033065
642.8,47.83623197492376
643.0,51.48614761526274
643.2,50.6950286315304
643.4,50.17778279867687
643.6,49.997353097523565
643.8,49.59216451269793
644.0,47.3971467033611
644.2,45.50737495942796
644.4,44.93228518123629
644.6,43.56026814559007
644.8,43.56275307554661
645.0,41.50274385575951
645.2,40.12477166667157
645.4,43.430022559245046
645.6,44.98836957595452
645.8,45.67550019594976
646.0,46.552122780306384
646.2,46.88977800869339
646.4,48.843972037718956
646.6,44.94370223991643
646.8,47.247701663646076
647.0,46.48950696598587
647.2,46.99616870485043
647.4,46.806020117441456
647.6,47.10334590011421
647.8,46.38209065598517
648.0,48.0019687715668
648.2,47.958809189279314
648.4,50.25999822641264
648.6,50.77968986147987
648.8,51.06429756183154
649.0,50.52981382869735
649.2,53.53299959009875
649.4,53.71917898704816
649.6,50.69721977226784
649.8,49.95093528402851
650.0,50.314915455380344
650.2,51.65194766123902
650.4,54.14259289407425
650.6,54.20072478295626
650.8,50.44551804985077
651.0,49.154827679921425
651.2,48.919609659819194
651.4,47.783354782006604
651.6,45.135529838357215
651.8,44.63191695687467
652.0,45.94633767010498
652.2,43.88083527373447
652.4,44.38481959506199
652.6,47.35645825439532
652.8,51.07702798555273
653.0,53.20384575455747
653.2,51.18855733321493
653.4,51.22732171969881
653.6,50.672824037989216
653.8,50.2780699450826
654.0,49.12581371789645
654.2,48.11579472784337
654.4,50.25784965437129
654.6,47.967563671488584
654.8,50.458270776461475
655.0,47.75015371503737
655.2,49.20950167200914
655.4,48.27194435563832
655.6,48.40496581638347
655.8,48.370389175205005
656.0,47.72659640575297
656.2,46.45169019828164
656.4,45.917000096952584
656.6,45.265860239821045
656.8,46.38583228085152
657.0,45.3076171097997
657.2,48.42335198000767
657.4,48.029588748292085
657.6,46.698112970646605
657.8,45.43124043972128
658.0,43.11324332628771
658.2,44.366404884191596
658.4,45.03759203621699
658.6,45.25387258639349
658.8,45.77043056099769
659.0,46.35800455806763
659.2,42.75475396922065
659.4,44.3837801925178
659.6,45.96639006097494
659.8,50.240744179181824
660.0,49.27344067427016
660.2,48.14215531315108
660.4,46.25963865645179
660.6,45.51747700962782
660.8,44.34768169122859
661.0,44.97686038274342
661.2,43.33997311257711
661.4,43.055737814414584
661.6,43.468753824096765
661.8,43.14874566534737
662.0,42.70472716662311
662.2,40.70870211710116
662.4,38.63326867006851
662.6,38.77703576560502
662.8,36.308741814247426
663.0,35.543482117230056
663.2,36.66524648210854
663.4,37.347648655116046
663.6,35.287458462412516
663.8,35.957872177768365
664.0,38.023173186540944
664.2,39.051068406274425
664.4,43.06903705746156
664.6,41.24467101542783
664.8,40.47958382818224
665.0,36.7030544560412
665.2,36.93417346061701
665.4,35.78943256456586
665.6,35.47231974074985
665.8,34.686265516815254
666.0,36.794977942628044
666.2,35.25432430666391
666.4,34.90529871836779
666.6,35.854188686157336
666.8,34.094330285713646
667.0,33.73626987456281
667.2,30.851263925850372
667.4,30.963322165361117
667.6,32.01166366776592
667.8,33.6062755414129
668.0,34.26454939127668
668.2,34.8943766976015
668.4,31.92524073155503
668.6,34.122621677002144
668.8,31.898314334769594
669.0,34.69936538315422
669.2,34.172732988049674
669.4,35.23100328481923
669.6,39.46115568595203
669.8,40.40729467498836
670.0,39.209301078915
670.2,41.134497251388055
670.4,41.1475185120686
670.6,37.46827060553752
670.8,39.53501390365745
671.0,38.79926188435003
671.2,40.378706410602064
671.4,39.21501409127557
671.6,39.99473703546722
671.8,40.347143720016575
672.0,42.97342360644286
672.2,40.71508184342656
672.4,43.93595835136834
672.6,42.72583885762917
672.8,41.91208121838238
673.0,42.374286898447025
673.2,46.84680888894255
673.4,44.606494653374
673.6,46.28585232453341
673.8,46.26821041698445
674.0,48.00543719894874
674.2,46.43976060450711
674.4,44.30444673563416
674.6,47.33844955041809
674.8,46.90860257458609
675.0,44.69172496559633
675.2,44.56831315491313
675.4,47.33855819749174
675.6,44.18137243091239
675.8,46.711747699961144
676.0,48.713519081872725
676.2,47.51088938743174
676.4,47.83339770583141
676.6,46.828140696982146
676.8,51.01056225588672
677.0,52.59878223455899
677.2,51.27726183213717
677.4,49.72251200633117
677.6,48.63658549614343
677.8,48.614502920028656
678.0,49.285921094779155
678.2,47.41771668616697
678.4,45.93283104539096
678.6,45.17561982972863
678.8,44.03181520115758
679.0,46.10922276336274
679.2,43.80509455488293
679.4,44.48942668727248
679.6,43.4501655858987
679.8,46.25430680721573
680.0,45.08211494169294
680.2,46.19961504129041
680.4,45.75717728728656
680.6,45.570086899404444
680.8,44.89790594524866
681.0,44.02771757267119
681.2,45.13998940757575
681.4,42.13234898334717
681.6,41.84668146240759
681.8,42.643346845395264
682.0,40.78878848271212
682.2,41.12441385418905
682.4,39.92593109558267
682.6,40.953720054226125
682.8,40.84985125837787
683.0,44.86683135569198
683.2,45.49341350820093
683.4,47.633667315858766
683.6,46.29098201681519
683.8,50.74863271819979
684.0,50.23756518719644
684.2,48.072212309371984
684.4,48.93651590903577
684.6,50.38009741255435
684.8,48.855854515732034
685.0,50.06736637887019
685.2,52.70000915787514
685.4,52.51753426586839
685.6,51.88645854424915
685.8,52.76729808816958
686.0,50.19147800482146
686.2,47.002660871886626
686.4,45.45596179255941
686.6,47.029378454337156
686.8,44.92275261944542
687.0,45.38412379336865
687.2,44.44128156437674
687.4,44.38196286564632
687.6,46.52553226552668
687.8,46.213619839419636
688.0,45.87937975302366
688.2,45.200658414441605
688.4,46.45749460211555
688.6,47.42865306415828
688.8,49.30694135475754
689.0,47.97739348951388
689.2,45.26590824277871
689.4,44.89428723276759
689.6,41.84173997365185
689.8,42.617618348227204
690.0,41.34545570151586
690.2,42.62784330008505
690.4,41.153114926753254
690.6,42.57267367285175
690.8,45.85653729715028
691.0,43.982711308976874
691.2,42.32743181937159
691.4,43.83259078132272
691.6,44.17985684455922
691.8,44.20635075693738
692.0,44.77854800252446
692.2,46.779641982002104
692.4,47.05294930636187
692.6,44.73264984956819
692.8,42.19680155767715
693.0,41.260401103420236
693.2,41.94983502687858
693.4,42.10068874263315
693.6,43.40208071097894
693.8,45.168314247138795
694.0,45.66431429320855
694.2,45.32655927940432
694.4,45.33115065807667
694.6,46.428398622341014
694.8,47.515051545420064
695.0,47.470797735994104
695.2,48.00447367876886
695.4,49.276630288961684
695.6,50.73947238543499
695.8,48.444095035078156
696.0,49.22593574998379
696.2,48.134988728740275
696.4,45.7052651093861
696.6,45.34541952576671
696.8,44.48515035373151
697.0,45.31604421526691
697.2,43.43706099690911
697.4,44.659088260530886
697.6,45.12414489003441
697.8,43.596895788495445
698.0,43.794780042518795
698.2,45.535152802037345
698.4,46.370545143311986
698.6,47.41840308215323
698.8,45.93143851091641
699.0,48.6292795046926
699.2,48.04932212005128
699.4,47.969217225682435
699.6,52.0401536443892
699.8,52.61598709955376
700.0,55.239044396583196
700.2,55.891654712368
700.4,54.824704229530425
700.6,54.18612334593229
700.8,53.58881083829602
701.0,54.035373965461915
701.2,54.45481814494297
701.4,54.749871175999225
701.6,51.06068261375042
701.8,47.545784245292666
702.0,46.351495296455184
702.2,45.38208883554987
702.4,45.618710596612935
702.6,47.67225810100379
702.8,49.280845860092086
703.0,46.14442104680953
703.2,47.35519731297586
703.4,47.65200013579613
703.6,45.64721166750121
703.8,47.34552438541553
704.0,49.581197712578195
704.2,51.15908747152213
704.4,49.0003777405679
704.6,47.6413723813545
704.8,48.32572743061634
705.0,47.48475639232703
705.2,47.5233297987327
705.4,47.75481886462674
705.6,48.20364782913275
705.8,50.37971728733073
706.0,53.009815194355255
706.2,52.59266976772304
706.4,51.83663678101218
706.6,50.17393841859036
706.8,51.61603338086916
707.0,51.3540953921287
707.2,49.28157092538668
707.4,49.01431576697641
707.6,48.15307887730163
707.8,48.04215082932962
708.0,48.32828780255984
708.2,46.211372476634025
708.4,47.03785448462235
708.6,48.81035557218861
708.8,50.70396434085932
709.0,49.52452433552267
709.2,49.1733772046694
709.4,48.1919259966482
709.6,47.8673926515149
709.8,50.2955099781931
710.0,50.86857017345497
710.2,50.93569593822224
710.4,50.973833865036426
710.6,50.62130034535639
710.8,52.17104170302342
711.0,52.978820110777576
711.2,52.34567383386871
711.4,53.54147021608733
711.6,52.23123008776806
711.8,52.00698837649111
712.0,51.98692390754621
712.2,54.105767155634325
712.4,51.71723381388006
712.6,54.41843767994971
712.8,53.69179955867787
713.0,53.94017468482262
713.2,54.54105399452349
713.4,55.71770598058701
713.6,54.525232133336765
713.8,54.874139470141955
714.0,54.206726721979656
714.2,54.594956229027154
714.4,55.8078222351883
714.6,54.75816565047472
714.8,53.19160168970477
715.0,54.87755236573156
715.2,56.89876754235581
715.4,57.513175764260836
715.6,57.90585876274024
715.8,56.88637238249302
716.0,56.87237447367745
716.2,58.71144697948316
716.4,58.61822774461855
716.6,55.18446370329379
716.8,55.523439867260606
717.0,53.26768225135629
717.2,50.96318796277462
717.4,49.963030765840756
717.6,51.81920504331012
717.8,50.71681761128318
718.0,50.66269383557132
718.2,49.279360299468856
718.4,50.02618776998645
718.6,51.02104237018118
718.8,49.91662845809297
719.0,48.70753456293259
719.2,46.30423456271453
719.4,42.0366047632345
719.6,44.6557816759873
719.8,44.854716029949756
720.0,48.157512757430645
720.2,46.76151279405942
720.4,47.9313042606215
720.6,49.786002419565456
720.8,47.87663549011978
721.0,47.21089723271547
721.2,50.102138661695506
721.4,50.497044386588186
721.6,49.09461629669587
721.8,50.12362392270077
722.0,46.71725716574696
722.2,44.2999599377187
722.4,45.08547149715099
722.6,43.03345370065803
722.8,43.18076810811722
723.0,42.612482665490575
723.2,43.99981532129934
723.4,42.73894077141755
723.6,40.508998759307424
723.8,41.006400111086315
724.0,39.76551950418876
724.2,41.07941072136736
724.4,39.75374137424626
724.6,42.06517772153431
724.8,42.431475567849965
725.0,42.452444843715575
725.2,43.6360426528454
725.4,44.503818027049945
725.6,41.93031784585355
725.8,42.081994371863864
726.0,41.21936116430022
726.2,40.40539603769929
726.4,41.37269303586221
726.6,41.62441663777437
726.8,41.98897422805459
727.0,45.719854629307534
727.2,46.83280358534403
727.4,44.90369549334773
727.6,43.81146502780077
727.8,45.18623654945975
728.0,45.20654299260364
728.2,44.757870445322034
728.4,45.64288812210896
728.6,45.92479460416839
728.8,48.65514505255285
729.0,46.895260589501255
729.2,49.07129770930407
729.4,48.289279472915794
729.6,51.86492889368558
729.8,50.56562725502065
730.0,50.79508658020928
730.2,50.66818736807629
730.4,47.60971471635246
730.6,45.81420743303511
730.8,46.3631130308426
731.0,47.10460536203793
731.2,48.13212165801076
731.4,47.102387290022335
731.6,48.30544287733854
731.8,45.804838467254065
732.0,50.111256545097305
732.2,49.592799539761494
732.4,50.288800521385895
732.6,52.70192086557415
732.8,52.03647585149945
733.0,53.66810207539717
733.2,52.69372243497738
733.4,52.09155222765752
733.6,52.78786220118217
733.8,49.51669202738084
734.0,53.00007016253166
734.2,51.58969509201023
734.4,51.31864491744898
734.6,53.34676842553105
734.8,52.992907717600275
735.0,53.13660867849123
735.2,51.088077768120215
735.4,49.76791740949065
735.6,49.963513124258114
735.8,49.90186931068522
736.0,47.68245397426934
736.2,49.85575560184558
736.4,46.20444911993022
736.6,46.05791885723727
736.8,48.473373734959495
737.0,47.15661114451845
737.2,47.21431105434779
737.4,46.4540190371395
737.6,46.17387830129064
737.8,45.76660454832292
738.0,46.325004035274695
738.2,46.36042102361037
738.4,47.111047132527034
738.6,47.214455198476244
738.8,50.15613629002981
739.0,50.352803064544965
739.2,47.076726744009775
739.4,47.44204666101392
739.6,49.9471484837322
739.8,47.66441429119589
740.0,47.89323180356039
740.2,48.3036488076379
740.4,46.48386267404844
740.6,46.74935252589506
740.8,46.68043614373478
741.0,47.85691063315994
741.2,46.23072492023062
741.4,45.54149512140448
741.6,46.1695896346291
741.8,47.58936828708221
742.0,47.06313305129922
742.2,46.219741760543556
742.4,49.111388323566565
742.6,48.40288562591533
742.8,50.665379504130186
743.0,50.37494235759611
743.2,50.887017214324416
743.4,51.43207263735252
743.6,52.429702829145775
743.8,53.19972917221287
744.0,54.20515476667081
744.2,54.70710789343897
744.4,53.52090041366936
744.6,54.24480334929815
744.8,53.29882765283642
745.0,53.385943288960775
745.2,53.953982779729856
745.4,56.07364103204891
745.6,54.76906308462666
745.8,55.378496987383166
746.0,52.984373217581364
746.2,52.44075273353461
746.4,51.58752736093475
746.6,51.28337971414142
746.8,52.38150809897367
747.0,48.76470591475392
747.2,50.868339858369225
747.4,48.71460792492744
747.6,47.03626946079651
747.8,48.90261327592601
748.0,51.621169994909536
748.2,52.037674239962755
748.4,50.765533696678375
748.6,51.6853373170158
748.8,53.53527281782348
749.0,53.45774777286462
749.2,53.68710975092861
749.4,52.270064039138504
749.6,51.267560025049534
749.8,52.16166079572319
750.0,54.7055504704833
750.2,54.032781253662414
750.4,55.0664357528154
750.6,55.02918090925335
750.8,55.208484344985976
751.0,54.05500692058926
751.2,55.63990429220193
751.4,54.9387544858779
751.6,53.1840199866219
751.8,52.970382073276305
752.0,53.76532740936263
752.2,56.556117079284796
752.4,54.02473455549448
752.6,53.405805500891965
752.8,56.81920088105259
753.0,57.625158624767614
753.2,58.667646191086895
753.4,57.811538033634335
753.6,57.43911619825185
753.8,55.01450592495218
754.0,55.244600095549934
754.2,53.78047509306765
754.4,50.96195310684265
754.6,51.36866583012971
754.8,52.26566305222637
755.0,54.39651247406853
755.2,51.049749080177804
755.4,54.68278405721286
755.6,57.48354223230923
755.8,55.29440701173789
756.0,54.414017763564985
756.2,55.952206709522976
756.4,54.06411784748565
756.6,55.758112748098725
756.8,55.37615202932868
757.0,56.10205421970037
757.2,58.067614205931264
757.4,56.70987162399819
757.6,58.4537719326207
757.8,57.31316119472575
758.0,57.172720291571785
758.2,57.18590581717051
758.4,54.87557117100163
758.6,53.66772874102323
758.8,53.2819019249673
759.0,53.747392470638424
759.2,54.29381268894626
759.4,55.76746648637548
759.6,57.4413936617689
759.8,55.70759344896204
760.0,54.31725909333621
760.2,55.15547466292705
760.4,55.99203692177135
760.6,54.15694485331354
760.8,55.461647188977835
761.0,55.613585132457146
761.2,55.14336692471228
761.4,53.43976396098465
761.6,52.32067958903099
761.8,53.265512228210994
762.0,52.394457060429474
762.2,50.70268161709712
762.4,47.661109070660174
762.6,52.697269282961
762.8,53.4625069542862
763.0,54.22432331143375
763.2,55.3750245061357
763.4,54.89732279176843
763.6,54.62169223215597
763.8,58.2573048664603
764.0,59.494680586356175
764.2,61.02314566047612
764.4,59.78352739941946
764.6,57.908535337852044
764.8,57.72330736838302
765.0,54.84480413951558
765.2,55.649961324312294
765.4,55.98258535330653
765.6,55.23152105299982
765.8,54.814104775974506
766.0,54.59345667237912
766.2,50.784257219351275
766.4,52.35995197424344
766.6,51.86216220331246
766.8,53.26775595526958
767.0,53.18499031914584
767.2,53.40630868176473
767.4,52.43051006945328
767.6,52.21557725165412
767.8,50.874729867758546
768.0,49.82710271163272
768.2,50.61750676748826
768.4,47.6174671365475
768.6,49.04476161398183
768.8,46.83941914601142
769.0,51.23209473597733
769.2,50.5345035413814
769.4,50.99104387575079
769.6,52.62388742413431
769.8,52.887181976066096
770.0,52.15999052144876
770.2,53.268339862679056
770.4,54.547824483446014
770.6,53.69470625317242
770.8,55.633504846210485
771.0,58.04215355799421
771.2,59.188224926232195
771.4,58.56031291129746
771.6,57.80295805650272
771.8,58.462347681428795
772.0,59.67173376093531
772.2,58.71259619336527
772.4,59.17069780012306
772.6,59.40277696082841
772.8,57.52304107849115
773.0,56.93805512242366
773.2,56.15908978592577
773.4,57.04899234905703
773.6,60.24918643310828
773.8,59.48089166469367
774.0,60.899516686376884
774.2,61.07801429754371
774.4,58.71741143462823
774.6,57.68575185299055
774.8,57.46459837162987
775.0,57.79188501751885
775.2,56.75748424454139
775.4,56.98737246719048
775.6,56.724588220627226
775.8,58.33121261868542
776.0,56.623585718577736
776.2,56.98940993250056
776.4,56.82682123995791
776.6,57.70961381656854
776.8,58.04729449244697
777.0,54.731694385350934
777.2,51.773690132836705
777.4,49.60336959510868
777.6,47.12822489746323
777.8,50.84049745997529
778.0,53.87808356938776
778.2,52.632805374977956
778.4,51.06139191942589
778.6,52.45560453293138
778.8,52.671376353390194
779.0,50.597332813699424
779.2,48.95969284592325
779.4,48.288325285563204
779.6,49.70226624395983
779.8,51.80573756206839
780.0,48.413803250632476
780.2,51.19403964575555
780.4,51.611806796360646
780.6,52.81732864036688
780.8,51.99141309497763
781.0,52.064918185846366
781.2,52.80336894166476
781.4,54.241200523909995
781.6,52.64783119209514
781.8,54.82670454612575
782.0,56.05429904214279
782.2,56.921530413946115
782.4,53.983975602608105
782.6,53.377807745672285
782.8,50.4365836148013
783.0,48.933876147219955
783.2,51.3766808534388
783.4,51.969549618254895
783.6,52.450740705635475
783.8,54.59703054759913
784.0,55.255798232841855
784.2,55.67838860253523
784.4,56.01141816458962
784.6,54.23976717398361
784.8,51.79172797430731
785.0,53.879825302756785
785.2,52.23103374834185
785.4,52.60413698924869
785.6,50.52925969736827
785.8,49.39852485285711
786.0,46.507173366312
786.2,49.08910025226663
786.4,49.77372922748573
786.6,51.172376555143096
786.8,47.75726319291436
787.0,49.07661693372232
787.2,49.68615932240756
787.4,51.679035574422045
787.6,51.44149409919726
787.8,50.87477949864362
788.0,51.82503894364625
788.2,53.784163970729495
788.4,53.24274755092671
788.6,53.907865183712886
788.8,53.85291435242134
789.0,52.43294736383539
789.2,50.43929388055087
789.4,47.80207512580189
789.6,47.25731202077349
789.8,48.847484448126615
790.0,48.98671307543282
790.2,46.94714496579704
790.4,45.798053135705686
790.6,45.548797244145305
790.8,46.26400503650647
791.0,46.06957735473689
791.2,47.49802431606583
791.4,48.41474704894678
791.6,51.13321043573479
791.8,49.99726760720392
792.0,50.90605445395205
792.2,51.00363108735866
792.4,53.1442285413981
792.6,54.04558103441864
792.8,54.21842527207208
793.0,49.230059238758194
793.2,48.41658317161009
793.4,51.239285718074974
793.6,47.82641481663969
793.8,45.92621536200962
794.0,46.91538318636296
794.2,46.0359121299317
794.4,45.18959626989587
794.6,43.770054389230275
794.8,44.06463100431853
795.0,42.246487424406816
795.2,42.60543127060455
795.4,43.2289390647441
795.6,43.104828822601874
795.8,44.133582073767116
796.0,41.399756687125056
796.2,40.513223460898345
796.4,42.11404769062167
796.6,41.87543171117363
796.8,39.26348946873822
797.0,38.82284193043509
797.2,39.755598472710794
797.4,40.139413598700116
797.6,41.801440260007055
797.8,42.94130273597051
798.0,46.76840924802142
798.2,45.502463221757246
798.4,45.300637175286916
798.6,47.154920378822645
798.8,48.74151374105392
799.0,48.901348577159425
799.2,49.70201037292408
799.4,49.53772499376639
799.6,45.16686036398612
799.8,45.8965459837303
800.0,43.14313190414717
800.2,44.39510205977552
800.4,45.56100866699517
800.6,42.79830742086097
800.8,44.254274183243126
801.0,44.373372201264786
801.2,44.62066828818058
801.4,44.345501895586345
801.6,44.80441415768391
801.8,43.72298663066118
802.0,43.8697150365735
802.2,42.97281214140228
802.4,43.18530376387754
802.6,43.28448980583061
802.8,43.70358786939235
803.0,49.37203278520711
803.2,50.522015059250755
803.4,49.65775598609433
803.6,47.85685708187418
803.8,45.428759101762985
804.0,47.43539494449445
804.2,50.27316193573864
804.4,51.019609911123325
804.6,54.197149613401194
804.8,52.456945179227084
805.0,49.17908738097197
805.2,51.43188532104027
805.4,51.25816513151488
805.6,46.721629685540464
805.8,44.81831004871726
806.0,43.562837067283894
806.2,47.282358463361604
806.4,48.20686720928112
806.6,48.68831507576346
806.8,46.06543434507553
807.0,46.94038802751387
807.2,46.95586274617247
807.4,48.14553818129688
807.6,47.10527604310842
807.8,46.61587769593638
808.0,45.971495195024914
808.2,46.65647336631431
808.4,48.28041378284732
808.6,47.039056961281275
808.8,46.48396697649552
809.0,45.78066107803541
809.2,42.4962099801267
809.4,42.392763255739425
809.6,41.81686365999156
809.8,41.66229476174405
810.0,39.69536783986506
810.2,39.627385078845904
810.4,42.045759185628135
810.6,42.530932899698264
810.8,44.877582859080945
811.0,43.811817635369806
811.2,43.933439887089435
811.4,44.42312634386843
811.6,43.656478603472124
811.8,46.19804937939576
812.0,46.76780220728674
812.2,47.50549713391263
812.4,48.09293049009946
812.6,45.40834217191234
812.8,47.06163586206379
813.0,45.85580363907258
813.2,45.98610817880795
813.4,43.93059015429338
813.6,43.73146000116219
813.8,46.03675950337169
814.0,47.770053176611924
814.2,47.48051356740848
814.4,47.8029889354157
814.6,50.092777877411514
814.8,48.8078014971978
815.0,51.22634186803435
815.2,49.750255564511846
815.4,48.50963824028315
815.6,49.717572364042375
815.8,50.59371730845506
816.0,50.39423420427629
816.2,48.91081843653592
816.4,48.61838177348757
816.6,49.78274946470414
816.8,46.33501804961665
817.0,48.258275467826024
817.2,50.670285145227055
817.4,50.7622066337327
817.6,54.35812986039419
817.8,52.47162915115578
818.0,50.934172426881716
818.2,51.399352067209854
818.4,50.10259011245286
818.6,51.03138493782474
818.8,50.493918125219395
819.0,49.5370853792857
819.2,51.442011098070964
819.4,49.68401341503727
819.6,50.785005254736234
819.8,49.82544975755005
820.0,50.39409334676157
820.2,52.2774179600885
820.4,51.3807561644693
820.6,52.30146026879929
820.8,52.93347935735737
821.0,50.7767618343241
821.2,50.81652309250825
821.4,51.51488080349382
821.6,51.41425944782759
821.8,51.56734905738051
822.0,51.59202473996685
822.2,50.3707789895616
822.4,51.73936905152627
822.6,52.52112781434327
822.8,52.28562668276814
823.0,49.1218400208302
823.2,49.292008785889145
823.4,48.43441103993706
823.6,47.40985976503086
823.8,45.845246793557834
824.0,47.956746790021754
824.2,47.73462260623128
824.4,48.31860513173031
824.6,49.65028122134499
824.8,48.97295715204556
825.0,48.49629855244224
825.2,46.06814615877043
825.4,45.56422283645595
825.6,43.30047913586246
825.8,42.65096840466392
826.0,41.76745472145559
826.2,39.70545571794303
826.4,41.28993339710735
826.6,41.18812229698957
826.8,41.69228260153594
827.0,42.18900037170215
827.2,41.27377524892403
827.4,41.48337120269847
827.6,42.04097943757777
827.8,42.692275024116356
828.0,42.501082530399515
828.2,43.85992121388702
828.4,42.90476297805767
828.6,43.612991111784254
828.8,41.05630740111951
829.0,42.46575260585772
829.2,41.243504811331334
829.4,42.85085457849901
829.6,40.27088440382439
829.8,40.11468953285967
830.0,40.39958684892164
830.2,39.88634431287182
830.4,36.834110798546675
830.6,35.329202998200614
830.8,37.13797758155572
831.0,35.45836834684467
831.2,34.466968115918235
831.4,35.44297025824692
831.6,38.75409866964771
831.8,39.029841101368234
832.0,38.866768765128455
832.2,39.20144039053808
832.4,40.07894007144628
832.6,41.71409621807494
832.8,43.41733456930638
833.0,46.02740020922009
833.2,46.247241362673826
833.4,48.24822563810872
833.6,48.9101976377146
833.8,48.35824142062937
834.0,47.162920764214945
834.2,46.2448603220878
834.4,45.36087727210603
834.6,44.529214647054935
834.8,42.96659145917579
835.0,44.39035412354356
835.2,44.124421442532544
835.4,44.780536885601485
835.6,45.14348460889057
835.8,47.4924959324117
836.0,46.577963592723734
836.2,46.20724966476615
836.4,47.82890805208122
836.6,45.00729182472572
836.8,42.930963038147084
837.0,41.206648436294124
837.2,41.16027281444022
837.4,43.74876035621437
837.6,47.93090363078694
837.8,49.874660987300416
838.0,49.57067112804318
838.2,49.83295427505061
838.4,49.603908978333365
838.6,46.91127132361043
838.8,47.4839199981452
839.0,43.772780601005294
839.2,41.797570007702646
839.4,40.47063810689511
839.6,39.466784234567555
839.8,39.405678707891376
840.0,38.69461545221443
840.2,39.686189439734385
840.4,39.408939927659326
840.6,39.7940396708055
840.8,39.163770632222935
841.0,38.1112113909241
841.2,38.04444857129796
841.4,38.803229254122
841.6,37.69320778011547
841.8,38.76263384548116
842.0,39.326903333488254
842.2,38.31596355712235
842.4,38.58491670508126
842.6,37.58100397820571
842.8,37.543119285618104
843.0,36.486350994588925
843.2,36.31879187044558
843.4,37.16767811533222
843.6,35.49634937317126
843.8,39.23329474773059
844.0,38.476984972457
844.2,38.803624287512754
844.4,39.06965759284267
844.6,38.02474155813992
844.8,37.74758456986843
845.0,38.53780240994191
845.2,37.436004746890795
845.4,37.404744858001195
845.6,37.61504823323656
845.8,37.488745639225385
846.0,39.136119375851685
846.2,40.302441748766014
846.4,39.06133034652187
846.6,37.68449723482993
846.8,37.65653141194578
847.0,38.7536951267616
847.2,37.051775112220355
847.4,36.62123687492362
847.6,36.61290844189465
847.8,35.79939352173992
848.0,36.975496565378414
848.2,37.590509733022714
848.4,36.28320795291507
848.6,35.458126828317276
848.8,35.35162611406366
849.0,36.92535960996671
849.2,40.28376910793305
849.4,40.34193836902393
849.6,41.109996326449156
849.8,42.08822116924178
850.0,45.38402203267693
850.2,45.02272335233093
850.4,45.86640625208133
850.6,45.11072547730964
850.8,47.976105082348056
851.0,49.88480414700427
851.2,50.56361372285059
851.4,51.96504403296067
851.6,52.398565846172545
851.8,52.672018258438825
852.0,53.38317933967106
852.2,53.983257881261785
852.4,53.76831664596501
852.6,52.164418903858774
852.8,52.23349434189579
853.0,52.504230224390575
853.2,52.66993222220745
853.4,48.86597779265045
853.6,47.35909743743175
853.8,47.266978153108006
854.0,46.329029125199554
854.2,47.41366892101789
854.4,46.52096162955893
854.6,46.93104331765727
854.8,46.13170246171145
855.0,45.409980805403805
855.2,47.95330793973796
855.4,47.890787787062095
855.6,46.56427964314397
855.8,44.15761194550878
856.0,45.43227409232485
856.2,46.4917337348074
856.4,45.25184538306914
856.6,43.58861312891729
856.8,44.16269171229268
857.0,43.747532895304985
857.2,42.97061758376432
857.4,41.93018501445371
857.6,40.7349861875726
857.8,42.06591636429158
858.0,40.424924207042345
858.2,43.20088229237211
858.4,41.14221306696592
858.6,39.78169486262408
858.8,40.035557150854515
859.0,41.54434111936135
859.2,45.23577968367302
859.4,48.302096586229325
859.6,46.95186492473785
859.8,43.61330422517611
860.0,43.462749275498155
860.2,44.21292013500117
860.4,42.27263063797263
860.6,43.66265267473562
860.8,43.73573401655075
861.0,44.458503336736996
861.2,44.35591687754353
861.4,44.704330252782114
861.6,44.579358865494456
861.8,42.94419303052492
862.0,42.36280281933641
862.2,40.933871405331956
862.4,40.54620675272151
862.6,41.22704023406751
862.8,42.103435556568385
863.0,41.138285482858066
863.2,41.22931605210103
863.4,41.0980087769038
863.6,40.42754627942487
863.8,38.60283184095759
864.0,40.45300360904318
864.2,38.66080861560144
864.4,38.83523321391712
864.6,39.926297818160016
864.8,40.94526949799481
865.0,41.12237855320827
865.2,40.177444623593146
865.4,37.446203071295734
865.6,36.82143537728548
865.8,37.94323891996147
866.0,37.39576613373136
866.2,34.63418443003492
866.4,32.32572905329701
866.6,33.89227994218452
866.8,32.98201756945959
867.0,31.301574436616626
867.2,35.33261942941265
867.4,35.76107790497162
867.6,35.22381507229008
867.8,33.23779669271652
868.0,32.72786128308794
868.2,32.5179853851085
868.4,31.792494828661454
868.6,33.977616575910446
868.8,33.718476814954855
869.0,33.38626307190408
869.2,32.99369168364147
869.4,33.92891859921084
869.6,33.76415673636017
869.8,32.60730516437745
870.0,33.78099467222749
870.2,32.342470073464156
870.4,32.61525690555171
870.6,33.147028515016885
870.8,33.92848189094051
871.0,33.51024045745029
871.2,31.84468643519743
871.4,33.12851322807222
871.6,33.679428155907694
871.8,33.42995727704566
872.0,34.589689088197275
872.2,34.49699834553919
872.4,33.77568572089317
872.6,34.74260617456545
872.8,34.06222405240389
873.0,31.153200183276763
873.2,32.30228849649898
873.4,33.725939987358664
873.6,32.59062941199102
873.8,32.63849638283281
874.0,33.27705686848557
874.2,32.69093742455495
874.4,31.44735133297091
874.6,32.10222867745056
874.8,32.37109106662561
875.0,32.63496254530139
875.2,35.53836282539575
875.4,34.99508988678448
875.6,35.83698812556981
875.8,35.03938514033935
876.0,34.170167140163144
876.2,33.53490433430736
876.4,36.11835563100614
876.6,35.48080420765319
876.8,35.90309540582479
877.0,35.161747412902564
877.2,35.04015800221612
877.4,33.62677316341466
877.6,35.213623555763625
877.8,35.332641011844835
878.0,34.58311872388639
878.2,34.646795066207304
878.4,34.27798449883521
878.6,34.7884222082118
878.8,36.280569877085775
879.0,37.27925804795615
879.2,38.46052864422067
879.4,38.445725414936895
879.6,36.468279610805496
879.8,34.777665732721616
880.0,33.28019319219003
880.2,32.90108215470497
880.4,33.63448484378758
880.6,34.63035670612425
880.8,35.67265421159375
881.0,36.844275583915724
881.2,37.703643934388595
881.4,38.135032182487045
881.6,38.24084733303155
881.8,40.71980644603918
882.0,40.05475559259519
882.2,37.53734481260642
882.4,35.81457543282752
882.6,36.57499686985258
882.8,37.056980584665425
883.0,38.46874075102193
883.2,37.32500677972058
883.4,36.18190382960382
883.6,35.290565144645214
883.8,36.11873096826278
884.0,35.79316260082428
884.2,32.90157210800714
884.4,35.07610330250063
884.6,36.174025673575
884.8,37.302119294633506
885.0,38.20236483614917
885.2,36.936187570736365
885.4,37.26637788257704
885.6,36.928497802893794
885.8,37.86418056239414
886.0,41.41586974027301
886.2,41.16462882731533
886.4,41.62987393148513
886.6,42.54953240855551
886.8,43.44942628932045
887.0,45.516309152915255
887.2,46.05309350312539
887.4,46.001109038232855
887.6,44.41412039391586
887.8,42.353829631774516
888.0,41.80645177202627
888.2,43.636521922115804
888.4,42.71929218504929
888.6,45.43685127191545
888.8,45.002180294957846
889.0,43.85683450492769
889.2,44.910291321227234
889.4,44.453348695012764
889.6,45.227766491580496
889.8,44.03380615680068
890.0,44.16059718773905
890.2,43.59601592766551
890.4,45.89491898006658
890.6,46.37320969186967
890.8,44.43131205500287
891.0,44.98599849563854
891.2,43.85247595690669
891.4,40.42040460462939
891.6,40.691724773806584
891.8,38.24304730474907
892.0,39.514562466978944
892.2,41.915509050807394
892.4,41.087947734164594
892.6,42.51264795092829
892.8,43.890462476740176
893.0,44.03332144636239
893.2,44.336060116659866
893.4,43.06731174246771
893.6,42.307661653445564
893.8,42.63461369882868
894.0,41.61884252628896
894.2,40.699325297252635
894.4,38.94784852832255
894.6,38.21528994056729
894.8,40.15791047541488
895.0,38.64685559980682
895.2,38.77957667366622
895.4,40.321997089789086
895.6,39.637857212927024
895.8,40.23098260483099
896.0,41.97705216892616
896.2,43.73214515730779
896.4,44.38252421512935
896.6,46.46106350912881
896.8,45.53862244957364
897.0,45.22622040267356
897.2,44.384130957563244
897.4,46.16170989629918
897.6,45.603310306884865
897.8,45.50186800491548
898.0,45.57652514986265
898.2,46.05750731971221
898.4,43.674074891394454
898.6,42.25098995621592
898.8,42.81273674306688
899.0,45.52257501243963
899.2,47.59983130124841
899.4,47.44449685339515
899.6,46.32949556856224
899.8,49.7402158597192
900.0,48.541753347550184
900.2,48.80776849083939
900.4,50.87018840404475
900.6,51.42775655872886
900.8,50.08554507286406
901.0,51.15026306643924
901.2,51.03223125341867
901.4,54.534307990824175
901.6,53.58343393819408
901.8,56.31998918825661
902.0,56.20738229762349
902.2,53.56660790623578
902.4,50.922346613558105
902.6,53.41465282006609
902.8,53.3647524163079
903.0,53.57715589619737
903.2,54.720447384688754
903.4,55.93677860615369
903.6,54.13930321272004
903.8,56.33106683081351
904.0,58.83342105571356
904.2,57.94072575271174
904.4,57.223805522444934
904.6,57.75503721473187
904.8,56.45222244385451
905.0,56.038608835980135
905.2,54.671596889997716
905.4,57.22797865748676
905.6,56.41291184518313
905.8,54.85144496738505
906.0,54.90948197643465
906.2,55.45846562085744
906.4,55.03961464380222
906.6,55.843700699827224
906.8,58.16461138101029
907.0,56.34753827314965
907.2,56.74961157567977
907.4,56.4125786065604
907.6,57.36495036750853
907.8,56.63771097257048
908.0,56.641932260791215
908.2,57.306941404829246
908.4,53.81646209873281
908.6,55.110277559386006
908.8,56.90047478937365
909.0,59.71292925924739
909.2,57.21279256454434
909.4,56.750823066101304
909.6,57.41483170107762
909.8,58.31756861376452
910.0,57.17493318154923
910.2,57.60543204682101
910.4,60.351723555538854
910.6,57.100149056809514
910.8,56.94359808945656
911.0,57.68149892262291
911.2,57.54597384016624
911.4,58.025403140720385
911.6,60.968802507728356
911.8,57.7065969105935
912.0,55.41786970703923
912.2,57.739954662410746
912.4,59.443423344898385
912.6,57.4678539044778
912.8,56.57151193466718
913.0,56.119813189142334
913.2,57.5340938762804
913.4,58.83427095557727
913.6,58.88557321115236
913.8,58.49439158966216
914.0,55.14412597167223
914.2,56.3989087465154
914.4,58.23767340946461
914.6,58.42682758429331
914.8,58.64052330124966
915.0,59.82052929519959
915.2,61.61823741135556
915.4,62.2335840306533
915.6,64.48826479874054
915.8,61.092569569762034
916.0,60.09305089137088
916.2,60.04597902639743
916.4,59.903880952385656
916.6,59.87620602440116
916.8,57.898309177054166
917.0,58.00664302571278
917.2,57.27194809844071
917.4,56.662122502812835
917.6,56.45350302473963
917.8,57.645049358825055
918.0,57.34699684276954
918.2,56.51354783150122
918.4,58.72240304166943
918.6,57.91487988127067
918.8,58.289745541948704
919.0,56.048840644879114
919.2,56.81268561007318
919.4,54.85905395565559
919.6,55.7655043676599
919.8,55.98310571452402
920.0,56.72068579655023
920.2,55.4094816661512
920.4,53.75857993110064
920.6,54.5945488197508
920.8,56.598392006959344
921.0,58.635415060871246
921.2,58.71049132931609
921.4,60.26627137165934
921.6,60.164683104994914
921.8,60.24936466866024
922.0,61.75318242136229
922.2,60.20625118542998
922.4,61.498545330434084
922.6,62.72722918330675
922.8,65.91100243757757
923.0,64.16972864765941
923.2,62.054278847722856
923.4,58.83732195721816
923.6,60.089714102952605
923.8,58.39934531561586
924.0,58.59374498791455
924.2,60.256844852185615
924.4,58.98661070322879
924.6,58.560373582051454
924.8,57.325812903788666
925.0,58.97171596501168
925.2,57.579812772547584
925.4,54.77437694131744
925.6,55.039286391584035
925.8,53.21744408180707
926.0,54.01892550511252
926.2,53.32989960251949
926.4,50.952743248825996
926.6,51.44682101065327
926.8,50.089424991498205
927.0,50.671702016425435
927.2,50.34365136623666
927.4,49.141528626029015
927.6,49.915340467007184
927.8,48.83148878857527
928.0,48.19419484840119
928.2,46.39010279454415
928.4,46.72380907514008
928.6,43.393257278587996
928.8,41.39650085792694
929.0,42.56798114094124
929.2,45.90167959865021
929.4,45.28367693451731
929.6,45.60513305496634
929.8,44.118366637027904
930.0,45.07396491995878
930.2,46.77028673053087
930.4,45.870246702452505
930.6,45.56305051019672
930.8,45.48467316898824
931.0,47.310082035067616
931.2,49.87978732747677
931.4,49.977138623335584
931.6,49.1078900568305
931.8,50.56465720459628
932.0,48.09100929536818
932.2,45.86393879527216
932.4,48.397038309774786
932.6,48.53994796236675
932.8,47.863272101663846
933.0,49.85948931182755
933.2,50.676396774839446
933.4,50.91311765333397
933.6,50.478697132605355
933.8,48.25495085029003
934.0,49.44608433585468
934.2,49.55730250819754
934.4,49.95757263109336
934.6,50.74202939085076
934.8,46.99280040831225
935.0,48.25534701957687
935.2,49.517543236844034
935.4,49.43877697655787
935.6,49.75523458196764
935.8,48.2895168734225
936.0,50.74818529507529
936.2,52.36364383095892
936.4,53.059183907434814
936.6,52.61419493438112
936.8,51.75973923476015
937.0,51.51855733980333
937.2,50.27321323338871
937.4,49.19612509567571
937.6,50.253683820552055
937.8,50.765325430956445
938.0,50.1420844454687
938.2,51.41768319665033
938.4,47.87794336314778
938.6,46.46528923173901
938.8,45.09304807586353
939.0,44.436092882342905
939.2,43.11955849084416
939.4,44.28811695767406
939.6,48.26894691517796
939.8,51.58005838072917
940.0,52.729116759837694
940.2,54.2763335594372
940.4,55.60640221700136
940.6,57.46577124172799
940.8,56.56620028302474
941.0,56.86502638075436
941.2,54.26313333455777
941.4,57.32412784231181
941.6,56.38243757301453
941.8,55.37655697523029
942.0,55.71010522244005
942.2,53.75290873252582
942.4,53.083694893003454
942.6,50.40041405776411
942.8,50.92345708094517
943.0,51.1887795654733
943.2,48.702090069019064
943.4,50.132905265245604
943.6,53.15301568449141
943.8,51.67315093885112
944.0,48.67030471244776
944.2,48.31324441632462
944.4,48.75082256413093
944.6,45.90446451099907
944.8,42.99703207479801
945.0,41.92571800911884
945.2,40.8552862644206
945.4,43.53995250244003
945.6,43.489140264086956
945.8,42.486159847120994
946.0,44.09514269964102
946.2,44.84955271530061
946.4,43.56613771709271
946.6,42.980452411016685
946.8,44.461902904430175
947.0,44.360861368959476
947.2,44.01671978408664
947.4,42.10417384956398
947.6,45.27828506035646
947.8,45.82331216700196
948.0,42.57848052988065
948.2,45.11257676524808
948.4,46.69723792156951
948.6,46.98724182335967
948.8,49.20952992330261
949.0,52.56773377454034
949.2,51.02584011942369
949.4,53.53971103389754
949.6,54.09180826977894
949.8,57.39696975648087
950.0,56.82052364120909
950.2,57.14251657201574
950.4,57.04403495845929
950.6,59.58523132419606
950.8,60.05559681163221
951.0,57.79403368591768
951.2,57.65002684957775
951.4,55.57780565862395
951.6,57.163008401279825
951.8,55.19649126464955
952.0,54.86954476940062
952.2,52.61701199350156
952.4,55.57798210780977
952.6,55.37886827010802
952.8,58.31504868679613
953.0,58.00142173030906
953.2,58.97859118687825
953.4,58.187555528408986
953.6,58.473355664076145
953.8,56.18634149414209
954.0,51.66520838313473
954.2,53.22240559990529
954.4,54.35226393828741
954.6,56.27699529389987
954.8,55.33829404952219
955.0,55.14366784281791
955.2,53.76066926790105
955.4,54.40295927917086
955.6,54.816542764797674
955.8,55.35895668123992
956.0,51.356893186028394
956.2,51.10613002520984
956.4,52.44949259017712
956.6,51.70535068658179
956.8,49.92850793727855
957.0,49.357895582967174
957.2,48.3594531773792
957.4,47.236596584394846
957.6,47.062156983279294
957.8,46.27621205762353
958.0,48.24466058560351
958.2,47.44080076235651
958.4,45.33968814597643
958.6,46.34003542992262
958.8,45.41515778627425
959.0,43.9196353371145
959.2,41.66009350989121
959.4,43.06691189527342
959.6,42.90271866224486
959.8,43.816734723214246
960.0,46.78045476211959
960.2,46.47067040550855
960.4,47.703693474298206
960.6,48.21052835781372
960.8,48.77215244597605
961.0,48.998413052158256
961.2,48.31908664773878
961.4,47.29789914894049
961.6,48.800828835940926
961.8,51.61848345604051
962.0,49.86592242990994
962.2,50.79279993841318
962.4,52.281078957605224
962.6,52.17496082108713
962.8,53.631074225438915
963.0,53.704152704454096
963.2,51.7030192529129
963.4,49.86466350260673
963.6,50.227396891808844
963.8,50.10365054020199
964.0,48.718235704087924
964.2,49.61833119896279
964.4,51.734076885528125
964.6,49.2344407272304
964.8,45.13089166476931
965.0,45.25097004095747
965.2,45.66245416334767
965.4,45.3355941418425
965.6,45.134859023905136
965.8,43.86529642199331
966.0,44.702329216889936
966.2,46.257268277714125
966.4,48.941203360452484
966.6,48.11044319134693
966.8,47.37526351959126
967.0,48.56491024011801
967.2,48.9305592655894
967.4,51.03489241807
967.6,52.23106678575473
967.8,51.13239016692855
968.0,49.25976004395595
968.2,48.86536455440443
968.4,48.93569405482261
968.6,45.849247431093254
968.8,46.81941827241477
969.0,43.30099295434444
969.2,43.05072921783555
969.4,44.77519136056917
969.6,44.76120240086801
969.8,45.55347489017775
970.0,45.788941239643115
970.2,47.34824342813897
970.4,49.626686407886226
970.6,48.19043105405711
970.8,46.12054268765756
971.0,47.63686104926307
971.2,48.64828898526589
971.4,48.859863917557355
971.6,49.12041055209031
971.8,50.252228751182024
972.0,48.41716749661938
972.2,48.712549745725504
972.4,47.382989117898006
972.6,46.46746713406592
972.8,46.078125335036646
973.0,48.59052720884182
973.2,49.94803270409827
973.4,49.98472310817717
973.6,48.290530882060814
973.8,46.83174615139145
974.0,46.019922883689574
974.2,45.45248369397696
974.4,45.49641106261081
974.6,46.33461970681138
974.8,49.71885429338037
975.0,48.510680154341166
975.2,50.0431344219373
975.4,50.51029310587991
975.6,52.99482306176681
975.8,55.17161944327938
976.0,49.89947665069515
976.2,53.23132358519639
976.4,51.26358604377222
976.6,53.61229320546836
976.8,54.94638879062905
977.0,53.663097811436955
977.2,52.369669006153224
977.4,51.62514922382043
977.6,51.7196540828042
977.8,51.76639961985088
978.0,49.907007813175696
978.2,48.77727326512108
978.4,52.2985682463684
978.6,51.364882637084705
978.8,51.31947742118796
979.0,51.39801359455477
979.2,51.46804192290071
979.4,49.56336804673615
979.6,51.807833009073136
979.8,48.69119222426576
980.0,48.251625198342424
980.2,50.99223718005839
980.4,50.135229363256414
980.6,48.89545326388319
980.8,50.41787239380487
981.0,53.44289780334264
981.2,51.93455891897582
981.4,52.93248892574517
981.6,50.64821232856942
981.8,53.47967821089547
982.0,52.36686007624649
982.2,49.11931744421929
982.4,50.16250799162633
982.6,47.77723547842773
982.8,47.374525622348045
983.0,50.17748225326063
983.2,48.58987559787365
983.4,50.61678653592169
983.6,49.42292158645856
983.8,47.82967139154317
984.0,48.04715840527153
984.2,47.85828542751879
984.4,48.82693480293696
984.6,46.611660351123724
984.8,48.40956912482747
985.0,50.41621296645805
985.2,48.191455412678295
985.4,48.3394342767781
985.6,49.042664202676164
985.8,50.667111225008874
986.0,49.55499094449468
986.2,50.49924156639651
986.4,49.26278416853985
986.6,47.75247812762597
986.8,47.692634330521095
987.0,51.45541145062943
987.2,49.10766267323383
987.4,48.43361077880147
987.6,48.444777864312854
987.8,50.08961231447274
988.0,50.88370737088973
988.2,48.79526404009107
988.4,50.423049449098755
988.6,50.09659638581276
988.8,52.862382395383854
989.0,53.675456080342414
989.2,50.967640958263644
989.4,50.78038921931487
989.6,51.40107198235553
989.8,48.6448449407781
990.0,50.44247137916977
990.2,49.440393060934355
990.4,49.91591659824301
990.6,47.84815812203978
990.8,46.24012374023836
991.0,44.14725161067012
991.2,43.79907351051297
991.4,43.02594011585906
991.6,45.61917005293887
991.8,44.999295793794246
992.0,45.08961029262717
992.2,44.57481672810331
992.4,45.0260404948649
992.6,44.65634248131784
992.8,44.61046587334074
993.0,41.300922364154324
993.2,42.55308146538653
993.4,43.50725689746309
993.6,42.373351304387484
993.8,40.765879785416466
994.0,38.682632337582575
994.2,39.45533872592626
994.4,41.15657097894841
994.6,41.4957408163616
994.8,39.34367689548835
995.0,39.97004463973515
995.2,40.006890035323636
995.4,40.63748976061805
995.6,41.108044040497845
995.8,40.67983985196125
996.0,41.432072732231845
996.2,41.49735728802619
996.4,40.7760982914926
996.6,41.271257105523404
996.8,41.70782887592491
997.0,42.0823191209667
997.2,40.05184074945953
997.4,40.7395770441066
997.6,41.85603750683362
997.8,42.36144535349213
998.0,44.430107679647364
998.2,41.73357994851352
998.4,41.511119582167254
998.6,38.81872298524432
998.8,39.5729111218973
999.0,41.32696858623532
999.2,42.302390544138646
999.4,42.840631538828895
999.6,43.81924279863499
999.8,42.515107754337464
1000.0,44.48196356207865
1000.2,42.6221340405489
1000.4,40.572717455627334
1000.6,38.47531752080168
1000.8,34.26860325430193
1001.0,33.85402375174153
1001.2,33.88676443466795
1001.4,33.966019709391134
1001.6,34.26466298948555
1001.8,33.2480094122652
1002.0,34.109335714313694
1002.2,35.7830348668119
1002.4,39.29450509637055
1002.6,39.976521910761754
1002.8,39.47176420744861
1003.0,39.23586986415813
1003.2,37.88390461398237
1003.4,36.68261829244091
1003.6,38.61953527526532
1003.8,40.745848089268364
1004.0,39.14159868273406
1004.2,39.31851753396004
1004.4,37.49652180325797
1004.6,39.22583411036095
1004.8,41.08665074329145
1005.0,40.50798851683623
1005.2,40.182315770570966
1005.4,41.66134519126146
1005.6,42.94513215217246
1005.8,41.93023819080763
1006.0,44.60039390581823
1006.2,41.208416688914795
1006.4,41.27119441345169
1006.6,38.379542478739324
1006.8,38.60391703098446
1007.0,39.666414287944946
1007.2,40.039644798982586
1007.4,38.259288844344994
1007.6,38.64777514810424
1007.8,40.53261301776918
1008.0,39.465025830987585
1008.2,39.82126277180344
1008.4,38.62783314209851
1008.6,39.31018661722041
1008.8,39.92528631983929
1009.0,37.19844668749602
1009.2,40.367471738139656
1009.4,41.812041106720564
1009.6,40.26488741031738
1009.8,38.153007315110614
1010.0,38.41944204043523
1010.2,38.482911235805254
1010.4,36.66357010199765
1010.6,38.632148624959015
1010.8,39.105049470669954
1011.0,39.400107898960414
1011.2,38.792952749462906
1011.4,37.90367671457829
1011.6,35.678385844130204
1011.8,36.727540806708475
1012.0,36.33174064439948
1012.2,35.4717653863411
1012.4,39.74956229942771
1012.6,39.948256068552496
1012.8,37.160674852711495
1013.0,36.5818419637482
1013.2,36.502046064991056
1013.4,37.86273184011574
1013.6,38.077933777048244
1013.8,40.642219399375115
1014.0,41.60945881413063
1014.2,42.83961157115485
1014.4,42.65956545237151
1014.6,40.91620580409888
1014.8,42.25050618512966
1015.0,39.16807406592558
1015.2,39.49298623394361
1015.4,38.93770942739362
1015.6,38.846083944304596
1015.8,38.524281678827485
1016.0,39.60491500114805
1016.2,35.11561313354841
1016.4,33.42232586033953
1016.6,34.021192756032605
1016.8,34.79869377981342
1017.0,34.40280556911979
1017.2,37.010863547495354
1017.4,38.01284189982026
1017.6,37.20271261449028
1017.8,36.31383910072927
1018.0,35.33968749009876
1018.2,39.240739431936014
1018.4,37.677528679590985
1018.6,37.355710014637246
1018.8,36.82474197278678
1019.0,36.49741727960178
1019.2,35.35546827708567
1019.4,35.60870209627334
1019.6,37.02263714961669
1019.8,38.620614700673464
1020.0,38.10777694128407
1020.2,38.13889494027103
1020.4,36.87764424012253
1020.6,36.570163074467125
1020.8,33.51696706507026
1021.0,34.3705490610043
1021.2,35.202135364932154
1021.4,34.310698988006195
1021.6,34.8897003133811
1021.8,33.72064068414011
1022.0,32.70136088618524
1022.2,34.253151158895044
1022.4,33.25950521322802
1022.6,33.160185607575784
1022.8,33.60712951901245
1023.0,35.1745101616705
1023.2,34.80227713440607
1023.4,34.29826390263008
1023.6,32.82285101565691
1023.8,33.157545117669606
1024.0,32.90732960416046
1024.2,32.85297556139449
1024.4,34.34367826488062
1024.6,35.32535645858978
1024.8,35.82354916744174
1025.0,38.600080595872356
1025.2,38.950187492200854
1025.4,37.70338188700966
1025.6,38.669224129859636
1025.8,34.19782820283406
1026.0,35.10425541210002
1026.2,36.179368971355366
1026.4,35.000484252769056
1026.6,35.70803327908016
1026.8,34.75648626390981
1027.0,31.799321174321076
1027.2,34.02161881282662
1027.4,35.87927408849697
1027.6,34.42323517129338
1027.8,33.394823172152414
1028.0,32.59485162420825
1028.2,31.954969494930772
1028.4,32.2359795955474
1028.6,34.48380987866052
1028.8,34.9610226104626
1029.0,35.93427780265674
1029.2,38.87719740233433
1029.4,40.45838305126537
1029.6,40.38256221454638
1029.8,39.73816238362329
1030.0,40.90601281841796
1030.2,41.555447936679315
1030.4,42.29903193885012
1030.6,40.988734975855586
1030.8,42.20418064289375
1031.0,41.546093674255076
1031.2,40.661783065948384
1031.4,40.580734081559065
1031.6,39.91152471239525
1031.8,40.239929752299766
1032.0,39.99914806219332
1032.2,39.603440973421755
1032.4,40.347979396866336
1032.6,40.071000129844734
1032.8,38.36655066676578
1033.0,38.2157325434115
1033.2,37.46379441479723
1033.4,37.996235921107115
1033.6,39.17102878256443
1033.8,41.24355664424609
1034.0,43.90725005361873
1034.2,43.10138287562779
1034.4,42.1494071060668
1034.6,42.095443377685164
1034.8,42.699930736784
1035.0,41.417976267107896
1035.2,44.995590903073605
1035.4,43.28169906256984
1035.6,45.08779141587995
1035.8,46.15835079617254
1036.0,43.94249611670012
1036.2,41.92199082454012
1036.4,41.9907462025656
1036.6,44.23055374197936
1036.8,43.21530730006443
1037.0,45.112131049083374
1037.2,45.753027605389846
1037.4,46.279418394903956
1037.6,46.98814155821347
1037.8,46.939988236048926
1038.0,46.73229365857927
1038.2,46.08822277932507
1038.4,46.81915246024899
1038.6,47.20849958928334
1038.8,47.446890784624415
1039.0,49.13087835970538
1039.2,50.509188423804744
1039.4,49.340599876326394
1039.6,51.31966986713199
1039.8,50.30937085409449
1040.0,49.408636417023914
1040.2,47.05181898682014
1040.4,47.58042575721517
1040.6,48.027848494000324
1040.8,47.12949894575785
1041.0,45.50177290769749
1041.2,43.94784262130986
1041.4,45.30045220100756
1041.6,44.65483911283377
1041.8,44.375160831566404
1042.0,42.477941130896895
1042.2,42.27462659779269
1042.4,41.995611659809114
1042.6,43.30202099347605
1042.8,47.145732159412646
1043.0,44.53423195762746
1043.2,44.1972877174788
1043.4,41.65817529144909
1043.6,39.89437120483973
1043.8,39.63730058514097
1044.0,42.58644092875702
1044.2,41.106276772098376
1044.4,42.41218281862558
1044.6,40.35392505212486
1044.8,40.57949946613088
1045.0,40.50433059221778
1045.2,39.81876193458125
1045.4,40.70581640206185
1045.6,41.800862208262956
1045.8,41.98980153608237
1046.0,39.73479609888469
1046.2,40.56156429706411
1046.4,40.768111553871485
1046.6,41.07146676358131
1046.8,41.26129090341184
1047.0,40.89848959275678
1047.2,42.427538065620524
1047.4,44.053085661425484
1047.6,47.03407718317223
1047.8,46.99471223412441
1048.0,42.280686273288
1048.2,42.7112303238476
1048.4,41.404439237448315
1048.6,39.559446674983796
1048.8,41.369865963289115
1049.0,42.2742542960193
1049.2,41.52117042141828
1049.4,39.023334006386975
1049.6,36.868361032919964
1049.8,35.9013712338004
1050.0,38.05024033856122
1050.2,37.13840455383217
1050.4,36.60126382807797
1050.6,35.28285101791878
1050.8,34.91778944557375
1051.0,35.84644468649601
1051.2,36.75389257348998
1051.4,37.176936266787685
1051.6,35.05980908052314
1051.8,38.115312045916106
1052.0,36.72968134613349
1052.2,36.17403775366002
1052.4,37.17759283550086
1052.6,36.425036553622135
1052.8,36.49186053054909
1053.0,36.40297555879124
1053.2,34.92544172816786
1053.4,32.63736469635228
1053.6,31.066741300894016
1053.8,34.09594034344891
1054.0,35.774289542598545
1054.2,32.91582069328409
1054.4,35.27483586998802
1054.6,36.34348582834858
1054.8,36.35249898635873
1055.0,35.51317783905404
1055.2,36.47106891626189
1055.4,35.31077344733709
1055.6,34.36644563074533
1055.8,36.60903618471658
1056.0,35.25497977208892
1056.2,37.363152560741845
1056.4,38.45342577049585
1056.6,38.25595638120829
1056.8,40.25428112495742
1057.0,40.67872483860693
1057.2,38.89486823979011
1057.4,39.90674167635431
1057.6,40.64268454945587
1057.8,42.523414080181865
1058.0,41.14161037378618
1058.2,41.52067660790089
1058.4,39.709191920813254
1058.6,38.43559855426042
1058.8,37.90324737356785
1059.0,39.70376425832156
1059.2,40.58765165592554
1059.4,38.170786056342976
1059.6,36.60490751856752
1059.8,35.820268162987134
1060.0,35.583132187310376
1060.2,36.15845233524448
1060.4,37.624880100973115
1060.6,38.44281061534824
1060.8,40.660478664939475
1061.0,40.595842492913505
1061.2,42.000133091053364
1061.4,43.008146665166784
1061.6,43.392709656991215
1061.8,43.04863654907666
1062.0,44.72655043852926
1062.2,46.21978857303568
1062.4,47.77531138860652
1062.6,47.359074210431665
1062.8,51.213079660927306
1063.0,50.87986818601598
1063.2,49.68185812214454
1063.4,49.18017163121219
1063.6,51.352880979296714
1063.8,50.411062502761084
1064.0,49.409832484993984
1064.2,49.52569252593739
1064.4,51.37273615752729
1064.6,52.650769556729536
1064.8,51.61271908738325
1065.0,52.38550515662679
1065.2,48.61594403495236
1065.4,48.8626644128542
1065.6,46.93068934231637
1065.8,45.43378252390974
1066.0,45.29245794807852
1066.2,45.20847885003931
1066.4,44.05989411957667
1066.6,46.7892931623451
1066.8,47.33421147454252
1067.0,45.02729100140939
1067.2,46.36942496829707
1067.4,44.526304120288394
1067.6,44.80016663578322
1067.8,44.73320233613302
1068.0,44.27376530899484
1068.2,43.763416147955205
1068.4,44.02798941637361
1068.6,42.071476766051916
1068.8,40.900256669706735
1069.0,42.22977892273961
1069.2,43.09317867337163
1069.4,43.79490313112714
1069.6,44.429774510664814
1069.8,46.7639680688561
1070.0,46.76289853639016
1070.2,45.73297967084592
1070.4,45.67560293248491
1070.6,45.11440239429056
1070.8,42.37521455723612
1071.0,41.08642907365648
1071.2,41.78929146496703
1071.4,40.6530066196106
1071.6,40.574128738953206
1071.8,42.169215254322296
1072.0,43.48948590534681
1072.2,44.37401705119317
1072.4,44.22201323332941
1072.6,47.410855511291004
1072.8,47.08236850586613
1073.0,47.78334764544653
1073.2,47.28751761930326
1073.4,45.63512722920022
1073.6,47.13313691199885
1073.8,46.794874365560865
1074.0,48.173605177
1074.2,50.19821650718988
1074.4,51.46940335522579
1074.6,52.03444432015083
1074.8,51.29798595198157
1075.0,50.44283677680489
1075.2,49.71780349105223
1075.4,51.028625220898135
1075.6,47.621139228108646
1075.8,48.24413215579536
1076.0,46.27915843699107
1076.2,46.3049335283672
1076.4,45.83914223946904
1076.6,48.295353716546245
1076.8,48.66117682415731
1077.0,45.52871100062112
1077.2,43.89666932632528
1077.4,44.86732862040392
1077.6,47.10738626656054
1077.8,46.40220375521427
1078.0,44.10608881925705
1078.2,44.71775498732459
1078.4,46.00434983477537
1078.6,45.58388414264515
1078.8,45.53454993868247
1079.0,43.03611257001815
1079.2,43.39268063426359
1079.4,44.90787910639027
1079.6,44.797640939387676
1079.8,43.67537348181465
1080.0,43.554695252396776
1080.2,45.28057935020635
1080.4,45.26095620967343
1080.6,47.14469294163314
1080.8,48.14685850145509
1081.0,50.43243081052972
1081.2,47.666172882193685
1081.4,47.945700712310924
1081.6,45.2715266318327
1081.8,43.90613392091859
1082.0,43.70287823542932
1082.2,46.47455921300703
1082.4,44.54659650008789
1082.6,42.353378122907166
1082.8,44.05367172341771
1083.0,46.91874757873283
1083.2,45.15910376415349
1083.4,44.15826875664115
1083.6,44.15360733021184
1083.8,43.063571495369445
1084.0,43.864992164338055
1084.2,43.63573105655996
1084.4,42.012978789436744
1084.6,38.70778971437569
1084.8,38.39266827352227
1085.0,40.234589651362135
1085.2,39.71125288778872
1085.4,39.64640868203051
1085.6,41.21055513308127
1085.8,41.02824213373218
1086.0,44.66298582343944
1086.2,44.46662949781822
1086.4,42.77857347754113
1086.6,45.01918044468784
1086.8,45.03579388836947
1087.0,46.05689230677334
1087.2,44.96850328809145
1087.4,42.276742090755974
1087.6,41.17127793483589
1087.8,43.08096517849893
1088.0,42.733221679609656
1088.2,42.49200713449366
1088.4,41.200967094070194
1088.6,38.58230548189194
1088.8,38.498975390475934
1089.0,40.85490938420684
1089.2,36.572893153398624
1089.4,36.743371542855655
1089.6,36.74462192963674
1089.8,37.298583194448376
1090.0,36.021864136429585
1090.2,38.09009688923825
1090.4,39.89682778319599
1090.6,39.583778929962584
1090.8,39.506362477723286
1091.0,41.10490781839304
1091.2,40.263599746410314
1091.4,40.88520530365934
1091.6,41.04010604958684
1091.8,39.535523532661
1092.0,40.67314213742957
1092.2,42.4500889525889
1092.4,39.193424748971694
1092.6,37.77640053618359
1092.8,40.06194099451359
1093.0,41.87456047812865
1093.2,41.14593895312404
1093.4,43.40436243569084
1093.6,42.20584194638096
1093.8,43.728057718284305
1094.0,44.690610459034616
1094.2,47.7268077543301
1094.4,47.757185434366
1094.6,46.88672562928986
1094.8,46.72382584606115
1095.0,46.31258766161917
1095.2,46.9876744311008
1095.4,45.569312415948815
1095.6,46.53973114045783
1095.8,48.3459325873742
1096.0,48.45386007056122
1096.2,48.358502317488224
1096.4,48.84578799035221
1096.6,46.9080424532188
1096.8,48.81595608194374
1097.0,51.16270957268717
1097.2,48.13667056343414
1097.4,46.58750724511605
1097.6,47.57369015771039
1097.8,46.67907559607993
1098.0,42.9268794604921
1098.2,41.61451543378967
1098.4,45.10402124111796
1098.6,45.0044513299366
1098.8,44.91617136581383
1099.0,43.74882715868954
1099.2,44.65245813062114
1099.4,44.38589440763173
1099.6,45.173469871583194
1099.8,42.985402573868484
1100.0,44.21185662214738
1100.2,44.83442936219816
1100.4,44.72485833846832
1100.6,46.23580375346572
1100.8,43.66770745944369
1101.0,42.93221248481294
1101.2,42.87599223533762
1101.4,44.502481625383325
1101.6,43.790449585203284
1101.8,42.93947411527508
1102.0,44.76010028191248
1102.2,49.32866381584428
1102.4,49.30545506017843
1102.6,48.190154388793175
1102.8,49.43210513221327
1103.0,50.87579955782527
1103.2,50.64359994384594
1103.4,52.82574116395363
1103.6,52.2004089336141
1103.8,52.51780686256826
1104.0,51.61302139627483
1104.2,50.24603533908844
1104.4,49.18772145513457
1104.6,53.05515565751443
1104.8,54.28831774191507
1105.0,52.091385121370436
1105.2,52.67779050958201
1105.4,52.874746950585646
1105.6,54.22381136700888
1105.8,56.51225180156651
1106.0,56.76757421635052
1106.2,56.77340222862423
1106.4,55.70867118422461
1106.6,55.52152805998549
1106.8,55.30241102761603
1107.0,54.72312154445533
1107.2,55.306487459544364
1107.4,55.07200560963832
1107.6,57.48798454778193
1107.8,59.35560351275193
1108.0,57.448731823066694
1108.2,58.93399538051912
1108.4,58.53996738239051
1108.6,58.75015944769795
1108.8,57.99426912696643
1109.0,60.90809286431878
1109.2,58.53994137779844
1109.4,59.48224760153878
1109.6,59.84687714248186
1109.8,59.36524877467515
1110.0,59.16027788832348
1110.2,57.96047194605444
1110.4,55.84045983358841
1110.6,55.747607752098716
1110.8,56.314101838494956
1111.0,54.79558837912721
1111.2,54.0316096145856
1111.4,53.33757928648324
1111.6,54.632208128014305
1111.8,55.28064760063835
1112.0,52.59131458397147
1112.2,50.22206885102066
1112.4,49.8228624912386
1112.6,48.3860680825354
1112.8,48.52131999899924
1113.0,49.158742539952996
1113.2,50.14833674889057
1113.4,49.74212916852477
1113.6,47.472506756855644
1113.8,48.262960668041615
1114.0,52.15580668689721
1114.2,53.519603202075714
1114.4,52.1536932253876
1114.6,50.633642466083906
1114.8,52.11027885534755
1115.0,55.49640485919732
1115.2,57.511304853123384
1115.4,56.12526314994979
1115.6,57.12989655537895
1115.8,54.47932154631104
1116.0,56.020594998732456
1116.2,54.78258620364562
1116.4,54.34938856955124
1116.6,55.40708201838372
1116.8,54.42742506247335
1117.0,55.53444492803601
1117.2,55.18784479714838
1117.4,53.08689848542095
1117.6,52.03760022493897
1117.8,53.47524483056202
1118.0,52.51323547328138
1118.2,51.868053420119224
1118.4,53.427895079832226
1118.6,54.77547924246284
1118.8,52.63246204572528
1119.0,55.5192025594316
1119.2,57.750843881641046
1119.4,57.640927349140576
1119.6,55.15227845037443
1119.8,54.52411308299355
1120.0,55.31250865525172
1120.2,56.4335042105798
1120.4,53.67379045441127
1120.6,51.11092909022532
1120.8,50.32970718576702
1121.0,51.1006718584921
1121.2,49.576681366112496
1121.4,49.040300040014216
1121.6,48.186461242260364
1121.8,49.39985713468018
1122.0,49.987244803170334
1122.2,51.508847334514975
1122.4,52.99781746071956
1122.6,55.08037421836549
1122.8,52.32609434197596
1123.0,52.796040378357716
1123.2,51.65583604011694
1123.4,48.80722879201252
1123.6,51.33539385479571
1123.8,54.20498442574636
1124.0,54.94692969642323
1124.2,54.81676294588092
1124.4,55.05770759260088
1124.6,54.93445021804148
1124.8,53.86191185432634
1125.0,54.67378424522981
1125.2,52.57546283001205
1125.4,54.24746168627757
1125.6,54.80221402909672
1125.8,54.576477497539045
1126.0,53.39943672400508
1126.2,50.96572177449652
1126.4,48.682468556692065
1126.6,51.60867044776917
1126.8,51.164232845260706
1127.0,47.91621415503802
1127.2,45.94235540208867
1127.4,46.82589886894114
1127.6,48.51973714940976
1127.8,47.605014462739845
1128.0,48.37906675611129
1128.2,49.19861453805416
1128.4,47.33130355429245
1128.6,47.591958597140184
1128.8,47.45800239691845
1129.0,46.139319158720696
1129.2,46.974324797051814
1129.4,48.985245492649305
1129.6,49.534824671629
1129.8,51.47194922358214
1130.0,50.622900033845404
1130.2,48.77118578261801
1130.4,47.32604195288842
1130.6,47.125121676456196
1130.8,48.55553778444183
1131.0,47.77867769308918
1131.2,47.17446715038285
1131.4,46.9176923853226
1131.6,47.528826456441024
1131.8,48.613874739605535
1132.0,49.87403068158883
1132.2,48.74149623360809
1132.4,48.231808671016026
1132.6,47.80403251658414
1132.8,48.70893272011053
1133.0,50.5398131810136
1133.2,52.06673533301979
1133.4,52.58895102031413
1133.6,54.818027915227276
1133.8,54.88299481705312
1134.0,55.35033448337782
1134.2,53.02665081137198
1134.4,55.05341496491644
1134.6,56.04933117783724
1134.8,55.04787570344093
1135.0,55.5854264960966
1135.2,56.65174097506763
1135.4,58.03618511294688
1135.6,57.21259223399939
1135.8,57.84156755885996
1136.0,57.57764987912441
1136.2,56.37014756063489
1136.4,55.33081814788024
1136.6,55.92617389281472
1136.8,54.27274763725235
1137.0,55.373563531228484
1137.2,55.163484692769735
1137.4,56.576835854561295
1137.6,55.81025586551958
1137.8,55.767210553333804
1138.0,54.965717992666505
1138.2,57.41149376407404
1138.4,55.84278278486749
1138.6,55.8037280843037
1138.8,55.975774351145844
1139.0,56.082825325810916
1139.2,57.54064014190355
1139.4,56.756311477221814
1139.6,57.375152806950595
1139.8,60.756251629442
1140.0,57.655546327169816
1140.2,57.22872025878222
1140.4,56.23192085969609
1140.6,55.9998841804331
1140.8,55.747309664561506
1141.0,54.45473543140139
1141.2,53.93155756132964
1141.4,53.247173588453464
1141.6,53.41474465212066
1141.8,52.98559653463037
1142.0,52.3212572096936
1142.2,51.293618068056894
1142.4,51.62932122748312
1142.6,50.29825971862007
1142.8,49.60562564215785
1143.0,48.64235585534353
1143.2,50.20308583403391
1143.4,49.93230913937001
1143.6,47.00985977220142
1143.8,47.445564510095444
1144.0,46.353159121487494
1144.2,47.35114329171538
1144.4,46.720264689659565
1144.6,48.63442745369751
1144.8,50.15299257259684
1145.0,51.36707227033166
1145.2,50.205236417845285
1145.4,50.768457934072096
1145.6,53.206362916603865
1145.8,53.044621862346126
1146.0,51.838153897538916
1146.2,55.20813106809967
1146.4,53.17598454795747
1146.6,54.772058998983056
1146.8,58.0382684190531
1147.0,58.50079778979378
1147.2,59.328570907062925
1147.4,59.16856608040014
1147.6,58.491429072005076
1147.8,61.83081768399158
1148.0,60.41480493695761
1148.2,60.99762243536596
1148.4,62.25949939370907
1148.6,61.9169834788415
1148.8,60.675162172723006
1149.0,58.54472616525012
1149.2,56.86989276507284
1149.4,58.28492603038477
1149.6,53.1238301854179
1149.8,51.979422818119204
1150.0,55.124089756174826
1150.2,50.01281191085631
1150.4,51.181417267926115
1150.6,51.49167488162624
1150.8,50.19952114915654
1151.0,51.387418959562055
1151.2,51.67135099986156
1151.4,50.63921762225328
1151.6,50.739521072424026
1151.8,50.06020662378688
1152.0,50.38866341440163
1152.2,49.14776440235558
1152.4,47.30448641016744
1152.6,45.34603984143174
1152.8,45.51569087023803
1153.0,49.0641909044626
1153.2,50.75220439631422
1153.4,49.11634158875596
1153.6,49.458721055189926
1153.8,50.00542213284774
1154.0,50.69150185032286
1154.2,50.100463472868995
1154.4,47.877002932231896
1154.6,48.075305188809175
1154.8,47.54173574647646
1155.0,46.56513841873804
1155.2,47.372520740429806
1155.4,47.27359737264536
1155.6,45.3198436927935
1155.8,45.48223752472786
1156.0,46.98285402978481
1156.2,43.70355396701428
1156.4,42.19188957396213
1156.6,41.74042858306953
1156.8,41.27087805618336
1157.0,39.52961813158201
1157.2,39.19951680353582
1157.4,41.80015145756313
1157.6,43.41271567244377
1157.8,44.30482602807133
1158.0,44.795269225590026
1158.2,44.453553201609644
1158.4,42.649378128572835
1158.6,46.07401085045864
1158.8,46.00187404930466
1159.0,44.37852919855251
1159.2,44.68993782784306
1159.4,44.876115175335826
1159.6,42.339429530282075
1159.8,44.02937736430326
1160.0,45.144924798108555
1160.2,44.78575152792452
1160.4,42.7987750397861
1160.6,43.83623310623739
1160.8,43.964636832074945
1161.0,41.65181097312435
1161.2,41.922918273759386
1161.4,43.34068637273169
1161.6,39.694042306049454
1161.8,37.80085982623108
1162.0,37.57728569050291
1162.2,37.74718100280647
1162.4,39.508377202464914
1162.6,36.64563064984734
1162.8,38.31771383238719
1163.0,38.09966835655239
1163.2,38.07794622903107
1163.4,39.751200981207106
1163.6,39.590100446543616
1163.8,36.919232202188276
1164.0,38.4754194490207
1164.2,37.012094994155845
1164.4,39.19636420195695
1164.6,38.15684944702528
1164.8,39.67738370126338
1165.0,37.7880903254236
1165.2,35.88771488451196
1165.4,37.283261041654704
1165.6,38.67284896570989
1165.8,41.41474413889406
1166.0,43.526385568482
1166.2,44.15136696516175
1166.4,43.72391113851396
1166.6,44.45798573091051
1166.8,44.724514551647445
1167.0,45.72196440459916
1167.2,43.9887000865628
1167.4,48.4739890651131
1167.6,49.16685653082979
1167.8,46.70447711347474
1168.0,44.11596052098127
1168.2,42.779825747325035
1168.4,44.0790336482658
1168.6,42.0196433372304
1168.8,40.95437529032239
1169.0,41.007445185273966
1169.2,41.67126477226596
1169.4,40.72749476895432
1169.6,42.99434479430868
1169.8,43.27560734001586
1170.0,42.95868075144498
1170.2,43.515021443432175
1170.4,44.356128958703735
1170.6,39.83729594614029
1170.8,41.74980923734208
1171.0,44.15881546363608
1171.2,43.164484119891675
1171.4,43.17404269247962
1171.6,43.56136179363133
1171.8,42.91826864707655
1172.0,40.5082143547811
1172.2,42.27880354391418
1172.4,39.21356217984307
1172.6,39.15601082846128
1172.8,38.54650390239982
1173.0,38.05815421975355
1173.2,38.719948384961825
1173.4,38.51442123158979
1173.6,37.08458220997003
1173.8,35.44947704385612
1174.0,40.326589704266624
1174.2,44.118894742823585
1174.4,44.512659347466084
1174.6,46.19938987850511
1174.8,44.10832242869055
1175.0,42.69995749136
1175.2,41.68904809946135
1175.4,42.10944282819857
1175.6,41.827507114442064
1175.8,43.21913969589134
1176.0,43.96643289362855
1176.2,43.02097184434117
1176.4,41.863523515687966
1176.6,40.372146645047735
1176.8,37.481662007442424
1177.0,38.27997679298415
1177.2,40.09784776546057
1177.4,37.751874645873016
1177.6,41.337134145955474
1177.8,44.08472970474479
1178.0,44.79467918574119
1178.2,41.808554540069956
1178.4,42.05162455768356
1178.6,41.87396424302334
1178.8,42.31321599160771
1179.0,41.266343416433116
1179.2,42.21465106087828
1179.4,40.36728236113863
1179.6,37.88108633264854
1179.8,36.95035703915265
1180.0,37.235070960696746
1180.2,37.89191335360887
1180.4,37.10589040014773
1180.6,39.65517100296495
1180.8,40.67007012862077
1181.0,41.51752968599339
1181.2,40.16824239550775
1181.4,41.00476616955666
1181.6,39.86408764794178
1181.8,38.4943374474475
1182.0,39.58204850324965
1182.2,41.017041544450436
1182.4,39.88883915930434
1182.6,41.67902138491462
1182.8,39.26621933067285
1183.0,39.300479177653244
1183.2,38.833220076153104
1183.4,39.32176069889357
1183.6,40.89808558003945
1183.8,38.33070795628663
1184.0,37.59305250946534
1184.2,36.6839612950486
1184.4,34.59360490007695
1184.6,32.79195776690506
1184.8,34.362581682734536
1185.0,34.21197134325552
1185.2,30.61635436360945
1185.4,31.783661102823523
1185.6,30.839637279332486
1185.8,30.73206182603874
1186.0,31.071601998293463
1186.2,29.6805812765192
1186.4,31.540361269682876
1186.6,30.935422947286376
1186.8,31.69791367528847
1187.0,30.803044871456873
1187.2,30.50445212264476
1187.4,30.844827049918656
1187.6,31.125760646735014
1187.8,30.023271093623553
1188.0,29.656675967486276
1188.2,30.74771704568516
1188.4,32.45978877035598
1188.6,32.70514626208839
1188.8,33.35298989319476
1189.0,34.35631353227057
1189.2,35.30886904737538
1189.4,35.8591874603346
1189.6,35.1831088378859
1189.8,34.90484058988451
1190.0,35.30567402660082
1190.2,35.52143068466843
1190.4,37.58790616477745
1190.6,39.85636403709642
1190.8,39.742278947429824
1191.0,42.36413716851047
1191.2,41.76495467539147
1191.4,44.27503713723013
1191.6,43.7646448746179
1191.8,41.28749642882183
1192.0,40.60715512270056
1192.2,41.78293389680413
1192.4,43.93463795700292
1192.6,44.05154829853789
1192.8,46.88477279113468
1193.0,45.694851858497984
1193.2,45.58833408059754
1193.4,45.559370054301226
1193.6,44.47177502405982
1193.8,43.1383180219406
1194.0,44.48329925687851
1194.2,45.81197549115238
1194.4,48.1103239604106
1194.6,47.3705307877256
1194.8,47.65906745506334
1195.0,45.64513185214927
1195.2,46.382700599211404
1195.4,47.59103109309364
1195.6,45.2504642788082
1195.8,42.823794844198844
1196.0,42.549543034083975
1196.2,42.52639765769764
1196.4,45.20822352144273
1196.6,44.968063554031815
1196.8,47.38596833761562
1197.0,45.14373540087526
1197.2,45.31134764759144
1197.4,44.208432810132344
1197.6,42.54235700470262
1197.8,42.392911432867905
1198.0,41.690238274107855
1198.2,42.251533888670934
1198.4,43.05000638742813
1198.6,44.20485317842511
1198.8,43.204265541461425
1199.0,42.956004740726485
1199.2,39.05308761115986
1199.4,40.69254142412411
1199.6,42.81279213552973
1199.8,44.55964694424406
1200.0,44.00066842961709
1200.2,43.61630729897482
1200.4,42.73822740087574
1200.6,41.77872983766157
1200.8,40.57926043905042
1201.0,41.977537046921746
1201.2,44.07251272695336
1201.4,41.37197806990252
1201.6,40.948098046516826
1201.8,41.185070900869945
1202.0,40.39975058625331
1202.2,39.59732265485471
1202.4,39.313938094347975
1202.6,38.36890831319901
1202.8,37.84044462216694
1203.0,38.635856628304424
1203.2,39.66801432578667
1203.4,40.425934190021415
1203.6,41.93542132309646
1203.8,42.86164653109629
1204.0,42.32429304137743
1204.2,41.51134591626479
1204.4,42.69188800314721
1204.6,41.395178379066245
1204.8,41.74966513124875
1205.0,43.397664519829455
1205.2,41.71456383672564
1205.4,42.81176551657524
1205.6,43.38767118117025
1205.8,43.63755818511825
1206.0,41.613931321127765
1206.2,42.26290369378841
1206.4,41.030609994110065
1206.6,41.10337585808824
1206.8,40.09899066246568
1207.0,42.630616219871335
1207.2,40.702288173221426
1207.4,41.44136451829243
1207.6,41.932559596900774
1207.8,45.53785818958409
1208.0,44.97141317606867
1208.2,45.07494690597145
1208.4,45.82000635727824
1208.6,47.9311455146673
1208.8,50.89242063867255
1209.0,48.69903631254591
1209.2,48.902282598195875
1209.4,48.01156226051453
1209.6,49.77895037186577
1209.8,46.71611913664446
1210.0,42.87904437035315
1210.2,42.84583212200559
1210.4,43.47344722926758
1210.6,44.94030846958629
1210.8,44.422126509020714
1211.0,44.183396726001874
1211.2,43.27983166756147
1211.4,44.885239821026786
1211.6,47.72440628968468
1211.8,49.880627980915555
1212.0,50.08188834254062
1212.2,51.722274066086854
1212.4,52.795335642316715
1212.6,49.792243768821166
1212.8,53.12754798189651
1213.0,51.858668866791156
1213.2,53.75801763437734
1213.4,50.46216438552682
1213.6,49.57465640130013
1213.8,49.64957258534089
1214.0,49.67160986192597
1214.2,54.25291877515974
1214.4,52.48200104490928
1214.6,54.986034828334176
1214.8,54.149589201969945
1215.0,55.278305860962085
1215.2,55.3037394657634
1215.4,54.778589049896794
1215.6,54.73782774373408
1215.8,52.71438941543907
1216.0,52.62639162601414
1216.2,55.97906654431371
1216.4,53.695655560987746
1216.6,54.06086106742589
1216.8,54.88126830087326
1217.0,55.92064695037635
1217.2,59.014176968737495
1217.4,59.45888557373535
1217.6,60.80251564994108
1217.8,59.0909123092002
1218.0,57.869751693145666
1218.2,56.58393038532811
1218.4,55.61695818633862
1218.6,55.222657925334005
1218.8,53.65420726142539
1219.0,55.72847671717149
1219.2,52.81589971752564
1219.4,49.50330597515525
1219.6,50.242608512691184
1219.8,52.26182465922017
1220.0,51.942405232595014
1220.2,51.46991763277471
1220.4,53.73575223369716
1220.6,53.57221297200222
1220.8,55.057169952881644
1221.0,54.1985558457992
1221.2,51.27355268194538
1221.4,48.6122256880403
1221.6,48.16591498460645
1221.8,48.02018260544215
1222.0,52.33661440456589
1222.2,52.43890013355909
1222.4,54.735328840580934
1222.6,55.92570660990799
1222.8,53.78208737038953
1223.0,55.99045399164189
1223.2,56.13254282047889
1223.4,56.48184237577206
1223.6,55.779594973490006
1223.8,54.83335040619272
1224.0,53.60891759182745
1224.2,51.68271756626609
1224.4,52.31151630000949
1224.6,54.41062555107979
1224.8,55.9573508924823
1225.0,55.348443944304826
1225.2,54.3129045568222
1225.4,56.397489871379996
1225.6,54.15051049358568
1225.8,53.356899596450106
1226.0,53.3538960261031
1226.2,53.84610166903414
1226.4,53.82395512883913
1226.6,53.405900351887745
1226.8,54.04511756654814
1227.0,56.327788073933185
1227.2,57.627770267067866
1227.4,58.9082692469252
1227.6,61.629908961541766
1227.8,62.54306904625827
1228.0,61.98850575637706
1228.2,62.41385644098868
1228.4,64.26108706894318
1228.6,61.7443246347798
1228.8,61.725527490497534
1229.0,65.61565628827276
1229.2,65.19096998770212
1229.4,63.4413527706856
1229.6,64.22767208607007
1229.8,62.50503297500817
1230.0,62.954968398018366
1230.2,60.84180229845163
1230.4,61.25615388925059
1230.6,60.28192585919893
1230.8,61.47913301491861
1231.0,61.82261918922018
1231.2,63.56835183401344
1231.4,63.25016857343705
1231.6,63.70722912482866
1231.8,63.43759345287089
1232.0,60.62781435338756
1232.2,61.047539088375096
1232.4,61.881087581026
1232.6,62.510525166990334
1232.8,61.67079831383906
1233.0,62.01632041250639
1233.2,61.37442280708338
1233.4,61.332923294946504
1233.6,60.855877916514814
1233.8,60.19033216237808
1234.0,60.2045270230243
1234.2,60.282482160142116
1234.4,60.78966817326021
1234.6,61.82963054732254
1234.8,61.642963817163164
1235.0,63.29990852646987
1235.2,62.16603308687959
1235.4,60.86695026551702
1235.6,61.87423047280465
1235.8,58.01709943928921
1236.0,60.289388915663345
1236.2,59.41923450839177
1236.4,61.46085897412567
1236.6,62.122766637620195
1236.8,63.161344240330806
1237.0,63.050075798420465
1237.2,63.26414233477244
1237.4,62.720277539644655
1237.6,63.73112257033423
1237.8,63.63075329031985
1238.0,64.35212820166214
1238.2,63.61315791923491
1238.4,64.36896930065706
1238.6,63.7322512657795
1238.8,62.156826795686754
1239.0,59.36855518866689
1239.2,58.382750646869994
1239.4,57.077764325012865
1239.6,58.25984330920831
1239.8,55.2039864030717
1240.0,55.31675434779267
1240.2,55.259359385698886
1240.4,56.22595579753481
1240.6,58.10893371489542
1240.8,60.188763022039055
1241.0,62.17419259543925
1241.2,62.63836623224716
1241.4,63.62612948612444
1241.6,63.1128537092086
1241.8,61.63200173753034
1242.0,59.98818962657444
1242.2,58.21855668796101
1242.4,61.76331924687413
1242.6,62.912572388338184
1242.8,63.186297874376926
1243.0,62.271065635875615
1243.2,64.24705917577835
1243.4,64.26686918675564
1243.6,64.0759538640996
1243.8,63.36114093995603
1244.0,64.56975251575108
1244.2,62.24185894977101
1244.4,62.41234427867055
1244.6,62.636941240747106
1244.8,60.657295955942885
1245.0,59.454914117385385
1245.2,61.923082813333934
1245.4,61.25776064033283
1245.6,60.06554385004804
1245.8,58.942545031860945
1246.0,59.65550228409687
1246.2,62.84857336907684
1246.4,60.13960314943166
1246.6,59.39518848075386
1246.8,57.676226488666344
1247.0,53.83562992988583
1247.2,56.89590320936197
1247.4,57.713161050272326
1247.6,57.44572552671795
1247.8,56.16432643828405
1248.0,55.3421178558562
1248.2,54.09294881008051
1248.4,55.017812265436554
1248.6,55.66202442414591
1248.8,60.144068066634205
1249.0,56.36798898970742
1249.2,58.33952623264609
1249.4,59.881900108994316
1249.6,61.43410801611804
1249.8,63.742972335056585
1250.0,60.74805227632246
1250.2,59.3042241866996
1250.4,60.85805265912068
1250.6,58.97909922650249
1250.8,60.71510043142084
1251.0,62.21140248262934
1251.2,62.777511090327266
1251.4,65.60981034771953
1251.6,65.40829037732688
1251.8,65.94667295292064
1252.0,63.43631212223961
1252.2,63.19416034506248
1252.4,62.26190882645061
1252.6,60.436199350737915
1252.8,58.90046123901311
1253.0,58.60539124200145
1253.2,60.88016173610499
1253.4,61.63710107782592
1253.6,62.05669457372047
1253.8,61.53666878660415
1254.0,64.74618953352012
1254.2,63.01857789721055
1254.4,58.963200332139856
1254.6,59.459046099914296
1254.8,58.87895791007176
1255.0,58.02728431253271
1255.2,58.75991656694312
1255.4,58.57647330299572
1255.6,58.9248468797835
1255.8,56.93006009536746
1256.0,55.0020908363953
1256.2,55.98679955291246
1256.4,56.37323416535651
1256.6,57.23749759598539
1256.8,58.78532223603368
1257.0,58.62481412471578
1257.2,60.49460597213824
1257.4,59.3302638498909
1257.6,60.905639799773525
1257.8,60.76702865848987
1258.0,62.17430462627654
1258.2,63.106503982285595
1258.4,62.59502395652834
1258.6,63.14033242039472
1258.8,64.08904958260806
1259.0,64.80081615062906
1259.2,65.2684996543938
1259.4,65.74920999238918
1259.6,65.23349568176593
1259.8,65.53950219238506
1260.0,65.30068276727222
1260.2,63.51721686227431
1260.4,64.51361761656588
1260.6,65.82467573906827
1260.8,66.3107223007959
1261.0,62.590260126760185
1261.2,60.77865226807299
1261.4,62.2109262561386
1261.6,62.936197849168316
1261.8,61.99886628880699
1262.0,58.226411070389936
1262.2,58.45564914106894
1262.4,62.20949994946743
1262.6,60.571073387432804
1262.8,59.41908864803118
1263.0,58.3810202468245
1263.2,57.69400688201348
1263.4,61.136251067383085
1263.6,60.371155111496975
1263.8,60.408191340813566
1264.0,59.74975660587317
1264.2,58.401995608715325
1264.4,62.19536034612126
1264.6,63.36955974962045
1264.8,64.65762044419523
1265.0,64.96795866797818
1265.2,65.52670133074551
1265.4,66.0571875469893
1265.6,65.16920598838013
1265.8,64.51720834736102
1266.0,62.63033719703077
1266.2,61.36422187116445
1266.4,61.72452120398279
1266.6,58.7887718621712
1266.8,56.65364680376109
1267.0,52.52066198927105
1267.2,50.54214406334913
1267.4,49.23907024072147
1267.6,49.31151479325885
1267.8,48.70883938129538
1268.0,52.24293201228501
1268.2,53.846757758135894
1268.4,55.00887236120195
1268.6,51.730167894619626
1268.8,52.75198182362448
1269.0,53.90968467349111
1269.2,50.47502551442089
1269.4,50.346395292527774
1269.6,48.335781654172564
1269.8,48.17900981806617
1270.0,49.20513104334318
1270.2,49.242380448888255
1270.4,48.79984171615881
1270.6,48.189376164884806
1270.8,48.087589242923144
1271.0,48.12693220070321
1271.2,51.40675316276549
1271.4,52.330347817090214
1271.6,53.54101036418239
1271.8,54.673695817048085
1272.0,54.053737347049704
1272.2,56.102052475624625
1272.4,56.3580090034783
1272.6,55.64686574650192
1272.8,55.436723774561464
1273.0,54.720206607754456
1273.2,52.074977890826084
1273.4,51.65604748086005
1273.6,51.701822069215815
1273.8,52.942608817506915
1274.0,52.45753774250449
1274.2,54.2309300268888
1274.4,57.324800454916094
1274.6,59.45386068099866
1274.8,57.99883440145011
1275.0,57.98527101835995
1275.2,59.18866902206622
1275.4,59.652648686324916
1275.6,63.478084722072154
1275.8,60.66690485412316
1276.0,61.82413581414355
1276.2,60.54367373339771
1276.4,59.560924469539096
1276.6,60.84745837606658
1276.8,63.88295723832198
1277.0,66.07248756645872
1277.2,67.53051488108431
1277.4,69.44235466096734
1277.6,68.56898872559631
1277.8,69.74194092895216
1278.0,69.18578898502842
1278.2,66.75030630822596
1278.4,67.31623893235356
1278.6,66.81400422508374
1278.8,67.26806659623539
1279.0,65.87415577968133
1279.2,66.08558295512094
1279.4,64.79258107470693
1279.6,59.80113717027307
1279.8,62.44277226676008
1280.0,60.59762167450995
1280.2,58.73973553924724
1280.4,56.72677784193596
1280.6,54.49465930628338
1280.8,57.24002001981881
1281.0,56.033286723189796
1281.2,56.86065275213742
1281.4,56.63548235681073
1281.6,55.088908932812046
1281.8,54.11761897325347
1282.0,55.40095417950219
1282.2,56.03885947132129
1282.4,55.49827028882842
1282.6,53.6717835982852
1282.8,58.439319142438926
1283.0,58.78839027944323
1283.2,58.143229831796376
1283.4,59.11370246688385
1283.6,57.45112147376684
1283.8,57.60067219095018
1284.0,59.365778334271184
1284.2,59.65209580007937
1284.4,62.91648008246948
1284.6,64.24366157109483
1284.8,63.54266563686544
1285.0,58.80153599435648
1285.2,61.1218611460164
1285.4,60.76374513013405
1285.6,61.30052252985963
1285.8,60.132042784757886
1286.0,58.51581668356837
1286.2,55.2769068666906
1286.4,56.54253687694563
1286.6,58.45258869235944
1286.8,59.802145612166946
1287.0,57.52025901050645
1287.2,58.97083503030035
1287.4,59.8835699322213
1287.6,58.37245462822771
1287.8,58.98990690272939
1288.0,60.574811709356126
1288.2,57.949307155796404
1288.4,57.75294493320828
1288.6,61.32656430849871
1288.8,60.429215467791295
1289.0,58.311105678407074
1289.2,59.78665672936947
1289.4,58.828466285721184
1289.6,59.53562862607015
1289.8,59.9956426027805
1290.0,57.51985630860359
1290.2,58.46443031411542
1290.4,58.055308418383916
1290.6,56.612621500848455
1290.8,57.7981981111345
1291.0,56.991122981426386
1291.2,55.12254432155788
1291.4,56.0302291377603
1291.6,55.58274258636458
1291.8,55.846718335158805
1292.0,57.05402739778029
1292.2,56.14787961538443
1292.4,53.03915336607146
1292.6,55.74542819249572
1292.8,55.81651303522533
1293.0,55.200283196706
1293.2,54.53246520439771
1293.4,57.22979908739128
1293.6,58.658772942311174
1293.8,56.66610460789029
1294.0,56.9987954074228
1294.2,55.406535767967036
1294.4,55.37941237066711
1294.6,54.67767401791019
1294.8,56.005604044016636
1295.0,56.8864360002378
1295.2,55.7388535606033
1295.4,55.65551191922574
1295.6,55.07382775084524
1295.8,57.27343756486987
1296.0,56.1377881017312
1296.2,57.40960903801864
1296.4,55.29749088234467
1296.6,53.30964655633928
1296.8,52.0245668355783
1297.0,53.603597631802515
1297.2,55.38897666272167
1297.4,55.847200620351586
1297.6,52.96608013139772
1297.8,51.70171304797591
1298.0,49.95387929060115
1298.2,52.02420568489627
1298.4,51.375127412854184
1298.6,52.97769686745481
1298.8,52.1389972014845
1299.0,52.093026572966714
1299.2,53.573523790035225
1299.4,55.20201027194912
1299.6,56.09439761301013
1299.8,56.085230269348585
1300.0,56.84292354404818
1300.2,53.871799918162814
1300.4,54.76408224937038
1300.6,54.55997857749055
1300.8,56.23990515212632
1301.0,57.86788618868732
1301.2,58.45446417995965
1301.4,57.88170447182367
1301.6,56.22318995422705
1301.8,55.47141383072212
1302.0,54.95777631100267
1302.2,53.984386914422814
1302.4,52.85993205181982
1302.6,50.66145460480925
1302.8,49.78919894861142
1303.0,51.53310873722896
1303.2,49.596318215664056
1303.4,52.33138042078289
1303.6,52.70473057804546
1303.8,53.755977172592665
1304.0,51.6302845609422
1304.2,54.05994451352359
1304.4,54.981719036155596
1304.6,53.342259244803955
1304.8,53.613141194960896
1305.0,55.041057245686495
1305.2,54.81623462567973
1305.4,53.88483939242968
1305.6,54.186894512069614
1305.8,51.25664910460881
1306.0,48.50311743721271
1306.2,49.67367704583462
1306.4,49.05169539230313
1306.6,49.0529990455779
1306.8,49.483901135623896
1307.0,48.5277617176708
1307.2,46.99421683203993
1307.4,47.73548397953685
1307.6,46.9840117392547
1307.8,49.393722429316284
1308.0,49.101211038863326
1308.2,50.731061561147726
1308.4,49.78223674632546
1308.6,49.03375929308932
1308.8,48.499072514834296
1309.0,47.65520365315127
1309.2,46.77809447808835
1309.4,46.738593889764275
1309.6,47.10633293972728
1309.8,46.45044599723391
1310.0,46.48841467309292
1310.2,47.966975052398965
1310.4,46.63398208902607
1310.6,47.98905089453535
1310.8,48.8612760868358
1311.0,48.58601706420535
1311.2,48.2526284148974
1311.4,47.082569842565434
1311.6,46.73440019345071
1311.8,45.04707425784085
1312.0,43.53330330884386
1312.2,43.92264997292184
1312.4,44.83909964854799
1312.6,44.186287477343036
1312.8,45.08512959366716
1313.0,46.56453313250071
1313.2,44.968429796342726
1313.4,44.30937877426836
1313.6,45.77818760926583
1313.8,42.07809954479125
1314.0,42.20667085170838
1314.2,40.41132495584276
1314.4,41.98910206688507
1314.6,40.08568737996231
1314.8,42.51149233854476
1315.0,42.854596782846414
1315.2,42.849821394071185
1315.4,43.71499878628008
1315.6,44.78032857028818
1315.8,46.635094159587936
1316.0,45.07166714286726
1316.2,45.70417749427148
1316.4,47.041330614534104
1316.6,46.1154760380976
1316.8,44.808374469472476
1317.0,44.353204271488885
1317.2,43.444699173849706
1317.4,44.814810691751674
1317.6,45.27202525729465
1317.8,45.2668295322098
1318.0,43.97449842047563
1318.2,43.361090512944415
1318.4,45.09680705289505
1318.6,46.81490944942791
1318.8,45.86123689760544
1319.0,43.99982590158565
1319.2,46.50428615519772
1319.4,47.94496075237873
1319.6,48.12046158028275
1319.8,49.15915858235179
1320.0,49.77215121692822
1320.2,49.23193994936126
1320.4,48.750491789579904
1320.6,49.789379350740866
1320.8,48.79981363590828
1321.0,49.04892361057755
1321.2,47.54528096610892
1321.4,47.31946018092981
1321.6,46.00551050958144
1321.8,46.070235445453854
1322.0,45.36596309785273
1322.2,46.10880019458379
1322.4,45.412202968310496
1322.6,45.75758477989283
1322.8,45.159776721832515
1323.0,46.731742866788004
1323.2,46.49928792601752
1323.4,47.719924559568696
1323.6,46.73752580807793
1323.8,45.83668080124803
1324.0,46.00727343176128
1324.2,45.5442167232907
1324.4,47.18022917711558
1324.6,48.84108499208119
1324.8,48.545854962251056
1325.0,48.775779040164345
1325.2,48.05746307873086
1325.4,47.3732550390583
1325.6,46.32577496582684
1325.8,45.115439395421674
1326.0,43.5337953994588
1326.2,44.2216263865658
1326.4,45.69664734829427
1326.6,45.40644031643775
1326.8,45.041798493388185
1327.0,44.258406278319164
1327.2,44.032934028004775
1327.4,44.45560889061688
1327.6,44.10260037026325
1327.8,41.93403448031361
1328.0,41.03667896126385
1328.2,41.51403547978251
1328.4,44.19577250772746
1328.6,42.88156542499251
1328.8,42.36078679122742
1329.0,43.97818555612982
1329.2,43.37142340811376
1329.4,41.75761642967874
1329.6,42.18294030967777
1329.8,41.647643803848496
1330.0,42.8107019166433
1330.2,41.540405485566026
1330.4,40.81344665413246
1330.6,41.516759792621485
1330.8,41.18874316813116
1331.0,40.86322273953745
1331.2,40.365307691811594
1331.4,39.086386576794446
1331.6,38.80060468359964
1331.8,39.67393546278948
1332.0,39.61872201763532
1332.2,38.56133459149743
1332.4,40.661364196270156
1332.6,38.558390395475946
1332.8,40.003289711639
1333.0,40.49321862296905
1333.2,41.07044168689775
1333.4,39.95176266696656
1333.6,41.481878614008885
1333.8,41.31578977437748
1334.0,39.00750900549099
1334.2,40.974379828442636
1334.4,40.40474153776118
1334.6,39.25210767220112
1334.8,40.585987702658784
1335.0,39.619265437601825
1335.2,41.74975513946893
1335.4,40.98050769984995
1335.6,37.07095986920122
1335.8,37.71773171747818
1336.0,38.502786193691996
1336.2,38.6150015835239
1336.4,39.0298579745022
1336.6,38.80021953367615
1336.8,40.349680221172626
1337.0,41.66809665843867
1337.2,41.3460359733504
1337.4,40.229001541387504
1337.6,40.580815601115496
1337.8,40.476166730320514
1338.0,41.85443424105728
1338.2,39.64426950948939
1338.4,39.97763949213466
1338.6,41.81640709689049
1338.8,41.03806649439268
1339.0,41.706004785315216
1339.2,42.603309393678394
1339.4,45.55070133153335
1339.6,45.11713352959524
1339.8,47.81533751279894
1340.0,47.04505284482953
1340.2,47.86727168288348
1340.4,45.85939600981157
1340.6,48.06797767595608
1340.8,49.64242034625396
1341.0,50.65598763899778
1341.2,50.54932227755961
1341.4,50.84582287796784
1341.6,54.12037506289839
1341.8,53.37034139644171
1342.0,54.382762758714875
1342.2,55.17052363031294
1342.4,55.31554096145471
1342.6,55.228466927873995
1342.8,52.49606597057091
1343.0,53.14299849462981
1343.2,52.26308408979922
1343.4,51.85744915394592
1343.6,52.38806756956886
1343.8,51.64102202734908
1344.0,52.28705125388981
1344.2,53.730947607047014
1344.4,51.71497277219899
1344.6,51.35400590068769
1344.8,46.782475349861734
1345.0,48.134626322093524
1345.2,48.058614522180804
1345.4,49.40948332257881
1345.6,50.467917718696256
1345.8,50.079824039588416
1346.0,53.96544409117861
1346.2,53.97124506079643
1346.4,53.01748928951072
1346.6,54.55631119903011
1346.8,52.69255050476198
1347.0,50.858818609715385
1347.2,51.062033342570786
1347.4,51.04199451702055
1347.6,51.58694304695558
1347.8,51.56926591399987
1348.0,51.31846326916129
1348.2,52.83466719535787
1348.4,50.89711743911578
1348.6,49.31088118653287
1348.8,50.47700665634223
1349.0,47.94738859442516
1349.2,49.47233960166318
1349.4,48.487032012676714
1349.6,49.680259424175205
1349.8,51.00262873413805
1350.0,51.93482869740774
1350.2,49.766798284934765
1350.4,48.72613399454369
1350.6,47.56668416034043
1350.8,48.25230180404493
1351.0,48.86706310397241
1351.2,48.36577797596049
1351.4,47.944418141632084
1351.6,46.91684174040262
1351.8,46.23778120490239
1352.0,48.35299113014131
1352.2,48.75120266226908
1352.4,46.88635729366065
1352.6,46.552166424097585
1352.8,49.3102917443491
1353.0,49.192948194501255
1353.2,51.60585826283117
1353.4,53.889974721799746
1353.6,52.76221754345598
1353.8,54.38905487483283
1354.0,52.63960658961027
1354.2,50.36990572943501
1354.4,51.19805566638915
1354.6,49.87814907709554
1354.8,49.78892131727513
1355.0,51.345041215530884
1355.2,51.830348433959436
1355.4,52.3985058056227
1355.6,52.490265144751014
1355.8,53.77420445604915
1356.0,52.17462026281426
1356.2,55.78774450410808
1356.4,53.831735851738074
1356.6,52.9010436162913
1356.8,51.953434720517876
1357.0,51.471697316316366
1357.2,52.164734809987465
1357.4,50.912528538819174
1357.6,51.981157653127774
1357.8,49.218930156128344
1358.0,50.17657340409971
1358.2,46.334472575179085
1358.4,45.98553579189926
1358.6,45.73593778917924
1358.8,45.01923222524246
1359.0,42.393467567239725
1359.2,43.12156335707656
1359.4,45.42954248647539
1359.6,45.221841903120406
1359.8,45.110476032561834
1360.0,45.15930982614243
1360.2,46.53829160602079
1360.4,46.418298391297014
1360.6,49.960057217999534
1360.8,45.72218854009826
1361.0,46.525094475670585
1361.2,45.781101008718025
1361.4,44.326978559157205
1361.6,46.285661762049926
1361.8,48.11555717733807
1362.0,48.90416434673598
1362.2,49.56911678799222
1362.4,50.125844896506464
1362.6,49.799057463158476
1362.8,47.32069092050927
1363.0,47.73763006316375
1363.2,48.48833042707025
1363.4,48.03135180317784
1363.6,47.544801121647254
1363.8,47.22115978530324
1364.0,46.77195890784512
1364.2,48.81603094520265
1364.4,47.88284776760914
1364.6,49.273731329914064
1364.8,50.869853911345956
1365.0,51.018602687554505
1365.2,52.79147360573988
1365.4,53.27101750402909
1365.6,53.64569250997338
1365.8,54.510153281141704
1366.0,56.37252740526094
1366.2,54.67224372690716
1366.4,56.12243061631006
1366.6,55.73372278201629
1366.8,53.88642236311365
1367.0,52.016820634333016
1367.2,51.827666468748845
1367.4,54.40362458066622
1367.6,50.495179287168796
1367.8,52.58439077245797
1368.0,51.30688190987822
1368.2,52.075503189600234
1368.4,51.73124697941212
1368.6,52.24301048110404
1368.8,49.95730884882982
1369.0,51.633176458259086
1369.2,51.18679864741388
1369.4,51.28499769717124
1369.6,49.54232843161131
1369.8,49.2617148514685
1370.0,51.1199347230642
1370.2,53.328487042780196
1370.4,52.662155217975766
1370.6,49.23947748196433
1370.8,48.57872882964756
1371.0,44.69715483295336
1371.2,44.88160368950956
1371.4,43.98140355105174
1371.6,43.81405629262268
1371.8,41.399209792986696
1372.0,42.28157169820171
1372.2,41.66043871643187
1372.4,43.71289510779335
1372.6,45.97628641394249
1372.8,47.63909909889346
1373.0,48.37728485311797
1373.2,49.43549688569231
1373.4,47.33674059275337
1373.6,49.94764211708998
1373.8,51.608828755986195
1374.0,50.86017342594544
1374.2,49.80594815737082
1374.4,49.135406271437176
1374.6,49.24838627867519
1374.8,47.342645587945185
1375.0,44.741423033141636
1375.2,45.2004555081058
1375.4,45.766590017534476
1375.6,48.473729525745675
1375.8,46.401751352057744
1376.0,46.030267069837834
1376.2,45.40731370266927
1376.4,45.06514836733031
1376.6,46.77266645740285
1376.8,44.01209363604168
1377.0,45.208347193513276
1377.2,45.452581205233635
1377.4,42.47942545440834
1377.6,43.52618285365223
1377.8,40.91100596427869
1378.0,41.29129009278991
1378.2,43.43919723077467
1378.4,41.25958535719601
1378.6,41.46256154255222
1378.8,37.97205343117162
1379.0,39.469462093039326
1379.2,39.645601989346375
1379.4,39.600329486364544
1379.6,42.314012290214194
1379.8,41.49881240573179
1380.0,42.118412041673366
1380.2,44.38630966688586
1380.4,47.44394336325661
1380.6,47.18606075887138
1380.8,47.273195239195445
1381.0,44.70192953113994
1381.2,44.38029334665486
1381.4,43.235778754538565
1381.6,43.61459953942639
1381.8,43.75009635616927
1382.0,40.89252393911053
1382.2,40.68557525983597
1382.4,38.61769695835855
1382.6,40.43023547460947
1382.8,43.58459992818179
1383.0,43.5881331707419
1383.2,43.71086199547204
1383.4,45.01841519564693
1383.6,47.37609068787993
1383.8,48.49457215380902
1384.0,49.10040127761765
1384.2,50.400432966421995
1384.4,47.12353776123966
1384.6,47.19930814214699
1384.8,49.37098839671876
1385.0,49.71393799395403
1385.2,49.04250142897677
1385.4,48.88934577583696
1385.6,48.0022009133135
1385.8,47.70510981717501
1386.0,49.64773941327443
1386.2,48.94440041194119
1386.4,48.73089600145935
1386.6,49.48508724593337
1386.8,49.04583267057917
1387.0,47.33982457221332
1387.2,45.96294048168083
1387.4,46.84218725125696
1387.6,45.60177487236902
1387.8,47.30724786928608
1388.0,44.508788922780376
1388.2,44.09620408168922
1388.4,46.803114607915916
1388.6,46.19874619958651
1388.8,47.19663562706057
1389.0,46.30574979279005
1389.2,46.61870863573492
1389.4,46.71335081373058
1389.6,48.356828084794145
1389.8,49.544798891028705
1390.0,49.425120846764166
1390.2,48.43685583419578
1390.4,46.8351396722533
1390.6,45.5096445473182
1390.8,42.09438168225323
1391.0,40.67771203338283
1391.2,43.35942344198122
1391.4,42.60567508437957
1391.6,45.9699389528209
1391.8,46.028120034581754
1392.0,45.56125144751605
1392.2,45.99099731396209
1392.4,47.33414690188504
1392.6,47.65103399630887
1392.8,49.369871121710396
1393.0,49.63748666688871
1393.2,51.027052522152175
1393.4,47.47164134045049
1393.6,45.986178362895345
1393.8,46.41268446002236
1394.0,48.18754540214657
1394.2,45.9823112972758
1394.4,45.12432062618058
1394.6,43.34128520570551
1394.8,41.32714991789464
1395.0,40.63176413424343
1395.2,40.598279045169676
1395.4,38.8254042900255
1395.6,36.43095986648095
1395.8,35.27975276188779
1396.0,36.31516037204702
1396.2,36.3561108153334
1396.4,38.744148813496054
1396.6,38.348929219549554
1396.8,38.07525811903639
1397.0,40.18045280371675
1397.2,40.561118102849804
1397.4,40.59950207442967
1397.6,39.67281516398601
1397.8,40.68620090686245
1398.0,40.50508725584499
1398.2,41.58775258893961
1398.4,41.07050980002148
1398.6,43.49997302703618
1398.8,44.09872943947675
1399.0,44.22620934962061
1399.2,43.1188923720648
1399.4,42.4400853850124
1399.6,43.24104451792763
1399.8,44.275731902675844
1400.0,45.032273343747505
1400.2,46.2123401383035
1400.4,46.315393740824014
1400.6,45.983974649671154
1400.8,44.18644543773772
1401.0,45.579854030266404
1401.2,44.846644580190976
1401.4,43.70264177840951
1401.6,41.490818948791095
1401.8,44.78530344708433
1402.0,44.77441982155989
1402.2,43.047396522120216
1402.4,42.44379748610573
1402.6,41.772673198661884
1402.8,41.53761766244946
1403.0,40.01636148381114
1403.2,39.9373829096384
1403.4,43.52435875223915
1403.6,43.35520206261401
1403.8,44.31399358253893
1404.0,43.65077262627361
1404.2,42.30906568325477
1404.4,45.33831999706665
1404.6,44.01041477752176
1404.8,44.67982391435192
1405.0,44.14327288885442
1405.2,44.59918554732488
1405.4,44.975495579662514
1405.6,43.971491714521974
1405.8,43.66194046721277
1406.0,43.378164432539506
1406.2,42.332259139329416
1406.4,42.77084674800945
1406.6,43.4599584327959
1406.8,42.882299529391396
1407.0,43.498005376986626
1407.2,42.451074783147995
1407.4,42.73259181731186
1407.6,43.46346619770591
1407.8,42.69214125576162
1408.0,44.163553610908025
1408.2,43.86882644683708
1408.4,44.17922380040217
1408.6,43.622405078134776
1408.8,42.66731787825729
1409.0,42.686979614142324
1409.2,42.427940993180016
1409.4,41.56122777342262
1409.6,39.50786278002753
1409.8,40.89169669207084
1410.0,40.430703243802895
1410.2,40.61715334593528
1410.4,41.64908745681846
1410.6,42.18717560850159
1410.8,41.55305443271636
1411.0,40.792643071844935
1411.2,42.09015837232098
1411.4,43.08098412374683
1411.6,44.123175950015636
1411.8,45.10908670199751
1412.0,45.12406871834066
1412.2,44.905513951020424
1412.4,45.76038430277639
1412.6,45.9154200352704
1412.8,44.16716221760322
1413.0,44.86592560411154
1413.2,45.26327558730958
1413.4,46.96660697924801
1413.6,47.15623027603665
1413.8,46.972190269343024
1414.0,47.835471545713816
1414.2,49.18186214456034
1414.4,48.40610047229113
1414.6,47.641784957108335
1414.8,47.92448080057162
1415.0,48.39187020735922
1415.2,52.51001241393286
1415.4,55.33228575500373
1415.6,56.650306465774875
1415.8,58.81737233902313
1416.0,58.53980767189959
1416.2,56.51657564991582
1416.4,57.58187200342968
1416.6,56.210910633664255
1416.8,54.742314139491725
1417.0,55.02497330576248
1417.2,54.85039354381435
1417.4,52.82007503299545
1417.6,52.90403422054682
1417.8,52.82258940557921
1418.0,54.85107915394461
1418.2,55.683362975092585
1418.4,53.72883805354944
1418.6,54.106271245038954
1418.8,56.18873267921838
1419.0,55.28276293451151
1419.2,53.897276887904965
1419.4,54.31144628064906
1419.6,55.08769299524711
1419.8,55.39827931914934
1420.0,56.31737191193372
1420.2,55.58626274856763
1420.4,54.717902680089594
1420.6,55.22033149067817
1420.8,54.9463041301831
1421.0,54.73390861226001
1421.2,51.32612428191373
1421.4,49.10556268628619
1421.6,50.377059406243774
1421.8,51.08762081003149
1422.0,50.28915355841822
1422.2,49.2092955700854
1422.4,48.21079123124565
1422.6,44.37974362862181
1422.8,46.068841957166136
1423.0,46.168034827573976
1423.2,46.94473233560419
1423.4,47.0039372472482
1423.6,48.89426544288733
1423.8,50.00471595403516
1424.0,50.33413100010347
1424.2,52.073138315727824
1424.4,49.48418447410909
1424.6,47.86432830002976
1424.8,46.96711591832163
1425.0,47.7977583360498
1425.2,48.95473694944129
1425.4,46.20231416027621
1425.6,45.983052435138774
1425.8,48.71085434804195
1426.0,49.54435776164169
1426.2,49.63975135532169
1426.4,50.216238574203516
1426.6,50.34858257837484
1426.8,51.75420388812911
1427.0,52.69235373458882
1427.2,52.195764535243676
1427.4,50.310989085240145
1427.6,50.76442146050445
1427.8,51.06571394364563
1428.0,53.04807014878268
1428.2,52.86184835691023
1428.4,51.980476520366814
1428.6,57.075645924638884
1428.8,56.893248944072845
1429.0,55.57504962671559
1429.2,55.65571596895705
1429.4,56.66929610359058
1429.6,58.34002199849412
1429.8,61.141451380306165
1430.0,61.61001910206069
1430.2,60.51592369345102
1430.4,60.08088015277251
1430.6,60.703656069314974
1430.8,60.87555086924034
1431.0,61.185234472901
1431.2,60.6400154103543
1431.4,61.87025494798963
1431.6,61.847074676965406
1431.8,63.72889476553431
1432.0,63.62200747240416
1432.2,66.20793954208303
1432.4,62.681331727625896
1432.6,62.25753864186722
1432.8,60.60309465301948
1433.0,63.578522265740006
1433.2,60.14304881292528
1433.4,59.850707181488914
1433.6,59.36146886035515
1433.8,59.06561813728746
1434.0,57.93238937561828
1434.2,57.90126296331544
1434.4,59.96887548227682
1434.6,57.686236228093634
1434.8,56.27657455944197
1435.0,55.70279630011969
1435.2,56.46609234137821
1435.4,56.716751397919474
1435.6,55.97873300103333
1435.8,57.10601462006261
1436.0,59.43791029407958
1436.2,60.04799035024598
1436.4,61.18362069834069
1436.6,62.8457041477554
1436.8,60.93265272023562
1437.0,62.129492593263784
1437.2,63.02642715129201
1437.4,63.063203782133826
1437.6,60.09883954673204
1437.8,60.83516443091243
1438.0,59.582682279856144
1438.2,58.768649302602974
1438.4,61.2753231973347
1438.6,61.94171522444782
1438.8,61.09082625829977
1439.0,59.12277236723838
1439.2,57.13897133707863
1439.4,55.288431344664005
1439.6,56.35131907267307
1439.8,54.60744650746203
1440.0,54.29169068706702
1440.2,55.89764974414241
1440.4,55.808222258733615
1440.6,58.110911811028984
1440.8,58.35966682597352
1441.0,60.02446321021581
1441.2,58.47037581253241
1441.4,57.81927280113833
1441.6,56.29458972982039
1441.8,60.314863069578884
1442.0,61.65592561761958
1442.2,65.3735082786507
1442.4,65.02419652149077
1442.6,63.99320474918107
1442.8,66.88604890063976
1443.0,66.22358813260193
1443.2,65.36273413763539
1443.4,67.3993121098423
1443.6,68.45614737379945
1443.8,66.65658707629507
1444.0,65.48137742768549
1444.2,65.1055234914834
1444.4,63.42309213236706
1444.6,64.36249911003753
1444.8,63.8783558670807
1445.0,62.32448223516994
1445.2,60.59618139277266
1445.4,61.77564676151733
1445.6,60.780506967734986
1445.8,58.81724569212107
1446.0,58.10729083036675
1446.2,57.12428372059164
1446.4,57.32805872172936
1446.6,58.20718980588586
1446.8,57.40807698240533
1447.0,56.32934082017867
1447.2,56.67908045414929
1447.4,57.222931468832414
1447.6,56.47149152671059
1447.8,55.36812271663618
1448.0,54.666151553592556
1448.2,53.844454153737296
1448.4,52.005416011211274
1448.6,52.458140187982856
1448.8,51.541042764032795
1449.0,50.38747433722083
1449.2,51.86619104021767
1449.4,52.78790820564698
1449.6,53.28054144582193
1449.8,51.46995740079106
1450.0,52.72853512678543
1450.2,54.465145828373345
1450.4,54.12091627682776
1450.6,56.078947404803756
1450.8,55.98542230529729
1451.0,56.8728999465813
1451.2,58.62852533628242
1451.4,60.67937715753496
1451.6,59.59894174498822
1451.8,61.16902105300318
1452.0,62.37873003839361
1452.2,64.4414579988611
1452.4,63.09860531665712
1452.6,61.850778662949025
1452.8,61.49080845424652
1453.0,61.08039359167709
1453.2,60.443996182715665
1453.4,62.13840324391291
1453.6,61.68952026258599
1453.8,62.261650084894136
1454.0,60.80176119355301
1454.2,56.61628658398908
1454.4,56.883161262503215
1454.6,57.051152098086504
1454.8,58.17236812002921
1455.0,58.07819120208652
1455.2,56.63725072317148
1455.4,57.45568760803955
1455.6,57.75715808308053
1455.8,58.56297921467995
1456.0,56.904636578271585
1456.2,57.018485273467554
1456.4,59.29275814415582
1456.6,60.198106721129605
1456.8,60.47262843949099
1457.0,58.13275751949426
1457.2,58.4460732076944
1457.4,57.44264763219241
1457.6,60.67992586271594
1457.8,62.97208102186527
1458.0,64.12832493512877
1458.2,64.63154390357887
1458.4,64.14498454243837
1458.6,62.2111052524361
1458.8,61.886128562435076
1459.0,62.479247849841286
1459.2,62.827077666594
1459.4,64.61113168700767
1459.6,66.07070745697567
1459.8,64.05408544265926
1460.0,63.15574842088158
1460.2,64.56521787283513
1460.4,62.93405612334772
1460.6,61.2790257046658
1460.8,59.00876632335729
1461.0,58.74791355510791
1461.2,60.19234840363949
1461.4,61.461277977977964
1461.6,61.658686225198885
1461.8,60.12346470800401
1462.0,58.81682919049739
1462.2,54.60203684246764
1462.4,54.67816745567746
1462.6,57.17164227297442
1462.8,52.11270732198003
1463.0,56.41359593492658
1463.2,54.76500156357881
1463.4,57.27676086370935
1463.6,58.39625603027851
1463.8,57.74189546485191
1464.0,58.15078196603764
1464.2,59.16452087528331
1464.4,56.550956155894106
1464.6,57.8693196649807
1464.8,58.489404868903854
1465.0,56.67901574683049
1465.2,57.28457629545832
1465.4,57.21465974210295
1465.6,56.02880747982431
1465.8,56.0141471517006
1466.0,56.09888127467224
1466.2,54.853304894854745
1466.4,55.88389231746337
1466.6,56.309277497596966
1466.8,57.77987475465977
1467.0,55.126163783900594
1467.2,55.0499619473652
1467.4,56.02887182847549
1467.6,57.73129582285023
1467.8,59.94046748941842
1468.0,62.455041734016675
1468.2,61.692786052766884
1468.4,60.65256432349857
1468.6,59.13684743654659
1468.8,57.63529250114851
1469.0,58.158888871072556
1469.2,59.53852714242917
1469.4,62.43604842645213
1469.6,61.4835655953214
1469.8,61.351120848826916
1470.0,58.61649578892524
1470.2,58.89472283828147
1470.4,56.4621433155942
1470.6,57.22798809538281
1470.8,61.26008631520793
1471.0,59.09610100673185
1471.2,61.94427880839193
1471.4,59.89144616618318
1471.6,58.77167690197329
1471.8,55.247471372213965
1472.0,54.18342538237438
1472.2,55.87446857167042
1472.4,55.25638486828971
1472.6,53.43259250413912
1472.8,51.923574029004165
1473.0,50.78195742232094
1473.2,48.07073437642744
1473.4,47.353480545685585
1473.6,48.852331988579095
1473.8,50.6467483247036
1474.0,52.41114628893378
1474.2,52.43955413256086
1474.4,55.97244828086502
1474.6,55.580937491370406
1474.8,56.67178947150482
1475.0,57.59198939075319
1475.2,59.28743961244287
1475.4,62.51564942554342
1475.6,63.03527782963262
1475.8,62.52104273527324
1476.0,62.491761529465606
1476.2,62.78081189633334
1476.4,61.682910209248035
1476.6,60.2753116900852
1476.8,58.956523647454524
1477.0,58.84662550917937
1477.2,56.79577387802724
1477.4,59.46695762274249
1477.6,59.819769281060424
1477.8,57.566435363123844
1478.0,59.53625894147281
1478.2,60.04126510918044
1478.4,54.86098406487442
1478.6,55.172948500352916
1478.8,56.21692360097861
1479.0,57.36611065569906
1479.2,58.002901442852625
1479.4,57.920766798899365
1479.6,56.056929207848015
1479.8,58.00129172938631
1480.0,58.86492235140252
1480.2,55.77629416489516
1480.4,56.293760569712276
1480.6,55.39754952120244
1480.8,56.19512746756773
1481.0,56.63615757700062
1481.2,54.28760926948604
1481.4,52.967958472737536
1481.6,50.30345349762228
1481.8,50.74307200252485
1482.0,53.269661040883506
1482.2,54.2998536848185
1482.4,54.23407687024826
1482.6,54.64446159935857
1482.8,52.84614012623946
1483.0,52.1539148904073
1483.2,53.090746851930575
1483.4,53.073550290320945
1483.6,51.996532576856936
1483.8,51.581865094410304
1484.0,52.31441478219598
1484.2,52.56708381552406
1484.4,53.78320075596201
1484.6,54.14122377811843
1484.8,55.29329206498238
1485.0,56.14713780526313
1485.2,55.864527987202365
1485.4,54.22929147341064
1485.6,55.118313632691134
1485.8,53.334505814742656
1486.0,53.38031971697362
1486.2,52.207209029563096
1486.4,51.95797273317028
1486.6,52.77123547132124
1486.8,52.38089552416785
1487.0,52.98224976231516
1487.2,51.94163046129147
1487.4,51.91510912242024
1487.6,52.795584914282216
1487.8,50.96606943051193
1488.0,49.731045508806645
1488.2,50.80213683551371
1488.4,51.08488947237362
1488.6,51.14555181335092
1488.8,52.35210293371492
1489.0,51.45066391473212
1489.2,51.97765764241808
1489.4,50.327016486678474
1489.6,50.54852728736417
1489.8,52.426716908925776
1490.0,51.56870729000723
1490.2,51.90573592014015
1490.4,51.71591153690396
1490.6,52.4327657350074
1490.8,52.208834002469466
1491.0,52.30641433837285
1491.2,52.79200123339941
1491.4,52.92140600115904
1491.6,52.69882555203465
1491.8,53.376804590836144
1492.0,52.300497520405955
1492.2,51.04277380179469
1492.4,49.82563955978805
1492.6,49.11356516046166
1492.8,46.28223986229936
1493.0,46.88382518303656
1493.2,46.22797413362862
1493.4,45.68807954550019
1493.6,47.5151400085179
1493.8,47.30849387470988
1494.0,46.28333456089992
1494.2,47.15678202606334
1494.4,46.7420772261903
1494.6,45.19588763728066
1494.8,45.097025157632345
1495.0,47.02858289312318
1495.2,46.877106420373565
1495.4,48.75799013194531
1495.6,49.2999468318154
1495.8,47.83888532627819
1496.0,47.96540869468937
1496.2,48.966878524174504
1496.4,48.22779762970383
1496.6,45.21342411869776
1496.8,42.617100415302254
1497.0,40.316465227770955
1497.2,40.18278223658537
1497.4,43.261703586274265
1497.6,42.242030776141775
1497.8,43.63845669791562
1498.0,44.82443089617903
1498.2,43.87035201428323
1498.4,43.73445269512089
1498.6,42.229797849276
1498.8,42.706546939646834
1499.0,42.711549703709636
1499.2,44.42828268080475
1499.4,45.733247300415336
1499.6,45.39269877090979
1499.8,46.61597754508004
1500.0,46.16960642684681
1500.2,46.96552023791305
1500.4,46.896133917362384
1500.6,45.34471331168944
1500.8,47.05450905915413
1501.0,45.22919335139708
1501.2,45.066998332318526
1501.4,44.79918034618227
1501.6,43.23271154367972
1501.8,41.41110664007161
1502.0,45.86030110390931
1502.2,48.702526315588564
1502.4,50.593522880116275
1502.6,49.03595866983059
1502.8,52.0557695000972
1503.0,51.2212029247378
1503.2,49.22214892901393
1503.4,50.49767855887617
1503.6,50.133713634517036
1503.8,50.733772058854825
1504.0,52.5203797338371
1504.2,52.089178868866306
1504.4,50.217712571367976
1504.6,49.082242308013015
1504.8,49.77809094021712
1505.0,49.12639109877575
1505.2,46.90706938064578
1505.4,46.676344354704334
1505.6,44.17445027154395
1505.8,42.45895793104127
1506.0,42.391982561126426
1506.2,40.92474361547595
1506.4,39.46647977998769
1506.6,40.47339945082324
1506.8,39.829092159755625
1507.0,38.66937162107757
1507.2,37.440171983310826
1507.4,36.709416186658345
1507.6,37.859033515344635
1507.8,36.53677698857363
1508.0,34.72837075086062
1508.2,37.740487467569935
1508.4,37.34252566671274
1508.6,38.33795765683514
1508.8,38.83381766400504
1509.0,38.84398769066702
1509.2,37.128142756504886
1509.4,39.14035142726736
1509.6,41.439360805154195
1509.8,41.15663265610156
1510.0,40.180489092490966
1510.2,40.129114036176894
1510.4,38.11785391740483
1510.6,39.07441613468301
1510.8,39.25981723353051
1511.0,39.05229268870136
1511.2,38.977387892246625
1511.4,39.289627882778824
1511.6,38.12089921595221
1511.8,37.982422324329754
1512.0,37.74780655900153
1512.2,37.492450866126255
1512.4,39.69859884813631
1512.6,40.48727520266585
1512.8,40.64783582779151
1513.0,41.05983916441191
1513.2,40.68341732672171
1513.4,41.48293353879214
1513.6,41.09384632128888
1513.8,40.930642073663144
1514.0,41.87109461812324
1514.2,42.18748691837899
1514.4,41.46023395486813
1514.6,43.02711879943692
1514.8,43.012909164234685
1515.0,42.189626340421285
1515.2,42.32527058980612
1515.4,41.5432478041251
1515.6,42.794036053834354
1515.8,44.09959054741691
1516.0,46.89894623137364
1516.2,47.143324176070266
1516.4,49.18999646730452
1516.6,48.365260673502945
1516.8,47.81945304105582
1517.0,47.59878390993826
1517.2,46.614812371179674
1517.4,48.1703269481342
1517.6,46.23164264987997
1517.8,47.84995889284697
1518.0,52.10105894405377
1518.2,49.240221782097635
1518.4,48.34887810090162
1518.6,47.044203323380046
1518.8,44.93801237885745
1519.0,48.209900431323575
1519.2,49.133034465016586
1519.4,49.0507650056606
1519.6,48.617736737434456
1519.8,49.37813156654368
1520.0,48.40996809549716
1520.2,47.37991619088859
1520.4,49.9144491974637
1520.6,50.93414366535748
1520.8,51.6864667771175
1521.0,49.718648079909116
1521.2,48.394013419841045
1521.4,46.65700980328239
1521.6,46.85956757577269
1521.8,45.04442918018562
1522.0,44.83173978717992
1522.2,46.09371278167111
1522.4,46.029043500992415
1522.6,45.84657632398375
1522.8,44.608067068411486
1523.0,42.31333579816807
1523.2,42.512160674461086
1523.4,42.05905309646775
1523.6,41.24663946398809
1523.8,41.5163786478885
1524.0,39.40933591121449
1524.2,41.88299261926101
1524.4,40.27499174159583
1524.6,38.26254885724681
1524.8,37.850712510299
1525.0,38.262156263189894
1525.2,37.741276477033445
1525.4,37.941771636455414
1525.6,37.701956387841335
1525.8,35.95864623673063
1526.0,37.49316858169264
1526.2,36.24114525015258
1526.4,36.431125210675795
1526.6,36.33083100974284
1526.8,36.23680511841656
1527.0,37.930362232423754
1527.2,37.19302785152489
1527.4,36.92430348107675
1527.6,37.263629812002215
1527.8,37.59608826603493
1528.0,38.8349528863866
1528.2,38.54121254257354
1528.4,38.99554888360952
1528.6,40.26763680921162
1528.8,38.41384929117491
1529.0,40.8300732419218
1529.2,37.71147914273558
1529.4,38.511849086153575
1529.6,38.468270577245924
1529.8,39.105309181787774
1530.0,37.326672457088776
1530.2,38.72798534459895
1530.4,37.335706001758346
1530.6,37.53726184446773
1530.8,36.97539323577054
1531.0,38.388103451062435
1531.2,39.266268407528656
1531.4,41.49386823204128
1531.6,41.146302675526684
1531.8,40.7843041854988
1532.0,44.67081727975526
1532.2,46.030120245602376
1532.4,44.35802428254566
1532.6,44.6708171978996
1532.8,42.907887841922104
1533.0,43.485471929150165
1533.2,42.18808804435711
1533.4,41.809596151095285
1533.6,41.34218812030439
1533.8,42.924212628314464
1534.0,45.10135165602072
1534.2,44.467784874651635
1534.4,44.51829631467067
1534.6,45.05771640096469
1534.8,44.894262017221834
1535.0,44.194809414866825
1535.2,44.808698609672874
1535.4,43.32770822579806
1535.6,47.86144054265022
1535.8,47.610949050065834
1536.0,49.52604273783997
1536.2,48.08875987107514
1536.4,50.46977888476671
1536.6,53.04266876657045
1536.8,52.7788113544578
1537.0,52.39294720017709
1537.2,52.61600664370753
1537.4,52.31817190268706
1537.6,51.06917403450254
1537.8,49.25718659904404
1538.0,51.44073097847282
1538.2,52.552533833536906
1538.4,54.075714915252135
1538.6,55.11161376722944
1538.8,52.26523836533488
1539.0,53.70537352609613
1539.2,54.496832710556745
1539.4,52.316099380964154
1539.6,52.0833212148603
1539.8,52.16012317812173
1540.0,49.41517423511597
1540.2,47.773987244076174
1540.4,50.486150061381366
1540.6,51.00006910238764
1540.8,50.71176018460429
1541.0,50.0066435265546
1541.2,49.40295337316873
1541.4,49.704014543542044
1541.6,45.517406964893084
1541.8,45.12628045292712
1542.0,46.898062762983066
1542.2,48.78646786318412
1542.4,48.37240563810785
1542.6,49.16676077274652
1542.8,50.08055618268634
1543.0,50.844029944604365
1543.2,51.50790298985542
1543.4,51.58596947600164
1543.6,49.90366400407501
1543.8,51.19239910350131
1544.0,50.763494297774166
1544.2,52.14166272931308
1544.4,51.09047224201015
1544.6,53.066804041484176
1544.8,51.530880420818185
1545.0,49.82758706518445
1545.2,50.34930931433094
1545.4,50.53377118436116
1545.6,50.69410839362422
1545.8,48.2358600446823
1546.0,49.9889288887908
1546.2,50.42010809224442
1546.4,51.21560197462186
1546.6,50.15065815819653
1546.8,53.25039363891142
1547.0,50.50387870526933
1547.2,51.845514365916586
1547.4,51.29167240665499
1547.6,52.57587357215548
1547.8,57.53517026164796
1548.0,57.61117608786385
1548.2,57.06715315625434
1548.4,54.42238906892085
1548.6,53.83078734047078
1548.8,56.12174660779252
1549.0,56.0269042798172
1549.2,53.729580348094316
1549.4,55.02059892201616
1549.6,58.78383773250513
1549.8,58.81779107762548
1550.0,57.07298321748327
1550.2,57.46190524198671
1550.4,54.30042877433996
1550.6,54.648675100506274
1550.8,53.250895922475
1551.0,54.63215122376844
1551.2,53.88924391146591
1551.4,56.579354849774255
1551.6,60.07572875570525
1551.8,55.79531846667877
1552.0,52.02496320110056
1552.2,52.87432847019949
1552.4,50.20618999178235
1552.6,53.10193846829471
1552.8,52.331000159733264
1553.0,53.20478469680212
1553.2,52.640359904800526
1553.4,56.74232101414047
1553.6,55.23114357289825
1553.8,54.472496273013036
1554.0,52.210085998134005
1554.2,51.8939638335815
1554.4,51.869614928089796
1554.6,54.61556372042854
1554.8,54.347897906341
1555.0,55.13346035512565
1555.2,51.663438871106834
1555.4,50.1178520852515
1555.6,51.72720865922151
1555.8,50.05308126650175
1556.0,52.37121013565996
1556.2,54.598062274665665
1556.4,50.648034098806164
1556.6,49.831334856335545
1556.8,49.345205357896674
1557.0,49.473172763816606
1557.2,50.07685578879921
1557.4,50.14274972020961
1557.6,50.90182247527673
1557.8,51.543214555592634
1558.0,48.38470276029508
1558.2,46.78591584692035
1558.4,49.36896307065502
1558.6,48.78538715913542
1558.8,53.01105491526218
1559.0,54.385576753058906
1559.2,52.27010516916778
1559.4,54.17865870568451
1559.6,55.332873507143134
1559.8,55.49651225314509
1560.0,55.18364113274174
1560.2,55.17686734887397
1560.4,55.74555371941936
1560.6,55.549230705692324
1560.8,55.529876936938805
1561.0,56.36394943960654
1561.2,55.40627650443018
1561.4,55.33111043247568
1561.6,54.052292860188416
1561.8,55.925669968378514
1562.0,56.28855405083178
1562.2,57.84717418946032
1562.4,57.766706089109036
1562.6,56.757604808784606
1562.8,57.73596815522563
1563.0,57.836954496945964
1563.2,58.11417908587893
1563.4,59.37729232824735
1563.6,58.948756506497524
1563.8,60.542335125530464
1564.0,59.80139458940285
1564.2,59.85559165232693
1564.4,59.26980455991063
1564.6,55.155448925691644
1564.8,54.700214421835355
1565.0,55.92948557874855
1565.2,53.99920811468125
1565.4,52.290041322995734
1565.6,53.97989296454499
1565.8,53.95937769488973
1566.0,51.849441142657014
1566.2,50.50084561861589
1566.4,51.010549846826635
1566.6,50.490920712799216
1566.8,49.379873197486255
1567.0,50.23007548215098
1567.2,49.98632811899674
1567.4,52.483801321640975
1567.6,53.46913248206632
1567.8,51.28314841800386
1568.0,52.8394995451222
1568.2,52.68831984946861
1568.4,52.786620166953035
1568.6,51.32488994912233
1568.8,50.937578648835704
1569.0,51.74423028908019
1569.2,52.33301214713586
1569.4,52.26601518998596
1569.6,48.67513069198055
1569.8,48.712929723342086
1570.0,48.045285616638324
1570.2,44.683962812331856
1570.4,46.49653781578769
1570.6,48.359262763247784
1570.8,49.16894541324336
1571.0,49.38542542364285
1571.2,48.92109824833988
1571.4,52.04275943573633
1571.6,53.35265782242564
1571.8,54.495925428556966
1572.0,56.098706979156816
1572.2,55.49533246133946
1572.4,53.407005145599186
1572.6,49.539714921049665
1572.8,49.331504275513396
1573.0,47.53568315080831
1573.2,48.582822571501836
1573.4,46.46349864538371
1573.6,46.65481659516296
1573.8,47.0230580821438
1574.0,43.50645989037682
1574.2,44.12850162466487
1574.4,44.90832999435126
1574.6,43.07782303047087
1574.8,44.14229163312257
1575.0,43.507603294272805
1575.2,44.521595201580055
1575.4,46.25856192252535
1575.6,46.12470916631369
1575.8,44.66970473987311
1576.0,40.777488702041694
1576.2,41.048467188439304
1576.4,41.19244160210152
1576.6,40.14217157917577
1576.8,37.610801978484616
1577.0,38.579945228197865
1577.2,40.43186579331512
1577.4,41.11533718551637
1577.6,39.97379854013391
1577.8,41.03434278114087
1578.0,43.298407337757084
1578.2,44.853307545406615
1578.4,45.38811865546415
1578.6,44.12709146095011
1578.8,44.55617630661599
1579.0,46.41697611253653
1579.2,45.31956215712104
1579.4,47.81043836749654
1579.6,48.118460548237955
1579.8,47.315803316079666
1580.0,46.99238642677039
1580.2,47.353586540179904
1580.4,47.338256457872575
1580.6,45.9456638595891
1580.8,47.88883161490264
1581.0,49.77976140634158
1581.2,48.35688969096674
1581.4,45.300459419271455
1581.6,43.32510215742183
1581.8,44.63558753646221
1582.0,43.43268083014448
1582.2,41.65923081099252
1582.4,41.530885096387784
1582.6,40.97116744223099
1582.8,40.645679852343875
1583.0,39.13936367047511
1583.2,39.47035506406784
1583.4,40.81897857381587
1583.6,42.90116198094694
1583.8,41.97376545244452
1584.0,40.644966999246336
1584.2,41.795249447117214
1584.4,43.389010281172375
1584.6,39.93087154066887
1584.8,38.41865036176647
1585.0,36.369661737452816
1585.2,36.70697288787362
1585.4,37.9142956914946
1585.6,36.61593208926273
1585.8,36.48657373521278
1586.0,35.50579645562471
1586.2,34.66304339241033
1586.4,35.689470586529964
1586.6,34.3212823338716
1586.8,34.770497701045635
1587.0,35.041759164894465
1587.2,35.66228190966224
1587.4,34.32955479600593
1587.6,32.937306097585065
1587.8,32.53090795219099
1588.0,32.29503948503491
1588.2,30.77669455735977
1588.4,29.343080681467193
1588.6,31.224247798540688
1588.8,32.987950466464405
1589.0,31.479779231202933
1589.2,31.906382886712876
1589.4,33.34748462834691
1589.6,30.70323041212191
1589.8,29.36201297401887
1590.0,28.825847954952234
1590.2,30.637104015528234
1590.4,29.768062347134247
1590.6,29.725747666005038
1590.8,28.23758752016122
1591.0,27.729626328855087
1591.2,27.723765387833982
1591.4,29.206853722665468
1591.6,29.399565993867633
1591.8,30.120799004026033
1592.0,29.48179314049096
1592.2,31.54258499406224
1592.4,32.58395204605386
1592.6,33.28709358111465
1592.8,34.43064429124373
1593.0,34.08932065006121
1593.2,33.372428567990994
1593.4,32.236709952630555
1593.6,33.739936311683906
1593.8,32.98135269363503
1594.0,34.157998033576675
1594.2,36.26185815901924
1594.4,35.69624698176692
1594.6,38.48322185035212
1594.8,37.10669516223618
1595.0,39.72706173081234
1595.2,39.30460435037136
1595.4,40.10453138207454
1595.6,41.979853233398934
1595.8,41.33041090865723
1596.0,42.823081572076376
1596.2,40.48685050542794
1596.4,40.68085440931299
1596.6,38.26414281646223
1596.8,39.57317561277799
1597.0,41.886366743823515
1597.2,40.34876707885107
1597.4,41.32671176836326
1597.6,40.50155398347843
1597.8,39.173588604012146
1598.0,41.197745605929384
1598.2,43.24328431194543
1598.4,45.592594777954744
1598.6,43.33901820263833
1598.8,44.23698670942733
1599.0,43.130029749100174
1599.2,44.14166795821649
1599.4,42.90457743521408
1599.6,44.60435271953793
1599.8,46.07468342685774
1600.0,46.287503638571074
1600.2,46.18754749775757
1600.4,44.037763869988865
1600.6,43.821634188898514
1600.8,43.175499401700854
1601.0,47.86353839819004
1601.2,50.26750833382784
1601.4,49.564142233025315
1601.6,48.509667147811015
1601.8,50.04901131191048
1602.0,51.81614565787035
1602.2,53.17178730007826
1602.4,51.12339236837853
1602.6,50.958717065648564
1602.8,52.09637521666819
1603.0,54.62814506185663
1603.2,55.598718928636124
1603.4,56.79425732565896
1603.6,54.27766682956408
1603.8,52.28230433125786
1604.0,55.22922585811128
1604.2,54.27299576767397
1604.4,55.02806530888592
1604.6,57.83484816359252
1604.8,57.04597068584799
1605.0,56.604802527326555
1605.2,56.80447354027764
1605.4,56.48492806943773
1605.6,55.66608332322251
1605.8,57.96487182220015
1606.0,57.53947442635226
1606.2,56.74330446224257
1606.4,56.078644276282425
1606.6,57.24654647912894
1606.8,54.123019130929286
1607.0,52.3861422640372
1607.2,53.32634848165778
1607.4,53.48617379545488
1607.6,54.11172276255242
1607.8,53.237625805742496
1608.0,54.81860717038481
1608.2,52.9729492394386
1608.4,53.61146914035149
1608.6,55.90055849772579
1608.8,55.919369677603385
1609.0,57.98903956662062
1609.2,58.39533864001314
1609.4,59.583219485970645
1609.6,58.437647959345426
1609.8,60.932373136969915
1610.0,61.44020398565189
1610.2,58.3873982053365
1610.4,58.53954053279207
1610.6,57.930264957557476
1610.8,54.027763621486635
1611.0,54.68221061303636
1611.2,54.259845657755676
1611.4,55.98307952185253
1611.6,57.69976445944826
1611.8,59.232548773206084
1612.0,60.99511526556854
1612.2,60.98468732238045
1612.4,58.32538828666462
1612.6,57.02099879626936
1612.8,58.464012086025576
1613.0,61.563882038307284
1613.2,62.26176995893497
1613.4,61.181251505374554
1613.6,63.55443529005791
1613.8,61.98278496866378
1614.0,56.54163971067141
1614.2,59.21505958939602
1614.4,57.119440561537466
1614.6,57.771703485325034
1614.8,55.235243815398604
1615.0,52.43625504209498
1615.2,49.21179230631929
1615.4,47.741089991441974
1615.6,49.20840333951229
1615.8,50.50373822063403
1616.0,50.60513560060707
1616.2,47.470371699235784
1616.4,48.77340711662862
1616.6,49.07497069115269
1616.8,45.428713400105465
1617.0,47.59993464884953
1617.2,46.35009449155945
1617.4,46.76524121026465
1617.6,49.39427354693136
1617.8,48.43410431760621
1618.0,46.241959930822304
1618.2,44.174177620399675
1618.4,43.251327800078315
1618.6,41.85194300825022
1618.8,44.21593899350036
1619.0,44.22377757210679
1619.2,44.75450952648123
1619.4,44.87427077634596
1619.6,44.692452249621766
1619.8,44.94265626852317
1620.0,44.90582742959225
1620.2,45.14321914275988
1620.4,45.94063340388524
1620.6,43.813058771189716
1620.8,43.69687070288447
1621.0,44.41789756460306
1621.2,41.812200659735694
1621.4,43.04511356474989
1621.6,43.589193059176935
1621.8,44.152290504124935
1622.0,43.21263046262945
1622.2,44.15619071303857
1622.4,45.03869288462183
1622.6,44.19692148693056
1622.8,45.179163543928034
1623.0,46.79879988912295
1623.2,45.9007362008644
1623.4,47.296790494481655
1623.6,48.09013732425964
1623.8,48.94220076611718
1624.0,46.51031287885169
1624.2,52.301816155682886
1624.4,50.7785883523406
1624.6,49.96188143922552
1624.8,48.89925581552635
1625.0,47.684542241255045
1625.2,48.174124236903104
1625.4,48.968592861625254
1625.6,48.44390563411415
1625.8,47.38211900979525
1626.0,48.16725555477565
1626.2,49.500623569818714
1626.4,47.97520941465117
1626.6,47.45950230575388
1626.8,48.46745024043503
1627.0,51.56067324604259
1627.2,50.381400725018324
1627.4,47.615767262761935
1627.6,49.48554889352607
1627.8,48.10258307132039
1628.0,48.108296937970046
1628.2,47.45994806798497
1628.4,46.21447697738044
1628.6,45.74793017193906
1628.8,42.91317978555708
1629.0,43.89078256614098
1629.2,45.2481556574023
1629.4,46.07284297984003
1629.6,47.06820096368335
1629.8,47.08640231008747
1630.0,47.039058109142005
1630.2,48.64087666123545
1630.4,45.1028176592009
1630.6,49.30054665617034
1630.8,47.66613781507785
1631.0,46.74657751860462
1631.2,45.64619112722599
1631.4,44.66299506068726
1631.6,46.74666799029702
1631.8,46.987884882511636
1632.0,45.65569144079957
1632.2,48.49625174360484
1632.4,45.38006707143269
1632.6,43.37787639368952
1632.8,42.424804637758044
1633.0,44.85432123996076
1633.2,43.49884376034977
1633.4,42.02543591423093
1633.6,43.05975654915693
1633.8,43.85200657981774
1634.0,44.10747359342149
1634.2,44.13497930532226
1634.4,44.05634083533684
1634.6,41.58535905107361
1634.8,41.037433605965354
1635.0,38.114705795397
1635.2,37.848020419943225
1635.4,36.115804289141074
1635.6,35.374223122381906
1635.8,35.35629344089389
1636.0,36.97475910358084
1636.2,37.738139341886196
1636.4,37.35292408839045
1636.6,36.633542061551566
1636.8,36.479585220994025
1637.0,37.392585847420726
1637.2,36.98367778473123
1637.4,40.278295563318764
1637.6,39.1824941800415
1637.8,39.98344069807869
1638.0,39.857297527295636
1638.2,39.301845733053916
1638.4,40.10715029745306
1638.6,41.15668792630109
1638.8,42.29849087108662
1639.0,42.5544819023003
1639.2,43.185101805510556
1639.4,40.868316511618815
1639.6,39.972310172042974
1639.8,38.38921202835631
1640.0,37.801810915495324
1640.2,38.61469481143228
1640.4,39.58615536307178
1640.6,40.995424613647
1640.8,38.261709643419316
1641.0,36.149964443848845
1641.2,35.690667267269795
1641.4,34.766170982904576
1641.6,34.35405528386254
1641.8,33.576680389122195
1642.0,34.41437369226867
1642.2,34.82913774824957
1642.4,35.46750746162144
1642.6,34.94505648634642
1642.8,34.44909972017074
1643.0,34.09411393081094
1643.2,32.66039786946812
1643.4,33.81112351480182
1643.6,33.52749602817554
1643.8,33.764919826064165
1644.0,33.41895400772331
1644.2,34.38878159054768
1644.4,34.47072783570414
1644.6,33.26208963796277
1644.8,31.655448001909537
1645.0,30.53202242796126
1645.2,30.805487136368278
1645.4,31.023653132962913
1645.6,31.079869170850984
1645.8,31.062808766954724
1646.0,30.294314022108964
1646.2,29.499833482366316
1646.4,30.83815853935745
1646.6,31.682735596269737
1646.8,32.23712987028452
1647.0,32.098761946617046
1647.2,32.194745952517984
1647.4,31.838284210263165
1647.6,30.064051491894897
1647.8,30.228494547933458
1648.0,29.675787278627453
1648.2,29.143334845666576
1648.4,28.783076203297956
1648.6,29.565448677767275
1648.8,30.41157368486487
1649.0,30.00738063443655
1649.2,31.68430589737479
1649.4,32.19595078702865
1649.6,33.674209747165705
1649.8,33.01544226232363
1650.0,33.17326111261132
1650.2,34.386505498078115
1650.4,34.99487582508185
1650.6,36.62603999217295
1650.8,36.10409258091306
1651.0,37.454813710087286
1651.2,34.839422252612835
1651.4,34.17296728752244
1651.6,35.08719188378307
1651.8,36.34235986222893
1652.0,36.45854738438317
1652.2,36.5832253489624
1652.4,37.3412683179271
1652.6,36.72942210877108
1652.8,38.57989889423065
1653.0,38.59609323233132
1653.2,37.819216872054085
1653.4,37.428156145643364
1653.6,36.19604946826364
1653.8,35.98828982267948
1654.0,34.854805555417556
1654.2,34.62178992850485
1654.4,33.67535456871201
1654.6,35.609587820820266
1654.8,35.865937047560244
1655.0,36.24658182498193
1655.2,35.955490198859586
1655.4,34.691556995448394
1655.6,35.97191192621183
1655.8,37.37833973319424
1656.0,40.50164147204572
1656.2,38.52258441439871
1656.4,41.597948092373514
1656.6,41.2895674198466
1656.8,41.806457882115154
1657.0,39.63860704054877
1657.2,38.988886012315774
1657.4,39.197605470722415
1657.6,37.004072552349236
1657.8,37.6833204283458
1658.0,38.70807451996316
1658.2,38.01514481834376
1658.4,38.375637390993106
1658.6,37.014164157061686
1658.8,35.62641557903412
1659.0,36.20441216291857
1659.2,35.530701145207296
1659.4,34.48918161981502
1659.6,33.293857657362956
1659.8,32.78381909872372
1660.0,32.34135073408613
1660.2,33.90672786075764
1660.4,33.85041574790219
1660.6,33.126532255857704
1660.8,30.55725970444459
1661.0,30.65439691031225
1661.2,31.867403118672975
1661.4,32.34390809546884
1661.6,34.1407634633532
1661.8,36.78421745347073
1662.0,36.853412973255075
1662.2,38.12756833245284
1662.4,38.32182164630747
1662.6,37.63814141834726
1662.8,35.19305711874172
1663.0,35.83973651624869
1663.2,36.00176573152059
1663.4,37.11971890122462
1663.6,38.20149744595111
1663.8,40.590471991094994
1664.0,40.922918980558116
1664.2,41.17563073191264
1664.4,39.794246905350825
1664.6,39.024046170946804
1664.8,39.530204653922134
1665.0,36.45386042914734
1665.2,35.698889262166084
1665.4,35.77682420240404
1665.6,34.866439923730056
1665.8,34.26628157509746
1666.0,34.83586920362859
1666.2,35.20072522753977
1666.4,35.402732365409875
1666.6,34.70473012271103
1666.8,35.51555433774293
1667.0,36.249146078782275
1667.2,34.95047692089926
1667.4,35.90104733050183
1667.6,37.43654578272895
1667.8,38.249975172018466
1668.0,38.71474117985015
1668.2,38.1190291609277
1668.4,37.95907146398148
1668.6,36.51251767513743
1668.8,36.44841027399296
1669.0,35.66375652697103
1669.2,37.724585364055706
1669.4,38.88386568603693
1669.6,38.69214614148271
1669.8,38.204667697384316
1670.0,37.83702054421225
1670.2,37.886864238933654
1670.4,36.90243641935334
1670.6,33.55560197719651
1670.8,33.689878313110114
1671.0,34.31806567592086
1671.2,34.15672093094555
1671.4,34.898808837848115
1671.6,34.82406139383237
1671.8,34.64682314457002
1672.0,31.625121841874172
1672.2,31.54853861430722
1672.4,30.774944328203233
1672.6,32.30021584035706
1672.8,33.21033941454529
1673.0,33.48996398528207
1673.2,33.13452010349768
1673.4,33.9245701708031
1673.6,31.33103641253854
1673.8,32.70286549877544
1674.0,31.833776240111177
1674.2,31.844604131082942
1674.4,32.23249061620614
1674.6,31.77578304317171
1674.8,31.722186457507032
1675.0,31.32911000007355
1675.2,31.9070458733226
1675.4,31.944871445083184
1675.6,32.82242990837897
1675.8,32.45036439637801
1676.0,30.288916933961332
1676.2,30.882023044294613
1676.4,30.96661268523866
1676.6,30.85440821403434
1676.8,30.352284238926277
1677.0,29.99601857227291
1677.2,29.044716070609358
1677.4,29.467161618751113
1677.6,29.960076696322737
1677.8,30.255130246413255
1678.0,30.744606655991014
1678.2,32.000804713959056
1678.4,30.144896273460976
1678.6,30.798212907198007
1678.8,30.003811368873357
1679.0,28.795366806583573
1679.2,29.544972245149804
1679.4,29.637517913857234
1679.6,29.657814007518386
1679.8,29.58264972971687
1680.0,30.788701304535206
1680.2,30.191006913210995
1680.4,31.136796440564698
1680.6,32.22520561798273
1680.8,32.057180200566926
1681.0,33.57575695136269
1681.2,35.90142408120649
1681.4,35.355249742170486
1681.6,35.70605325312287
1681.8,39.10951990530364
1682.0,37.34778118588009
1682.2,38.605181704743934
1682.4,38.936195484589206
1682.6,38.51589682534129
1682.8,39.31521523202661
1683.0,40.26703662433391
1683.2,39.15882864020412
1683.4,37.93811792283444
1683.6,36.085706136265955
1683.8,35.45239994427834
1684.0,34.953013214128504
1684.2,37.12945337433187
1684.4,38.305589411527116
1684.6,40.17635542755166
1684.8,41.75306504864665
1685.0,42.05712505735342
1685.2,40.535257940451366
1685.4,41.19110845972975
1685.6,39.706501548913316
1685.8,38.353480030592124
1686.0,36.72779373814046
1686.2,36.085006739985424
1686.4,34.1247955404883
1686.6,35.288662408224745
1686.8,34.938589905874274
1687.0,34.57315527737364
1687.2,37.0072732883576
1687.4,36.322286058344645
1687.6,35.46073592431866
1687.8,34.82896719173441
1688.0,37.981524550730306
1688.2,36.27960556603276
1688.4,35.41978445668628
1688.6,36.85121265037024
1688.8,37.26063922747607
1689.0,37.79834920856273
1689.2,38.11107374577466
1689.4,38.63133593578794
1689.6,39.57912252951452
1689.8,39.92011708077736
1690.0,41.44938413084809
1690.2,41.72009066291679
1690.4,43.153592111510704
1690.6,44.54402583279798
1690.8,43.31233398866776
1691.0,43.61157237125185
1691.2,44.30336978514495
1691.4,42.3791840642561
1691.6,41.27951946437555
1691.8,41.29755432986114
1692.0,39.98960109816724
1692.2,39.898171972421636
1692.4,40.30466901830057
1692.6,39.816962713155114
1692.8,39.253290430032244
1693.0,37.33120786134883
1693.2,39.07420648040281
1693.4,40.64569028291183
1693.6,40.0646914482861
1693.8,37.77944644090634
1694.0,39.00773762981309
1694.2,38.07519540650315
1694.4,39.5570674035032
1694.6,39.1533505798713
1694.8,40.1402374255376
1695.0,39.638081642879925
1695.2,38.322338167964666
1695.4,38.00229100335577
1695.6,36.84189480295907
1695.8,37.713326792222546
1696.0,38.41965252952021
1696.2,37.404603539762654
1696.4,39.70814502445188
1696.6,37.550048456261244
1696.8,36.756439826181676
1697.0,33.82427651296333
1697.2,31.47869992652062
1697.4,32.29847743008459
1697.6,32.39747138574971
1697.8,32.28109390840177
1698.0,31.678939565547438
1698.2,31.59825414756027
1698.4,32.14668846892205
1698.6,31.244494112087487
1698.8,32.183502903188334
1699.0,32.88780767796134
1699.2,31.509122900668544
1699.4,31.197179543806698
1699.6,32.06335368581084
1699.8,32.30252025973594
1700.0,32.85237576490503
1700.2,36.1884930474895
1700.4,36.88658409175639
1700.6,38.44776586391595
1700.8,37.80737514625217
1701.0,34.19923283742061
1701.2,32.61740531684277
1701.4,33.601688979094305
1701.6,32.85657823558068
1701.8,33.59486076632692
1702.0,35.887562908096996
1702.2,32.59918653736661
1702.4,33.211218307818285
1702.6,33.809616297021435
1702.8,36.05496258644151
1703.0,37.123173033764296
1703.2,37.50860645052215
1703.4,38.59883862691338
1703.6,38.68778756777018
1703.8,33.654213732714695
1704.0,34.22978046429086
1704.2,35.73144948852437
1704.4,38.680544929242046
1704.6,38.13888099718747
1704.8,40.87412040822389
1705.0,40.606124886654484
1705.2,39.20398776753522
1705.4,40.10104886961229
1705.6,38.071519554964006
1705.8,38.03906523287766
1706.0,38.16013425850586
1706.2,39.277054091901014
1706.4,40.470457746692944
1706.6,41.32489780693846
1706.8,39.70249651628174
1707.0,39.710305711926075
1707.2,40.38778707779186
1707.4,38.366631311643914
1707.6,37.14772295526127
1707.8,39.214966434778454
1708.0,38.577373698161864
1708.2,39.17961843573846
1708.4,40.35133286965731
1708.6,39.89637706239999
1708.8,40.42738817582468
1709.0,39.05873900686424
1709.2,39.741701474133194
1709.4,42.705448527206585
1709.6,41.945011067008345
1709.8,45.11559833751172
1710.0,46.38903489468733
1710.2,44.86270148306681
1710.4,46.34723443644436
1710.6,45.19182721977763
1710.8,46.14014614062265
1711.0,45.788997836871026
1711.2,46.39867671519005
1711.4,45.379253880638856
1711.6,46.28996350863588
1711.8,45.40429951139187
1712.0,46.40194237866422
1712.2,45.68238753820214
1712.4,48.30631600440104
1712.6,47.40030608333868
1712.8,47.689007939367734
1713.0,47.19898550010144
1713.2,43.822413449211986
1713.4,44.69626554037308
1713.6,41.78344093975876
1713.8,39.31538617653408
1714.0,41.149433924257856
1714.2,40.94487740791564
1714.4,38.864509761523664
1714.6,39.23445712740935
1714.8,38.80315375703298
1715.0,39.08022285353446
1715.2,37.88589784635819
1715.4,39.012894895344076
1715.6,38.850137918453214
1715.8,39.23854649718699
1716.0,40.18970655163421
1716.2,40.9950527342305
1716.4,40.077892290163874
1716.6,37.525392102194395
1716.8,37.07254545077832
1717.0,39.253640530549234
1717.2,38.398782097742085
1717.4,39.944920389223256
1717.6,42.75547591320617
1717.8,41.71031092773713
1718.0,42.26085245902641
1718.2,41.21222878596025
1718.4,42.99584383152918
1718.6,40.198379933481554
1718.8,42.581289956508144
1719.0,43.30556458009752
1719.2,43.16933020161696
1719.4,45.97840886289737
1719.6,44.636907697449224
1719.8,44.380713180108714
1720.0,45.17845382443157
1720.2,45.22519897172123
1720.4,46.201989572746484
1720.6,45.78608475222484
1720.8,46.538487682768306
1721.0,45.068512385715096
1721.2,48.25235858745253
1721.4,46.71095604638549
1721.6,50.6083620199954
1721.8,49.751636931696424
1722.0,51.08717846790392
1722.2,48.02620209796623
1722.4,50.02213376236803
1722.6,49.73858354455313
1722.8,49.140266365872655
1723.0,47.73674972929165
1723.2,49.88752512586679
1723.4,45.83439272629999
1723.6,48.59708555165546
1723.8,48.31137724684747
1724.0,47.956133240015504
1724.2,49.61699077262331
1724.4,48.302351185455564
1724.6,46.5383492292826
1724.8,45.22773548374702
1725.0,44.78842431547015
1725.2,50.38952987994652
1725.4,49.3113090137127
1725.6,51.1888291456252
1725.8,53.195726777109044
1726.0,51.51203983318629
1726.2,52.118105965990466
1726.4,52.08674771940116
1726.6,52.27355283095748
1726.8,53.027289779790806
1727.0,55.33712007570997
1727.2,55.389720119881446
1727.4,52.82694888057226
1727.6,55.89565345053617
1727.8,55.04803408277375
1728.0,55.84209933356816
1728.2,54.63578027824137
1728.4,55.363940238664185
1728.6,55.249966893530384
1728.8,57.499753994899066
1729.0,54.7044126383021
1729.2,54.927727547613074
1729.4,56.66545210206867
1729.6,55.66239094449938
1729.8,54.26370827980974
1730.0,53.790785798760396
1730.2,55.954325702102764
1730.4,55.396001348884724
1730.6,55.01888870026012
1730.8,53.946425745916656
1731.0,52.48491459224632
1731.2,50.01167982469893
1731.4,48.613952771656315
1731.6,48.4378578079253
1731.8,48.15844488853406
1732.0,49.58640212988111
1732.2,50.472522478673774
1732.4,51.9310190678328
1732.6,51.904151259412245
1732.8,55.04572811347052
1733.0,56.468708351278266
1733.2,56.01980236626669
1733.4,56.98646756967691
1733.6,54.487114146931226
1733.8,54.71100438604307
1734.0,52.678344470430176
1734.2,54.324643877535685
1734.4,54.37290715444979
1734.6,54.12565817061615
1734.8,52.201568829794816
1735.0,52.73713646660619
1735.2,51.17802706551093
1735.4,50.18235202127453
1735.6,50.312992529666694
1735.8,50.36031802810673
1736.0,50.66337499907138
1736.2,54.53954368185507
1736.4,54.610473035242066
1736.6,52.749916687932355
1736.8,52.890970566473605
1737.0,53.29559975548332
1737.2,52.18280370044141
1737.4,49.74781026356611
1737.6,46.946755837750594
1737.8,48.81698568243685
1738.0,47.89033636733507
1738.2,46.439159764441456
1738.4,44.97712566389306
1738.6,43.72300912343724
1738.8,42.71459988245282
1739.0,44.1240156961923
1739.2,44.42884505179055
1739.4,46.07735152569434
1739.6,44.96666868922465
1739.8,44.534223471615505
1740.0,45.5416598359048
1740.2,46.690102063892056
1740.4,46.77599856214079
1740.6,45.966309204904874
1740.8,47.750086411841295
1741.0,49.20820256311312
1741.2,46.47947607619812
1741.4,44.92938902906041
1741.6,45.561455249064736
1741.8,44.76292008258742
1742.0,44.462827404104544
1742.2,41.90244838225893
1742.4,41.82986091465271
1742.6,42.776852314194414
1742.8,44.85745417018207
1743.0,45.16325393901455
1743.2,46.77269272469925
1743.4,46.48642369065279
1743.6,47.95874806646664
1743.8,47.794962462309954
1744.0,48.10882612021953
1744.2,47.89774025553528
1744.4,46.46772886262418
1744.6,46.25557741943224
1744.8,47.179220909637
1745.0,44.870626771080126
1745.2,45.926373208179754
1745.4,45.65960006875871
1745.6,44.73557532219658
1745.8,43.87565908403864
1746.0,45.08444679712608
1746.2,45.01843482740374
1746.4,45.39432701985321
1746.6,44.61315620791319
1746.8,45.27556378518065
1747.0,43.41956158084331
1747.2,41.061125793532156
1747.4,43.7448150775156
1747.6,44.37645247900089
1747.8,43.497930369280766
1748.0,42.14743997747166
1748.2,43.64970560198376
1748.4,42.132974247383714
1748.6,40.55919050987627
1748.8,41.26557703919162
1749.0,41.55971903987197
1749.2,42.466559101844354
1749.4,42.84688851952772
1749.6,42.26589448623318
1749.8,43.832440100339525
1750.0,43.92379715630048
1750.2,43.15162137492386
1750.4,40.960635239016135
1750.6,41.731636190695184
1750.8,40.99303694006416
1751.0,41.83389035263304
1751.2,41.47151324298575
1751.4,41.75378879279017
1751.6,40.00207214398051
1751.8,39.96931647471688
1752.0,41.16654765187604
1752.2,42.12587697743511
1752.4,41.318238258347144
1752.6,43.95139063399857
1752.8,44.29605301738755
1753.0,42.99023502109005
1753.2,44.7104971415057
1753.4,45.76926472145086
1753.6,46.119698795903325
1753.8,44.989274499790966
1754.0,47.19815302227061
1754.2,46.71387447041422
1754.4,43.86687800978255
1754.6,43.82926840800265
1754.8,44.065383379074106
1755.0,41.93556805633094
1755.2,41.70056457740746
1755.4,42.34786670765173
1755.6,44.450800653615886
1755.8,44.404441476513824
1756.0,44.184920996814974
1756.2,46.45892798756498
1756.4,45.536850741478325
1756.6,45.61906958250043
1756.8,49.220278084351875
1757.0,48.13013669944696
1757.2,48.059920741793604
1757.4,47.93332149963109
1757.6,45.930389467172006
1757.8,46.050580443420806
1758.0,44.14412959890079
1758.2,44.82062028878793
1758.4,47.01809785994656
1758.6,46.63982169719709
1758.8,42.742229091404184
1759.0,42.75853992546282
1759.2,44.27021893195742
1759.4,46.7950077854539
1759.6,48.21389766151414
1759.8,48.474203843390164
1760.0,47.18344140305592
1760.2,46.313736923799276
1760.4,47.284651638889905
1760.6,46.13722892523733
1760.8,45.101119059877405
1761.0,45.09530853038228
1761.2,45.92307482487054
1761.4,42.28145374400063
1761.6,42.56457776375916
1761.8,42.29546397409486
1762.0,45.25742810565656
1762.2,44.6446309228791
1762.4,43.241222689515766
1762.6,42.848052481403336
1762.8,43.49516798088682
1763.0,43.35858624402941
1763.2,43.98915852391504
1763.4,45.225483493601445
1763.6,46.76096063459694
1763.8,49.9644432427084
1764.0,49.18992962405844
1764.2,47.159225676525416
1764.4,47.31971995751216
1764.6,48.37827366691425
1764.8,48.61628652775853
1765.0,48.79015602059637
1765.2,48.8380155288765
1765.4,47.628848004889434
1765.6,48.56605530869378
1765.8,49.712252779960544
1766.0,49.63437198589686
1766.2,48.5042994413171
1766.4,46.87191111528379
1766.6,42.330584652353465
1766.8,44.320340039171775
1767.0,44.1007237162644
1767.2,46.12341797558945
1767.4,45.111459277343556
1767.6,44.17161217850673
1767.8,43.149832185353986
1768.0,46.467890835146434
1768.2,48.74005862689068
1768.4,46.721901296197004
1768.6,46.86543467056394
1768.8,50.964828721312344
1769.0,51.13835302659353
1769.2,51.09713333478467
1769.4,51.22063708287172
1769.6,52.76522707904362
1769.8,55.29461255918644
1770.0,57.95633702622378
1770.2,56.41491378816617
1770.4,56.12361872579763
1770.6,56.798143201230744
1770.8,56.789672679227934
1771.0,54.92743916212022
1771.2,54.96225504776886
1771.4,52.48320467393108
1771.6,51.21175330361804
1771.8,55.19913200669361
1772.0,57.78369832452482
1772.2,57.75509799828502
1772.4,55.41993303097688
1772.6,54.894561292774085
1772.8,54.86384055442834
1773.0,50.73936931753571
1773.2,49.66580476277482
1773.4,47.871295795796975
1773.6,45.16003354449752
1773.8,43.526849658177305
1774.0,42.224093822995556
1774.2,46.20300084502388
1774.4,45.05723195845937
1774.6,45.794912196807395
1774.8,44.47556644376835
1775.0,44.443890622600875
1775.2,43.193833715642
1775.4,44.03476940678513
1775.6,46.03154725703515
1775.8,43.57176278332085
1776.0,42.6310831282298
1776.2,44.20878497598306
1776.4,43.29842399907402
1776.6,42.5373359285505
1776.8,40.98204985479516
1777.0,42.446381276707285
1777.2,44.3030007833454
1777.4,40.8552543164502
1777.6,41.599669965095075
1777.8,40.30128828353293
1778.0,40.903674533507484
1778.2,41.69237393301016
1778.4,43.105809537963
1778.6,43.79913547488773
1778.8,45.9971134056408
1779.0,45.524751478263276
1779.2,44.548319841290734
1779.4,41.98066060741621
1779.6,41.76372151452473
1779.8,41.1511175327916
1780.0,41.94720891815315
1780.2,39.30879343491221
1780.4,41.463849599164355
1780.6,39.49728290409893
1780.8,39.94102663064932
1781.0,37.11432655709293
1781.2,37.91324012478752
1781.4,35.6110463533164
1781.6,37.48899120763224
1781.8,36.98335931130513
1782.0,36.18650630450632
1782.2,32.95607559664186
1782.4,34.76282335838938
1782.6,35.2811917174995
1782.8,35.01536343712337
1783.0,34.547038572020774
1783.2,33.35463851587182
1783.4,36.201956511839406
1783.6,35.75688025255742
1783.8,37.25422633136561
1784.0,34.743247009402225
1784.2,33.48582063260302
1784.4,33.370407743447295
1784.6,34.244989915184874
1784.8,35.16018873014651
1785.0,35.40089015371646
1785.2,36.32880240920339
1785.4,35.43699452103621
1785.6,39.15618431533604
1785.8,37.99112004390995
1786.0,36.132926859878104
1786.2,37.41527984433452
1786.4,37.83443056800533
1786.6,37.08661372696179
1786.8,38.35896386212362
1787.0,37.460368689912684
1787.2,37.120703272655334
1787.4,38.183825634567654
1787.6,39.26617627380543
1787.8,39.337406324997914
1788.0,38.92100456379468
1788.2,41.24559364250382
1788.4,44.50165071081149
1788.6,43.28625412071581
1788.8,43.87356258802454
1789.0,45.590024608246424
1789.2,45.96173053384267
1789.4,43.877447406210884
1789.6,41.18225140863145
1789.8,41.60566092626838
1790.0,44.142218251630396
1790.2,44.71479945959832
1790.4,44.024201458237684
1790.6,43.608457801165805
1790.8,41.65947970690024
1791.0,41.516437024112406
1791.2,41.37532196698551
1791.4,41.85296666774407
1791.6,40.584645904598645
1791.8,40.82930539051155
1792.0,41.63269034384929
1792.2,39.9181550333905
1792.4,41.908743331427715
1792.6,44.03222382087193
1792.8,41.87690043061199
1793.0,41.83952259301884
1793.2,38.86973479447634
1793.4,39.23204597071987
1793.6,38.69695419966679
1793.8,38.90537873777734
1794.0,39.162920857558255
1794.2,40.05200242815664
1794.4,41.8657108711087
1794.6,41.80071174385033
1794.8,41.65315774734714
1795.0,40.42248678010624
1795.2,40.01946399441995
1795.4,43.23867108101447
1795.6,44.2644536284935
1795.8,46.5042373959212
1796.0,46.26427675277121
1796.2,43.13052195143014
1796.4,42.49282905173956
1796.6,45.36013606515919
1796.8,43.58136445576943
1797.0,41.29951637650354
1797.2,39.923373663933795
1797.4,41.244882174996505
1797.6,41.82931945533827
1797.8,40.76181332589854
1798.0,39.21228738486317
1798.2,37.85845370336484
1798.4,39.895434201393115
1798.6,40.08126582340714
1798.8,40.59727695234208
1799.0,39.311199436491535
1799.2,38.769789713469734
1799.4,39.631445763930685
1799.6,37.58781285592902
1799.8,39.45560989812887
1800.0,43.10888735554971
1800.2,42.105129089600496
1800.4,39.35001285623279
1800.6,42.130735260099044
1800.8,42.13620075535066
1801.0,40.03507480865642
1801.2,39.708926935007455
1801.4,40.828259975429006
1801.6,40.915276691182655
1801.8,40.9873840032938
1802.0,40.54846700807055
1802.2,40.52034103392238
1802.4,40.56336862067033
1802.6,41.099310996707736
1802.8,41.72119972965884
1803.0,39.11383990060624
1803.2,39.16452254928912
1803.4,40.65471389885596
1803.6,42.841445227955916
1803.8,42.860610151280014
1804.0,42.559271787188294
1804.2,38.80547271672724
1804.4,36.91469052672787
1804.6,40.06770095000665
1804.8,39.14883035038648
1805.0,38.474460968838386
1805.2,40.043290194152306
1805.4,39.65111779838118
1805.6,41.9138157507221
1805.8,43.2164621520121
1806.0,42.21864482659296
1806.2,43.52009541856019
1806.4,45.401310534686374
1806.6,45.54420011113615
1806.8,46.36720886465027
1807.0,44.96981187420303
1807.2,43.42308624996651
1807.4,42.234050983424616
1807.6,41.05069207753246
1807.8,42.563168478917
1808.0,44.20130812450465
1808.2,43.635046126708296
1808.4,42.487861682473984
1808.6,41.41749436812838
1808.8,43.77655660230856
1809.0,42.403733050587675
1809.2,43.02198319098129
1809.4,42.70186876417036
1809.6,44.84050355529571
1809.8,45.48250596448443
1810.0,48.91873011621105
1810.2,50.14538680230362
1810.4,44.88455855261266
1810.6,44.03756662046775
1810.8,46.43771129081805
1811.0,44.190159142086465
1811.2,44.00822529115111
1811.4,45.01128198391217
1811.6,44.900737577895036
1811.8,44.57169752760762
1812.0,45.01556968756604
1812.2,44.245471905505426
1812.4,44.43175936896008
1812.6,46.3773617726108
1812.8,46.77774982848101
1813.0,45.21821965251882
1813.2,43.4574241721274
1813.4,40.67441475273995
1813.6,38.30512804646604
1813.8,39.84449398658289
1814.0,40.232869780835394
1814.2,40.099856402496094
1814.4,41.65490906168661
1814.6,40.52327021184314
1814.8,40.09887663632328
1815.0,39.487191406812194
1815.2,41.775512514223195
1815.4,38.4226050976192
1815.6,38.249671449795585
1815.8,37.751111788522905
1816.0,37.374634520733366
1816.2,37.189404537897495
1816.4,36.42989586589352
1816.6,36.995862255782555
1816.8,36.99613248785778
1817.0,35.32375300098657
1817.2,35.84838996667097
1817.4,35.64016870245746
1817.6,34.96064598017511
1817.8,36.39676877503478
1818.0,35.70378504767313
1818.2,35.74829009783268
1818.4,36.2572146950815
1818.6,34.41006700192118
1818.8,35.86885698318216
1819.0,36.49820928248255
1819.2,35.55141590038734
1819.4,37.07006360231441
1819.6,39.118938822944145
1819.8,41.00506474045857
1820.0,40.31432241504056
1820.2,40.42075611104551
1820.4,39.67318423163276
1820.6,40.921316432102046
1820.8,41.77600085629122
1821.0,40.88412577140783
1821.2,40.225864909643164
1821.4,40.70887376979496
1821.6,40.70434574009498
1821.8,40.854190558741806
1822.0,39.80903910544028
1822.2,38.37465060602846
1822.4,39.25944784101294
1822.6,36.74438421180055
1822.8,37.253679501111314
1823.0,39.20314483076211
1823.2,38.544103568484914
1823.4,39.51025226588261
1823.6,40.074985528928096
1823.8,39.99525925201985
1824.0,40.520294014136304
1824.2,41.076180891810225
1824.4,40.80893664597706
1824.6,41.37010387896289
1824.8,41.2588539006306
1825.0,41.37220429972079
1825.2,41.3046860747952
1825.4,40.16594693979953
1825.6,42.17204803411319
1825.8,41.1971495033073
1826.0,42.30544680878049
1826.2,41.96405551081736
1826.4,41.307692138815675
1826.6,39.17876684650678
1826.8,39.71627434059984
1827.0,41.74508179138129
1827.2,42.202981582442035
1827.4,39.18082414106297
1827.6,36.68540724629297
1827.8,36.75621553849159
1828.0,37.59593057185388
1828.2,38.36515350030608
1828.4,39.19144733845721
1828.6,41.91331716074697
1828.8,42.04664402852472
1829.0,40.40100018008332
1829.2,41.5644117806223
1829.4,41.11213628559519
1829.6,43.377896081928434
1829.8,43.326319876823675
1830.0,45.878918080635046
1830.2,46.34386982379937
1830.4,47.503210719088955
1830.6,46.55530133092675
1830.8,47.80021339759911
1831.0,47.04100752706619
1831.2,46.67025862644454
1831.4,48.874960717941356
1831.6,50.240257620893864
1831.8,50.28514813634426
1832.0,49.229087703988874
1832.2,48.84759945393647
1832.4,48.492204789406244
1832.6,46.66998953892458
1832.8,44.81083459588145
1833.0,46.319507716300016
1833.2,47.02503942139171
1833.4,47.825741120740126
1833.6,48.12957531860417
1833.8,49.444134988207004
1834.0,48.657590317830646
1834.2,49.607073224739935
1834.4,45.84867879433456
1834.6,44.79290413591759
1834.8,47.006430840494744
1835.0,43.66250978973446
1835.2,42.87304831034082
1835.4,42.681255569265055
1835.6,44.637199656883695
1835.8,43.254046551608525
1836.0,44.3437201424209
1836.2,46.52285516218616
1836.4,44.96427976309267
1836.6,44.661676919318495
1836.8,44.713364185939255
1837.0,44.82499929458989
1837.2,43.75860633457221
1837.4,42.32360460240368
1837.6,40.99060731264998
1837.8,39.53681503967329
1838.0,41.85984563893499
1838.2,42.07120717620462
1838.4,41.89360132188271
1838.6,42.34712286174098
1838.8,39.608941746880696
1839.0,39.97127965983119
1839.2,38.92387423377968
1839.4,37.642079987813055
1839.6,40.58257985241746
1839.8,38.706682953665364
1840.0,38.15838833475296
1840.2,37.78379291663769
1840.4,38.5279139642048
1840.6,39.22809977505231
1840.8,38.545475396414346
1841.0,40.90108251339858
1841.2,42.939263590432574
1841.4,44.552748440620604
1841.6,44.317571963439654
1841.8,45.09885373865221
1842.0,44.60071224506269
1842.2,46.50857892589655
1842.4,44.78657854693882
1842.6,43.50432717721651
1842.8,40.68241168919408
1843.0,42.0302166559155
1843.2,41.17476874060208
1843.4,40.75984545135809
1843.6,41.03963995903038
1843.8,40.27641096737302
1844.0,41.01928914701325
1844.2,41.842529300965445
1844.4,41.67428718829668
1844.6,40.95034772077327
1844.8,38.33883355844377
1845.0,36.46159216661748
1845.2,38.85351707133738
1845.4,41.13424394514332
1845.6,41.6675105751096
1845.8,41.59136171279314
1846.0,37.8549199771217
1846.2,37.516583762314085
1846.4,36.499111116823876
1846.6,38.46091563125824
1846.8,39.222189978999594
1847.0,39.43031525540143
1847.2,41.15366994116623
1847.4,43.216789144686764
1847.6,41.28140019502293
1847.8,41.36038785986248
1848.0,42.29948545892804
1848.2,42.9066792600283
1848.4,42.42107523751953
1848.6,42.76147431051193
1848.8,42.613902947022126
1849.0,41.26735641404168
1849.2,41.82265827956154
1849.4,40.84131315782574
1849.6,38.911802497728374
1849.8,37.38292733911467
1850.0,38.4948553710323
1850.2,36.79456242868294
1850.4,37.95920143653487
1850.6,39.91900360305964
1850.8,38.50397913987554
1851.0,37.8588782148896
1851.2,40.02341055673425
1851.4,41.321086337684214
1851.6,42.39430574348694
1851.8,42.397283456387704
1852.0,40.295110660655844
1852.2,42.135423421053424
1852.4,41.47067801088981
1852.6,41.61581871604075
1852.8,42.45186608093775
1853.0,43.8869588081231
1853.2,43.5035375065658
1853.4,45.92292573783748
1853.6,44.38963291920284
1853.8,43.47330641595366
1854.0,43.91574854482994
1854.2,46.34934755360885
1854.4,44.673851291090386
1854.6,47.03910995011722
1854.8,46.535462690762266
1855.0,46.995335088038466
1855.2,46.94151982533978
1855.4,47.42998406241267
1855.6,47.82085361592493
1855.8,47.15674921355992
1856.0,46.183341507252045
1856.2,45.965296790636486
1856.4,47.05435659084428
1856.6,47.046868336766934
1856.8,47.27541030373361
1857.0,45.86220001563403
1857.2,48.41835747419982
1857.4,49.78422488126885
1857.6,47.76015551329409
1857.8,47.27364124439635
1858.0,45.234907742441095
1858.2,46.704823913602745
1858.4,47.429312985153295
1858.6,49.34867591985872
1858.8,47.819404411456375
1859.0,45.3329075306678
1859.2,44.52565214707636
1859.4,41.648368695947255
1859.6,41.67002894466463
1859.8,40.05475626029859
1860.0,41.46630545998758
1860.2,42.5439740962546
1860.4,42.77836763762931
1860.6,43.139942138950914
1860.8,42.896908958271275
1861.0,43.19827723850133
1861.2,42.788075280113546
1861.4,40.959863473408774
1861.6,42.745540423066984
1861.8,42.65956661732683
1862.0,42.88235528301737
1862.2,43.30092533611203
1862.4,43.31457243327328
1862.6,46.18401507682239
1862.8,45.3332998470521
1863.0,43.50156230677142
1863.2,44.96305763061359
1863.4,44.81468091783449
1863.6,42.58631573213759
1863.8,43.77689368302037
1864.0,46.426784708445965
1864.2,45.76521118522608
1864.4,45.297394704123555
1864.6,49.323160965125254
1864.8,48.19844504719864
1865.0,48.45637292865926
1865.2,48.02603327778982
1865.4,49.28987412671904
1865.6,48.36801286134909
1865.8,49.35522857454253
1866.0,51.59197604957677
1866.2,51.43567437609131
1866.4,52.52307288555018
1866.6,54.439375202659626
1866.8,54.30506516277127
1867.0,55.169784444517944
1867.2,51.87271373782785
1867.4,51.16221252964102
1867.6,52.850060391653315
1867.8,51.06098147843872
1868.0,51.90146079485827
1868.2,51.781889603853024
1868.4,48.84175420960418
1868.6,48.606889049773876
1868.8,49.10574402693594
1869.0,49.64622933690157
1869.2,50.048927792333956
1869.4,51.64866813015529
1869.6,51.20126367848903
1869.8,51.55160342070155
1870.0,51.46377548229065
1870.2,51.895389177221816
1870.4,56.22905959885606
1870.6,55.243555247447176
1870.8,55.167201895557994
1871.0,56.83905507876731
1871.2,53.897319281803775
1871.4,52.9667592928491
1871.6,50.838877774878895
1871.8,51.33806978118773
1872.0,51.1862424789015
1872.2,54.27448406467384
1872.4,56.81878647773783
1872.6,55.98182551811491
1872.8,53.82631321565559
1873.0,54.57483918949396
1873.2,53.08951344007287
1873.4,53.910056588055255
1873.6,54.20090588340209
1873.8,54.41155437196383
1874.0,55.05213534374023
1874.2,53.48444214656432
1874.4,53.277054008069946
1874.6,56.540010044110154
1874.8,56.91027685896926
1875.0,58.617190439521465
1875.2,57.64177263240863
1875.4,56.55260570059873
1875.6,57.08693050045865
1875.8,57.79525466046768
1876.0,59.96936288359541
1876.2,57.58966994006598
1876.4,56.03265414472932
1876.6,54.85668444636687
1876.8,56.73187463846911
1877.0,53.906577087088564
1877.2,54.167889141026436
1877.4,52.57887634058423
1877.6,49.185539100212964
1877.8,48.6667065934219
1878.0,49.688501126284635
1878.2,48.451243780185834
1878.4,48.71877957624638
1878.6,50.415654533543986
1878.8,50.42261392511061
1879.0,48.36677607494732
1879.2,45.62154649341303
1879.4,45.97395088787565
1879.6,46.957594478895395
1879.8,45.35580414867289
1880.0,44.045999431915604
1880.2,45.870202432088796
1880.4,43.607448390812145
1880.6,45.412717075816886
1880.8,45.9659953102954
1881.0,45.98640025894251
1881.2,44.161346494935074
1881.4,44.90666335939473
1881.6,43.50334344582806
1881.8,41.3903406521342
1882.0,42.77215607355178
1882.2,45.312685453682505
1882.4,45.8602844185922
1882.6,45.67235360306217
1882.8,46.1428534502181
1883.0,46.64481570538768
1883.2,46.827746745959146
1883.4,47.86809417781868
1883.6,47.87258136165281
1883.8,46.52684463195115
1884.0,44.26570783582801
1884.2,45.48984281832496
1884.4,45.22799119100307
1884.6,45.82272316330007
1884.8,42.3540392093505
1885.0,42.63962546299196
1885.2,42.87185064755892
1885.4,45.34058376919809
1885.6,44.48769601575612
1885.8,40.97597812128514
1886.0,41.48352718788884
1886.2,43.42678842853945
1886.4,44.97989747784138
1886.6,44.220971470726724
1886.8,42.91787684521512
1887.0,41.46590240204738
1887.2,40.22881012929151
1887.4,40.47205880027228
1887.6,40.83666311898443
1887.8,40.12930439203779
1888.0,40.08348546804506
1888.2,39.73795478679003
1888.4,40.47856095549286
1888.6,41.79599747087117
1888.8,43.35201388815313
1889.0,42.90387773506994
1889.2,40.344320411291974
1889.4,41.18330761945331
1889.6,43.804880404820146
1889.8,42.50311804450255
1890.0,43.0727716460178
1890.2,42.95213503698889
1890.4,42.033602014688036
1890.6,43.637685791247556
1890.8,42.641753947955166
1891.0,41.45263631032228
1891.2,42.542978979824426
1891.4,41.50885637576363
1891.6,41.92196167390332
1891.8,44.321174851221926
1892.0,44.671820307351325
1892.2,46.9603546634945
1892.4,46.74644358666559
1892.6,47.591923947553695
1892.8,48.55457961652991
1893.0,44.89672669468666
1893.2,44.357688946233566
1893.4,40.45080241174481
1893.6,39.75378115128824
1893.8,41.27214365534681
1894.0,43.33942853431515
1894.2,42.577134849597215
1894.4,41.51211317160525
1894.6,40.52766873138064
1894.8,40.461484849081444
1895.0,42.151896452908595
1895.2,41.66433564052223
1895.4,43.962795629860324
1895.6,44.61714849079304
1895.8,45.02023222684416
1896.0,45.82044957382191
1896.2,45.47584035237733
1896.4,42.887349993160086
1896.6,44.98329067248732
1896.8,44.19348355650694
1897.0,46.03530153361046
1897.2,46.93656545470981
1897.4,46.41515165699886
1897.6,47.16267060238616
1897.8,49.208919741213805
1898.0,49.9412241419904
1898.2,48.26957468689801
1898.4,48.293160751351294
1898.6,47.846885941593094
1898.8,48.933886595098606
1899.0,54.630417183029294
1899.2,55.62946467406047
1899.4,53.23613774541514
1899.6,52.061876033965106
1899.8,53.419145085764555
1900.0,54.41216926888406
1900.2,53.54961542668754
1900.4,50.12193557969706
1900.6,51.531384573366324
1900.8,53.38471453458537
1901.0,55.62328482829135
1901.2,55.87793508296016
1901.4,53.319832365465345
1901.6,51.18488648844668
1901.8,48.57951107869332
1902.0,50.37170576631645
1902.2,51.42719783327571
1902.4,50.26538894023851
1902.6,51.614140138159506
1902.8,50.39485213988427
1903.0,49.380458359785635
1903.2,47.955996687721054
1903.4,47.87531915618801
1903.6,49.48586666082353
1903.8,48.553191960036415
1904.0,46.55603157975203
1904.2,48.23459187526528
1904.4,47.20241911198619
1904.6,47.95031815201881
1904.8,46.5272003244333
1905.0,42.47721180943593
1905.2,42.325441965186556
1905.4,42.6389266180888
1905.6,42.27606204741052
1905.8,44.12289216630065
1906.0,44.20714090934
1906.2,42.88703244909016
1906.4,42.20505867069988
1906.6,43.6000377518845
1906.8,43.091365268544365
1907.0,40.62785945414252
1907.2,41.0148555218344
1907.4,40.65358974644806
1907.6,42.59833253932901
1907.8,43.11928075560867
1908.0,44.471488703700295
1908.2,46.2460610441356
1908.4,46.16565513880357
1908.6,47.94259436220726
1908.8,48.61946090581378
1909.0,49.309630578974094
1909.2,50.05312685343387
1909.4,50.10576106646657
1909.6,45.74643714728299
1909.8,47.83945747282055
1910.0,48.40552534516285
1910.2,48.03519198215454
1910.4,46.824845120925445
1910.6,44.61068336146164
1910.8,44.36244426650475
1911.0,46.15023212927305
1911.2,47.19429977427194
1911.4,45.07923956178083
1911.6,42.10785452643698
1911.8,42.901822290782334
1912.0,44.0569046198745
1912.2,44.64409528544124
1912.4,45.72625850807407
1912.6,45.85214513010935
1912.8,45.92237496651254
1913.0,46.96036471175876
1913.2,47.76321953261701
1913.4,48.589862203465906
1913.6,49.22161589804656
1913.8,50.50657644063837
1914.0,48.80114740253188
1914.2,50.11333393507037
1914.4,49.940664270667455
1914.6,47.7451795682519
1914.8,45.93822976745375
1915.0,48.119050910904555
1915.2,45.17338338685672
1915.4,46.82200736238521
1915.6,46.634596983249885
1915.8,47.40850509824747
1916.0,45.7534154739093
1916.2,46.195616236181884
1916.4,43.66202916168887
1916.6,43.71262788985093
1916.8,42.07483749936489
1917.0,42.24162555862485
1917.2,42.49217982958588
1917.4,43.39785828706799
1917.6,42.972697085704766
1917.8,44.035457956013516
1918.0,45.64625074708939
1918.2,43.266846195967304
1918.4,41.98776994244881
1918.6,40.64388355790693
1918.8,41.06648848576907
1919.0,42.74296666856401
1919.2,43.830699923381474
1919.4,44.239901132290484
1919.6,42.833308292228374
1919.8,43.40508583263475
1920.0,42.842793786141975
1920.2,42.11668374295374
1920.4,41.4346416601657
1920.6,42.20910768279364
1920.8,41.345244941833464
1921.0,38.52749971118897
1921.2,38.07434847954004
1921.4,37.9724785083949
1921.6,35.79123432064279
1921.8,36.11138569700234
1922.0,34.074812920506716
1922.2,35.38235527024947
1922.4,36.58377662431778
1922.6,35.71786519459194
1922.8,38.01422012758309
1923.0,38.43479258630713
1923.2,36.02058467042681
1923.4,36.43763004497138
1923.6,36.742560372204395
1923.8,39.26098148426216
1924.0,38.27029631424836
1924.2,38.53472110504006
1924.4,40.1562739022974
1924.6,40.974022134549806
1924.8,40.42496006592568
1925.0,42.9935833446578
1925.2,43.02583057046098
1925.4,44.118801791065124
1925.6,45.44922805911824
1925.8,45.37441102286586
1926.0,44.81889548505492
1926.2,45.00720231160927
1926.4,43.69592134757835
1926.6,41.48785314842755
1926.8,41.111067607167186
1927.0,43.039944180481974
1927.2,42.81513883385901
1927.4,43.83434733142074
1927.6,42.336753536473246
1927.8,44.23157338782084
1928.0,44.25212942946277
1928.2,44.29382507534114
1928.4,45.815218863564304
1928.6,45.206599017156854
1928.8,46.11805161597075
1929.0,41.08170953742352
1929.2,42.82286689929788
1929.4,43.37550657936922
1929.6,41.778629875828756
1929.8,40.55751415984961
1930.0,38.919731798424635
1930.2,38.35810003255634
1930.4,40.78264286573653
1930.6,41.533069115286914
1930.8,41.19257434949154
1931.0,40.90239869196221
1931.2,41.51182111059985
1931.4,40.52692119740159
1931.6,42.193121955141166
1931.8,41.6630400029384
1932.0,40.40867706424001
1932.2,38.925048695883135
1932.4,38.56358174289399
1932.6,36.893131419445055
1932.8,39.45254580229803
1933.0,39.4708039301836
1933.2,38.35781798412401
1933.4,37.69031965617223
1933.6,35.09943996895406
1933.8,34.946509864755114
1934.0,34.029638136024225
1934.2,34.490450791267406
1934.4,32.847020036194955
1934.6,32.77417436135296
1934.8,33.50023169106254
1935.0,34.71094688929094
1935.2,35.986937224763025
1935.4,36.41369294929301
1935.6,36.712496657946055
1935.8,36.915758849554635
1936.0,36.98225513156755
1936.2,37.68251651651907
1936.4,41.507271995338215
1936.6,41.062076898100194
1936.8,40.72906572484058
1937.0,40.10808489767366
1937.2,41.39524213176007
1937.4,40.36199818489188
1937.6,40.407194987363795
1937.8,39.87836055138446
1938.0,41.76454054896298
1938.2,42.03182758023217
1938.4,39.9863523222431
1938.6,38.88809057563595
1938.8,38.381207703559284
1939.0,37.9345001477158
1939.2,37.39617218742005
1939.4,38.15614318007304
1939.6,37.3453450578749
1939.8,37.951622329449926
1940.0,38.778299168895074
1940.2,39.74053025215153
1940.4,39.424513198903526
1940.6,40.55677298510475
1940.8,41.10295275088484
1941.0,41.93942607896883
1941.2,44.05132300037274
1941.4,45.03797892763737
1941.6,47.49480852848015
1941.8,45.41394872991241
1942.0,46.75001306601838
1942.2,49.61070664125701
1942.4,49.14220801655381
1942.6,47.46785331164133
1942.8,46.424903552483805
1943.0,43.851554542187586
1943.2,41.92194740875433
1943.4,43.29001215679804
1943.6,43.868601119329035
1943.8,41.61641713231852
1944.0,42.37798360326173
1944.2,42.32575102342771
1944.4,42.25706034855477
1944.6,42.11097391478638
1944.8,41.72190000301698
1945.0,41.51453124420045
1945.2,40.13058026063314
1945.4,40.98084734263384
1945.6,40.1102368158746
1945.8,38.04605345307885
1946.0,38.09765071334229
1946.2,37.49649384885688
1946.4,38.495777534678936
1946.6,35.48641078790999
1946.8,34.71204054703975
1947.0,37.204112980290155
1947.2,37.205627520669225
1947.4,38.25856916216064
1947.6,33.720379686209455
1947.8,34.22006077980117
1948.0,34.15358636672539
1948.2,35.32333532351334
1948.4,35.332897836111805
1948.6,35.19302459069873
1948.8,35.346290242329424
1949.0,33.920530773775276
1949.2,36.8753868274313
1949.4,38.67357414021037
1949.6,37.44268521278398
1949.8,38.83793481412222
1950.0,36.54998733010214
1950.2,33.70327389830487
1950.4,34.60644648583918
1950.6,39.231289354152146
1950.8,38.85409369821063
1951.0,40.84698762803622
1951.2,37.69899464181458
1951.4,38.42329285106473
1951.6,37.79034055695203
1951.8,40.53086647649168
1952.0,39.35648920372027
1952.2,39.07554623778677
1952.4,38.738158776752755
1952.6,41.01385657706723
1952.8,42.07308817247185
1953.0,40.17848210024767
1953.2,41.24511274936112
1953.4,43.60533255340523
1953.6,39.10224600626974
1953.8,39.787213804430735
1954.0,38.426520958178834
1954.2,40.56187850317826
1954.4,41.976153794405946
1954.6,41.65637363994228
1954.8,40.87245745273491
1955.0,39.07014035004917
1955.2,40.60902046352368
1955.4,43.20867195556728
1955.6,41.49040314179898
1955.8,43.41964800872085
1956.0,43.99230818121354
1956.2,40.59160406048575
1956.4,41.42004385344626
1956.6,44.6544786481843
1956.8,43.31551990642329
1957.0,41.60930283735007
1957.2,39.00480488578552
1957.4,35.18921436592756
1957.6,35.287551052096696
1957.8,36.47869553733608
1958.0,36.25345520737643
1958.2,35.44883134685972
1958.4,38.70840319408377
1958.6,38.39765077011168
1958.8,36.035265957919826
1959.0,36.16329640506374
1959.2,36.45345438725063
1959.4,34.69248795632447
1959.6,35.08368371593935
1959.8,35.139718996364095
1960.0,36.96715118954139
1960.2,36.77550730805293
1960.4,39.03549273294086
1960.6,39.1406992957224
1960.8,40.786531274920364
1961.0,40.675646719073626
1961.2,40.76396240670406
1961.4,37.96203867341621
1961.6,37.884430716199894
1961.8,39.657589357585756
1962.0,38.57543617128962
1962.2,39.02861927543797
1962.4,38.170464273718224
1962.6,39.02568481839556
1962.8,37.98688570014279
1963.0,36.20316562433864
1963.2,36.972644381875476
1963.4,34.97268445862922
1963.6,31.832883453484815
1963.8,31.14180191232602
1964.0,31.193973567208154
1964.2,32.30586155555444
1964.4,33.00573707246143
1964.6,34.25392173119316
1964.8,33.69701646644994
1965.0,33.0726831771685
1965.2,32.55911284396727
1965.4,34.239105823122514
1965.6,34.46936721456107
1965.8,33.69877755842205
1966.0,33.74783638120423
1966.2,34.042808973170516
1966.4,33.00040374633748
1966.6,34.03080920009609
1966.8,32.99430611905616
1967.0,34.06793213308243
1967.2,34.17854081922393
1967.4,32.88540135141193
1967.6,31.993504283927294
1967.8,34.12350717544876
1968.0,33.56456325812337
1968.2,32.842352117942724
1968.4,33.28160720540146
1968.6,32.239638907211955
1968.8,33.77059776484029
1969.0,34.92238214052751
1969.2,35.65126417445233
1969.4,35.181333678819676
1969.6,36.22670471251667
1969.8,35.619480140071
1970.0,35.476859750108
1970.2,39.25834024362644
1970.4,38.72077020366579
1970.6,37.575739359255074
1970.8,38.34482536465763
1971.0,39.034988577734254
1971.2,39.45416521627004
1971.4,37.47254361642246
1971.6,38.50050881594924
1971.8,37.00626322022523
1972.0,36.54197985219376
1972.2,35.41025126646132
1972.4,34.552065448564036
1972.6,35.00745904868894
1972.8,36.95535395672211
1973.0,36.24082047478225
1973.2,37.08992802867289
1973.4,38.47039429532049
1973.6,40.963760331295305
1973.8,43.99126675103676
1974.0,43.89277118375357
1974.2,43.763314058494565
1974.4,46.7010549583516
1974.6,46.31845443982453
1974.8,47.70309615261323
1975.0,45.38827508432203
1975.2,44.716493210275885
1975.4,44.09372729347055
1975.6,41.842937117247146
1975.8,41.70879196060653
1976.0,41.40186918133029
1976.2,42.606233887095726
1976.4,42.34098517597253
1976.6,43.67253420543483
1976.8,43.67509928341139
1977.0,42.78643357925961
1977.2,42.67028802291171
1977.4,40.48458752702092
1977.6,41.683361229289616
1977.8,40.772878579125816
1978.0,41.63663536541202
1978.2,42.056317416482536
1978.4,41.2463540650062
1978.6,43.42230133669518
1978.8,41.76567876201996
1979.0,41.76065488168349
1979.2,41.012631934439774
1979.4,38.95609198496212
1979.6,40.47068933254113
1979.8,40.05431928314077
1980.0,39.34145196634189
1980.2,39.62779750980736
1980.4,40.00603163433417
1980.6,39.8562947490928
1980.8,38.76943125981762
1981.0,40.048863264410635
1981.2,39.44259087566348
1981.4,41.65401300971829
1981.6,40.07755308565037
1981.8,40.50835189693967
1982.0,39.65925548551969
1982.2,38.73960235575027
1982.4,41.2856927828831
1982.6,40.66993786468359
1982.8,41.74234054150058
1983.0,40.75631301332403
1983.2,40.28791829089174
1983.4,40.96042384427701
1983.6,40.903630020765306
1983.8,39.764378316716396
1984.0,40.64687977968564
1984.2,38.48611772596411
1984.4,39.32504736781635
1984.6,39.55511048618545
1984.8,41.94976750032946
1985.0,42.452412315080885
1985.2,42.38867166373368
1985.4,41.20710269874465
1985.6,43.02347881568562
1985.8,42.96245274786112
1986.0,42.1688074201047
1986.2,43.73193790538683
1986.4,42.20034339772505
1986.6,41.93566286994241
1986.8,42.532652050582556
1987.0,43.28592173268787
1987.2,43.06813043354226
1987.4,45.30131717714799
1987.6,45.7925952683143
1987.8,46.46317687500306
1988.0,46.807194669859335
1988.2,48.605844568285804
1988.4,48.680733628836606
1988.6,50.6115876729413
1988.8,50.31088957262697
1989.0,49.380815944283015
1989.2,49.051639007847534
1989.4,50.259077679385925
1989.6,50.381957137757006
1989.8,49.44898489621644
1990.0,50.400627626363345
1990.2,47.08344789405791
1990.4,48.40545672098827
1990.6,47.150322564099454
1990.8,45.091046086921736
1991.0,47.063492378537134
1991.2,46.11072731498007
1991.4,47.15491078476595
1991.6,46.105486364240996
1991.8,46.92509583087087
1992.0,46.1199304020321
1992.2,44.771618893998884
1992.4,43.9266590541514
1992.6,42.112057888282486
1992.8,42.83894092634515
1993.0,43.547493273227154
1993.2,45.62529201930676
1993.4,43.48188062890302
1993.6,47.276072185190685
1993.8,47.34480118232472
1994.0,47.729356382831526
1994.2,45.9991965295825
1994.4,47.78303377082564
1994.6,46.024324289560646
1994.8,45.76497336961392
1995.0,47.60084164745335
1995.2,50.807853069602295
1995.4,49.09109584414996
1995.6,48.625131283021084
1995.8,47.31717501978452
1996.0,47.14296551793433
1996.2,46.873932706626576
1996.4,45.0594459839127
1996.6,44.81139652416827
1996.8,46.42986119073665
1997.0,48.22918229981464
1997.2,48.21071878155472
1997.4,48.523274296875414
1997.6,47.74664774236494
1997.8,46.515045367001875
1998.0,46.05437127512428
1998.2,46.822963758690506
1998.4,42.62266675785709
1998.6,44.22314062686838
1998.8,44.71829575037045
1999.0,47.011024705629076
1999.2,45.32707888620628
1999.4,44.863419651236
1999.6,45.245064587495484
1999.8,44.78117929431292
2000.0,43.5654907537868
2000.2,45.90524389477473
2000.4,47.83614085559658
2000.6,50.49381557600241
2000.8,52.144382065894305
2001.0,51.901704765938646
2001.2,50.87354398537005
2001.4,54.36584717579021
2001.6,52.9118634481053
2001.8,52.31842294036221
2002.0,53.73832418297327
2002.2,53.925288728642045
2002.4,53.11961907154492
2002.6,52.484775783810804
2002.8,55.507686928597415
2003.0,54.22816306369089
2003.2,53.23757667775134
2003.4,54.20650653187895
2003.6,54.31554885460213
2003.8,53.48656202181707
2004.0,54.97587145637388
2004.2,54.39912249365256
2004.4,53.76864762370776
2004.6,52.263236135518376
2004.8,55.35318942411802
2005.0,56.58006477356082
2005.2,56.17449848080918
2005.4,57.881241852513625
2005.6,57.90984154827874
2005.8,57.89470041952781
2006.0,58.39689018956888
2006.2,58.09399284095206
2006.4,58.26804432986645
2006.6,56.190614290822666
2006.8,55.37699367661948
2007.0,55.70210879115248
2007.2,54.43837852646333
2007.4,53.445698579481444
2007.6,53.708984813115194
2007.8,52.53768778810468
2008.0,53.320009878071694
2008.2,53.06723185570243
2008.4,51.08201542241325
2008.6,52.61803824276206
2008.8,53.49824061223251
2009.0,52.831739849418526
2009.2,52.21043994274499
2009.4,53.94211409668885
2009.6,55.35794803873764
2009.8,55.046090419414185
2010.0,55.097994549804355
2010.2,55.05914422514732
2010.4,53.498206401957596
2010.6,54.2028103183872
2010.8,52.57011864103297
2011.0,51.29422388727562
2011.2,50.76320753788682
2011.4,51.276126473073525
2011.6,51.899510066889206
2011.8,51.66360905571091
2012.0,51.10432725043761
2012.2,51.29748346356743
2012.4,49.69066881388557
2012.6,49.92385947540782
2012.8,50.73464606040168
2013.0,49.65446334482296
2013.2,50.321921858062424
2013.4,50.840980057559136
2013.6,50.46196173191799
2013.8,49.378611378223084
2014.0,49.08828406225561
2014.2,51.25870617851601
2014.4,50.99270821620513
2014.6,48.51033954678704
2014.8,46.41389397453894
2015.0,46.06855309406886
2015.2,46.14747261126064
2015.4,43.591931798818194
2015.6,44.059299390886686
2015.8,44.59195698133331
2016.0,44.42251543377745
2016.2,46.36589421642833
2016.4,48.13076292774635
2016.6,46.62478823144976
2016.8,45.67056576456102
2017.0,47.81857946935375
2017.2,46.39536712918408
2017.4,46.2367140693588
2017.6,46.92312168385026
2017.8,44.89185838194585
2018.0,42.46263644374814
2018.2,40.90447979203244
2018.4,40.23211247849149
2018.6,42.37207112212119
2018.8,42.785221818241965
2019.0,41.97018143611147
2019.2,40.11297935335872
2019.4,38.620348939477054
2019.6,37.28606525394512
2019.8,36.15047199689011
2020.0,35.271691166387946
2020.2,36.24613974694254
2020.4,36.747302870349394
2020.6,36.915178714830304
2020.8,38.412152102817885
2021.0,39.59469754333343
2021.2,37.64979414636021
2021.4,39.670849362240226
2021.6,39.51356812711854
2021.8,38.850333260829146
2022.0,37.47354117286949
2022.2,37.968173304519006
2022.4,40.00192128143091
2022.6,41.123019469666815
2022.8,40.40944474669602
2023.0,40.07278595646491
2023.2,38.84478419102421
2023.4,38.68808663536993
2023.6,37.32152897811971
2023.8,38.4218066464331
2024.0,37.528940033947855
2024.2,36.84929508891577
2024.4,35.92133501749285
2024.6,36.95697181790281
2024.8,37.083104477931286
2025.0,35.88565845491479
2025.2,33.173435968001506
2025.4,32.589847718954864
2025.6,32.535253608255076
2025.8,32.44493047010043
2026.0,30.065475283919536
2026.2,30.588998359381414
2026.4,31.100287364762274
2026.6,31.20496063335416
2026.8,30.42611416516162
2027.0,30.31698146078396
2027.2,31.651344300351802
2027.4,32.18824753975063
2027.6,31.80992025400944
2027.8,33.3589779015839
2028.0,32.61615794137892
2028.2,32.954512649286386
2028.4,30.52622548097164
2028.6,31.73296905616754
2028.8,31.94046952949794
2029.0,30.67316884235919
2029.2,29.97310704058811
2029.4,31.373916693565803
2029.6,31.844947153555164
2029.8,31.997153987767895
2030.0,32.56022507947226
2030.2,32.677507421549315
2030.4,33.835761479069966
2030.6,35.047721415119575
2030.8,36.380210683903094
2031.0,34.26774881927261
2031.2,35.849909622570905
2031.4,35.18920295578737
2031.6,36.10464150868024
2031.8,34.9262326534667
2032.0,33.61288200897257
2032.2,32.8101253229835
2032.4,32.56259189446755
2032.6,33.293728657028154
2032.8,34.396824026983296
2033.0,36.00497054048119
2033.2,36.49101972035689
2033.4,37.770977124883665
2033.6,39.36126132371539
2033.8,38.44783582167432
2034.0,39.896473831233905
2034.2,38.51819138779254
2034.4,37.53346376281879
2034.6,38.528979898171634
2034.8,37.86396228057978
2035.0,37.166863307052715
2035.2,35.69542860977744
2035.4,36.323907378180685
2035.6,37.16266443247469
2035.8,36.22506469808173
2036.0,35.13394838539683
2036.2,36.49896730989974
2036.4,38.0452966313627
2036.6,37.38768957657935
2036.8,37.17188774541527
2037.0,36.087238239057854
2037.2,36.01899158842049
2037.4,40.48062388543161
2037.6,40.156527662284624
2037.8,39.89302113805468
2038.0,39.60768450377868
2038.2,37.995619007299545
2038.4,38.82536732174364
2038.6,39.977323861499386
2038.8,41.50948620425807
2039.0,42.14417574550651
2039.2,41.509091545011586
2039.4,43.14070121511105
2039.6,45.29617383094802
2039.8,45.67711966653273
2040.0,45.00463575471292
2040.2,43.781899979798666
2040.4,42.704513500024596
2040.6,43.82786684066063
2040.8,45.53972615100625
2041.0,45.96459894762216
2041.2,44.78421329812177
2041.4,44.15407279615168
2041.6,41.988527513376425
2041.8,44.25143518153277
2042.0,44.583573899508764
2042.2,45.090252700826845
2042.4,45.08645870737283
2042.6,47.10732977240697
2042.8,45.89077167467481
2043.0,49.57524047633244
2043.2,48.29743106912466
2043.4,48.42548673658305
2043.6,50.929238302080435
2043.8,49.40696012922655
2044.0,47.96006912282724
2044.2,47.79245723906403
2044.4,48.11915295736118
2044.6,47.72073292327477
2044.8,46.804443806878886
2045.0,48.13555431071937
2045.2,50.118358688524026
2045.4,47.15316444895407
2045.6,50.866153314818945
2045.8,48.84264369064275
2046.0,49.376106239039366
2046.2,48.97848480767401
2046.4,50.18099204893099
2046.6,50.22522138439213
2046.8,52.47871145293794
2047.0,48.37996758506699
2047.2,49.715240377809884
2047.4,51.2751405527392
2047.6,51.395155246362606
2047.8,51.556489546504935
2048.0,50.7968178887796
2048.2,50.46090352459606
2048.4,52.221460103621986
2048.6,53.039296860522434
2048.8,54.343976893546255
2049.0,54.089767406748265
2049.2,54.0962466434989
2049.4,51.47808474178106
2049.6,51.76629831236192
2049.8,51.87134979877166
2050.0,53.945967105165025
2050.2,54.7393627918981
2050.4,54.15696125694062
2050.6,56.050640560858376
2050.8,58.39874191259775
2051.0,59.81679620516212
2051.2,59.332007978678064
2051.4,54.58438378214438
2051.6,53.39776220462688
2051.8,54.76154677094212
2052.0,54.407468470031795
2052.2,55.57638559121987
2052.4,55.42101704424563
2052.6,57.51042063906283
2052.8,57.62149318195838
2053.0,56.8401189931431
2053.2,55.660267472219466
2053.4,54.95333648420656
2053.6,55.540838453380104
2053.8,53.970674925454254
2054.0,54.87219024467362
2054.2,53.30928996861271
2054.4,50.629025905173364
2054.6,51.290145289954374
2054.8,52.090564786480435
2055.0,54.67235740163353
2055.2,55.30038124313505
2055.4,54.43717534217264
2055.6,54.952983661121635
2055.8,55.29508899231742
2056.0,54.21738870144297
2056.2,54.44185809509335
2056.4,52.42852603740747
2056.6,52.913965759329066
2056.8,52.761495805878916
2057.0,52.16318117529086
2057.2,52.108475313608295
2057.4,51.430470551353615
2057.6,51.107033724988625
2057.8,49.30799738053807
2058.0,50.84242230889253
2058.2,50.13753145789754
2058.4,52.26634284988231
2058.6,51.41806463370855
2058.8,50.64229183832299
2059.0,51.98648248172959
2059.2,49.58600675871976
2059.4,51.738909853295524
2059.6,48.99669589577124
2059.8,47.27952358619832
2060.0,47.66763146020189
2060.2,47.88867511310193
2060.4,49.73800718919642
2060.6,50.77560627144965
2060.8,49.150260286961384
2061.0,46.92329683969878
2061.2,48.89663630628845
2061.4,46.447404318282175
2061.6,45.3512368132575
2061.8,48.08705403244939
2062.0,50.31353062495562
2062.2,49.434266704119764
2062.4,48.85118232733042
2062.6,48.58037674579866
2062.8,51.531574594894884
2063.0,52.372364270585614
2063.2,53.59575616437664
2063.4,52.41693511704657
2063.6,50.08363907467428
2063.8,51.09481277145267
2064.0,49.365757649182584
2064.2,49.97156502302577
2064.4,50.48559745535825
2064.6,49.27156953318776
2064.8,49.679622751453316
2065.0,51.4775959308038
2065.2,51.77784282820368
2065.4,50.596123894299076
2065.6,52.18778492301511
2065.8,54.135397745957604
2066.0,56.22941234525341
2066.2,53.588548227750756
2066.4,52.17667868106466
2066.6,52.38684004839678
2066.8,51.642473193072995
2067.0,52.82369794461755
2067.2,50.48063816343777
2067.4,50.09261433365968
2067.6,48.28566658127737
2067.8,47.51400018085946
2068.0,45.971941485977226
2068.2,47.92910908253364
2068.4,48.638849886969375
2068.6,48.33958289850294
2068.8,49.479331264056796
2069.0,50.547320185355325
2069.2,52.74138879035446
2069.4,51.0085451561233
2069.6,50.08914233662894
2069.8,43.187713612955406
2070.0,43.219708247321094
2070.2,41.06081740596636
2070.4,42.04793777479843
2070.6,42.82744983569404
2070.8,40.828943181764544
2071.0,43.470680506072725
2071.2,40.745774408382005
2071.4,39.1581959434382
2071.6,38.50905466705696
2071.8,38.712018905090595
2072.0,39.338674691996964
2072.2,41.58146755998263
2072.4,43.57709726917175
2072.6,44.56906898546215
2072.8,44.31133085396257
2073.0,42.73281284720059
2073.2,43.30194439673023
2073.4,45.403482577807715
2073.6,46.43119347481505
2073.8,46.62516600678078
2074.0,49.34923002621521
2074.2,48.854003432904705
2074.4,48.808997914653546
2074.6,47.3928966346938
2074.8,48.86858520848379
2075.0,49.885427880346285
2075.2,48.90089969572522
2075.4,45.4567208204699
2075.6,47.90388324575767
2075.8,46.75472453720897
2076.0,48.16128297185081
2076.2,46.780976524807905
2076.4,46.11061103738746
2076.6,44.68072941739748
2076.8,46.24610191658618
2077.0,47.42843958691975
2077.2,47.02471846340826
2077.4,47.782994235551264
2077.6,46.01939310637128
2077.8,48.03732865704607
2078.0,46.410483873396274
2078.2,45.04962529690687
2078.4,46.90668686581985
2078.6,45.98453172697471
2078.8,45.360500112186735
2079.0,47.27645703602234
2079.2,48.30363248774476
2079.4,47.6245184221574
2079.6,47.585208145959214
2079.8,45.025289404874925
2080.0,45.66696504307067
2080.2,42.69646909699481
2080.4,40.45467875178804
2080.6,40.48202716164993
2080.8,42.981201709557226
2081.0,42.2346350852336
2081.2,45.00596744310463
2081.4,41.67052537493034
2081.6,40.6111948828769
2081.8,41.75060413836136
2082.0,42.330682145382006
2082.2,39.87402244042236
2082.4,38.4029856319179
2082.6,35.1950078011772
2082.8,36.94264551478409
2083.0,37.51495679160734
2083.2,35.67295311338682
2083.4,36.256745818864445
2083.6,37.16899630161597
2083.8,37.02388530087074
2084.0,36.91102253348775
2084.2,35.7687658430675
2084.4,36.827238532894185
2084.6,34.120969123132234
2084.8,34.052104030829284
2085.0,35.553019908465394
2085.2,35.129500205700154
2085.4,35.500680080730035
2085.6,36.18799119756581
2085.8,37.11060260520861
2086.0,39.549723949584795
2086.2,38.08827384572464
2086.4,39.45190657545835
2086.6,38.9351496883799
2086.8,39.45859987802916
2087.0,38.774787793878886
2087.2,37.746357615897324
2087.4,36.59784548737828
2087.6,38.48975078905924
2087.8,37.490193134417865
2088.0,37.411221950017996
2088.2,35.85822508931853
2088.4,35.64609501229582
2088.6,36.95339365039661
2088.8,34.32014086636853
2089.0,34.24410964640182
2089.2,35.37350382141205
2089.4,35.403661821126825
2089.6,37.61050295198221
2089.8,34.75927672139122
2090.0,34.13970049920084
2090.2,35.569456592863105
2090.4,35.61806798075318
2090.6,36.837611105127316
2090.8,37.328018479573615
2091.0,37.057299340673424
2091.2,36.16270733531594
2091.4,35.968467476395666
2091.6,35.89494766655732
2091.8,36.9717772264775
2092.0,39.92022143247179
2092.2,42.38718138369244
2092.4,40.707928413626924
2092.6,42.06899742159769
2092.8,39.940939407016785
2093.0,40.72233596291368
2093.2,44.08948406270287
2093.4,44.85551305328019
2093.6,43.36431013097079
2093.8,41.616085920506585
2094.0,39.90983743583801
2094.2,40.53283993328331
2094.4,41.10222005239493
2094.6,42.75817983836872
2094.8,43.1714090056886
2095.0,45.11797720533157
2095.2,43.79599378271866
2095.4,42.44680610748462
2095.6,44.26552224020743
2095.8,46.76918506155943
2096.0,46.87078619513339
2096.2,46.85907865912608
2096.4,50.40588518912689
2096.6,50.04961326193814
2096.8,50.59039949858576
2097.0,49.41205841284122
2097.2,46.72065945923735
2097.4,45.04898062155966
2097.6,44.24727389337668
2097.8,42.602138703593894
2098.0,44.02188401645137
2098.2,43.59691216041682
2098.4,43.74730280767257
2098.6,40.1101332161727
2098.8,40.98971400045511
2099.0,40.200400754326694
2099.2,40.072882193702625
2099.4,41.297178786814435
2099.6,42.075525880701036
2099.8,44.1380192341355
2100.0,45.648379398569304
2100.2,43.62500521279177
2100.4,41.06608540668705
2100.6,41.67921014044075
2100.8,42.47924604165516
2101.0,43.099487120975645
2101.2,41.16626217017171
2101.4,40.46098566587904
2101.6,39.264403284739494
2101.8,36.298796420294416
2102.0,38.1724654169433
2102.2,38.46133809619941
2102.4,45.187824384028765
2102.6,42.161077037668846
2102.8,43.093410360534165
2103.0,41.93264958850599
2103.2,42.852143780738075
2103.4,42.9942282082215
2103.6,45.0674864266593
2103.8,44.245919432429524
2104.0,42.76049631657127
2104.2,43.47129771049698
2104.4,43.72977750752867
2104.6,45.10837844756069
2104.8,46.23023795064555
2105.0,46.74147605823378
2105.2,48.48478870213508
2105.4,47.84536840357232
2105.6,47.951930242261554
2105.8,45.52589815624373
2106.0,43.63136608618351
2106.2,43.691747786894496
2106.4,45.10595770076236
2106.6,43.55839188255371
2106.8,43.07162068120911
2107.0,43.35609407937727
2107.2,42.82728326317528
2107.4,41.83418787092237
2107.6,41.862744783846495
2107.8,41.84749590448449
2108.0,40.411800255938466
2108.2,40.08192703000403
2108.4,42.255649293407245
2108.6,42.77091967686018
2108.8,42.4644400285745
2109.0,38.524683441248214
2109.2,39.591764888322636
2109.4,38.11212296254705
2109.6,36.0926771949809
2109.8,36.90461625380361
2110.0,37.698683773653904
2110.2,36.87448477555621
2110.4,38.01012909759014
2110.6,35.70880828360552
2110.8,35.20190764229844
2111.0,35.45223586046987
2111.2,36.34792804826282
2111.4,38.2159748581802
2111.6,38.18842296359033
2111.8,38.61665297392826
2112.0,38.484416204792225
2112.2,41.334061476975556
2112.4,40.1264587631035
2112.6,40.7285307614925
2112.8,39.26418327595154
2113.0,38.260922686474096
2113.2,39.91846549089495
2113.4,40.87595902790305
2113.6,39.92422538191272
2113.8,39.02967730560124
2114.0,37.287858666629376
2114.2,36.28510904826188
2114.4,38.44351542830196
2114.6,41.50814629278021
2114.8,41.18612370312747
2115.0,41.5167647591759
2115.2,41.15945043421637
2115.4,42.27297497184178
2115.6,41.82001471186464
2115.8,40.24944340170258
2116.0,40.2074960655633
2116.2,40.67825764156048
2116.4,38.431920338481966
2116.6,36.07501798795788
2116.8,37.02024720018465
2117.0,36.41243124091945
2117.2,40.223393735280446
2117.4,41.71894066701496
2117.6,40.9133228669467
2117.8,44.018274130171655
2118.0,43.914568414746626
2118.2,44.24278112976354
2118.4,41.941850024598224
2118.6,42.470969710255
2118.8,43.27512652208586
2119.0,42.157269897696125
2119.2,40.907528873801525
2119.4,45.9770015165289
2119.6,44.62450931839829
2119.8,42.93556960578162
2120.0,43.83454254120329
2120.2,44.0124316566755
2120.4,42.85830730543629
2120.6,45.717290412151456
2120.8,44.01052512435663
2121.0,45.38053818443804
2121.2,43.470095418525204
2121.4,41.34760600924452
2121.6,42.71378068436611
2121.8,43.45897133559156
2122.0,45.61058525803557
2122.2,47.18345442115605
2122.4,46.22858187337181
2122.6,43.247682622706705
2122.8,42.09209488450427
2123.0,41.72891661093039
2123.2,40.59796971857838
2123.4,41.80382275913409
2123.6,39.96681305586155
2123.8,40.12661923168806
2124.0,41.753302422695846
2124.2,38.60289706899647
2124.4,42.63394234540399
2124.6,42.0065103048374
2124.8,43.24170294589757
2125.0,45.20748967801939
2125.2,43.93227345873627
2125.4,42.87335110975949
2125.6,44.29704154899996
2125.8,45.21229561821058
2126.0,47.9867198715887
2126.2,49.75082285881149
2126.4,47.21207204442871
2126.6,49.36984607799101
2126.8,49.334712432745164
2127.0,49.00010277124273
2127.2,48.053024065227234
2127.4,46.843747469517226
2127.6,43.800811689375735
2127.8,45.229983056727534
2128.0,43.46241638642838
2128.2,43.76405191475296
2128.4,43.221896905800214
2128.6,44.60812978241377
2128.8,42.771287494916386
2129.0,42.88178289208254
2129.2,44.65546551867166
2129.4,45.485271813483486
2129.6,43.82015509824718
2129.8,43.22039678021102
2130.0,41.07251005498685
2130.2,41.69392150670795
2130.4,41.28884667096023
2130.6,44.45125069723804
2130.8,47.320208592856034
2131.0,50.61232788089267
2131.2,50.54314695054269
2131.4,50.85076412848498
2131.6,47.46089335318476
2131.8,49.737413722880945
2132.0,49.07290430718659
2132.2,48.07488431243503
2132.4,49.476758919478776
2132.6,48.852315974808384
2132.8,48.35380452000257
2133.0,47.68056864630837
2133.2,47.58387302260331
2133.4,45.535077180042585
2133.6,46.67706085751146
2133.8,45.87377487668328
2134.0,48.14878977043076
2134.2,47.04631493493095
2134.4,48.447069958225754
2134.6,49.24328692549138
2134.8,48.812583301639165
2135.0,47.25862195680449
2135.2,47.75977310222871
2135.4,47.36471645359024
2135.6,49.935993564548994
2135.8,50.77285902818787
2136.0,51.67806492257681
2136.2,51.85690978845665
2136.4,51.813846071430774
2136.6,49.602991643046
2136.8,50.894154254163375
2137.0,52.57746435690818
2137.2,53.9697052438726
2137.4,54.27076989642816
2137.6,51.460714162628456
2137.8,52.445441150913055
2138.0,55.13292123833307
2138.2,53.96766779042079
2138.4,53.726095587108546
2138.6,53.04524787186815
2138.8,57.73605282290412
2139.0,55.13546671786278
2139.2,56.41645891335334
2139.4,55.91108989475309
2139.6,57.23557920066604
2139.8,56.88524683345391
2140.0,56.68590595780816
2140.2,52.44407002258396
2140.4,51.17263454661635
2140.6,53.142508775146425
2140.8,52.20075484060894
2141.0,50.21620544067492
2141.2,51.75202347985338
2141.4,50.810208841214774
2141.6,47.94916749832101
2141.8,47.719246440844174
2142.0,49.78450051064723
2142.2,49.61596164159325
2142.4,50.66826727010409
2142.6,50.09774103540714
2142.8,49.983940397374276
2143.0,50.8602707885254
2143.2,53.00902582657585
2143.4,50.94111795775915
2143.6,49.59237618713389
2143.8,51.04470538230707
2144.0,50.32420748545657
2144.2,50.83097978234952
2144.4,49.51044683747091
2144.6,50.24308385239359
2144.8,48.09913188106912
2145.0,47.51993931315501
2145.2,46.36603816011438
2145.4,47.59696796525677
2145.6,46.8184594348707
2145.8,44.245481237068375
2146.0,44.960226911016925
2146.2,44.615046719790186
2146.4,44.48121653616393
2146.6,43.204065728173546
2146.8,43.02826139865956
2147.0,44.770429286816444
2147.2,43.68799724582316
2147.4,42.939702805691546
2147.6,42.862704161094086
2147.8,46.169715308636114
2148.0,47.3071449905057
2148.2,49.27134845470449
2148.4,47.77492316742787
2148.6,43.21635679566735
2148.8,43.77717006509723
2149.0,45.37925959506446
2149.2,46.305436512389946
2149.4,45.058175631345314
2149.6,44.713988898717865
2149.8,45.75879871016212
2150.0,50.08695225470335
2150.2,48.42030749935457
2150.4,46.37419883747056
2150.6,46.208792160892514
2150.8,45.722633337448826
2151.0,46.09663294884704
2151.2,45.36314873049774
2151.4,46.965117765768454
2151.6,45.50096743171049
2151.8,43.79265452538813
2152.0,42.86798259361114
2152.2,44.27548638303201
2152.4,43.500604230762576
2152.6,41.455653107602174
2152.8,40.70580335223529
2153.0,42.81220515554655
2153.2,41.40255520847912
2153.4,39.805600062977376
2153.6,40.09707296707133
2153.8,40.77357700677136
2154.0,41.27440372996002
2154.2,43.45012190965932
2154.4,44.263187416763444
2154.6,44.92879256223996
2154.8,43.99923415343079
2155.0,42.58122377464939
2155.2,43.909268211918004
2155.4,46.11016381761373
2155.6,44.19330950694955
2155.8,45.97859921789429
2156.0,44.63523894218998
2156.2,47.281346018524516
2156.4,46.69120142608668
2156.6,48.687350764936596
2156.8,45.66570546273737
2157.0,47.06700313063932
2157.2,45.52359493430469
2157.4,44.85879343186082
2157.6,44.26168534213961
2157.8,45.99580881665566
2158.0,44.30871809065381
2158.2,45.76643030918206
2158.4,48.71351659010333
2158.6,48.52640018529844
2158.8,49.1383855922696
2159.0,47.52579890913276
2159.2,49.265273688328854
2159.4,53.50224420082873
2159.6,52.25092934198821
2159.8,51.9794847536524
2160.0,53.52013551095684
2160.2,52.08136863164965
2160.4,51.97469166001728
2160.6,53.47656127026678
2160.8,54.72963341743828
2161.0,55.17078323557375
2161.2,53.94937949786582
2161.4,54.75577412875892
2161.6,53.92538074598499
2161.8,53.78703428357294
2162.0,55.99009022927745
2162.2,55.25115081489008
2162.4,55.053624243222515
2162.6,54.18394470829702
2162.8,55.35669844048087
2163.0,55.50265358213372
2163.2,56.22522171752122
2163.4,53.22460623943523
2163.6,53.228290601678864
2163.8,52.61070193035935
2164.0,50.38805904035505
2164.2,52.901134139792525
2164.4,53.548749909903506
2164.6,54.700604488603304
2164.8,51.41452814169941
2165.0,48.9452745199298
2165.2,49.45021746591287
2165.4,46.614800359907285
2165.6,46.45583706359532
2165.8,45.430962404201416
2166.0,43.87621490705152
2166.2,43.84036916200582
2166.4,44.136676244347214
2166.6,44.35110449161974
2166.8,46.11571170226159
2167.0,45.17210836089083
2167.2,47.01082726427637
2167.4,45.8257675525757
2167.6,49.79798167861718
2167.8,51.65499147478325
2168.0,49.7702612557008
2168.2,46.81823897297865
2168.4,48.29007307864009
2168.6,48.1108081604996
2168.8,45.4324284313929
2169.0,46.71784016948003
2169.2,47.42570416960396
2169.4,46.454609309533
2169.6,46.8011175308721
2169.8,49.79188387562652
2170.0,49.811326876866985
2170.2,48.56400470330502
2170.4,50.85354079116464
2170.6,52.198931118411835
2170.8,52.64123032915458
2171.0,51.74570451515131
2171.2,52.75490870542063
2171.4,51.25955426480698
2171.6,52.15354263194959
2171.8,50.07208869370668
2172.0,50.972932608275336
2172.2,50.870082591244774
2172.4,51.039729491108226
2172.6,49.41317685470605
2172.8,48.2553229419688
2173.0,48.18909952634583
2173.2,47.90970590584141
2173.4,48.21950758032868
2173.6,46.83901757515934
2173.8,45.0454482221197
2174.0,44.827267380370934
2174.2,42.331454707049694
2174.4,46.13911158627967
2174.6,44.491286621802715
2174.8,48.64452682504802
2175.0,47.17750003088366
2175.2,48.44770537355399
2175.4,46.7094497893796
2175.6,46.15299633747184
2175.8,43.85981304626704
2176.0,43.73515384368677
2176.2,46.70369694323349
2176.4,48.57302709154177
2176.6,50.495532077230706
2176.8,50.539502276758085
2177.0,51.46502516179089
2177.2,50.84834416833671
2177.4,51.296382815940376
2177.6,48.65114500237077
2177.8,47.57029479843857
2178.0,47.49123883330489
2178.2,48.312250078821116
2178.4,50.021557390767406
2178.6,49.45921704676448
2178.8,47.2936961757426
2179.0,49.208523727222016
2179.2,50.24186339978803
2179.4,49.88028615173428
2179.6,45.92090945171903
2179.8,44.05779431192812
2180.0,47.09575102060164
2180.2,47.13281542873128
2180.4,48.37307213408539
2180.6,46.92613316384428
2180.8,47.387794782052275
2181.0,48.96980643130582
2181.2,47.69810029201656
2181.4,47.33085320455709
2181.6,47.08679788507618
2181.8,47.488064369326125
2182.0,46.1479460220567
2182.2,43.96169878286958
2182.4,44.256723891090026
2182.6,43.37957638355285
2182.8,42.89655428716227
2183.0,41.14530165207498
2183.2,41.243260997921354
2183.4,38.50126462381382
2183.6,39.45023224673894
2183.8,40.1596788313001
2184.0,41.24031302862055
2184.2,39.54382523955792
2184.4,39.34932630981094
2184.6,39.71830952427777
2184.8,37.71725612981634
2185.0,39.90856415680072
2185.2,40.97124451135834
2185.4,44.043619201812305
2185.6,43.37586596201441
2185.8,46.30850610265976
2186.0,44.44943733559562
2186.2,46.74494443102387
2186.4,47.00791393793199
2186.6,44.89170866766234
2186.8,48.618910729411404
2187.0,44.86190776406865
2187.2,42.07528677000779
2187.4,43.07590745129978
2187.6,43.946251641768484
2187.8,44.52084399283615
2188.0,43.6113344890616
2188.2,42.982231717436925
2188.4,44.29686239677217
2188.6,45.14204689545495
2188.8,45.271281576117644
2189.0,46.257323168725016
2189.2,45.40802958774851
2189.4,46.48476039220115
2189.6,45.92600153554137
2189.8,47.793551121977266
2190.0,49.49549204131256
2190.2,49.59478435377987
2190.4,50.98510135763459
2190.6,52.87649411400075
2190.8,52.44452409426168
2191.0,51.36224662586799
2191.2,48.19798824548925
2191.4,47.55708262530132
2191.6,46.260306014126485
2191.8,44.837855406811215
2192.0,44.26206735399806
2192.2,42.868691550907165
2192.4,43.80324140159295
2192.6,44.19298674717665
2192.8,44.97394350374397
2193.0,44.18758982145149
2193.2,43.004116402028274
2193.4,43.82014088474827
2193.6,44.59977128877158
2193.8,44.7139337328715
2194.0,46.22493293261071
2194.2,46.93555810173882
2194.4,47.505490938337395
2194.6,49.275553033957536
2194.8,49.1026601003425
2195.0,47.92352417221341
2195.2,47.80764135564087
2195.4,48.09959928963526
2195.6,48.876318966912905
2195.8,50.46183354858925
2196.0,50.41847505481471
2196.2,50.23279515552438
2196.4,50.86920516151401
2196.6,50.70843268517119
2196.8,50.06874689464052
2197.0,48.45380090560671
2197.2,48.67894948745749
2197.4,47.79007454692183
2197.6,49.6253247091454
2197.8,50.44398624952969
2198.0,50.851510919670616
2198.2,51.5621558406895
2198.4,50.43077717385323
2198.6,48.45133589960797
2198.8,47.81687291820517
2199.0,45.533719253956505
2199.2,45.28835478039336
2199.4,44.934236416910196
2199.6,45.24126527606774
2199.8,47.98655366163751
2200.0,46.57656953966746
2200.2,45.73378300093562
2200.4,45.9139302144377
2200.6,45.74158418435985
2200.8,43.90562578211966
2201.0,41.546655417339586
2201.2,42.848560710974525
2201.4,42.793484276609696
2201.6,44.577203937463025
2201.8,43.680993784938025
2202.0,44.74588706878403
2202.2,42.86202055753207
2202.4,41.94937373557678
2202.6,44.102547719809195
2202.8,47.36301764813299
2203.0,49.50889279954388
2203.2,50.78468414542735
2203.4,50.18538648921801
2203.6,50.24515388170934
2203.8,49.95495577896725
2204.0,50.51943578477147
2204.2,52.285916807614335
2204.4,51.361141532193244
2204.6,51.50562758742368
2204.8,50.360136790624416
2205.0,51.13600675133323
2205.2,49.50287400066322
2205.4,49.91882599288441
2205.6,48.057552169555365
2205.8,47.10912563724364
2206.0,49.81757320121229
2206.2,47.87638487288007
2206.4,47.29957606966589
2206.6,47.81914131157986
2206.8,48.944780880511146
2207.0,49.386526919709
2207.2,49.822263945631036
2207.4,50.77391050700793
2207.6,46.1241622824796
2207.8,46.80169504470928
2208.0,46.09000579893386
2208.2,46.154047563731126
2208.4,45.988685250677776
2208.6,43.987913000584655
2208.8,44.05772742679596
2209.0,45.20445338825765
2209.2,44.95447606109515
2209.4,46.329202107432515
2209.6,45.58716338442741
2209.8,45.79960337601645
2210.0,46.84288158417981
2210.2,48.53017388550206
2210.4,45.86707464949348
2210.6,48.84311817925072
2210.8,49.20543190591779
2211.0,47.42007928395098
2211.2,47.53260701763591
2211.4,48.01577515308261
2211.6,48.8101614287769
2211.8,48.120294561292795
2212.0,49.636993792215065
2212.2,49.840740223315734
2212.4,49.52561107979391
2212.6,49.40510773093612
2212.8,50.344627730811
2213.0,47.68533880877817
2213.2,46.62695521201695
2213.4,47.495929827776486
2213.6,47.90239194743048
2213.8,46.84850488167016
2214.0,47.27749470616489
2214.2,49.64050341014756
2214.4,48.31000822837828
2214.6,46.152938571084675
2214.8,47.0549277130971
2215.0,48.09130386264797
2215.2,48.223147898617036
2215.4,49.10315456636858
2215.6,50.75491423568765
2215.8,48.7091042592559
2216.0,49.68793362134977
2216.2,47.88237257635939
2216.4,49.43295708542094
2216.6,49.30846309592305
2216.8,49.70082850943176
2217.0,49.324438245653106
2217.2,46.17540848130425
2217.4,45.12242767954645
2217.6,44.4167610639155
2217.8,44.57752238808772
2218.0,45.43208627674151
2218.2,47.09868580014454
2218.4,47.23620351477095
2218.6,49.122366320131825
2218.8,48.937106421771574
2219.0,49.42724649759355
2219.2,50.5380032914791
2219.4,49.15053752161198
2219.6,51.77591846800249
2219.8,50.63104848275753
2220.0,49.39281285799172
2220.2,47.51462275324794
2220.4,45.718248480845666
2220.6,46.61552762001753
2220.8,46.042243720180956
2221.0,45.43197907886808
2221.2,47.63560223632605
2221.4,47.11310974612402
2221.6,46.771252147885434
2221.8,46.50333541208967
2222.0,47.873020745108185
2222.2,48.29963526146794
2222.4,47.184749749085704
2222.6,49.15403348919192
2222.8,47.86530726615432
2223.0,48.639885917176755
2223.2,49.89960238103044
2223.4,49.64816750137969
2223.6,48.6962957082128
2223.8,48.74969271947905
2224.0,48.32626306554663
2224.2,47.03172686099868
2224.4,44.70622829747168
2224.6,44.833513641000835
2224.8,46.041530183039654
2225.0,46.33295415691464
2225.2,47.607510558680005
2225.4,44.42043004679312
2225.6,45.914503536305546
2225.8,47.59177601021271
2226.0,49.312152762333255
2226.2,46.2431846485255
2226.4,48.06914358656394
2226.6,47.142721455593765
2226.8,47.345603225138035
2227.0,47.45090968899427
2227.2,49.487900020296735
2227.4,47.57457683469741
2227.6,45.04949295290352
2227.8,44.141785306878305
2228.0,45.92912636802352
2228.2,46.08166513367092
2228.4,44.80213590598788
2228.6,44.87012764207513
2228.8,46.69206690508237
2229.0,49.18562906498548
2229.2,48.14717806269431
2229.4,47.2528638346286
2229.6,46.41791948584266
2229.8,45.429061175088165
2230.0,45.02403976004161
2230.2,44.866774159088926
2230.4,44.02675448335637
2230.6,44.44255952990217
2230.8,46.000624966951456
2231.0,44.350826586319876
2231.2,45.53049610417158
2231.4,46.34033865817719
2231.6,44.8844674051047
2231.8,43.998685726709866
2232.0,44.42903656299316
2232.2,43.653597756911154
2232.4,45.56930413561956
2232.6,43.97624178289105
2232.8,46.45262098358113
2233.0,47.89677713816691
2233.2,46.39513713901152
2233.4,44.077912400936185
2233.6,45.34300043137747
2233.8,43.449610445050425
2234.0,45.4761879258875
2234.2,45.35216676174884
2234.4,44.3927594389642
2234.6,43.94901132079013
2234.8,44.31019949526857
2235.0,41.22465833133384
2235.2,42.086730890092916
2235.4,42.58658205034604
2235.6,41.764756917304354
2235.8,40.32080128720163
2236.0,40.53958657576221
2236.2,41.86825179611173
2236.4,42.50892250854897
2236.6,45.83714237228428
2236.8,47.99727850709405
2237.0,45.56471273114522
2237.2,46.81001934898214
2237.4,45.95810976059227
2237.6,44.42653454859746
2237.8,47.28446121757372
2238.0,46.43870248042482
2238.2,47.518168415064004
2238.4,46.46330459794312
2238.6,44.3638553466465
2238.8,44.86245424730333
2239.0,46.829052754437804
2239.2,44.99985450013639
2239.4,48.43241988411229
2239.6,50.57302741980546
2239.8,50.835799373604274
2240.0,51.784804205922725
2240.2,48.53792788113434
2240.4,49.25915656495407
2240.6,48.89972995755758
2240.8,48.577643097548744
2241.0,47.436273138910394
2241.2,44.49780331003531
2241.4,43.438274046706184
2241.6,43.446267226429455
2241.8,43.08087523478639
2242.0,42.636838537665014
2242.2,41.42105206226524
2242.4,42.67860106670703
2242.6,45.33151026916706
2242.8,45.564574029503156
2243.0,45.41201732296312
2243.2,47.13022607614405
2243.4,46.244277911538674
2243.6,47.46648266675824
2243.8,47.339141292048545
2244.0,47.058660182092034
2244.2,47.66964109657543
2244.4,47.16096572326158
2244.6,47.217239133485606
2244.8,45.327721447692255
2245.0,46.54857937851042
2245.2,45.19408796384826
2245.4,45.16591735178377
2245.6,45.1696548984457
2245.8,43.5787639181488
2246.0,43.110275774339556
2246.2,44.09027126918312
2246.4,44.583803435861526
2246.6,46.13999772319197
2246.8,45.61839003816138
2247.0,48.73253619395871
2247.2,48.57588074689323
2247.4,46.209229862764765
2247.6,46.74677309984125
2247.8,45.410412398369076
2248.0,44.12245930570785
2248.2,46.47085604372122
2248.4,44.815211654042095
2248.6,44.97261105844332
2248.8,44.09747954754239
2249.0,45.099146759314834
2249.2,42.564189238097754
2249.4,42.351753419395266
2249.6,44.68293680221219
2249.8,43.72190864891116
2250.0,44.36544431982608
2250.2,41.071393342549605
2250.4,43.89526454878997
2250.6,47.00206388008037
2250.8,46.948138724038714
2251.0,45.71723333642608
2251.2,47.57258610013505
2251.4,46.53847318566604
2251.6,45.51904077828847
2251.8,44.916252810252324
2252.0,43.83037084144543
2252.2,44.34085307594982
2252.4,45.06931908888951
2252.6,44.99429420936095
2252.8,46.70698049757008
2253.0,46.536582923440896
2253.2,48.95661971607482
2253.4,47.01444775431771
2253.6,46.42530432660188
2253.8,47.29984206059904
2254.0,47.56888913734571
2254.2,46.84210106600425
2254.4,47.57032669258952
2254.6,48.42973851026593
2254.8,47.95542075958714
2255.0,47.50564373811266
2255.2,48.464982403055444
2255.4,51.056081300275466
2255.6,49.010550267786215
2255.8,50.23001704534953
2256.0,50.46691292942534
2256.2,49.56112076259723
2256.4,49.50367155606979
2256.6,50.21228444738825
2256.8,48.58381743438211
2257.0,49.90597277351084
2257.2,50.235642980395916
2257.4,48.74455098634666
2257.6,50.453426539128216
2257.8,53.386704313860875
2258.0,54.78014733918944
2258.2,53.143208005119234
2258.4,54.72648685323689
2258.6,55.929494644406404
2258.8,55.40755876250646
2259.0,55.31765223482006
2259.2,53.417346043392094
2259.4,50.783485746306425
2259.6,51.1889793529125
2259.8,50.71659657772051
2260.0,50.72101280606909
2260.2,48.33526620365987
2260.4,47.466634746609195
2260.6,47.58672271591425
2260.8,48.39921032583042
2261.0,50.49946667409429
2261.2,50.43388878355039
2261.4,48.93803394556633
2261.6,46.05017087346086
2261.8,46.55637923741895
2262.0,43.21319909412835
2262.2,46.09874328005694
2262.4,44.45674512541159
2262.6,43.69502329896835
2262.8,46.957950519025246
2263.0,46.29656678634538
2263.2,46.768635657379534
2263.4,47.84183043842009
2263.6,46.06891297968802
2263.8,47.224067139255695
2264.0,46.88104955987069
2264.2,48.56658635499905
2264.4,47.22523581558751
2264.6,47.4780524772961
2264.8,47.41511522734369
2265.0,46.855987307827064
2265.2,46.418627806869075
2265.4,44.73095016146218
2265.6,46.42890817994443
2265.8,45.276029724508355
2266.0,44.17658220121752
2266.2,42.516252352081814
2266.4,44.75014741471487
2266.6,44.697281866287625
2266.8,45.44386742520245
2267.0,45.243965848786736
2267.2,46.22427011649002
2267.4,46.9608535306109
2267.6,44.06048890508954
2267.8,44.196084200677504
2268.0,44.83984013262645
2268.2,44.414641999485994
2268.4,44.36730151553558
2268.6,42.77821597829895
2268.8,40.72981988535521
2269.0,35.070101888267956
2269.2,34.58529651355954
2269.4,35.65764689173016
2269.6,35.8151181990125
2269.8,35.14793899721035
2270.0,37.57628025484137
2270.2,36.536015263277285
2270.4,37.66196021888237
2270.6,37.261064475589784
2270.8,35.671399459958806
2271.0,36.83446010070395
2271.2,35.19849351902873
2271.4,35.557491113301275
2271.6,34.578704834539465
2271.8,33.06509935395289
2272.0,34.33556782615716
2272.2,37.11732066848063
2272.4,36.2030269417403
2272.6,35.588610387536235
2272.8,37.6761132340087
2273.0,38.455376814026586
2273.2,40.16192770611803
2273.4,38.882337426395154
2273.6,38.44201190076824
2273.8,40.199717874558615
2274.0,38.19563619062963
2274.2,38.00670372491722
2274.4,36.621643439127986
2274.6,37.08502457872273
2274.8,35.73607095802688
2275.0,34.96344078871407
2275.2,35.49480491814641
2275.4,35.830270720533626
2275.6,36.667267786662435
2275.8,37.60306379557799
2276.0,36.80430698076175
2276.2,34.471641121325135
2276.4,33.88140384546011
2276.6,30.93261979322033
2276.8,31.20180072468463
2277.0,32.203232539276065
2277.2,33.66447199698398
2277.4,32.51656858618797
2277.6,33.00565566636736
2277.8,33.749084426449876
2278.0,33.20262497892483
2278.2,32.13100797971859
2278.4,31.80043274345387
2278.6,30.55752526279919
2278.8,31.832832272834843
2279.0,31.478234202428084
2279.2,30.215994583956945
2279.4,32.248755362689984
2279.6,29.16863174319504
2279.8,26.544414722098836
2280.0,29.82586949770722
2280.2,30.460972088490948
2280.4,31.035573404812105
2280.6,30.51569788685469
2280.8,32.067976026234405
2281.0,32.98136071798916
2281.2,34.66111566272395
2281.4,34.29489641223253
2281.6,34.77245175362767
2281.8,37.182674278329365
2282.0,36.91233092642576
2282.2,40.56703356188451
2282.4,42.03121414261274
2282.6,43.72613880051371
2282.8,45.068675088720205
2283.0,45.77848967438733
2283.2,46.52287187178708
2283.4,42.012949792064155
2283.6,40.184007188217706
2283.8,38.64726346939763
2284.0,39.39662639934818
2284.2,41.23831745765942
2284.4,41.107589561500966
2284.6,39.89733813918532
2284.8,38.756041899559044
2285.0,40.15836516821768
2285.2,42.83619598605458
2285.4,44.74870394102844
2285.6,42.08803317059618
2285.8,41.00831956142116
2286.0,37.66312252493823
2286.2,34.79282967252821
2286.4,33.52620148839916
2286.6,35.694673290203156
2286.8,37.76784623811015
2287.0,37.906448076047795
2287.2,37.150761964020354
2287.4,39.8647636078821
2287.6,39.22961852320458
2287.8,39.29188358076302
2288.0,41.181078870409294
2288.2,41.75389964903331
2288.4,40.461271751475
2288.6,41.167103908098525
2288.8,41.50192935402644
2289.0,39.65989162088164
2289.2,38.07388965929934
2289.4,38.41479031078126
2289.6,39.318810072701574
2289.8,39.115765634696835
2290.0,39.05510581603026
2290.2,36.99577783019681
2290.4,35.67660130188265
2290.6,37.451458557522386
2290.8,38.97041128787609
2291.0,39.28141687107453
2291.2,38.430785614903165
2291.4,39.733513905917334
2291.6,39.925269388036845
2291.8,36.69639009862871
2292.0,37.246007131000574
2292.2,34.98243617833439
2292.4,34.40714724158963
2292.6,33.939633215256514
2292.8,34.166344887463424
2293.0,33.19762973562336
2293.2,34.40260199900471
2293.4,35.070139672849685
2293.6,34.97181554205028
2293.8,35.42299537328968
2294.0,36.912040600508284
2294.2,37.14237606215693
2294.4,36.87702951754237
2294.6,36.304530626172955
2294.8,34.78622598009753
2295.0,37.57439597967762
2295.2,38.200085845226134
2295.4,37.57131238699152
2295.6,37.445320230745544
2295.8,39.29673637436269
2296.0,41.435824788215314
2296.2,42.22415628325659
2296.4,40.23146885782592
2296.6,40.59737082595739
2296.8,42.04200663270407
2297.0,40.40639727462802
2297.2,37.91437754488139
2297.4,36.50705350692431
2297.6,34.32935787696999
2297.8,33.068226756921774
2298.0,31.952346544404616
2298.2,33.476131811428345
2298.4,34.22917793384266
2298.6,34.546195262536386
2298.8,37.55948873314074
2299.0,37.59858253289699
2299.2,39.481666405478144
2299.4,40.30440372158138
2299.6,40.57664880321521
2299.8,41.099237703678924
2300.0,40.75375379942489
2300.2,39.58959569383035
2300.4,37.242850739916086
2300.6,37.26926027370463
2300.8,35.152932311562914
2301.0,36.207301618461585
2301.2,37.158594625868574
2301.4,35.256264629880924
2301.6,34.697245046490075
2301.8,35.60632301298601
2302.0,38.13897993454659
2302.2,40.80503531160278
2302.4,40.93691730820722
2302.6,41.07345073441024
2302.8,42.794929523480604
2303.0,41.1066592955861
2303.2,41.496561318941446
2303.4,40.738920455771996
2303.6,39.75802666784962
2303.8,41.00800961981343
2304.0,41.910203540601046
2304.2,41.14693326372156
2304.4,40.39620467697054
2304.6,42.26439643379954
2304.8,42.92178911670117
2305.0,44.44204063633261
2305.2,44.917303233651744
2305.4,42.874173229484484
2305.6,42.878213407619114
2305.8,41.77842895176067
2306.0,40.40807562362184
2306.2,41.24850508098767
2306.4,39.67909111873346
2306.6,40.282199175872115
2306.8,45.0941592663255
2307.0,43.99717795420357
2307.2,43.7095778908191
2307.4,43.45618253937345
2307.6,42.90084504288341
2307.8,43.109860907892575
2308.0,40.94758219355933
2308.2,40.921607326009806
2308.4,40.86816792021551
2308.6,39.72088895115191
2308.8,41.49756019967037
2309.0,43.39309777540792
2309.2,44.033844053119026
2309.4,40.99497775286424
2309.6,42.49075412280206
2309.8,44.73930076847013
2310.0,42.734115273289305
2310.2,43.23132979341584
2310.4,44.24621452508163
2310.6,45.149199492475915
2310.8,42.53680060779235
2311.0,44.63138505583292
2311.2,44.55922655626378
2311.4,46.200822451600594
2311.6,48.263026221631186
2311.8,46.07973223430249
2312.0,46.96211021404863
2312.2,46.02865715912137
2312.4,47.13268806391335
2312.6,46.01427102997792
2312.8,47.11118338936292
2313.0,48.10752088666908
2313.2,49.00137398908959
2313.4,48.97742947163816
2313.6,51.231852547447325
2313.8,50.48468330105287
2314.0,48.106824650799346
2314.2,46.802305582858025
2314.4,46.1022298607386
2314.6,46.185911334646626
2314.8,49.092460414564314
2315.0,48.98974665770916
2315.2,46.4312492439067
2315.4,45.81058494266056
2315.6,47.725144879781766
2315.8,50.42626828926318
2316.0,52.48665882792441
2316.2,52.48215002172641
2316.4,52.06523468911358
2316.6,52.040536939596365
2316.8,53.12925673558291
2317.0,52.72281995673769
2317.2,52.59691457181941
2317.4,51.50427708003114
2317.6,53.139148385534114
2317.8,51.76037913639817
2318.0,52.94857556276348
2318.2,53.27958448868762
2318.4,52.58023685282629
2318.6,53.38854176365945
2318.8,54.02361964976852
2319.0,53.67602758031342
2319.2,51.93143041277313
2319.4,52.00784303764367
2319.6,51.179739713010434
2319.8,52.79913620783725
2320.0,54.46332603334619
2320.2,52.97765858226264
2320.4,51.164582152531494
2320.6,50.98206972192838
2320.8,54.11238477627566
2321.0,55.19857079788922
2321.2,53.61249302168055
2321.4,53.53386096528883
2321.6,54.48456259529629
2321.8,52.64278747771033
2322.0,54.76715349533854
2322.2,56.780701463907704
2322.4,57.6804454819326
2322.6,57.38419599278654
2322.8,58.32214290355458
2323.0,56.556946235474975
2323.2,58.69639114240927
2323.4,57.76584070453866
2323.6,57.8987297525648
2323.8,57.090711941742896
2324.0,56.59853004511255
2324.2,56.189637142660764
2324.4,55.77037409575123
2324.6,55.15844357052708
2324.8,52.02044369363149
2325.0,53.025097091158166
2325.2,53.57193100339097
2325.4,55.829653992644424
2325.6,53.307740856195885
2325.8,52.880448904633894
2326.0,52.87757788664859
2326.2,50.75895863222825
2326.4,49.98040676246091
2326.6,51.92138252560349
2326.8,48.486166268811786
2327.0,48.91013487942192
2327.2,47.99694196402187
2327.4,47.20150469545228
2327.6,52.314666063218894
2327.8,53.8656690141317
2328.0,53.41897129872093
2328.2,53.60061174555653
2328.4,53.84411552279513
2328.6,52.01049971377821
2328.8,49.67476994581048
2329.0,49.45873251116103
2329.2,49.93010469302236
2329.4,49.09516584832883
2329.6,48.872419029308006
2329.8,46.45936853585564
2330.0,48.41620147120786
2330.2,47.393732260225505
2330.4,43.78171569796103
2330.6,46.546597219722834
2330.8,49.92143145455505
2331.0,50.665889898335976
2331.2,51.279241237262625
2331.4,50.197087216513296
2331.6,52.29511066430257
2331.8,51.16967722814118
2332.0,53.67419333918189
2332.2,53.2847602349438
2332.4,52.47157611127194
2332.6,51.01147734231703
2332.8,51.421989642391715
2333.0,51.74994534697757
2333.2,51.37710484569765
2333.4,49.73835252660622
2333.6,47.99100734457433
2333.8,46.38616636845871
2334.0,47.1455634348016
2334.2,50.019870016696196
2334.4,49.70172559189727
2334.6,49.73714209911614
2334.8,50.284680668609084
2335.0,47.780283944700564
2335.2,50.53306945925516
2335.4,51.59902991351787
2335.6,53.84823447718715
2335.8,53.342825696403025
2336.0,53.53357274235384
2336.2,53.46432751177943
2336.4,51.74222220736691
2336.6,50.77310310684473
2336.8,51.73249147347016
2337.0,52.945176918322694
2337.2,52.09379022412897
2337.4,54.25769493106706
2337.6,54.81953257800784
2337.8,56.22626996561428
2338.0,54.73190325590202
2338.2,53.17869375245647
2338.4,56.614651969149314
2338.6,55.81946619076659
2338.8,57.667531109476435
2339.0,58.10763066695134
2339.2,56.5147883342319
2339.4,55.88936308704387
2339.6,58.059647698450206
2339.8,57.13061730894446
2340.0,57.03978194099466
2340.2,60.73745717062738
2340.4,59.48575329237616
2340.6,59.82275034500592
2340.8,58.67431335363983
2341.0,59.05054564706137
2341.2,59.20649928281974
2341.4,59.933135624644336
2341.6,59.98292853424914
2341.8,57.32694854214142
2342.0,56.981441916816365
2342.2,56.11394421019636
2342.4,53.28753271891045
2342.6,53.39334264903326
2342.8,51.042714907262344
2343.0,52.709167669645666
2343.2,55.324295461795614
2343.4,60.02517106689724
2343.6,58.26313081540438
2343.8,56.21134935318425
2344.0,57.968485056008404
2344.2,58.815513810553846
2344.4,57.463142146446856
2344.6,56.690870456096704
2344.8,56.65417957479539
2345.0,60.105899070570594
2345.2,60.66831501338574
2345.4,58.98140322178236
2345.6,56.24566032159716
2345.8,56.1375363855076
2346.0,57.28829783558929
2346.2,59.18795933794571
2346.4,58.75988056126459
2346.6,58.71215990049001
2346.8,56.745745754737264
2347.0,56.166818037651055
2347.2,54.69227681695187
2347.4,55.70221600017997
2347.6,55.64163255112443
2347.8,56.712851263731764
2348.0,58.076013170951825
2348.2,56.192516485949504
2348.4,57.39355464635982
2348.6,55.65742130135704
2348.8,54.93286590051251
2349.0,57.18416103361707
2349.2,57.27757225650162
2349.4,58.3318726209838
2349.6,59.38206543775951
2349.8,58.35874445107108
2350.0,58.93723269380593
2350.2,59.23318979119713
2350.4,63.372730866105655
2350.6,65.3789928427687
2350.8,64.23399232828946
2351.0,64.07088919242001
2351.2,63.818035477910165
2351.4,62.63270598854116
2351.6,62.51882675183978
2351.8,62.27829000035781
2352.0,63.330934235578766
2352.2,62.84009586328779
2352.4,65.25708641718063
2352.6,65.28185969573099
2352.8,62.195283012605564
2353.0,62.06696140324328
2353.2,63.53748781046136
2353.4,62.79562292323103
2353.6,63.190958357182126
2353.8,62.02990819685462
2354.0,60.35965705557899
2354.2,57.98046031879268
2354.4,59.482903537422864
2354.6,60.64403131797291
2354.8,62.92764579688071
2355.0,63.52684296034896
2355.2,62.334666348695826
2355.4,62.183921233638046
2355.6,62.7351630805652
2355.8,62.7360966425249
2356.0,63.44416727116596
2356.2,58.850464039774124
2356.4,60.048137805657916
2356.6,59.691833132366256
2356.8,58.64556481127849
2357.0,58.94670070803488
2357.2,61.60178341038456
2357.4,61.862500697865784
2357.6,60.44602796526645
2357.8,60.11493903446755
2358.0,58.76876744167079
2358.2,59.38808878215955
2358.4,58.450553910775874
2358.6,58.112787709974114
2358.8,56.672016773120276
2359.0,56.847795588432284
2359.2,54.61906343489416
2359.4,56.12205416106889
2359.6,55.30893031942838
2359.8,55.68444519714005
2360.0,56.07572095096221
2360.2,55.24978463488894
2360.4,55.67291382617146
2360.6,55.05968670268851
2360.8,54.22259663813261
2361.0,50.83849797093925
2361.2,49.46344762327088
2361.4,46.68645955610833
2361.6,47.11100390740001
2361.8,48.47421634207467
2362.0,51.76391562445861
2362.2,50.56733375654276
2362.4,49.15632154161922
2362.6,48.17148471413573
2362.8,48.80463928808506
2363.0,50.47784750767182
2363.2,50.54938522349413
2363.4,51.837213823806955
2363.6,54.10561782126224
2363.8,53.625165668748416
2364.0,54.31787540124371
2364.2,54.51408487644315
2364.4,54.42810249750876
2364.6,53.652268650628095
2364.8,51.045977635561954
2365.0,49.343377776000096
2365.2,49.681617153386775
2365.4,48.212948419666716
2365.6,47.06642772651341
2365.8,45.78743392832472
2366.0,46.11898457190819
2366.2,46.83005445512379
2366.4,48.203811602514186
2366.6,49.932248154437595
2366.8,50.10953083628018
2367.0,49.38523539797981
2367.2,50.40655187809846
2367.4,48.61243721661505
2367.6,48.86591312793014
2367.8,51.89901770916677
2368.0,51.20610578629148
2368.2,50.24988280387686
2368.4,45.83697900628573
2368.6,46.482391577515116
2368.8,46.96369844836749
2369.0,42.598165087947564
2369.2,44.89483852715424
2369.4,45.103722830558574
2369.6,44.322228380770056
2369.8,44.32749496362817
2370.0,45.281933331484794
2370.2,42.173837296436275
2370.4,42.673359040884684
2370.6,45.218417213100224
2370.8,44.046141979592015
2371.0,46.385395660778315
2371.2,47.59901827902691
2371.4,45.4209009499128
2371.6,44.128045914724666
2371.8,45.82183649683994
2372.0,46.207606038334774
2372.2,45.698340573778786
2372.4,46.08973339907269
2372.6,44.74973031124658
2372.8,43.430972841255475
2373.0,43.09925151867021
2373.2,44.046864592114346
2373.4,43.412771875074455
2373.6,39.41863699304107
2373.8,38.39217523803862
2374.0,39.80218649637927
2374.2,40.29420919614197
2374.4,40.842992762859964
2374.6,41.080636192471204
2374.8,40.247575901529004
2375.0,38.78147884650611
2375.2,36.42878143008049
2375.4,37.09127933012332
2375.6,36.58244934289077
2375.8,36.801127152200955
2376.0,37.29506256358506
2376.2,37.583027594235745
2376.4,36.96796442091578
2376.6,40.31757934977931
2376.8,41.29059598322658
2377.0,45.072238266193594
2377.2,44.5363538269067
2377.4,44.03040177339493
2377.6,45.50127264092269
2377.8,44.670160491496944
2378.0,44.62472028785169
2378.2,43.51982666725037
2378.4,44.76251153114393
2378.6,45.89588960867723
2378.8,47.494419844573144
2379.0,49.754426407067704
2379.2,50.59074643800755
2379.4,47.20771321270432
2379.6,44.086055556390626
2379.8,44.20986624521724
2380.0,46.67660106574321
2380.2,47.41142834673266
2380.4,48.11607086185703
2380.6,44.24188322182711
2380.8,43.319224698738154
2381.0,42.774434074794534
2381.2,43.08776826814213
2381.4,42.4218619972694
2381.6,41.719785702311015
2381.8,43.21502997384335
2382.0,43.32296510757287
2382.2,44.99513234238019
2382.4,42.4918187343727
2382.6,41.329495184710225
2382.8,39.76959901906453
2383.0,37.01675797289938
2383.2,37.29329154623267
2383.4,37.19455360971829
2383.6,41.290391239018014
2383.8,40.75986882975245
2384.0,39.61034321765885
2384.2,41.372950333041516
2384.4,40.889067743076374
2384.6,42.42290580090129
2384.8,42.914322630431755
2385.0,39.285766491058155
2385.2,38.853205514197086
2385.4,38.57127383131959
2385.6,38.47689425044103
2385.8,40.496618671879254
2386.0,41.96822902909466
2386.2,40.186114633962134
2386.4,40.02092935616065
2386.6,43.20815602815336
2386.8,44.45123707766909
2387.0,42.85877256362758
2387.2,42.06090565828294
2387.4,41.22913228825877
2387.6,43.00781942065551
2387.8,46.13307018370975
2388.0,44.74114855601732
2388.2,43.285962404369094
2388.4,41.518843732123905
2388.6,43.138610280072385
2388.8,43.48728117966961
2389.0,44.10784918247345
2389.2,44.304879130047006
2389.4,45.26562122567626
2389.6,44.23198197290724
2389.8,44.38615300771694
2390.0,44.48099276295602
2390.2,42.71700975403998
2390.4,43.863011271687675
2390.6,42.71497842138959
2390.8,41.053452484819985
2391.0,41.09195195855186
2391.2,42.720370735459
2391.4,38.00466693398191
2391.6,36.69148787821069
2391.8,37.30143308980154
2392.0,36.40578059689636
2392.2,35.51600102198683
2392.4,35.46513918742455
2392.6,33.025466217974284
2392.8,33.969669910554074
2393.0,33.61139304075404
2393.2,33.035954505107426
2393.4,32.58833570807828
2393.6,32.0628702289436
2393.8,32.605904901544555
2394.0,31.508970214771374
2394.2,31.63242657623509
2394.4,33.094616440857074
2394.6,32.962000377702324
2394.8,33.49513440246527
2395.0,34.37979411336316
2395.2,35.59836289016657
2395.4,36.10856351527063
2395.6,37.19138103525309
2395.8,39.18223072256524
2396.0,39.142635300889424
2396.2,41.15677363518933
2396.4,38.83485713633728
2396.6,38.25262007863985
2396.8,35.73197554016811
2397.0,38.56149902465508
2397.2,41.07946552261258
2397.4,39.00568793412405
2397.6,39.99444642498373
2397.8,42.24441823525413
2398.0,43.57527195341453
2398.2,43.13166966471876
2398.4,40.451610393652786
2398.6,40.46298080271897
2398.8,42.88789131305644
2399.0,43.33918900097808
2399.2,44.507662618050915
2399.4,43.7096284552858
2399.6,44.33377864037382
2399.8,42.4007000823805
2400.0,42.44365890083522
2400.2,41.56889273982265
2400.4,40.175706668344766
2400.6,42.36599487704161
2400.8,41.97249147232695
2401.0,43.571989876106926
2401.2,44.18089786406459
2401.4,42.74036564982643
2401.6,40.968734893321326
2401.8,39.24180590066766
2402.0,40.93501464747397
2402.2,40.62571186663625
2402.4,40.4053233826916
2402.6,39.328405859028194
2402.8,42.23697259977929
2403.0,43.28132602203085
2403.2,45.199449528555
2403.4,45.79571566397627
2403.6,43.09581251094288
2403.8,44.97520571185352
2404.0,43.92851814220235
2404.2,43.733731914604796
2404.4,44.78331146227855
2404.6,46.705285641935575
2404.8,47.38434249502821
2405.0,49.17968229916973
2405.2,49.053345715362724
2405.4,49.64702866234945
2405.6,46.65021724090999
2405.8,46.295039017126726
2406.0,45.219932460760816
2406.2,44.13343051576541
2406.4,42.942333035899594
2406.6,42.180340643371146
2406.8,43.21119594523523
2407.0,44.811495373808505
2407.2,45.18311754937061
2407.4,47.42198278222303
2407.6,47.92802356478016
2407.8,48.796361526777766
2408.0,46.93442714451955
2408.2,46.3394590475133
2408.4,46.31332382129716
2408.6,47.06347061292007
2408.8,47.271027525047245
2409.0,47.54706440877759
2409.2,46.96912293859292
2409.4,47.362142042432176
2409.6,49.79147431959828
2409.8,48.126398841952096
2410.0,46.04842769631888
2410.2,47.048087520512716
2410.4,46.43495522516854
2410.6,46.43702151792553
2410.8,46.31650015140174
2411.0,45.24101402802404
2411.2,46.53521918409319
2411.4,45.92558613773356
2411.6,45.16318952015351
2411.8,45.94741126925556
2412.0,46.261178920389355
2412.2,48.86406127097
2412.4,49.26262428972891
2412.6,47.612042334509184
2412.8,48.794302295535346
2413.0,48.448848333981296
2413.2,47.13707707067512
2413.4,45.85100498502861
2413.6,48.169635547670644
2413.8,47.29693373593677
2414.0,47.498335959812124
2414.2,48.703311043403474
2414.4,48.82476311003263
2414.6,45.83931585259049
2414.8,44.815980612068145
2415.0,46.1485881962384
2415.2,47.469080737397306
2415.4,47.59575223335018
2415.6,45.7866547495616
2415.8,46.0515081714983
2416.0,47.00929385270552
2416.2,47.91958395612249
2416.4,50.768330145837595
2416.6,47.88609708504106
2416.8,50.48015905229235
2417.0,51.0728458013498
2417.2,48.77169548980591
2417.4,47.49179041566666
2417.6,47.19046110275994
2417.8,47.844469454646045
2418.0,48.187605102178146
2418.2,48.55765696765481
2418.4,49.38076023031587
2418.6,50.179812702257834
2418.8,49.44330788921868
2419.0,49.726399422321485
2419.2,49.4360629036408
2419.4,52.85609832455055
2419.6,52.51322087676356
2419.8,52.37528461647053
2420.0,52.987877871503635
2420.2,53.75560436935183
2420.4,51.647135702836174
2420.6,51.05919258595393
2420.8,49.14825861304265
2421.0,47.460176581025465
2421.2,47.452173189403084
2421.4,51.706842090494085
2421.6,51.15594900488424
2421.8,50.37485267733955
2422.0,49.54232161666293
2422.2,49.70989343016576
2422.4,46.788834743202266
2422.6,45.34156172329581
2422.8,43.194272355718624
2423.0,43.390111738697
2423.2,43.954518616517355
2423.4,44.511695566317975
2423.6,44.18909669809463
2423.8,43.7362947945131
2424.0,42.307908854930304
2424.2,41.89988149489749
2424.4,41.878448254072815
2424.6,40.97619550513345
2424.8,40.366513937165266
2425.0,39.25325527450599
2425.2,38.626108253440556
2425.4,39.04694323721803
2425.6,39.90673566117826
2425.8,40.05295376025334
2426.0,40.51188207615606
2426.2,42.5515057790504
2426.4,42.91139901804499
2426.6,43.71951644855208
2426.8,43.98345810058062
2427.0,40.95103409055511
2427.2,39.93895873811644
2427.4,39.756270683573064
2427.6,39.062416785817256
2427.8,39.14310391993404
2428.0,38.80827585815064
2428.2,40.240264818256655
2428.4,41.17184471926072
2428.6,43.84324523338644
2428.8,42.95487606924919
2429.0,43.78390080026812
2429.2,43.73816292509293
2429.4,42.93581804010885
2429.6,45.96775768076738
2429.8,44.832028510829865
2430.0,41.766022948061234
2430.2,40.981235880051784
2430.4,41.15853793354573
2430.6,42.00450858949181
2430.8,42.22540369544021
2431.0,43.653736423745045
2431.2,44.82546980582001
2431.4,44.92405135872774
2431.6,44.31858574122834
2431.8,45.50698866650645
2432.0,45.31986682536734
2432.2,46.15614558702143
2432.4,45.19966934322514
2432.6,45.457209086029394
2432.8,43.75668766992178
2433.0,46.676736322779824
2433.2,46.932210413909004
2433.4,47.78652541663778
2433.6,46.90539065170014
2433.8,44.89873003564831
2434.0,42.694854497162765
2434.2,44.19860658437837
2434.4,42.548515898237476
2434.6,43.28702458557671
2434.8,41.66680901191924
2435.0,42.25861420413555
2435.2,42.66800959857248
2435.4,41.998947269460174
2435.6,44.90672125813721
2435.8,45.92887953942159
2436.0,44.50719845131108
2436.2,43.267926894684095
2436.4,42.85013955003676
2436.6,42.80018413149633
2436.8,43.43149175897907
2437.0,43.70010730226287
2437.2,40.428851164163355
2437.4,40.61413354200656
2437.6,41.17744419036632
2437.8,41.23509510449814
2438.0,42.677623425253685
2438.2,42.25030635476628
2438.4,39.883204299839406
2438.6,42.15386158563206
2438.8,40.97729224125233
2439.0,39.64179481626458
2439.2,40.662992210006806
2439.4,39.03389522305515
2439.6,38.936918869570476
2439.8,38.120980330760695
2440.0,37.38026105538827
2440.2,38.94596281461554
2440.4,37.989578008542054
2440.6,40.65347541255238
2440.8,39.5917370077924
2441.0,37.95240276064215
2441.2,40.000264725143346
2441.4,37.34184819209164
2441.6,37.01393693733665
2441.8,35.72507694575838
2442.0,35.47748724449809
2442.2,35.90560233968054
2442.4,36.204664262556086
2442.6,38.150678627380415
2442.8,36.779668334478764
2443.0,36.368915028350514
2443.2,39.590188084567075
2443.4,38.44199314433362
2443.6,39.80773804275998
2443.8,40.40589371295006
2444.0,40.13802685211673
2444.2,38.50743558939637
2444.4,40.86952502034759
2444.6,43.01369644863848
2444.8,42.95506819702233
2445.0,42.096196961472955
2445.2,43.746646210226736
2445.4,43.805235761904214
2445.6,42.5754230374003
2445.8,43.85870925898879
2446.0,42.912976265305616
2446.2,44.78640209619675
2446.4,44.596070807459895
2446.6,41.40256900680925
2446.8,41.42190199115643
2447.0,42.27102042134949
2447.2,40.67299172844785
2447.4,40.259842273437414
2447.6,39.88517906656983
2447.8,39.021735027129964
2448.0,39.599635523463796
2448.2,42.695750037103764
2448.4,43.72227114963322
2448.6,42.27359317082164
2448.8,45.72716095859587
2449.0,45.995269468840824
2449.2,46.86229786923005
2449.4,48.32994254025658
2449.6,49.03120146765887
2449.8,48.99145182461293
2450.0,51.027399203062586
2450.2,51.44640085548235
2450.4,48.95957409697564
2450.6,54.68791382213355
2450.8,56.12714013292952
2451.0,55.77274202564019
2451.2,56.27066261326016
2451.4,56.55310153714622
2451.6,55.179364445150526
2451.8,55.86926284022108
2452.0,54.21753634568123
2452.2,52.339522106092595
2452.4,52.762709580047286
2452.6,52.8598727112155
2452.8,50.86938585562617
2453.0,53.70393025456144
2453.2,55.99517720937861
2453.4,59.83611867780002
2453.6,61.65754033603527
2453.8,59.79848449110398
2454.0,59.21887378248468
2454.2,56.88027287494609
2454.4,58.74492955397024
2454.6,58.72757490451093
2454.8,61.51293501894809
2455.0,59.047612384589684
2455.2,56.469393425031754
2455.4,58.28111418951525
2455.6,59.130830937885406
2455.8,58.215492271433256
2456.0,59.800759334608244
2456.2,58.79707937465484
2456.4,60.395202177171605
2456.6,59.42049837432897
2456.8,59.34339758682857
2457.0,62.49124525910324
2457.2,63.29872960931863
2457.4,62.96062314428393
2457.6,64.89106122611612
2457.8,65.65704798821265
2458.0,63.89841836162023
2458.2,63.549721062387576
2458.4,61.48620547093589
2458.6,57.374137056399576
2458.8,58.76531781358457
2459.0,59.9780356617718
2459.2,59.017647302817934
2459.4,57.15153439690184
2459.6,57.13525351923805
2459.8,59.66634390211777
2460.0,56.89566201312595
2460.2,59.03037682076156
2460.4,57.075745297077304
2460.6,59.545407964874244
2460.8,59.53309250534774
2461.0,60.19337719227694
2461.2,59.826776597629454
2461.4,57.15540739068735
2461.6,56.744578024259155
2461.8,57.0247080656977
2462.0,54.04513044260237
2462.2,54.95893925540889
2462.4,56.88077861237992
2462.6,55.97199808098849
2462.8,56.55297254093167
2463.0,58.2642882646734
2463.2,57.137391854895576
2463.4,57.49019675021364
2463.6,60.22876648283748
2463.8,60.053815553471175
2464.0,60.29740090830093
2464.2,59.91565718287543
2464.4,61.1530817214576
2464.6,61.45550450960951
2464.8,62.35895340686156
2465.0,62.04087147062442
2465.2,64.14128939372155
2465.4,61.69694124473625
2465.6,63.268827124431944
2465.8,62.740575514830084
2466.0,59.268783641932636
2466.2,57.64351416851615
2466.4,57.681717299783756
2466.6,58.708713651119325
2466.8,61.850725911474754
2467.0,61.968142205089066
2467.2,62.688925436755945
2467.4,60.756357595821875
2467.6,62.57282508401509
2467.8,62.2344918249964
2468.0,63.133309056300966
2468.2,62.810076794163535
2468.4,60.874909702982606
2468.6,62.64896432950565
2468.8,64.08526150688103
2469.0,61.76235967054553
2469.2,61.90772907653505
2469.4,60.13141874881487
2469.6,58.094908531459
2469.8,58.16191065687643
2470.0,57.93745713048645
2470.2,58.558956492335625
2470.4,60.721517380097
2470.6,61.138365709338146
2470.8,61.49136610893038
2471.0,62.07159486556375
2471.2,59.666283474421846
2471.4,60.15786788830492
2471.6,63.621413054489
2471.8,62.73633172120575
2472.0,61.32005584157619
2472.2,60.314247618967144
2472.4,60.39254065530506
2472.6,60.96604874630425
2472.8,61.62666746607967
2473.0,60.786308060755125
2473.2,59.038319835959726
2473.4,58.2207194791338
2473.6,57.941817732258166
2473.8,56.436731997944065
2474.0,60.077988554557535
2474.2,60.43191217267304
2474.4,62.83677970902231
2474.6,60.583635815896
2474.8,60.620999148686714
2475.0,62.80565013047381
2475.2,59.273822723555355
2475.4,54.78539881300104
2475.6,56.57641389360351
2475.8,59.15061810921256
2476.0,56.873819643515596
2476.2,55.58598572720264
2476.4,57.92766707070504
2476.6,57.470333622696884
2476.8,58.11485508970349
2477.0,59.240230738687856
2477.2,59.837520427732535
2477.4,59.303530806743474
2477.6,58.43686288707503
2477.8,59.45613011688334
2478.0,61.61486218261565
2478.2,64.24916150774955
2478.4,61.120999806275535
2478.6,60.88828209952581
2478.8,62.21900794051016
2479.0,62.02391428290666
2479.2,61.681623168936724
2479.4,60.814709970073935
2479.6,62.19131325888668
2479.8,62.11818997740818
2480.0,62.93565968682802
2480.2,64.03401214898972
2480.4,64.48817784969364
2480.6,63.682898367059636
2480.8,62.96177124000629
2481.0,62.140759711167995
2481.2,63.55323392063599
2481.4,63.32085877085356
2481.6,66.58666258561179
2481.8,65.68346680694853
2482.0,64.86361511453575
2482.2,64.18849731173367
2482.4,61.67460261287384
2482.6,58.7315370094554
2482.8,57.306430327741296
2483.0,56.86853295975482
2483.2,58.54947587449348
2483.4,59.22268886556081
2483.6,61.08056931616883
2483.8,60.340911394519665
2484.0,59.90583201766534
2484.2,60.824685079309226
2484.4,58.17797507426533
2484.6,57.406231206534386
2484.8,58.194636326700305
2485.0,56.77823902273977
2485.2,55.22743134836054
2485.4,57.40949648730344
2485.6,56.89879842757283
2485.8,55.992463581050835
2486.0,57.129437537086375
2486.2,54.418387487807166
2486.4,54.634725751018905
2486.6,51.740915003859065
2486.8,51.98209432866633
2487.0,52.827217526550726
2487.2,51.1246954401051
2487.4,50.591463306819776
2487.6,48.42782763910322
2487.8,47.937474415938496
2488.0,46.106985396707614
2488.2,49.13746491893079
2488.4,51.17285623956527
2488.6,51.25207359415639
2488.8,53.65961586690276
2489.0,52.12867608683333
2489.2,52.013594414017696
2489.4,53.62170637876897
2489.6,55.078828630944734
2489.8,54.19439860381806
2490.0,52.99779667871111
2490.2,52.161147783305026
2490.4,53.8045385351458
2490.6,56.19162706897262
2490.8,56.1587355691954
2491.0,52.25504972053086
2491.2,53.42304892272938
2491.4,54.33324900474011
2491.6,54.14685643687581
2491.8,55.986199811519526
2492.0,57.69052493800716
2492.2,58.326873083735535
2492.4,54.508261054047686
2492.6,53.747932194106255
2492.8,54.33069114560651
2493.0,52.63043816735238
2493.2,52.1492555312254
2493.4,54.317203528727546
2493.6,52.28402055627904
2493.8,49.428553852338446
2494.0,49.815608711565105
2494.2,52.04987277390282
2494.4,51.18670534822773
2494.6,51.90861740849486
2494.8,51.573056327136484
2495.0,52.87304453845156
2495.2,54.61273495089044
2495.4,55.29950916754792
2495.6,55.50181696709053
2495.8,56.33860266285382
2496.0,55.65519035062019
2496.2,55.428127049239706
2496.4,54.35894129138429
2496.6,55.29006927449042
2496.8,56.31446130243927
2497.0,58.0984634638022
2497.2,57.96547604458296
2497.4,56.197295948823665
2497.6,58.20743838997306
2497.8,57.555984071119745
2498.0,56.60397147344745
2498.2,55.00021008850989
2498.4,55.59645916733194
2498.6,53.676833211886795
2498.8,54.48872896096858
2499.0,56.069386572795366
2499.2,58.24441736273589
2499.4,59.68897323967944
2499.6,55.689968031784346
2499.8,51.622355714933335
2500.0,53.294084296235084
2500.2,54.68920022041612
2500.4,53.877195412569485
2500.6,53.70274646950607
2500.8,56.61933195249178
2501.0,52.43623610663982
2501.2,56.83362671348128
2501.4,55.20355414818483
2501.6,58.33610585446506
2501.8,59.47606214446018
2502.0,58.11030462652343
2502.2,57.580836051783486
2502.4,59.32444202062322
2502.6,59.68468512944259
2502.8,59.83726605958211
2503.0,58.51698758820301
2503.2,58.74291979771574
2503.4,59.394650417772674
2503.6,58.43278423653376
2503.8,57.684049271968604
2504.0,57.061919035603765
2504.2,58.75596716263654
2504.4,61.19067824674002
2504.6,60.090882882602386
2504.8,59.9102257510178
2505.0,59.675439868161355
2505.2,58.52311809173667
2505.4,57.365121599769125
2505.6,55.29916411020257
2505.8,54.393490140722236
2506.0,57.72891291146141
2506.2,59.22968611920212
2506.4,58.22072775063588
2506.6,57.57173970819737
2506.8,55.80174641158778
2507.0,58.46089671116995
2507.2,60.73808914401233
2507.4,60.14887088767826
2507.6,60.93442751550516
2507.8,58.5931665187967
2508.0,57.70572914955668
2508.2,58.618279931781686
2508.4,57.134600272148184
2508.6,54.46160015883934
2508.8,53.73817037321601
2509.0,54.313819495400836
2509.2,53.33597477890113
2509.4,52.80955894854144
2509.6,53.429386626366544
2509.8,52.14831280446695
2510.0,51.96124755869044
2510.2,50.860146393277006
2510.4,51.51642607362199
2510.6,52.22768067457967
2510.8,52.60977804585287
2511.0,52.648902928051164
2511.2,54.6290636848604
2511.4,55.665315699127895
2511.6,55.23212815208228
2511.8,53.999172962735386
2512.0,54.160965430830466
2512.2,53.84984687886636
2512.4,57.02679601087554
2512.6,55.23681129448295
2512.8,56.08394411516569
2513.0,54.4427820316746
2513.2,56.64730905030108
2513.4,59.316868773598486
2513.6,60.47790814276923
2513.8,58.25265141244466
2514.0,57.92234488182529
2514.2,54.41181010549505
2514.4,54.94591565409753
2514.6,57.640895811792944
2514.8,58.49502371573841
2515.0,59.67509136275954
2515.2,56.86258023965407
2515.4,55.180890475675106
2515.6,55.94882311496151
2515.8,57.87531002248314
2516.0,55.822296504325095
2516.2,53.8232255529795
2516.4,55.3020766737934
2516.6,59.13639348854186
2516.8,59.37518050837609
2517.0,56.140308224432644
2517.2,53.86441823928187
2517.4,55.068506856543884
2517.6,57.657904371480114
2517.8,57.19770986208637
2518.0,55.44240747636573
2518.2,54.86935910469205
2518.4,53.258875846209015
2518.6,49.22656541767907
2518.8,48.735614667687244
2519.0,46.92534052209649
2519.2,45.808799025948375
2519.4,45.53778495203811
2519.6,48.28607030609567
2519.8,45.80000638072647
2520.0,43.809310342682096
2520.2,43.61532909207295
2520.4,43.98504177332032
2520.6,44.750742928113
2520.8,44.75328259447106
2521.0,43.373761473013076
2521.2,43.92755503230877
2521.4,47.59439083212294
2521.6,49.56425972961717
2521.8,48.780034255736126
2522.0,48.75318150049387
2522.2,49.97668229935655
2522.4,50.9391026855069
2522.6,49.29600470280212
2522.8,48.590172639507955
2523.0,48.649307256158416
2523.2,48.4742775313972
2523.4,49.51534595832426
2523.6,48.344748050048054
2523.8,47.64491817340058
2524.0,50.66773386723198
2524.2,47.937485612716486
2524.4,48.744640881666484
2524.6,47.761894885729426
2524.8,48.26203071687114
2525.0,48.17221053277538
2525.2,44.41406604984359
2525.4,43.79371013835481
2525.6,44.24614132854336
2525.8,45.838875374942056
2526.0,48.5226168725418
2526.2,50.073912427579934
2526.4,49.31110820845881
2526.6,50.65533306644827
2526.8,49.887114213118906
2527.0,51.699903218272205
2527.2,50.93514909924388
2527.4,50.782068286853956
2527.6,49.66647877745052
2527.8,49.17706106643013
2528.0,48.21709324775669
2528.2,46.89756868529008
2528.4,47.308292214337484
2528.6,48.27378067622263
2528.8,49.8289498439103
2529.0,51.842182249685976
2529.2,50.98944825249379
2529.4,48.643681887133596
2529.6,46.64095610893645
2529.8,47.11670918667609
2530.0,46.780019632109884
2530.2,46.67064107172722
2530.4,49.216466036881805
2530.6,46.63558060790902
2530.8,47.84361469041288
2531.0,45.41051099877745
2531.2,47.009432252011706
2531.4,46.864249999332486
2531.6,47.52242245072746
2531.8,48.432340601412804
2532.0,49.14861007646765
2532.2,47.99367597554449
2532.4,43.651060983796214
2532.6,43.128607376175665
2532.8,45.376511125661445
2533.0,44.717315446595066
2533.2,43.51137181154116
2533.4,45.69678292630996
2533.6,45.072700341642424
2533.8,43.988899247287215
2534.0,45.57133858817602
2534.2,47.619041038716276
2534.4,45.73409664687251
2534.6,47.98005978815836
2534.8,49.4201933265788
2535.0,47.80891900671766
2535.2,48.488614535250974
2535.4,48.39567575525595
2535.6,49.07053069158102
2535.8,47.16943452841582
2536.0,46.58274260414089
2536.2,45.99173343329287
2536.4,46.514148394897546
2536.6,45.16674154753324
2536.8,46.08419510925106
2537.0,46.62661341023653
2537.2,44.81720795022709
2537.4,44.327157407960236
2537.6,45.33734382125897
2537.8,44.80129981228791
2538.0,43.74799302703066
2538.2,45.453754324092976
2538.4,43.511003664191364
2538.6,44.449377578931724
2538.8,46.89957506595768
2539.0,46.633818215525565
2539.2,45.40059888675569
2539.4,45.31535331294841
2539.6,43.361323993696026
2539.8,43.958064210796124
2540.0,45.25874651432942
2540.2,43.450315782295014
2540.4,45.082495956852384
2540.6,44.70107277152505
2540.8,45.36164596274294
2541.0,43.224772287309406
2541.2,42.64953301164218
2541.4,42.007895219532756
2541.6,40.573051773069
2541.8,40.41903291145144
2542.0,40.65408728406922
2542.2,40.71668833249325
2542.4,42.45176475749516
2542.6,42.5516457672357
2542.8,45.27640114015827
2543.0,45.337265971899456
2543.2,43.31074183065578
2543.4,44.81236373475659
2543.6,45.928024245725084
2543.8,43.87418165970399
2544.0,42.61412772215365
2544.2,43.80928159966706
2544.4,47.42029548366358
2544.6,45.79137214999581
2544.8,47.85753706448303
2545.0,49.98753879462442
2545.2,47.961269711767244
2545.4,44.876261439820446
2545.6,44.15688541034498
2545.8,42.379541504224456
2546.0,43.650612108094975
2546.2,45.459079250319625
2546.4,48.79108823818822
2546.6,46.90020948937931
2546.8,46.048344872508686
2547.0,46.47113881429032
2547.2,47.06283383881676
2547.4,47.70994388795985
2547.6,47.63329502341453
2547.8,51.359944846419204
2548.0,49.11751115409773
2548.2,46.57608573080235
2548.4,46.799093153240804
2548.6,45.8209156704945
2548.8,44.67322489020751
2549.0,46.13839734248755
2549.2,44.727978919431514
2549.4,44.631153279512866
2549.6,47.51258533529007
2549.8,46.601366436360465
2550.0,45.91731892991342
2550.2,46.71345834086536
2550.4,47.18872797265908
2550.6,47.60079749560056
2550.8,46.64049739686234
2551.0,49.217211210275764
2551.2,51.05955245539681
2551.4,49.54064859212983
2551.6,52.49306941344252
2551.8,54.56939814301702
2552.0,54.669270607711425
2552.2,52.97184311426999
2552.4,52.376656761224474
2552.6,50.987296008488826
2552.8,47.826300376207215
2553.0,49.93192999799401
2553.2,49.532869191970754
2553.4,49.73049315839225
2553.6,52.440856000249234
2553.8,51.52561016957887
2554.0,51.18807952936558
2554.2,50.17981402669043
2554.4,49.672121262991375
2554.6,50.177946627826344
2554.8,46.977498843121424
2555.0,48.956641337075894
2555.2,51.3337837349399
2555.4,49.92954120641063
2555.6,49.79408266336605
2555.8,48.99307750831801
2556.0,46.354844720014654
2556.2,45.416919819817096
2556.4,44.637303920050385
2556.6,41.99368478586108
2556.8,42.88980756681174
2557.0,42.94537241660069
2557.2,45.001398306690476
2557.4,43.673541714470126
2557.6,45.04701886906251
2557.8,45.660950135671825
2558.0,45.65927547931375
2558.2,46.49576433053191
2558.4,46.55231566397231
2558.6,48.27282115240515
2558.8,49.668829080098355
2559.0,48.7316205533609
2559.2,47.96732486575425
2559.4,44.950388277516915
2559.6,45.78636171200071
2559.8,45.70139705953938
2560.0,46.12968795971517
2560.2,43.9655384009622
2560.4,45.68970993793472
2560.6,47.89689170058057
2560.8,46.437431091085784
2561.0,48.29682073944474
2561.2,48.57673752283014
2561.4,49.0796230830965
2561.6,48.91281183949558
2561.8,49.53310766330185
2562.0,48.67662536976448
2562.2,47.261509577413364
2562.4,46.170568048101174
2562.6,46.58139551535343
2562.8,46.34556456714834
2563.0,48.555105106102296
2563.2,50.83587900858562
2563.4,48.60479816621569
2563.6,45.95855581090618
2563.8,43.88359128164435
2564.0,40.96859314255933
2564.2,39.24270258710928
2564.4,37.653419792149265
2564.6,38.744421768268495
2564.8,40.24762987512506
2565.0,40.832019048427526
2565.2,41.13614824985774
2565.4,39.369410876952756
2565.6,39.56007864200656
2565.8,38.064395732728045
2566.0,40.75345073890954
2566.2,42.85858573469805
2566.4,43.60855820940102
2566.6,44.295225606730355
2566.8,44.55039355040931
2567.0,46.867607033046504
2567.2,48.370996295309965
2567.4,45.88138787347347
2567.6,46.146098974824945
2567.8,43.537753395957154
2568.0,44.459780378321014
2568.2,43.56960468985409
2568.4,44.62023921372325
2568.6,43.90280042373179
2568.8,44.26654109758063
2569.0,43.25062223488417
2569.2,44.44001414552475
2569.4,45.183826770319584
2569.6,44.83131380129019
2569.8,44.39123352165133
2570.0,44.66410198421365
2570.2,46.08711549536514
2570.4,46.33531938147861
2570.6,47.984706154449164
2570.8,50.853023062633525
2571.0,49.82583659014392
2571.2,49.055012100652476
2571.4,49.565650197886775
2571.6,51.31722327014265
2571.8,53.423836379705804
2572.0,54.626065645325184
2572.2,56.20909918324132
2572.4,54.63742468726737
2572.6,55.35419611098273
2572.8,54.61390664684895
2573.0,56.86796986516234
2573.2,59.22948816408305
2573.4,60.561862817747794
2573.6,62.50260446384278
2573.8,62.63885853553765
2574.0,59.572719202739066
2574.2,58.6965258020301
2574.4,59.64677325309307
2574.6,59.358787970184615
2574.8,59.71106887978458
2575.0,58.68001663989526
2575.2,59.09524258148022
2575.4,61.50318414261069
2575.6,61.59196204290731
2575.8,62.58031447444103
2576.0,59.39035797991761
2576.2,60.66521909352364
2576.4,61.377150643091376
2576.6,60.23027271053867
2576.8,61.59074063429511
2577.0,60.63795378305534
2577.2,60.77142680207864
2577.4,59.388429225134615
2577.6,59.454542637057
2577.8,59.23234038281809
2578.0,58.68113002274449
2578.2,58.34437391535742
2578.4,57.3374001458763
2578.6,57.410768637475144
2578.8,55.39409500711179
2579.0,56.3527734948802
2579.2,58.568076793666194
2579.4,59.23345500679816
2579.6,60.44676452658053
2579.8,60.8526916246117
2580.0,60.23695511493568
2580.2,61.69559534580479
2580.4,57.75616331814291
2580.6,55.85306460067699
2580.8,56.74276535562978
2581.0,58.9353416046388
2581.2,61.61093040178372
2581.4,60.940680193269216
2581.6,63.71324069837952
2581.8,63.6109663298934
2582.0,64.64943322943455
2582.2,62.298732317094185
2582.4,64.58320769034967
2582.6,66.49519395563365
2582.8,67.53830045131639
2583.0,70.20493309837177
2583.2,65.74574071483957
2583.4,68.19100078256287
2583.6,69.37113404246487
2583.8,70.10688701070924
2584.0,69.91373850844587
2584.2,69.2350161131304
2584.4,66.99606770117201
2584.6,64.87690644128345
2584.8,62.14086627335874
2585.0,61.25246830189247
2585.2,60.58194803060328
2585.4,58.64037298957581
2585.6,58.55732389092871
2585.8,58.07002315512036
2586.0,57.42031021032979
2586.2,55.20308947036838
2586.4,56.42786022295806
2586.6,57.89385161232292
2586.8,58.45605804961485
2587.0,60.45641419404135
2587.2,58.94489049294094
2587.4,61.22918796872525
2587.6,61.82041591608965
2587.8,60.23599669096177
2588.0,61.97284990257587
2588.2,62.54252761130684
2588.4,63.299497317182364
2588.6,59.05040990705012
2588.8,59.9107836694165
2589.0,60.23635078448663
2589.2,60.49554754344329
2589.4,61.38322449334224
2589.6,62.665339341727915
2589.8,61.372407662823036
2590.0,61.27182989532333
2590.2,62.075807302449135
2590.4,61.59140755126585
2590.6,61.01256932824679
2590.8,61.53729112145033
2591.0,63.10307448780355
2591.2,60.969457599261474
2591.4,60.13897048719187
2591.6,61.244226211505584
2591.8,58.292769840676144
2592.0,57.32695072597267
2592.2,57.142939486964735
2592.4,56.56828012510112
2592.6,57.49216281337056
2592.8,56.48914684382764
2593.0,55.82951314455828
2593.2,55.53089142142335
2593.4,56.144861028893864
2593.6,54.10715048922667
2593.8,57.135179239009595
2594.0,58.20148961356311
2594.2,60.264080119996486
2594.4,63.27182066103717
2594.6,63.95991836124635
2594.8,63.25100798723713
2595.0,64.38624899517168
2595.2,62.275847792961386
2595.4,58.5150859360655
2595.6,59.16030609736811
2595.8,58.66016823203603
2596.0,57.51872672404198
2596.2,56.26149383230279
2596.4,53.308716621332394
2596.6,52.33360845637712
2596.8,51.80550203739929
2597.0,50.418388585396876
2597.2,53.617027986176744
2597.4,53.20261434971961
2597.6,52.13460720164599
2597.8,54.64697292919009
2598.0,53.54647065678826
2598.2,55.13148124298105
2598.4,55.15475079870263
2598.6,56.599675782247154
2598.8,57.851043519641294
2599.0,57.55315343185322
2599.2,60.661857757608175
2599.4,61.57807879224358
2599.6,59.7893418510851
2599.8,59.07695684708755
2600.0,57.993887015802315
2600.2,56.30473556947855
2600.4,56.193623711208495
2600.6,58.63099795019993
2600.8,57.113091412011215
2601.0,57.185975089864954
2601.2,57.97990191571894
2601.4,59.0935372461136
2601.6,60.35854949300591
2601.8,59.45454212572137
2602.0,58.616408915800555
2602.2,57.02704749938847
2602.4,57.12727462270305
2602.6,56.58473585618715
2602.8,56.12146726765336
2603.0,55.56669057293776
2603.2,53.61370435241759
2603.4,51.06959890125808
2603.6,49.53741255518547
2603.8,49.04234890565074
2604.0,48.76733252750512
2604.2,51.17593715337924
2604.4,49.269789489232494
2604.6,50.41306423915942
2604.8,50.866176982083914
2605.0,51.47936036897599
2605.2,52.22112382129367
2605.4,53.9630850246461
2605.6,54.071350469158745
2605.8,56.593826526371494
2606.0,55.19581518173378
2606.2,53.385827332937325
2606.4,52.055108027733
2606.6,50.7588493193886
2606.8,49.45117995132677
2607.0,50.6667161280965
2607.2,52.75673046405609
2607.4,50.7068539063125
2607.6,51.29947939230404
2607.8,51.857797923245386
2608.0,50.78425640989672
2608.2,51.27680342032879
2608.4,48.69809034011289
2608.6,48.262133446785604
2608.8,48.48356664419558
2609.0,49.09180051649599
2609.2,49.40464467387986
2609.4,50.37137202795435
2609.6,50.22672187549057
2609.8,51.164076754698016
2610.0,48.096401227477024
2610.2,46.94985212814865
2610.4,46.136159942369645
2610.6,43.25932363481123
2610.8,42.67177703664983
2611.0,42.06196809131601
2611.2,42.88796576528508
2611.4,41.31690117607008
2611.6,42.40377636222712
2611.8,42.60900449829086
2612.0,43.89690888153239
2612.2,46.49109844405599
2612.4,46.54042553336589
2612.6,46.95320053555902
2612.8,45.71346870915788
2613.0,44.61928429776308
2613.2,43.060105652525884
2613.4,43.52645103333455
2613.6,43.43041937728665
2613.8,43.05364330698592
2614.0,41.852010781203234
2614.2,43.3207235680695
2614.4,44.41401380619406
2614.6,43.5548414636916
2614.8,43.35013110509227
2615.0,45.241454566735854
2615.2,47.531467296960095
2615.4,48.35405976382633
2615.6,49.82718496972666
2615.8,47.09019403515866
2616.0,47.997519829954236
2616.2,48.748916543523734
2616.4,49.477485070505274
2616.6,48.65586009490677
2616.8,48.75908896619485
2617.0,49.24388949004053
2617.2,53.28893944468739
2617.4,55.05034722765512
2617.6,54.720112981758504
2617.8,52.64972616411846
2618.0,50.88502612129081
2618.2,48.71843241107023
2618.4,49.48002841222325
2618.6,48.69870894720657
2618.8,47.80705743259499
2619.0,48.55526177653417
2619.2,48.87333584936047
2619.4,48.98453581682969
2619.6,48.36852008096966
2619.8,49.139408731159946
2620.0,48.61086840776114
2620.2,46.66491721612398
2620.4,46.248513628475216
2620.6,45.96811384243958
2620.8,49.2922779931854
2621.0,54.66604861325578
2621.2,52.91656225677123
2621.4,49.2701580521171
2621.6,48.836973819152796
2621.8,52.572754081152695
2622.0,53.7037916558902
2622.2,54.66102596486438
2622.4,55.07094985147
2622.6,54.68124810571744
2622.8,55.8967341582176
2623.0,53.88777091856946
2623.2,52.83135560647053
2623.4,50.42943536030617
2623.6,50.464319140387786
2623.8,50.993436347010274
2624.0,50.276044216006206
2624.2,48.475421709727286
2624.4,47.63373319800503
2624.6,45.48641509223696
2624.8,45.13058342775039
2625.0,41.70341583629157
2625.2,42.35970514905765
2625.4,39.96884648003262
2625.6,41.252278602923425
2625.8,43.45105817316984
2626.0,43.820789279413255
2626.2,43.56749475633721
2626.4,44.38851826255242
2626.6,44.76015858373046
2626.8,45.60288486819928
2627.0,47.2741740167536
2627.2,47.2151378348978
2627.4,46.481010450689624
2627.6,45.753659811379435
2627.8,47.007331029423234
2628.0,44.3012602237022
2628.2,42.918660409547016
2628.4,40.18178618912764
2628.6,38.725695480543145
2628.8,40.173990752295275
2629.0,42.37873893650555
2629.2,41.446296040806764
2629.4,41.5886693430251
2629.6,41.9490697081016
2629.8,41.33099175341857
2630.0,40.095221752726296
2630.2,41.00139388280955
2630.4,43.814105595189226
2630.6,44.504958014429825
2630.8,45.898061097186115
2631.0,46.3959440060577
2631.2,46.179104020532705
2631.4,47.573554238962316
2631.6,50.6077821913361
2631.8,50.38581918337543
2632.0,48.00397887247881
2632.2,47.10192053512232
2632.4,46.665312178853846
2632.6,47.93021818664684
2632.8,47.57686554310331
2633.0,47.977114904914956
2633.2,46.77769515941873
2633.4,44.426191021428835
2633.6,41.854165847913194
2633.8,43.064297215774474
2634.0,42.781247242316866
2634.2,42.92213594977561
2634.4,42.48333401884247
2634.6,44.4132427127135
2634.8,45.159731693770524
2635.0,45.99295419416491
2635.2,46.53078451145688
2635.4,48.93662427628851
2635.6,51.56200512143361
2635.8,50.93862157626492
2636.0,50.26067878197421
2636.2,49.7036850950428
2636.4,48.34571526430743
2636.6,50.06580444743263
2636.8,50.89002812655062
2637.0,51.91711126762327
2637.2,52.208860580991725
2637.4,50.85462665965929
2637.6,49.75395887694495
2637.8,50.23405109875185
2638.0,50.26096871742573
2638.2,50.57614817450022
2638.4,49.96121429556066
2638.6,49.59592689011669
2638.8,49.07321326448057
2639.0,50.32362575085393
2639.2,48.63337837446875
2639.4,45.75086339036079
2639.6,46.97693210485103
2639.8,47.609806714493274
2640.0,45.487327048937296
2640.2,46.698069907387556
2640.4,48.35376715308946
2640.6,47.91135855431206
2640.8,50.50278515610333
2641.0,51.09442694976907
2641.2,50.25099596194192
2641.4,47.48012902182189
2641.6,48.29170189834951
2641.8,49.44975774821607
2642.0,48.17949050827294
2642.2,49.35929978408484
2642.4,49.64193495216029
2642.6,52.26530417979969
2642.8,53.23675321373418
2643.0,54.84584717379185
2643.2,55.32262586226417
2643.4,55.06821111530245
2643.6,55.697148398779
2643.8,56.15101264722863
2644.0,56.05364481550144
2644.2,55.759366282007605
2644.4,55.59004587237237
2644.6,55.29428181157182
2644.8,54.97511095376499
2645.0,55.79544651594138
2645.2,53.2489999265606
2645.4,55.86244044696342
2645.6,54.41298211281645
2645.8,53.622934687759255
2646.0,54.566418984549486
2646.2,55.20080090644042
2646.4,55.68399069589236
2646.6,54.54103406545237
2646.8,58.16363255273085
2647.0,60.864292241976095
2647.2,58.62469334117044
2647.4,58.51711689587093
2647.6,60.72602946618154
2647.8,60.741433345849735
2648.0,59.22028547202149
2648.2,59.36446603849621
2648.4,57.836446247309624
2648.6,53.55539557658216
2648.8,52.398321452140024
2649.0,51.96495100267086
2649.2,52.170682889006635
2649.4,49.99196407226971
2649.6,51.268386012574084
2649.8,50.146166009217254
2650.0,53.277799894804936
2650.2,54.73785390341752
2650.4,53.59160426303184
2650.6,51.46513270308031
2650.8,51.04365707607574
2651.0,50.984091852552915
2651.2,53.020027803079586
2651.4,52.26514118724867
2651.6,51.845652172584884
2651.8,50.9280941516099
2652.0,53.39568329946532
2652.2,52.70722671621613
2652.4,53.02983176933501
2652.6,51.60717395977418
2652.8,52.254165910772144
2653.0,54.38990148619865
2653.2,53.95741754000413
2653.4,56.10054478346359
2653.6,55.279273256138914
2653.8,56.678888878386154
2654.0,55.76789873062354
2654.2,55.05026788237942
2654.4,55.872477711001565
2654.6,54.49820373496131
2654.8,51.80452691867757
2655.0,53.61079624453418
2655.2,54.78229883179844
2655.4,51.88432687541269
2655.6,52.59070772681803
2655.8,50.66569405252623
2656.0,51.18997193996105
2656.2,50.02519758314196
2656.4,48.50429970582995
2656.6,46.39354713766069
2656.8,46.12496875455278
2657.0,44.660697252532486
2657.2,43.165518049294306
2657.4,42.018714866415685
2657.6,39.480110631541365
2657.8,38.49298238484055
2658.0,40.059716728079934
2658.2,41.47357791236405
2658.4,41.64998988201333
2658.6,41.8993606363246
2658.8,44.40791851737611
2659.0,46.386265619553356
2659.2,47.027885052896366
2659.4,46.978721855154205
2659.6,48.17174132524407
2659.8,49.33509658251321
2660.0,49.66575382367327
2660.2,48.96545439964353
2660.4,46.22002128548641
2660.6,45.948952102766725
2660.8,42.33336676921102
2661.0,45.95303411830475
2661.2,47.65140994144367
2661.4,46.685783092451885
2661.6,47.013237590610906
2661.8,45.32538595292426
2662.0,45.12789819370373
2662.2,44.62644483614656
2662.4,46.59095898350238
2662.6,48.309077847705325
2662.8,48.75522726860149
2663.0,46.83760745820604
2663.2,45.80867043106336
2663.4,46.07833586495466
2663.6,48.35325469110049
2663.8,46.38513208793392
2664.0,45.14969718964298
2664.2,47.03180792953917
2664.4,46.285006741807216
2664.6,50.657608390074216
2664.8,53.082440698636965
2665.0,54.23572419818014
2665.2,53.106147326531385
2665.4,51.259513863414064
2665.6,47.95518245190787
2665.8,50.67183825146567
2666.0,50.6062861330998
2666.2,50.73441146847646
2666.4,49.788944031998156
2666.6,49.244967521760174
2666.8,49.11468302520235
2667.0,48.265946355801034
2667.2,48.304898840544595
2667.4,49.83706785292174
2667.6,51.25735108547106
2667.8,52.02050510264439
2668.0,52.366613574907575
2668.2,53.93437200598747
2668.4,53.77942654820117
2668.6,53.18140673210507
2668.8,54.33642526330427
2669.0,54.819589939289415
2669.2,54.1160947470301
2669.4,57.84709970200523
2669.6,56.527424618726975
2669.8,58.35815317486088
2670.0,61.62241921313235
2670.2,60.69419418851431
2670.4,60.52204331491849
2670.6,60.09958751209428
2670.8,58.691062198878
2671.0,58.34875278859663
2671.2,60.79842352597899
2671.4,58.72947713862403
2671.6,58.13447650333608
2671.8,57.56636903270633
2672.0,56.90991313331278
2672.2,54.9492854720435
2672.4,55.77959172847693
2672.6,54.09342255703103
2672.8,54.685274617374866
2673.0,54.66599865838955
2673.2,53.64377780943835
2673.4,53.104582053803
2673.6,53.91284720255801
2673.8,52.035204040394504
2674.0,51.98734656900004
2674.2,51.51268568118545
2674.4,48.63152239611906
2674.6,47.64641721374062
2674.8,50.669998538251065
2675.0,51.723618323416744
2675.2,50.81269747719483
2675.4,50.49109016267241
2675.6,52.05226171119374
2675.8,50.92138658740333
2676.0,49.98081673609469
2676.2,51.32273019048431
2676.4,53.55755782471577
2676.6,54.87363452878903
2676.8,56.682270876028866
2677.0,55.10715771241395
2677.2,56.3658213067966
2677.4,57.51115610618107
2677.6,57.6227003309577
2677.8,56.39388672727244
2678.0,57.10663095708205
2678.2,58.18469024380853
2678.4,59.40971741512702
2678.6,58.46236197278661
2678.8,57.77141528974546
2679.0,57.754632873552545
2679.2,58.14704544350339
2679.4,59.47994114699852
2679.6,59.673604391114
2679.8,55.211836905812035
2680.0,55.82452706065182
2680.2,56.14495610660627
2680.4,57.122943726774515
2680.6,55.899030524746564
2680.8,55.38516335082039
2681.0,53.74091310853396
2681.2,54.26703552299288
2681.4,53.58310151635629
2681.6,54.50089430271119
2681.8,53.00456594865114
2682.0,52.46288361607881
2682.2,54.05300181859096
2682.4,54.583635109229036
2682.6,54.70912800476333
2682.8,53.17296725515764
2683.0,56.583611467385296
2683.2,55.75196857143446
2683.4,54.74300197352275
2683.6,52.752921387864276
2683.8,54.651861142912
2684.0,54.72956657724864
2684.2,54.177015204924295
2684.4,54.195492401133556
2684.6,55.181236688919604
2684.8,54.52168110998719
2685.0,57.24842718612094
2685.2,55.40496115999752
2685.4,53.28839089013371
2685.6,56.247416469657
2685.8,55.57476839659361
2686.0,52.69328549510532
2686.2,51.82581258553419
2686.4,49.37523363149441
2686.6,49.294642977634275
2686.8,50.423849727027005
2687.0,52.00476198768343
2687.2,51.525459442502836
2687.4,51.01240777920553
2687.6,50.75395901721052
2687.8,52.660886825478215
2688.0,54.45440702927839
2688.2,54.251765078508434
2688.4,52.522808662286295
2688.6,51.69043602564133
2688.8,49.79630332307174
2689.0,49.18960387562642
2689.2,49.43319009476702
2689.4,49.02211421744919
2689.6,48.191300651685616
2689.8,48.250713386604794
2690.0,47.15081820353038
2690.2,47.192847363756755
2690.4,50.35392368820827
2690.6,48.20335340601386
2690.8,47.82970019050394
2691.0,47.57551524786679
2691.2,49.652402024337974
2691.4,48.37647337760379
2691.6,51.33064915558879
2691.8,49.29836232805474
2692.0,47.954839296035196
2692.2,45.34313271277351
2692.4,44.6639881512175
2692.6,42.44364300957288
2692.8,42.09522932639281
2693.0,42.8351888598353
2693.2,41.18887584860482
2693.4,43.155732723144204
2693.6,45.630685887062086
2693.8,44.576463416370444
2694.0,47.734298648301994
2694.2,52.133416225159436
2694.4,53.43674171013739
2694.6,53.49283091934987
2694.8,52.2150090640579
2695.0,51.78351907101502
2695.2,51.66913866203557
2695.4,49.65425336575532
2695.6,50.86934679455686
2695.8,51.33625020326282
2696.0,52.85311190310207
2696.2,53.857112332087105
2696.4,52.483637873294995
2696.6,54.8698445592362
2696.8,56.197839906724276
2697.0,56.73729075499825
2697.2,56.03555897888499
2697.4,53.49600149739982
2697.6,53.03354756165568
2697.8,53.04511942929335
2698.0,52.91440213405977
2698.2,55.15369024343481
2698.4,53.49810582475554
2698.6,54.89399384451062
2698.8,57.180504233028955
2699.0,59.184391257622266
2699.2,60.091073881658595
2699.4,60.71033669385016
2699.6,61.25227907456719
2699.8,59.81195857603987
2700.0,59.72916146183294
2700.2,59.35716316768702
2700.4,58.599073084392984
2700.6,56.32696773835192
2700.8,54.26927377351377
2701.0,52.71602558411743
2701.2,49.565716067764825
2701.4,49.94920514515634
2701.6,51.553126625105435
2701.8,51.57446467014453
2702.0,53.10105060775307
2702.2,52.48504098584439
2702.4,51.83898846757526
2702.6,49.240192384412794
2702.8,48.78017226190684
2703.0,48.26836796649931
2703.2,46.26612384102422
2703.4,48.74583580330396
2703.6,50.315846720525116
2703.8,53.663113366225936
2704.0,53.00699593518834
2704.2,55.59021780654021
2704.4,54.41112198562709
2704.6,53.118901183133374
2704.8,50.72746061154629
2705.0,50.94495191987483
2705.2,52.26336577745178
2705.4,55.12564255108906
2705.6,53.50987950767879
2705.8,55.02520271942316
2706.0,52.15707247002216
2706.2,51.8398656333845
2706.4,52.69019038407144
2706.6,52.202798305725146
2706.8,52.23233252727595
2707.0,51.05471847445201
2707.2,54.64849218719188
2707.4,56.583595501783954
2707.6,59.09889097316093
2707.8,56.26303715689255
2708.0,56.5721509500121
2708.2,56.852703333964946
2708.4,55.284704735337726
2708.6,55.89327839245903
2708.8,56.6918876454152
2709.0,57.05828055615922
2709.2,57.761573442298186
2709.4,58.06629550298374
2709.6,54.51247188601283
2709.8,53.941162154586436
2710.0,52.052380321183385
2710.2,48.87849678091452
2710.4,46.17993570276543
2710.6,47.24400111130536
2710.8,48.45353848192917
2711.0,49.531568661358776
2711.2,46.79250363813138
2711.4,45.5830344298909
2711.6,42.3912722140213
2711.8,42.49606946544166
2712.0,43.30730730073655
2712.2,40.81335130296612
2712.4,41.12626503294219
2712.6,40.22350484959983
2712.8,41.25891757310362
2713.0,41.72091888197503
2713.2,43.1115006138246
2713.4,40.118240693266785
2713.6,43.31156317896435
2713.8,42.00464258080804
2714.0,39.702526479763726
2714.2,40.47419520674829
2714.4,41.3465273032613
2714.6,39.849393961279944
2714.8,40.31989749682892
2715.0,41.31130121578151
2715.2,40.61561488521137
2715.4,38.280645681691276
2715.6,38.085465767315384
2715.8,36.784899765518524
2716.0,39.43529756080239
2716.2,41.45513651578753
2716.4,40.891891307097275
2716.6,39.41968503208199
2716.8,38.04040495584775
2717.0,36.72438300539857
2717.2,37.1045780796688
2717.4,37.37924909142133
2717.6,37.389082996226264
2717.8,36.352103520811895
2718.0,36.608104721459995
2718.2,36.888497564499076
2718.4,35.513067629959345
2718.6,34.010202762986964
2718.8,34.588698125021125
2719.0,35.848849358956464
2719.2,36.90365296475085
2719.4,38.57052162448412
2719.6,39.59776193192836
2719.8,39.120246190461586
2720.0,37.945240847540504
2720.2,35.86718464643489
2720.4,37.350348391450495
2720.6,36.700454182076584
2720.8,37.873650710515484
2721.0,37.641295461693794
2721.2,36.517494149620624
2721.4,37.11604208001703
2721.6,33.99577828859721
2721.8,33.87046592425068
2722.0,31.642047563248056
2722.2,32.290744319596946
2722.4,31.310507658008074
2722.6,31.754599011130505
2722.8,31.781666284402448
2723.0,31.15260076227273
2723.2,30.5532064470264
2723.4,31.08199790765915
2723.6,32.54571569029263
2723.8,33.09726653871003
2724.0,31.035973459865744
2724.2,31.17097426598777
2724.4,32.344553437854714
2724.6,32.019515344988186
2724.8,32.610527025176516
2725.0,35.79239923671595
2725.2,34.603904892423756
2725.4,32.590261929544305
2725.6,31.973391526174822
2725.8,30.1589019002797
2726.0,29.89149861377384
2726.2,29.4084283268716
2726.4,30.10378227510172
2726.6,29.87917543930493
2726.8,31.84382536044163
2727.0,30.537679580486415
2727.2,31.86308092221473
2727.4,30.97438169731155
2727.6,29.010506477950972
2727.8,30.454149915560393
2728.0,31.462695871421147
2728.2,30.690813908400564
2728.4,30.317627269703195
2728.6,30.340110493055583
2728.8,30.82645782309819
2729.0,30.392719725646007
2729.2,32.00541541873905
2729.4,33.379846890620264
2729.6,34.63236351050045
2729.8,36.070256759590286
2730.0,35.8650100548244
2730.2,35.82156558779418
2730.4,35.367199986374416
2730.6,35.46718243239679
2730.8,35.28597297235433
2731.0,35.70833202412473
2731.2,37.1931356385442
2731.4,37.370297961176156
2731.6,37.124748481020674
2731.8,39.108147292275675
2732.0,38.76292819530681
2732.2,40.153736774708705
2732.4,41.20076020761709
2732.6,41.832871142950054
2732.8,41.032148099570726
2733.0,40.92981497254534
2733.2,41.27769654625286
2733.4,40.1311859085494
2733.6,41.029924313942644
2733.8,40.46919702132499
2734.0,39.2366614395554
2734.2,38.31484484079961
2734.4,39.75228344528541
2734.6,40.62324359577886
2734.8,39.95303528870471
2735.0,39.03081253500483
2735.2,38.1696882707415
2735.4,40.753924142478894
2735.6,39.52621198977782
2735.8,40.96371913711177
2736.0,42.15320049026343
2736.2,42.4776431750503
2736.4,41.87561232155389
2736.6,42.233915428015266
2736.8,42.659667048703405
2737.0,43.21876435732229
2737.2,46.65162995415395
2737.4,44.46821939282372
2737.6,45.250554908021826
2737.8,45.719805852050506
2738.0,44.029807991214085
2738.2,43.606179344789766
2738.4,41.76428107827373
2738.6,40.12535594477269
2738.8,38.626859255621156
2739.0,38.63334716761027
2739.2,38.275288566353844
2739.4,37.483079865546756
2739.6,38.056804071077856
2739.8,36.51476267916335
2740.0,34.46244915171561
2740.2,35.36447561134762
2740.4,34.41846006432874
2740.6,35.6644048925677
2740.8,36.03523413060082
2741.0,35.071568012225526
2741.2,36.515536815284655
2741.4,36.077077511368756
2741.6,37.96428282787978
2741.8,36.355379017374005
2742.0,34.50333868365209
2742.2,33.80188028809813
2742.4,33.7358739714337
2742.6,32.89793656083408
2742.8,32.50592651180361
2743.0,35.55735150215167
2743.2,36.390787250285726
2743.4,36.573493824690885
2743.6,35.30859922924939
2743.8,36.37462807134729
2744.0,37.69769002058191
2744.2,39.21290386944419
2744.4,37.721395120884
2744.6,35.92747494376597
2744.8,33.62278409662527
2745.0,33.70340898566844
2745.2,34.23533500248682
2745.4,34.65024529987065
2745.6,37.46029554719225
2745.8,35.93943898612326
2746.0,34.099542445293345
2746.2,36.389722930015225
2746.4,37.19754108732324
2746.6,39.90203649765573
2746.8,42.677424921488345
2747.0,44.31166129295686
2747.2,43.78114016068602
2747.4,43.19619645796906
2747.6,44.57391381208954
2747.8,43.46731505572347
2748.0,44.84557453262642
2748.2,42.269184342903344
2748.4,41.37849425971523
2748.6,41.34742397024272
2748.8,40.693136316620446
2749.0,38.66578342928189
2749.2,37.82751481846318
2749.4,36.628880620551215
2749.6,37.36063969961574
2749.8,35.811973937932684
2750.0,35.08171253752257
2750.2,35.341670970612036
2750.4,34.671447293960895
2750.6,36.109953608243075
2750.8,36.78613610709033
2751.0,35.85791720962736
2751.2,33.64992362630963
2751.4,33.86839414120062
2751.6,34.85143073558718
2751.8,34.81804599407435
2752.0,33.14213944099394
2752.2,33.83841013036462
2752.4,33.83001556455131
2752.6,36.898866496635364
2752.8,37.01948310410423
2753.0,37.012018550712284
2753.2,37.62336995254492
2753.4,41.11592841848434
2753.6,38.52704783949748
2753.8,37.33201114371967
2754.0,35.25446276816483
2754.2,34.453235172907014
2754.4,34.92909878254753
2754.6,35.41768271362566
2754.8,34.532423199333444
2755.0,35.26878209648925
2755.2,36.487137206998504
2755.4,37.856590578725395
2755.6,38.13058073290017
2755.8,37.33981886120355
2756.0,39.51993015820992
2756.2,39.663605522576034
2756.4,39.75724767869178
2756.6,37.518721066370006
2756.8,36.14578658991199
2757.0,38.95989651040416
2757.2,39.51209876281558
2757.4,38.19375495695492
2757.6,40.523491995633506
2757.8,40.828615685120724
2758.0,42.48956348266569
2758.2,42.761849629154256
2758.4,45.5809419646166
2758.6,46.36748463141997
2758.8,45.08226021009628
2759.0,46.21482404632297
2759.2,46.38892611796285
2759.4,44.41932475084453
2759.6,46.906850214599174
2759.8,48.212489559515966
2760.0,48.56461291871597
2760.2,47.602380617128674
2760.4,47.26176129241166
2760.6,46.763810315715716
2760.8,44.27412595030778
2761.0,42.93784122226015
2761.2,43.419593834737924
2761.4,41.933192935947886
2761.6,44.6809394222681
2761.8,40.576435557506734
2762.0,42.6154932456206
2762.2,41.001848437472944
2762.4,43.46737321769603
2762.6,42.084061900029084
2762.8,42.98817354792387
2763.0,44.52122570712507
2763.2,43.44096040101191
2763.4,41.9331920927805
2763.6,43.84491517159666
2763.8,40.059576428334935
2764.0,41.441662079543946
2764.2,43.28001999223686
2764.4,44.07040061103057
2764.6,46.039189875695584
2764.8,42.738059039026325
2765.0,44.06853699150929
2765.2,44.22882283497289
2765.4,42.015013517885066
2765.6,43.0484108410037
2765.8,42.7305794214929
2766.0,41.45620230508988
2766.2,42.240772585821205
2766.4,42.132879165468005
2766.6,42.09023084510507
2766.8,42.01793819037373
2767.0,43.95030346061645
2767.2,43.89287744004278
2767.4,46.38339764049217
2767.6,44.9197923442399
2767.8,45.80703970106207
2768.0,44.50541847373992
2768.2,43.696520473024634
2768.4,45.03372961754312
2768.6,45.78877791464674
2768.8,48.287984530406646
2769.0,45.69827070748999
2769.2,45.97529937988601
2769.4,43.33928746803941
2769.6,39.87043505380833
2769.8,39.04601168229577
2770.0,39.98441310819536
2770.2,40.38518512589463
2770.4,39.95847861132913
2770.6,39.32592640841589
2770.8,40.46236051132192
2771.0,42.12267174402528
2771.2,43.405514053968446
2771.4,43.375418783300944
2771.6,45.29680675565562
2771.8,46.62846879737088
2772.0,47.90476721360476
2772.2,47.59855798108995
2772.4,46.63894441664806
2772.6,48.83636137996326
2772.8,46.703420125827044
2773.0,46.84807558175761
2773.2,47.45194601947568
2773.4,48.42190213924937
2773.6,44.737390917032435
2773.8,42.05967342953337
2774.0,41.6170818941427
2774.2,43.54966820902468
2774.4,42.501394693096195
2774.6,44.322900962384736
2774.8,43.16014722287058
2775.0,42.07132562466797
2775.2,42.800325298746145
2775.4,42.60014089427693
2775.6,43.17439470472665
2775.8,41.57499323824559
2776.0,40.613873735779634
2776.2,39.24965968010979
2776.4,39.67032060031217
2776.6,39.54263529823728
2776.8,41.23544494711255
2777.0,38.93782329453282
2777.2,40.89664308439538
2777.4,41.93255515362124
2777.6,41.13447530036164
2777.8,38.68273538868603
2778.0,39.008710042688676
2778.2,36.07134368791433
2778.4,33.34375812974373
2778.6,34.89836193046303
2778.8,31.868148354344775
2779.0,33.63959608780549
2779.2,35.49693169979266
2779.4,34.57294172183121
2779.6,33.50912148401253
2779.8,34.827590165717446
2780.0,33.97897512728604
2780.2,36.502184454138735
2780.4,37.14180991662819
2780.6,37.01653350072209
2780.8,36.980800745298964
2781.0,37.239685203355265
2781.2,38.941874998207076
2781.4,36.88682048765622
2781.6,39.07225576810905
2781.8,39.66390158251775
2782.0,41.61877502278148
2782.2,40.32238905890249
2782.4,40.41462221459397
2782.6,41.610714711709534
2782.8,44.170597777650784
2783.0,43.94467695838092
2783.2,43.06236181515848
2783.4,43.064891984452814
2783.6,45.05364265000583
2783.8,43.365720077247126
2784.0,44.337349582892436
2784.2,43.17657610165975
2784.4,43.49483339345315
2784.6,43.49568658374083
2784.8,42.3935221062782
2785.0,41.30836090270762
2785.2,42.19669624453787
2785.4,46.58323596607615
2785.6,45.44619887053074
2785.8,44.254204506527834
2786.0,43.45072837761845
2786.2,41.42943025259921
2786.4,41.02419500381356
2786.6,41.41536277101346
2786.8,41.37083161380368
2787.0,38.36285458897685
2787.2,40.38182948765018
2787.4,40.32074709871969
2787.6,40.28999856788629
2787.8,42.453920384763926
2788.0,44.67161333327318
2788.2,43.785708637883296
2788.4,45.736835467386534
2788.6,44.18933994591118
2788.8,44.4492382040174
2789.0,42.773170060667134
2789.2,42.215881503677736
2789.4,42.92098790056369
2789.6,41.33250609407313
2789.8,40.183912453874335
2790.0,41.44286794609713
2790.2,42.321010348307446
2790.4,43.64035503653114
2790.6,46.306840139930344
2790.8,44.57817462521405
2791.0,44.20287402759568
2791.2,44.72855147575211
2791.4,42.40914451790821
2791.6,42.209753120699034
2791.8,44.87519770565841
2792.0,45.3251334447759
2792.2,43.81851341042947
2792.4,41.81848290865091
2792.6,43.404905052268354
2792.8,43.25537541702873
2793.0,42.43777579843977
2793.2,42.34904906493689
2793.4,44.8212091159795
2793.6,44.861251035356545
2793.8,41.498011174347845
2794.0,42.356618683547026
2794.2,40.01941041264245
2794.4,40.60601001027885
2794.6,40.20195418545476
2794.8,43.76009871487736
2795.0,46.134279768074016
2795.2,46.52448988364243
2795.4,45.44067228319362
2795.6,48.03108431986356
2795.8,47.03602143367475
2796.0,47.96918193220564
2796.2,48.02385509387031
2796.4,50.41316184186476
2796.6,50.537724113489475
2796.8,50.09135123597172
2797.0,51.62662087036708
2797.2,52.211338184031966
2797.4,50.18679674097321
2797.6,50.30531360349776
2797.8,49.29610341768239
2798.0,52.19220124362878
2798.2,52.03428466037383
2798.4,49.23986860776111
2798.6,49.532807319668635
2798.8,47.06060423439809
2799.0,48.52392280472063
2799.2,45.814474717540975
2799.4,44.99478549624264
2799.6,44.49601073282957
2799.8,45.03219678566719
2800.0,45.58931205884022
2800.2,48.53160654700573
2800.4,50.5363576892962
2800.6,52.684203700261556
2800.8,50.64614427697933
2801.0,51.36017873315376
2801.2,50.33788644845213
2801.4,50.57971246493514
2801.6,54.114065380340264
2801.8,52.38705677052547
2802.0,52.99079796181572
2802.2,53.475875025824955
2802.4,51.68556480666409
2802.6,54.49777109497876
2802.8,51.18817116876023
2803.0,48.46457816934606
2803.2,48.207308821917955
2803.4,47.69153258644553
2803.6,44.44829420636056
2803.8,43.717549486808885
2804.0,45.66790761403488
2804.2,43.6141621277208
2804.4,40.68889077202759
2804.6,43.14207478504839
2804.8,42.49355649373565
2805.0,40.05464412789482
2805.2,40.60772111593984
2805.4,40.16228672659394
2805.6,40.02626491505226
2805.8,40.49120715700084
2806.0,41.31295475968501
2806.2,41.45725338070964
2806.4,39.77984609664764
2806.6,41.456782017237444
2806.8,41.719404668917626
2807.0,39.66467933752653
2807.2,38.35950424248123
2807.4,39.75265974859909
2807.6,40.563060348257096
2807.8,40.22829752988307
2808.0,40.74722131427648
2808.2,43.55621514307677
2808.4,41.845057093479866
2808.6,44.1093448132205
2808.8,43.81094367493522
2809.0,43.42945966383021
2809.2,44.079766036975634
2809.4,42.634869646086706
2809.6,42.52617295232746
2809.8,39.120570126296485
2810.0,38.88015584607758
2810.2,40.61808035751805
2810.4,42.097157765786626
2810.6,43.36100213977878
2810.8,45.34634745484331
2811.0,45.25757122356298
2811.2,45.70901706037194
2811.4,46.79643405510572
2811.6,48.61505775917375
2811.8,47.007209789764694
2812.0,46.32956452139352
2812.2,47.079390036598184
2812.4,46.303799134148235
2812.6,45.70368247712938
2812.8,45.646336555221126
2813.0,45.31814929686762
2813.2,44.812247184596785
2813.4,43.39722842946731
2813.6,45.50918142758162
2813.8,45.69953101711678
2814.0,44.495589127887385
2814.2,42.01029142685233
2814.4,41.12804056970993
2814.6,41.83880901402781
2814.8,41.1002416789446
2815.0,40.7438455199146
2815.2,39.10864438151875
2815.4,38.052782910572695
2815.6,41.80441815666063
2815.8,41.77026252469475
2816.0,43.300496232872796
2816.2,42.272140191210845
2816.4,41.37973829427359
2816.6,41.259885984594845
2816.8,40.88021029781454
2817.0,37.77259052829271
2817.2,36.939568246547
2817.4,35.73270042761257
2817.6,37.389039573847384
2817.8,37.73410914176823
2818.0,40.44296282327782
2818.2,35.621128005187956
2818.4,35.2028702031595
2818.6,35.79030646393096
2818.8,36.290252787063785
2819.0,35.10052103562249
2819.2,37.71921949180407
2819.4,37.544060840812925
2819.6,37.913796040901595
2819.8,43.10495044620511
2820.0,43.18435495821166
2820.2,43.54430745642563
2820.4,43.30555582984055
2820.6,41.53823228005302
2820.8,42.20063905927324
2821.0,42.90985670031858
2821.2,43.69228306762909
2821.4,42.06559487848497
2821.6,43.67441384720727
2821.8,43.52638039722785
2822.0,42.522234830257126
2822.2,42.94408941560975
2822.4,42.54050077251261
2822.6,43.514424088462675
2822.8,42.21170495623941
2823.0,43.62708593978404
2823.2,43.26105918419117
2823.4,43.56133477420576
2823.6,42.34956836022987
2823.8,40.57499386842356
2824.0,41.75901883492989
2824.2,41.95864233841911
2824.4,40.191555998419524
2824.6,41.0566833330892
2824.8,41.15173394598458
2825.0,45.32359460997966
2825.2,45.87834408093079
2825.4,47.32905731123157
2825.6,46.50451572091998
2825.8,48.602001478171964
2826.0,49.00390175233015
2826.2,50.202435539293944
2826.4,47.05229233013263
2826.6,46.93229229886527
2826.8,49.74825896469305
2827.0,50.534739373903435
2827.2,48.57651451592172
2827.4,49.7350435974481
2827.6,48.74305545174085
2827.8,47.56600426277285
2828.0,46.87685995579086
2828.2,47.11314287008178
2828.4,50.143200995800555
2828.6,48.51629566657061
2828.8,47.8677175472031
2829.0,49.02156655348162
2829.2,48.93503891603256
2829.4,47.10648728269578
2829.6,47.19695753753827
2829.8,44.774139529167705
2830.0,42.41870799628345
2830.2,41.24265243551231
2830.4,44.062433327599344
2830.6,43.332991549629924
2830.8,44.45763731021931
2831.0,43.158751692137386
2831.2,44.65463574441982
2831.4,44.52770023807738
2831.6,46.74101376360593
2831.8,45.16582047122894
2832.0,43.72630528909837
2832.2,42.13901662050369
2832.4,42.06853940439409
2832.6,44.85564491633008
2832.8,45.13579633101527
2833.0,47.480495852793695
2833.2,48.84577201700989
2833.4,48.50324772712456
2833.6,48.02681240765051
2833.8,48.104599456680305
2834.0,50.31229967726758
2834.2,50.89150126848126
2834.4,49.26269483739431
2834.6,49.86782970913433
2834.8,49.949999494020474
2835.0,50.08218973838082
2835.2,46.940653553309375
2835.4,48.92143644339021
2835.6,49.5566101960323
2835.8,47.88816448679167
2836.0,43.4022582017731
2836.2,43.35310237639651
2836.4,44.59596716439349
2836.6,43.50221357407642
2836.8,44.12409565797118
2837.0,46.09445015181975
2837.2,47.83267362456602
2837.4,48.75914302775185
2837.6,48.40748630105095
2837.8,49.15903412914034
2838.0,49.364060373073684
2838.2,49.77573473817702
2838.4,47.246625423463335
2838.6,46.40087631552615
2838.8,46.08901381352996
2839.0,46.957374590837865
2839.2,46.51662720361941
2839.4,44.8407596583965
2839.6,42.99652703609188
2839.8,45.66631970197389
2840.0,42.03024836776457
2840.2,41.07186696780839
2840.4,41.1234787773528
2840.6,38.46432374478988
2840.8,38.33791065063272
2841.0,36.47698121569554
2841.2,39.47992685569768
2841.4,44.216457279328225
2841.6,41.02690446377227
2841.8,41.901124887960044
2842.0,39.0585186522165
2842.2,38.78970005495496
2842.4,39.00550430572827
2842.6,38.32501642344544
2842.8,38.61496651381123
2843.0,41.26079432434555
2843.2,42.087510140288444
2843.4,42.57391583223324
2843.6,42.54482880666407
2843.8,43.79980298426026
2844.0,43.33555853441951
2844.2,46.140077449805766
2844.4,47.11402242451871
2844.6,45.247416458197364
2844.8,42.943017208648904
2845.0,43.537258903712164
2845.2,45.26948940566215
2845.4,43.591129688396464
2845.6,43.636075893438154
2845.8,44.42862926264847
2846.0,44.48659240231755
2846.2,45.755286787100474
2846.4,42.92917838749908
2846.6,44.977008373401034
2846.8,45.59247501847436
2847.0,46.390335355112065
2847.2,46.196063914776346
2847.4,44.685278778395414
2847.6,43.07929107336898
2847.8,42.03681050034294
2848.0,42.423567914898044
2848.2,42.75883739156665
2848.4,42.051297726530734
2848.6,43.09493340064264
2848.8,42.56479601590279
2849.0,43.14928798139623
2849.2,42.645407895421926
2849.4,46.35423058568761
2849.6,49.0659466458083
2849.8,51.2665542034093
2850.0,50.02037697909205
2850.2,52.25323749541776
2850.4,53.747866794146766
2850.6,53.57896119225269
2850.8,54.93052475466649
2851.0,53.199595573567564
2851.2,51.563905581648335
2851.4,50.50771810832266
2851.6,49.61445388065695
2851.8,50.648926194862526
2852.0,51.983771374373916
2852.2,53.909300309487065
2852.4,57.393300674337326
2852.6,58.20574414731623
2852.8,53.78573389185574
2853.0,50.305556282996974
2853.2,44.11422142086547
2853.4,43.26051807547442
2853.6,43.39391850115447
2853.8,42.441190093008395
2854.0,40.225814970618444
2854.2,41.3025863665731
2854.4,44.06932182808367
2854.6,47.320528962368115
2854.8,44.680770852801565
2855.0,44.363045259715264
2855.2,45.267564498492455
2855.4,45.92298047846319
2855.6,48.06615229270904
2855.8,46.69299812282671
2856.0,48.5732794072747
2856.2,48.3194545021354
2856.4,45.38681280946837
2856.6,43.6470589992751
2856.8,44.67087165219289
2857.0,43.291626560588426
2857.2,44.042636684048155
2857.4,42.271206904982755
2857.6,42.727232034629814
2857.8,42.28468806347781
2858.0,43.51541492005011
2858.2,42.89170173251445
2858.4,45.98205099825779
2858.6,52.318470224719526
2858.8,50.36779894920643
2859.0,50.65869515751424
2859.2,49.19864061759954
2859.4,46.04523655542127
2859.6,46.482010929011096
2859.8,48.98441316102875
2860.0,46.40931573448487
2860.2,46.04174289030327
2860.4,47.255463905902744
2860.6,48.633677050101625
2860.8,45.851260579523526
2861.0,45.383528898274285
2861.2,47.930224823557175
2861.4,47.205379122054666
2861.6,45.42696985333629
2861.8,46.28096429644014
2862.0,47.3926256583876
2862.2,46.92006959406217
2862.4,48.98839952891664
2862.6,45.70000198235945
2862.8,46.72610672652546
2863.0,48.07807225873149
2863.2,46.87635183343872
2863.4,47.852497457814145
2863.6,50.04918327195814
2863.8,50.02521757710073
2864.0,51.01941294648669
2864.2,51.294584732698915
2864.4,52.63325354771207
2864.6,54.370176386098535
2864.8,51.41066656431362
2865.0,52.50165198617515
2865.2,51.52551643359598
2865.4,49.81788669888616
2865.6,50.42015784050949
2865.8,51.85402487962782
2866.0,51.96884978049351
2866.2,52.82591305177761
2866.4,53.418793276987635
2866.6,50.347675556871835
2866.8,49.45062874038321
2867.0,48.96605154271607
2867.2,48.893018767781356
2867.4,50.438368062625
2867.6,50.12210200319565
2867.8,49.98233316967851
2868.0,50.29624662493207
2868.2,49.84026698487564
2868.4,51.060309115804046
2868.6,53.21835983053792
2868.8,51.60134144713031
2869.0,51.352323785634056
2869.2,51.69668981855086
2869.4,53.106277561466186
2869.6,52.620252119099014
2869.8,53.029539419840866
2870.0,52.34757765790632
2870.2,49.2100720477768
2870.4,50.002846967433854
2870.6,46.57086736697351
2870.8,46.03871980677637
2871.0,45.352355147884644
2871.2,42.94969984457586
2871.4,44.21477412707084
2871.6,44.2613956596646
2871.8,40.51377942978662
2872.0,39.96791522967009
2872.2,39.19453606101071
2872.4,40.65936617820837
2872.6,43.367479363211466
2872.8,43.800294019600805
2873.0,42.48064008765557
2873.2,42.60402929021044
2873.4,41.31854739645512
2873.6,43.05239708744366
2873.8,43.67207390794369
2874.0,44.76202897937719
2874.2,48.0695010113366
2874.4,49.494514703866585
2874.6,49.5488210465049
2874.8,48.54947394821659
2875.0,48.77791094830394
2875.2,48.66123549502933
2875.4,48.9545384072823
2875.6,49.155931903826996
2875.8,52.03895576826309
2876.0,49.12432825643869
2876.2,48.447717234699724
2876.4,46.09927770509637
2876.6,45.6194972662515
2876.8,44.16898995523325
2877.0,46.84518677387015
2877.2,48.133328577310046
2877.4,48.777933400555696
2877.6,49.28448416221212
2877.8,48.388299291154546
2878.0,47.240043489915934
2878.2,45.95161187532823
2878.4,43.435398841256486
2878.6,44.34441280438683
2878.8,44.78351655658119
2879.0,45.11566193195823
2879.2,44.554245109480696
2879.4,48.459039960324105
2879.6,49.309166508407756
2879.8,48.52717326820078
2880.0,49.090591055413924
2880.2,46.160470570267535
2880.4,46.816038276923734
2880.6,46.87722272633265
2880.8,48.05405687153869
2881.0,46.83154480611559
2881.2,45.65716443294868
2881.4,45.39754716193499
2881.6,44.871123370108435
2881.8,44.448939869985935
2882.0,43.62803558851354
2882.2,45.520741618083974
2882.4,46.799045042918486
2882.6,47.39129042059362
2882.8,49.51618282314105
2883.0,50.03122489184665
2883.2,46.18114702338188
2883.4,45.37993495115617
2883.6,45.773442798111866
2883.8,49.69808098204588
2884.0,48.34728341089274
2884.2,47.402296691255536
2884.4,46.82350416029972
2884.6,44.432426432253735
2884.8,46.17656110211699
2885.0,47.81475194846357
2885.2,46.56818679905165
2885.4,48.224727048977314
2885.6,46.224508148292514
2885.8,47.0343475456523
2886.0,48.28525880219062
2886.2,48.95956935063654
2886.4,50.305655205484726
2886.6,53.079823700864246
2886.8,53.54297183523548
2887.0,50.83675604082327
2887.2,52.395408125456065
2887.4,53.966556150018654
2887.6,51.61783873667304
2887.8,52.67809900275801
2888.0,51.95725451924978
2888.2,50.47412867348471
2888.4,50.45204843215164
2888.6,51.08025470871203
2888.8,50.0934730936912
2889.0,48.992278408700265
2889.2,49.19485042558735
2889.4,50.088762771231174
2889.6,49.968465107198284
2889.8,49.30516054902011
2890.0,50.52240934539185
2890.2,51.73369570002022
2890.4,48.42231905971972
2890.6,49.986039475492554
2890.8,51.795635284840735
2891.0,51.027545072300896
2891.2,49.17226322079213
2891.4,49.98062018597177
2891.6,51.60178962538879
2891.8,55.07984736423721
2892.0,54.50001830631609
2892.2,51.91872471746762
2892.4,51.83710436019584
2892.6,56.45698676273536
2892.8,56.97271122671833
2893.0,59.21825759553397
2893.2,57.69968684493313
2893.4,56.38996845831667
2893.6,56.145445335480275
2893.8,56.21065778905088
2894.0,55.31194795305925
2894.2,55.767414440685954
2894.4,55.06987681671393
2894.6,54.05123442508746
2894.8,54.83165597624088
2895.0,54.003709933993875
2895.2,55.09083755292554
2895.4,55.55749194952783
2895.6,55.14852656047389
2895.8,57.1959032145607
2896.0,58.89326335962473
2896.2,58.33047464009646
2896.4,56.07663830425373
2896.6,52.57206424424388
2896.8,53.85511979005882
2897.0,52.49816686661208
2897.2,52.85791196787088
2897.4,52.02635099974424
2897.6,53.06460323388117
2897.8,49.714282067181
2898.0,50.265271667485756
2898.2,50.396677037355374
2898.4,47.99909516515224
2898.6,47.73716597503729
2898.8,45.57230409830014
2899.0,43.85221859410387
2899.2,42.73798784669368
2899.4,44.929330540243186
2899.6,43.53569130505726
2899.8,41.62578559620262
2900.0,43.139615947058594
2900.2,43.784775486907755
2900.4,42.032267811845045
2900.6,45.69274379029273
2900.8,47.37903713626339
2901.0,46.94055390658405
2901.2,47.104147781323306
2901.4,46.21417473689607
2901.6,45.30380033537913
2901.8,47.72754460380666
2902.0,47.35030536777657
2902.2,49.18505181539919
2902.4,51.744365125021446
2902.6,52.025783581967524
2902.8,54.24754734441454
2903.0,55.522237679419526
2903.2,52.93196463393204
2903.4,52.43951024009286
2903.6,49.644536703669495
2903.8,50.78331488295368
2904.0,52.30333123116754
2904.2,50.30197720511165
2904.4,50.49091317601711
2904.6,48.34327215949181
2904.8,49.26520449042505
2905.0,49.62425422194576
2905.2,50.32132711575951
2905.4,51.51362793593211
2905.6,52.03721905847398
2905.8,54.28916755665639
2906.0,53.46634042465945
2906.2,53.24734715793327
2906.4,52.53296555370376
2906.6,52.92966911996088
2906.8,51.39164904624403
2907.0,53.460518254106624
2907.2,52.80044184344183
2907.4,53.853514755639516
2907.6,53.989517333016124
2907.8,51.4038125259152
2908.0,51.138893000101135
2908.2,53.885193036054844
2908.4,53.44339068314255
2908.6,52.8113937601971
2908.8,52.46872198701972
2909.0,51.24388592141209
2909.2,52.86514390135974
2909.4,52.10811608370111
2909.6,53.213935294803434
2909.8,53.48888389783024
2910.0,55.27846035083552
2910.2,54.590868388819985
2910.4,51.81208060043963
2910.6,51.46215473017489
2910.8,50.360840626697225
2911.0,50.07645652832038
2911.2,51.57480200694185
2911.4,54.49017513375811
2911.6,55.002040980988525
2911.8,54.07012693247716
2912.0,54.58575745871304
2912.2,55.00094456829535
2912.4,55.511560038915626
2912.6,54.31848904086109
2912.8,55.02589208919644
2913.0,54.69779086328603
2913.2,53.7922892838015
2913.4,53.6221828284273
2913.6,55.131840607455345
2913.8,53.89312187185332
2914.0,54.96778354381704
2914.2,55.810442120913166
2914.4,58.10599642854979
2914.6,60.3666343459906
2914.8,57.26338168331451
2915.0,54.763950607675355
2915.2,54.24011472168742
2915.4,52.452737260995306
2915.6,53.04258194574801
2915.8,54.955676548783494
2916.0,54.083193080490105
2916.2,53.38240454422355
2916.4,55.51965372024782
2916.6,57.51249130605994
2916.8,54.78747186728506
2917.0,53.312577915795394
2917.2,54.56434817396109
2917.4,54.87123798909525
2917.6,56.12078811863303
2917.8,54.31797916894121
2918.0,55.68313322466257
2918.2,55.68623901230726
2918.4,56.504409197269176
2918.6,52.69405206493928
2918.8,51.33090370102696
2919.0,51.6192338431962
2919.2,52.27140226755243
2919.4,51.865324606732514
2919.6,52.62530480172248
2919.8,54.988333457293194
2920.0,53.97013770534638
2920.2,53.20511483674192
2920.4,54.7127180362795
2920.6,57.79529118435847
2920.8,54.854623937188826
2921.0,53.7113156906642
2921.2,52.624066119770525
2921.4,51.37795085411333
2921.6,50.740812238684995
2921.8,50.737124096198485
2922.0,52.81013365783866
2922.2,55.72476373130741
2922.4,52.990775232646925
2922.6,55.20419059486042
2922.8,54.177927237073604
2923.0,53.94992473464924
2923.2,54.50404203157294
2923.4,53.1319503900085
2923.6,53.17077571267654
2923.8,52.519279685876455
2924.0,54.4075935527059
2924.2,54.025187308073875
2924.4,53.681943258954604
2924.6,56.09817415032853
2924.8,52.39975741500252
2925.0,49.14385563350615
2925.2,46.371748043674984
2925.4,48.478033751596215
2925.6,49.55505356864925
2925.8,47.06036923774774
2926.0,47.899445015870654
2926.2,45.78591244729854
2926.4,47.25133144381105
2926.6,45.45730762630448
2926.8,44.19811808189782
2927.0,43.020372889285156
2927.2,45.0828792769508
2927.4,46.772568589961175
2927.6,45.56149406234311
2927.8,43.33893783010615
2928.0,45.430638100704314
2928.2,48.09655662584545
2928.4,48.486643728939455
2928.6,49.466283115557516
2928.8,49.19164038240392
2929.0,47.96865849226925
2929.2,46.330199548121115
2929.4,45.26596018631248
2929.6,45.079755437108425
2929.8,46.598661722128895
2930.0,50.03518887373283
2930.2,48.711516116868
2930.4,48.16674232393015
2930.6,48.43423251583113
2930.8,46.79805945209884
2931.0,48.58258931899201
2931.2,51.187164325327636
2931.4,51.475418457369635
2931.6,51.81507673081952
2931.8,52.39665846260784
2932.0,52.38989983454688
2932.2,52.86774302982504
2932.4,53.07347755131837
2932.6,55.103992241576194
2932.8,55.08448288889626
2933.0,57.67785160469023
2933.2,57.5197804259639
2933.4,58.36050430164758
2933.6,56.900862876301936
2933.8,56.733817444887464
2934.0,57.015138290565886
2934.2,54.790158007757526
2934.4,55.66279483456641
2934.6,53.6109721036453
2934.8,53.062110789023684
2935.0,53.157912899108304
2935.2,53.71534045275886
2935.4,50.44083382719922
2935.6,50.66736208777957
2935.8,48.86553229633119
2936.0,48.37395720031082
2936.2,45.67250962337559
2936.4,48.46480099086533
2936.6,50.34824723163965
2936.8,50.33548069942487
2937.0,51.521995142432885
2937.2,50.90344967351297
2937.4,51.85493143281054
2937.6,51.22720931799181
2937.8,48.936184398075525
2938.0,47.73193335381077
2938.2,46.33851993338251
2938.4,43.97214706666521
2938.6,46.935357114475494
2938.8,48.37945068234979
2939.0,51.225950552370435
2939.2,48.55877138334101
2939.4,46.01604627150166
2939.6,44.96846970081457
2939.8,47.908790236160606
2940.0,48.43319220069912
2940.2,48.777782500959894
2940.4,46.98894549173498
2940.6,46.54088883279125
2940.8,46.15355274355311
2941.0,49.82237622702644
2941.2,49.51005189678338
2941.4,47.675111567385535
2941.6,48.34756141034219
2941.8,47.526820542450565
2942.0,47.056101996996944
2942.2,46.02279407120342
2942.4,45.8302778570124
2942.6,47.70801514312319
2942.8,47.64661130546636
2943.0,47.876099832412855
2943.2,48.13235363698168
2943.4,47.22027007060671
2943.6,47.30849259164475
2943.8,48.66918056816827
2944.0,49.98852044226464
2944.2,50.080553075962854
2944.4,50.16123530990164
2944.6,52.24705568372456
2944.8,54.97859534881064
2945.0,57.13205323456176
2945.2,57.65392276822925
2945.4,54.749779839518766
2945.6,54.28150912177646
2945.8,55.120219250102956
2946.0,56.87166315015701
2946.2,59.05214853079515
2946.4,61.390623473228146
2946.6,59.889948353134685
2946.8,59.81699687754769
2947.0,61.300439989773416
2947.2,64.03966560083609
2947.4,63.891439895209636
2947.6,64.1379932637548
2947.8,65.63962812858415
2948.0,66.01945402166568
2948.2,67.29613314740386
2948.4,68.07133797650482
2948.6,67.67837170245929
2948.8,67.7700769717303
2949.0,67.62905794945797
2949.2,70.40367420619016
2949.4,69.28664783354866
2949.6,68.93971186188998
2949.8,68.17521620487489
2950.0,67.33718514475629
2950.2,66.11278952703302
2950.4,68.03455359937837
2950.6,67.86898837829804
2950.8,66.22708001183642
2951.0,62.81371580917586
2951.2,65.19251647129069
2951.4,63.80255056126024
2951.6,63.65184059036147
2951.8,61.84706227699156
2952.0,61.41807449773075
2952.2,59.03987583160442
2952.4,57.72422372890048
2952.6,59.73328834273463
2952.8,59.212163873575044
2953.0,59.48930015079451
2953.2,61.23411711229452
2953.4,62.40205128747934
2953.6,59.242723582741796
2953.8,60.057687166800314
2954.0,60.43468355388376
2954.2,60.953206604896465
2954.4,62.0009487331786
2954.6,64.47697153437112
2954.8,65.2229202884364
2955.0,65.05118627464442
2955.2,64.9903321478307
2955.4,66.94296951583256
2955.6,67.11882071280618
2955.8,66.86205270454326
2956.0,67.50029906293385
2956.2,62.88710593612965
2956.4,64.61613275273285
2956.6,63.110034988770764
2956.8,63.341162970720006
2957.0,63.9057803165048
2957.2,64.51982071777022
2957.4,64.38473758592716
2957.6,62.736956967840115
2957.8,62.52357919646226
2958.0,62.13832260883562
2958.2,60.3496484888982
2958.4,59.21159850372771
2958.6,59.221451877183014
2958.8,60.10650598538839
2959.0,59.704133007448014
2959.2,62.83700375852622
2959.4,63.84246694008252
2959.6,63.61122619036987
2959.8,63.42365063379792
2960.0,64.39080182617234
2960.2,64.12497068799019
2960.4,63.08172497673483
2960.6,62.31712502803912
2960.8,59.95881515954559
2961.0,58.160028574787006
2961.2,59.51787943298698
2961.4,58.013511051642446
2961.6,59.559272490291626
2961.8,62.755307634402975
2962.0,61.93255633747537
2962.2,60.215871381715054
2962.4,61.29727445675375
2962.6,59.1206857114511
2962.8,57.99598761958619
2963.0,55.984652026491766
2963.2,59.44645090776491
2963.4,57.019670147177294
2963.6,57.153035912039996
2963.8,56.04147758704724
2964.0,60.50370520891146
2964.2,60.48046575542391
2964.4,63.4725336740604
2964.6,63.555100883897865
2964.8,58.5868348417889
2965.0,58.802546452689796
2965.2,59.97450439741474
2965.4,58.80033152186829
2965.6,57.90429998206535
2965.8,57.84111870916896
2966.0,55.02592472244217
2966.2,53.48946114949848
2966.4,51.38855758683812
2966.6,51.07701877027674
2966.8,52.269017294898
2967.0,54.20373006133795
2967.2,54.28769262859002
2967.4,57.361155287143895
2967.6,56.949391038275856
2967.8,58.03120939957144
2968.0,59.72079724723316
2968.2,60.670050589774974
2968.4,59.19594132260144
2968.6,59.04403998177956
2968.8,59.397455990496326
2969.0,60.710961810854045
2969.2,60.64953029713121
2969.4,62.06587276908397
2969.6,62.10010744045717
2969.8,61.45282736792997
2970.0,63.76947435823983
2970.2,62.63004887713454
2970.4,64.0330537989466
2970.6,62.72099845776274
2970.8,58.11825659464357
2971.0,58.29268943857609
2971.2,58.57806700016085
2971.4,59.124501709141526
2971.6,58.0913421331179
2971.8,56.86423245667931
2972.0,58.30913083308515
2972.2,59.10033714024115
2972.4,59.10356617245547
2972.6,57.16384921650658
2972.8,56.39858649570876
2973.0,55.970989729007776
2973.2,55.95694931216545
2973.4,57.159234401560674
2973.6,59.089650674378795
2973.8,59.57589414651319
2974.0,59.6478196320178
2974.2,59.20134033928832
2974.4,57.90746521204743
2974.6,58.600501702347934
2974.8,56.42408175744131
2975.0,56.8665127695392
2975.2,58.68107997901001
2975.4,58.329269512935966
2975.6,58.414828692860965
2975.8,58.183045110306324
2976.0,56.638951520463365
2976.2,57.780327818557986
2976.4,56.78843733464674
2976.6,58.8671540837544
2976.8,58.65504284414335
2977.0,57.962988760315824
2977.2,57.21803350158187
2977.4,58.61669566916059
2977.6,57.866319252038416
2977.8,56.578727213218734
2978.0,53.93493705552939
2978.2,53.29373633688675
2978.4,54.01889282938025
2978.6,51.75875058564577
2978.8,50.19847834993765
2979.0,50.060751277099754
2979.2,51.33425985264377
2979.4,51.06892463003543
2979.6,50.86514442195949
2979.8,50.01450693897722
2980.0,50.050057352553225
2980.2,51.36723149398029
2980.4,51.20913701986861
2980.6,52.47096569486918
2980.8,54.58442384673275
2981.0,54.06248246403871
2981.2,55.635678444966636
2981.4,55.188196151644966
2981.6,52.90227857881918
2981.8,52.340088363167105
2982.0,52.06783425052704
2982.2,53.00212448049478
2982.4,52.671038643646106
2982.6,54.190024526250305
2982.8,50.25198723170483
2983.0,50.5390413221566
2983.2,50.741697614682096
2983.4,50.82277198694858
2983.6,51.21601816479792
2983.8,49.25198287898887
2984.0,50.01312483110112
2984.2,50.303785540626286
2984.4,52.341129683351085
2984.6,53.41613561401723
2984.8,54.34565337984679
2985.0,53.42207678263576
2985.2,52.23230606102041
2985.4,52.07411485379755
2985.6,52.961249691102026
2985.8,50.89988662633302
2986.0,48.9568064483823
2986.2,48.07522849754552
2986.4,49.29311962819221
2986.6,46.83766837268134
2986.8,46.482370544627486
2987.0,47.4514294755484
2987.2,47.36821921120908
2987.4,46.60779728342224
2987.6,49.22836232759388
2987.8,47.718225761650935
2988.0,47.81325162493103
2988.2,51.68540039937877
2988.4,50.95712258359126
2988.6,48.75610516730657
2988.8,46.76579156553174
2989.0,48.49537834327772
2989.2,48.672750637770264
2989.4,50.313137840968224
2989.6,51.49293620386241
2989.8,51.16232432512789
2990.0,52.638513538213545
2990.2,50.16894111755151
2990.4,49.11271876712927
2990.6,48.92798449961623
2990.8,45.797132482382054
2991.0,45.512177175442154
2991.2,42.32598795975318
2991.4,42.48717814447346
2991.6,44.21023165149191
2991.8,43.7021318315438
2992.0,41.99932763441127
2992.2,43.11752483636887
2992.4,43.64985850914172
2992.6,43.591740203011014
2992.8,44.379601518213725
2993.0,46.078789269810876
2993.2,44.70918962330561
2993.4,45.576516586902756
2993.6,46.23025848835014
2993.8,44.86172286443449
2994.0,49.999866925237306
2994.2,47.530587698365885
2994.4,48.49683997049826
2994.6,47.2612097079509
2994.8,48.37824069430396
2995.0,48.78196529235293
2995.2,50.3116829021943
2995.4,48.1970247058145
2995.6,50.79970740962713
2995.8,51.83833650394937
2996.0,52.043704893081355
2996.2,51.39601001884178
2996.4,53.31552395619074
2996.6,54.36725684512341
2996.8,54.20337185162779
2997.0,55.995838293666225
2997.2,55.508789116953054
2997.4,55.050142348624505
2997.6,53.048858184654186
2997.8,52.94490280885981
2998.0,52.75304647067397
2998.2,51.898392541372466
2998.4,52.43792310947056
2998.6,49.53127924258333
2998.8,48.70676786336591
2999.0,50.57012974050764
2999.2,50.81868793260591
2999.4,53.404408463887876
2999.6,52.222084259508144
2999.8,50.68100001020825
3000.0,50.6267889075663
