time,rg
0.0,28.281150118373827
0.2,28.42975664914063
0.4,26.750673043069227
0.6,27.197599291223437
0.8,27.48958003483924
1.0,27.149249427318907
1.2,26.759644376278775
1.4,27.143454115459793
1.6,27.209875544663994
1.8,26.68457285979466
2.0,26.616826548381272
2.2,25.607112279943966
2.4,25.97062370528679
2.6,25.675830569048287
2.8,26.244922694697237
3.0,25.9613446251403
3.2,25.60222896319251
3.4,25.727628426306058
3.6,26.34963336468749
3.8,25.493327783958485
4.0,26.05049790215205
4.2,25.05950476343034
4.4,25.66261933150026
4.6,25.295014540153854
4.8,25.62464535822575
5.0,25.32277491407461
5.2,25.561944232323768
5.4,25.903101831647927
5.6,25.472936672255923
5.8,25.302200914716856
6.0,25.354791848319813
6.2,24.68098968566973
6.4,24.538187662415503
6.6,25.23149563657195
6.8,24.83491503875439
7.0,24.124536650712862
7.2,24.83900063152936
7.4,24.425566062176767
7.6,23.021385492227523
7.8,22.56151342418572
8.0,22.906030694844976
8.2,23.519461406262362
8.4,23.761265309325935
8.6,24.692577387894637
8.8,23.949738598744105
9.0,23.504911699802836
9.2,23.112967630558074
9.4,22.124240766056854
9.6,22.093484637198184
9.8,22.463237066164208
10.0,23.19406951770641
10.2,23.066981035688812
10.4,23.224167925662304
10.6,23.38270175515504
10.8,23.142985638595434
11.0,23.274457834338133
11.2,23.881158204088862
11.4,24.230640912365033
11.6,24.851694899923995
11.8,26.088887180479645
12.0,25.03801774269541
12.2,24.395205803106535
12.4,24.27319481909528
12.6,23.83823871931166
12.8,23.41383071536598
13.0,23.14021923203579
13.2,23.674596404798002
13.4,23.84002247772861
13.6,23.53642406239819
13.8,23.55584494979997
14.0,23.982199503590557
14.2,25.29887355777664
14.4,24.767447632700332
14.6,25.17259205936962
14.8,25.49415019419414
15.0,25.556230782750553
15.2,24.470098385817987
15.4,24.43426041615954
15.6,25.910876362734044
15.8,25.89394316475613
16.0,25.821584642753386
16.2,26.34887664695675
16.4,27.04338306782228
16.6,26.86871688396399
16.8,27.522418985937755
17.0,27.724589116913396
17.2,26.83688151052497
17.4,26.545796298278024
17.6,26.14836498768593
17.8,26.3794834200554
18.0,27.05824240147816
18.2,27.053296107550175
18.4,27.313771474568362
18.6,27.494502207338762
18.8,27.936140917573322
19.0,29.081082755735828
19.2,28.635487031797023
19.4,27.731033989965624
19.6,27.116677124029685
19.8,27.583965602939415
20.0,27.38346989779112
20.2,27.91972390469521
20.4,27.873768023269328
20.6,28.047011441816146
20.8,28.844840542328726
21.0,28.215879944002644
21.2,29.71873102698417
21.4,28.987049657635218
21.6,28.77002163180866
21.8,28.684868205217498
22.0,29.497663180778254
22.2,29.23295282801611
22.4,29.809431942155115
22.6,30.613018257679027
22.8,30.79137115886834
23.0,30.97277947808523
23.2,30.620376834241696
23.4,29.716257864257663
23.6,31.525751530665488
23.8,30.528089173729253
24.0,30.50024565132397
24.2,29.426819890547634
24.4,30.687832844072062
24.6,29.853225392769616
24.8,29.828149876652716
25.0,31.086927161930124
25.2,30.632411773173594
25.4,31.34974021144536
25.6,30.442972021886657
25.8,30.417389884017116
26.0,30.677070374062595
26.2,29.30786605788353
26.4,30.556265857395207
26.6,30.66576997395761
26.8,29.862574910196802
27.0,29.527637329738006
27.2,29.472868748783853
27.4,30.34215679771172
27.6,30.52011036342214
27.8,30.480077280489315
28.0,31.078127701315292
28.2,31.358004207604328
28.4,31.069096872109213
28.6,31.446478703825022
28.8,31.00694433097882
29.0,30.45258433772283
29.2,29.888182593467526
29.4,28.53024801456565
29.6,28.641819263712346
29.8,28.624668759113167
30.0,29.628441684843164
30.2,29.574787346288293
30.4,28.79860249719127
30.6,28.96067337042309
30.8,29.935309470911292
31.0,29.361764707097812
31.2,28.6773087613468
31.4,29.525256250977122
31.6,29.67820866529099
31.8,30.227749811956347
32.0,31.393498082203685
32.2,31.75578283110829
32.4,32.27475760860784
32.6,33.563338984054326
32.8,34.70631717500562
33.0,34.60706104785654
33.2,33.909045307592265
33.4,34.618553820093176
33.6,34.34070763022975
33.8,33.808529508148744
34.0,33.335121986553816
34.2,33.76039673506896
34.4,33.21227856210577
34.6,32.9760253531592
34.8,31.78172098797411
35.0,31.54656816654061
35.2,31.373134547956095
35.4,31.15214325246964
35.6,29.820558943355042
35.8,28.72658359606643
36.0,27.95857339187782
36.2,28.072830097442424
36.4,28.323230622064017
36.6,29.4256939238154
36.8,28.888520706968638
37.0,28.58114605306886
37.2,29.081605272127096
37.4,29.84202226879388
37.6,30.202571052461078
37.8,30.700393410629786
38.0,30.686073757597633
38.2,30.38106930025664
38.4,31.284379142113366
38.6,30.787034130706097
38.8,30.81249346786103
39.0,32.276356918166194
39.2,30.649392256354062
39.4,30.989156706221166
39.6,30.202865944394336
39.8,31.340554025565524
40.0,30.098867786546073
40.2,30.514896522407806
40.4,30.745439469061463
40.6,30.193390729683685
40.8,30.26132404052499
41.0,31.41057784120802
41.2,29.912450822789253
41.4,29.884374898654475
41.6,29.137824637430292
41.8,28.895118057741186
42.0,30.272431282943653
42.2,30.17884728841598
42.4,30.243914915954345
42.6,30.207947692064604
42.8,30.4276438383242
43.0,31.674900201323616
43.2,30.968050105197563
43.4,29.988995135530416
43.6,30.203593346470537
43.8,29.249185565511073
44.0,30.490658950175707
44.2,29.71096550435229
44.4,29.91258836598928
44.6,29.23301115915818
44.8,28.78895796304913
45.0,29.271363584478543
45.2,29.0810726430135
45.4,29.49356036644799
45.6,29.64062397975645
45.8,28.85488791129475
46.0,29.25554620452507
46.2,29.306606670508465
46.4,27.446759811242703
46.6,26.655708042786685
46.8,26.49348047095274
47.0,26.171871229013902
47.2,25.75278512008157
47.4,25.663915046673086
47.6,24.48786665633015
47.8,24.72509985543681
48.0,24.666589649294885
48.2,25.51326457340048
48.4,24.6926620691278
48.6,25.434262147291435
48.8,24.632489595301557
49.0,25.735789355339406
49.2,26.302073399044623
49.4,26.99464989348296
49.6,26.645953255674396
49.8,25.842577726065464
50.0,26.285579886002406
50.2,26.58288895709817
50.4,26.546953047059226
50.6,26.632404187705625
50.8,27.704072397526005
51.0,28.050941881786823
51.2,27.06214778037554
51.4,27.86669353922911
51.6,27.140560799829025
51.8,27.192863127132377
52.0,27.846948170639124
52.2,28.348547374817695
52.4,28.162066118939574
52.6,27.946756263498592
52.8,28.082226271026865
53.0,26.246839300779605
53.2,26.80317624568671
53.4,27.33939729692986
53.6,25.876543244632483
53.8,24.468021564760384
54.0,24.07734216621848
54.2,26.08248577647663
54.4,26.023021179821768
54.6,26.703217542743825
54.8,26.55072617345001
55.0,26.738532620107843
55.2,26.80254965974072
55.4,26.50644958636515
55.6,27.40827392860104
55.8,26.852135881298892
56.0,26.521910574972274
56.2,25.189860829600974
56.4,25.482891806023883
56.6,25.12336437019499
56.8,25.2349463990577
57.0,25.164200984088026
57.2,24.642502333500858
57.4,24.631761925007197
57.6,24.829593239208613
57.8,24.596867496485395
58.0,24.893094510467456
58.2,24.612217755334633
58.4,24.459658544512926
58.6,25.06691617088852
58.8,24.316025257930786
59.0,25.01178377972949
59.2,25.065812478530688
59.4,23.950446125980612
59.6,23.96216590365196
59.8,23.552269475772427
60.0,23.038272638156478
60.2,23.291375470256117
60.4,22.74250398690831
60.6,23.103154950893952
60.8,23.268624882137875
61.0,23.908583942196586
61.2,23.426408474609946
61.4,24.6614635283046
61.6,25.21883060132103
61.8,25.19100900534327
62.0,24.35203207337421
62.2,24.66195844564883
62.4,25.39876816905993
62.6,25.63807362213742
62.8,24.8296111922345
63.0,25.148508682909135
63.2,25.819945942157844
63.4,25.971229681084186
63.6,26.304192356120062
63.8,25.757853687805323
64.0,25.83357585409161
64.2,25.779001253204665
64.4,26.46111371070233
64.6,27.066440566195773
64.8,28.268273198633516
65.0,28.912336470365638
65.2,29.361032538479126
65.4,30.018155164590176
65.6,29.907537417851575
65.8,29.64443561294706
66.0,29.388460331769217
66.2,29.76934282914356
66.4,28.930186716838445
66.6,28.056003026852693
66.8,29.005188734674462
67.0,29.91995129212131
67.2,28.77049748523037
67.4,28.87957645651924
67.6,30.070708942054168
67.8,31.188780679412822
68.0,31.23657867437492
68.2,31.201821265330686
68.4,31.70933519940729
68.6,30.967830159132244
68.8,31.18378794468621
69.0,30.878224853174316
69.2,31.812132204040285
69.4,31.975800009803294
69.6,31.993109400137335
69.8,32.07535891138558
70.0,30.505109127124264
70.2,30.22458500385918
70.4,30.51719124863788
70.6,30.247647749042457
70.8,30.187425931894186
71.0,29.54685173483699
71.2,29.815049098732903
71.4,28.84778481847105
71.6,29.75908039042279
71.8,30.31974368267257
72.0,29.349417042157782
72.2,30.080319045475118
72.4,29.583387412891135
72.6,29.799124508631
72.8,30.514017402738453
73.0,28.941177375239175
73.2,29.32376124661637
73.4,30.068334586577365
73.6,30.298668248173307
73.8,30.638300287404935
74.0,30.917693946837854
74.2,31.0741749800251
74.4,31.032683435186293
74.6,30.927333362394776
74.8,31.061677778942713
75.0,31.66856917648676
75.2,33.440785803336595
75.4,33.164729045595
75.6,33.487047226609164
75.8,33.719130479260244
76.0,32.67668869442225
76.2,31.994178545224297
76.4,32.38232031706103
76.6,32.239502456406235
76.8,33.55073431395653
77.0,34.13739191798554
77.2,34.6248234661236
77.4,33.2734207328767
77.6,32.411534327013534
77.8,33.03433781040096
78.0,33.251509623666664
78.2,31.709428197165188
78.4,33.07999231801832
78.6,31.62413502890825
78.8,32.15535815606724
79.0,32.479716250993114
79.2,33.88412790327714
79.4,34.13140842769914
79.6,34.33997021406785
79.8,34.4072503668232
80.0,33.532272147753226
80.2,32.724354934832796
80.4,33.40152880114323
80.6,33.96691526593413
80.8,33.95728347497763
81.0,34.896386599647
81.2,33.6401471280263
81.4,34.15751951978649
81.6,34.63204365292617
81.8,34.37314258832238
82.0,35.023811473230644
82.2,34.51036800621451
82.4,34.4485685996874
82.6,34.30432487798797
82.8,34.42858175354178
83.0,34.893290144572276
83.2,36.41039844500888
83.4,35.197318431246394
83.6,35.03152340884826
83.8,35.7874196026388
84.0,35.84658549306412
84.2,35.59999730016719
84.4,34.42335463028014
84.6,34.41836028335937
84.8,35.00495895807072
85.0,34.8216432709443
85.2,35.22014316909923
85.4,36.10273001090831
85.6,38.03439558999409
85.8,38.55252213711979
86.0,37.83685569447289
86.2,37.94599375315391
86.4,38.418260555504034
86.6,36.84588009263254
86.8,36.32453194989243
87.0,36.69877069102204
87.2,37.07760888307302
87.4,37.56470166716411
87.6,37.825619007251966
87.8,37.98961548656298
88.0,38.926038806745524
88.2,37.607981947240276
88.4,38.441677707949296
88.6,39.526629896692384
88.8,39.51616184190725
89.0,39.67674916658868
89.2,39.14232250062987
89.4,38.77238508093319
89.6,38.77307326335462
89.8,38.27322396715407
90.0,38.41587510107183
90.2,36.93365055043197
90.4,37.73263562353753
90.6,36.6788908355898
90.8,36.3796205318154
91.0,36.88855689335749
91.2,36.751055614355494
91.4,34.497002931640885
91.6,34.784919901787006
91.8,34.746166999811585
92.0,35.420759630702214
92.2,35.138278451988484
92.4,36.67298600501804
92.6,37.236893218677395
92.8,35.70112134238846
93.0,35.54149946312881
93.2,36.26979152990111
93.4,35.76177834144472
93.6,35.256202145196006
93.8,34.93968975826149
94.0,34.95321493914102
94.2,35.456061895852415
94.4,35.290731536494974
94.6,34.663583656144304
94.8,36.508392734040804
95.0,37.402546664004866
95.2,36.575036385870455
95.4,36.95930579678862
95.6,37.2148005083867
95.8,36.334688950804015
96.0,35.22955190690862
96.2,34.151384119880625
96.4,36.105371401077335
96.6,35.34765765871617
96.8,35.49490208489273
97.0,34.67757029950302
97.2,34.19426557492852
97.4,33.97205447395177
97.6,33.94251585852932
97.8,35.44902091934648
98.0,35.19719423582935
98.2,35.80883741182906
98.4,34.70563344413715
98.6,34.25324400393392
98.8,34.51656505461868
99.0,35.865494037577164
99.2,36.18996715221175
99.4,36.30216724084239
99.6,37.258819199682044
99.8,37.15391832843457
100.0,37.28230874775959
100.2,36.00463004925118
100.4,35.571242775417396
100.6,35.9556452683056
100.8,35.11100221121389
101.0,34.29813694048646
101.2,34.163595962204944
101.4,34.43798236477786
101.6,34.841416638283846
101.8,35.702947027788014
102.0,36.38392415097028
102.2,36.334892239150335
102.4,35.6233217476073
102.6,34.888957348098735
102.8,35.19098461856176
103.0,35.577633342933936
103.2,35.264426593856186
103.4,35.244332990843944
103.6,35.64541225521601
103.8,34.13662216595051
104.0,33.09847656486352
104.2,33.62233448717382
104.4,33.12502261551473
104.6,33.45170830300249
104.8,33.01358356665375
105.0,32.62236464830531
105.2,31.348471274541158
105.4,31.266917189352277
105.6,31.66178544606815
105.8,31.30985469873055
106.0,31.076799583180147
106.2,31.70057595762314
106.4,32.85214216025985
106.6,33.76286239404521
106.8,33.054150303616765
107.0,34.427630401215026
107.2,34.98582437363324
107.4,36.550474314287314
107.6,36.42959625163899
107.8,36.12531761346169
108.0,36.68743262366816
108.2,35.9185429452878
108.4,35.7315664220214
108.6,35.57519519190319
108.8,34.48743433064626
109.0,36.315917075932695
109.2,36.16437136478118
109.4,35.697261079094616
109.6,35.335490908145765
109.8,34.98710536333633
110.0,35.11323381812333
110.2,34.80668486757763
110.4,35.727114981464496
110.6,36.160026636408155
110.8,35.04352352762821
111.0,35.89897386310892
111.2,35.90563960494377
111.4,34.99934715882175
111.6,35.48390300498311
111.8,34.64791618467518
112.0,34.81595692474694
112.2,34.99924499385082
112.4,34.35072219903206
112.6,34.43262045212546
112.8,34.60141752473397
113.0,34.547705645989666
113.2,34.65754472915461
113.4,34.49202696890244
113.6,33.76541597405453
113.8,33.41534208572215
114.0,32.53363110522951
114.2,32.697617093921345
114.4,33.77326516360175
114.6,32.87343806154047
114.8,33.77996262702022
115.0,33.29689480326969
115.2,33.66885761579847
115.4,33.63555174086821
115.6,32.68812788105404
115.8,32.381034198237074
116.0,32.23983374747856
116.2,31.84045935070487
116.4,31.79492409180956
116.6,32.94279768330356
116.8,33.02747334981
117.0,32.384885216947005
117.2,32.21438294474354
117.4,31.921665207736815
117.6,31.26611393982076
117.8,31.909082787950155
118.0,31.457648874756696
118.2,31.944813227725582
118.4,31.01791448779514
118.6,31.020734169996558
118.8,29.425174312430066
119.0,29.850306181555744
119.2,30.10493165320332
119.4,30.62885588330844
119.6,30.29279524891851
119.8,30.18468060838255
120.0,28.482770318697362
120.2,26.360472184159534
120.4,26.422227180196934
120.6,26.46543342250853
120.8,25.903944599902367
121.0,25.854407553791244
121.2,25.474697033325647
121.4,25.24866788250069
121.6,25.197870537412307
121.8,24.941680927098208
122.0,24.447317700634517
122.2,23.898763185815636
122.4,24.544443721370808
122.6,25.137363869465347
122.8,24.93031424870045
123.0,25.17375730259923
123.2,24.462678591558586
123.4,25.6207385922309
123.6,25.57482387219094
123.8,25.982695357906685
124.0,25.443095839554168
124.2,25.34722273040564
124.4,24.29868226594951
124.6,25.209485446027266
124.8,24.516896675754403
125.0,24.26476128187876
125.2,23.99605983979283
125.4,24.293921311933904
125.6,25.267543327620864
125.8,25.877025073132103
126.0,25.949293739706427
126.2,25.588622529116
126.4,25.633778392609663
126.6,25.351292801036678
126.8,24.607804126042954
127.0,25.620971679150166
127.2,25.197858914345396
127.4,25.012006490593546
127.6,25.28846662462385
127.8,25.820447244888996
128.0,25.095313206659732
128.2,24.942696625247272
128.4,25.507795146185256
128.6,25.394857398153718
128.8,24.839392912523902
129.0,25.284927123863845
129.2,25.214967262391554
129.4,25.00107468119233
129.6,23.756666684790495
129.8,23.28766056882939
130.0,23.90313208235231
130.2,23.53282769335625
130.4,23.138229550509983
130.6,23.10456919831223
130.8,23.475892031217413
131.0,24.397339093182914
131.2,25.366145736443908
131.4,25.841954099031724
131.6,26.027609300652827
131.8,26.904373560866112
132.0,26.351160639050924
132.2,26.277639153050146
132.4,26.53888137666175
132.6,25.818480570041565
132.8,25.577368266375355
133.0,25.04006741892698
133.2,25.473920488954647
133.4,25.506155929707226
133.6,25.74340144198652
133.8,25.803476704108213
134.0,26.754941571035495
134.2,26.761999696109754
134.4,27.181468536611185
134.6,27.89495402510535
134.8,27.76752705263421
135.0,26.282238172210917
135.2,27.233145816890627
135.4,27.575144333261925
135.6,28.851037767163
135.8,28.758211666533366
136.0,29.183006789152785
136.2,28.543778130953154
136.4,29.05269690310682
136.6,29.216384800813895
136.8,29.37768543638939
137.0,28.866009035225947
137.2,28.66291775184315
137.4,27.789261519120508
137.6,27.967584874446807
137.8,28.12095460345807
138.0,28.629060136550642
138.2,28.94191594553318
138.4,29.05047861801259
138.6,28.91095016547368
138.8,28.734848163967442
139.0,28.67411905249524
139.2,28.255220687535726
139.4,29.77501964238392
139.6,29.258675833377005
139.8,29.649216806681032
140.0,30.419638029256106
140.2,30.51119813022593
140.4,29.435650172239967
140.6,30.738745615825135
140.8,29.85588995175003
141.0,30.167498927958533
141.2,29.653724411054277
141.4,31.041396281541374
141.6,30.360003517822108
141.8,30.362347484802616
142.0,30.634020046102247
142.2,31.21227053087084
142.4,30.655658284230185
142.6,29.9761875452798
142.8,30.911368500589994
143.0,30.572370127441854
143.2,31.825449043675444
143.4,32.238672494421294
143.6,30.661455658798378
143.8,31.998643024561794
144.0,31.972357217934622
144.2,32.049586128434726
144.4,32.66595151059251
144.6,33.24274195360814
144.8,33.27414759266354
145.0,33.58152749544891
145.2,33.85331669053899
145.4,34.45116253796972
145.6,33.38588638089206
145.8,32.856338125080214
146.0,32.98717674615789
146.2,31.926004026787403
146.4,31.120734866529588
146.6,31.491857424171087
146.8,30.971728842412794
147.0,30.949588916063643
147.2,29.43921489276917
147.4,30.244267482991468
147.6,30.663518695423868
147.8,29.932018122214473
148.0,29.892170742818603
148.2,29.02487588959055
148.4,27.952373055841292
148.6,27.169508540926195
148.8,27.13245352873351
149.0,28.007478738256538
149.2,28.103569368746314
149.4,29.329985625757054
149.6,29.388107056322053
149.8,30.188705441500105
150.0,29.554458014098145
150.2,29.253684307231914
150.4,29.476406374780233
150.6,30.11416276469772
150.8,28.90657631572274
151.0,27.704613278353523
151.2,27.91292822176917
151.4,29.359424067117963
151.6,28.975886563255496
151.8,29.16270717116424
152.0,29.2280592028769
152.2,29.626599073714015
152.4,28.787521946379265
152.6,28.685055823071792
152.8,28.49225220311038
153.0,28.453264696221517
153.2,29.737345757240288
153.4,30.580883477407234
153.6,31.07819733594731
153.8,31.3802400316306
154.0,30.966221508116902
154.2,31.16081686746366
154.4,31.477289640996432
154.6,30.31991394857635
154.8,30.865794480523725
155.0,29.93360196181213
155.2,30.889883193713125
155.4,30.987406201561086
155.6,31.28206181874733
155.8,32.94555724854437
156.0,32.689734930527095
156.2,32.90705231213351
156.4,32.47980924924593
156.6,32.74183669746798
156.8,32.92474702715266
157.0,33.40596236762749
157.2,33.977156831619574
157.4,34.408428225305016
157.6,33.79773249597875
157.8,34.80746967182246
158.0,34.203300828580296
158.2,35.70828950123105
158.4,36.09659603019105
158.6,35.3825533303844
158.8,35.851874335955955
159.0,35.02584619468421
159.2,35.733369127677896
159.4,36.644052534957254
159.6,36.57273618817325
159.8,36.66290894156605
160.0,35.88470387845045
160.2,36.73681424073072
160.4,35.393141194962205
160.6,34.89067007543944
160.8,34.08927770059389
161.0,33.192550933587995
161.2,34.18710840217794
161.4,35.17545200314402
161.6,35.899478101916245
161.8,35.4601669283871
162.0,35.655361268176506
162.2,36.00930975416615
162.4,36.204360665838024
162.6,36.553185419072115
162.8,36.694330839742506
163.0,37.72122544283203
163.2,37.77480354693963
163.4,37.16771228474317
163.6,38.34397774800067
163.8,37.55045667981761
164.0,37.30946312726893
164.2,37.14042591892124
164.4,37.42290339944549
164.6,37.49684845392932
164.8,36.91288237750637
165.0,37.70785871410869
165.2,36.98465127695016
165.4,36.08145443926659
165.6,35.71475206281035
165.8,37.326654840207155
166.0,37.76539262158703
166.2,37.8618679929796
166.4,38.08067805082298
166.6,38.334637529504604
166.8,38.9698997012522
167.0,39.58803385559328
167.2,39.68079527386094
167.4,40.15869786992552
167.6,38.77537000886305
167.8,38.81004014573598
168.0,39.03596497952086
168.2,38.04465291813857
168.4,36.47231646863713
168.6,35.598422417037455
168.8,36.2342560162745
169.0,36.110002718353876
169.2,35.10205106233897
169.4,36.24403126411963
169.6,35.11798628787995
169.8,35.22778210438518
170.0,34.95156668339333
170.2,35.05526829288058
170.4,36.64669370906885
170.6,37.421430597379285
170.8,36.72264271877967
171.0,35.669097487588544
171.2,35.12112606775836
171.4,35.626119078809886
171.6,34.65473956749485
171.8,34.98324165914923
172.0,34.52492055759106
172.2,33.93386808423085
172.4,32.99944123386572
172.6,33.299993685244786
172.8,33.269154701650876
173.0,33.10862088113096
173.2,33.33748482815275
173.4,33.341241981604476
173.6,33.05879081336415
173.8,33.09283493489636
174.0,33.776010392760234
174.2,34.39977599571611
174.4,34.99924250729775
174.6,33.827741230933206
174.8,33.2128444890799
175.0,32.65228651614536
175.2,31.787254568430026
175.4,32.70251494048476
175.6,33.61412722549323
175.8,33.42121379954142
176.0,33.24352896797818
176.2,33.10918136892568
176.4,33.04058010367711
176.6,33.97718340032266
176.8,34.406558727128115
177.0,33.764407823178644
177.2,32.605832726185476
177.4,32.15895343276159
177.6,32.48733031979939
177.8,31.665341209198132
178.0,31.958279472642822
178.2,32.668273210517185
178.4,33.354161607451225
178.6,34.20211258204693
178.8,33.774060778561264
179.0,34.8875949493023
179.2,35.99506944657187
179.4,34.946275212957566
179.6,34.8306364904268
179.8,35.04592797320457
180.0,34.35878473153908
180.2,35.782473897267344
180.4,36.25130891058946
180.6,36.02217240825447
180.8,35.863300807906725
181.0,35.36664750183818
181.2,34.90710016918987
181.4,35.689489368865225
181.6,35.9306420590882
181.8,36.76923536118646
182.0,36.74608780711554
182.2,37.55093757328482
182.4,39.1262550251148
182.6,39.28028446121769
182.8,38.06955538519618
183.0,37.55246873513858
183.2,37.93472540628309
183.4,37.02336835507004
183.6,35.70778793761107
183.8,36.672658866360685
184.0,37.081994387544384
184.2,36.468472853096
184.4,37.090809563757844
184.6,36.2620333633472
184.8,36.51839208890447
185.0,37.08323755913288
185.2,37.64511200223919
185.4,37.20229012384431
185.6,38.14065020551769
185.8,39.02502523228212
186.0,38.70981664603797
186.2,39.451764834420764
186.4,37.696300713329244
186.6,36.37607702554628
186.8,36.131333742932426
187.0,36.72543972736654
187.2,38.32804096954085
187.4,37.77157301175729
187.6,38.004127111175976
187.8,37.74834917426568
188.0,37.35827328708387
188.2,36.35790682562333
188.4,36.85385220668393
188.6,37.03988383872668
188.8,37.69485713522927
189.0,37.88065665367112
189.2,38.74516277950784
189.4,39.18458378902681
189.6,38.23955988481471
189.8,37.977436371262975
190.0,38.52281167720799
190.2,39.23893158603284
190.4,39.20522334659119
190.6,39.430526667315945
190.8,39.272245972062485
191.0,39.47178251890885
191.2,38.785055751707674
191.4,39.445765849958015
191.6,39.43027879424056
191.8,40.15262494347614
192.0,39.82663052602199
192.2,39.38968971787476
192.4,39.735660990201886
192.6,41.21983205306136
192.8,41.22273479869057
193.0,39.83386538442226
193.2,39.507529949296334
193.4,38.25143033700674
193.6,39.976641480551656
193.8,40.190532216149435
194.0,39.83571431954535
194.2,41.58206047758035
194.4,40.11797415830887
194.6,38.51373751230678
194.8,39.399017784667116
195.0,38.43551818359489
195.2,38.6343922327078
195.4,38.61355568797016
195.6,38.056308314189465
195.8,37.40971421405892
196.0,36.99170450066249
196.2,36.75440141951076
196.4,36.028607719644924
196.6,35.57682210224732
196.8,34.256683747169674
197.0,35.36157216508501
197.2,36.56446068204847
197.4,35.70842689298849
197.6,34.690349212925106
197.8,35.78016939935043
198.0,34.91952388673229
198.2,34.26910389748086
198.4,33.93412154193567
198.6,33.88276021113833
198.8,34.48646069428748
199.0,35.240445663289194
199.2,35.88121562483249
199.4,35.61376403560417
199.6,36.46074064665289
199.8,36.11871619949879
200.0,36.49288796700705
200.2,36.87623067926252
200.4,36.7842169240499
200.6,35.82600916498129
200.8,36.33633441242135
201.0,35.89784520342393
201.2,36.400957349863496
201.4,35.74159381113138
201.6,36.145944183397994
201.8,35.66730115427871
202.0,35.73732232778008
202.2,36.47582186807162
202.4,36.11737935257547
202.6,35.555703067012466
202.8,35.379427845697776
203.0,35.03429123776894
203.2,34.94042574971652
203.4,35.03944338443199
203.6,36.12315833865577
203.8,35.12987906415972
204.0,34.947502600741366
204.2,34.769644044356994
204.4,35.0127749065919
204.6,35.2306053666404
204.8,36.095445046356396
205.0,37.148967278013096
205.2,35.462148455452585
205.4,33.18664571855584
205.6,34.44008207685881
205.8,34.98337772036089
206.0,33.789162305302725
206.2,33.52775229874565
206.4,33.80018994564003
206.6,34.98644877596821
206.8,34.43646995336467
207.0,34.30672900998919
207.2,33.83571325025852
207.4,34.52373219696822
207.6,34.89284710741394
207.8,33.999378748361046
208.0,33.14558504733511
208.2,34.29301753444521
208.4,35.728154776762054
208.6,34.862843910234986
208.8,34.93714531741239
209.0,34.497807318765524
209.2,33.038318116554876
209.4,33.07125731580201
209.6,33.314812927086194
209.8,33.666705318053985
210.0,34.34003729900565
210.2,34.581805964110536
210.4,33.7173967089756
210.6,35.37356011761797
210.8,37.13330053216174
211.0,37.62121618444147
211.2,37.01166889755769
211.4,35.03355578714142
211.6,35.225248570635436
211.8,34.87580593897288
212.0,34.97730374951506
212.2,35.173455555349435
212.4,34.90642855300361
212.6,35.00007482970757
212.8,35.68026644885835
213.0,35.11772370318269
213.2,33.6940430587934
213.4,35.265046497195065
213.6,35.939026188073754
213.8,36.23087322615844
214.0,36.95247931450476
214.2,36.54486618494733
214.4,35.01325972068576
214.6,34.98563408742383
214.8,34.65790632730653
215.0,35.171813879841636
215.2,35.975004038080456
215.4,35.218541899447374
215.6,36.30797456278228
215.8,35.653552701558056
216.0,34.981023741284645
216.2,35.98215797432562
216.4,36.36625909605419
216.6,35.40464421523291
216.8,36.11765537234868
217.0,35.77391194980653
217.2,34.87974841441556
217.4,35.79725750625975
217.6,36.075799190696635
217.8,36.20545122974566
218.0,36.218011947487724
218.2,35.61885163669257
218.4,35.99694718163809
218.6,34.855491343234334
218.8,34.750611454405764
219.0,36.334502976261284
219.2,37.640424910141405
219.4,36.39425903390016
219.6,36.26471677677137
219.8,35.75902921567538
220.0,36.27931229234509
220.2,35.712740474852595
220.4,36.47432342170398
220.6,36.33746120777201
220.8,36.17370748314633
221.0,37.3877268322176
221.2,37.06545452387212
221.4,36.09933810500704
221.6,35.526377295610445
221.8,35.47183335620982
222.0,36.378929218223554
222.2,36.08085317970192
222.4,35.81590791919205
222.6,35.246749257400694
222.8,34.772599884036254
223.0,34.707905065639075
223.2,35.48542408550882
223.4,35.71862172798272
223.6,33.91972391775048
223.8,33.50828695384764
224.0,33.89300802234083
224.2,33.9606214444582
224.4,32.21866458313175
224.6,33.16320904769137
224.8,33.07465264846557
225.0,32.601038262664794
225.2,33.022311762414404
225.4,32.5380630454774
225.6,33.243765187657914
225.8,31.92927524621563
226.0,32.1940004049795
226.2,33.08368228326974
226.4,32.27818404619907
226.6,31.452341062182747
226.8,32.80433291426138
227.0,32.83343467294697
227.2,31.955814398144312
227.4,32.25618514922217
227.6,32.56808187092252
227.8,32.3458315687553
228.0,31.65493923857788
228.2,31.554639258121355
228.4,31.70735121257018
228.6,31.892149739212385
228.8,31.294275331373296
229.0,31.990158949913567
229.2,31.622139759980342
229.4,31.74356732200048
229.6,32.01839727471518
229.8,32.20010114513179
230.0,31.989096853118937
230.2,32.171611312026606
230.4,30.56565453029689
230.6,31.08390678399767
230.8,31.65334420455293
231.0,32.06646707695638
231.2,30.574733635989794
231.4,30.413901074038066
231.6,30.606522085721508
231.8,30.798429502996427
232.0,30.95773545347771
232.2,30.287001054518207
232.4,29.844355225178756
232.6,30.91607116649414
232.8,31.476430016071664
233.0,32.11258256648735
233.2,32.48545317137632
233.4,32.48125359297427
233.6,32.71414951737302
233.8,32.810254147362585
234.0,34.00432251525859
234.2,33.00630171632963
234.4,33.00571882437134
234.6,32.62875998081704
234.8,32.00680661228687
235.0,32.1409590475423
235.2,31.976640639017212
235.4,31.90733571585808
235.6,31.36101049015302
235.8,32.43886510155281
236.0,32.48756948146899
236.2,32.60777741134363
236.4,31.660695223041145
236.6,31.757472946860293
236.8,31.685674123481448
237.0,32.067617036235106
237.2,32.02117828051615
237.4,30.31776762867707
237.6,28.372987150176286
237.8,28.311536804321143
238.0,29.097759672545052
238.2,27.874022340395406
238.4,28.48796184016377
238.6,29.772999042181656
238.8,29.169950464843257
239.0,30.087854407929346
239.2,29.781385031007183
239.4,28.917012979588268
239.6,29.387173679538094
239.8,29.288107230761753
240.0,29.668150067623856
240.2,29.08534394617311
240.4,29.8321594414921
240.6,29.429230262924982
240.8,29.165164583780502
241.0,28.2838278166521
241.2,29.251801586625938
241.4,29.09385653881904
241.6,28.836724793740956
241.8,29.351367741360043
242.0,28.710644628159496
242.2,28.65737263207957
242.4,27.71606718033717
242.6,27.757299273206417
242.8,27.72706855251428
243.0,27.737732391404922
243.2,27.611786625399965
243.4,27.450653610241822
243.6,26.959584584757422
243.8,26.04435115378671
244.0,26.69651519152335
244.2,27.57065204257417
244.4,27.41324764312747
244.6,27.867465357967376
244.8,28.505720042695593
245.0,27.71733535127027
245.2,28.244839517473878
245.4,28.644026206239637
245.6,28.669809717468098
245.8,28.646770167501543
246.0,30.48751572325958
246.2,30.414733782550446
246.4,31.19671907899615
246.6,30.855846772081502
246.8,30.678077390201057
247.0,30.23269249777277
247.2,30.99455272661087
247.4,30.911310081356458
247.6,30.72913031304004
247.8,31.02799577307833
248.0,30.04095015109696
248.2,30.202699513776096
248.4,30.81647058110075
248.6,30.102126230216637
248.8,29.33099326381619
249.0,29.983457984231364
249.2,29.691288201411744
249.4,29.28781125671108
249.6,29.944298106225034
249.8,29.133144033714544
250.0,29.30335627086803
250.2,28.45409795294475
250.4,29.757131819241074
250.6,29.552384861833524
250.8,30.600315151630966
251.0,30.951379159195582
251.2,30.241741868340345
251.4,30.826365607626816
251.6,31.46694317216966
251.8,31.13567677804156
252.0,30.93582343974124
252.2,30.725066062164718
252.4,30.604330290706315
252.6,30.464655383544375
252.8,30.729842902010954
253.0,29.845860196160785
253.2,29.27419738569087
253.4,28.10011552358847
253.6,28.63620120159586
253.8,28.760778429257087
254.0,27.925025772158158
254.2,27.34016195237485
254.4,27.290008284995974
254.6,25.572370377820732
254.8,25.00684068943384
255.0,26.833759088096233
255.2,26.717984445939884
255.4,26.823553092079973
255.6,27.28740636866389
255.8,27.238978155545155
256.0,27.72919068086132
256.2,27.436820330482806
256.4,27.32151221966621
256.6,26.988866490219188
256.8,27.284873032158927
257.0,27.34149605856469
257.2,27.525481445700958
257.4,28.712296238901494
257.6,28.750024644973085
257.8,28.93505429796098
258.0,29.583106963386975
258.2,30.046099402428826
258.4,30.256116679171626
258.6,30.022092241155583
258.8,29.400063640268606
259.0,28.969894338997616
259.2,28.512170213342856
259.4,28.93340813697728
259.6,28.609769681313892
259.8,27.612582161654622
260.0,28.057978233147942
260.2,27.978728792432893
260.4,28.710496999455493
260.6,28.682135785098964
260.8,28.30956031369906
261.0,28.595243072289374
261.2,29.5592143988638
261.4,29.823653278728454
261.6,29.63461481664963
261.8,29.3126930975551
262.0,30.107590553977694
262.2,28.959761680855472
262.4,28.704610152441326
262.6,28.94792284088982
262.8,29.188958118182
263.0,29.053860553396667
263.2,29.699538726786706
263.4,30.326626716511612
263.6,30.169779879708692
263.8,29.253896681235062
264.0,29.45434828615168
264.2,29.96182505363926
264.4,28.95110657224859
264.6,30.572735934134144
264.8,32.03622555079312
265.0,32.784349707229524
265.2,32.707710202741964
265.4,33.43371550236919
265.6,33.08692546535626
265.8,33.21977638220576
266.0,32.95498825810762
266.2,33.0057673947982
266.4,32.32580582300914
266.6,32.209967274174986
266.8,31.809705293178652
267.0,31.433036142760372
267.2,30.855259374420996
267.4,31.24327404072021
267.6,30.789744629171278
267.8,30.352920736401536
268.0,30.285770252962976
268.2,30.76525543661257
268.4,31.851006270829277
268.6,31.282798742307804
268.8,30.937496325633372
269.0,30.274200148485463
269.2,29.881730143071064
269.4,29.365840427415492
269.6,29.483638483778233
269.8,29.453408045755562
270.0,29.49441828785359
270.2,28.817843178211632
270.4,29.580329352349516
270.6,28.327454382524277
270.8,28.317097844515374
271.0,28.750630820759902
271.2,29.408807343653148
271.4,29.353861318714962
271.6,28.42679953095383
271.8,28.19511305633374
272.0,29.037460891739826
272.2,29.82442933970912
272.4,29.519837075582114
272.6,29.752217507155294
272.8,29.6942195771822
273.0,31.16098904421929
273.2,32.08723585196012
273.4,31.62368311984508
273.6,31.171532632808066
273.8,31.492790543881913
274.0,31.409862624029437
274.2,31.540516330314425
274.4,32.106475552281104
274.6,31.95967509969381
274.8,31.21690185083278
275.0,31.196465483976745
275.2,29.571796051692623
275.4,28.701415477869876
275.6,28.011106473743617
275.8,28.24151047316716
276.0,28.98629976300375
276.2,28.508089582610413
276.4,28.584744288878294
276.6,27.411227608741147
276.8,27.915066220064602
277.0,27.689007405311532
277.2,28.429731608299743
277.4,29.37232045766295
277.6,28.80943449695899
277.8,29.770478973698424
278.0,30.76124903392468
278.2,31.10027826392601
278.4,32.81017622976857
278.6,33.398461756149146
278.8,31.214291777858406
279.0,31.232127799851863
279.2,31.243021343330945
279.4,32.63180463029074
279.6,32.609165400841796
279.8,33.99854535310699
280.0,34.28662150725975
280.2,34.65685318843703
280.4,34.51522820996853
280.6,34.055154111560746
280.8,33.78302785095346
281.0,33.44683973005016
281.2,33.949937544835784
281.4,34.31582102167078
281.6,35.36559647430114
281.8,33.78600177776191
282.0,34.052248017055604
282.2,35.47332631877584
282.4,34.34382806168911
282.6,34.61276391937041
282.8,35.31812065560526
283.0,35.680600324072635
283.2,35.618974928006566
283.4,35.99786438381366
283.6,34.89065390410965
283.8,35.24460836699154
284.0,34.49178395412047
284.2,34.93794735092271
284.4,33.83067702653222
284.6,34.80955482541488
284.8,34.24757668650703
285.0,34.23203438702238
285.2,35.422792693466654
285.4,34.92093883019014
285.6,34.37330015907887
285.8,34.54233408891912
286.0,34.739985470151396
286.2,34.23349995911626
286.4,34.17935834200443
286.6,32.07723559343896
286.8,32.54286243481699
287.0,31.714631606094017
287.2,31.850049701780293
287.4,32.31368228852951
287.6,32.221206295066544
287.8,31.004061641320867
288.0,29.903772210150503
288.2,29.44135785023663
288.4,29.960617041235263
288.6,28.998048105089573
288.8,29.525778878060965
289.0,29.82971115020638
289.2,30.414520686076646
289.4,29.345158047252276
289.6,30.049911582195634
289.8,29.872667396937906
290.0,30.825498367754534
290.2,30.658010129316843
290.4,30.232086058649614
290.6,29.76832033889822
290.8,28.844258682452477
291.0,28.543111650211607
291.2,28.20053145475358
291.4,28.75502545941722
291.6,28.338828784639723
291.8,28.19726545945243
292.0,27.418532097539668
292.2,27.679310885098975
292.4,27.177720083008737
292.6,27.44805516638673
292.8,27.1390917630885
293.0,26.99654653243124
293.2,27.79694620308089
293.4,28.0716683383902
293.6,28.351889841586136
293.8,28.051714243914706
294.0,28.882637715736713
294.2,29.425053375091743
294.4,29.476832732907596
294.6,29.499816692008135
294.8,29.31567436486923
295.0,28.508409178375626
295.2,29.68552301492724
295.4,30.38105233085482
295.6,30.439012409944127
295.8,29.667588608173
296.0,30.91654810147834
296.2,31.489194473589677
296.4,30.267483732187223
296.6,29.566491021862088
296.8,29.805708243610162
297.0,30.95980182814238
297.2,31.325891077946988
297.4,32.734055021968125
297.6,33.48603949900708
297.8,33.58701450160321
298.0,34.865838515232596
298.2,35.16921203786859
298.4,33.353449913278
298.6,34.46613332026034
298.8,32.186218152112794
299.0,31.342937991545114
299.2,31.07877553475722
299.4,30.533230925371562
299.6,30.086105792673102
299.8,30.801819428649353
300.0,30.83301314657077
300.2,30.412564241324837
300.4,30.13175083640229
300.6,30.211111238458347
300.8,30.204589647242592
301.0,31.379541091362903
301.2,31.765461612726895
301.4,30.512167548525166
301.6,30.918852426721607
301.8,30.85572593260455
302.0,31.445493604493922
302.2,32.40103886491169
302.4,31.71855876279323
302.6,30.76786886558041
302.8,31.178176479882133
303.0,33.35243547569581
303.2,32.816912706462986
303.4,34.04118258945267
303.6,33.48904816847048
303.8,34.20293632144733
304.0,34.65101603934175
304.2,34.08175100312952
304.4,33.85083552316817
304.6,35.001483320814984
304.8,33.18560428362976
305.0,34.139910131173885
305.2,33.39172067518383
305.4,33.67963078148109
305.6,33.41315972074733
305.8,34.501955104665704
306.0,35.09561500258819
306.2,35.327372355951844
306.4,35.57648924271571
306.6,35.90881884918363
306.8,35.139631434370564
307.0,33.21204703786354
307.2,32.636909948459284
307.4,32.6446277409089
307.6,32.245081102674725
307.8,31.515423712479294
308.0,32.22105887905114
308.2,32.027479418258224
308.4,31.589995955541287
308.6,31.382848224073552
308.8,31.37993298309858
309.0,31.833884551131945
309.2,31.032623432798413
309.4,30.233625622762418
309.6,29.84993049412552
309.8,29.688751419970743
310.0,29.036749407629188
310.2,29.071718886184108
310.4,28.764690443458548
310.6,28.2927014704933
310.8,28.24776935586591
311.0,28.192499913242706
311.2,29.101295967699983
311.4,29.545641984988347
311.6,29.316865739795695
311.8,28.638231622422133
312.0,28.90412067746638
312.2,27.584356864796398
312.4,27.81528611361628
312.6,27.88308779420929
312.8,28.30818020822605
313.0,29.499062601504725
313.2,29.22190788350132
313.4,29.035081536473058
313.6,29.63333683293111
313.8,30.749431795299657
314.0,30.980026250903848
314.2,30.91019813755786
314.4,31.475294750063103
314.6,31.129146028733217
314.8,31.13098504997449
315.0,29.63900538276075
315.2,29.094215359697408
315.4,28.358201296445166
315.6,29.78095017015349
315.8,30.12548449200153
316.0,29.538191916200315
316.2,28.807129563288388
316.4,28.78988101241262
316.6,27.938649544185445
316.8,29.016750413153783
317.0,27.946987071690884
317.2,29.075480374060184
317.4,28.104059203761274
317.6,28.765223744254452
317.8,28.38101097833991
318.0,28.49090672768241
318.2,28.862767348440585
318.4,29.16361456363475
318.6,28.95783946797225
318.8,28.38491853816128
319.0,27.917260373021016
319.2,28.596582464493544
319.4,27.77694220898165
319.6,27.764213539758504
319.8,28.48385595758888
320.0,28.280410616895498
320.2,27.595984158221682
320.4,26.992759966561948
320.6,27.870815216981384
320.8,27.103239971643664
321.0,28.327790253463494
321.2,28.99461222269578
321.4,29.329703371273542
321.6,28.709971765313696
321.8,29.356807142490133
322.0,31.53946264389723
322.2,32.06479221526676
322.4,31.808833270317905
322.6,32.01836001227538
322.8,32.60086159535091
323.0,32.09952362768366
323.2,30.735984144797058
323.4,30.664105933390168
323.6,31.406078926728522
323.8,31.33520973674603
324.0,30.96608845754366
324.2,30.60462642888121
324.4,31.483170148809453
324.6,32.61081237050175
324.8,33.251365154409896
325.0,33.615956005089224
325.2,34.12404453682487
325.4,33.26575037019897
325.6,33.7883947508123
325.8,33.581628815372895
326.0,33.22365479142141
326.2,33.319982526550675
326.4,32.6496477628495
326.6,34.33879091858697
326.8,34.64290709616321
327.0,34.161920491242995
327.2,34.260746342250975
327.4,34.79100887032739
327.6,33.68842634258244
327.8,33.99787509813374
328.0,35.43499315411942
328.2,35.74995219348375
328.4,33.938224936666266
328.6,33.92971474668985
328.8,34.618518366660176
329.0,34.83126672090326
329.2,33.602373486956985
329.4,33.38317363887757
329.6,34.316884111971326
329.8,33.27934472254162
330.0,33.10184033386771
330.2,32.71455573624119
330.4,31.42933683550482
330.6,31.964851747524254
330.8,31.43725308789779
331.0,30.92363368569947
331.2,32.84711735953677
331.4,32.7972517586684
331.6,32.38877309024058
331.8,32.18386450667117
332.0,32.631230221199445
332.2,31.844228846523833
332.4,31.915215796930948
332.6,32.6090826872128
332.8,32.32878951948241
333.0,31.909598716419637
333.2,32.93865501351422
333.4,32.881525863552966
333.6,33.21705568284792
333.8,34.03546575768209
334.0,34.95501815363487
334.2,34.69618928157347
334.4,35.046214579146856
334.6,34.4306190945876
334.8,34.77770400588219
335.0,34.78559652258688
335.2,34.65040229218061
335.4,34.10933904283779
335.6,32.78876109477351
335.8,33.70075473203216
336.0,33.71518520334285
336.2,33.235982466557154
336.4,33.692235961119515
336.6,32.96522292034502
336.8,32.44163709852033
337.0,31.609179349851352
337.2,30.18921497858362
337.4,31.74829847014323
337.6,30.870761009471444
337.8,29.953113603093012
338.0,29.369450603830213
338.2,28.2647298146323
338.4,28.972565940920237
338.6,29.194322454198552
338.8,29.747370709466967
339.0,31.012019722747112
339.2,30.13638163136832
339.4,30.519950361126842
339.6,29.868394297585816
339.8,31.594613718205387
340.0,32.27691077313474
340.2,32.355288255502884
340.4,32.162841311385826
340.6,32.493101704983644
340.8,32.690904534093605
341.0,32.79904552074756
341.2,32.955980419467956
341.4,32.03139986577061
341.6,32.267309613286365
341.8,31.05641602927332
342.0,31.943282033847357
342.2,31.987443574821988
342.4,31.32682804752966
342.6,30.90052649965446
342.8,31.91600188454407
343.0,31.847602288274647
343.2,31.387380752188804
343.4,32.58163650087898
343.6,32.66261386870018
343.8,32.235567290325235
344.0,32.14160774432524
344.2,33.17719575054185
344.4,31.97609255212192
344.6,32.08304546307645
344.8,32.28578004636864
345.0,32.884629309809974
345.2,30.10317955676481
345.4,28.787350532871013
345.6,29.405253294418404
345.8,29.678947289603478
346.0,29.100354526219068
346.2,30.236740895879535
346.4,30.65772645475032
346.6,29.78176240295945
346.8,29.147208351765986
347.0,28.27544236056141
347.2,28.469776167000678
347.4,27.870135576960866
347.6,28.165952514098326
347.8,28.118970317683853
348.0,26.93374118471908
348.2,28.635079903877276
348.4,27.165856504574126
348.6,26.66254239262033
348.8,26.914068719298754
349.0,25.951101354140196
349.2,26.30720810595198
349.4,24.989533836843254
349.6,26.414884278512694
349.8,26.421290679153365
350.0,27.49996840933086
350.2,27.923040935169645
350.4,27.17595765842185
350.6,27.645384034084014
350.8,28.119698430064194
351.0,27.381975759110865
351.2,26.948944564014777
351.4,27.387024724526018
351.6,27.31926767684286
351.8,27.536868610264765
352.0,26.739169049412478
352.2,26.823468686953298
352.4,27.361830539664926
352.6,27.49615884452823
352.8,27.47824747978562
353.0,27.647094192415857
353.2,27.15507952209962
353.4,27.497465813488716
353.6,27.114998024267862
353.8,28.609651855712116
354.0,29.301655488155095
354.2,30.37100532558755
354.4,31.55242507067653
354.6,31.604817138295758
354.8,32.78939024209263
355.0,32.86333047512025
355.2,34.18110792738428
355.4,33.677369875151825
355.6,32.18604358762671
355.8,31.975755176228038
356.0,32.89802037116895
356.2,31.49840035814579
356.4,31.385307763849625
356.6,30.745770184744114
356.8,30.67915924842967
357.0,30.53999725550115
357.2,30.6808220851209
357.4,31.566164969552815
357.6,31.360780400645428
357.8,31.163598908662273
358.0,32.44618061222177
358.2,32.21706166249733
358.4,31.42136375148069
358.6,30.485551485746633
358.8,29.62274613942331
359.0,28.727859842873453
359.2,28.638376208792753
359.4,28.425072784060326
359.6,27.788836475598636
359.8,27.874968341928405
360.0,27.681771222397135
360.2,28.006370031505018
360.4,27.89984273144919
360.6,27.951814830025757
360.8,27.097223623824654
361.0,26.864777074892665
361.2,27.865391431247282
361.4,27.122897011465753
361.6,27.331887325994067
361.8,27.998238399251353
362.0,27.77392482111321
362.2,27.785121390009706
362.4,27.377551161217987
362.6,27.77234179488063
362.8,28.4699957320529
363.0,28.54882211166483
363.2,28.405971481469567
363.4,29.08918384498974
363.6,29.235896685188298
363.8,30.033526255506757
364.0,29.609349607983397
364.2,29.10423028218269
364.4,29.87496023584267
364.6,29.459736309380386
364.8,29.634513695547593
365.0,30.144376202895362
365.2,29.789575271570744
365.4,28.645777226552994
365.6,29.166694906050402
365.8,28.2177900996186
366.0,28.81568679084409
366.2,29.113179598664583
366.4,28.732002325531887
366.6,28.002569059870865
366.8,27.904389607898295
367.0,28.194782453795924
367.2,28.729276283132677
367.4,29.001852693211916
367.6,28.72131272174733
367.8,27.539079170460074
368.0,27.626827223235804
368.2,29.194755990077816
368.4,29.02922067522709
368.6,29.13586264005346
368.8,28.768502431819183
369.0,29.171511426989674
369.2,28.330134361832723
369.4,28.217868779157417
369.6,28.21159411329026
369.8,27.711223305841912
370.0,26.67164438589105
370.2,27.034526796188242
370.4,26.53507104486009
370.6,25.854796404446425
370.8,26.020033288606644
371.0,26.650444822412705
371.2,26.38290942263598
371.4,26.409840497264966
371.6,27.06683229438849
371.8,27.145367277864633
372.0,26.87316984956002
372.2,26.5822382674528
372.4,27.362182815727945
372.6,26.340964961381445
372.8,25.462533738369338
373.0,25.22629625241168
373.2,25.021174615350912
373.4,25.20814461539985
373.6,25.302561017868356
373.8,25.722301202820177
374.0,25.115702894732035
374.2,24.562947018553825
374.4,24.32685602397718
374.6,24.24358481049307
374.8,24.731912380931593
375.0,24.651176844088933
375.2,24.53593171030046
375.4,24.55192028642728
375.6,24.25710102752393
375.8,24.672259977223607
376.0,24.935472440350487
376.2,24.359798133661794
376.4,24.149396244476367
376.6,24.343809390387776
376.8,24.503262025750484
377.0,25.720493773144433
377.2,26.560277136148343
377.4,25.821840783743895
377.6,25.008338578337288
377.8,25.05240504179312
378.0,25.12300107549798
378.2,25.241378874961228
378.4,26.071942115073725
378.6,25.33746480129279
378.8,25.118825331161755
379.0,24.806933789248564
379.2,24.633442117767117
379.4,25.17395044884929
379.6,24.931346515802698
379.8,25.06054366133144
380.0,25.394704925698754
380.2,25.40006133521784
380.4,25.645201444614937
380.6,25.03666485088925
380.8,25.661806675529544
381.0,25.34645642637292
381.2,24.65534732940906
381.4,24.638141141415947
381.6,24.55599772650261
381.8,25.045826559624018
382.0,25.519042444537043
382.2,25.074634903808317
382.4,24.790311156232168
382.6,24.548622991002027
382.8,24.85370531100482
383.0,25.434357789634472
383.2,23.943408476221208
383.4,24.21152869461437
383.6,23.713213154864185
383.8,23.525962509924916
384.0,23.013178389428774
384.2,22.127570747877662
384.4,21.65818757553383
384.6,21.276274269990928
384.8,21.606530981687495
385.0,22.425226309901657
385.2,21.959714400446018
385.4,22.39141734851092
385.6,23.216000437496596
385.8,23.63100180988529
386.0,23.72146262236427
386.2,23.69713808661413
386.4,23.745300368348552
386.6,23.409752470481674
386.8,23.714289145266175
387.0,23.929329687272617
387.2,23.805220705255245
387.4,23.60594823730583
387.6,24.00513855585235
387.8,24.39204614959623
388.0,24.28872595834685
388.2,23.79685240388212
388.4,24.217031050073636
388.6,24.268162722153384
388.8,24.763979674883018
389.0,25.9675485887536
389.2,25.21743978539908
389.4,24.489629893205546
389.6,24.952370713453263
389.8,25.282988917232988
390.0,24.524759983446668
390.2,24.215597538839777
390.4,24.04070219242302
390.6,24.536925369878425
390.8,24.545227882377148
391.0,25.571462884245108
391.2,26.913699222233106
391.4,26.667020299925447
391.6,25.85390328587877
391.8,25.83737600542916
392.0,25.640562650910333
392.2,26.083142063182517
392.4,26.792123024061247
392.6,26.85110761590474
392.8,26.4284584659638
393.0,26.353989913165705
393.2,26.137691528342746
393.4,26.417566494076254
393.6,26.378032560494038
393.8,26.637375500148973
394.0,27.25522781161347
394.2,27.82462343391621
394.4,28.460136258710552
394.6,27.993239563021646
394.8,27.939563773319453
395.0,27.895238190130808
395.2,28.095358488023262
395.4,27.01522960100176
395.6,27.132630034552434
395.8,26.906548372528025
396.0,26.792744488419658
396.2,25.887402359878347
396.4,26.163508166183984
396.6,26.866611078178675
396.8,26.74044898242449
397.0,26.645728378752075
397.2,27.076106101967675
397.4,27.504157160274527
397.6,28.218042597929866
397.8,28.754498160027588
398.0,29.460896198417377
398.2,29.47227686817966
398.4,29.58983695494183
398.6,29.15835900077854
398.8,28.804325705625224
399.0,28.28678766377877
399.2,27.48769373972939
399.4,27.297670283728927
399.6,27.101495957330194
399.8,26.84104561057947
400.0,27.171642026523074
400.2,27.77349097706447
400.4,26.516726364919414
400.6,26.120455265882914
400.8,26.046682431748227
401.0,26.995969894586267
401.2,25.784902669487877
401.4,25.99458888996509
401.6,25.73517887473703
401.8,26.29021116848646
402.0,26.218151893647125
402.2,27.585543690182828
402.4,28.01543968045454
402.6,28.817968266231986
402.8,27.672208236674866
403.0,26.589996098826756
403.2,26.287513228776568
403.4,26.82057669437876
403.6,28.1215208773691
403.8,29.600422284356966
404.0,28.797241137692303
404.2,28.846516611403338
404.4,29.785635846732493
404.6,29.766433223283798
404.8,29.34510500243182
405.0,29.77770421119284
405.2,29.18926199458818
405.4,28.69847901207017
405.6,27.19883291414268
405.8,27.22937353690678
406.0,27.030718499748964
406.2,27.59727429150786
406.4,27.740316192044432
406.6,28.772113072845464
406.8,28.96857823667363
407.0,29.645478931952596
407.2,31.28880292736055
407.4,31.652528395332972
407.6,32.228161840891424
407.8,32.92754365718356
408.0,33.575043038071705
408.2,34.06778245007885
408.4,33.278269701148396
408.6,33.780529834906076
408.8,33.72891920765093
409.0,33.363512626774096
409.2,33.64365599668835
409.4,34.826324708051786
409.6,34.888157691592724
409.8,34.73541007710518
410.0,33.9803249594094
410.2,33.86268759604757
410.4,33.98039117129613
410.6,33.87164123083667
410.8,33.80517928549315
411.0,33.43789186011956
411.2,35.60246629774606
411.4,35.426592107477916
411.6,34.635957542585416
411.8,35.1116236876316
412.0,36.372363421067746
412.2,37.614777194081526
412.4,37.84877228051226
412.6,36.20547301737289
412.8,35.68269477032501
413.0,35.3847993169058
413.2,34.33428373925895
413.4,33.57423522374705
413.6,34.51731944788468
413.8,34.257829493177766
414.0,34.80832809949146
414.2,33.94954107671931
414.4,35.01349246278725
414.6,33.36938719098543
414.8,34.791706568972636
415.0,35.74171039266482
415.2,36.13479016087786
415.4,36.86925691677552
415.6,36.60008601246147
415.8,35.50573488014141
416.0,35.57340783408766
416.2,36.36049933583927
416.4,36.472445393121966
416.6,36.04358920328976
416.8,36.08870132761429
417.0,36.13843305188991
417.2,34.91724332398881
417.4,34.804351126213184
417.6,34.389807524189806
417.8,33.23764643059518
418.0,33.696192627902214
418.2,34.431141381793196
418.4,33.32674218622784
418.6,32.98555204530882
418.8,33.04006754073282
419.0,32.68803440168678
419.2,32.858954816503704
419.4,31.55377486402196
419.6,29.77762417326367
419.8,30.66057054008693
420.0,30.547994228932993
420.2,30.638345296007774
420.4,29.89306162026597
420.6,30.08475558243504
420.8,31.2866126560481
421.0,30.833371587491815
421.2,31.832170581686285
421.4,31.677217813833366
421.6,32.00545771791715
421.8,32.33313985231857
422.0,31.22287637515597
422.2,31.89086058779509
422.4,30.623436062740495
422.6,31.377851480075577
422.8,31.99439796724033
423.0,31.10837394799946
423.2,31.283182967744043
423.4,31.414746042215107
423.6,30.015233575947363
423.8,30.056369380698747
424.0,29.860581001461313
424.2,31.328428670680374
424.4,31.581264633690033
424.6,31.66376237211887
424.8,32.708894775468146
425.0,32.447598838967295
425.2,32.52166970667551
425.4,32.72886166224181
425.6,32.53152767326413
425.8,31.52536265591349
426.0,30.673585884047746
426.2,30.344205502509844
426.4,30.724120594276172
426.6,31.26198244509341
426.8,31.120185627977378
427.0,31.2691860969147
427.2,31.567722268954448
427.4,31.854341936937914
427.6,32.029925273951676
427.8,32.77861194287603
428.0,33.1655213911149
428.2,33.98631825271029
428.4,33.82628992493761
428.6,32.90699629994603
428.8,33.948878069484984
429.0,34.349894980669866
429.2,34.91044922583808
429.4,34.357758780132734
429.6,32.726729991912215
429.8,32.73609237738486
430.0,32.56620713757941
430.2,32.29626827579263
430.4,32.485841122833456
430.6,32.18554236506122
430.8,32.4061999344362
431.0,33.04074466605182
431.2,33.42365765047385
431.4,33.1995580493526
431.6,34.38483020168651
431.8,33.66017184896203
432.0,33.65811184171513
432.2,32.96454446083962
432.4,32.43121937233873
432.6,33.53382249822509
432.8,34.075486749128544
433.0,35.872791100302244
433.2,34.01540131279603
433.4,34.25006281956631
433.6,35.062957296504706
433.8,34.51134363786545
434.0,34.51440852399132
434.2,33.706486519822896
434.4,33.291662224161456
434.6,32.40920608242214
434.8,32.1050069224487
435.0,32.61526493420967
435.2,33.11411834214569
435.4,33.74523529234815
435.6,33.77908949603457
435.8,33.4290373225998
436.0,33.808729514980904
436.2,33.5363725973991
436.4,34.096744458338165
436.6,33.95683209596123
436.8,33.30564063907768
437.0,31.802096913255596
437.2,31.57450338216787
437.4,33.01694668469787
437.6,34.12651430643685
437.8,33.081725901934384
438.0,33.09296213938262
438.2,33.48167422205052
438.4,33.47748364794115
438.6,32.82409623551328
438.8,32.11105866808757
439.0,32.28082787873334
439.2,31.903111318937665
439.4,31.422192452877425
439.6,32.309199323721906
439.8,31.537301109672665
440.0,32.33984035374655
440.2,31.78263565267605
440.4,31.412629812229405
440.6,30.936781215925446
440.8,30.827500740032995
441.0,29.548838392900354
441.2,29.292526127633852
441.4,29.985915426642187
441.6,29.158681628348567
441.8,29.512677918989336
442.0,28.774202951249144
442.2,29.614808150092706
442.4,29.234200333216446
442.6,28.772683504567844
442.8,29.257087465346316
443.0,29.710886232216737
443.2,29.083681288300347
443.4,29.225076959679292
443.6,28.251621029930327
443.8,28.80502887797578
444.0,27.772621064655297
444.2,27.235618417455647
444.4,28.295770097317018
444.6,27.34050538937915
444.8,28.582936930641466
445.0,28.58331753993508
445.2,29.1489031098328
445.4,30.42668977916852
445.6,30.034260847954247
445.8,30.536427745883394
446.0,31.455948526888307
446.2,31.54722468994716
446.4,32.82326331799125
446.6,31.771956176461064
446.8,31.73335152333796
447.0,32.33741664415954
447.2,33.33385390792978
447.4,33.01866955285968
447.6,33.1381308304553
447.8,32.471849027635876
448.0,32.01652956146442
448.2,31.43301087482259
448.4,31.710797474305643
448.6,31.429650977612063
448.8,31.24042583736891
449.0,31.47759526802909
449.2,32.28960595927957
449.4,32.88601907357427
449.6,32.97799334440568
449.8,31.297616091805097
450.0,31.810187999302187
450.2,32.30151469582427
450.4,32.78265300437134
450.6,31.97448809032945
450.8,32.02575349017814
451.0,32.08959655404826
451.2,31.887753164320877
451.4,31.666005833793566
451.6,31.97613972187183
451.8,32.46376462671411
452.0,32.716514491211335
452.2,32.75809186614066
452.4,32.696201316773454
452.6,31.71337165656211
452.8,31.451369002546215
453.0,32.21650189659796
453.2,33.372345782638334
453.4,33.345810182742206
453.6,33.55088863739208
453.8,33.31304329571684
454.0,32.72118645795811
454.2,32.51300031478807
454.4,31.466481906684116
454.6,32.91119127713092
454.8,32.933138952087745
455.0,32.35773483237099
455.2,30.416564359931368
455.4,29.931156717224248
455.6,29.021267120525177
455.8,29.999793327933673
456.0,30.40283415125444
456.2,30.769318955031526
456.4,30.690781985048247
456.6,30.478911982347228
456.8,30.341638871370176
457.0,30.73760937688946
457.2,30.16496288520381
457.4,30.870406600334434
457.6,30.78279986465041
457.8,31.542308006384694
458.0,32.2313016113032
458.2,31.847811710223958
458.4,32.471780424723285
458.6,33.37287857356288
458.8,33.01075411671996
459.0,32.61119020527703
459.2,31.67701960369271
459.4,31.287196497277726
459.6,31.677602324826605
459.8,31.987288519038046
460.0,32.113077634672464
460.2,31.059575033322517
460.4,30.410801661020205
460.6,30.152592715773032
460.8,29.831644282441076
461.0,30.48872702937833
461.2,29.943159370439027
461.4,29.58215299482376
461.6,29.38379676256833
461.8,29.120729683042246
462.0,30.43804265052796
462.2,31.49490440994554
462.4,32.26108307930821
462.6,33.59806793605858
462.8,33.511354556115236
463.0,34.45629220405185
463.2,33.517254211080406
463.4,33.0889532539321
463.6,33.14843920360036
463.8,32.03287150299705
464.0,31.909308337062647
464.2,32.150142664404264
464.4,31.114768683893097
464.6,31.946611395154576
464.8,32.19371079086384
465.0,32.57397492731409
465.2,31.409281297070205
465.4,31.818285878878598
465.6,31.946490547008054
465.8,31.426330209383416
466.0,31.097729214918036
466.2,32.02586789784951
466.4,30.52426660321305
466.6,31.96645508197307
466.8,33.0229378950432
467.0,33.44446791185837
467.2,32.69805216675803
467.4,31.755867915232376
467.6,31.96493066560833
467.8,30.707177767310093
468.0,30.55694421414743
468.2,30.038717452830323
468.4,29.10053819241627
468.6,29.38390803227343
468.8,29.386798726187674
469.0,28.11850083052841
469.2,29.00892156671414
469.4,27.51892726300227
469.6,27.77243160382181
469.8,27.95106967280752
470.0,28.109783282004344
470.2,28.12492648193019
470.4,29.01245362152784
470.6,29.472185574228593
470.8,29.447052913263896
471.0,30.75648061405962
471.2,30.92475638681933
471.4,31.30141680936918
471.6,31.53504346992615
471.8,31.518731441137877
472.0,30.87520035388264
472.2,30.576047663741992
472.4,30.02040940617064
472.6,29.05693582899088
472.8,28.952624133953016
473.0,29.256870397102585
473.2,29.595359438741944
473.4,29.993132071657953
473.6,29.202907875890336
473.8,28.87502819387595
474.0,29.218788407795092
474.2,29.718878783141474
474.4,29.228361514044657
474.6,28.45986588422925
474.8,28.40375288101043
475.0,29.138615841950042
475.2,28.19288907279052
475.4,28.072547666227898
475.6,27.723021253907124
475.8,28.064569578143136
476.0,27.995677032697095
476.2,27.765675775789447
476.4,27.829510170746
476.6,28.249051624163286
476.8,27.745264105167344
477.0,28.172027169315434
477.2,27.954850126591634
477.4,28.668073674825756
477.6,29.462334597993653
477.8,30.100941320433172
478.0,31.022108621583445
478.2,30.30788848027852
478.4,30.128239353747873
478.6,31.236960457562176
478.8,31.187127475886314
479.0,30.36968821012104
479.2,29.610444168195528
479.4,30.570487432337497
479.6,29.76479097685675
479.8,29.522651451565043
480.0,30.400906223090608
480.2,29.46059892707352
480.4,29.41100428549067
480.6,30.126782658081762
480.8,29.67013250257988
481.0,28.788542356272913
481.2,29.078143846614488
481.4,29.907281341099026
481.6,29.708472295429303
481.8,30.16630636831135
482.0,30.364103768932623
482.2,30.98054317760569
482.4,30.508516796741965
482.6,29.2129497006905
482.8,30.599575085652848
483.0,31.990292843126976
483.2,31.835010131177714
483.4,32.203433755338494
483.6,31.86644595790996
483.8,31.83074139837612
484.0,31.757114348175328
484.2,31.7968924508275
484.4,31.049158934022522
484.6,30.374136792743993
484.8,30.376145353502693
485.0,31.51338308066897
485.2,31.07999255322982
485.4,30.375184081680988
485.6,29.737068660822207
485.8,29.084849595794594
486.0,28.457821549025844
486.2,28.68745826611623
486.4,29.27721017509253
486.6,30.17207296601764
486.8,30.28332984804642
487.0,31.271125211113517
487.2,31.586240070860306
487.4,31.57891223203122
487.6,32.09858583954282
487.8,31.613615311983814
488.0,32.00967661048083
488.2,32.43239062780854
488.4,32.48043980086016
488.6,31.81289145509168
488.8,31.811421798612585
489.0,32.01743533754094
489.2,31.81181369005167
489.4,32.69808660902035
489.6,32.53280732726543
489.8,33.08313608287427
490.0,31.638813430754208
490.2,32.125348472218384
490.4,32.394664167349035
490.6,31.316912387000816
490.8,30.892305836761324
491.0,31.333460780361577
491.2,31.86037793508353
491.4,33.22869588620881
491.6,32.390612656878226
491.8,31.34772915397909
492.0,30.398308891929318
492.2,31.11533023757648
492.4,30.990310917240166
492.6,30.911918170849194
492.8,31.429153115039504
493.0,31.52303227775863
493.2,32.8626767388874
493.4,31.959417044078453
493.6,32.64854808652394
493.8,33.115620223594576
494.0,32.376200320049065
494.2,32.69707258200613
494.4,31.41318671301987
494.6,30.704703639609953
494.8,29.63441419488795
495.0,29.505391506697144
495.2,30.82227219950446
495.4,29.651244832741387
495.6,29.53438351469265
495.8,30.273846262177962
496.0,31.084620343794857
496.2,30.765845197099218
496.4,31.448729805450508
496.6,31.76034416503533
496.8,31.19125039455852
497.0,32.69941216419274
497.2,33.45269089768364
497.4,33.259765050981336
497.6,34.13971352429342
497.8,34.53581494221497
498.0,34.528763323285084
498.2,34.84207903162297
498.4,33.88564133316279
498.6,33.67085241356556
498.8,33.60494208041476
499.0,34.93434439716738
499.2,34.81601697297629
499.4,34.23415931991575
499.6,33.09252612368697
499.8,33.291197778803735
500.0,33.78112530239048
500.2,33.65197689562437
500.4,33.551405150029304
500.6,32.67290839422043
500.8,33.385329447298
501.0,32.68866658829865
501.2,33.31995628200121
501.4,33.36359277627792
501.6,33.688353750706035
501.8,33.11183543604192
502.0,32.7134182526906
502.2,32.70400463761371
502.4,32.656425856931484
502.6,32.798860199019366
502.8,32.58348419696015
503.0,32.74835125275797
503.2,33.77357368701641
503.4,34.49085915059401
503.6,33.35736309935531
503.8,32.81157169015712
504.0,33.60576451635991
504.2,32.69591182722976
504.4,32.720225574597876
504.6,31.82168131024588
504.8,30.866924340822838
505.0,31.060881040942448
505.2,30.138393153994603
505.4,29.861912701627244
505.6,30.667202104182106
505.8,30.78071114891381
506.0,30.15644809171631
506.2,30.49567246678349
506.4,30.14152553712538
506.6,29.502033611559032
506.8,29.90924450615879
507.0,30.20780519854805
507.2,31.02451406985402
507.4,31.751279796182658
507.6,31.400594966363897
507.8,31.088545348542738
508.0,30.195811498271024
508.2,30.35452060900068
508.4,29.16593497611428
508.6,28.06632867965994
508.8,28.714847222318202
509.0,29.699216661683
509.2,30.85996459407344
509.4,31.041804420699147
509.6,30.493481143905132
509.8,31.308585767690545
510.0,30.859426078712985
510.2,31.393156902497598
510.4,30.673732265647406
510.6,30.95365965874751
510.8,31.68007487054275
511.0,31.35420945522253
511.2,30.783275308513197
511.4,31.093116999883353
511.6,30.670368873616184
511.8,31.908933180429727
512.0,32.39643478998108
512.2,31.963637459286222
512.4,31.609121048241448
512.6,31.029126631863363
512.8,30.62753536261532
513.0,29.404145498642244
513.2,29.38466725524879
513.4,30.395168773016152
513.6,31.343432145946593
513.8,32.3938121229225
514.0,32.63884127176824
514.2,32.92012293529217
514.4,33.38077684475543
514.6,32.81071962911377
514.8,32.25367328060572
515.0,31.86814970088203
515.2,31.90909113891997
515.4,33.0385556053968
515.6,31.82880667696551
515.8,32.10481513765405
516.0,31.837390114867926
516.2,31.313178081800032
516.4,30.640643585849187
516.6,30.172935077421666
516.8,30.17396180328238
517.0,30.317267384804353
517.2,31.76051763234298
517.4,30.9461667590221
517.6,30.97398519135906
517.8,30.816340215021548
518.0,30.44186046849143
518.2,32.598657178928455
518.4,32.812117947638185
518.6,32.544819224620724
518.8,33.09760467219263
519.0,32.3010821493873
519.2,31.847897771946524
519.4,31.634661331983054
519.6,30.628487310957144
519.8,30.540545392890547
520.0,31.101461459747405
520.2,31.350781273811066
520.4,31.054101029651804
520.6,31.058024819961805
520.8,30.288980678669596
521.0,30.561713692751052
521.2,30.67321786925404
521.4,31.106545132309723
521.6,30.875493059695977
521.8,31.068397402911167
522.0,29.65633018206487
522.2,28.97160404889206
522.4,29.293155094485126
522.6,28.890491101143546
522.8,28.882853328782044
523.0,29.184973939151547
523.2,29.398132960137147
523.4,28.599417758883504
523.6,28.539771206260678
523.8,28.1139463965331
524.0,27.93681535459772
524.2,27.499698132092032
524.4,26.71082442088599
524.6,26.344953107853108
524.8,26.934164566934406
525.0,27.11254893450308
525.2,26.443118637908224
525.4,27.453662586170424
525.6,27.634999956858444
525.8,27.462507411179242
526.0,27.451095619313158
526.2,26.994544385916086
526.4,26.28736197176678
526.6,27.066096382775573
526.8,28.102776929908956
527.0,28.270890267925147
527.2,28.88281646635853
527.4,28.637773480147423
527.6,28.901518612634675
527.8,28.870094173205935
528.0,27.98106849947451
528.2,28.630141391740835
528.4,30.20799378863583
528.6,30.37853365367858
528.8,29.339817256486338
529.0,30.773281952836612
529.2,31.321409587466352
529.4,30.628390266984034
529.6,30.924461384827108
529.8,32.37514223558146
530.0,33.86468324084112
530.2,33.277090243382325
530.4,34.18013061238459
530.6,32.50308922771418
530.8,32.570904676875536
531.0,32.37921619706953
531.2,34.10831698894426
531.4,33.39218251218943
531.6,31.973956277115043
531.8,33.292676192323505
532.0,33.91956431613703
532.2,32.6629840464792
532.4,33.089733188267026
532.6,32.61371658330993
532.8,32.27404965566989
533.0,31.572977029624518
533.2,30.183711068314313
533.4,29.018009755704092
533.6,29.038200152381055
533.8,29.40379765925989
534.0,30.341704683515253
534.2,32.46051144894192
534.4,32.596918558435874
534.6,34.13396186670207
534.8,34.39993336540916
535.0,34.19857177680507
535.2,33.36837381178573
535.4,31.916280579362745
535.6,32.46003250417542
535.8,31.515445180374556
536.0,30.499829398964728
536.2,30.475967287222147
536.4,30.21814595226402
536.6,30.00656085592077
536.8,28.875103252666076
537.0,29.415891445618993
537.2,28.493784291216496
537.4,29.358422697652845
537.6,30.01983665410688
537.8,29.207345265526484
538.0,28.687656719795594
538.2,28.284852547619987
538.4,28.04550016862944
538.6,26.12557802998103
538.8,26.55411923497614
539.0,27.078656604896704
539.2,26.93777611813622
539.4,27.649554145692825
539.6,27.916222502333948
539.8,28.010999759285728
540.0,27.951245194413307
540.2,27.248408016861276
540.4,27.93430006980992
540.6,28.582647355314556
540.8,29.190072869807754
541.0,29.855558052294825
541.2,29.9934962262336
541.4,30.45109718279955
541.6,29.08455216978124
541.8,28.80323209282367
542.0,29.733891544348545
542.2,29.851747430703846
542.4,30.85279145132874
542.6,31.42004811122819
542.8,31.150480425732546
543.0,30.635863100086787
543.2,31.208150678203292
543.4,31.005706475803592
543.6,30.568648980801292
543.8,31.131856314407372
544.0,30.687402327539267
544.2,30.758812849292255
544.4,30.24898518794767
544.6,30.08782548694672
544.8,29.148110695568782
545.0,29.884929847638602
545.2,29.84852363495724
545.4,30.618840041160105
545.6,30.07429425545862
545.8,28.38324371780045
546.0,29.59951624205698
546.2,28.431607518410775
546.4,28.9836082996867
546.6,29.68620086030373
546.8,29.080634075436915
547.0,29.52283218669537
547.2,30.108531290200627
547.4,29.562875010086454
547.6,30.34637335696699
547.8,28.8265224159846
548.0,30.08054792339668
548.2,30.079276388795904
548.4,31.11035515223184
548.6,31.163319740566664
548.8,30.826888888120173
549.0,30.958973405510033
549.2,30.784731612745475
549.4,31.1786392299688
549.6,32.1934868121191
549.8,32.51802185825328
550.0,32.19044230871249
550.2,33.06422833919534
550.4,32.4402644303842
550.6,32.09735239354486
550.8,30.424403428715085
551.0,30.823645888779847
551.2,30.911695252298315
551.4,31.447816621108565
551.6,29.433140599178486
551.8,29.541146563186732
552.0,30.029671382476778
552.2,30.832991062078055
552.4,30.283766308847973
552.6,30.2721120100032
552.8,32.01950473146012
553.0,32.74886496639516
553.2,32.16077737622067
553.4,32.46167393473381
553.6,31.84266388298341
553.8,30.908649771554227
554.0,30.84198829309271
554.2,30.568848918001713
554.4,29.902831512963978
554.6,30.24037853582197
554.8,29.6627372943458
555.0,29.495122241491366
555.2,29.72822176625867
555.4,29.949397931893532
555.6,29.848742332093376
555.8,27.705335544697203
556.0,27.48294636413386
556.2,27.47991825893017
556.4,28.078140357245864
556.6,28.07092964640573
556.8,29.167101141583345
557.0,29.859209744045593
557.2,30.052254414643784
557.4,28.815986198967497
557.6,29.04119254773144
557.8,29.289891324874027
558.0,29.272133287816914
558.2,28.65222117500646
558.4,28.271404663652838
558.6,28.558144457032558
558.8,27.700646561450213
559.0,29.01039450803235
559.2,28.453125837075284
559.4,27.977461052218562
559.6,28.121130594427292
559.8,29.120194993850422
560.0,28.745184309571556
560.2,29.838322115736
560.4,29.69536664627348
560.6,30.253679615749455
560.8,29.969536901010333
561.0,31.459448606309948
561.2,31.602022406119765
561.4,30.38176599366932
561.6,30.59367761687346
561.8,30.496169584513957
562.0,30.734307138356236
562.2,29.614021761443283
562.4,28.23752370278818
562.6,28.744113098948144
562.8,28.890015568055727
563.0,28.47160925014961
563.2,28.800052163879634
563.4,27.72411835117833
563.6,28.067678702545358
563.8,28.68448598414971
564.0,28.146121283365396
564.2,28.287676939545776
564.4,27.235815595380203
564.6,26.26313768586059
564.8,27.560217752038287
565.0,27.05636023346118
565.2,25.586320474285454
565.4,25.473451637317133
565.6,25.707858306224473
565.8,26.743509734735333
566.0,27.166199287578916
566.2,26.766501968822936
566.4,26.51351518205096
566.6,25.536490220720964
566.8,24.804329041789728
567.0,24.69166983384172
567.2,25.768725436108113
567.4,25.10770406305735
567.6,25.464289281256956
567.8,25.45179125540407
568.0,24.00979382603081
568.2,24.487402838786252
568.4,24.54266327684779
568.6,23.87915466811664
568.8,23.74169625518389
569.0,23.467131311377365
569.2,24.29764498084356
569.4,24.632462746309805
569.6,25.63625053314723
569.8,25.364349108983415
570.0,24.46761729826301
570.2,24.665070336817806
570.4,24.735914258970553
570.6,25.831840206204344
570.8,25.66424075498954
571.0,25.765729044221317
571.2,25.600087010169844
571.4,25.775558715337095
571.6,24.694810110356727
571.8,23.358409176311486
572.0,23.656268084592163
572.2,23.81509298218041
572.4,24.923107847455306
572.6,25.108877717838137
572.8,25.581105142991568
573.0,25.175978970319118
573.2,24.89430021149277
573.4,24.87457835646429
573.6,24.8213455829261
573.8,24.676880804639577
574.0,25.44098036892799
574.2,25.10721029690892
574.4,26.06190786674523
574.6,25.647051611414156
574.8,26.1969341139283
575.0,25.69017713777032
575.2,27.095425564030894
575.4,26.77023063660964
575.6,26.4429898235357
575.8,26.59522094585909
576.0,26.84004523778558
576.2,26.096353706153575
576.4,25.298364353934275
576.6,24.89077187926183
576.8,25.01777840292457
577.0,24.56258084531955
577.2,24.535105229467614
577.4,24.21269526546984
577.6,23.24133096140919
577.8,23.27397616860683
578.0,23.55309732511255
578.2,23.191241570724547
578.4,22.852572271028876
578.6,23.24882433610828
578.8,23.388398765954843
579.0,23.40302831801157
579.2,23.266857908322898
579.4,23.918488766969066
579.6,23.71917484207351
579.8,23.521434189219256
580.0,23.65215451939546
580.2,23.840476642048163
580.4,23.552857199792847
580.6,23.006095079605082
580.8,22.807979208966703
581.0,22.632880727149562
581.2,23.239421630454547
581.4,22.894153582903666
581.6,23.211536322457352
581.8,23.027742207035253
582.0,22.674177611841216
582.2,22.65143154501527
582.4,22.764458422158782
582.6,22.63441829380609
582.8,23.61543208369048
583.0,23.593422514213028
583.2,23.697626794952576
583.4,22.264747686261682
583.6,22.74595106026829
583.8,21.6565595348043
584.0,21.798119109714097
584.2,22.265129517725697
584.4,22.209211051471947
584.6,21.91668326739525
584.8,22.30036634475363
585.0,21.60409729499133
585.2,20.925282166688028
585.4,20.857857175120287
585.6,21.01769977939299
585.8,21.368049952228812
586.0,21.2102082796341
586.2,21.134068128271565
586.4,21.112999372981513
586.6,21.86153107321498
586.8,21.048600619835554
587.0,21.157943192559323
587.2,20.93303126650312
587.4,21.806781480729423
587.6,22.040294375635604
587.8,21.66549843553788
588.0,21.73727143468107
588.2,21.829068341496733
588.4,21.35351158142982
588.6,21.703826476874966
588.8,22.211153786157606
589.0,21.960825714038336
589.2,22.224745883230128
589.4,21.871180946560674
589.6,22.599309600031688
589.8,23.264721101798806
590.0,23.701205879234646
590.2,24.020582642220933
590.4,24.05197109371711
590.6,23.135710043071235
590.8,22.9049555750319
591.0,22.783077873962352
591.2,22.609773331354795
591.4,22.97215971265826
591.6,22.19164044142978
591.8,22.568663886760415
592.0,22.467655954499577
592.2,22.434111362058804
592.4,21.898745843293376
592.6,21.98033567276496
592.8,21.446906664780023
593.0,21.907845549082783
593.2,21.347914365452468
593.4,21.096077554269176
593.6,21.309214548629825
593.8,21.97175920970247
594.0,21.941135079585557
594.2,22.556440952859983
594.4,22.223342906962955
594.6,22.89884948840642
594.8,23.075440934237825
595.0,22.362170316771564
595.2,23.768507081510077
595.4,23.991196148711282
595.6,23.915169848512015
595.8,24.672265145113258
596.0,23.944990292927173
596.2,24.592773277568675
596.4,24.63866001078015
596.6,23.432769432152654
596.8,23.490497712361385
597.0,24.17305519971258
597.2,24.062019236376386
597.4,25.08053263137404
597.6,24.55789539427855
597.8,24.701283721216353
598.0,24.494769300585784
598.2,24.137850248548464
598.4,23.220292268787503
598.6,24.28352700815191
598.8,24.593180316898
599.0,24.509093339754383
599.2,25.58934452451038
599.4,25.374129270026728
599.6,25.87753482431721
599.8,25.315480982712216
600.0,25.881401877878908
600.2,25.376426355840245
600.4,25.430991901374334
600.6,26.402283821725305
600.8,25.878808982301493
601.0,23.546918191029608
601.2,22.988094756918397
601.4,23.31191184057415
601.6,23.554802191244466
601.8,23.455861385946164
602.0,23.558159864984457
602.2,23.249447056579694
602.4,23.73798733182527
602.6,23.11443587290984
602.8,23.53719596856291
603.0,23.269348363903557
603.2,22.65795161892388
603.4,22.79079411630496
603.6,22.63665958029938
603.8,22.99080706738416
604.0,23.199789671846624
604.2,22.76289022000587
604.4,22.372616071399356
604.6,23.470693528019563
604.8,23.856219326389855
605.0,22.883744624289037
605.2,22.495957979725816
605.4,22.619372707514913
605.6,22.769893167858264
605.8,22.600632724933675
606.0,22.88976152237421
606.2,23.821887380336587
606.4,24.055048140650015
606.6,23.482152096286327
606.8,23.46640259202284
607.0,23.438902005078432
607.2,22.529332184553333
607.4,23.375387575737875
607.6,23.167577769449284
607.8,23.297614121720077
608.0,23.28690564786356
608.2,22.794090441748512
608.4,22.968311721801896
608.6,23.715900905323615
608.8,23.668268290729586
609.0,23.45471098267906
609.2,23.00316184736934
609.4,22.650913136438938
609.6,23.097979655510365
609.8,23.365525497027072
610.0,23.621965229655842
610.2,24.035870243688695
610.4,23.98680161379079
610.6,23.763218531727563
610.8,23.709656277456965
611.0,23.618464674984388
611.2,23.22069004253562
611.4,23.231911596741426
611.6,23.270423332093078
611.8,23.594715247515566
612.0,23.58692643032374
612.2,24.2173466726505
612.4,23.958642771082296
612.6,24.22459661608429
612.8,24.362130174192952
613.0,24.63089523831876
613.2,25.098989208807847
613.4,24.335542531259577
613.6,23.563215128022016
613.8,24.151017810409957
614.0,24.193461344050277
614.2,24.813147487693087
614.4,24.832542073298654
614.6,25.225496705053914
614.8,25.696486468315634
615.0,26.45422236156202
615.2,25.97671480516215
615.4,25.64473918796017
615.6,25.97398655257567
615.8,26.75354795022349
616.0,25.522026502256825
616.2,25.700382452777497
616.4,26.21701968867791
616.6,25.076794741712195
616.8,24.99361590587021
617.0,25.820083464752273
617.2,25.41789745656873
617.4,25.130432196063545
617.6,25.18812286712511
617.8,24.804930497996793
618.0,24.83384615767342
618.2,24.374704808106365
618.4,24.7718050830759
618.6,25.163795495329392
618.8,25.7880213344848
619.0,25.466513686728696
619.2,26.45740509604579
619.4,26.41226983342781
619.6,26.763463457999595
619.8,26.808981735046594
620.0,26.210044719257347
620.2,26.116412378513836
620.4,25.513347587959444
620.6,24.771811811300118
620.8,24.35970717266691
621.0,24.33034879942241
621.2,24.750344717906458
621.4,23.877773263637565
621.6,24.650511471823606
621.8,24.184902620518493
622.0,24.532500617464606
622.2,24.638566769317073
622.4,24.42140439991503
622.6,24.25996483007751
622.8,24.496366599244872
623.0,24.477891354631083
623.2,24.34798276182932
623.4,23.422264475132586
623.6,23.492128768116665
623.8,23.442095747463902
624.0,23.74818148967481
624.2,23.575534813092837
624.4,23.360544790099876
624.6,23.339791185556976
624.8,21.540157101548907
625.0,22.273825118811075
625.2,21.358015516589187
625.4,21.431895092972816
625.6,21.915684816081644
625.8,22.22186442430005
626.0,24.011695352766353
626.2,23.722117399877693
626.4,23.797750558853302
626.6,24.092995405453593
626.8,24.123928252307234
627.0,24.03080263819227
627.2,24.263189433736017
627.4,23.9831111253803
627.6,23.95467479894856
627.8,23.581982638594173
628.0,23.456142195009186
628.2,22.561422665454344
628.4,23.125376347170597
628.6,23.51664209010901
628.8,24.329629996278396
629.0,23.963502714730495
629.2,22.688330648878548
629.4,23.199246581835897
629.6,23.56332684928942
629.8,23.30884715441531
630.0,22.176764804624376
630.2,22.514437102190588
630.4,22.132821989038092
630.6,22.919557612285743
630.8,22.594935145038143
631.0,22.71924983609024
631.2,23.910595164207763
631.4,23.231214681071815
631.6,23.127088464431885
631.8,23.421620509629232
632.0,22.69764236476901
632.2,22.666893061396777
632.4,23.106702020524526
632.6,23.88416342163648
632.8,24.934628738915876
633.0,24.80630446192647
633.2,23.838455021195607
633.4,24.06017458029816
633.6,24.79485298574373
633.8,25.53688827430237
634.0,25.49765359157387
634.2,24.63795860136997
634.4,23.736187001221218
634.6,23.795557330648442
634.8,24.598202820165408
635.0,24.020329556061682
635.2,23.89185810816226
635.4,24.78511916481412
635.6,25.602465763295626
635.8,25.266579475294165
636.0,25.184571939117504
636.2,25.29025509863785
636.4,24.915264553873882
636.6,25.295606340400386
636.8,25.282467330626254
637.0,25.406386482135993
637.2,25.27235312203971
637.4,24.90885489131021
637.6,25.69167727107317
637.8,26.66129344251057
638.0,28.06955461154967
638.2,27.94624805159764
638.4,27.72538176274164
638.6,28.660862285999507
638.8,28.901761519670814
639.0,28.7505294972177
639.2,30.08173256367622
639.4,29.314961309317592
639.6,28.34536676013149
639.8,27.656323926949376
640.0,29.000641125950327
640.2,29.882805530939187
640.4,27.9522521693819
640.6,28.51710491829795
640.8,27.16944065977399
641.0,28.00242715466593
641.2,28.192990210765515
641.4,27.625321568705562
641.6,27.649984404055882
641.8,27.314815317834046
642.0,27.1721558960564
642.2,28.18383740314829
642.4,28.988552136266854
642.6,28.410958780335932
642.8,29.4929713326015
643.0,28.90441679790076
643.2,29.11602950718047
643.4,28.894394910248657
643.6,28.42675904169259
643.8,27.950543341828585
644.0,29.047290861477535
644.2,28.728678518747067
644.4,29.095095603898496
644.6,28.498298773131655
644.8,28.780581729002197
645.0,28.94544952756554
645.2,29.180356453930937
645.4,29.45025869726871
645.6,30.05549281603374
645.8,29.716810016265164
646.0,29.193973076256704
646.2,28.874817856903462
646.4,29.585491593946088
646.6,29.621258690478378
646.8,29.33750241799509
647.0,29.9795892259758
647.2,29.56304293729998
647.4,28.860781006792383
647.6,28.589271060513333
647.8,28.35972672172226
648.0,28.844239959440266
648.2,29.41370763732494
648.4,29.255443650318224
648.6,28.433186611759325
648.8,29.121143692455984
649.0,28.75362213986317
649.2,28.97151215469412
649.4,29.057658550906716
649.6,29.06573377204029
649.8,29.61588786431769
650.0,28.212632496891075
650.2,28.28334727037746
650.4,28.590400091920745
650.6,28.365435378943296
650.8,28.585959698181696
651.0,29.41189751253457
651.2,28.810055446459792
651.4,28.072778546161835
651.6,29.336879973177986
651.8,28.681521153960272
652.0,28.350978674840675
652.2,28.547137920817775
652.4,27.605735241885636
652.6,27.72746679743825
652.8,27.003761961863066
653.0,27.71933125425784
653.2,27.22033943747395
653.4,27.3265336258018
653.6,28.06966679766113
653.8,27.102204761110276
654.0,27.692274742026157
654.2,28.428533429921877
654.4,28.558438449366996
654.6,27.955603352323166
654.8,28.563405200878616
655.0,28.975829170683976
655.2,27.476717228608788
655.4,27.25546621123896
655.6,28.580281511162458
655.8,29.306819482804222
656.0,29.765843609564527
656.2,29.56958163627221
656.4,30.054902400710052
656.6,30.28825118792971
656.8,28.74861619140937
657.0,29.334702800165047
657.2,29.377425745002107
657.4,29.601591152175946
657.6,28.90337737354568
657.8,28.840657265302653
658.0,28.056517706460546
658.2,28.465013251731545
658.4,28.233559689180723
658.6,27.89712513599307
658.8,27.81736444172352
659.0,28.025776641629623
659.2,27.70622140912163
659.4,28.712559995959502
659.6,28.870494308828178
659.8,28.35405705164305
660.0,29.054009042474934
660.2,28.53550612441335
660.4,29.073275379775115
660.6,29.29434243375823
660.8,29.279032466073257
661.0,28.269522896429898
661.2,28.67848583147648
661.4,29.316632668430664
661.6,28.980269891188062
661.8,27.694067331154805
662.0,27.935538390785922
662.2,28.176309671133843
662.4,27.722923265081953
662.6,27.399835664006677
662.8,27.75122645012941
663.0,27.464185796162003
663.2,28.255716129380332
663.4,27.37476078741874
663.6,27.069162951648785
663.8,28.188486309809445
664.0,28.055513712159673
664.2,26.882651168712442
664.4,27.344785504598548
664.6,25.822703744405487
664.8,25.9944921585854
665.0,25.700214132942172
665.2,25.49605803159894
665.4,26.104593094221077
665.6,25.936003318665193
665.8,25.345200088151955
666.0,26.117505197457614
666.2,26.586214223806127
666.4,26.733060822607044
666.6,27.026707672819636
666.8,25.959365980193883
667.0,26.949610922761458
667.2,26.904065913496048
667.4,27.38961934066414
667.6,26.751459212506248
667.8,28.037951461252774
668.0,28.119097401613647
668.2,27.015615843951654
668.4,27.331558522832374
668.6,28.101987269567836
668.8,27.133684476364085
669.0,27.525112421880436
669.2,27.455177207463265
669.4,27.156973392055033
669.6,27.165415013435073
669.8,27.25533372041143
670.0,27.250966965935554
670.2,27.268396121715842
670.4,27.160333687177157
670.6,26.844031086571086
670.8,26.539880718410934
671.0,26.292656212939015
671.2,26.302751139546046
671.4,26.84886064488744
671.6,28.04913754076192
671.8,28.736684169390397
672.0,27.982637548035726
672.2,27.939564743410088
672.4,27.938424512426025
672.6,27.077807615936518
672.8,27.5102464151102
673.0,26.84277151382421
673.2,26.304402404809075
673.4,26.09929061691842
673.6,25.535635064003294
673.8,26.519734576617754
674.0,27.071136404677265
674.2,26.32824096975405
674.4,26.388058521732475
674.6,26.809076805163222
674.8,27.37956541606547
675.0,27.08540424267857
675.2,27.532767421677875
675.4,28.04108024727295
675.6,28.0783903188208
675.8,26.874510698178593
676.0,27.380924070983276
676.2,27.693048986024525
676.4,27.38374475705976
676.6,27.39094067131881
676.8,28.383812869575582
677.0,28.631475246105516
677.2,28.147203707874198
677.4,29.994613837611247
677.6,29.699551175509704
677.8,29.709572627126384
678.0,30.174339870540642
678.2,30.958564730044987
678.4,31.45289757747985
678.6,30.14683725632846
678.8,29.3139016757099
679.0,28.92175809110206
679.2,29.599007351421072
679.4,28.904205653813673
679.6,28.70031186995587
679.8,29.31053256706577
680.0,31.08925550377382
680.2,31.614998421187813
680.4,32.374566602038264
680.6,32.4859950416615
680.8,33.11954302594357
681.0,32.4487303949091
681.2,32.42005644388388
681.4,32.0390322625923
681.6,32.20174971236489
681.8,32.35957896693424
682.0,32.33058004761876
682.2,32.85279536577048
682.4,33.41505477411067
682.6,32.96558806668466
682.8,33.48432184231766
683.0,32.60362238548041
683.2,31.841755942469288
683.4,31.089401313563915
683.6,31.832914582437585
683.8,32.964393515909336
684.0,33.96990170730604
684.2,31.94081150926924
684.4,32.06728911876448
684.6,31.030546476017015
684.8,30.778869814698332
685.0,30.451832036597818
685.2,29.686092550354992
685.4,30.359893726983774
685.6,31.362484635356623
685.8,32.47624874742574
686.0,32.33047068991896
686.2,31.495982865617922
686.4,31.495893082297613
686.6,31.908588434217407
686.8,32.160726324414505
687.0,30.886214414580465
687.2,31.10427391023441
687.4,30.774089391597833
687.6,31.3935791294983
687.8,33.01116240906624
688.0,33.53054070837412
688.2,34.38675250192199
688.4,33.8548806930345
688.6,33.88401364226297
688.8,33.38163491708095
689.0,33.852339113218
689.2,33.32795057770238
689.4,33.751560134185
689.6,32.9165156091512
689.8,33.86607983602505
690.0,35.47084220356919
690.2,34.74798823201126
690.4,35.64698181389283
690.6,34.58689817042046
690.8,34.61549529822404
691.0,35.01848835541536
691.2,34.89650870126956
691.4,34.39380122013193
691.6,35.21186680836529
691.8,35.26625534445328
692.0,35.79699715750069
692.2,37.59255486543134
692.4,36.993453397177475
692.6,36.41408631564036
692.8,36.71296881810719
693.0,36.038895520616975
693.2,34.714252974586145
693.4,35.0206713790685
693.6,34.34756494760374
693.8,34.61658042229534
694.0,34.43287183183899
694.2,36.47410324894713
694.4,34.995357739521936
694.6,36.35113117895864
694.8,35.69467197862983
695.0,34.593954425043144
695.2,33.98168053606629
695.4,34.04905927230891
695.6,34.869603768802676
695.8,34.53067768028214
696.0,33.381322706075125
696.2,32.98935136552876
696.4,33.36344546416453
696.6,32.72200790110717
696.8,33.71509208949982
697.0,33.061237123730955
697.2,34.38865918653533
697.4,33.629899940318325
697.6,33.60834738482373
697.8,32.80283536659518
698.0,33.286005861244206
698.2,33.25219104917935
698.4,32.667191045218345
698.6,31.52860977300554
698.8,31.224086139258134
699.0,33.25975281018077
699.2,33.882105741964466
699.4,34.06481040057869
699.6,34.67640268177336
699.8,34.2515573221737
700.0,32.905457053312766
700.2,31.2903889935386
700.4,30.90393395643517
700.6,30.72903519287354
700.8,30.634130817858146
701.0,30.05325565770873
701.2,29.975358246964717
701.4,29.433576151382614
701.6,28.708716124134703
701.8,27.629692449441073
702.0,28.933592352398993
702.2,29.388231326461355
702.4,30.989560899560797
702.6,30.55008583812095
702.8,30.803039220017435
703.0,31.186918050145074
703.2,31.35155516486328
703.4,30.995743168503537
703.6,30.11687014378921
703.8,30.44022024178624
704.0,31.67077878477023
704.2,31.233546787506313
704.4,32.55201095853854
704.6,32.8883230763006
704.8,32.82853364994257
705.0,34.21003442632073
705.2,34.77566607391404
705.4,34.01259309018895
705.6,33.41105702963917
705.8,33.442702288699635
706.0,33.26263634530712
706.2,33.5653484969166
706.4,34.037504124177275
706.6,33.21069549410207
706.8,33.69572094374817
707.0,34.527330297125374
707.2,34.711146959681415
707.4,34.06338761384673
707.6,33.87248874029921
707.8,33.11452297033397
708.0,32.59567584626566
708.2,32.959214703580486
708.4,33.65696592493067
708.6,33.26020637742335
708.8,33.5115329780289
709.0,32.455266997889844
709.2,32.51632015354509
709.4,32.34633113349899
709.6,31.880859509485006
709.8,30.145834372791704
710.0,30.051949654991464
710.2,30.028376235018005
710.4,29.577817652946813
710.6,29.058378186366024
710.8,27.18209192693019
711.0,28.002163724189163
711.2,28.37881170661148
711.4,28.176208619074906
711.6,27.819342170119707
711.8,28.42272726394603
712.0,29.000083772715467
712.2,30.051312979672204
712.4,30.12384530140805
712.6,30.053211634055074
712.8,30.544774248871434
713.0,30.843783831279946
713.2,31.97749080954836
713.4,32.09207532582817
713.6,31.00805042812047
713.8,30.11856191083123
714.0,29.683166400311784
714.2,29.891531951127575
714.4,29.430251548027023
714.6,29.0468007908496
714.8,28.777415820957817
715.0,28.28811221918346
715.2,28.66977641772553
715.4,28.407691405173455
715.6,28.768157127384274
715.8,29.39663196784401
716.0,29.981430619821815
716.2,29.03194798877341
716.4,29.875970377041092
716.6,31.206836155377296
716.8,30.70581459180564
717.0,29.08429376113121
717.2,29.08866568283266
717.4,28.83183143472167
717.6,27.70079560597795
717.8,27.25444159196139
718.0,27.105203919231244
718.2,27.060181369914
718.4,27.26943956502027
718.6,26.389982174772836
718.8,26.443134052884567
719.0,26.553572669041365
719.2,25.660809875255932
719.4,26.181997584794637
719.6,26.0731084482169
719.8,25.352527229723783
720.0,26.121024174952304
720.2,26.03693355584893
720.4,25.52894480513109
720.6,25.712094093141378
720.8,25.738668195266214
721.0,25.777769785376808
721.2,25.514039101662828
721.4,26.25270819176725
721.6,27.25437719492418
721.8,27.777899557972656
722.0,26.87091603525246
722.2,27.537940318685457
722.4,27.089481753537598
722.6,26.406109265158687
722.8,26.88993223751188
723.0,26.13614817293903
723.2,26.139241631159894
723.4,24.92903029654268
723.6,24.080733116339864
723.8,22.678993530968704
724.0,23.524853565228803
724.2,23.408360253764172
724.4,23.386367752305457
724.6,24.2029450188069
724.8,24.557006303749812
725.0,24.76143650058085
725.2,25.032240962909537
725.4,24.767728305049637
725.6,24.0155087857666
725.8,24.13435295803612
726.0,24.069739273532356
726.2,24.700468433278495
726.4,24.979566960243886
726.6,24.208463860351436
726.8,23.92076947689658
727.0,23.74711458953231
727.2,23.9033824295573
727.4,23.6725227566276
727.6,23.62004751473615
727.8,22.842869908919706
728.0,23.141039624031382
728.2,22.9634802689727
728.4,23.43453273688105
728.6,23.783123818490633
728.8,23.047162445916392
729.0,24.074511502354706
729.2,23.501184941039423
729.4,23.11943517247617
729.6,23.29474173498861
729.8,23.57061509377392
730.0,23.60633862277095
730.2,23.381381950933577
730.4,23.103842508625547
730.6,23.301658940424804
730.8,23.737142428962102
731.0,23.800161682833668
731.2,23.86050026746894
731.4,22.99600186684243
731.6,23.38855407325095
731.8,22.89228489903057
732.0,22.892249282581858
732.2,23.247696409325663
732.4,23.115033405625162
732.6,23.409374496697527
732.8,22.837745357434784
733.0,22.376991471736986
733.2,22.706066941525197
733.4,22.30461110374883
733.6,21.672551370443415
733.8,22.175769693038824
734.0,22.008959948667616
734.2,22.06284758933954
734.4,21.891549269103507
734.6,21.454183629232965
734.8,21.511992056920164
735.0,21.612427511000668
735.2,21.456359746426838
735.4,22.058927166134087
735.6,22.572623201251467
735.8,22.030501220940867
736.0,21.899235843254942
736.2,21.550690979399715
736.4,21.92748275141659
736.6,21.558484875004773
736.8,21.08679279538819
737.0,21.141407580371578
737.2,20.744139039226027
737.4,21.496478207760646
737.6,20.534436275087273
737.8,20.904820707262108
738.0,21.078570503679966
738.2,20.85478239938274
738.4,20.792759906936325
738.6,20.888348730997937
738.8,20.706499436164357
739.0,20.275049488358007
739.2,21.102205960869536
739.4,21.66324609376765
739.6,20.798764034871464
739.8,21.435633801982856
740.0,21.0712582562514
740.2,21.36466847076949
740.4,21.663849313850708
740.6,22.443364076321085
740.8,23.73598004842895
741.0,24.045427735118174
741.2,23.414241715364774
741.4,23.589457959958008
741.6,22.66164445077439
741.8,23.969433752082352
742.0,24.047546997897822
742.2,24.40458553797903
742.4,24.368918010146743
742.6,23.615195876484165
742.8,23.250242447053342
743.0,23.57326871483341
743.2,22.60848150534107
743.4,22.43465552904351
743.6,22.62991991345689
743.8,22.527700680938064
744.0,22.507337523232287
744.2,21.786538710066967
744.4,21.374494461296845
744.6,21.611332379529948
744.8,22.570338457144334
745.0,22.366929114691096
745.2,22.13154723071245
745.4,21.460866738983015
745.6,21.17696638266201
745.8,21.979496129712178
746.0,22.94419912506482
746.2,22.878321975420263
746.4,22.82377541433712
746.6,22.216864482168056
746.8,22.154356424873445
747.0,21.728229278332506
747.2,22.742258397234075
747.4,21.931810548225616
747.6,21.68464915642939
747.8,22.761449230272092
748.0,23.799769381147392
748.2,23.523210355808345
748.4,24.02085921732779
748.6,24.92712247261079
748.8,24.50992989136052
749.0,24.01949621373904
749.2,23.79185471053627
749.4,24.285345417839295
749.6,24.642500371645113
749.8,23.696284273099792
750.0,23.390741560666804
750.2,24.304384320902983
750.4,24.63514211007938
750.6,25.427467757927083
750.8,25.198334706682523
751.0,26.245379730793555
751.2,26.837808477680916
751.4,26.974276278351184
751.6,26.78804154263461
751.8,27.105964508188592
752.0,25.7631160321123
752.2,26.211250853684128
752.4,24.96617862218722
752.6,24.151408947505047
752.8,24.623617095680256
753.0,23.372921650791266
753.2,23.695306287437063
753.4,23.995575246224657
753.6,23.69023125676993
753.8,24.23135334883178
754.0,23.89057927816909
754.2,22.16866759669534
754.4,22.29846904729264
754.6,22.36857760696287
754.8,23.087118664923565
755.0,22.978578889270572
755.2,23.582214011176173
755.4,24.187319656117335
755.6,24.571682048918355
755.8,24.990692391174353
756.0,24.832110771039027
756.2,23.949042500260123
756.4,23.318720112051423
756.6,22.27430909221824
756.8,22.78664391366645
757.0,23.28845265914715
757.2,23.07485332279812
757.4,23.567142693752565
757.6,23.857341873880344
757.8,23.238392349378767
758.0,23.10917986446597
758.2,22.777017767441148
758.4,22.716812726163575
758.6,22.775395761582736
758.8,22.470195224090453
759.0,23.259420153150288
759.2,23.89781314710527
759.4,24.420557441792216
759.6,23.893642404903
759.8,24.07293597115407
760.0,24.18571640364268
760.2,23.910061220122305
760.4,24.024845622347726
760.6,24.219796430856604
760.8,23.29507293843195
761.0,23.42715936147849
761.2,24.09235686110224
761.4,23.727473715761107
761.6,23.26239521447867
761.8,23.30690472996345
762.0,24.681366409079896
762.2,24.339876306971526
762.4,24.288240232918945
762.6,23.825430013037273
762.8,24.180337956271856
763.0,24.060980152191796
763.2,23.58129491932534
763.4,23.336517612830825
763.6,23.05872950823963
763.8,22.330625221147695
764.0,22.949504956259293
764.2,23.02395526353574
764.4,23.122837192073142
764.6,22.137420864787632
764.8,22.553386318936465
765.0,23.019743672340685
765.2,22.90425526230585
765.4,23.460192134163766
765.6,23.003148133505924
765.8,23.19560974440914
766.0,22.881524295551348
766.2,23.435615573776467
766.4,23.207537766437028
766.6,22.453957685189167
766.8,22.080272452091133
767.0,22.71311773396814
767.2,22.797905062974586
767.4,24.072938397630704
767.6,24.68454130531505
767.8,24.87719956092375
768.0,24.175719126914178
768.2,24.916257131014934
768.4,24.557536846511454
768.6,24.20111941325077
768.8,24.925638618166836
769.0,24.369446691767095
769.2,24.197731081219654
769.4,24.099708375917984
769.6,24.63321735278647
769.8,25.169818166347284
770.0,25.172712540742836
770.2,24.601533555300712
770.4,25.878913753665866
770.6,25.63992614444752
770.8,25.394516694578243
771.0,25.4981562024375
771.2,25.4133704374363
771.4,25.574787354883995
771.6,26.130764389440635
771.8,27.54960290536252
772.0,27.905743509656077
772.2,27.95029945323574
772.4,27.55921941427885
772.6,27.696372014867222
772.8,27.247445237137743
773.0,27.39563169840952
773.2,27.299266014322004
773.4,26.636568124085017
773.6,25.865189309721416
773.8,26.5252190334183
774.0,26.32212638093312
774.2,26.647586962029386
774.4,25.679620196277796
774.6,26.552773044154165
774.8,26.88165949500011
775.0,28.064264846698297
775.2,27.552088978881244
775.4,27.62941279197928
775.6,26.915061085978962
775.8,27.539487404337436
776.0,27.575110299149795
776.2,28.122410805940362
776.4,28.597136024602495
776.6,28.792965947229668
776.8,27.41447870584772
777.0,26.992059618860335
777.2,25.749140586168817
777.4,25.718811447079787
777.6,25.74815325522483
777.8,26.83165135970317
778.0,26.26639482064086
778.2,26.167645265237446
778.4,25.87648794777701
778.6,26.864301895210147
778.8,26.852323951693194
779.0,26.2189689122356
779.2,26.852083183378408
779.4,25.946737193407863
779.6,25.645557560530573
779.8,26.075317813127693
780.0,26.307688273194124
780.2,26.22478376410524
780.4,25.96730566567333
780.6,25.88877642847661
780.8,26.27828310616045
781.0,26.33823710925771
781.2,25.56942070090626
781.4,25.23112054682256
781.6,26.4621843369879
781.8,26.998047909211596
782.0,26.2230344557203
782.2,26.54500623076395
782.4,26.481963710754428
782.6,25.915456045126586
782.8,25.829899169860973
783.0,25.510934957550337
783.2,25.931300734609053
783.4,25.343284103782537
783.6,25.919487827553805
783.8,25.876036180030614
784.0,26.99122876785465
784.2,26.60118702819458
784.4,26.31017416686458
784.6,26.25162089736059
784.8,25.392430401489197
785.0,25.889251610858977
785.2,25.353700582533595
785.4,26.329733411226748
785.6,26.27043891443478
785.8,26.82752936001661
786.0,28.048055954290213
786.2,28.455142660810587
786.4,29.210155102301528
786.6,27.777595096871806
786.8,29.09880995430118
787.0,29.129732999076744
787.2,28.908999922386375
787.4,28.859337153132806
787.6,27.898935487830787
787.8,28.952654422210763
788.0,28.134867634979734
788.2,28.32106397059837
788.4,27.82052029654389
788.6,27.637751895681074
788.8,27.69831187077187
789.0,28.18013320342596
789.2,29.360255422844578
789.4,29.163597176464215
789.6,29.62183325381212
789.8,28.806529279439232
790.0,28.039407614929885
790.2,27.831062760695918
790.4,28.39560749494077
790.6,29.21221092746324
790.8,29.45908716323558
791.0,28.999678645451517
791.2,28.00430421896118
791.4,28.15347733412166
791.6,27.892407219947234
791.8,27.960981104877437
792.0,28.270548883566754
792.2,28.980344455052787
792.4,29.152811373935123
792.6,27.39246460603026
792.8,27.84719943579195
793.0,27.02919376387741
793.2,26.849638360490758
793.4,27.66754788846322
793.6,28.049538685696845
793.8,26.17342686108149
794.0,26.342562188174657
794.2,26.29328283607328
794.4,26.874622816416238
794.6,27.320347633645504
794.8,27.363443787870324
795.0,27.35217435169828
795.2,27.317247480700658
795.4,26.82044940106622
795.6,27.522955520540748
795.8,29.018414385415085
796.0,29.588247621906444
796.2,29.24323099459629
796.4,28.652174387922905
796.6,27.43809768069915
796.8,28.28090012241519
797.0,27.994145806747106
797.2,28.018960276064917
797.4,28.027460021773358
797.6,28.04238561689082
797.8,28.856554709178056
798.0,27.360991185128604
798.2,27.592565447725704
798.4,28.01453552183868
798.6,27.932082986443824
798.8,28.82824096747559
799.0,30.27112252434181
799.2,30.537278662188015
799.4,32.4292002561021
799.6,33.13084597426127
799.8,32.22273975067104
800.0,30.971545731884103
800.2,31.360891081902903
800.4,31.38061117905935
800.6,30.3880246453192
800.8,29.975403706937453
801.0,29.95109779603236
801.2,30.23731497020464
801.4,30.990858417031056
801.6,31.58574684565486
801.8,30.555134080087257
802.0,30.311580074440897
802.2,30.17167554486975
802.4,29.41830597992794
802.6,28.91097178760384
802.8,28.981584365817376
803.0,29.674635248314154
803.2,30.39751322752615
803.4,30.30463843480831
803.6,29.01697268340325
803.8,28.969790376814657
804.0,29.153463871467924
804.2,28.479731805468575
804.4,28.560099415998984
804.6,29.70547102876345
804.8,30.119854470218282
805.0,30.174772057037956
805.2,30.088893417782963
805.4,30.570872149696665
805.6,30.775324278072667
805.8,30.697317146695017
806.0,30.866521361179448
806.2,30.580310515351567
806.4,30.522196366409094
806.6,30.086097415212464
806.8,29.76135153791791
807.0,29.513485504426015
807.2,29.28590067939174
807.4,29.525913724926873
807.6,30.58290197094909
807.8,31.475818639184368
808.0,31.38745759206448
808.2,32.720320518100365
808.4,32.2516752200996
808.6,32.27712186652808
808.8,33.246030825908875
809.0,33.69992033347231
809.2,34.05827752586547
809.4,33.01525427984312
809.6,33.01851829766739
809.8,32.384232190900526
810.0,31.455065240960955
810.2,32.38671953031978
810.4,31.34794140668397
810.6,31.77801760883089
810.8,31.861978327925613
811.0,31.20703867944642
811.2,30.864675441582573
811.4,31.311303567341614
811.6,31.945611062324282
811.8,32.28869295348376
812.0,32.221822407581826
812.2,31.143649406082755
812.4,31.973969932519715
812.6,31.939274933012985
812.8,31.492898854650306
813.0,31.354801039453935
813.2,31.266838893303806
813.4,31.724376071407207
813.6,32.49060300221433
813.8,31.848796360133157
814.0,30.984172234672975
814.2,30.80016780071451
814.4,30.49498290784236
814.6,30.671822014914
814.8,31.51538264418887
815.0,30.7388313225411
815.2,30.3127995615526
815.4,30.968575639678797
815.6,30.869446385269633
815.8,31.03638483299857
816.0,31.162027992442706
816.2,31.97321759845742
816.4,32.49992037186015
816.6,31.926233351890133
816.8,31.137246878430407
817.0,30.836682052853604
817.2,30.30135723732823
817.4,29.364946937453013
817.6,29.332746490343453
817.8,30.402583131194298
818.0,31.435325119688905
818.2,30.05705317881196
818.4,28.98892235921188
818.6,29.891918625663337
818.8,30.227864926944726
819.0,30.386258553067528
819.2,28.79983570127127
819.4,29.289815460970377
819.6,28.75914586467893
819.8,28.599393327151816
820.0,29.15452308629932
820.2,29.69872970001097
820.4,28.36993996269645
820.6,28.989428141849963
820.8,28.979949213192153
821.0,28.6601768686854
821.2,29.65466695143644
821.4,30.688610039885972
821.6,31.472072900791034
821.8,32.253276535522026
822.0,31.84614347609319
822.2,32.64005923153225
822.4,31.6823972982202
822.6,30.87772537704074
822.8,29.666635865282114
823.0,29.954662652677328
823.2,30.382755036619816
823.4,30.354160839366017
823.6,31.17689592047928
823.8,31.131334506110484
824.0,31.951936907672334
824.2,33.173124888797155
824.4,33.54900831685034
824.6,33.08499686124501
824.8,32.68478462496383
825.0,31.80057232545687
825.2,33.028740379993586
825.4,32.18637837948603
825.6,32.93455631900369
825.8,31.970506202545103
826.0,32.29932014648453
826.2,31.88370486885998
826.4,32.54812440777775
826.6,32.256383669710566
826.8,31.706994553217353
827.0,28.978755567137714
827.2,29.44143511767433
827.4,30.333446928578894
827.6,29.888505350127524
827.8,29.007896932049277
828.0,28.937901784275923
828.2,29.428128714887762
828.4,29.980861944001123
828.6,29.196575620420127
828.8,29.65678106637516
829.0,30.208892434324994
829.2,30.495821187260464
829.4,30.65681438945145
829.6,31.3484519132763
829.8,32.32557664466146
830.0,31.16536754425958
830.2,31.638810577928048
830.4,29.480501878008095
830.6,30.617541465019418
830.8,30.61480760650635
831.0,29.75449858978955
831.2,29.199990351580276
831.4,28.76013141161467
831.6,29.620034984575252
831.8,29.223642856393063
832.0,29.00767461528112
832.2,29.043691369083746
832.4,28.95453072692423
832.6,27.935175471116736
832.8,28.554509372816334
833.0,28.347363467173594
833.2,28.70445452466622
833.4,28.099759497519
833.6,29.015594175181096
833.8,29.24761546720773
834.0,27.285185327490915
834.2,28.247197546990787
834.4,28.25207949375679
834.6,28.547604076069263
834.8,27.879137144131136
835.0,27.01206419670807
835.2,27.391931318533743
835.4,27.421153909858216
835.6,27.719925796020036
835.8,27.811061653737003
836.0,26.49206224526052
836.2,26.35167879867197
836.4,25.879048909131996
836.6,25.309516341700395
836.8,24.518081218681726
837.0,25.488523691101616
837.2,24.776079717622878
837.4,24.224262385413407
837.6,24.365644112173626
837.8,24.49878914327931
838.0,24.842690892470646
838.2,24.19197058079711
838.4,23.994159032017066
838.6,25.02997361665791
838.8,24.882431808006828
839.0,26.097062327628045
839.2,25.702407056854
839.4,25.880865226122918
839.6,25.102513407343498
839.8,25.50564206862714
840.0,24.437965848601632
840.2,24.971371042145076
840.4,24.519586656098138
840.6,24.116141583757923
840.8,24.994827189860786
841.0,24.812375611097465
841.2,24.554440448038044
841.4,24.287958963596708
841.6,24.426814321658156
841.8,23.82586004579297
842.0,22.86335870286824
842.2,23.177878954888016
842.4,23.227552383590677
842.6,23.688965796286844
842.8,23.788966938853427
843.0,23.875537697143514
843.2,23.443482265309882
843.4,23.481326514847737
843.6,24.073307415302978
843.8,23.291772699317974
844.0,23.782881339758283
844.2,22.728339678037514
844.4,22.04348497180769
844.6,22.03935000122682
844.8,22.24720384735089
845.0,22.046106984169093
845.2,22.2726175497271
845.4,22.16459429980421
845.6,22.15997883356891
845.8,21.457747572589554
846.0,21.633035132537334
846.2,21.64107442404715
846.4,21.264072957685634
846.6,21.13399979715581
846.8,21.321215029496486
847.0,20.85181463297377
847.2,20.915856723471236
847.4,20.96135012540249
847.6,21.056530947179468
847.8,21.046018033520085
848.0,20.797924780081747
848.2,21.25400576387598
848.4,21.797332085715095
848.6,22.29062477885982
848.8,22.001170463357926
849.0,22.171319527046684
849.2,22.58425352903703
849.4,23.422063536506922
849.6,23.231579714892515
849.8,23.733352958525877
850.0,23.399054970280716
850.2,22.77629729502888
850.4,22.914283745788563
850.6,22.050260973805663
850.8,21.662700838031125
851.0,21.987665871439273
851.2,21.60497101253761
851.4,21.6100489996837
851.6,21.068052064987064
851.8,21.01411931115876
852.0,21.309088478365005
852.2,22.450817757624733
852.4,21.59926359835537
852.6,22.762115708990432
852.8,22.492686379782107
853.0,22.112548840988676
853.2,21.348479097612035
853.4,21.248223547423372
853.6,21.509938150049944
853.8,21.5550294682932
854.0,21.664129604098626
854.2,21.138712756149317
854.4,20.94475543200916
854.6,21.930810532045207
854.8,22.349767430975906
855.0,22.326707506402958
855.2,22.052600007008017
855.4,22.0975361797249
855.6,22.51101814095811
855.8,21.92853726080186
856.0,22.044940705780377
856.2,21.57981937319954
856.4,21.567258838080697
856.6,21.430807471416795
856.8,21.64334382778545
857.0,21.701614704806662
857.2,22.410577312929
857.4,23.02534614353934
857.6,23.784052162593866
857.8,23.636178685924698
858.0,23.71824346640792
858.2,23.416887585683185
858.4,23.52945913990062
858.6,23.60394390171001
858.8,23.897837688585565
859.0,24.919541402615287
859.2,25.168713565303932
859.4,24.992020888065696
859.6,24.828906499786584
859.8,23.88761900992961
860.0,24.26806722469324
860.2,23.645564849903522
860.4,23.797245957344458
860.6,23.76458291177039
860.8,23.887850101546064
861.0,23.729836785677236
861.2,24.417679530192324
861.4,24.17176660275232
861.6,23.96125699659356
861.8,24.080113961871042
862.0,24.344727643446472
862.2,24.247913243981877
862.4,24.76148904524485
862.6,24.21116902801595
862.8,24.007660182869877
863.0,23.83667957679206
863.2,24.51746361104812
863.4,24.502623605114362
863.6,23.769678270625434
863.8,23.734872121761747
864.0,23.138005862292484
864.2,23.34525152378674
864.4,22.911131551668895
864.6,23.391524148693676
864.8,23.905361773245374
865.0,24.568105458279817
865.2,25.081574811501714
865.4,25.911818551167972
865.6,25.61100248558061
865.8,26.125344764677145
866.0,25.574114381216194
866.2,24.91332474062723
866.4,24.343445809317153
866.6,24.260467776354663
866.8,24.493065499360057
867.0,23.955767880609926
867.2,23.68394726182305
867.4,23.535141556623618
867.6,24.042130423413933
867.8,23.52477797969737
868.0,23.088162728657743
868.2,23.771001100295717
868.4,24.33531311368426
868.6,25.01697510306146
868.8,25.661307224872875
869.0,26.816740182132868
869.2,27.747230823972266
869.4,27.229169434607886
869.6,28.615425710494232
869.8,28.830024798823956
870.0,29.632364000662378
870.2,29.963239100469462
870.4,29.60218769772936
870.6,28.989842984601445
870.8,28.096373922467585
871.0,28.061197926705322
871.2,28.678339118546617
871.4,27.199493687154835
871.6,26.903217359551075
871.8,27.401945872747667
872.0,27.06118475393363
872.2,26.826799083900937
872.4,29.290576002039572
872.6,29.135726915663156
872.8,27.90082494879001
873.0,29.247487405595688
873.2,28.558333267203825
873.4,28.915081886973333
873.6,28.57585662876019
873.8,27.93901413292026
874.0,27.798866755676762
874.2,28.518018253187726
874.4,28.19100460416156
874.6,27.975009180297093
874.8,28.4935323785035
875.0,28.54954545141256
875.2,28.64136639795573
875.4,28.89302863801103
875.6,29.755074194685474
875.8,30.480091548254542
876.0,28.576927500110646
876.2,29.560440910842697
876.4,28.64304072692766
876.6,29.056022518823266
876.8,27.69259472372076
877.0,27.341834183554383
877.2,26.897503389267502
877.4,27.05849022822146
877.6,26.760675816699315
877.8,28.144013627171756
878.0,29.558967213934054
878.2,29.973232572014382
878.4,29.95448555814128
878.6,29.184106434439325
878.8,30.564151121424455
879.0,31.202507291985025
879.2,31.448407695851195
879.4,31.20957286260666
879.6,30.406792936214465
879.8,29.573214104271862
880.0,28.39708344392767
880.2,27.915205861795982
880.4,27.151220514893332
880.6,27.23746248860996
880.8,26.9274645415919
881.0,26.808296612736157
881.2,26.226912334998737
881.4,25.86676999463959
881.6,25.92433691117312
881.8,24.872333929316348
882.0,25.183975442467087
882.2,25.187397147082518
882.4,25.30292235577705
882.6,26.419422672981785
882.8,26.28099051952427
883.0,26.25977002003346
883.2,27.02623005566927
883.4,26.46522417814381
883.6,26.087993708204568
883.8,25.76394591979684
884.0,25.727826503520607
884.2,25.14876175936199
884.4,24.993295297470212
884.6,24.261437183746214
884.8,24.543114370639017
885.0,24.587698435133344
885.2,24.980222276449457
885.4,24.765373077398266
885.6,24.19045856078582
885.8,24.307944582569046
886.0,24.054561717104615
886.2,24.06583811946674
886.4,24.73760973112839
886.6,25.269212082905476
886.8,24.470964275628727
887.0,24.827819188914575
887.2,24.164279514528076
887.4,24.52207702866579
887.6,24.410092707518277
887.8,24.650730616748447
888.0,24.090112053427614
888.2,24.72066070287138
888.4,25.095045148379143
888.6,23.89483526890222
888.8,24.96129545566366
889.0,24.694822640874612
889.2,24.7628832716805
889.4,24.170963702875007
889.6,24.58561758331372
889.8,25.213170877922416
890.0,24.486050458826114
890.2,25.08997868337126
890.4,25.269789702663626
890.6,26.210561093780868
890.8,26.004671267220026
891.0,26.52766214447064
891.2,26.635309600663426
891.4,25.836492471934953
891.6,26.245010437312853
891.8,24.45319993216758
892.0,24.43479654167968
892.2,25.267074205877304
892.4,25.606863374425867
892.6,25.739023127102815
892.8,25.30954379215157
893.0,24.3190060198971
893.2,24.34092871963663
893.4,24.153562429553162
893.6,23.913096324880993
893.8,24.24895925020933
894.0,24.1228935345714
894.2,24.50375050338831
894.4,24.61620527256764
894.6,24.751572112198282
894.8,24.567591247758315
895.0,24.523851901121137
895.2,24.79162421205309
895.4,23.860578648523113
895.6,24.478113622654657
895.8,24.594881461002185
896.0,25.2397156695741
896.2,24.58417003332339
896.4,24.295727640925637
896.6,24.019987198554954
896.8,23.258916680153305
897.0,23.473736113496784
897.2,23.394262799438295
897.4,23.45406030506066
897.6,24.009464174948416
897.8,23.911441074818647
898.0,23.852252122072528
898.2,23.657535403467836
898.4,23.051146102792146
898.6,23.08601377814021
898.8,22.772442056322724
899.0,22.779086852412718
899.2,22.55421637540517
899.4,22.841539622319488
899.6,22.10589789497594
899.8,23.54064046206343
900.0,23.97144435791604
900.2,24.497869899828707
900.4,24.28274632869611
900.6,24.096014398543595
900.8,23.88407719766811
901.0,23.94674299335543
901.2,24.08216164199219
901.4,24.162775315015523
901.6,23.977436898039116
901.8,23.784973935053788
902.0,24.087945122816837
902.2,23.214268687640114
902.4,23.84579406929315
902.6,23.438018133363343
902.8,24.116372957184396
903.0,24.297712097616483
903.2,23.98605738363711
903.4,24.52182910201381
903.6,23.667743927796003
903.8,23.866043219210717
904.0,23.65907654481593
904.2,23.318868350717736
904.4,23.586559060069284
904.6,23.720278008682854
904.8,23.829063769352103
905.0,23.496216754114975
905.2,23.66564162910735
905.4,23.868869112367367
905.6,23.400831713463543
905.8,24.047289188587758
906.0,24.65752341296881
906.2,24.988771408046475
906.4,24.83894807921535
906.6,24.877757405861892
906.8,24.569568370804312
907.0,24.462430717564793
907.2,24.494703129177495
907.4,24.783934057158557
907.6,24.91357258698092
907.8,24.916220707526307
908.0,24.87906866265774
908.2,25.0394242254239
908.4,25.230670015496585
908.6,25.642714954160226
908.8,25.23581419141496
909.0,23.648993884483062
909.2,23.550142466476785
909.4,23.72769945486073
909.6,22.821548437277848
909.8,23.589223943084285
910.0,22.750005670461157
910.2,22.313714027401062
910.4,23.02611713918898
910.6,22.965706349249864
910.8,24.25762372302438
911.0,23.705353729838468
911.2,24.931871892687717
911.4,24.65310948498918
911.6,23.879334538881878
911.8,23.924630035140684
912.0,24.242099246527072
912.2,24.353449208912554
912.4,24.341242329999332
912.6,23.087736989004416
912.8,22.217587880537447
913.0,21.859159553948505
913.2,21.76667426713972
913.4,21.743683948248723
913.6,21.286288570255614
913.8,21.40869189415792
914.0,21.36267190377131
914.2,22.09896909009428
914.4,21.959045759745074
914.6,21.8349783418357
914.8,22.32812615007696
915.0,21.57887471200834
915.2,21.22503815628338
915.4,21.01140921451298
915.6,20.77609522302991
915.8,20.887375880820844
916.0,20.489273078260545
916.2,20.518797775968874
916.4,19.79651706734376
916.6,19.937018951199594
916.8,18.748690598542325
917.0,19.34357081852047
917.2,19.37332603679533
917.4,19.343140723121746
917.6,19.141695524492903
917.8,19.838549092314995
918.0,20.016771026724424
918.2,20.149381144620257
918.4,20.16861748054737
918.6,20.65100767133902
918.8,20.47814034917817
919.0,20.262998719098807
919.2,20.57569643880699
919.4,21.12092423796097
919.6,20.602559679070303
919.8,20.301142541081312
920.0,20.3892703868921
920.2,19.89302296692624
920.4,20.430111388190188
920.6,20.230032604321806
920.8,20.442256345878185
921.0,20.926959700567643
921.2,21.73198218700191
921.4,21.727898066663506
921.6,21.71536906895271
921.8,21.41554858104644
922.0,21.325526481124886
922.2,20.474113272657736
922.4,20.476462081266604
922.6,20.586286689527604
922.8,21.000771796926262
923.0,21.702846629250917
923.2,22.23429297105477
923.4,21.817782500849702
923.6,22.42081169003795
923.8,22.271097730145392
924.0,21.919609530141546
924.2,21.565574389895744
924.4,21.45073050883289
924.6,22.205662398278694
924.8,22.713805959881746
925.0,23.0306674408944
925.2,22.154339746244496
925.4,22.301309784200495
925.6,22.1236940436783
925.8,23.19079191723408
926.0,23.02071450980919
926.2,22.82944820283356
926.4,23.565501396340114
926.6,23.628390086325595
926.8,22.904137533179856
927.0,23.38402369264457
927.2,22.60586382467511
927.4,22.52366724236459
927.6,21.26672136536138
927.8,21.02962840603567
928.0,21.567464275763896
928.2,22.81762112366815
928.4,22.419381253786423
928.6,22.560966357499403
928.8,23.42417296949459
929.0,23.21656807926422
929.2,22.11134940216441
929.4,21.692103901373216
929.6,21.492494348642417
929.8,22.556494898566672
930.0,23.159682336536406
930.2,23.429556863251374
930.4,23.094277041602535
930.6,22.227655154847596
930.8,22.444426597323304
931.0,22.804279172218145
931.2,22.042695044987973
931.4,21.370249780122368
931.6,21.454716883015145
931.8,22.299743070196044
932.0,21.72838014881824
932.2,21.677799884480482
932.4,21.364882039826554
932.6,21.21414792531131
932.8,21.526074891855774
933.0,21.231812857710423
933.2,21.069961265063522
933.4,21.177873754250225
933.6,21.168576923671743
933.8,21.67110524196406
934.0,21.259821475616242
934.2,22.24522581136113
934.4,21.913462410781285
934.6,21.551909453678746
934.8,21.194714144858327
935.0,20.42769486617093
935.2,20.77952142337572
935.4,20.320629386416492
935.6,20.186351548749514
935.8,20.284384650879282
936.0,20.281614764274774
936.2,21.272728807786105
936.4,21.455632874890966
936.6,21.434962472719295
936.8,21.46649066357185
937.0,21.366294739556682
937.2,21.449775594245345
937.4,22.31126815107627
937.6,22.40237524552532
937.8,21.61263970997808
938.0,20.78817740185752
938.2,21.302413298447288
938.4,20.781582357971523
938.6,20.81011270911208
938.8,20.28301853191103
939.0,21.011505493837895
939.2,21.50405155208192
939.4,21.15467488231497
939.6,20.98792033548035
939.8,21.93287129530689
940.0,22.309788152289038
940.2,22.08927920442244
940.4,22.982310081759326
940.6,22.839123136868782
940.8,23.582925449073322
941.0,22.6288032235615
941.2,23.553564272007165
941.4,23.756147247828807
941.6,23.83645930290331
941.8,23.94600070212299
942.0,22.9493251147747
942.2,22.404390021057864
942.4,21.256540030643144
942.6,20.631145617477618
942.8,19.879398409597847
943.0,19.472616169095343
943.2,19.60117751241301
943.4,19.417118147376588
943.6,19.976351102470314
943.8,19.91571551208589
944.0,20.07099010148459
944.2,20.823764922242816
944.4,20.972923408875495
944.6,20.4501637361127
944.8,20.289742122208278
945.0,20.31539328935466
945.2,20.337533278773883
945.4,19.796055273791062
945.6,19.448419180945123
945.8,19.2757108174572
946.0,19.232732242373874
946.2,19.507541353626603
946.4,19.753107269995176
946.6,19.692157352920265
946.8,19.92088167552113
947.0,20.033241014241035
947.2,20.607667251790723
947.4,22.004510872857207
947.6,22.177085066043816
947.8,22.119104278637852
948.0,21.615585097264972
948.2,21.992382426611314
948.4,21.51138929743675
948.6,21.155372338916333
948.8,20.96124592194453
949.0,21.414253802778603
949.2,20.876811112703177
949.4,20.01930885021373
949.6,20.380889940680614
949.8,20.768101581946425
950.0,20.4274080331135
950.2,20.6463409951318
950.4,20.868776692527735
950.6,21.543460307825377
950.8,21.307601111803113
951.0,21.622623395583464
951.2,21.399831469040024
951.4,21.524822701059996
951.6,20.3014091498638
951.8,20.17256073430878
952.0,20.88326419561448
952.2,21.841906177587443
952.4,21.536534084225476
952.6,21.25378749992738
952.8,21.525561562939664
953.0,21.940106460818598
953.2,21.43473542762156
953.4,20.98853987850799
953.6,20.79724339687874
953.8,20.525473516156683
954.0,20.47428815594834
954.2,19.945449048674067
954.4,20.37535858965932
954.6,20.04663275126266
954.8,19.358330291197856
955.0,19.175061300962653
955.2,19.195670976389714
955.4,19.00312611145463
955.6,19.59882210552675
955.8,19.71575730983236
956.0,19.72796176682794
956.2,19.861268070434935
956.4,19.57823057814312
956.6,19.38325320033155
956.8,19.20632446765965
957.0,19.027136494187964
957.2,18.713018563052344
957.4,18.769317287565144
957.6,18.51442549951545
957.8,18.720715300021162
958.0,19.02810672937987
958.2,19.53911869555577
958.4,20.030928880473553
958.6,19.945928695067252
958.8,19.40163947904335
959.0,19.286275520280917
959.2,19.349616581575454
959.4,18.517031502745812
959.6,18.621400218170866
959.8,18.65618191734492
960.0,18.976042772668407
960.2,18.854004101423115
960.4,19.22103398325229
960.6,19.167699102225413
960.8,18.872691425372686
961.0,18.20461331077237
961.2,18.559499200861936
961.4,18.190795520644592
961.6,18.885929948843252
961.8,18.7924788622331
962.0,18.915532007904872
962.2,19.499423886271693
962.4,19.66538491941568
962.6,20.460075805563616
962.8,20.47200370200268
963.0,19.96813299960319
963.2,20.16588661765948
963.4,19.71876721681417
963.6,20.551862146254052
963.8,20.218469935283622
964.0,20.378369921664405
964.2,20.113294209713022
964.4,20.2096460308336
964.6,20.30941034471795
964.8,20.434097079426593
965.0,20.551033722215063
965.2,20.441073686450345
965.4,20.34786148901984
965.6,20.28231283086159
965.8,20.01754512259695
966.0,19.741268688505745
966.2,20.168646290816625
966.4,20.6146562531982
966.6,20.755560989352762
966.8,21.02307972942393
967.0,21.596314085995466
967.2,21.322747257185753
967.4,21.371636106436803
967.6,22.118959001348788
967.8,23.31863884670394
968.0,23.423151690174123
968.2,22.971698026583663
968.4,21.992257210442467
968.6,22.212737136447977
968.8,22.2427177372558
969.0,22.208651586127566
969.2,22.322890562156893
969.4,21.80893147171616
969.6,21.311614293305237
969.8,21.746010210781954
970.0,20.96233396319247
970.2,21.329071280179072
970.4,21.746194642725545
970.6,21.8131408978987
970.8,21.958476814510792
971.0,22.80715510783245
971.2,21.83042232350107
971.4,21.493425855436087
971.6,21.605268489293927
971.8,21.413205974525194
972.0,22.448770909445376
972.2,22.0532919291148
972.4,21.519258443815964
972.6,22.036675458103975
972.8,22.248908583667767
973.0,22.9119176300863
973.2,22.836029783547772
973.4,23.009605732062262
973.6,23.385894003599393
973.8,22.28417006574119
974.0,21.873056219923196
974.2,21.618629881691483
974.4,21.264943137687254
974.6,21.352555520211666
974.8,21.241350595220204
975.0,21.616355576076657
975.2,21.53066702917893
975.4,21.603035425904118
975.6,22.256639714836123
975.8,22.145655483686472
976.0,22.855691626814064
976.2,22.564058742933636
976.4,22.93101162364483
976.6,22.20983695146583
976.8,22.56407555445471
977.0,22.473618790254577
977.2,23.215718253599213
977.4,23.317262759105336
977.6,23.508853088864583
977.8,23.418086744135277
978.0,23.96293159650712
978.2,23.857236780999074
978.4,23.530385107098958
978.6,23.40447880837283
978.8,23.287897300220237
979.0,23.363983175307887
979.2,22.65990855374577
979.4,22.86015372302398
979.6,22.649284568356833
979.8,23.09223108419569
980.0,23.038458773295403
980.2,22.733507947683297
980.4,22.323736447745528
980.6,22.31282978913248
980.8,22.92244531249625
981.0,24.51784862618708
981.2,24.593868531016007
981.4,24.580677356522557
981.6,23.98779202499278
981.8,24.06188212132718
982.0,24.43475754371333
982.2,24.09340727728109
982.4,24.233128952330667
982.6,24.489998012249075
982.8,24.24848630254179
983.0,23.702315458533874
983.2,23.98693254707096
983.4,24.264087414649506
983.6,24.094156419366932
983.8,23.911390165351513
984.0,23.63711083202994
984.2,24.576080286666397
984.4,25.141098830622465
984.6,24.366348050325698
984.8,24.843410232493536
985.0,24.07426749018805
985.2,24.147238373734886
985.4,23.374142809941905
985.6,22.99934249096152
985.8,22.395628542022912
986.0,23.304528435539105
986.2,23.696778903282972
986.4,22.639720034516834
986.6,22.215852192744237
986.8,21.594506170889286
987.0,21.92066377261966
987.2,23.116074946401568
987.4,23.47132756024882
987.6,24.064497487528868
987.8,24.000980167073717
988.0,23.947575985618684
988.2,24.508911417327383
988.4,23.952795799355457
988.6,23.73393170683123
988.8,23.693029584295836
989.0,24.799275379001497
989.2,24.97654293026659
989.4,25.165369077682165
989.6,25.329092870535632
989.8,26.183767617094297
990.0,28.207889375269776
990.2,28.625453829352114
990.4,29.053441379263706
990.6,29.48166768203912
990.8,29.5577030171361
991.0,29.09979928067942
991.2,30.230230149224955
991.4,30.441238341068942
991.6,31.050085885574113
991.8,29.246388067209523
992.0,29.722100473999905
992.2,29.66383760933606
992.4,29.488847201785152
992.6,30.098523903677133
992.8,30.279124691567443
993.0,31.14750514052671
993.2,30.44826286890077
993.4,30.147283206073116
993.6,30.207986568803445
993.8,29.779563838480257
994.0,29.467636651408746
994.2,30.38793713594375
994.4,29.693084065161138
994.6,29.382903062129557
994.8,31.3291306261194
995.0,31.76676119589542
995.2,30.98435743032741
995.4,30.007487678810776
995.6,29.645192156523926
995.8,29.35555271547221
996.0,29.54538513944398
996.2,29.470863166365863
996.4,29.026902084709036
996.6,30.085193504041893
996.8,30.133349733008213
997.0,29.297186306153083
997.2,29.616956744949086
997.4,30.109511792451592
997.6,29.41521722802312
997.8,29.065561252724805
998.0,28.966700016664305
998.2,28.354421976496905
998.4,27.819159238100152
998.6,28.526225729657448
998.8,29.364986014331883
999.0,29.36539214012913
999.2,29.801189077741867
999.4,30.173860348931015
999.6,30.314657839232574
999.8,30.420522491173966
1000.0,31.19178158840175
1000.2,30.575918041876683
1000.4,31.359693893136104
1000.6,31.849088755907747
1000.8,31.556606484632297
1001.0,32.400379401567875
1001.2,31.73155203963026
1001.4,31.127955723050253
1001.6,30.28678782375637
1001.8,30.134991101808325
1002.0,28.65981013633762
1002.2,28.887905988408285
1002.4,28.169641702653966
1002.6,28.0720140632437
1002.8,28.61275863593651
1003.0,27.54776989766041
1003.2,26.113160334293166
1003.4,26.42211239553617
1003.6,27.231615775370454
1003.8,27.345232948390404
1004.0,27.35468815147374
1004.2,26.437197474005227
1004.4,27.82627172954306
1004.6,27.4945676976764
1004.8,27.230520952624655
1005.0,26.267346225495068
1005.2,26.995160820510968
1005.4,26.8908491819317
1005.6,27.054560320383118
1005.8,27.30339836170635
1006.0,26.816979266545342
1006.2,26.757390805468457
1006.4,26.760180545707385
1006.6,27.649624722673153
1006.8,27.81963660416222
1007.0,27.80125958607075
1007.2,27.70620287870407
1007.4,27.130208482940112
1007.6,28.14041080082166
1007.8,29.017551346486997
1008.0,29.510912293963692
1008.2,30.255291966684503
1008.4,29.626555568733146
1008.6,28.420984548254125
1008.8,28.294079360456827
1009.0,27.247282019958217
1009.2,27.569957965607877
1009.4,27.369179445106482
1009.6,27.589040694600634
1009.8,27.391363310337667
1010.0,26.990669245508478
1010.2,27.95912509963806
1010.4,27.131537325942393
1010.6,28.12964345074946
1010.8,28.456348047075544
1011.0,27.844344997629275
1011.2,29.36831268914199
1011.4,29.197449495046754
1011.6,30.08830469274132
1011.8,30.231562928398475
1012.0,31.0814518869606
1012.2,30.963165961837227
1012.4,30.81196741368754
1012.6,32.12052273803581
1012.8,32.38252025213775
1013.0,32.39676387653729
1013.2,31.80251086023261
1013.4,30.272596644058723
1013.6,31.878046745521335
1013.8,31.23813541148403
1014.0,30.827540153497452
1014.2,30.51720991154399
1014.4,29.863050580117203
1014.6,30.882113916618348
1014.8,32.54663598047608
1015.0,31.937399466743205
1015.2,32.18384320682391
1015.4,31.65640836070643
1015.6,31.162206376063892
1015.8,31.31594705711478
1016.0,31.079269397923582
1016.2,31.095971464162858
1016.4,30.632519904061194
1016.6,29.683909596931194
1016.8,29.75282036839143
1017.0,30.339306682418115
1017.2,29.634601163316102
1017.4,30.238995011759926
1017.6,31.32591306948493
1017.8,30.870715533290426
1018.0,30.740561858233242
1018.2,30.226362514773214
1018.4,30.745148151596204
1018.6,30.813628668592333
1018.8,30.54496051016761
1019.0,30.325611941611996
1019.2,30.09423027877281
1019.4,29.825516139193343
1019.6,28.229978961773053
1019.8,27.53870241024994
1020.0,27.329279718378153
1020.2,28.184388119282048
1020.4,29.086634354062348
1020.6,29.57243230643058
1020.8,29.006664744663432
1021.0,28.92173714125248
1021.2,29.36775747694728
1021.4,28.777972702984556
1021.6,28.27385329798642
1021.8,28.01197609086115
1022.0,28.446343356484853
1022.2,28.047963771270293
1022.4,28.740389856178496
1022.6,28.441315748551432
1022.8,27.452067462867184
1023.0,28.048969034463727
1023.2,28.18404052564432
1023.4,30.149006379041637
1023.6,30.37387608925596
1023.8,31.19048965902815
1024.0,30.86089572143249
1024.2,30.591964136979463
1024.4,31.278081622039213
1024.6,31.142196420445046
1024.8,31.050093236677874
1025.0,31.22144426522384
1025.2,31.692737299033137
1025.4,32.252644069855606
1025.6,32.582220792892535
1025.8,33.8993285010377
1026.0,35.84795648176055
1026.2,34.340395231589184
1026.4,33.747501255544364
1026.6,33.93924677388621
1026.8,33.493601290227375
1027.0,31.573819117643104
1027.2,30.746725047741805
1027.4,29.680881929123135
1027.6,28.943946143993642
1027.8,29.809642240139308
1028.0,29.750413414725536
1028.2,29.538639665483643
1028.4,29.778465973524977
1028.6,29.79586580370924
1028.8,29.262317592479114
1029.0,29.5877202535462
1029.2,29.102205755640888
1029.4,30.01899165147117
1029.6,29.60226377315753
1029.8,30.120134629382235
1030.0,29.736582879852442
1030.2,31.38072958072737
1030.4,30.035724799587584
1030.6,30.958922880157857
1030.8,31.698926786176788
1031.0,30.816989317046723
1031.2,31.53848230066535
1031.4,32.712400701962736
1031.6,32.16597106295278
1031.8,33.96048190836936
1032.0,34.398733805701504
1032.2,34.83944580910341
1032.4,33.572665773607994
1032.6,34.559011286997176
1032.8,34.3547024035401
1033.0,34.09359123472613
1033.2,33.326989541533834
1033.4,33.169569597126255
1033.6,33.35603815661253
1033.8,32.81304352444362
1034.0,33.23887232119476
1034.2,33.09330183374772
1034.4,31.058908266685886
1034.6,32.0617777080886
1034.8,31.518125575340363
1035.0,32.240472608076864
1035.2,32.21489051435167
1035.4,33.113154909181034
1035.6,32.48299753132224
1035.8,32.66581707915604
1036.0,33.96657842596274
1036.2,33.080503018030484
1036.4,34.21019866665047
1036.6,33.94580666835835
1036.8,33.52877397185853
1037.0,33.74124664034059
1037.2,34.54223300401013
1037.4,33.70012916369157
1037.6,34.1903078117885
1037.8,34.29308021754671
1038.0,33.92085938321746
1038.2,34.19318316088366
1038.4,32.75965405353037
1038.6,33.14500603526587
1038.8,32.60624037525052
1039.0,32.58658172541872
1039.2,32.932093454252154
1039.4,32.6899076196987
1039.6,32.47844031153621
1039.8,31.760899664696687
1040.0,32.67629737757059
1040.2,32.516774576353455
1040.4,33.45804214001974
1040.6,33.22274256671696
1040.8,33.09546925059135
1041.0,34.21003779764025
1041.2,32.88429217655804
1041.4,32.627614229053535
1041.6,33.075311404226376
1041.8,33.36273523172039
1042.0,33.242884771138385
1042.2,33.10975488186555
1042.4,31.644795460555777
1042.6,31.624979380736924
1042.8,30.83168072137747
1043.0,30.847333056099053
1043.2,31.952248764392355
1043.4,32.129635857347765
1043.6,32.04972426643333
1043.8,32.424900721914135
1044.0,32.211715794940275
1044.2,31.779104443305144
1044.4,31.052311798416117
1044.6,30.50874170683171
1044.8,30.548507888168743
1045.0,30.385962823506432
1045.2,29.82624813806661
1045.4,30.29387553118109
1045.6,29.36271458352957
1045.8,28.266363214033603
1046.0,28.47968228039084
1046.2,28.523386161979104
1046.4,28.254167993947526
1046.6,28.258505717714087
1046.8,28.04989559696624
1047.0,28.73954045946668
1047.2,27.607640575545297
1047.4,27.72864173553808
1047.6,27.381139158929123
1047.8,28.44414606986519
1048.0,27.241134780977575
1048.2,26.694237641483376
1048.4,26.01059352911165
1048.6,25.901376216641673
1048.8,25.703458471854898
1049.0,26.154726179101342
1049.2,26.24261024036545
1049.4,26.998739134596864
1049.6,27.24392938778351
1049.8,26.81409666296728
1050.0,27.59037925876292
1050.2,28.511744834792665
1050.4,28.584781911880526
1050.6,28.725800312855704
1050.8,29.571897800846013
1051.0,30.265274020019454
1051.2,29.17137915980057
1051.4,29.146121547092733
1051.6,29.513910509739496
1051.8,30.498599800320946
1052.0,29.908013628731783
1052.2,29.24456643501319
1052.4,28.965906539353536
1052.6,28.38791613898515
1052.8,29.151177905941278
1053.0,29.418305870798985
1053.2,29.09697636337832
1053.4,29.735889038754966
1053.6,29.784696345380077
1053.8,29.927725879623672
1054.0,30.525335596261044
1054.2,29.431927806484385
1054.4,29.190559721584176
1054.6,29.66792707755389
1054.8,29.98293090754663
1055.0,30.504089023973698
1055.2,31.366191387515606
1055.4,30.297673226156114
1055.6,31.256022429223776
1055.8,31.027429143887506
1056.0,31.369296874849578
1056.2,31.334121067046713
1056.4,31.882535488783756
1056.6,31.98304707034444
1056.8,30.974415900025694
1057.0,30.986498698680613
1057.2,31.33191283356952
1057.4,30.713625747519288
1057.6,31.815864309527964
1057.8,32.37315872678769
1058.0,31.899568326373853
1058.2,31.764043951644116
1058.4,32.63610841159368
1058.6,32.656507245081265
1058.8,33.055014249580104
1059.0,34.06569464763783
1059.2,33.750433042054254
1059.4,32.709650091796114
1059.6,32.20087814466996
1059.8,32.37214404112744
1060.0,32.00089361517995
1060.2,32.56540549566279
1060.4,32.63781876209415
1060.6,32.06586126558035
1060.8,31.30580415041394
1061.0,31.10130370934913
1061.2,31.85007608106052
1061.4,32.776322466537444
1061.6,33.61255944290229
1061.8,34.35500026744096
1062.0,35.19205572275253
1062.2,34.81368119317244
1062.4,36.32620122773014
1062.6,36.20912508070914
1062.8,36.59990871458801
1063.0,35.20699819737563
1063.2,34.23636721695497
1063.4,34.273628603503155
1063.6,36.265800439216825
1063.8,34.98390601897058
1064.0,34.53809053790331
1064.2,34.438325287694916
1064.4,35.0558184990664
1064.6,35.94727152343267
1064.8,35.48757867066328
1065.0,35.26780181752881
1065.2,35.49348294063599
1065.4,35.78181431188244
1065.6,36.139376991364465
1065.8,37.47225471949575
1066.0,37.03593392536461
1066.2,37.81961823653939
1066.4,37.98010267642883
1066.6,36.35522973125767
1066.8,36.665332324804076
1067.0,35.83699251358249
1067.2,35.751971640099626
1067.4,34.22591972466353
1067.6,33.9911053488169
1067.8,35.223731784667
1068.0,34.3993961567788
1068.2,34.904746176971756
1068.4,34.34907377444391
1068.6,35.25850391825542
1068.8,34.8421975513545
1069.0,36.73172435999952
1069.2,35.933681078593125
1069.4,36.94784344417576
1069.6,36.596834375001855
1069.8,36.33920144795597
1070.0,37.44383255691716
1070.2,36.43544919542822
1070.4,36.28767874286264
1070.6,35.43680988440226
1070.8,35.11819030635222
1071.0,35.87552521639875
1071.2,37.219777575551994
1071.4,36.793878684369346
1071.6,36.329376006609586
1071.8,35.153801272413105
1072.0,34.50961795253355
1072.2,34.29467481935967
1072.4,33.77100846958213
1072.6,33.41033199954263
1072.8,34.09792596392555
1073.0,33.925920314218565
1073.2,33.24418898008429
1073.4,33.31851127414609
1073.6,33.58104001110299
1073.8,33.054090437442646
1074.0,32.205554925616326
1074.2,32.89730872326521
1074.4,34.15172016962157
1074.6,33.8368449534375
1074.8,34.82939420001894
1075.0,34.06311158843492
1075.2,33.64653623265925
1075.4,32.89353831600148
1075.6,32.44054255848424
1075.8,31.554639347850294
1076.0,29.936562927042022
1076.2,29.346631761361934
1076.4,29.361971680322334
1076.6,28.919735575203788
1076.8,28.21350139954602
1077.0,29.17513457904892
1077.2,28.651548665583707
1077.4,28.828495672914624
1077.6,29.55574385623056
1077.8,30.266586461492302
1078.0,31.02114942715662
1078.2,31.540400733136455
1078.4,31.774891160319164
1078.6,31.445227309302997
1078.8,32.520600504196125
1079.0,33.30028039009472
1079.2,32.998775230992734
1079.4,33.89125682283531
1079.6,32.924423322748325
1079.8,32.58911234633028
1080.0,33.45064534685306
1080.2,33.62773794881791
1080.4,34.64358153409246
1080.6,34.18637369961705
1080.8,34.75638544811844
1081.0,35.04778790415679
1081.2,35.01603849121915
1081.4,35.69098418633102
1081.6,35.586175677689965
1081.8,34.81138556008419
1082.0,34.06004564901601
1082.2,33.35967021043169
1082.4,33.373473719151036
1082.6,33.963030627599665
1082.8,34.04626330596742
1083.0,34.12633616736489
1083.2,32.893971804644586
1083.4,32.26214115490806
1083.6,31.399406527994536
1083.8,31.058892820035943
1084.0,30.970616205715697
1084.2,30.96164823400735
1084.4,31.909842082579658
1084.6,31.58025414090951
1084.8,31.919731059617614
1085.0,31.62154593325993
1085.2,32.80919923040532
1085.4,32.96508349223935
1085.6,33.803006567383356
1085.8,32.474743777098915
1086.0,32.77861026448119
1086.2,32.959852665814296
1086.4,32.26801114341567
1086.6,32.42601272557045
1086.8,32.28274637623975
1087.0,32.9830728048984
1087.2,33.74527804130098
1087.4,34.96235208727704
1087.6,34.85552808254839
1087.8,34.83848563442816
1088.0,35.461641410391906
1088.2,35.667581630999024
1088.4,35.54406411910467
1088.6,36.44498323455954
1088.8,37.079600219805535
1089.0,37.14491766421093
1089.2,38.24269340599955
1089.4,37.02930736699453
1089.6,35.48590401174478
1089.8,34.9187273238318
1090.0,35.24105030547776
1090.2,35.30253591250005
1090.4,36.258391957423164
1090.6,37.56898306625267
1090.8,37.759659813733904
1091.0,37.38753959253354
1091.2,36.776180933075594
1091.4,36.766485720872424
1091.6,37.149256107854136
1091.8,37.21640973432783
1092.0,36.39178792630764
1092.2,35.830668696930914
1092.4,36.7209737061432
1092.6,36.95948415098418
1092.8,37.110695427218346
1093.0,38.6031315062072
1093.2,38.57496630032843
1093.4,38.435961831362505
1093.6,38.88513638851347
1093.8,38.661712301008166
1094.0,38.49380108765364
1094.2,37.107104473498694
1094.4,38.97500336523885
1094.6,38.835357905451495
1094.8,37.964850282457114
1095.0,37.47556305105663
1095.2,38.21183774777919
1095.4,37.34408914164853
1095.6,37.28341346753962
1095.8,37.17828899055498
1096.0,37.645181114662925
1096.2,37.17948556013496
1096.4,36.55373335463862
1096.6,36.27674119775554
1096.8,35.84201625926153
1097.0,35.88141110185819
1097.2,35.561087572887075
1097.4,35.55860643013584
1097.6,36.15621631749969
1097.8,35.9597334507638
1098.0,35.68590924584799
1098.2,35.145706974459344
1098.4,36.50872167421972
1098.6,36.73650964297385
1098.8,36.3252672258496
1099.0,36.07703737280378
1099.2,35.269062320742705
1099.4,35.27765649924703
1099.6,35.472749629777255
1099.8,35.87823701563152
1100.0,35.3738343504443
1100.2,34.07209449746132
1100.4,35.17891250707356
1100.6,34.40751604835021
1100.8,35.39649301210503
1101.0,34.692254645747
1101.2,34.15354925260283
1101.4,32.488922202601614
1101.6,32.57297519504951
1101.8,33.897337643719936
1102.0,34.340377857302805
1102.2,34.65000778146332
1102.4,33.59429302715721
1102.6,33.65992206743679
1102.8,32.49176621974272
1103.0,31.269678870294975
1103.2,31.647495742772843
1103.4,32.55393704302652
1103.6,32.03765389771118
1103.8,31.85985994659262
1104.0,32.29912900111733
1104.2,31.390752772015162
1104.4,30.926435994994463
1104.6,31.428695532345298
1104.8,30.35497266829487
1105.0,31.152744200450226
1105.2,32.41033574172554
1105.4,33.48949034043075
1105.6,33.210708412585475
1105.8,33.10113116697134
1106.0,33.64257495455825
1106.2,33.00717141043427
1106.4,33.9544417144593
1106.6,33.91254057581131
1106.8,33.35109402178975
1107.0,33.73944936987598
1107.2,35.10195703505117
1107.4,35.30335031529401
1107.6,35.61588159808104
1107.8,34.927351679636075
1108.0,35.112497296974574
1108.2,36.115988684899136
1108.4,35.15771304579361
1108.6,36.09101854125064
1108.8,37.202948383529495
1109.0,37.673152728098515
1109.2,37.081476270347345
1109.4,37.283608553056155
1109.6,36.73597934233384
1109.8,36.42194215103848
1110.0,36.15382724468291
1110.2,35.47558563461888
1110.4,36.10240889040743
1110.6,37.42565606906258
1110.8,36.34730790820181
1111.0,37.67745387521277
1111.2,36.67094638672382
1111.4,37.10475221832817
1111.6,36.19489889779751
1111.8,35.57664898748062
1112.0,36.3701893739647
1112.2,36.40245067505311
1112.4,36.3429654344844
1112.6,37.62546313519799
1112.8,37.097186778825204
1113.0,36.07322924738805
1113.2,37.74265329120687
1113.4,38.506604157626676
1113.6,38.61787409693008
1113.8,39.80334261614135
1114.0,40.49099412172923
1114.2,39.29789535455042
1114.4,39.04719791100458
1114.6,39.665926793992966
1114.8,39.25676887883833
1115.0,39.28493161797049
1115.2,38.47001126870241
1115.4,38.66318656525647
1115.6,38.7902593468971
1115.8,39.24354755884767
1116.0,39.431082185652016
1116.2,39.20357534279345
1116.4,38.552267691644985
1116.6,38.823059903574766
1116.8,39.3150698347397
1117.0,39.37059019514426
1117.2,38.2888402517395
1117.4,38.920522454661366
1117.6,38.62936575222097
1117.8,37.76352840335983
1118.0,38.21965313749402
1118.2,39.977944121030575
1118.4,40.14072645021194
1118.6,40.720317456665384
1118.8,40.48313824008464
1119.0,41.22946909884655
1119.2,40.69385787649479
1119.4,39.84418534748176
1119.6,39.8390032001394
1119.8,40.17032805502035
1120.0,38.76165537909958
1120.2,37.723715675451615
1120.4,36.27200816515518
1120.6,36.70746483468305
1120.8,35.67011408615365
1121.0,35.59913279170773
1121.2,35.25629228694277
1121.4,35.600905210237215
1121.6,36.068552646178965
1121.8,36.03423635745077
1122.0,36.49762229094846
1122.2,36.67322329123663
1122.4,36.74124799772273
1122.6,36.05147444553299
1122.8,38.09000205952975
1123.0,37.33263045350431
1123.2,37.63116885909098
1123.4,36.00210740903655
1123.6,36.09361703625004
1123.8,35.14999375354206
1124.0,35.88062876050272
1124.2,35.477076093824834
1124.4,34.96556055915902
1124.6,37.435963114824474
1124.8,37.398915556862256
1125.0,37.54915170891317
1125.2,37.350528609061925
1125.4,37.70818325136077
1125.6,38.20361243587999
1125.8,38.61605938392115
1126.0,39.51853138053738
1126.2,38.82814803932823
1126.4,38.475385058577565
1126.6,39.35647837667696
1126.8,40.31512014340511
1127.0,41.069832414313595
1127.2,40.452559817440104
1127.4,39.471647602535576
1127.6,41.052959495613386
1127.8,41.08627927005298
1128.0,41.386524618635306
1128.2,39.987913210803214
1128.4,39.75600314904253
1128.6,40.27837394680661
1128.8,39.825419318837355
1129.0,39.899410950180254
1129.2,40.305242464824424
1129.4,39.49730734143022
1129.6,39.12107169263538
1129.8,38.364302269601716
1130.0,38.36508157179557
1130.2,39.378454991049786
1130.4,38.6835311400864
1130.6,38.86992387227937
1130.8,38.12793193816336
1131.0,37.82190689556215
1131.2,38.3403846139105
1131.4,38.147443624630064
1131.6,38.04928774285904
1131.8,38.67156829696326
1132.0,37.499184281169086
1132.2,38.19951318700626
1132.4,38.80516154708548
1132.6,38.41945399703482
1132.8,38.308847047690726
1133.0,38.699489027534604
1133.2,37.82942801135598
1133.4,37.54172185012747
1133.6,37.63739865149554
1133.8,37.31621767474002
1134.0,36.48738557282747
1134.2,35.77448231059459
1134.4,36.14220485169597
1134.6,37.25183266499725
1134.8,37.22650780310373
1135.0,37.52733368771237
1135.2,37.72650721281945
1135.4,36.91113559742027
1135.6,37.91729762426416
1135.8,38.83388943305865
1136.0,39.28586711053471
1136.2,38.58787661245789
1136.4,38.405596407424994
1136.6,37.83409880128718
1136.8,37.98135183073653
1137.0,39.12079726690469
1137.2,38.354757319847245
1137.4,39.67151798517558
1137.6,39.34917730215045
1137.8,39.387726829911685
1138.0,38.98008008207541
1138.2,39.98147578309215
1138.4,39.67069578664312
1138.6,39.06399402252103
1138.8,39.43366125769291
1139.0,39.048336413499484
1139.2,39.74823783558012
1139.4,39.23828537719051
1139.6,38.54455576951481
1139.8,37.68442355992061
1140.0,37.07023670950022
1140.2,37.28897695621387
1140.4,36.54862194617918
1140.6,35.833276830973524
1140.8,35.600305130741134
1141.0,35.94335557754774
1141.2,35.76739278511145
1141.4,34.71688444492767
1141.6,34.15730606074901
1141.8,33.695694590271486
1142.0,34.54463582463404
1142.2,33.326105916687176
1142.4,33.02154503655648
1142.6,34.180164908087875
1142.8,33.43082064015772
1143.0,33.18490516702732
1143.2,33.339386932409404
1143.4,33.69540647983187
1143.6,32.57397157612877
1143.8,32.03103649679957
1144.0,32.08137353038831
1144.2,33.44060737306641
1144.4,33.11115968614593
1144.6,31.95743472258758
1144.8,31.70036077535514
1145.0,31.626379354275418
1145.2,31.502508413677628
1145.4,31.519538135005828
1145.6,31.7408705328976
1145.8,32.466764642310395
1146.0,32.61606702524575
1146.2,31.87883986483055
1146.4,33.590501485248474
1146.6,32.761422225468664
1146.8,31.95065629396726
1147.0,31.447107696915545
1147.2,31.323500895515007
1147.4,31.29239844495781
1147.6,31.078679534747657
1147.8,30.23613294625566
1148.0,29.993635911942743
1148.2,29.522768309938353
1148.4,29.584161001055836
1148.6,29.27970353350618
1148.8,30.00152061655646
1149.0,29.935266985014866
1149.2,29.414982065006935
1149.4,29.979901476559952
1149.6,29.47242542640651
1149.8,30.278218409169888
1150.0,30.605345848460253
1150.2,31.630619984075288
1150.4,32.35495752166945
1150.6,31.679336928440414
1150.8,30.529994554576234
1151.0,29.31407495517075
1151.2,28.68772569677158
1151.4,29.024943778143818
1151.6,28.741741989387
1151.8,29.654486341364425
1152.0,30.004655416992744
1152.2,29.678036987424477
1152.4,29.541570882262135
1152.6,29.788996827321874
1152.8,29.87827861610087
1153.0,29.55769284666065
1153.2,29.42232190600386
1153.4,29.119874816659625
1153.6,28.520496566716528
1153.8,28.662748157019973
1154.0,29.348856093090202
1154.2,29.582501982709324
1154.4,29.505708303184285
1154.6,28.757955838182497
1154.8,28.866952348186025
1155.0,29.05644050861635
1155.2,28.713045314590087
1155.4,28.6619804035996
1155.6,28.7861242593887
1155.8,28.454268102056005
1156.0,28.491360293292782
1156.2,28.240200760041038
1156.4,30.00516383591951
1156.6,29.656370537788582
1156.8,29.758530067604852
1157.0,29.756855973662212
1157.2,29.82954131514067
1157.4,28.658535653125213
1157.6,29.146439623709544
1157.8,28.715455262722944
1158.0,28.400228453950902
1158.2,27.95474194392726
1158.4,28.712329017598126
1158.6,28.247350242225284
1158.8,29.25569652358366
1159.0,29.6959788823195
1159.2,29.51544734130616
1159.4,29.2565128367761
1159.6,29.256736170509004
1159.8,29.002663842694734
1160.0,29.261118487508107
1160.2,29.03448922776728
1160.4,28.9880561143733
1160.6,29.12819430298046
1160.8,29.855795696342902
1161.0,29.228909575304336
1161.2,29.031564937594396
1161.4,29.759588581970018
1161.6,29.838590214979263
1161.8,30.153312155919345
1162.0,29.29051461517878
1162.2,29.130254378661814
1162.4,29.579383003006
1162.6,29.261600155764853
1162.8,28.80969966955918
1163.0,28.851753932532162
1163.2,28.707393387522444
1163.4,29.16887273018981
1163.6,28.229719603463153
1163.8,27.8367244570411
1164.0,27.499379132148395
1164.2,26.500151431764678
1164.4,26.822032185316154
1164.6,26.887612956152136
1164.8,27.10743678916021
1165.0,26.44104882962123
1165.2,26.39826826588896
1165.4,26.092699239418895
1165.6,27.0967967818028
1165.8,27.05486659237126
1166.0,28.027255995505307
1166.2,28.238945736346533
1166.4,26.832077282099238
1166.6,26.841067489042732
1166.8,26.147322574607536
1167.0,25.744590974675468
1167.2,24.9473208570669
1167.4,24.018320644181305
1167.6,23.26680946250606
1167.8,22.081259034816604
1168.0,21.875801295445694
1168.2,21.659132105802883
1168.4,21.915330968021877
1168.6,22.445722964559952
1168.8,22.223161715401
1169.0,23.279779775728375
1169.2,23.518064422127416
1169.4,24.542951680061012
1169.6,24.907646492121657
1169.8,24.092905536436042
1170.0,23.210405847054787
1170.2,23.133966837584197
1170.4,23.09768044162386
1170.6,23.478134749968262
1170.8,23.706574209488366
1171.0,23.86929865729412
1171.2,24.317232943055636
1171.4,23.837713279567375
1171.6,23.860771689433754
1171.8,23.45726505890147
1172.0,24.333728346768694
1172.2,23.483653742645345
1172.4,24.45395181704511
1172.6,24.794690032942942
1172.8,24.955911827138124
1173.0,24.159935367695923
1173.2,24.008675719276336
1173.4,24.106571405021416
1173.6,25.17829703947089
1173.8,25.466127928125264
1174.0,25.068289512512436
1174.2,25.768787285815606
1174.4,25.944829091313075
1174.6,25.259919905618055
1174.8,25.792974571186953
1175.0,25.347223462041324
1175.2,24.125941767885642
1175.4,24.149945356316252
1175.6,23.372236097481476
1175.8,24.37305407734746
1176.0,25.799754582161732
1176.2,24.909008873430018
1176.4,25.149357133693115
1176.6,25.254421328990464
1176.8,25.210895717175408
1177.0,24.482313311378476
1177.2,24.478022022688982
1177.4,25.41872531443085
1177.6,25.642233917566646
1177.8,26.168518513676524
1178.0,25.10354003052806
1178.2,24.430404966426597
1178.4,24.40274268386467
1178.6,24.919302586120715
1178.8,25.92876611869373
1179.0,25.88711183022393
1179.2,25.89297029011167
1179.4,25.76221195391254
1179.6,25.71687658876804
1179.8,25.810643730277757
1180.0,26.053465704228508
1180.2,25.025687214295715
1180.4,25.059681847520395
1180.6,25.539412029993976
1180.8,25.170705777907635
1181.0,25.345230322551803
1181.2,24.892656483943366
1181.4,25.88372801161512
1181.6,25.330715584424574
1181.8,24.804784922745267
1182.0,24.744754789105542
1182.2,25.180289639463112
1182.4,25.662473632392874
1182.6,25.94841081049404
1182.8,25.756569978876303
1183.0,26.068466318354048
1183.2,26.55636638541629
1183.4,26.052896804530626
1183.6,25.20750615460549
1183.8,25.860270765960042
1184.0,25.89716130703057
1184.2,26.239767231743237
1184.4,25.987022592710908
1184.6,25.76433827722241
1184.8,25.498451865207027
1185.0,24.770428378682517
1185.2,24.766506689060954
1185.4,25.141264441815004
1185.6,26.091177483804543
1185.8,26.58573737343179
1186.0,25.670757193618343
1186.2,25.96250881689174
1186.4,26.049816605669584
1186.6,26.61826069681196
1186.8,26.84010407424055
1187.0,25.451519132659783
1187.2,26.203573243674665
1187.4,26.573635569767553
1187.6,26.98210680005986
1187.8,26.57100262574715
1188.0,26.11041153693789
1188.2,26.15736609144349
1188.4,26.624362966310763
1188.6,25.964801810383964
1188.8,24.961703599081474
1189.0,25.34990960078183
1189.2,25.840468526301372
1189.4,26.776288010021428
1189.6,26.16908678100057
1189.8,26.143161866985825
1190.0,25.57401840454673
1190.2,25.46886756208322
1190.4,24.521824588394047
1190.6,23.247070862688872
1190.8,23.638829158117392
1191.0,24.64882316478906
1191.2,23.851929774482727
1191.4,24.109386010482456
1191.6,23.994218179493103
1191.8,25.560643921159635
1192.0,25.452269637747797
1192.2,25.44743394032197
1192.4,25.041356324290906
1192.6,24.041643748535904
1192.8,24.987030006174685
1193.0,25.491510299810404
1193.2,25.159563295638062
1193.4,25.112930219725595
1193.6,25.075324994888977
1193.8,24.836293534306897
1194.0,25.078867410106568
1194.2,26.009335225973178
1194.4,26.369522856779753
1194.6,25.299277421226286
1194.8,24.997131698683855
1195.0,24.383939164870622
1195.2,24.486295616055678
1195.4,24.444786020461837
1195.6,24.437917754542774
1195.8,24.215818870635395
1196.0,24.23753609604791
1196.2,24.23405338720276
1196.4,24.508716920901964
1196.6,24.008422790451014
1196.8,24.44460859356083
1197.0,24.68334291567857
1197.2,24.198707936848702
1197.4,23.84045968327932
1197.6,24.47966079562584
1197.8,24.667282694048332
1198.0,24.669909448301333
1198.2,25.31478776081865
1198.4,25.003465796979075
1198.6,24.800655008617053
1198.8,24.002439297537915
1199.0,23.19078036270465
1199.2,23.7470459917579
1199.4,24.12391143154906
1199.6,23.480320962809095
1199.8,24.3276464935899
1200.0,25.08204038151826
1200.2,25.268549967573183
1200.4,25.346862278956838
1200.6,26.350771987900437
1200.8,27.17688451259464
1201.0,26.897510860895903
1201.2,26.42104564436557
1201.4,26.51796329416909
1201.6,26.63347805618921
1201.8,27.028933929953162
1202.0,26.782589326978478
1202.2,27.489585268076667
1202.4,26.99372241314039
1202.6,27.155878075129735
1202.8,28.311852504444577
1203.0,28.241136334850854
1203.2,28.981314482118357
1203.4,28.091829624149348
1203.6,27.875550952843806
1203.8,28.17745331608365
1204.0,27.831377540204176
1204.2,27.944905417599276
1204.4,27.76669049908247
1204.6,27.762791090282196
1204.8,27.75573680042591
1205.0,28.16496357024336
1205.2,27.54489904239401
1205.4,28.886204902728796
1205.6,28.586102292233967
1205.8,29.32677345395924
1206.0,28.424380638760333
1206.2,28.363167741909486
1206.4,28.235666991554922
1206.6,27.90075424015068
1206.8,27.626913462705662
1207.0,28.27531248105904
1207.2,28.354307512585137
1207.4,28.581968483146944
1207.6,27.883473606734086
1207.8,28.040820467374004
1208.0,29.168319309196615
1208.2,28.89290285149108
1208.4,28.8735578442503
1208.6,28.863918844895792
1208.8,29.1888445352479
1209.0,29.512798780676984
1209.2,28.639309060424157
1209.4,29.059531552468044
1209.6,28.12709686469394
1209.8,29.356081687532477
1210.0,29.037712268175767
1210.2,29.359910748492425
1210.4,29.696088020657392
1210.6,29.959555562200585
1210.8,30.2332323421907
1211.0,31.359780533235828
1211.2,31.042590226847892
1211.4,31.082960276299335
1211.6,31.75439254936711
1211.8,31.65321637826697
1212.0,29.9721760987335
1212.2,30.4957337046294
1212.4,30.701106077304274
1212.6,30.742213010392273
1212.8,30.82653829544241
1213.0,31.43915252583305
1213.2,31.835042433355945
1213.4,32.203038584058284
1213.6,33.9635200145467
1213.8,33.63334365099484
1214.0,34.73349410716019
1214.2,34.42516153158408
1214.4,34.148478165983526
1214.6,32.92164897528746
1214.8,33.87004219884413
1215.0,33.82800705754336
1215.2,34.14284612407286
1215.4,34.43938902438474
1215.6,34.323487589789224
1215.8,34.60501575341942
1216.0,34.64244465057034
1216.2,34.43162906485264
1216.4,33.65989690354351
1216.6,33.70432444723218
1216.8,32.46694044897812
1217.0,31.953902423639228
1217.2,31.396594036481858
1217.4,31.785462023715183
1217.6,31.83125282842876
1217.8,31.512777561764565
1218.0,29.895722311557336
1218.2,29.54479700530054
1218.4,29.427479064702318
1218.6,29.720935526351248
1218.8,29.581144471382057
1219.0,29.049828230945337
1219.2,28.36665813741221
1219.4,28.560349371810304
1219.6,29.375099992139827
1219.8,29.372944729029676
1220.0,31.12724099865002
1220.2,31.9664096575808
1220.4,31.927080839644542
1220.6,31.65598835696304
1220.8,32.398453754393344
1221.0,31.48873564015089
1221.2,32.21401888707148
1221.4,32.46417463476258
1221.6,33.88800395325039
1221.8,33.612726825951746
1222.0,34.77002344345406
1222.2,34.115164860441574
1222.4,33.84399813815392
1222.6,32.8522298100115
1222.8,32.419234862853315
1223.0,33.41779692184674
1223.2,34.323683912022084
1223.4,33.05770607775463
1223.6,32.55374260051607
1223.8,32.173294332197095
1224.0,31.959709022295883
1224.2,33.31440976724699
1224.4,33.5477218822121
1224.6,33.97091710365458
1224.8,34.85244192776412
1225.0,34.881950317897015
1225.2,35.55518401732679
1225.4,35.7043946098101
1225.6,34.77649067348763
1225.8,35.67907701673233
1226.0,35.09278641536631
1226.2,34.60674571846881
1226.4,35.06171355775681
1226.6,35.0082418669708
1226.8,36.48201163659106
1227.0,34.84452763650505
1227.2,34.18540037600597
1227.4,33.93329561807212
1227.6,34.10754499721969
1227.8,33.57666622613778
1228.0,32.90980830524286
1228.2,34.23578202593238
1228.4,33.28771544050764
1228.6,32.96061935377668
1228.8,32.46546864385377
1229.0,32.17630758331964
1229.2,31.805868854565595
1229.4,30.8871972906096
1229.6,31.77119860933115
1229.8,32.42717350276898
1230.0,31.667390982213636
1230.2,30.693134530707535
1230.4,30.141554590317323
1230.6,29.486128487749923
1230.8,28.256733447658657
1231.0,28.08424381651237
1231.2,28.17951549730669
1231.4,27.847650891855494
1231.6,28.28990847827175
1231.8,28.30262207499587
1232.0,28.44350874156555
1232.2,27.223546011761528
1232.4,27.259325570637106
1232.6,27.839064925924998
1232.8,27.734210206955055
1233.0,27.633968107919628
1233.2,27.359993120519192
1233.4,27.9792466521036
1233.6,28.034723683573766
1233.8,27.902762376940178
1234.0,28.427292994963697
1234.2,28.94965578873336
1234.4,27.83714638318344
1234.6,28.221229800326423
1234.8,27.578841669911878
1235.0,27.713894207313466
1235.2,27.387119916067597
1235.4,27.03019795173692
1235.6,27.77472665008389
1235.8,27.781262593961344
1236.0,26.787872346182283
1236.2,27.41708453695333
1236.4,27.54936750113663
1236.6,27.42500017806892
1236.8,27.636081209963436
1237.0,27.892828499832994
1237.2,27.769043264151357
1237.4,28.64773863924838
1237.6,29.337243695565036
1237.8,28.99166789708627
1238.0,28.390655934419463
1238.2,28.914164392641982
1238.4,29.72373316847787
1238.6,30.267977750478288
1238.8,30.159743373925775
1239.0,29.86620771135805
1239.2,30.268665352149128
1239.4,29.81642798567808
1239.6,30.33594697743981
1239.8,30.51927918305434
1240.0,29.54860996478892
1240.2,29.70035635913569
1240.4,29.85670624300791
1240.6,29.20994871735882
1240.8,28.97036397294933
1241.0,30.15129921267285
1241.2,29.442219617429195
1241.4,29.227737805427743
1241.6,29.111868376630326
1241.8,30.20194787956306
1242.0,31.19663232636959
1242.2,30.95673183811074
1242.4,30.48194176261635
1242.6,31.529252300146698
1242.8,30.442584716012867
1243.0,30.694560682820374
1243.2,30.67219932866444
1243.4,31.20953566744251
1243.6,32.198199350569034
1243.8,32.49529159868214
1244.0,32.849822023872846
1244.2,32.250972385787485
1244.4,32.24780384725659
1244.6,32.93198361225237
1244.8,32.72527334802886
1245.0,31.948955867280993
1245.2,31.790965727713537
1245.4,32.264602512962085
1245.6,33.465686559879195
1245.8,33.62277606168476
1246.0,33.62181046456177
1246.2,33.505426146874505
1246.4,32.89539863111638
1246.6,31.85166276029113
1246.8,31.094642255896844
1247.0,29.83601274833444
1247.2,30.74939580434463
1247.4,30.69590147735743
1247.6,30.849511782019835
1247.8,31.002928539754564
1248.0,31.72146336281962
1248.2,32.03631033530272
1248.4,32.93967282960316
1248.6,33.774517099140944
1248.8,33.073527200791546
1249.0,34.80686182039323
1249.2,33.87707666415857
1249.4,34.382895983269236
1249.6,34.35115272345945
1249.8,34.36897766204079
1250.0,33.43177070455337
1250.2,31.338624095308724
1250.4,30.419947037517492
1250.6,31.734049473576285
1250.8,31.61995210705253
1251.0,32.39476548243941
1251.2,30.715296733693506
1251.4,30.93189119898544
1251.6,31.32160490088111
1251.8,30.582653829082513
1252.0,30.767848442527903
1252.2,29.52879453783958
1252.4,30.695424191103058
1252.6,31.074423076471728
1252.8,30.927884187725795
1253.0,30.514301248610494
1253.2,30.362892160212343
1253.4,30.737808521403295
1253.6,30.60461633145884
1253.8,31.005194623240154
1254.0,29.779827676852282
1254.2,29.74529389581405
1254.4,28.738733005435726
1254.6,29.36025407491702
1254.8,28.976073367735857
1255.0,28.057539226288057
1255.2,28.564542075877768
1255.4,27.06686777806383
1255.6,28.000688185000747
1255.8,28.547492226258875
1256.0,29.01036896345774
1256.2,28.863624770520786
1256.4,27.833713989244707
1256.6,28.058134939466864
1256.8,28.275974440109568
1257.0,27.798507726886584
1257.2,28.452666942614563
1257.4,29.867386266371252
1257.6,29.02654116330533
1257.8,28.800286267994387
1258.0,28.600411682829755
1258.2,27.81154383336673
1258.4,27.349068029401646
1258.6,27.14591263071858
1258.8,26.439007440056706
1259.0,26.427507300793167
1259.2,26.434794472608946
1259.4,25.916785789345585
1259.6,25.370222319245542
1259.8,25.999198587367225
1260.0,26.197948701806148
1260.2,25.637401646621626
1260.4,25.861099751859804
1260.6,25.189932688046596
1260.8,25.846198140664008
1261.0,26.286225356482348
1261.2,27.479530622273572
1261.4,26.73907024131507
1261.6,26.621329510359544
1261.8,27.462785097904007
1262.0,27.653057614510587
1262.2,27.18668569806271
1262.4,27.531486455156937
1262.6,28.82428384594892
1262.8,29.367282511240006
1263.0,29.203892568318185
1263.2,29.63956764802247
1263.4,30.83691912478754
1263.6,29.856248777322
1263.8,30.743912127442755
1264.0,30.978618709703902
1264.2,32.23109852165431
1264.4,31.791834995760336
1264.6,31.147896889217535
1264.8,31.489582190712678
1265.0,31.80979456331795
1265.2,32.1312326101761
1265.4,33.0559327302428
1265.6,32.332515363122916
1265.8,33.311861503847084
1266.0,32.20749584794354
1266.2,32.148149152545614
1266.4,32.05981540446915
1266.6,31.960026516188268
1266.8,31.680861548814335
1267.0,31.259645319392575
1267.2,29.27553646752433
1267.4,28.896279505032012
1267.6,27.991644493095528
1267.8,28.29001856495804
1268.0,28.420538249388514
1268.2,28.576745215191405
1268.4,29.648432814272596
1268.6,29.95200594800197
1268.8,29.548964568456633
1269.0,29.20362773165106
1269.2,28.545828434519166
1269.4,27.765114514866024
1269.6,26.806492891009267
1269.8,28.374192492667078
1270.0,27.738063892985263
1270.2,27.59457065205833
1270.4,26.992765789938144
1270.6,27.263474750111797
1270.8,28.16634567942248
1271.0,28.101551371236084
1271.2,27.888292612285298
1271.4,27.323795433044854
1271.6,27.05057164834997
1271.8,28.393621669197707
1272.0,28.509297112982868
1272.2,28.93488506512742
1272.4,29.119188280209624
1272.6,28.202085424652317
1272.8,29.60241506408822
1273.0,29.69612388346998
1273.2,29.47107300812204
1273.4,29.37680067009369
1273.6,29.255739226830762
1273.8,29.104146824704745
1274.0,29.782593740973837
1274.2,30.561464874379812
1274.4,30.280181763702792
1274.6,30.88669787450719
1274.8,31.923700957352228
1275.0,30.99469480704503
1275.2,31.572858410833582
1275.4,30.579425286648096
1275.6,30.945001706493155
1275.8,31.012736107686013
1276.0,31.285932631165302
1276.2,32.513784912186935
1276.4,32.98038695220612
1276.6,32.31958047856545
1276.8,32.056083931835005
1277.0,31.588220892952286
1277.2,31.406691430142423
1277.4,31.06980868555386
1277.6,32.14429089509624
1277.8,31.831657278053555
1278.0,31.109927250550577
1278.2,31.06107317729338
1278.4,32.41072804835508
1278.6,33.203863382010844
1278.8,34.64735786967539
1279.0,35.49355754518808
1279.2,34.9865529906606
1279.4,36.65052433292263
1279.6,35.41458547258852
1279.8,35.80034294386315
1280.0,34.98820132099712
1280.2,34.3950328080349
1280.4,34.84376902425346
1280.6,34.68451376311566
1280.8,36.06968602981664
1281.0,35.04930771171488
1281.2,34.96034369086922
1281.4,35.75130160393292
1281.6,36.061940909798636
1281.8,35.76440927729583
1282.0,35.56881692466127
1282.2,34.20909885222832
1282.4,33.90034705459683
1282.6,32.25054843763405
1282.8,33.002652564233216
1283.0,33.934375409643906
1283.2,32.741263946250754
1283.4,33.29753943274821
1283.6,33.296508778806555
1283.8,32.28053898911885
1284.0,32.561452093525595
1284.2,32.58015255847231
1284.4,32.647138611998734
1284.6,33.14655915591483
1284.8,33.19409144508275
1285.0,33.34821014696347
1285.2,33.68063753876113
1285.4,35.075303160895885
1285.6,34.989735220026056
1285.8,35.726025086510404
1286.0,35.73828971862224
1286.2,35.20036041659415
1286.4,35.06265514574215
1286.6,33.52733396226936
1286.8,32.70181147667027
1287.0,32.54042491898776
1287.2,33.704111845808825
1287.4,33.3147646484959
1287.6,32.78793680826878
1287.8,33.76898740188369
1288.0,34.15875254726083
1288.2,33.71596169626791
1288.4,34.377867650669174
1288.6,33.610750095834184
1288.8,34.10952141534311
1289.0,33.96565854432097
1289.2,34.11563341562705
1289.4,34.052054229140026
1289.6,33.726205059999735
1289.8,33.578551738386665
1290.0,32.05621308962944
1290.2,32.16983437712515
1290.4,32.55524158060795
1290.6,32.843460068107674
1290.8,33.574060837184796
1291.0,33.91028660710127
1291.2,33.0088717629547
1291.4,34.08446505724606
1291.6,34.75527872529256
1291.8,33.48436197010865
1292.0,33.050140448687756
1292.2,33.811027356826685
1292.4,34.09737989529158
1292.6,35.08099017738068
1292.8,35.981868698930505
1293.0,36.049467286880656
1293.2,36.05507016570366
1293.4,35.081174439204105
1293.6,35.33913280078649
1293.8,35.65999769421098
1294.0,37.07327520248231
1294.2,37.279936352327574
1294.4,35.878599257913656
1294.6,35.551258090135384
1294.8,34.90319970053869
1295.0,33.50536997476521
1295.2,34.31769949104629
1295.4,35.246213790960354
1295.6,34.15856850472476
1295.8,34.77637011869759
1296.0,33.29796365076217
1296.2,32.24789934509237
1296.4,34.460662815381134
1296.6,34.504913094258036
1296.8,36.38074375249936
1297.0,36.321733511956566
1297.2,35.289328218767096
1297.4,34.426785896630705
1297.6,34.62826647895725
1297.8,33.83755238008839
1298.0,33.98504860528035
1298.2,33.23298938543062
1298.4,34.22087487225652
1298.6,34.441620455809414
1298.8,35.85083856904674
1299.0,35.70823321145492
1299.2,34.229880983965124
1299.4,33.720764364797645
1299.6,32.69982543686546
1299.8,33.639354558588074
1300.0,32.536314395614895
1300.2,33.88195594435389
1300.4,34.16229596441386
1300.6,34.51654372078328
1300.8,35.368909682634275
1301.0,35.41176826029981
1301.2,35.867823586330175
1301.4,35.74356009454622
1301.6,34.30174431129932
1301.8,36.08432207261196
1302.0,36.94023521779421
1302.2,38.205414040679756
1302.4,37.6335690546949
1302.6,36.07544640557589
1302.8,34.50999854941839
1303.0,35.241971141611
1303.2,35.43669873906878
1303.4,35.02266441893794
1303.6,36.01014482624062
1303.8,36.148832571507256
1304.0,35.77984755038086
1304.2,35.510623169574686
1304.4,35.974118303210844
1304.6,35.335439066962365
1304.8,35.48508241476549
1305.0,34.26651947912126
1305.2,32.63438883715061
1305.4,32.844764697516844
1305.6,32.40022271317536
1305.8,32.00113388163657
1306.0,32.75184955907933
1306.2,32.8829296859823
1306.4,32.59928153051397
1306.6,32.62470135142736
1306.8,31.70273558064025
1307.0,32.55452398969885
1307.2,31.69365852462216
1307.4,32.40591980919693
1307.6,34.314477314434214
1307.8,34.35800249206437
1308.0,33.14607619358882
1308.2,31.6283826209108
1308.4,32.43523997461684
1308.6,33.58358330608121
1308.8,32.857663238344124
1309.0,33.45608450713754
1309.2,34.04229241938318
1309.4,33.895364050427496
1309.6,33.636979222103356
1309.8,33.516108664836096
1310.0,33.429035689498086
1310.2,32.89271648343745
1310.4,31.380008095627172
1310.6,31.436812122966845
1310.8,31.447942886919954
1311.0,31.1165966449761
1311.2,31.19420034609562
1311.4,30.743254851534125
1311.6,30.22607543924346
1311.8,30.474515667311202
1312.0,30.33649160793037
1312.2,30.067438305926157
1312.4,30.168602343681297
1312.6,29.00753667470097
1312.8,28.515139349492927
1313.0,27.891327411659674
1313.2,29.80870342406428
1313.4,29.383467934875142
1313.6,30.963519754500535
1313.8,31.818111687890358
1314.0,32.25024177026809
1314.2,31.7010143584195
1314.4,31.33018750740263
1314.6,31.11612699726841
1314.8,31.986202969739004
1315.0,31.770500829212942
1315.2,31.832799934571266
1315.4,32.921556860981454
1315.6,33.17856577084641
1315.8,32.776169422523125
1316.0,33.03006838997786
1316.2,33.044360951869706
1316.4,32.37009860037279
1316.6,31.27120293866527
1316.8,31.915683043596946
1317.0,32.23514901092817
1317.2,31.955495657018673
1317.4,32.099229619338296
1317.6,32.87181851460088
1317.8,32.78741933881113
1318.0,31.75152763495864
1318.2,30.8665210165835
1318.4,30.572144924518994
1318.6,30.445503162910935
1318.8,30.8759282588265
1319.0,31.60927093316623
1319.2,31.587694483725013
1319.4,32.05581163331177
1319.6,31.69888013622659
1319.8,31.090695793874403
1320.0,31.007589777354582
1320.2,30.837591813307927
1320.4,30.483438447375384
1320.6,30.359648292226712
1320.8,30.255164830635763
1321.0,30.580065983898102
1321.2,30.853059794893156
1321.4,31.604309547416612
1321.6,31.514880039778028
1321.8,32.656653046296626
1322.0,34.486986613449595
1322.2,34.112165500277136
1322.4,34.04048149268781
1322.6,34.51707872483184
1322.8,33.88235642389016
1323.0,33.77876617661452
1323.2,33.97661338323446
1323.4,34.299723785894955
1323.6,34.28188002251936
1323.8,33.588167040870715
1324.0,33.31573948202976
1324.2,35.311598552444366
1324.4,34.678019165394936
1324.6,34.283549877648916
1324.8,33.91918665524913
1325.0,34.007821703397134
1325.2,33.24888914876273
1325.4,33.607444627028244
1325.6,33.563711290383736
1325.8,33.535385427752104
1326.0,32.92849483357458
1326.2,33.44620022149186
1326.4,34.66610477493931
1326.6,34.592551719170636
1326.8,33.62321686553026
1327.0,33.67565184067594
1327.2,34.32845941072496
1327.4,34.14977691932351
1327.6,32.986847333405464
1327.8,33.3871260120224
1328.0,33.64706968876925
1328.2,33.87067594067367
1328.4,33.90403235001012
1328.6,33.79695687502973
1328.8,33.79548509049424
1329.0,32.81820666591023
1329.2,34.16713379015379
1329.4,34.12637278109083
1329.6,35.21630400927414
1329.8,34.204874114764124
1330.0,34.31984544909585
1330.2,35.038932335305795
1330.4,34.38031028701889
1330.6,35.543221562950706
1330.8,35.17317037139914
1331.0,35.08677977351003
1331.2,36.36943306267352
1331.4,37.155922941364736
1331.6,37.74713957989355
1331.8,38.14363634391743
1332.0,39.044096837264966
1332.2,38.88116413048377
1332.4,37.94560685805805
1332.6,37.56477771108898
1332.8,37.628539558262794
1333.0,37.31059851014494
1333.2,36.36395891443803
1333.4,36.55943390214759
1333.6,36.06064619178822
1333.8,36.98456263430183
1334.0,36.8380090737002
1334.2,38.462629540229216
1334.4,37.90904379441753
1334.6,37.96615010313373
1334.8,37.328627179912
1335.0,37.592096597152135
1335.2,38.75500782025131
1335.4,38.87015438467883
1335.6,39.11556126311661
1335.8,39.0715857427971
1336.0,38.98592097990827
1336.2,39.40228717524157
1336.4,39.5171093628654
1336.6,40.04162833785973
1336.8,40.142963689502636
1337.0,38.577028877875435
1337.2,37.83825034323525
1337.4,38.75421982694689
1337.6,38.08638770413629
1337.8,36.43753797525193
1338.0,36.72841285813565
1338.2,35.64616740618015
1338.4,35.6041611824663
1338.6,36.05930894378881
1338.8,35.23331465513181
1339.0,35.60194289942132
1339.2,35.552634338988426
1339.4,34.532427439108545
1339.6,35.5125412748696
1339.8,35.631800288463765
1340.0,34.99495677400505
1340.2,34.29743885840642
1340.4,34.786998639836426
1340.6,35.347186101975026
1340.8,34.85821216838405
1341.0,34.7880996515953
1341.2,34.0826854805648
1341.4,34.15136203115714
1341.6,33.37664719601099
1341.8,33.19935699520885
1342.0,32.07663125979517
1342.2,32.652642653339036
1342.4,33.04569061725672
1342.6,33.18881752541797
1342.8,32.4129691232926
1343.0,32.80772037342675
1343.2,32.5999869014756
1343.4,33.84856178930335
1343.6,34.24481609268965
1343.8,34.466462400687035
1344.0,34.701437641094785
1344.2,34.23627126018256
1344.4,35.33972070508494
1344.6,35.737554058200736
1344.8,36.377486148821966
1345.0,35.90800629389106
1345.2,34.66359842908354
1345.4,33.65284868553123
1345.6,34.157887350361776
1345.8,34.24578865687164
1346.0,34.05105416122448
1346.2,33.47587493164025
1346.4,33.15884500527699
1346.6,32.59360619202039
1346.8,32.06714741904352
1347.0,32.098046437704305
1347.2,30.411859206866964
1347.4,28.97948085153866
1347.6,29.505976536293783
1347.8,29.745990217910432
1348.0,29.341968387875266
1348.2,28.35446834082735
1348.4,28.65434514533636
1348.6,28.569257704277486
1348.8,28.315668459767615
1349.0,28.725006048112576
1349.2,27.0324938234524
1349.4,27.681892238605567
1349.6,27.751098200608034
1349.8,27.91965403091811
1350.0,28.334323314906943
1350.2,28.792582835942113
1350.4,28.385483111266787
1350.6,27.786180923107842
1350.8,28.739780442475563
1351.0,28.98706414152569
1351.2,29.085784289932825
1351.4,29.33821828932954
1351.6,28.474979602421836
1351.8,28.964765961251622
1352.0,29.38465741940953
1352.2,29.825634778009032
1352.4,29.74707329248958
1352.6,29.624087006387008
1352.8,28.394478567597076
1353.0,28.132905026065615
1353.2,29.126463448216423
1353.4,30.225388195887536
1353.6,29.88026063050039
1353.8,29.99142204168075
1354.0,29.58582975780368
1354.2,30.14584639968669
1354.4,30.09267992818364
1354.6,31.122750003098023
1354.8,31.638412702050964
1355.0,31.323499802592206
1355.2,32.82983159415871
1355.4,33.60793238900979
1355.6,33.603364119544324
1355.8,34.44694743427073
1356.0,34.11898546563006
1356.2,34.31841026564035
1356.4,34.101808174958556
1356.6,33.74279524090443
1356.8,34.24387313313291
1357.0,34.245004290079216
1357.2,36.06399575780209
1357.4,35.85519617118112
1357.6,35.44867856329375
1357.8,35.73447688269094
1358.0,36.57348868137997
1358.2,36.47311720648386
1358.4,35.20845922893445
1358.6,34.52830876404694
1358.8,34.107650127028954
1359.0,33.48884845126607
1359.2,34.721359669154104
1359.4,35.09473161183378
1359.6,34.58664584756902
1359.8,34.43565620751797
1360.0,33.627343587075416
1360.2,33.69992747895325
1360.4,32.981563934153876
1360.6,32.8703528123549
1360.8,33.13231071023442
1361.0,33.590887508827095
1361.2,31.454236655592226
1361.4,32.468648899203465
1361.6,33.25093423517151
1361.8,33.554985866586584
1362.0,35.470487444630145
1362.2,34.00700554054452
1362.4,35.68362368144835
1362.6,37.226512464829696
1362.8,36.80574513331749
1363.0,37.047955416295935
1363.2,36.57484729639732
1363.4,35.502195043198306
1363.6,36.00428687540283
1363.8,36.18905537172649
1364.0,35.58669004916217
1364.2,34.378946814704825
1364.4,34.15877809547767
1364.6,33.01424580400329
1364.8,33.279120158220806
1365.0,34.2207520049583
1365.2,34.59418566280125
1365.4,35.64081145461309
1365.6,34.84600473157918
1365.8,36.10715557665253
1366.0,36.231249046371005
1366.2,35.83467045614036
1366.4,35.714801722954064
1366.6,36.35029171759287
1366.8,37.01664787448922
1367.0,35.872165946376825
1367.2,36.2842748114955
1367.4,36.88982319348079
1367.6,37.32850614153488
1367.8,36.89587073210336
1368.0,37.31474993816407
1368.2,37.33108422578978
1368.4,36.9864714879308
1368.6,35.406508282070476
1368.8,34.73630606316326
1369.0,34.82259754817867
1369.2,33.86291698735499
1369.4,33.206566802148615
1369.6,33.72593631198374
1369.8,32.30890567662017
1370.0,31.477648309562753
1370.2,31.490689508629185
1370.4,32.413905721496896
1370.6,33.33630580772315
1370.8,32.99507042652777
1371.0,33.61319975833225
1371.2,32.441418258541354
1371.4,31.683689570092632
1371.6,31.43930783707409
1371.8,31.636564199655623
1372.0,32.09877520549871
1372.2,31.293868317283998
1372.4,30.756882238020825
1372.6,30.367770964852227
1372.8,30.540486775989883
1373.0,31.3943708332975
1373.2,31.168889890369492
1373.4,31.360444600832146
1373.6,29.4136524419945
1373.8,29.44673729547319
1374.0,29.806508980720047
1374.2,31.26759003987917
1374.4,31.636617776526577
1374.6,31.9482254569617
1374.8,32.098005369643616
1375.0,32.605778662090366
1375.2,33.736885893388504
1375.4,33.633257135113304
1375.6,34.479051026491106
1375.8,34.227284669654104
1376.0,34.25122191181754
1376.2,34.60639389123044
1376.4,34.68082148161268
1376.6,35.78656957288919
1376.8,37.39990406893324
1377.0,37.06364101220346
1377.2,36.172496413838616
1377.4,35.75776261395916
1377.6,36.68866106935724
1377.8,36.042343677426594
1378.0,36.26419804092463
1378.2,36.383485017186544
1378.4,35.731939492872314
1378.6,36.50760626033862
1378.8,37.38763248160399
1379.0,38.020276273897345
1379.2,37.50095781900183
1379.4,36.24154637870659
1379.6,36.80755841066936
1379.8,36.695450229871625
1380.0,36.77534525360903
1380.2,36.84704525460393
1380.4,37.178189247043484
1380.6,36.4874811289562
1380.8,36.65565873847082
1381.0,36.85464812445762
1381.2,37.2415747929901
1381.4,36.95269472750491
1381.6,36.82846681333773
1381.8,36.96847194462634
1382.0,37.0523220021059
1382.2,36.062373754362625
1382.4,35.32239763926416
1382.6,34.85731879245123
1382.8,34.57586192966702
1383.0,35.02251679254936
1383.2,35.08459707176306
1383.4,33.9242331948626
1383.6,33.569987337697135
1383.8,33.16918201040873
1384.0,33.27324077683934
1384.2,34.55395066870091
1384.4,34.8869126334601
1384.6,36.047069652014116
1384.8,36.26801713518547
1385.0,36.698978272109024
1385.2,35.78226232580407
1385.4,36.80373612675514
1385.6,37.51721667430918
1385.8,37.929953633213465
1386.0,37.307420683345335
1386.2,37.3003740451714
1386.4,36.81909966115205
1386.6,38.08800008408482
1386.8,37.61176983101753
1387.0,38.03709048825646
1387.2,37.0546967479904
1387.4,36.57644569436246
1387.6,36.40148729518833
1387.8,37.262644832699465
1388.0,37.34794930620364
1388.2,36.811608518041695
1388.4,36.911698401636514
1388.6,35.78254267018119
1388.8,34.69763723267781
1389.0,34.182045054217284
1389.2,34.07520448357133
1389.4,36.06543816515955
1389.6,35.69167431227889
1389.8,35.66059879226937
1390.0,34.88677872206418
1390.2,35.769914572725675
1390.4,34.959329509073044
1390.6,34.424467693729994
1390.8,34.775245065822844
1391.0,34.722322300381336
1391.2,34.533140004401
1391.4,34.680948365883644
1391.6,35.260432276287816
1391.8,35.88140261244481
1392.0,35.41024095497193
1392.2,35.218597618438984
1392.4,35.59017125265783
1392.6,34.875746534328066
1392.8,35.13584142024556
1393.0,34.72072006170342
1393.2,35.19265660242815
1393.4,36.349747089180596
1393.6,35.351184417212146
1393.8,34.3565074464454
1394.0,34.947171650556264
1394.2,34.99973848688394
1394.4,36.484953537631256
1394.6,37.36822175794762
1394.8,38.30940373712113
1395.0,37.074586405064515
1395.2,35.696612661970455
1395.4,35.22718605844422
1395.6,34.51665495626549
1395.8,34.21973227609012
1396.0,34.01439943267988
1396.2,34.47725111873054
1396.4,34.43192747090028
1396.6,34.490726935899936
1396.8,33.534282710578196
1397.0,33.78756796674746
1397.2,33.41468031599454
1397.4,33.72192023914787
1397.6,32.904833371878716
1397.8,32.67004334988649
1398.0,32.56342484767192
1398.2,32.75671878846454
1398.4,32.35906556047368
1398.6,32.607241127550544
1398.8,32.3317971266828
1399.0,32.856230382875175
1399.2,31.61742576769568
1399.4,30.435168657011253
1399.6,31.537544406584676
1399.8,32.14920123035909
1400.0,31.17554739537207
1400.2,32.10427761775117
1400.4,32.473543810790545
1400.6,33.74399682075018
1400.8,33.80445597934591
1401.0,33.412644702471
1401.2,33.25445239888233
1401.4,33.13788050778139
1401.6,33.41146584434426
1401.8,34.07248085966289
1402.0,33.88279204915697
1402.2,34.46740089917771
1402.4,34.95151780249055
1402.6,35.66843244218391
1402.8,35.46359702538152
1403.0,35.325186267682945
1403.2,34.32425333824262
1403.4,35.454458073264206
1403.6,35.2280332929229
1403.8,34.43898279713704
1404.0,34.48175781832519
1404.2,33.94996176202731
1404.4,33.45024720171368
1404.6,34.255977614197775
1404.8,34.29556595843862
1405.0,34.28122285485502
1405.2,34.69030024583952
1405.4,34.564166618947176
1405.6,36.388064237681384
1405.8,37.39841120663642
1406.0,37.343122000671656
1406.2,35.912294045907565
1406.4,36.59371063300001
1406.6,37.776660106170546
1406.8,37.10158294243469
1407.0,37.726745393045874
1407.2,37.69413238920933
1407.4,38.12602738346794
1407.6,37.534845420726704
1407.8,36.00384190945157
1408.0,36.14573809246443
1408.2,36.33600740836624
1408.4,36.742508414865114
1408.6,37.062750680972215
1408.8,37.79838388288659
1409.0,36.54140949106847
1409.2,37.00959094773954
1409.4,37.04052191886252
1409.6,36.94970105865728
1409.8,36.4260062180883
1410.0,36.67869978900535
1410.2,36.91713185790764
1410.4,38.45342488214603
1410.6,39.73749008891775
1410.8,40.61313980988183
1411.0,40.475890368504395
1411.2,40.14476596259557
1411.4,40.90411089686061
1411.6,41.218647238164635
1411.8,41.61976246767995
1412.0,39.48388341683661
1412.2,40.16772602485747
1412.4,40.750186579096514
1412.6,41.47944272641094
1412.8,41.118738023577414
1413.0,39.89446134750632
1413.2,38.98889376703374
1413.4,39.58583009287601
1413.6,40.277633308760144
1413.8,39.84010186599447
1414.0,40.086743430073554
1414.2,39.95809252178994
1414.4,40.20044892095983
1414.6,39.98810760208242
1414.8,41.42561932553817
1415.0,40.9354411716796
1415.2,41.66604942414238
1415.4,42.6633345804565
1415.6,41.92167691077998
1415.8,42.4071596865345
1416.0,43.122144156768584
1416.2,43.04706699975418
1416.4,42.853323570008534
1416.6,42.77726405171559
1416.8,42.82984371711004
1417.0,42.98862397036653
1417.2,42.86426112784117
1417.4,41.89557270778685
1417.6,42.63721003813852
1417.8,42.81547611944744
1418.0,43.6664245359554
1418.2,43.82043338316024
1418.4,44.104348449682966
1418.6,43.94895912649521
1418.8,42.392971974413804
1419.0,40.22314435444038
1419.2,40.62149379578138
1419.4,40.77177199865002
1419.6,39.949295214293755
1419.8,38.44430057159651
1420.0,37.93966056467633
1420.2,37.42837994286119
1420.4,37.22505097835579
1420.6,37.707531598967506
1420.8,37.439041083395466
1421.0,38.78205231841137
1421.2,39.027799682991756
1421.4,38.286379267479454
1421.6,39.45643272072404
1421.8,38.94346533253847
1422.0,39.495859571522246
1422.2,40.87424922776296
1422.4,41.56613782310587
1422.6,41.60781166772346
1422.8,42.87979026907919
1423.0,42.145867933022444
1423.2,41.15406357215861
1423.4,42.55920803623388
1423.6,42.98244979591611
1423.8,43.84744977482562
1424.0,43.69598419105805
1424.2,43.49729048521727
1424.4,44.236078035775634
1424.6,44.90147957268409
1424.8,46.145500201528904
1425.0,46.039181383628076
1425.2,45.915682080193505
1425.4,46.11008807883554
1425.6,46.56481779968548
1425.8,46.76337327189085
1426.0,47.05035828494622
1426.2,46.75598070310897
1426.4,45.60751615470594
1426.6,45.05228186376742
1426.8,45.05210651422245
1427.0,44.32268207558435
1427.2,44.19034437576367
1427.4,44.15425973150641
1427.6,43.953960922229825
1427.8,44.74710215743408
1428.0,45.75012243264463
1428.2,46.43182780055717
1428.4,45.87809577933423
1428.6,45.46796429399052
1428.8,45.44019286944291
1429.0,46.48774318864176
1429.2,44.73885249783912
1429.4,45.7175199934792
1429.6,45.952098035069746
1429.8,44.85271669706043
1430.0,45.719589264733706
1430.2,45.092979071467084
1430.4,43.81981194752291
1430.6,43.80574129951598
1430.8,45.737601206025964
1431.0,47.570494168826855
1431.2,46.24545243694613
1431.4,45.38984215761387
1431.6,44.39540916157586
1431.8,44.598284250757544
1432.0,42.948047215059745
1432.2,42.56495855529002
1432.4,44.06071042945348
1432.6,42.91158090132038
1432.8,43.563062062238124
1433.0,44.48295277714877
1433.2,43.933546449763796
1433.4,43.443490391165156
1433.6,43.489285311648196
1433.8,44.03035732154605
1434.0,44.36757414511095
1434.2,45.05361200597782
1434.4,44.55530870207197
1434.6,43.77123970784969
1434.8,44.277699166112335
1435.0,45.76371359964686
1435.2,45.449630586849594
1435.4,44.067712384892886
1435.6,43.97896451188177
1435.8,45.13751571065222
1436.0,44.18113607673246
1436.2,44.17155810643311
1436.4,43.850126055192405
1436.6,43.697844061109244
1436.8,44.07274953181856
1437.0,44.50282928110552
1437.2,43.05715769451134
1437.4,42.41219502789859
1437.6,43.666617779131386
1437.8,43.995023969600226
1438.0,43.18222854457922
1438.2,42.952135853938564
1438.4,41.50887099436812
1438.6,41.596202173584274
1438.8,43.64185962890958
1439.0,44.44119159097593
1439.2,43.93818649471608
1439.4,44.121984912008344
1439.6,44.0288363642437
1439.8,44.48839806071905
1440.0,44.38721532554818
1440.2,44.66628659677073
1440.4,43.147477339354374
1440.6,43.27026958896021
1440.8,41.77869987047178
1441.0,40.49060810502037
1441.2,39.50096433832336
1441.4,39.147528767026294
1441.6,39.44991657806348
1441.8,39.69373124846016
1442.0,39.882172347844566
1442.2,40.47037231368566
1442.4,41.2766117642327
1442.6,41.66356869708733
1442.8,42.75242793702873
1443.0,42.34640509362176
1443.2,43.39833874681817
1443.4,43.21302715683789
1443.6,43.8442384931762
1443.8,44.472741081765804
1444.0,44.425601313547844
1444.2,43.76670401799889
1444.4,42.67505078126238
1444.6,43.35780805696537
1444.8,43.490714917171616
1445.0,43.950010472766856
1445.2,44.87011614052026
1445.4,44.39236374369399
1445.6,45.313581161588345
1445.8,46.76450393014519
1446.0,46.86593047419707
1446.2,47.85312646994655
1446.4,47.43644879093432
1446.6,47.50797755982592
1446.8,47.87574398416076
1447.0,46.33363332095682
1447.2,44.82025998823114
1447.4,45.19795206547791
1447.6,44.75422481397972
1447.8,45.02950510709798
1448.0,44.24783314639499
1448.2,44.06824425514078
1448.4,45.66691130812395
1448.6,46.52996837405655
1448.8,46.38728475833445
1449.0,45.66431995754818
1449.2,46.159987492556986
1449.4,47.9255107184732
1449.6,48.498835703522914
1449.8,47.41367587196748
1450.0,47.8988341964195
1450.2,46.942615628204024
1450.4,46.89354187944669
1450.6,46.702083019033665
1450.8,46.99915122167356
1451.0,44.689228846345294
1451.2,45.0666727265751
1451.4,46.57707469283508
1451.6,46.21809974017203
1451.8,46.192606286950635
1452.0,45.15510266120535
1452.2,44.784049416909504
1452.4,45.87871624027181
1452.6,45.50168572018558
1452.8,43.52062222178488
1453.0,43.26716286641049
1453.2,41.99589093043298
1453.4,41.19943905177753
1453.6,40.01331886497113
1453.8,38.69563563243653
1454.0,38.257740893594544
1454.2,38.54853958623246
1454.4,39.62537232808334
1454.6,40.07766083071409
1454.8,40.06081562366824
1455.0,41.359184039024555
1455.2,41.575310212908654
1455.4,41.2571939409138
1455.6,42.83842702706136
1455.8,41.38249536451161
1456.0,42.94739631090571
1456.2,42.626472780329564
1456.4,42.32272282857488
1456.6,43.08880949370807
1456.8,42.52873613602165
1457.0,41.940451512189696
1457.2,40.264447131910835
1457.4,40.08408231960036
1457.6,38.83905443879812
1457.8,39.469193021765506
1458.0,39.51062527590332
1458.2,39.80663785208563
1458.4,39.420336105917
1458.6,39.66783666032947
1458.8,39.602030416934866
1459.0,39.918387512083164
1459.2,39.901602733897896
1459.4,40.19957930828483
1459.6,40.81341450154994
1459.8,40.47357744708191
1460.0,40.14729104905151
1460.2,39.68256443727389
1460.4,38.890307956514285
1460.6,39.226168238977955
1460.8,40.14974261485169
1461.0,40.47085781642059
1461.2,39.79016639535051
1461.4,39.33972150515722
1461.6,40.53814307999055
1461.8,40.46320411931025
1462.0,39.000481127685894
1462.2,38.984685832950376
1462.4,38.457284865972674
1462.6,38.00551305419589
1462.8,36.819758429575316
1463.0,37.176388296270474
1463.2,34.6172616626955
1463.4,34.218706236253105
1463.6,34.246787280855955
1463.8,34.741825321029694
1464.0,34.87093059504096
1464.2,34.96205788017997
1464.4,34.18103174657555
1464.6,34.61728518908749
1464.8,33.931687296452665
1465.0,33.60327128604841
1465.2,34.00489962132537
1465.4,34.234628258962154
1465.6,34.754624318690205
1465.8,35.13932733072665
1466.0,34.78974601086018
1466.2,35.438092846703114
1466.4,34.26961739140478
1466.6,34.86453777224763
1466.8,35.2629522634671
1467.0,35.0905181101987
1467.2,34.89771028983957
1467.4,35.22923122708971
1467.6,34.61652913433998
1467.8,34.76080512055657
1468.0,35.54625030644345
1468.2,34.77693918213322
1468.4,35.792897425463394
1468.6,36.098332070576696
1468.8,36.45970391166123
1469.0,36.19823982633693
1469.2,35.378603848867684
1469.4,35.149199167828804
1469.6,35.77263936492207
1469.8,35.6114246885858
1470.0,35.59378844153373
1470.2,35.701561213834985
1470.4,36.07079560263061
1470.6,35.667826008377475
1470.8,36.258359914014264
1471.0,37.270348997820506
1471.2,38.20158839834129
1471.4,37.63695678263155
1471.6,34.98781922927486
1471.8,35.328459661805674
1472.0,35.258026350018014
1472.2,35.41312182238501
1472.4,35.31975081725121
1472.6,36.37360504284068
1472.8,37.13551611142295
1473.0,38.181155847874734
1473.2,38.27979899176836
1473.4,37.34800380564862
1473.6,36.60178550963253
1473.8,37.72617557619718
1474.0,37.68776563200881
1474.2,38.68611167200481
1474.4,38.66215880942677
1474.6,38.792556629071726
1474.8,38.85257575541517
1475.0,39.98405675852402
1475.2,39.13608016969364
1475.4,37.758182575686504
1475.6,37.787588785414975
1475.8,37.60429287220272
1476.0,37.37452554190157
1476.2,36.79673074551303
1476.4,38.18497762151507
1476.6,37.91715355528989
1476.8,38.79208571006768
1477.0,39.105596640339904
1477.2,38.746131001896515
1477.4,37.43357755934919
1477.6,37.11086068416997
1477.8,37.047046724369736
1478.0,36.80294683701197
1478.2,36.54200022057894
1478.4,37.302243605008016
1478.6,37.01162968227173
1478.8,36.77636935225113
1479.0,36.47175906573367
1479.2,37.36837947313253
1479.4,36.51837671528679
1479.6,36.30608274097724
1479.8,36.4269979046485
1480.0,35.438740641222445
1480.2,36.08585296672576
1480.4,37.07865502859643
1480.6,37.9048735668785
1480.8,38.07948223856145
1481.0,38.53441702262725
1481.2,39.66583613317252
1481.4,40.70628015465778
1481.6,40.27128456097054
1481.8,40.08564804588617
1482.0,39.91937109665889
1482.2,39.48370798438059
1482.4,39.31664102277821
1482.6,39.21987668424421
1482.8,39.29923192704462
1483.0,40.36133493337604
1483.2,41.47220508870802
1483.4,42.04540060714187
1483.6,41.404173977113444
1483.8,40.572264130454734
1484.0,40.96229655760689
1484.2,40.91387384052179
1484.4,41.85969192210572
1484.6,42.412919835473524
1484.8,42.99797674875095
1485.0,42.32696307943495
1485.2,41.61131816807394
1485.4,41.94370335523567
1485.6,40.9247398007528
1485.8,39.92898886125724
1486.0,41.148244363852356
1486.2,41.41047744143053
1486.4,42.11598801688682
1486.6,42.377896531173384
1486.8,42.056186589559985
1487.0,42.2943961192947
1487.2,41.48802328228249
1487.4,41.851565030602764
1487.6,41.96384304354957
1487.8,41.891341538392766
1488.0,42.76698123948595
1488.2,42.68641583124242
1488.4,43.509778816933334
1488.6,42.16797566762435
1488.8,42.014193065994704
1489.0,42.642532137394554
1489.2,43.464354660062114
1489.4,43.681514484893455
1489.6,43.07765728748749
1489.8,42.404329417474955
1490.0,40.628673064785836
1490.2,41.1736793617862
1490.4,41.54292006771121
1490.6,43.03358589546785
1490.8,42.574937028841305
1491.0,43.17453243511514
1491.2,42.90488404569243
1491.4,43.43919079129102
1491.6,44.56802130452524
1491.8,44.24126962099755
1492.0,45.42100307783989
1492.2,45.205041167095
1492.4,45.250064389402084
1492.6,45.10826424113688
1492.8,45.580017392593454
1493.0,46.13826652739157
1493.2,46.300414667223635
1493.4,46.33485309354124
1493.6,47.14919219500632
1493.8,45.739062558070145
1494.0,45.66850867434687
1494.2,44.71271328222944
1494.4,43.62723350965193
1494.6,42.63745578246221
1494.8,41.318442181284226
1495.0,40.44272534995187
1495.2,40.00415342127717
1495.4,39.71805011023687
1495.6,40.16619320137412
1495.8,40.99722302853996
1496.0,41.06536936529851
1496.2,40.038809176215366
1496.4,41.55472276969486
1496.6,42.225803140357755
1496.8,41.21962996849474
1497.0,40.61428801406417
1497.2,40.72106607472954
1497.4,40.73399011232243
1497.6,41.259731359725755
1497.8,40.66253719438822
1498.0,39.96315561655119
1498.2,39.3808564546898
1498.4,38.34399980515474
1498.6,37.85854092113773
1498.8,37.79654812526057
1499.0,36.35685302852881
1499.2,36.83607809717314
1499.4,36.70214072681108
1499.6,37.43030870885461
1499.8,37.890803861554915
1500.0,36.95461710798495
1500.2,37.075368230242894
1500.4,38.248509629943804
1500.6,38.67761193354609
1500.8,38.602102046594446
1501.0,36.70513572358979
1501.2,35.16819670754489
1501.4,36.19954455400578
1501.6,36.85947910898955
1501.8,36.84989715575207
1502.0,35.46765679977234
1502.2,35.31068697418414
1502.4,36.15786659948681
1502.6,36.41615198870367
1502.8,35.39056938078902
1503.0,35.589154456145636
1503.2,36.17441790010326
1503.4,36.36423935808907
1503.6,37.04919338107056
1503.8,37.17787331667956
1504.0,37.66057010741465
1504.2,36.504642073807034
1504.4,36.47596039249207
1504.6,37.84177988176121
1504.8,38.48646655035331
1505.0,39.562133185553684
1505.2,39.69570344945837
1505.4,39.272793824575444
1505.6,38.784479513257224
1505.8,38.80318598428355
1506.0,38.33687379949114
1506.2,38.08072484752488
1506.4,38.95774261734334
1506.6,39.39893405941126
1506.8,39.12861538477442
1507.0,38.98951091195384
1507.2,37.84216212261528
1507.4,37.866492141085764
1507.6,38.07953915910766
1507.8,38.06191284896335
1508.0,38.81485858835333
1508.2,38.135500095307535
1508.4,38.76517847562974
1508.6,39.59878748067022
1508.8,39.96226342399546
1509.0,39.463337581005526
1509.2,39.1497687188192
1509.4,38.33671294849921
1509.6,37.95418940021068
1509.8,38.74525371068157
1510.0,37.520175255045345
1510.2,37.28541875730114
1510.4,36.96407750785199
1510.6,36.60194872239471
1510.8,35.837535037806916
1511.0,36.172216136538125
1511.2,35.79954162380387
1511.4,35.41867360075989
1511.6,35.16821966988658
1511.8,36.352635685869956
1512.0,36.7770058390186
1512.2,37.861056037788046
1512.4,36.28612117218014
1512.6,36.43165299024032
1512.8,36.607239850293645
1513.0,36.3261644978644
1513.2,36.659281764483666
1513.4,36.08789427870309
1513.6,35.61796762701947
1513.8,34.82994520923121
1514.0,34.67374190816018
1514.2,34.4882018383257
1514.4,34.323360315104814
1514.6,35.21286643397917
1514.8,34.78457244155267
1515.0,35.08236530852444
1515.2,35.30494382031296
1515.4,35.15076199477417
1515.6,35.22337886838193
1515.8,34.78006693957655
1516.0,35.76358061267098
1516.2,36.289197320942236
1516.4,36.79333512204184
1516.6,36.35303803143146
1516.8,37.59051338310983
1517.0,38.27233087891904
1517.2,38.432553144547754
1517.4,37.51383311297472
1517.6,37.51576954067058
1517.8,37.323976271848316
1518.0,37.57654233997321
1518.2,37.22333221689471
1518.4,37.44736180239407
1518.6,36.27838317026246
1518.8,34.8462127829123
1519.0,33.48385565526644
1519.2,33.455464264731944
1519.4,33.7178574346949
1519.6,33.197260549953135
1519.8,33.1805049961618
1520.0,32.80904918425167
1520.2,32.45701994303306
1520.4,32.4831508376963
1520.6,32.072696680034326
1520.8,32.91202488471312
1521.0,32.963531721035785
1521.2,32.25157833073041
1521.4,32.53416552383462
1521.6,32.74888045849142
1521.8,32.41811285081376
1522.0,32.336644757406134
1522.2,33.59166515610599
1522.4,34.325686929611315
1522.6,33.62105516644543
1522.8,34.812950754881186
1523.0,35.10637199571701
1523.2,36.189189726235725
1523.4,36.84731931262202
1523.6,36.889699920103844
1523.8,35.70551540012096
1524.0,34.7019448846513
1524.2,33.871062591777424
1524.4,34.60359022891933
1524.6,34.437097059046806
1524.8,34.23915341059606
1525.0,33.07116321124739
1525.2,31.93386950425534
1525.4,31.576686473279967
1525.6,31.703766844767326
1525.8,31.84091100103138
1526.0,31.60237653197916
1526.2,31.539701542399236
1526.4,30.667184327786494
1526.6,30.16441846188733
1526.8,30.662652197885404
1527.0,30.494796152595114
1527.2,30.77852305649443
1527.4,30.397071128434632
1527.6,29.628148699690826
1527.8,30.952535749015464
1528.0,31.204487262509154
1528.2,31.090720233500555
1528.4,31.23721402432301
1528.6,32.358651162908906
1528.8,33.294855230378914
1529.0,32.25206679572843
1529.2,32.356548435284886
1529.4,32.16736304878309
1529.6,32.1294091658148
1529.8,32.205094551384036
1530.0,32.704405019892434
1530.2,33.44426087514168
1530.4,33.65949827798916
1530.6,34.511064858643465
1530.8,34.4248754296019
1531.0,34.887219959494224
1531.2,34.82928652648249
1531.4,34.76023737832281
1531.6,34.17542294090445
1531.8,34.13479263906726
1532.0,34.4246594279059
1532.2,32.924370453806475
1532.4,32.46073077609924
1532.6,31.81965632060159
1532.8,32.23681616608423
1533.0,32.41882331794595
1533.2,32.92386314950418
1533.4,33.721895024319736
1533.6,33.464479316273476
1533.8,33.00200604504979
1534.0,32.352573886020984
1534.2,32.34189298582035
1534.4,32.25395111606513
1534.6,31.49325498176331
1534.8,32.34342424943045
1535.0,31.909797707032336
1535.2,32.155777087499864
1535.4,33.182826583940866
1535.6,32.996220351301346
1535.8,33.05705870690246
1536.0,33.79205011750683
1536.2,33.262441576241045
1536.4,33.636631656719864
1536.6,33.589745817206634
1536.8,33.389018384875676
1537.0,33.38988376356059
1537.2,35.45383767479599
1537.4,35.28789614640801
1537.6,35.32754233440095
1537.8,35.03073631162727
1538.0,37.38333009387325
1538.2,37.14489051370315
1538.4,37.71536200062367
1538.6,38.34309127171905
1538.8,38.63971928947426
1539.0,39.2701352916924
1539.2,38.868533384500665
1539.4,38.38091148026417
1539.6,37.85891692682331
1539.8,39.363062565354575
1540.0,39.24661411219831
1540.2,39.77156335468338
1540.4,40.705984859013014
1540.6,40.8649982324664
1540.8,39.93601411138934
1541.0,39.96696797268688
1541.2,40.50912840494902
1541.4,41.08920258123038
1541.6,40.3319760431213
1541.8,41.42514205129096
1542.0,41.41524115153576
1542.2,40.682417040081866
1542.4,41.12068103311087
1542.6,41.260104085707965
1542.8,40.68663811987845
1543.0,38.9430546328513
1543.2,39.243401233826845
1543.4,39.11961802699387
1543.6,39.22352126445356
1543.8,38.923191927343474
1544.0,39.69047060190298
1544.2,40.113209675910014
1544.4,40.31894717980842
1544.6,41.38641941047817
1544.8,41.72479408275454
1545.0,42.37001369105536
1545.2,42.14954013562468
1545.4,41.352692696202844
1545.6,40.92436734908949
1545.8,40.72800040904241
1546.0,41.46449953828534
1546.2,42.383717358758176
1546.4,41.22502290069883
1546.6,40.47904406741129
1546.8,39.96804714994455
1547.0,41.613190566463196
1547.2,42.189670338099035
1547.4,42.02276998407374
1547.6,42.911571776520205
1547.8,43.451957345609955
1548.0,41.99157663427349
1548.2,41.645313654239644
1548.4,41.02754717816576
1548.6,41.50281857385177
1548.8,41.602355451453704
1549.0,43.082438312675464
1549.2,42.52093108766819
1549.4,42.68472674665445
1549.6,43.42443413339569
1549.8,43.751137191982934
1550.0,43.664250462726564
1550.2,44.26422042666203
1550.4,43.90629247564466
1550.6,43.741145080923886
1550.8,44.19109154313909
1551.0,43.931449815951034
1551.2,43.31459750162616
1551.4,43.75190269542232
1551.6,43.95963797746535
1551.8,42.97665577252464
1552.0,41.96028576388295
1552.2,42.2637637526386
1552.4,41.864018046522176
1552.6,42.34944949538442
1552.8,41.98236674661408
1553.0,41.492939798204645
1553.2,42.255576002342735
1553.4,42.48319652023713
1553.6,42.36442376419926
1553.8,41.17861538646673
1554.0,41.57149352337251
1554.2,41.146828355471314
1554.4,41.026071064115264
1554.6,41.53251940483962
1554.8,42.58170973841797
1555.0,42.60367150455818
1555.2,42.62109802078135
1555.4,42.42464871937963
1555.6,42.76266802907189
1555.8,43.544880485713534
1556.0,43.99489186470242
1556.2,44.05829879945669
1556.4,43.74868675789635
1556.6,45.02984052528444
1556.8,44.83302606542351
1557.0,45.694407581134236
1557.2,45.52873623088275
1557.4,46.56611063618379
1557.6,46.660502589427196
1557.8,48.13550905519677
1558.0,47.279957786345776
1558.2,47.45153650619615
1558.4,48.44113742685813
1558.6,48.213817125294504
1558.8,48.6681615478518
1559.0,47.83295562800018
1559.2,48.43999873058984
1559.4,48.23607598681866
1559.6,48.906392916069905
1559.8,48.723826227545985
1560.0,48.4785953558879
1560.2,48.54828029111063
1560.4,47.95260557888562
1560.6,47.578246549729066
1560.8,48.70237873540434
1561.0,48.905301297894546
1561.2,48.29946781831599
1561.4,47.46050902725866
1561.6,47.70874633098839
1561.8,46.7138802750373
1562.0,47.74558981296642
1562.2,47.119516438624515
1562.4,47.37660205015537
1562.6,47.23095702350312
1562.8,46.70169254582645
1563.0,46.59177102155297
1563.2,45.24080963434799
1563.4,45.89785233819002
1563.6,47.114863303177486
1563.8,49.18619693700764
1564.0,48.616976442276254
1564.2,49.90318763221934
1564.4,48.02164175815329
1564.6,46.0392511306767
1564.8,45.29525666271522
1565.0,44.76095344665726
1565.2,45.14198866856169
1565.4,43.30137486864682
1565.6,43.357276514184576
1565.8,43.45139347812071
1566.0,42.16459985554057
1566.2,42.30212414889803
1566.4,42.591819365995946
1566.6,43.51285743270223
1566.8,43.56747893378174
1567.0,43.936373724288586
1567.2,43.67480545460928
1567.4,43.77075306725644
1567.6,43.664960604801365
1567.8,44.058081452623476
1568.0,44.10089972037262
1568.2,43.63296835836412
1568.4,43.51535652668673
1568.6,42.09157014516954
1568.8,43.85441794152002
1569.0,43.29168093267402
1569.2,42.78818754134606
1569.4,42.836980541606266
1569.6,43.14489623223494
1569.8,43.73846930588945
1570.0,43.568060734436926
1570.2,43.49157272258622
1570.4,42.53430218104465
1570.6,43.33854969510088
1570.8,43.30980338577308
1571.0,42.97091220797766
1571.2,42.605070431201966
1571.4,43.43831980294043
1571.6,43.136226650323444
1571.8,43.64884794427195
1572.0,44.42104702735222
1572.2,44.59912651991641
1572.4,44.33917307891267
1572.6,44.23214636207169
1572.8,45.771657908361874
1573.0,45.18062747156662
1573.2,45.19128243850511
1573.4,45.861196344644185
1573.6,46.08495792872874
1573.8,45.99610774060242
1574.0,45.908572492133565
1574.2,45.81440305362595
1574.4,46.44196285887229
1574.6,46.80493207094354
1574.8,46.88562364363356
1575.0,47.03091219220716
1575.2,46.18813929524336
1575.4,46.295149331714896
1575.6,47.04080540202578
1575.8,46.68787701222548
1576.0,45.751840122764705
1576.2,46.44577524124941
1576.4,46.89350895411081
1576.6,47.27073416823381
1576.8,47.80087233735883
1577.0,46.35161740027269
1577.2,46.831361546991104
1577.4,46.693776341651805
1577.6,46.83079377150632
1577.8,46.54355736607265
1578.0,46.7591182187809
1578.2,47.67208328271786
1578.4,48.450593679334716
1578.6,49.116863908855485
1578.8,48.13916357346496
1579.0,48.790533399995795
1579.2,47.6072644320882
1579.4,47.52481746805563
1579.6,46.033654050544484
1579.8,45.738662193834685
1580.0,45.63445216657164
1580.2,46.32332338563466
1580.4,46.7043036040713
1580.6,45.800296213088515
1580.8,45.767003956948685
1581.0,44.952521130000676
1581.2,44.48685918842705
1581.4,43.99666578760499
1581.6,43.49893007025798
1581.8,43.79360385743938
1582.0,42.91681763240872
1582.2,42.012064738502126
1582.4,42.18465371903776
1582.6,42.851826111711205
1582.8,42.4657643915943
1583.0,42.52558918273458
1583.2,42.75888793943784
1583.4,43.11044966752032
1583.6,42.77741205957148
1583.8,43.29925934213109
1584.0,43.21734549803527
1584.2,45.48996566439107
1584.4,43.70051889436343
1584.6,42.716246459072394
1584.8,41.094345481864735
1585.0,42.21159100101228
1585.2,41.748822976123236
1585.4,41.593523013436375
1585.6,41.28280478850188
1585.8,40.82101584478012
1586.0,41.34733914232454
1586.2,40.19769628174455
1586.4,39.473427057393884
1586.6,39.39796267348608
1586.8,41.04419635751816
1587.0,41.39476726502047
1587.2,40.16084153712594
1587.4,39.138717475692154
1587.6,40.03804421798147
1587.8,38.74801298009607
1588.0,39.09066324373386
1588.2,38.869229150853634
1588.4,40.409917096393116
1588.6,40.66570183068815
1588.8,39.546038384614256
1589.0,40.48828307024871
1589.2,40.25077262345218
1589.4,39.78742917990313
1589.6,39.3698457162618
1589.8,40.31181694792633
1590.0,39.648689037225104
1590.2,39.260528859283674
1590.4,38.1323319140388
1590.6,38.975922200797925
1590.8,38.6139592911193
1591.0,37.88637904198977
1591.2,38.36014129004454
1591.4,37.77349021386107
1591.6,37.77649135273364
1591.8,38.57112694096781
1592.0,37.60054467039928
1592.2,38.213602478904804
1592.4,38.54787446795416
1592.6,38.591506132341
1592.8,37.625645820270066
1593.0,37.88539327593121
1593.2,37.82801329646208
1593.4,39.93755065563669
1593.6,39.826993130593415
1593.8,39.24659639599945
1594.0,39.59404580784133
1594.2,39.08553356084987
1594.4,39.73897650818848
1594.6,39.70209162854368
1594.8,41.065803219661746
1595.0,40.99631384516671
1595.2,41.254088362268966
1595.4,40.692488987631776
1595.6,40.93745709984059
1595.8,41.740438458803
1596.0,40.25660447779997
1596.2,39.56194886611165
1596.4,40.34254849402157
1596.6,40.14922499432163
1596.8,39.91731288769715
1597.0,39.24505373830997
1597.2,40.24328863306447
1597.4,41.41796789253342
1597.6,41.61252893327895
1597.8,41.052542542058475
1598.0,41.253972947154836
1598.2,40.53527916794562
1598.4,40.726102500242234
1598.6,40.928614699443145
1598.8,39.787802545048415
1599.0,40.657908556266385
1599.2,39.52566127805532
1599.4,39.43601982898413
1599.6,40.150008452892195
1599.8,39.334591794780415
1600.0,39.652694273204965
1600.2,39.68592268681031
1600.4,40.08195567278419
1600.6,40.17879559854386
1600.8,40.49277380654132
1601.0,40.02438741426755
1601.2,39.064673111706355
1601.4,39.42939532709259
1601.6,40.74767568136223
1601.8,40.28096594510278
1602.0,40.725372441529146
1602.2,39.38608843347377
1602.4,40.45126073975611
1602.6,40.83859800635801
1602.8,40.481926746467565
1603.0,41.784991913690405
1603.2,41.747076550473885
1603.4,41.94999273306876
1603.6,41.44619561425081
1603.8,41.22409981923602
1604.0,40.906334867165086
1604.2,41.97982597438668
1604.4,41.73648739382336
1604.6,42.992499902158485
1604.8,41.27945677960148
1605.0,40.12778076844991
1605.2,39.12417544512909
1605.4,37.162238606601335
1605.6,37.584657323551106
1605.8,36.88078985444383
1606.0,35.90597843146449
1606.2,35.044709934742045
1606.4,33.656562764068894
1606.6,32.72555605429347
1606.8,33.26582775901537
1607.0,33.073565345370596
1607.2,32.41159625030511
1607.4,32.608731538837475
1607.6,33.18437792204924
1607.8,32.76864338015444
1608.0,31.52907174843672
1608.2,31.412485500649563
1608.4,31.757704381024435
1608.6,32.04440081181885
1608.8,32.34055212603857
1609.0,33.359590712410416
1609.2,34.0275578921832
1609.4,33.67655117196865
1609.6,34.98563674356958
1609.8,33.608451561727286
1610.0,33.89745007490816
1610.2,32.9383835474333
1610.4,32.91875619840408
1610.6,33.23887161466842
1610.8,33.342743739984336
1611.0,31.132014689535495
1611.2,31.69498611011133
1611.4,32.51247106742311
1611.6,32.34101989022761
1611.8,31.519230348956757
1612.0,31.728063798208144
1612.2,32.02679326873982
1612.4,31.441906445154633
1612.6,31.32416533616354
1612.8,31.16084304539061
1613.0,30.72136832261733
1613.2,30.26277629031316
1613.4,30.97860113834457
1613.6,30.827358415518546
1613.8,30.801207163000623
1614.0,30.477852468724585
1614.2,31.446411093976717
1614.4,31.831035710959306
1614.6,33.038210937811286
1614.8,32.78549539729648
1615.0,33.59558017104587
1615.2,33.15397946769708
1615.4,33.6884819306174
1615.6,35.76107527037378
1615.8,36.46410083820224
1616.0,35.93590599977331
1616.2,34.81450943355316
1616.4,33.34799873779508
1616.6,33.67854756380012
1616.8,33.89594670010175
1617.0,35.068458268799255
1617.2,36.32326667164079
1617.4,36.51555484876128
1617.6,36.057990722573564
1617.8,35.633923155330535
1618.0,35.77745955053285
1618.2,35.23966980858892
1618.4,34.672899571352346
1618.6,35.00569278847826
1618.8,34.959678939948596
1619.0,35.49175352605857
1619.2,35.18501817484783
1619.4,34.84032351127608
1619.6,34.18077650787217
1619.8,34.10000574712184
1620.0,32.5440743259978
1620.2,34.16071055117259
1620.4,33.980756421324614
1620.6,35.49696009203932
1620.8,36.212666944955046
1621.0,36.05957038086419
1621.2,35.64631918779132
1621.4,35.5599390053534
1621.6,36.04558101033969
1621.8,35.65869874066992
1622.0,34.76738032921308
1622.2,35.11096928803488
1622.4,35.02684924690786
1622.6,35.048393992336784
1622.8,34.970916153935505
1623.0,35.94934773064099
1623.2,35.70354373711772
1623.4,35.58516020429004
1623.6,35.825721844884555
1623.8,35.15224203511494
1624.0,36.25012877629756
1624.2,35.760918230922556
1624.4,34.85869591355658
1624.6,34.561177927754606
1624.8,32.78560601407865
1625.0,33.01359152873856
1625.2,32.2358820707911
1625.4,33.2408302543356
1625.6,32.54354409037555
1625.8,32.430144460498134
1626.0,31.41710305909077
1626.2,32.06629026987548
1626.4,31.433225647890765
1626.6,31.66479119691018
1626.8,31.454433745876035
1627.0,30.221856688989142
1627.2,30.260648185568968
1627.4,31.64899445558835
1627.6,31.86026428451987
1627.8,32.24111363757673
1628.0,31.727564995858934
1628.2,30.100050833992853
1628.4,29.95208515295378
1628.6,29.34230339013698
1628.8,30.24771504483569
1629.0,31.1729771025014
1629.2,31.78112949226844
1629.4,32.4455566660576
1629.6,32.10471724079837
1629.8,33.16960164894884
1630.0,32.35273757000662
1630.2,32.25089170636002
1630.4,32.11780393321047
1630.6,31.869966920216307
1630.8,32.10614641220572
1631.0,32.499377105934705
1631.2,32.00034586001559
1631.4,30.833900013975196
1631.6,29.00037589816207
1631.8,28.710806259444787
1632.0,28.287570959350926
1632.2,28.190534888368322
1632.4,28.297226683594676
1632.6,28.420497180028313
1632.8,29.74703335223441
1633.0,29.584935823131495
1633.2,30.322829998540342
1633.4,29.860360955442292
1633.6,30.659333681567382
1633.8,30.65327223590346
1634.0,30.903019390060322
1634.2,30.44403312859665
1634.4,30.161644052206352
1634.6,31.21540275839566
1634.8,30.219800530049795
1635.0,30.264909880580472
1635.2,29.565768081257488
1635.4,29.764034508856966
1635.6,29.599295529576676
1635.8,30.489891691622827
1636.0,30.722203765050686
1636.2,30.535195544640814
1636.4,30.52587947479281
1636.6,29.885133677329684
1636.8,30.194508614330296
1637.0,29.394593195423173
1637.2,29.50781969265848
1637.4,30.649281567534207
1637.6,30.62768628688598
1637.8,30.994322126265644
1638.0,30.49669952999093
1638.2,30.509635474541383
1638.4,30.87702986134954
1638.6,30.486306221367954
1638.8,31.783441669320997
1639.0,31.31582074913389
1639.2,30.732698351918245
1639.4,30.815441416450685
1639.6,31.618301673719458
1639.8,30.657722870597187
1640.0,30.314446028278454
1640.2,29.668337980730996
1640.4,28.11215443459718
1640.6,27.392583120028707
1640.8,27.455763283457046
1641.0,29.02476287754355
1641.2,29.864950147751436
1641.4,28.989980566086206
1641.6,29.569881658082547
1641.8,30.02966636594257
1642.0,29.49676496885363
1642.2,29.202102615132187
1642.4,28.038786273293823
1642.6,28.441827773377504
1642.8,27.80347217848121
1643.0,28.76000865126909
1643.2,29.252325436396326
1643.4,29.27964595153329
1643.6,29.375597167007847
1643.8,29.30207384332041
1644.0,29.177477851865188
1644.2,29.06899923806096
1644.4,30.064061924997148
1644.6,30.416312389279714
1644.8,30.81167490328578
1645.0,31.970977288506344
1645.2,32.28544540635384
1645.4,31.33762942873174
1645.6,30.716072898461547
1645.8,31.51376804865526
1646.0,31.786081843287747
1646.2,32.88004237169902
1646.4,31.92191639188374
1646.6,31.321428932413845
1646.8,30.82743339381463
1647.0,30.942160143646653
1647.2,30.486755703386514
1647.4,30.96238099182177
1647.6,30.94143753577475
1647.8,31.257951503874047
1648.0,31.831849131035167
1648.2,31.979687026262226
1648.4,32.23850732458908
1648.6,31.360503131663286
1648.8,30.54116413068513
1649.0,30.893651159475777
1649.2,30.860424622667516
1649.4,30.64873515038083
1649.6,30.65171678326774
1649.8,30.272385773138385
1650.0,30.883052105412382
1650.2,30.88052656780434
1650.4,29.644917401697523
1650.6,30.034893754746264
1650.8,28.40046587095837
1651.0,29.038974117736682
1651.2,28.986140150988042
1651.4,28.57283967287751
1651.6,29.367377557495388
1651.8,30.71107765371425
1652.0,30.68636689615304
1652.2,29.304212776788393
1652.4,31.06717608760576
1652.6,30.146145242918866
1652.8,29.63040764654163
1653.0,29.18633549159118
1653.2,30.29585721840569
1653.4,30.52595202125884
1653.6,30.980032222027447
1653.8,31.057143003462087
1654.0,29.994596708863646
1654.2,29.775685838987513
1654.4,30.196740788667768
1654.6,29.371458360829344
1654.8,28.95275596812967
1655.0,29.301824833866075
1655.2,29.06016323847807
1655.4,30.209253935409276
1655.6,29.651972998223187
1655.8,28.048530095396053
1656.0,27.943677758811766
1656.2,27.766805987286432
1656.4,28.276524289032118
1656.6,27.952816469705905
1656.8,28.398407206190267
1657.0,27.57699188026736
1657.2,27.309295883720548
1657.4,27.193861454904194
1657.6,26.199904180290808
1657.8,26.02886131166955
1658.0,26.59754721504301
1658.2,26.83715467473883
1658.4,25.64912767654325
1658.6,26.5145129100284
1658.8,27.437771785291996
1659.0,27.950217335021637
1659.2,26.704306087381262
1659.4,26.230081372374453
1659.6,25.227782968838945
1659.8,26.074881486831867
1660.0,25.056882915001886
1660.2,24.990840515301297
1660.4,25.27798093388967
1660.6,25.902895335773046
1660.8,25.730341502560805
1661.0,26.55748682437708
1661.2,26.845012303179068
1661.4,26.945054782564775
1661.6,26.599293944241715
1661.8,26.951116843340554
1662.0,27.156878002311075
1662.2,27.40016614547219
1662.4,27.68693621870874
1662.6,27.72003578534556
1662.8,28.619394603482228
1663.0,27.10902886768388
1663.2,27.149556122770967
1663.4,28.90029908811513
1663.6,29.184485759089913
1663.8,29.135839336813987
1664.0,28.30657528149655
1664.2,28.463748823204618
1664.4,28.402069635716142
1664.6,28.397039179890378
1664.8,27.89820998444653
1665.0,27.384727851366783
1665.2,27.288028491912385
1665.4,26.474797661423533
1665.6,26.710469504619745
1665.8,26.46668559445117
1666.0,26.18846890658257
1666.2,26.72386259634901
1666.4,26.574678559143052
1666.6,27.552987826863124
1666.8,27.239432179111805
1667.0,27.291243298006872
1667.2,27.92265880707867
1667.4,27.7999522201049
1667.6,27.781903642109054
1667.8,28.931581057062576
1668.0,29.714884699464168
1668.2,30.982860009216605
1668.4,31.09552205823818
1668.6,30.658290357852596
1668.8,29.943398590622223
1669.0,29.039087500486204
1669.2,29.119269434398603
1669.4,28.441148059071363
1669.6,28.30011786887291
1669.8,28.1812086530107
1670.0,28.561292998410515
1670.2,28.7127585196793
1670.4,28.17228914864053
1670.6,27.416084335777047
1670.8,28.058132227818007
1671.0,27.89982829312791
1671.2,27.857747194566702
1671.4,27.97156927794251
1671.6,28.00029741312514
1671.8,28.190787782457626
1672.0,27.852651847276523
1672.2,28.693544155533402
1672.4,28.033210244579973
1672.6,28.70859576248582
1672.8,29.33133576655227
1673.0,29.604394916307083
1673.2,29.69560189805394
1673.4,29.829809447226218
1673.6,30.288771226569565
1673.8,31.246411634197983
1674.0,30.978996145517485
1674.2,30.549313166492272
1674.4,31.02796469057211
1674.6,32.36153196612353
1674.8,31.929934741698005
1675.0,32.294182354606676
1675.2,31.253102327279368
1675.4,30.633731153354027
1675.6,31.23644887664927
1675.8,31.321976837550395
1676.0,31.74172118991594
1676.2,32.088045532332636
1676.4,32.152704388533735
1676.6,31.999267623735477
1676.8,30.880413635786994
1677.0,31.47878781100132
1677.2,32.55218730938608
1677.4,33.09152181518445
1677.6,32.08754413265427
1677.8,32.027601894035996
1678.0,31.778202012544984
1678.2,32.85002608174492
1678.4,32.62930371272544
1678.6,33.729116879003435
1678.8,32.95921717637605
1679.0,33.001732685678306
1679.2,32.430999197993195
1679.4,33.002735761734634
1679.6,33.67314905586668
1679.8,32.733503393259575
1680.0,32.970850452473904
1680.2,33.13748878059758
1680.4,34.357960375583815
1680.6,34.370906923264506
1680.8,34.045535456687965
1681.0,34.659739260206145
1681.2,33.63622495810429
1681.4,33.544194815741164
1681.6,32.86461006119418
1681.8,32.69332302960294
1682.0,33.31591116641667
1682.2,33.53169787298342
1682.4,34.11173587110119
1682.6,34.61254687030826
1682.8,34.18450953607333
1683.0,34.55797595590691
1683.2,34.49105844217747
1683.4,33.91682662096392
1683.6,34.67970285692192
1683.8,34.434698652848475
1684.0,33.044817243076
1684.2,33.36533607340444
1684.4,32.96375666614716
1684.6,33.36387411281711
1684.8,33.06208718203875
1685.0,33.65828546292605
1685.2,33.983593919751854
1685.4,33.59676700235076
1685.6,32.55809044181113
1685.8,32.47092264398422
1686.0,32.25854292949943
1686.2,32.73972427442806
1686.4,32.24599782772135
1686.6,30.929440114520457
1686.8,32.63865382760363
1687.0,33.219379946149644
1687.2,33.9178222267183
1687.4,33.50061366079589
1687.6,33.19718259679831
1687.8,32.616608664591084
1688.0,32.01537909777562
1688.2,33.83839445702418
1688.4,32.20575974108135
1688.6,30.766180029788472
1688.8,30.591835300864673
1689.0,31.263998192635416
1689.2,30.113996367127747
1689.4,30.911231133344007
1689.6,31.1937271885629
1689.8,30.971182405425914
1690.0,30.296110298584914
1690.2,30.357080863715154
1690.4,30.432794081802275
1690.6,30.55689889746815
1690.8,30.21293253080306
1691.0,31.161519070059708
1691.2,31.031709037566348
1691.4,31.892348597550072
1691.6,33.29787984337468
1691.8,33.078210495424905
1692.0,32.877345324186855
1692.2,32.02831318051056
1692.4,32.92051804863498
1692.6,32.06607157882586
1692.8,31.66264049383255
1693.0,31.302474195344956
1693.2,31.893029829363144
1693.4,31.31354369379141
1693.6,30.54991817409528
1693.8,31.16107179078785
1694.0,31.48832720388745
1694.2,30.87529628279937
1694.4,31.70343510752007
1694.6,31.663819319342057
1694.8,31.61989918670124
1695.0,32.05825701356507
1695.2,32.24176407586172
1695.4,32.445098485946325
1695.6,33.12050537957709
1695.8,33.73594097992419
1696.0,32.99567045885749
1696.2,32.22460092900509
1696.4,33.23643202068502
1696.6,34.11800461856401
1696.8,33.53504779588051
1697.0,34.17000867203023
1697.2,33.32634163704695
1697.4,34.87743261078987
1697.6,34.28485273007396
1697.8,32.78348967261108
1698.0,31.427252496201024
1698.2,31.433416841282487
1698.4,30.60580084495049
1698.6,31.07490845172666
1698.8,31.97816099582449
1699.0,32.864069505752134
1699.2,32.98170979830239
1699.4,30.661647596468807
1699.6,31.871273736988215
1699.8,32.52508869970278
1700.0,32.39507385630357
1700.2,34.045064757291
1700.4,33.36110644626987
1700.6,32.67019310967846
1700.8,33.100007783735165
1701.0,32.46034426467991
1701.2,33.6818394458482
1701.4,32.54387700825355
1701.6,33.6433673046059
1701.8,33.606609426356975
1702.0,34.724242062680595
1702.2,34.94825673050944
1702.4,34.57380037172972
1702.6,35.483464731172624
1702.8,36.41017756600321
1703.0,35.38280475994719
1703.2,34.90150522952996
1703.4,36.5825586245158
1703.6,37.12257167389677
1703.8,38.123815041401215
1704.0,38.97737201125307
1704.2,39.92505285586826
1704.4,39.285001852357226
1704.6,38.81549425250071
1704.8,38.415276197105975
1705.0,38.57492372192411
1705.2,37.937106116092984
1705.4,38.26802998262521
1705.6,39.43750648431702
1705.8,38.76229370118194
1706.0,40.542698790259436
1706.2,39.113981340766586
1706.4,38.71705078431315
1706.6,37.970532123474605
1706.8,37.917899482779916
1707.0,38.68797402950567
1707.2,37.65349403865359
1707.4,38.43085533519091
1707.6,38.556555265449845
1707.8,38.74402596380213
1708.0,39.84317702428336
1708.2,40.23630654931328
1708.4,39.39425712749518
1708.6,39.80267632160197
1708.8,39.76180336366748
1709.0,38.69043939551381
1709.2,38.5111163979893
1709.4,38.13858192715648
1709.6,39.355291719687365
1709.8,40.11885763124737
1710.0,39.64837474801361
1710.2,39.23306965672203
1710.4,39.8762705802978
1710.6,39.6368974435754
1710.8,39.43803553520112
1711.0,38.140497985128846
1711.2,38.89036236754896
1711.4,40.20949674357462
1711.6,41.082474811375675
1711.8,40.90882270144548
1712.0,41.10242094587149
1712.2,40.25847281924386
1712.4,40.478465369681345
1712.6,39.45406163386575
1712.8,39.264908155347
1713.0,39.95891696905132
1713.2,39.79781870901553
1713.4,39.61984775603003
1713.6,39.472924361082214
1713.8,40.52288939913748
1714.0,39.98082598671588
1714.2,39.73020602706286
1714.4,40.212104053460784
1714.6,40.28265814447755
1714.8,40.132349329456396
1715.0,40.314190182255544
1715.2,39.85016285252213
1715.4,39.650518325983334
1715.6,39.76703327442114
1715.8,40.233247309615635
1716.0,39.71733110321867
1716.2,40.11746759401629
1716.4,41.95134403714226
1716.6,41.02828773367271
1716.8,40.02956590836923
1717.0,40.37566755309709
1717.2,40.2480781308651
1717.4,39.008310379232114
1717.6,38.17337357833256
1717.8,36.890374587234824
1718.0,37.05744776671615
1718.2,38.131117767252796
1718.4,37.72064885433944
1718.6,38.39235458949797
1718.8,38.41843883686286
1719.0,38.95795415588891
1719.2,37.670796519868574
1719.4,38.873837560127946
1719.6,38.771307959710015
1719.8,38.62430337440586
1720.0,38.00012899460377
1720.2,37.43455596983901
1720.4,37.937459731887046
1720.6,38.255366087735446
1720.8,38.06021918978423
1721.0,37.87990869100418
1721.2,39.26528841066325
1721.4,38.40105010896205
1721.6,38.055432444659495
1721.8,36.46191133898624
1722.0,37.02465792644327
1722.2,37.163499033316675
1722.4,36.09794743439943
1722.6,36.76397033146137
1722.8,35.926956944528726
1723.0,36.94344158817687
1723.2,37.666925507688916
1723.4,37.22872043375263
1723.6,38.3095044480504
1723.8,38.67539969887464
1724.0,38.468133718146966
1724.2,37.21063341519863
1724.4,38.35496465517761
1724.6,38.20025416515209
1724.8,38.68833670803599
1725.0,38.25363236549297
1725.2,37.53406446372189
1725.4,37.279506311940686
1725.6,37.538979005792946
1725.8,38.26181751108738
1726.0,38.69877351558817
1726.2,37.36396320992272
1726.4,36.20255062853514
1726.6,36.043714770361795
1726.8,35.17357487193515
1727.0,35.55439452698687
1727.2,36.98986433576996
1727.4,36.95690496157838
1727.6,36.083831775795844
1727.8,37.058150466909446
1728.0,35.892652779968806
1728.2,36.45274218205668
1728.4,36.32482559323725
1728.6,36.72633370003541
1728.8,37.5549123730799
1729.0,37.46919150356767
1729.2,38.49502494130686
1729.4,38.992333630933935
1729.6,39.76910048152712
1729.8,39.76914407333354
1730.0,39.834337049725335
1730.2,40.099560633574534
1730.4,40.717059480044654
1730.6,40.22683051054952
1730.8,41.59229562566839
1731.0,42.379016967885605
1731.2,42.601843998479765
1731.4,44.32471746293933
1731.6,44.02352003390645
1731.8,43.94391679856251
1732.0,43.14933051197835
1732.2,42.9820300149439
1732.4,43.993140513968434
1732.6,44.131031686840686
1732.8,43.78575818745381
1733.0,43.11917647090464
1733.2,44.093673912130825
1733.4,43.93270466458523
1733.6,43.86238402494384
1733.8,43.95217232758726
1734.0,43.75299461430144
1734.2,44.60825912548076
1734.4,43.89647716029013
1734.6,44.219744928690275
1734.8,43.474502939075705
1735.0,43.08548563287615
1735.2,41.7835912473489
1735.4,42.210321441468814
1735.6,42.282316069928434
1735.8,42.640619064456516
1736.0,42.86851728654871
1736.2,43.19456267237206
1736.4,41.71912293300779
1736.6,40.40478547840767
1736.8,40.78899350214756
1737.0,41.480532050064284
1737.2,41.74041617856816
1737.4,41.180980470608645
1737.6,41.87409192359234
1737.8,42.87444567054539
1738.0,42.524426166368485
1738.2,41.48751522399906
1738.4,41.66703094436916
1738.6,40.77311980355457
1738.8,41.70764424790207
1739.0,42.37993844833895
1739.2,42.54196457217734
1739.4,42.38508515628236
1739.6,43.8506941408551
1739.8,44.88762020852317
1740.0,43.6903837110937
1740.2,44.52622679862432
1740.4,44.5364150011133
1740.6,44.778010021921524
1740.8,45.1585605918763
1741.0,45.231011611675456
1741.2,45.49499303335817
1741.4,44.95116697895153
1741.6,44.81452299399442
1741.8,43.34252445646329
1742.0,43.1644090060417
1742.2,42.55013057086125
1742.4,42.697309176149794
1742.6,43.08086448473081
1742.8,44.28971120058182
1743.0,44.37297830448651
1743.2,44.30590643914897
1743.4,43.54829953677385
1743.6,43.94636750147721
1743.8,41.96448820354503
1744.0,41.72317905924055
1744.2,43.7366491227488
1744.4,42.4608400257998
1744.6,41.870644483777
1744.8,41.51143420172823
1745.0,41.451755299459194
1745.2,39.60002930446279
1745.4,39.17545599906896
1745.6,39.48393824411249
1745.8,39.04118845908467
1746.0,40.587470151852386
1746.2,41.22375173795851
1746.4,40.936489527800234
1746.6,40.72088332677623
1746.8,42.41682300636205
1747.0,41.639223692070914
1747.2,41.181969307694615
1747.4,41.18851989491649
1747.6,41.816538679017555
1747.8,43.151808894658245
1748.0,43.06575385306018
1748.2,43.807870306777296
1748.4,44.153785089976026
1748.6,44.694621423041184
1748.8,44.53159374188161
1749.0,44.06194422909362
1749.2,44.393579115777584
1749.4,44.77666713018331
1749.6,44.74025235944502
1749.8,45.27183636028034
1750.0,44.5206751074064
1750.2,44.33475570377105
1750.4,43.448559914735526
1750.6,42.90191988923199
1750.8,42.06248421920206
1751.0,42.742045668588
1751.2,43.397771115441515
1751.4,43.47834321218703
1751.6,43.97639637092087
1751.8,45.20886534596826
1752.0,45.89606815144914
1752.2,46.01963624797045
1752.4,45.97447182729142
1752.6,46.31646470062874
1752.8,46.2527935718295
1753.0,45.837331146470305
1753.2,45.724397993246114
1753.4,45.92332956982845
1753.6,44.688041179693776
1753.8,44.79233188580985
1754.0,45.61263520870456
1754.2,45.26309559532203
1754.4,45.090927627260236
1754.6,46.927521006152524
1754.8,46.72045423749707
1755.0,46.18314049160749
1755.2,46.7876532437385
1755.4,46.840626686147964
1755.6,46.90577582828267
1755.8,47.325484153014685
1756.0,47.45840593283633
1756.2,49.16705459267401
1756.4,50.47291212656102
1756.6,52.44101530499087
1756.8,53.05388931844991
1757.0,52.66950142608906
1757.2,53.68343003936878
1757.4,53.5534518633225
1757.6,53.4972814933941
1757.8,52.822332702511204
1758.0,52.7355810003354
1758.2,53.4086544964825
1758.4,53.547088192837776
1758.6,53.34932110468033
1758.8,52.518789695373506
1759.0,53.199445064733546
1759.2,53.72616804195185
1759.4,53.877285520108614
1759.6,52.96389982225084
1759.8,52.602236398692604
1760.0,53.128171361828194
1760.2,53.16047998893175
1760.4,51.997175222301806
1760.6,52.03101386686315
1760.8,50.71561003845972
1761.0,50.34407783606568
1761.2,49.94454305841019
1761.4,49.01629235004489
1761.6,50.53270047065932
1761.8,51.071125564508634
1762.0,51.655361985417734
1762.2,52.61404644501109
1762.4,52.044825507269096
1762.6,53.196708637467
1762.8,51.72190786461599
1763.0,52.025252712061615
1763.2,50.81193966423975
1763.4,52.7057409920282
1763.6,52.68666716097725
1763.8,52.66866269062455
1764.0,51.16694670387645
1764.2,50.235943704878295
1764.4,49.21195235501803
1764.6,50.00252749669619
1764.8,49.0775675655107
1765.0,49.718368263329566
1765.2,50.08429299191971
1765.4,49.14536865997941
1765.6,49.50808349443491
1765.8,50.17549426629436
1766.0,49.997469771392396
1766.2,49.9130045919365
1766.4,50.064471163045994
1766.6,50.04019845249415
1766.8,49.29249307031982
1767.0,47.6417384808356
1767.2,47.26976947378435
1767.4,46.71828832806873
1767.6,47.763233819505714
1767.8,46.13039599443147
1768.0,46.5526859779958
1768.2,46.85271203298723
1768.4,47.66347531558874
1768.6,46.284283228679826
1768.8,47.07508840947452
1769.0,46.0277375990211
1769.2,45.421246225922786
1769.4,46.67093927646344
1769.6,46.00797959004681
1769.8,44.586185829297506
1770.0,44.347122129718784
1770.2,44.586756774270846
1770.4,43.905323715609235
1770.6,45.33190028997631
1770.8,44.737406272211985
1771.0,44.19627832355197
1771.2,43.22931994110511
1771.4,42.30946433684132
1771.6,42.72691074266045
1771.8,44.23132799952679
1772.0,43.656726079962525
1772.2,44.26870158219748
1772.4,44.25160218053183
1772.6,43.36507054629828
1772.8,43.65864990546989
1773.0,43.28488144899649
1773.2,41.29685531396831
1773.4,40.13352782799491
1773.6,41.025843484353075
1773.8,41.490270490775174
1774.0,42.428646813275634
1774.2,41.72271795435273
1774.4,42.44530360157955
1774.6,42.146730372968776
1774.8,41.97331401172409
1775.0,42.212259891616355
1775.2,41.64396034967882
1775.4,41.94530348360301
1775.6,41.44617927097875
1775.8,41.11724201064366
1776.0,41.69986682956737
1776.2,40.94764262307626
1776.4,41.720657131293976
1776.6,42.26037814621564
1776.8,43.146363969907576
1777.0,44.1987541467957
1777.2,43.78400738938302
1777.4,43.83123512914064
1777.6,43.57039644154043
1777.8,43.540905123016245
1778.0,43.56206966793387
1778.2,43.13586236382507
1778.4,42.595542871447606
1778.6,42.931990211195384
1778.8,42.88956270297011
1779.0,42.9329601387327
1779.2,42.83400003095443
1779.4,42.15154026580228
1779.6,41.68983099549011
1779.8,41.65641905202613
1780.0,41.91510165929864
1780.2,40.89774833141337
1780.4,40.42373990750615
1780.6,40.04329876538084
1780.8,39.825114807518986
1781.0,40.48221246138917
1781.2,41.1830266889696
1781.4,40.19334683026078
1781.6,40.52746957447991
1781.8,41.27308169404536
1782.0,41.438801186892455
1782.2,40.967155647299634
1782.4,42.116809942493745
1782.6,41.84889488962131
1782.8,41.46121163797816
1783.0,41.364127988812754
1783.2,40.45543374332843
1783.4,40.236836201022484
1783.6,40.08682908842103
1783.8,39.3477366187033
1784.0,39.18672730687808
1784.2,38.38302162052984
1784.4,37.32448698872045
1784.6,37.83210313332427
1784.8,37.49839091981865
1785.0,36.89007733636231
1785.2,37.93748462199844
1785.4,37.99601552095269
1785.6,38.38953146743906
1785.8,38.63226619898869
1786.0,38.79114560167534
1786.2,38.3641752471803
1786.4,38.111257569292206
1786.6,38.26679558236328
1786.8,38.44098137007248
1787.0,38.822730960438335
1787.2,38.7977752098329
1787.4,38.17610539159746
1787.6,38.2481965027652
1787.8,39.06327404129683
1788.0,38.915780584174286
1788.2,38.00639840856202
1788.4,38.52268379658973
1788.6,37.421486209004335
1788.8,37.09862515625959
1789.0,35.796882247480006
1789.2,35.32332550892018
1789.4,35.78762105817111
1789.6,35.560106061495404
1789.8,36.391180071453086
1790.0,36.61174007921901
1790.2,38.782191597777256
1790.4,39.32609523127317
1790.6,39.41327805252514
1790.8,39.334996630450235
1791.0,38.24075021949483
1791.2,37.62170260706105
1791.4,37.638744038144665
1791.6,38.517542570791704
1791.8,38.418215404557124
1792.0,40.236793092787266
1792.2,40.387652288681664
1792.4,40.47293489166186
1792.6,39.8742576491712
1792.8,39.95357114560944
1793.0,39.057853923487535
1793.2,39.54103281401226
1793.4,39.107609538756385
1793.6,38.585335269724965
1793.8,38.33162635334182
1794.0,40.32078745988268
1794.2,40.93916211293924
1794.4,41.34501555039865
1794.6,40.247264107856594
1794.8,42.31562864031293
1795.0,41.40772757077141
1795.2,41.30060444725626
1795.4,42.596148897771364
1795.6,43.54706503605896
1795.8,43.11600175483249
1796.0,42.17157178919878
1796.2,41.93489832781143
1796.4,41.34581781817198
1796.6,40.31616322694886
1796.8,39.87848520855741
1797.0,40.925207805600216
1797.2,41.633339919378265
1797.4,41.38181620665274
1797.6,41.59737123574165
1797.8,42.15934385645852
1798.0,43.20275330795134
1798.2,42.256289112483564
1798.4,43.02968238378683
1798.6,42.76586171026822
1798.8,43.24613975518467
1799.0,42.30044849912288
1799.2,42.47556100657149
1799.4,41.652094190835186
1799.6,41.7502343885197
1799.8,42.585960412454
1800.0,42.57278246184781
1800.2,44.052403788426446
1800.4,43.682983965032406
1800.6,43.62760329379027
1800.8,44.11310555210913
1801.0,44.43158268059939
1801.2,45.23127857914349
1801.4,44.9602732023513
1801.6,44.71528774201285
1801.8,43.039031991726034
1802.0,43.898601383053176
1802.2,44.04581414866765
1802.4,43.167547634535154
1802.6,42.69892132600906
1802.8,44.215637602538834
1803.0,44.33884519337171
1803.2,44.271909561192544
1803.4,44.46111853655761
1803.6,44.974931216307155
1803.8,42.60299213542375
1804.0,42.5974259732199
1804.2,42.65557869878444
1804.4,41.8624812142767
1804.6,42.14410641731323
1804.8,41.713281918559716
1805.0,41.96051996827408
1805.2,41.73852354833908
1805.4,42.47636783927041
1805.6,41.855775491740246
1805.8,44.59677453518391
1806.0,44.90924444849288
1806.2,44.25147589656622
1806.4,44.02511178478356
1806.6,43.31709156645745
1806.8,44.90248997447445
1807.0,45.08939542591066
1807.2,44.38322357379002
1807.4,44.169315089501595
1807.6,46.36395228004278
1807.8,48.02385258007276
1808.0,47.68487065531153
1808.2,47.91306094041924
1808.4,48.19926157756335
1808.6,47.74345412938942
1808.8,48.10539518766348
1809.0,47.87329188134888
1809.2,46.137743094229606
1809.4,46.700334529411045
1809.6,48.405715285647474
1809.8,48.17874941171852
1810.0,48.914327971225184
1810.2,48.13830227104043
1810.4,49.015981392786394
1810.6,47.6893906156413
1810.8,46.39035017258749
1811.0,46.924263592262236
1811.2,46.477899757998564
1811.4,46.01698991323697
1811.6,46.51995907107069
1811.8,47.58603871967316
1812.0,47.03044964010619
1812.2,46.906899476970935
1812.4,45.37197682447341
1812.6,45.17482536761567
1812.8,44.2042348844457
1813.0,44.119340728835965
1813.2,43.82610124825823
1813.4,45.382976692714905
1813.6,44.61650742563172
1813.8,46.16105484929018
1814.0,47.74814573885052
1814.2,47.6685947114699
1814.4,48.42030442682909
1814.6,47.66734782174677
1814.8,46.99994448683569
1815.0,44.593788963606
1815.2,44.264156283158584
1815.4,43.650038831352624
1815.6,44.39945654487498
1815.8,44.707698893267775
1816.0,45.643990042122475
1816.2,44.13679973135296
1816.4,46.34169536692318
1816.6,46.54889793652131
1816.8,46.82355898750895
1817.0,45.75005808093763
1817.2,43.912815649840944
1817.4,42.80115283515349
1817.6,43.132478337945635
1817.8,43.175693013280984
1818.0,43.199938343417436
1818.2,43.481297355410646
1818.4,43.65765642533529
1818.6,43.81463901017938
1818.8,45.03883781173844
1819.0,45.035679032416745
1819.2,45.198341830231065
1819.4,43.305629614205046
1819.6,42.28994717749518
1819.8,42.51146147473253
1820.0,40.65280965907475
1820.2,40.84330663247507
1820.4,42.05547948132459
1820.6,40.7063154688558
1820.8,41.711183782891496
1821.0,42.38942417181662
1821.2,41.6700823326315
1821.4,42.71485034707176
1821.6,42.42116285091467
1821.8,42.948246093324926
1822.0,44.24503254093569
1822.2,43.45769765323503
1822.4,43.407949294072225
1822.6,42.919515135607476
1822.8,41.90967000236994
1823.0,42.510188711093384
1823.2,43.340395920220004
1823.4,44.193863052062184
1823.6,45.371670238595854
1823.8,44.66976362038647
1824.0,45.197751713992545
1824.2,43.97920889483804
1824.4,45.23993192397123
1824.6,43.15820910604448
1824.8,43.64498335598781
1825.0,42.734800259644814
1825.2,41.90727939990837
1825.4,41.580380891903516
1825.6,42.05454405312288
1825.8,42.681040008962626
1826.0,41.914346614398156
1826.2,43.23005713079706
1826.4,41.90980242343538
1826.6,42.19578595244833
1826.8,41.540486274725154
1827.0,41.68864860453711
1827.2,41.45612435891323
1827.4,41.32778958400969
1827.6,41.861108448643094
1827.8,42.04473860583646
1828.0,42.71282108890059
1828.2,42.47086414792339
1828.4,42.77028257337606
1828.6,42.72670077992597
1828.8,41.45430526323799
1829.0,41.86255874441554
1829.2,39.92427702605026
1829.4,40.68199522875247
1829.6,40.422898660004336
1829.8,39.49751107128463
1830.0,39.80999322047238
1830.2,41.04287142073433
1830.4,41.445435215758344
1830.6,40.73510886176042
1830.8,40.71361709962322
1831.0,39.77646611395568
1831.2,38.85436469302722
1831.4,40.43120656251584
1831.6,40.15272229379599
1831.8,40.62700190763755
1832.0,40.886762683869165
1832.2,39.13611701003378
1832.4,39.13177173432299
1832.6,39.80945454733623
1832.8,40.69355441804562
1833.0,40.45037753545371
1833.2,40.97183893878909
1833.4,40.82261008280524
1833.6,39.949875298655044
1833.8,39.50457288557555
1834.0,39.17042948236328
1834.2,38.62469676506814
1834.4,40.38904072808663
1834.6,39.829000438226544
1834.8,39.69756812469667
1835.0,39.626218070639815
1835.2,39.5907229835487
1835.4,39.396330657111925
1835.6,39.44002961603917
1835.8,39.09409432252859
1836.0,39.17545346256756
1836.2,39.33164530132605
1836.4,38.05484353377667
1836.6,37.357098089835645
1836.8,37.42028735249943
1837.0,37.5651558422974
1837.2,37.44597774456791
1837.4,36.43497044135665
1837.6,36.52296384916214
1837.8,36.58363109107519
1838.0,37.168317386142206
1838.2,37.60138485396156
1838.4,36.97103034728591
1838.6,36.49800941055814
1838.8,34.92992217309469
1839.0,35.71539312523358
1839.2,35.098340691544585
1839.4,35.07418150374982
1839.6,35.56460603985093
1839.8,36.20550916600825
1840.0,36.296361909086635
1840.2,36.124305083203375
1840.4,35.682312821671196
1840.6,35.54180524168286
1840.8,35.77876609040193
1841.0,35.27288668034271
1841.2,35.13119713586822
1841.4,34.62049004639128
1841.6,35.01583662444018
1841.8,36.343372618255586
1842.0,37.94671047121114
1842.2,37.47907942172666
1842.4,39.30048569670471
1842.6,38.62658720397433
1842.8,38.509168456881525
1843.0,37.09575678557637
1843.2,37.034200167730866
1843.4,37.584108439885
1843.6,38.08076669499019
1843.8,36.221132431724506
1844.0,34.87203737303402
1844.2,33.573613694926145
1844.4,32.790857699481506
1844.6,32.6984010485583
1844.8,32.777781893753414
1845.0,32.25648200276793
1845.2,33.49115239523306
1845.4,32.3605613501764
1845.6,32.677922844178745
1845.8,32.56268450327844
1846.0,33.077151527452195
1846.2,31.89548118376981
1846.4,31.999372103523832
1846.6,33.310932266424814
1846.8,33.527820460321855
1847.0,32.171011201193885
1847.2,32.53002181233528
1847.4,33.34173050570163
1847.6,33.125535846868914
1847.8,33.90436121760378
1848.0,33.42752485594478
1848.2,32.92855839074215
1848.4,32.41782057850814
1848.6,32.01659509118757
1848.8,32.214978636434985
1849.0,31.999423209738104
1849.2,32.00945226790542
1849.4,33.21448056984376
1849.6,32.83345388297014
1849.8,33.671406264044364
1850.0,33.302401955127024
1850.2,34.590945410742286
1850.4,33.418201579418735
1850.6,32.458116444781254
1850.8,31.85857971859669
1851.0,32.49437345003264
1851.2,32.42266293424605
1851.4,32.618797570600194
1851.6,32.89348732544424
1851.8,33.62323616817578
1852.0,32.82703330004389
1852.2,32.768287336387246
1852.4,33.55665702009917
1852.6,32.349152965162624
1852.8,31.362073257368152
1853.0,31.506733337830276
1853.2,32.105056274840166
1853.4,30.715009850927366
1853.6,31.46676844579753
1853.8,32.07340252896617
1854.0,32.47605991115585
1854.2,31.67181489156006
1854.4,31.605314456969012
1854.6,32.641419099697565
1854.8,32.79563354314726
1855.0,32.791958779515056
1855.2,32.84458580072087
1855.4,32.246482834124954
1855.6,32.45191154252303
1855.8,32.86828813494592
1856.0,33.62607714813142
1856.2,32.28191478015555
1856.4,33.71707670142651
1856.6,33.59009598566866
1856.8,33.43609772183693
1857.0,34.1187536232865
1857.2,34.042726043305024
1857.4,33.938138671961894
1857.6,33.415227553476
1857.8,33.06158327877914
1858.0,34.46591454859778
1858.2,33.66501976619276
1858.4,34.41822598488031
1858.6,35.95430649501966
1858.8,35.15552441497551
1859.0,36.40195146572683
1859.2,36.33619927785565
1859.4,35.75451296574869
1859.6,35.66840592111702
1859.8,35.552521892126315
1860.0,35.80411945055325
1860.2,35.58488075352068
1860.4,34.86950604405432
1860.6,35.3284182218334
1860.8,36.02156340845845
1861.0,35.03119078180336
1861.2,34.879622049278666
1861.4,33.57615290956541
1861.6,32.6179715649062
1861.8,33.350760865109386
1862.0,34.233007066376686
1862.2,34.5803776892017
1862.4,34.39481767173256
1862.6,33.486867384358035
1862.8,33.36717800802632
1863.0,34.589734660359106
1863.2,35.78771570454275
1863.4,34.54086882225112
1863.6,34.90111157127994
1863.8,35.870496277342376
1864.0,36.03825727690451
1864.2,37.137804278958555
1864.4,37.339516847505685
1864.6,36.369773711594405
1864.8,37.10349763740765
1865.0,38.07225764543661
1865.2,39.76904514741235
1865.4,38.93015692876394
1865.6,38.68842103205048
1865.8,38.4100417904469
1866.0,38.557244533200915
1866.2,39.23481093088577
1866.4,39.040951639623806
1866.6,37.4387364770274
1866.8,36.7066048488767
1867.0,35.396403270245614
1867.2,34.28889856436052
1867.4,33.80455562240677
1867.6,33.62855653334794
1867.8,33.49067232755905
1868.0,33.79854083267294
1868.2,33.774667515219996
1868.4,32.90034928834632
1868.6,32.61245599311377
1868.8,33.289385860176246
1869.0,33.35454742919418
1869.2,32.174194972677725
1869.4,33.651831945366716
1869.6,33.00663141929227
1869.8,32.61862440196267
1870.0,32.7070835736823
1870.2,31.529358606588744
1870.4,31.431076114644693
1870.6,32.17940651166059
1870.8,31.984618327792735
1871.0,32.236969032827936
1871.2,32.03936265679325
1871.4,32.93774258827303
1871.6,33.87300047407907
1871.8,34.25913285421793
1872.0,34.20352391516255
1872.2,33.673234909659456
1872.4,34.106537363323575
1872.6,32.39216992209724
1872.8,33.2441078502629
1873.0,32.81482937463966
1873.2,32.65257498068915
1873.4,34.070634702289716
1873.6,34.19183738934828
1873.8,34.57597124279501
1874.0,34.623182424604344
1874.2,33.38678608905258
1874.4,33.932563013195356
1874.6,33.009046877711356
1874.8,33.24296969128023
1875.0,34.36099694703406
1875.2,32.695008158531984
1875.4,34.79619154972645
1875.6,34.534172157272984
1875.8,33.17445318904484
1876.0,32.74177364139408
1876.2,32.78215652995741
1876.4,32.58676397181887
1876.6,32.55571793706625
1876.8,32.519250084854775
1877.0,30.926083249044005
1877.2,31.186395644375835
1877.4,29.16618884829124
1877.6,29.756009850200673
1877.8,29.807324951637703
1878.0,30.645390954588557
1878.2,31.545458530518783
1878.4,31.03775772359994
1878.6,31.59056041479865
1878.8,31.459563599431984
1879.0,30.912688578803444
1879.2,30.727171146759183
1879.4,30.28416973438683
1879.6,30.11677644307906
1879.8,28.843915456691953
1880.0,28.571810323294677
1880.2,28.310773721468845
1880.4,28.22393311940494
1880.6,28.53585553638943
1880.8,29.027636187993856
1881.0,28.606684983328364
1881.2,28.96511400674667
1881.4,29.121570907415972
1881.6,28.852158182896286
1881.8,29.48390066345596
1882.0,29.17875145369193
1882.2,29.055705212802017
1882.4,27.889058543696304
1882.6,27.598079030375384
1882.8,27.535480110646212
1883.0,27.671019313728863
1883.2,28.28442788092633
1883.4,27.881996974873097
1883.6,26.596936691067825
1883.8,26.25708554639204
1884.0,25.595892266514632
1884.2,26.48744380747525
1884.4,25.983895194227028
1884.6,26.35235317430474
1884.8,27.02835227358561
1885.0,27.336191430829956
1885.2,27.302110686558102
1885.4,26.609936833213403
1885.6,26.856887191395522
1885.8,26.518203546879462
1886.0,27.369040162247256
1886.2,27.434274105699195
1886.4,27.78539984208382
1886.6,26.645513266645388
1886.8,27.015000580549355
1887.0,26.53897722474372
1887.2,26.22878614971156
1887.4,26.338834734759338
1887.6,26.194511596271393
1887.8,26.242820936465115
1888.0,26.40974809558198
1888.2,26.655085650086136
1888.4,25.891223644707626
1888.6,25.458618881602163
1888.8,25.847134162697692
1889.0,24.325926390064474
1889.2,23.827858208874765
1889.4,24.096246547721933
1889.6,24.09613647341814
1889.8,24.123728695662827
1890.0,24.390695394202577
1890.2,25.11946061578145
1890.4,25.072023602971857
1890.6,24.29285268444881
1890.8,23.94307946786068
1891.0,23.844801843602497
1891.2,23.548407020749913
1891.4,24.410084484519206
1891.6,24.752915559811374
1891.8,24.403496514900688
1892.0,25.067682691547265
1892.2,25.034835690088357
1892.4,25.294226236448022
1892.6,26.544391473254038
1892.8,26.276580025869464
1893.0,27.016150338143333
1893.2,27.75732323414967
1893.4,28.132736754149164
1893.6,26.84742563390373
1893.8,26.595564596627447
1894.0,27.094472875283056
1894.2,28.160150193316028
1894.4,27.746046682775557
1894.6,28.162094347917296
1894.8,28.09461712613424
1895.0,28.266653148723343
1895.2,27.66480464632709
1895.4,26.979501417416838
1895.6,26.07817527287889
1895.8,26.626083482471117
1896.0,26.29190002020957
1896.2,25.733953146572727
1896.4,25.697555033200302
1896.6,25.83849468400996
1896.8,26.274805796623376
1897.0,25.636688996104215
1897.2,26.5839806149579
1897.4,26.87651027996914
1897.6,27.363269790678668
1897.8,28.043980631350188
1898.0,28.080983146514246
1898.2,27.34938747509833
1898.4,27.53507101551802
1898.6,28.66116378136615
1898.8,28.80659048640457
1899.0,28.595891244895792
1899.2,29.005165091536508
1899.4,29.196973097922793
1899.6,28.132917413011683
1899.8,29.173351305166932
1900.0,28.69209913476087
1900.2,28.134878041580116
1900.4,28.84831028695683
1900.6,29.865768576728513
1900.8,29.827240722654565
1901.0,29.528505899095418
1901.2,29.50436722007381
1901.4,29.839221058679133
1901.6,28.646034822313045
1901.8,28.12456709919358
1902.0,28.337227013158053
1902.2,27.409978860222857
1902.4,28.08410554960211
1902.6,28.689863747596785
1902.8,29.00279648409741
1903.0,30.32511199378486
1903.2,31.284517326865817
1903.4,30.988650636990954
1903.6,29.99689939329844
1903.8,30.146151829474334
1904.0,31.41574673150538
1904.2,30.362943017467323
1904.4,31.453056609040154
1904.6,31.181367008161892
1904.8,31.096778289415145
1905.0,31.85910059964187
1905.2,31.4199970113628
1905.4,31.809773489526446
1905.6,31.928517223899377
1905.8,32.08584754956752
1906.0,32.29190879544576
1906.2,31.038201511471705
1906.4,31.555026080216297
1906.6,30.365174164294658
1906.8,30.853323558904332
1907.0,31.14234400253741
1907.2,31.83480319274599
1907.4,30.87649152545044
1907.6,30.139414230559737
1907.8,30.556071796475578
1908.0,31.336520762812846
1908.2,31.906306158212153
1908.4,30.974854811864372
1908.6,29.858248193684123
1908.8,29.685026108488834
1909.0,29.877123401087854
1909.2,31.053239778213037
1909.4,31.458070108895658
1909.6,31.72335813435732
1909.8,31.10623420630283
1910.0,30.69182003925126
1910.2,32.45520665280262
1910.4,31.70061531854083
1910.6,31.415563691124365
1910.8,29.74839184650645
1911.0,28.912591342232517
1911.2,29.31453749964488
1911.4,30.152012404406953
1911.6,29.69254267127454
1911.8,29.97856993584703
1912.0,29.759433355006486
1912.2,29.37138561920132
1912.4,29.765895189295737
1912.6,29.757117662869046
1912.8,29.618827866318004
1913.0,29.395668156256285
1913.2,28.406215691544944
1913.4,28.298285719117416
1913.6,28.870978927817333
1913.8,28.89282363170907
1914.0,29.402791469966974
1914.2,31.100061418384726
1914.4,29.855661757130907
1914.6,30.613247380323592
1914.8,30.192837830928127
1915.0,30.61626713701631
1915.2,30.213163777029713
1915.4,29.858596571059927
1915.6,29.817236252458137
1915.8,29.419972357128362
1916.0,29.520569534299888
1916.2,29.331965252424705
1916.4,30.007620415645043
1916.6,29.833773846200238
1916.8,29.47672457102232
1917.0,30.800685709174566
1917.2,30.34491349877394
1917.4,29.992768071398235
1917.6,29.937328623321008
1917.8,30.052979572552694
1918.0,29.044534162213278
1918.2,28.356761638494362
1918.4,28.150670676223033
1918.6,29.172170215601042
1918.8,29.116141180169045
1919.0,29.45866934814468
1919.2,28.95493712314687
1919.4,29.086016374048754
1919.6,30.02091777217377
1919.8,30.139023109070408
1920.0,29.59273298961413
1920.2,30.308457633884146
1920.4,30.51334921877263
1920.6,30.23231449365205
1920.8,29.47916870882831
1921.0,30.979003290404677
1921.2,31.75738734944465
1921.4,31.358385561894963
1921.6,31.47304597881918
1921.8,30.768568790105565
1922.0,30.701910084306967
1922.2,31.1522733900906
1922.4,30.7110790486705
1922.6,31.567487816142172
1922.8,30.396327816994265
1923.0,30.244564596693525
1923.2,30.328085994105436
1923.4,30.762299156907
1923.6,31.832832035482177
1923.8,30.93777864805849
1924.0,31.05736824904152
1924.2,31.116253079620737
1924.4,30.67416351965577
1924.6,30.79264733510115
1924.8,31.368747919704127
1925.0,30.765944542148723
1925.2,31.69595137349694
1925.4,31.362851955316348
1925.6,32.10442865470159
1925.8,32.33286310343467
1926.0,32.51165075904936
1926.2,32.59914556926889
1926.4,31.97026385727128
1926.6,31.286375580985055
1926.8,30.594973437132825
1927.0,31.062726570144644
1927.2,30.6108751614974
1927.4,31.26490040720743
1927.6,31.557404924914174
1927.8,30.67932149669364
1928.0,30.57833229561732
1928.2,30.70739411015364
1928.4,31.360705213704186
1928.6,31.302495668756944
1928.8,31.193647804092556
1929.0,32.169636727021945
1929.2,32.52940893044773
1929.4,31.499360971377868
1929.6,31.272533705022923
1929.8,30.62122095208776
1930.0,31.268131316733307
1930.2,32.43818466725841
1930.4,33.056200765209965
1930.6,33.97279330357844
1930.8,33.961082391618554
1931.0,33.69748943485317
1931.2,33.72253590541677
1931.4,33.64777060505109
1931.6,32.8948494629557
1931.8,31.97434543754528
1932.0,32.13589587477399
1932.2,32.28768160897501
1932.4,31.98792594452238
1932.6,31.84238628727215
1932.8,32.13055595891696
1933.0,32.86268860937707
1933.2,32.6003165375726
1933.4,32.75360273228515
1933.6,32.126350171769204
1933.8,31.64608272862019
1934.0,30.820016386316034
1934.2,30.263948032119533
1934.4,30.90704585630604
1934.6,29.666213882694205
1934.8,29.779468646541826
1935.0,29.827474493517315
1935.2,30.35692501418019
1935.4,30.1859636693623
1935.6,30.818621712771105
1935.8,31.458789859257372
1936.0,31.745527335901752
1936.2,30.525137993310327
1936.4,30.542143557739987
1936.6,30.75320027800316
1936.8,30.440215693928906
1937.0,30.892800626977753
1937.2,30.502722487753044
1937.4,30.698687605348187
1937.6,30.304923710807714
1937.8,31.015445384968512
1938.0,30.958377938219414
1938.2,30.949256688040194
1938.4,31.279074861512264
1938.6,31.57630963850838
1938.8,31.73418552873574
1939.0,30.872291373450963
1939.2,30.9812146702675
1939.4,31.214720782356547
1939.6,30.12348069210646
1939.8,30.237556041940795
1940.0,29.900137163486246
1940.2,30.233801555517587
1940.4,29.979477758227887
1940.6,30.301876603317268
1940.8,30.115485099293387
1941.0,30.250034036615652
1941.2,29.756560545855372
1941.4,30.794762668090243
1941.6,30.978561113326684
1941.8,30.061270721857266
1942.0,30.562969880728016
1942.2,30.59874119803924
1942.4,30.476680561616195
1942.6,31.17728401228659
1942.8,31.173896029622217
1943.0,30.73035203695518
1943.2,30.438458768990838
1943.4,29.79332388266886
1943.6,28.985860514896746
1943.8,28.554320980659202
1944.0,28.75062417422141
1944.2,29.314021443486453
1944.4,28.42147854434287
1944.6,28.55261291076442
1944.8,27.831322527292247
1945.0,27.637836007427964
1945.2,27.61685528657739
1945.4,28.02211400176821
1945.6,28.55814697158051
1945.8,29.577077893949458
1946.0,29.642814095127974
1946.2,28.366960822645233
1946.4,28.781184533981513
1946.6,29.707027757327857
1946.8,29.853847950419677
1947.0,31.23602102120428
1947.2,31.404424343423845
1947.4,30.78746962113158
1947.6,30.23893187709279
1947.8,30.073466297239392
1948.0,29.78591239264056
1948.2,29.078631934464024
1948.4,29.501123100709002
1948.6,30.42584473659181
1948.8,30.428330195517344
1949.0,30.19686750882702
1949.2,31.036078399734677
1949.4,31.293087733686864
1949.6,30.869122755149053
1949.8,30.302348963595716
1950.0,29.59001835046346
1950.2,29.723265985078807
1950.4,29.871149321719667
1950.6,30.23315735156003
1950.8,30.92486155201655
1951.0,30.54227574895755
1951.2,30.943043557770693
1951.4,30.212350017156382
1951.6,30.057377125893076
1951.8,28.76016809320861
1952.0,28.204425997488045
1952.2,28.72627088826388
1952.4,28.877117609070453
1952.6,28.233694584517792
1952.8,26.957744677331466
1953.0,26.093038917416656
1953.2,25.08809981740802
1953.4,24.866394346071242
1953.6,24.60594404296574
1953.8,24.920908355282123
1954.0,25.37868210492748
1954.2,25.520818172846525
1954.4,25.23415257398151
1954.6,24.989428106683622
1954.8,25.388093377622827
1955.0,25.217648274254543
1955.2,25.26376998501528
1955.4,23.985675596074255
1955.6,23.322416181470945
1955.8,22.974798692943928
1956.0,22.827856341271236
1956.2,22.87387978342952
1956.4,23.439045228667602
1956.6,22.921224067601983
1956.8,23.62054723544972
1957.0,23.95577474054422
1957.2,24.017186994213603
1957.4,23.610710397669234
1957.6,24.5771535764546
1957.8,24.221556417825415
1958.0,24.761068327215753
1958.2,24.332788423522963
1958.4,24.08785405779602
1958.6,23.497648024382258
1958.8,22.64752939375148
1959.0,22.484729953515536
1959.2,22.677330075441414
1959.4,21.770513169464458
1959.6,21.908720565248604
1959.8,22.6353370631637
1960.0,23.06785523764223
1960.2,23.991450145823165
1960.4,24.219245624666286
1960.6,24.625991464464263
1960.8,24.58413806090252
1961.0,24.832014281284213
1961.2,24.84255627208924
1961.4,25.387615002601006
1961.6,25.673622488794884
1961.8,26.408300767667463
1962.0,26.530824411282875
1962.2,26.57555286293364
1962.4,27.575343547680546
1962.6,28.04812551957359
1962.8,29.21974281383126
1963.0,29.906561695580823
1963.2,29.633761300481677
1963.4,30.04428292582684
1963.6,29.75940495876161
1963.8,29.690928144420727
1964.0,28.70911000190111
1964.2,28.85178475592503
1964.4,28.787235680898924
1964.6,28.971343502018343
1964.8,29.582439143815144
1965.0,29.036525720555332
1965.2,29.724938005980324
1965.4,28.945883390958617
1965.6,29.2991838650105
1965.8,28.725721943864208
1966.0,27.897316455732472
1966.2,28.138301683189475
1966.4,28.080316224263804
1966.6,27.79702547080508
1966.8,27.78018898212535
1967.0,28.91003390917529
1967.2,28.648929767289538
1967.4,28.257438896678153
1967.6,27.72483672647445
1967.8,27.544404848080614
1968.0,27.084102036804218
1968.2,26.76571149070155
1968.4,26.46810354080015
1968.6,25.616532305774903
1968.8,25.702097020986656
1969.0,25.383566165583144
1969.2,25.086189726798203
1969.4,26.10544550230649
1969.6,25.131959744354525
1969.8,24.95230418800764
1970.0,24.653484330479035
1970.2,24.644788090889776
1970.4,25.712254504623772
1970.6,25.807979373377275
1970.8,26.940708980774524
1971.0,27.048931303894605
1971.2,27.097737876161474
1971.4,27.590683787208945
1971.6,27.72707582581638
1971.8,27.660079149853676
1972.0,27.70621384012809
1972.2,27.973742361982353
1972.4,27.135856210457078
1972.6,27.18844955073445
1972.8,27.801186222697837
1973.0,27.755149719593728
1973.2,26.963185597404046
1973.4,27.048386399368475
1973.6,27.009764026691453
1973.8,27.70126557150813
1974.0,28.032290241272477
1974.2,28.02739878531495
1974.4,28.20383622539948
1974.6,27.89885164208369
1974.8,27.284191520697032
1975.0,28.01369208549763
1975.2,28.927735323891113
1975.4,28.763926190653507
1975.6,29.143159097548427
1975.8,29.50573997879513
1976.0,29.334224524260527
1976.2,29.47960694821981
1976.4,29.761158690742615
1976.6,29.17908264018417
1976.8,28.789317053854617
1977.0,28.46993411709029
1977.2,28.46841997095224
1977.4,29.19898851097966
1977.6,29.527885775027784
1977.8,29.100066010824648
1978.0,28.65245637452378
1978.2,28.674252898590137
1978.4,30.13239405524605
1978.6,30.169394997901257
1978.8,30.438963259647345
1979.0,30.911371591456437
1979.2,32.616033509555855
1979.4,31.7090492304958
1979.6,31.394725570999636
1979.8,31.644367668864717
1980.0,31.978199666058707
1980.2,31.92815400564872
1980.4,32.96804170278673
1980.6,32.041458319601226
1980.8,32.872077351665816
1981.0,32.23140731934808
1981.2,32.41188700321504
1981.4,32.20746575767051
1981.6,32.838818571255075
1981.8,32.369205325927894
1982.0,33.38644374887566
1982.2,33.06949491553921
1982.4,33.48878007593637
1982.6,33.169321706902146
1982.8,34.2081855586986
1983.0,33.52771173244613
1983.2,33.21187358604198
1983.4,33.74316559052631
1983.6,33.24079348459401
1983.8,33.63920959563859
1984.0,34.79823174635984
1984.2,34.965178431900384
1984.4,34.71665212317924
1984.6,35.047273996371395
1984.8,34.50368012996175
1985.0,35.45423416841833
1985.2,34.966904092324725
1985.4,34.50144440679641
1985.6,34.596239433111236
1985.8,33.98364829981767
1986.0,33.177783220464335
1986.2,32.308415659085995
1986.4,31.986378118149656
1986.6,31.50080823431604
1986.8,32.46393802853026
1987.0,33.163359531049885
1987.2,33.29751438637111
1987.4,32.31602926373424
1987.6,33.225335932888434
1987.8,33.37170623791444
1988.0,33.6555919194296
1988.2,32.063784614167396
1988.4,31.39890749195771
1988.6,31.229344505168854
1988.8,33.18428210614655
1989.0,33.681749338858985
1989.2,32.80019786054746
1989.4,32.443552676299454
1989.6,32.73565276729177
1989.8,32.46290885105125
1990.0,31.819487501949304
1990.2,31.714349663163915
1990.4,30.29829660603097
1990.6,31.027904427021294
1990.8,32.0056306718392
1991.0,31.604585262512558
1991.2,32.10737564030293
1991.4,31.714155060914983
1991.6,32.86292942758648
1991.8,33.31867995969022
1992.0,34.20228559994449
1992.2,34.179096871447115
1992.4,33.90203173289505
1992.6,32.84418198366325
1992.8,32.59045722318069
1993.0,32.041487326426484
1993.2,32.17167471368394
1993.4,31.897133592755292
1993.6,31.6258213738033
1993.8,33.07133845888414
1994.0,32.820287981651774
1994.2,31.873240594990207
1994.4,32.00177937002733
1994.6,32.405463266597124
1994.8,33.46317437765826
1995.0,34.099023869469335
1995.2,33.603922886073946
1995.4,33.99158366482676
1995.6,34.08201371131942
1995.8,34.024398960165506
1996.0,34.16843317744342
1996.2,34.382932466085514
1996.4,34.827780060603416
1996.6,34.38988352360603
1996.8,35.02247159908063
1997.0,33.909522966694624
1997.2,32.90704771345587
1997.4,32.58630810487101
1997.6,33.21904461885542
1997.8,33.76386764300244
1998.0,34.10495005412171
1998.2,34.64561606960059
1998.4,34.69450950159627
1998.6,35.20337483641119
1998.8,34.801880255108784
1999.0,34.78675846842743
1999.2,35.99714632309319
1999.4,36.526953015575636
1999.6,36.32451967558716
1999.8,36.69550789123508
2000.0,35.45016479080816
2000.2,35.76596903972131
2000.4,34.46801826663367
2000.6,33.207185408660955
2000.8,32.27864547211513
2001.0,31.79434525008659
2001.2,33.00883759592307
2001.4,32.72851528018015
2001.6,32.142677401064304
2001.8,32.533926912024604
2002.0,32.762408555571724
2002.2,33.08340431425483
2002.4,33.859935648877766
2002.6,32.25922607394463
2002.8,32.02474653119871
2003.0,32.02458985396127
2003.2,31.806512020490835
2003.4,31.866352537614237
2003.6,32.39095097680314
2003.8,34.277377113098794
2004.0,34.06956326934602
2004.2,33.727755555530884
2004.4,33.84477532118583
2004.6,33.88349705265066
2004.8,31.777799322787832
2005.0,30.538966568265522
2005.2,29.820756252354755
2005.4,30.5984363106838
2005.6,30.218279285105993
2005.8,28.406761644229075
2006.0,27.95792286045321
2006.2,27.845291911047013
2006.4,28.519959689276078
2006.6,27.647602361580677
2006.8,27.76725231251552
2007.0,27.312787382130143
2007.2,27.594187645743293
2007.4,27.772545939398285
2007.6,28.510572876847235
2007.8,28.408324391821157
2008.0,28.136784895467017
2008.2,28.977395604729416
2008.4,29.138196736424213
2008.6,29.58367123823036
2008.8,29.22073153630159
2009.0,29.67126074336704
2009.2,29.238134016323656
2009.4,28.62664004110163
2009.6,28.350904551821912
2009.8,28.39300893719002
2010.0,27.729219539010156
2010.2,27.793571725873292
2010.4,27.332376953592853
2010.6,26.510144244965147
2010.8,26.447228826720316
2011.0,27.836182140380927
2011.2,28.878304921610066
2011.4,29.262715061506338
2011.6,28.87640453383446
2011.8,28.686347989456593
2012.0,29.47651439897754
2012.2,29.194327753129482
2012.4,29.20807359546879
2012.6,29.69560032895688
2012.8,29.801788459076022
2013.0,29.99500392732309
2013.2,30.088059050157202
2013.4,29.968927245014925
2013.6,29.512386659085436
2013.8,28.683986308944377
2014.0,27.881023489491042
2014.2,27.15727215434438
2014.4,26.38617808499297
2014.6,26.001364540553702
2014.8,26.721375579955023
2015.0,26.5306301812598
2015.2,26.4823120906491
2015.4,27.11667435770949
2015.6,28.037794613735322
2015.8,28.326261493057995
2016.0,28.895372231441737
2016.2,29.53963606932748
2016.4,30.70318194868173
2016.6,30.19603297733896
2016.8,30.330725173743023
2017.0,31.24222406431576
2017.2,30.515885267957792
2017.4,30.85087888014852
2017.6,31.08628635686477
2017.8,31.20446260585932
2018.0,30.961672806408483
2018.2,31.074443322228554
2018.4,30.824426866750567
2018.6,31.526592572006432
2018.8,31.151396123943883
2019.0,30.845143665994712
2019.2,31.70483362502808
2019.4,31.63233323307952
2019.6,31.254241606999518
2019.8,31.168258726311066
2020.0,29.68508491242313
2020.2,30.40727509296879
2020.4,30.26620537906708
2020.6,30.571863617921235
2020.8,30.625946951764917
2021.0,28.82609332980423
2021.2,29.200624104997726
2021.4,29.270758368594592
2021.6,29.243712662039982
2021.8,29.240788274895813
2022.0,29.410174255767714
2022.2,29.225256644212763
2022.4,28.66195418158419
2022.6,27.74201931504595
2022.8,27.661156317932996
2023.0,27.065120286974963
2023.2,27.358596990368405
2023.4,27.26269962233321
2023.6,26.092124814423144
2023.8,26.859036548892227
2024.0,26.410341638762635
2024.2,25.40858684587392
2024.4,24.902405205338773
2024.6,25.049997563085434
2024.8,25.39141806313031
2025.0,25.684409907345064
2025.2,26.43398751223249
2025.4,25.52646858966336
2025.6,25.34950321500583
2025.8,25.934253845471474
2026.0,26.199319981153266
2026.2,25.109144044600967
2026.4,25.167622935560544
2026.6,25.983800396911846
2026.8,26.181515738230864
2027.0,26.04823270485697
2027.2,26.173372105937407
2027.4,25.681106183334723
2027.6,25.989459707982853
2027.8,26.47597319561399
2028.0,25.831658059455535
2028.2,26.345551412136913
2028.4,25.47411861374462
2028.6,25.145308454218895
2028.8,25.71627823288647
2029.0,26.401666319755556
2029.2,26.16937657947726
2029.4,27.049273502527807
2029.6,27.811655585056194
2029.8,27.733591455842536
2030.0,28.301418636581136
2030.2,28.007524102090922
2030.4,28.05411321791557
2030.6,29.47718743270562
2030.8,29.65163972035468
2031.0,29.44177177353687
2031.2,29.08494982570283
2031.4,29.067894167446
2031.6,28.731803319375334
2031.8,29.020747357104568
2032.0,28.843309786214807
2032.2,28.424392233536512
2032.4,27.288995087931998
2032.6,26.377744625488738
2032.8,26.879056038616618
2033.0,26.740739257543957
2033.2,26.329545457953948
2033.4,26.9838072564692
2033.6,27.65773697846932
2033.8,28.20648766255161
2034.0,28.395969746498466
2034.2,28.696200711248444
2034.4,29.038065396775615
2034.6,28.287823792920573
2034.8,29.242515766571625
2035.0,29.74639014492452
2035.2,29.032974668783385
2035.4,28.36367577025917
2035.6,28.747339495804862
2035.8,28.37339595887409
2036.0,28.164516889308217
2036.2,28.20623657299887
2036.4,28.65396706099148
2036.6,28.701095048553057
2036.8,29.221988364074516
2037.0,29.570280114794972
2037.2,29.64855894767076
2037.4,29.219950530941365
2037.6,28.2172273421746
2037.8,27.577423021665552
2038.0,27.620912228228434
2038.2,27.981124403967
2038.4,28.296851885193604
2038.6,28.128282764516293
2038.8,28.406408226403485
2039.0,29.187666659102067
2039.2,29.195236732775598
2039.4,29.319149835362794
2039.6,28.73336418376484
2039.8,29.385140613046108
2040.0,29.570728091360863
2040.2,30.658316656627726
2040.4,30.17627721127292
2040.6,31.129296763908073
2040.8,31.20304816422797
2041.0,30.60928964504008
2041.2,29.4916046119272
2041.4,30.275835678810004
2041.6,30.77508328035608
2041.8,31.177971875143804
2042.0,31.15782689849739
2042.2,31.913636951126207
2042.4,32.24735559526179
2042.6,30.443030792916467
2042.8,31.235631561916893
2043.0,31.259549086593115
2043.2,32.082574555014716
2043.4,32.24557123279
2043.6,31.1561260081584
2043.8,30.97407957839596
2044.0,31.773195324891518
2044.2,31.333110311560116
2044.4,31.537499314774735
2044.6,31.849189372121582
2044.8,31.382624440150806
2045.0,31.258675925507205
2045.2,32.478424780971984
2045.4,31.02290101762694
2045.6,30.327429842014745
2045.8,29.598292560793638
2046.0,29.19517175214611
2046.2,28.526477490400044
2046.4,29.260488167987887
2046.6,29.562341102783485
2046.8,30.383353836160815
2047.0,30.50138287978568
2047.2,30.117770242464445
2047.4,30.580770683910078
2047.6,31.259365712449352
2047.8,31.67406373534576
2048.0,31.263972070991546
2048.2,30.76735804217921
2048.4,31.226277089903864
2048.6,30.21522576228118
2048.8,31.82658348573274
2049.0,30.99752719714767
2049.2,30.08676156050893
2049.4,31.952164715019713
2049.6,30.557913125095986
2049.8,30.506528897556173
2050.0,30.131035462933824
2050.2,31.262263711238504
2050.4,31.309303817708187
2050.6,30.89648776027008
2050.8,31.34121063053342
2051.0,31.849193515235108
2051.2,31.226797791283968
2051.4,31.674702359184202
2051.6,31.82077260875992
2051.8,32.15110412796775
2052.0,31.666148538304277
2052.2,31.799668582783003
2052.4,31.0497785607637
2052.6,31.563016149608323
2052.8,31.93992507937303
2053.0,31.617114778514605
2053.2,31.259157255897655
2053.4,30.32330948210207
2053.6,30.13248565596718
2053.8,30.53273857198565
2054.0,30.420891040535363
2054.2,28.955212505770675
2054.4,29.325145161233227
2054.6,30.618329880264636
2054.8,30.42783110951649
2055.0,31.212101463600924
2055.2,30.952453790132996
2055.4,32.751086247987125
2055.6,33.66208612428283
2055.8,33.33963787795247
2056.0,34.41433891244771
2056.2,34.759604021343876
2056.4,35.24821025345905
2056.6,34.85579323608954
2056.8,34.30614923014503
2057.0,34.00521446487798
2057.2,32.80154887273255
2057.4,32.213774097294944
2057.6,33.40509834521618
2057.8,33.03881434645665
2058.0,33.361993078077965
2058.2,34.115352621845354
2058.4,33.842600962797825
2058.6,32.63774174413872
2058.8,32.23841000956054
2059.0,31.542341298700826
2059.2,32.07510996131414
2059.4,33.044562676412724
2059.6,32.15375225163924
2059.8,32.358963388243176
2060.0,33.38525949019543
2060.2,32.45725246591863
2060.4,32.1509768206646
2060.6,32.34241141367651
2060.8,33.18991609354509
2061.0,33.60258469714407
2061.2,32.57716005591454
2061.4,32.01717796319048
2061.6,32.36692624118237
2061.8,32.67982026401753
2062.0,32.91055662625978
2062.2,31.477022672278384
2062.4,31.141173325126065
2062.6,30.309686163159306
2062.8,30.74991656300131
2063.0,30.126292029573214
2063.2,30.444708477394023
2063.4,30.215018114425803
2063.6,29.993069774212273
2063.8,28.74732237788956
2064.0,30.382101133008454
2064.2,30.56543661358247
2064.4,30.508422455909535
2064.6,30.279619046523646
2064.8,29.19681647277525
2065.0,29.452202802129
2065.2,29.96355133448852
2065.4,30.749220930333536
2065.6,30.05570981530219
2065.8,29.594707610988102
2066.0,30.433968768925563
2066.2,30.54246957456066
2066.4,31.001659420880333
2066.6,30.438971004814775
2066.8,30.691688797078477
2067.0,31.574764539737494
2067.2,31.627980667644028
2067.4,31.11941913013602
2067.6,30.48250249709544
2067.8,30.517763415006478
2068.0,30.772833840295203
2068.2,30.354685970979993
2068.4,32.60609663690406
2068.6,31.777575032744796
2068.8,31.314641629660937
2069.0,31.015637892215917
2069.2,31.263207490858008
2069.4,31.908919719223164
2069.6,32.724508207497315
2069.8,32.409474131436966
2070.0,32.320733766623555
2070.2,32.70451917376543
2070.4,31.46280060368843
2070.6,32.12046371403251
2070.8,33.15142422061345
2071.0,33.334717973442906
2071.2,32.17173691986964
2071.4,32.290643937579915
2071.6,32.223586966723325
2071.8,31.474793854142554
2072.0,30.606702661007212
2072.2,31.718190329912797
2072.4,31.649405113787253
2072.6,31.824699653479502
2072.8,32.438142070629645
2073.0,31.092010565741163
2073.2,32.14533992427554
2073.4,32.672816781753276
2073.6,33.017355063470944
2073.8,34.83302476092863
2074.0,35.418665612694205
2074.2,35.74386580872656
2074.4,35.378263233771776
2074.6,36.15710999992152
2074.8,35.801144927219156
2075.0,36.1891574771031
2075.2,36.39133046809926
2075.4,35.933148774322575
2075.6,35.818447853264935
2075.8,35.376133440758046
2076.0,35.08897189292085
2076.2,35.28896674626981
2076.4,34.262577396907254
2076.6,35.34254951656203
2076.8,35.95905661841595
2077.0,34.16480614225954
2077.2,33.695963526479744
2077.4,34.19115585374683
2077.6,34.18482589411984
2077.8,33.25013272546241
2078.0,33.33752151786576
2078.2,33.687326081008834
2078.4,33.16408145177785
2078.6,31.993368265081426
2078.8,32.18138596150639
2079.0,32.91281916569328
2079.2,32.24591487492232
2079.4,32.230436796097244
2079.6,31.31235562129116
2079.8,31.34898766252597
2080.0,30.7440285749742
2080.2,30.176512434365307
2080.4,29.802257614847374
2080.6,29.937114336254883
2080.8,30.14326359349593
2081.0,29.87807204607506
2081.2,29.784217285967493
2081.4,31.33120603854394
2081.6,32.054157896839
2081.8,32.27064850949454
2082.0,32.641430857040845
2082.2,31.894298535517844
2082.4,31.246452900449576
2082.6,30.734975279360945
2082.8,30.682123786738124
2083.0,31.20549757905724
2083.2,31.63876976204954
2083.4,31.557232320291444
2083.6,32.98188369304839
2083.8,32.294723395476154
2084.0,31.945607196280605
2084.2,30.661727590437316
2084.4,31.16527681583735
2084.6,30.919873753612762
2084.8,29.36369949736964
2085.0,29.834915259654533
2085.2,29.304738160909082
2085.4,30.650216352120264
2085.6,30.116821255030523
2085.8,30.767187278622423
2086.0,30.7313518847007
2086.2,30.160788514011546
2086.4,29.07588445412728
2086.6,28.921644514228674
2086.8,30.292135470199632
2087.0,29.0666604346844
2087.2,29.142609936204487
2087.4,29.032505085138702
2087.6,30.28687066507
2087.8,30.46980490144444
2088.0,32.10905674170456
2088.2,33.00681112414193
2088.4,32.89159124760371
2088.6,33.728163332055246
2088.8,32.87701377862481
2089.0,33.53062562857517
2089.2,33.01497746219387
2089.4,34.447444110633654
2089.6,33.54587552411615
2089.8,32.76003560703481
2090.0,33.134817677662916
2090.2,32.91277827521431
2090.4,32.76701393622811
2090.6,32.44729371943403
2090.8,32.75605562183108
2091.0,32.58721624425555
2091.2,32.88689462565229
2091.4,32.9029801150258
2091.6,32.034969633310496
2091.8,32.05246717844338
2092.0,32.01464428062679
2092.2,33.41325845323891
2092.4,33.18610482614435
2092.6,32.26784756419133
2092.8,32.271636839191075
2093.0,32.39955378225008
2093.2,33.42777678834771
2093.4,33.149198382861776
2093.6,32.20263983723687
2093.8,31.56770193402881
2094.0,31.303273724480476
2094.2,31.011108534338085
2094.4,30.950968220528836
2094.6,30.933655378779328
2094.8,30.752728027791868
2095.0,30.17216799119371
2095.2,29.390961025496264
2095.4,29.581899800501446
2095.6,29.680739315775448
2095.8,29.938344077320444
2096.0,30.235044004571257
2096.2,30.535941074998448
2096.4,30.10017494058998
2096.6,30.986002643179326
2096.8,31.04488048235072
2097.0,31.01378679284636
2097.2,30.398633715853723
2097.4,29.313089110049866
2097.6,28.885079945452752
2097.8,29.459443099129157
2098.0,30.34684835686076
2098.2,30.39501387281176
2098.4,29.860227047003647
2098.6,29.960659865075
2098.8,30.98734515477174
2099.0,31.463506415067762
2099.2,30.96814015190917
2099.4,31.505297189627363
2099.6,32.293550378860935
2099.8,32.131893540616616
2100.0,31.32199468090867
2100.2,31.76267553751223
2100.4,31.810561054665282
2100.6,32.75815247277024
2100.8,32.61148740693018
2101.0,32.30398128382326
2101.2,31.963450198479592
2101.4,31.7375685760155
2101.6,33.16399422893707
2101.8,33.97006335211189
2102.0,34.27931334542653
2102.2,34.64950081271671
2102.4,34.79710126756487
2102.6,34.51141023626097
2102.8,33.92572816338097
2103.0,32.60837225907221
2103.2,32.38678719578517
2103.4,32.81181798619188
2103.6,33.33868403901266
2103.8,34.12302693942814
2104.0,34.13597376629299
2104.2,34.098257312154054
2104.4,35.08864398145438
2104.6,35.829335342761375
2104.8,34.785151696131834
2105.0,33.88386086275807
2105.2,33.592166202941115
2105.4,34.037554504239665
2105.6,33.702307524897584
2105.8,32.87116487078539
2106.0,32.56917178628102
2106.2,33.24347993675988
2106.4,33.13525690765103
2106.6,32.77786047758117
2106.8,33.421390945672044
2107.0,32.12000572995177
2107.2,31.485601398974786
2107.4,30.510931994147224
2107.6,29.98666185366051
2107.8,29.814906838171844
2108.0,29.331229848745693
2108.2,30.50881062912207
2108.4,32.69438471369436
2108.6,32.39666497199511
2108.8,31.126011701871295
2109.0,31.925417546844027
2109.2,30.80539687367786
2109.4,31.804260715914783
2109.6,32.17147740178453
2109.8,31.29587084209853
2110.0,31.020462943341656
2110.2,32.37746465603585
2110.4,32.039648939488515
2110.6,32.99862040079671
2110.8,33.16460716556958
2111.0,32.80184718662019
2111.2,33.01805112837663
2111.4,32.754861355313885
2111.6,33.64198573067415
2111.8,34.10266833447006
2112.0,34.47304909388394
2112.2,32.73901937801127
2112.4,33.94726806502381
2112.6,32.80738963139013
2112.8,33.368934441468745
2113.0,34.597891362996336
2113.2,34.89880304025503
2113.4,35.11023211354308
2113.6,34.43354393689072
2113.8,34.9712157521654
2114.0,36.032498406570994
2114.2,35.223172159424216
2114.4,35.35136029946915
2114.6,35.080662773802224
2114.8,35.26643075849194
2115.0,35.69364718807263
2115.2,35.615208884595816
2115.4,35.9010652723195
2115.6,35.510776201147664
2115.8,35.38222886863058
2116.0,35.487702685382146
2116.2,35.23247415528678
2116.4,35.95084491926653
2116.6,36.20327696380505
2116.8,34.560937467812295
2117.0,35.581083719661926
2117.2,35.0349600663681
2117.4,34.38206982494485
2117.6,33.89830904359189
2117.8,33.49334141833341
2118.0,34.44776847582603
2118.2,35.14816286236829
2118.4,35.55280492956518
2118.6,35.68774444301538
2118.8,34.07263514557693
2119.0,35.28889245492644
2119.2,35.54312490368582
2119.4,34.568887526541026
2119.6,34.535032605514154
2119.8,35.10056783191622
2120.0,35.85328658338145
2120.2,37.0319151241544
2120.4,38.11048168246736
2120.6,39.070338875436946
2120.8,38.595748758354894
2121.0,39.350593662767
2121.2,38.687756666179666
2121.4,38.08614235838852
2121.6,38.69377935496981
2121.8,38.82735659002381
2122.0,38.59040450545348
2122.2,40.30378181698004
2122.4,38.39648914514251
2122.6,37.859481629424366
2122.8,38.23123622179522
2123.0,38.16598728513274
2123.2,37.81353993761781
2123.4,37.33436409110036
2123.6,37.55724629177451
2123.8,36.80961192568374
2124.0,36.81990304030134
2124.2,36.595875891569456
2124.4,35.969248627538356
2124.6,36.408686075944864
2124.8,36.50793005692016
2125.0,36.43379900885415
2125.2,35.5474305555235
2125.4,35.022719265017734
2125.6,36.043453977327296
2125.8,37.65539187675694
2126.0,35.795237576634285
2126.2,36.52549967798433
2126.4,36.718901831601094
2126.6,37.46876635527242
2126.8,36.862410519072355
2127.0,36.44617140012157
2127.2,35.66020786964045
2127.4,36.412260824805294
2127.6,35.52449888984754
2127.8,37.41355799243513
2128.0,36.795406360228625
2128.2,38.915708313894505
2128.4,38.34779302995062
2128.6,37.968574117795576
2128.8,36.535957874990885
2129.0,35.66449785811502
2129.2,34.92761335863674
2129.4,34.90061754025027
2129.6,34.01583077177936
2129.8,34.3822187376321
2130.0,34.17717232510081
2130.2,35.717337972712656
2130.4,34.944874062326456
2130.6,34.663157369012836
2130.8,34.76576863591121
2131.0,34.78124831781028
2131.2,34.81016260839065
2131.4,35.15541027347096
2131.6,36.036790400048226
2131.8,36.49759530523802
2132.0,36.650489284204156
2132.2,36.325934905609635
2132.4,34.25720969227769
2132.6,34.42833335242696
2132.8,34.94704134485574
2133.0,34.37216957959386
2133.2,34.254788490420985
2133.4,35.20920999772055
2133.6,35.004744541812734
2133.8,34.505016667843094
2134.0,34.92710683856094
2134.2,34.95962384925705
2134.4,35.47300681774614
2134.6,36.61715780360897
2134.8,36.3829809757791
2135.0,36.58565619356142
2135.2,37.63010879839508
2135.4,37.0600294929499
2135.6,37.06246787809637
2135.8,35.849996348400694
2136.0,35.869306586313016
2136.2,36.336796358605625
2136.4,36.24217353037742
2136.6,35.46202027004196
2136.8,35.368824169718536
2137.0,35.245619926209734
2137.2,32.60296617368876
2137.4,32.21827013144199
2137.6,32.486011893314924
2137.8,31.79745603883851
2138.0,31.720270446220784
2138.2,31.931354323319493
2138.4,32.889900580524106
2138.6,33.758745196423824
2138.8,35.0511989739561
2139.0,34.50561503409469
2139.2,34.30891025338309
2139.4,34.79764584919118
2139.6,34.71975008321533
2139.8,34.48589209769858
2140.0,34.28580280781106
2140.2,34.01275615243449
2140.4,33.926341264566574
2140.6,32.714755496862125
2140.8,32.00486897583539
2141.0,33.021269570709464
2141.2,32.791067854714214
2141.4,31.865094011470447
2141.6,32.30154837852667
2141.8,31.978385162032662
2142.0,32.838649794170294
2142.2,32.65029296192985
2142.4,31.958993217747988
2142.6,30.97229295562488
2142.8,30.997919539627517
2143.0,30.12363632607105
2143.2,32.18867432618953
2143.4,31.539458441261917
2143.6,30.35723143280603
2143.8,30.13459736148155
2144.0,30.28315014158697
2144.2,30.059198655585973
2144.4,28.67076094602744
2144.6,27.700736674055474
2144.8,26.556072147031003
2145.0,26.211840253799856
2145.2,25.675054948178527
2145.4,25.629194798271776
2145.6,26.205970259221353
2145.8,27.17933351032972
2146.0,27.371218813630268
2146.2,27.17503610413773
2146.4,26.891241806709687
2146.6,28.387654008741396
2146.8,27.93044722822602
2147.0,29.134860945290587
2147.2,29.84807712310799
2147.4,30.390051608651
2147.6,30.834936466496416
2147.8,31.298878039630033
2148.0,32.705802282454826
2148.2,32.52794230261357
2148.4,31.728511327658985
2148.6,31.71192030335692
2148.8,31.19415800420996
2149.0,31.518372238023346
2149.2,30.661739006280957
2149.4,31.306766530245795
2149.6,30.79073486805307
2149.8,31.447971368673194
2150.0,31.395325742147623
2150.2,32.25701214583859
2150.4,32.876871598929526
2150.6,32.60812645259913
2150.8,32.13446479461628
2151.0,29.521492546185716
2151.2,29.001506413210492
2151.4,29.386386347053502
2151.6,30.111427111165632
2151.8,30.77503229160684
2152.0,29.83695948999071
2152.2,29.437662308566978
2152.4,29.160651940329014
2152.6,29.34329769893941
2152.8,28.98374332134802
2153.0,27.85251391091226
2153.2,27.266177787584972
2153.4,26.936493751152966
2153.6,28.020433404565217
2153.8,26.895211369026747
2154.0,28.49551819104047
2154.2,27.05988910263802
2154.4,25.35843135652108
2154.6,24.955928306617317
2154.8,24.86492253711138
2155.0,24.907646906167273
2155.2,25.493697150291457
2155.4,24.387281354257016
2155.6,23.934904445679685
2155.8,23.45868674079041
2156.0,24.485312000032362
2156.2,24.510522479857897
2156.4,23.95952485594066
2156.6,23.558902018400442
2156.8,23.53002901684861
2157.0,23.791887567461853
2157.2,23.274211774012493
2157.4,23.94050699749984
2157.6,23.532317353389914
2157.8,23.32587088970465
2158.0,23.734112095648598
2158.2,23.823589545672128
2158.4,23.70572680123653
2158.6,23.71868259402147
2158.8,23.06652903709516
2159.0,23.75526682092124
2159.2,23.7019119591002
2159.4,23.66612997058273
2159.6,23.459762896370655
2159.8,23.88732638039344
2160.0,23.555531425837387
2160.2,24.147498450035467
2160.4,23.64193877536934
2160.6,23.441808187539802
2160.8,23.735979581440606
2161.0,23.513516645291055
2161.2,24.1994106609313
2161.4,24.542157981091467
2161.6,24.345191825661068
2161.8,24.123693850536448
2162.0,24.604737628609215
2162.2,24.475111665790223
2162.4,24.34734789291083
2162.6,24.028542863860146
2162.8,24.071253856441924
2163.0,24.5443563295039
2163.2,25.01895735965928
2163.4,25.81841649957216
2163.6,26.085285847484446
2163.8,26.21271377625891
2164.0,25.750980621861427
2164.2,25.441416460635388
2164.4,26.22150034930965
2164.6,26.293141527487958
2164.8,26.347710954536655
2165.0,26.680043936326072
2165.2,25.94730382890591
2165.4,25.259614210369996
2165.6,26.283112303396216
2165.8,26.236139425018763
2166.0,26.501690495214287
2166.2,25.675774879259183
2166.4,24.579731497772976
2166.6,24.189061320628372
2166.8,25.01567835855617
2167.0,25.79242485803446
2167.2,25.928691119711395
2167.4,25.544629854350344
2167.6,25.417254963542426
2167.8,25.02789916621266
2168.0,24.895156846486067
2168.2,25.39391309561552
2168.4,25.845134263103667
2168.6,27.350311801581814
2168.8,27.332883970592412
2169.0,27.495653696770553
2169.2,27.18123221525538
2169.4,27.774532783135978
2169.6,27.221280892974118
2169.8,27.372369146144173
2170.0,27.627315881735658
2170.2,28.081997086586952
2170.4,27.918897802444054
2170.6,27.09167443165849
2170.8,27.226178339700503
2171.0,26.633007184498524
2171.2,26.503890504230117
2171.4,26.876084403237314
2171.6,26.384801635952677
2171.8,26.927670622400782
2172.0,26.297894503413882
2172.2,26.68412883338302
2172.4,26.61111116319399
2172.6,26.386914081352995
2172.8,26.46109542157347
2173.0,26.669218540970245
2173.2,25.945048261567063
2173.4,24.991919104730297
2173.6,25.711877728188384
2173.8,25.22155142114904
2174.0,24.609382534063784
2174.2,24.209015618881867
2174.4,24.122176343193384
2174.6,23.934013443117763
2174.8,23.311293000507995
2175.0,23.455014586911513
2175.2,23.979307616484867
2175.4,23.890347412086868
2175.6,24.54976162601135
2175.8,24.880343893029448
2176.0,23.928173410076603
2176.2,23.859996401016225
2176.4,24.02738466354379
2176.6,24.001218945310335
2176.8,23.566468489722
2177.0,24.154322773657434
2177.2,24.232170603184606
2177.4,23.944963107306076
2177.6,23.90324153100009
2177.8,24.0766567618215
2178.0,23.933227312920224
2178.2,23.969124191894863
2178.4,23.95312528023323
2178.6,24.429836216464924
2178.8,23.82165069850627
2179.0,24.103580773986884
2179.2,23.814206690943955
2179.4,23.827091259956322
2179.6,23.722283949770162
2179.8,23.446033565358245
2180.0,23.01677230062687
2180.2,23.2864437894659
2180.4,23.12656378583517
2180.6,23.291901944586577
2180.8,22.663783952740925
2181.0,22.15949848240255
2181.2,21.924148954031857
2181.4,22.06891378106905
2181.6,21.87492377702793
2181.8,21.068338857003237
2182.0,20.89520614540437
2182.2,21.114693985041313
2182.4,20.995455500666004
2182.6,21.142776376209873
2182.8,21.517454358798666
2183.0,21.640361183072887
2183.2,21.43851811636985
2183.4,21.712023255347887
2183.6,21.472247557592354
2183.8,22.062607413486926
2184.0,21.618823459250862
2184.2,21.337929506443135
2184.4,21.08486838425183
2184.6,20.376922808031672
2184.8,21.035194453036272
2185.0,21.597669647664702
2185.2,22.132702373831496
2185.4,22.436846600799033
2185.6,22.128909498480567
2185.8,22.02185983986757
2186.0,22.144087551306097
2186.2,22.535604538188444
2186.4,22.093742574810342
2186.6,22.456305184927864
2186.8,22.663904035916914
2187.0,22.88127295768046
2187.2,21.877916172237
2187.4,22.571715489266694
2187.6,22.29058284808932
2187.8,22.352797759858024
2188.0,22.22878626064549
2188.2,22.04510684094072
2188.4,22.06230212244371
2188.6,22.234222612692015
2188.8,22.56965275145503
2189.0,22.52848610396647
2189.2,22.69757673965958
2189.4,22.347242964852974
2189.6,22.137653249486554
2189.8,22.578309575874876
2190.0,22.276070020194418
2190.2,20.978439205830384
2190.4,21.49514653904569
2190.6,21.982653922496404
2190.8,22.440216086397005
2191.0,22.88780676178417
2191.2,23.387755465146853
2191.4,23.51018581179673
2191.6,23.771533375869943
2191.8,23.992248067256764
2192.0,23.436903499963435
2192.2,23.776571453452583
2192.4,24.05818866605328
2192.6,24.245050240705396
2192.8,24.580770513673475
2193.0,24.55718566954246
2193.2,24.50784229856023
2193.4,24.60512400355163
2193.6,24.707505997801672
2193.8,24.070093204182186
2194.0,23.13341545559544
2194.2,23.82947580256111
2194.4,24.940541769101987
2194.6,24.838228630345288
2194.8,24.585461558482642
2195.0,25.179155313897684
2195.2,24.057209234329324
2195.4,23.857495017210717
2195.6,24.17170056668692
2195.8,24.37748089856782
2196.0,24.764162991973034
2196.2,25.524361386772284
2196.4,24.58626657015905
2196.6,24.00118959929799
2196.8,24.518172113106683
2197.0,24.311519102535346
2197.2,24.381626016751312
2197.4,25.200396363035313
2197.6,25.069167072634126
2197.8,25.615285140325863
2198.0,25.036506519828574
2198.2,24.798433721167488
2198.4,24.21963264803332
2198.6,23.701351933754225
2198.8,24.89911672666601
2199.0,25.127869710322116
2199.2,25.212265528197754
2199.4,24.40909500325865
2199.6,24.231241398471436
2199.8,24.938150505159072
2200.0,24.430794485295827
2200.2,24.68725392942234
2200.4,24.268685905484656
2200.6,25.009894240989013
2200.8,25.432574809959778
2201.0,25.310903766858168
2201.2,25.1781044831591
2201.4,25.237925722216996
2201.6,25.319806765793178
2201.8,25.694807627924977
2202.0,25.50667544063056
2202.2,24.50499626111788
2202.4,24.44720730106878
2202.6,23.674621221779777
2202.8,23.394264235126982
2203.0,23.467976322196353
2203.2,23.859728049281777
2203.4,23.80087108336058
2203.6,23.826065617269006
2203.8,23.999476398061518
2204.0,24.907160987303882
2204.2,24.65577076382333
2204.4,24.437883670517834
2204.6,25.36649724854542
2204.8,24.93294753621058
2205.0,24.349593729475075
2205.2,24.015294614186256
2205.4,23.901203361428536
2205.6,23.931603460171665
2205.8,24.272327878640585
2206.0,23.97488366669624
2206.2,23.68622691734282
2206.4,23.310507091687246
2206.6,23.06754655641091
2206.8,23.519751932901602
2207.0,23.339739002175843
2207.2,22.938891523008195
2207.4,23.475618428870277
2207.6,23.31079339554514
2207.8,22.303469440126857
2208.0,22.882884818720765
2208.2,23.021985116413134
2208.4,23.51576227815447
2208.6,23.402240770847396
2208.8,22.73812469972771
2209.0,23.500548837580947
2209.2,23.848815926933398
2209.4,23.500095620432578
2209.6,23.40536231720403
2209.8,23.19028661724291
2210.0,22.78139405327881
2210.2,23.413370108136963
2210.4,23.74655898819092
2210.6,23.563041494079705
2210.8,23.563941790300728
2211.0,22.97708637059045
2211.2,23.241629526673428
2211.4,23.36159417580963
2211.6,23.756684651022862
2211.8,24.116123135274105
2212.0,24.52883099407023
2212.2,24.394437845308296
2212.4,25.22992491132007
2212.6,24.188628298078715
2212.8,24.86692734532809
2213.0,24.960223671779875
2213.2,24.387314774968488
2213.4,24.781761024998108
2213.6,23.80301691469085
2213.8,23.759219807687565
2214.0,24.38703349180685
2214.2,24.395715991054068
2214.4,23.65810051597655
2214.6,23.399040080796766
2214.8,22.745450749697355
2215.0,22.716834198154267
2215.2,22.075376742585316
2215.4,21.86296211569603
2215.6,21.589542633155734
2215.8,21.34560574836387
2216.0,21.69774784907287
2216.2,21.580172688698195
2216.4,21.372537455068624
2216.6,22.010386742776515
2216.8,21.744325839915284
2217.0,21.494548539463672
2217.2,21.90013097322113
2217.4,23.23817298453456
2217.6,22.61731045099948
2217.8,22.771838342264704
2218.0,22.60597566482123
2218.2,22.081029019309582
2218.4,21.46363158867028
2218.6,21.543980616941155
2218.8,21.42900242978882
2219.0,21.873028685892642
2219.2,22.13181842293746
2219.4,22.23684990988108
2219.6,22.62380176953993
2219.8,22.803307837884063
2220.0,23.420016045332936
2220.2,23.27678160106702
2220.4,22.38557582087441
2220.6,22.142602602077485
2220.8,22.767020614307757
2221.0,23.393747460002572
2221.2,23.949963242995867
2221.4,23.316641738750008
2221.6,23.583688585789247
2221.8,23.79210423221194
2222.0,23.713727684704505
2222.2,23.879739996039618
2222.4,24.221959891362566
2222.6,23.958164693757862
2222.8,24.161436513427063
2223.0,23.76201420236038
2223.2,23.18614709706575
2223.4,24.069993101040097
2223.6,23.978560006090554
2223.8,23.309492272140314
2224.0,23.299576910415457
2224.2,24.13774651175059
2224.4,24.16964676221783
2224.6,24.400471838733605
2224.8,24.97771851439229
2225.0,25.26563236711111
2225.2,25.129652502904783
2225.4,24.264207802647434
2225.6,24.095924612065946
2225.8,23.95571250228793
2226.0,24.05626419091604
2226.2,24.18140503443345
2226.4,24.491647348891238
2226.6,24.09752905772742
2226.8,24.38172704052388
2227.0,24.554489416150837
2227.2,24.255303024694236
2227.4,23.69231389776872
2227.6,23.62317297596725
2227.8,23.643556495009832
2228.0,24.200814346097648
2228.2,23.568080315306386
2228.4,24.721980575536314
2228.6,24.968727679792522
2228.8,24.380534051767206
2229.0,25.007194055282767
2229.2,24.667947438161036
2229.4,24.547489654415514
2229.6,24.820533795634788
2229.8,24.438536071028704
2230.0,25.08853423007001
2230.2,24.576752410135924
2230.4,23.967770409038074
2230.6,24.63917371348391
2230.8,24.213067465076698
2231.0,24.087994241853522
2231.2,24.336752981199567
2231.4,23.988124621919305
2231.6,23.51288317479643
2231.8,22.997287904880817
2232.0,23.235101204054935
2232.2,22.863894217303763
2232.4,23.270542393564746
2232.6,22.853984076092143
2232.8,22.765807921376243
2233.0,23.35876181488771
2233.2,23.613064315772906
2233.4,23.00101423384817
2233.6,23.02314791191156
2233.8,24.00013670702236
2234.0,24.027459732614016
2234.2,23.953473920618723
2234.4,23.92766032692013
2234.6,23.60785723164813
2234.8,23.315216640096583
2235.0,23.11113153596695
2235.2,23.6925339290013
2235.4,23.578761556981334
2235.6,23.24989699032619
2235.8,23.479488725271427
2236.0,25.15435549307007
2236.2,24.845790985144717
2236.4,24.19479586088771
2236.6,24.568516740899298
2236.8,24.942301098710896
2237.0,25.414047992409717
2237.2,25.941318563841836
2237.4,25.68109943490143
2237.6,25.107308767456253
2237.8,25.446698744271096
2238.0,24.989806149835424
2238.2,24.724239572043007
2238.4,23.521382558555036
2238.6,23.488119586442693
2238.8,23.18054287522437
2239.0,22.940089512441194
2239.2,23.922900638661382
2239.4,23.140152307418514
2239.6,22.20275903184092
2239.8,22.50848534191375
2240.0,22.551877502080057
2240.2,22.79866979171638
2240.4,22.937509788704567
2240.6,22.587626657653406
2240.8,22.596819260724317
2241.0,23.481091001151295
2241.2,23.27817407212268
2241.4,23.093780744948965
2241.6,22.654105453182737
2241.8,22.267470888559004
2242.0,23.170773211108276
2242.2,22.697772804914766
2242.4,22.76953033999397
2242.6,23.701717592881263
2242.8,22.92526881416218
2243.0,23.454716844278533
2243.2,23.277486706519184
2243.4,23.386954973675913
2243.6,23.83887783993014
2243.8,23.69162396124574
2244.0,23.773507804067147
2244.2,23.754541355124978
2244.4,23.6082024295952
2244.6,23.770405577165008
2244.8,23.80828175350661
2245.0,23.254858715738365
2245.2,23.275087988015322
2245.4,23.994076039655678
2245.6,23.65085904274883
2245.8,23.970331421914874
2246.0,23.834087357202463
2246.2,22.75765780037375
2246.4,23.077899997547632
2246.6,23.05639090788665
2246.8,23.093586311065817
2247.0,22.835625960521327
2247.2,22.864169036493305
2247.4,22.891341491140853
2247.6,23.01811151576839
2247.8,22.05430269800223
2248.0,22.588306555434063
2248.2,23.490699855327
2248.4,21.727480943558813
2248.6,21.39086750280224
2248.8,21.059939891198866
2249.0,21.69593220227413
2249.2,22.004637350541415
2249.4,21.527376120310073
2249.6,21.711172790986577
2249.8,22.242586520662122
2250.0,22.58349335527635
2250.2,22.643186834425716
2250.4,22.11358196392494
2250.6,22.37869650291792
2250.8,22.73870825928144
2251.0,23.4773743082908
2251.2,22.999505544276765
2251.4,22.784070098942045
2251.6,21.749520629066787
2251.8,21.93712497813637
2252.0,22.146100464663018
2252.2,22.402867040787704
2252.4,22.125300588587894
2252.6,22.67347973300064
2252.8,22.149762323113393
2253.0,21.70684351236437
2253.2,22.11306713458007
2253.4,22.244765759666723
2253.6,21.96780738996226
2253.8,22.469481761080257
2254.0,21.852896545970417
2254.2,21.906171268203014
2254.4,21.675968943916036
2254.6,21.062760334907114
2254.8,20.608734811668604
2255.0,21.073448424022384
2255.2,21.22040823880331
2255.4,21.35721291523934
2255.6,21.65379160314864
2255.8,21.951800357760362
2256.0,21.93405993540191
2256.2,22.679801027253028
2256.4,22.96126421464586
2256.6,23.204511162666044
2256.8,23.23372848108587
2257.0,23.85295444554117
2257.2,23.304079656701774
2257.4,23.100483910109425
2257.6,22.99776434611084
2257.8,23.12244513464048
2258.0,23.113014488063406
2258.2,22.564655315398646
2258.4,22.767595947849834
2258.6,22.27561683998863
2258.8,23.046690983815147
2259.0,22.951051785836082
2259.2,22.5584019587911
2259.4,22.633902658508035
2259.6,22.50836074667945
2259.8,22.80669421788106
2260.0,21.95971884782704
2260.2,22.19336519804917
2260.4,23.010886710037006
2260.6,23.32740004474085
2260.8,22.863353468920486
2261.0,23.014263444387918
2261.2,22.38258096362366
2261.4,23.15349100341413
2261.6,22.70518812455331
2261.8,23.108688424551517
2262.0,23.215734853447184
2262.2,23.06136315033063
2262.4,23.925323825573713
2262.6,23.508073298858193
2262.8,23.486228570842137
2263.0,24.133279124929818
2263.2,24.068606601810778
2263.4,23.035454851287803
2263.6,22.566260863472078
2263.8,22.379126453420174
2264.0,22.071997713907564
2264.2,21.856529562732415
2264.4,22.677639520176854
2264.6,22.163496161123742
2264.8,22.16450132671841
2265.0,22.152828667845476
2265.2,22.686224775607684
2265.4,22.49166459595703
2265.6,22.815077668668167
2265.8,23.255457187056635
2266.0,23.049434192914127
2266.2,24.04059022365089
2266.4,24.172399454956977
2266.6,24.514999155677287
2266.8,24.502626065020788
2267.0,24.308376012434458
2267.2,23.74311634008668
2267.4,23.31685847704092
2267.6,23.901657436033716
2267.8,23.13728438744079
2268.0,22.11559004645036
2268.2,22.783935436850804
2268.4,23.47007970770822
2268.6,23.78981879836615
2268.8,24.288284094483274
2269.0,23.39999246546508
2269.2,23.26778232469618
2269.4,23.589412912973113
2269.6,23.985714206910835
2269.8,24.030891163674262
2270.0,23.889682739609835
2270.2,24.409858313875294
2270.4,23.955223972906357
2270.6,24.230832784959077
2270.8,24.2338779203914
2271.0,24.233894647977138
2271.2,24.4696672115889
2271.4,24.14344072330635
2271.6,24.624275856989
2271.8,24.991010976618306
2272.0,25.09530972145736
2272.2,26.150257085287336
2272.4,26.53554223867564
2272.6,26.025905684368922
2272.8,26.43088260757399
2273.0,26.564529412521697
2273.2,27.105183936410114
2273.4,27.26037560502981
2273.6,27.29231764637223
2273.8,27.91161601429946
2274.0,29.318943673208487
2274.2,28.83819639151451
2274.4,28.870284057856736
2274.6,27.65125766534903
2274.8,27.968714490250868
2275.0,27.060476917149817
2275.2,27.277082019930692
2275.4,27.018280183012394
2275.6,26.994509677668223
2275.8,26.71876432239437
2276.0,27.477092199474107
2276.2,26.54088646209036
2276.4,27.247145464760003
2276.6,27.474580864888623
2276.8,27.651287039425732
2277.0,27.198680848563942
2277.2,26.469031104847165
2277.4,25.640680028860242
2277.6,26.26109394705525
2277.8,26.000567740387925
2278.0,25.059830786318397
2278.2,25.03537967933478
2278.4,24.32094583697392
2278.6,25.12159887097254
2278.8,24.981395826360284
2279.0,24.28780523845024
2279.2,22.60169605372678
2279.4,22.716580400415612
2279.6,21.988925829437427
2279.8,22.3942318157022
2280.0,22.892127234996927
2280.2,23.495714354767813
2280.4,23.983537367263324
2280.6,23.399953787453956
2280.8,24.03149070133763
2281.0,24.853840834893283
2281.2,24.75567469221406
2281.4,26.217923516559622
2281.6,26.569561537727967
2281.8,27.106310628601335
2282.0,26.440817960852442
2282.2,27.350181657356053
2282.4,27.1991051892733
2282.6,26.92143025521068
2282.8,27.48731706198639
2283.0,26.985819472020516
2283.2,27.144342549207817
2283.4,26.822715986373513
2283.6,26.291321014783673
2283.8,26.272101740764473
2284.0,27.160975070398163
2284.2,28.14983060790407
2284.4,26.937600629742093
2284.6,26.567199432460118
2284.8,27.36605182999678
2285.0,27.18341278695407
2285.2,27.673284264066183
2285.4,26.68547466131495
2285.6,26.095886140276843
2285.8,26.75093422667659
2286.0,25.70760747365267
2286.2,25.604134786582225
2286.4,25.818013237131918
2286.6,25.690347382573457
2286.8,26.149212498973906
2287.0,26.30143516493581
2287.2,25.680522081736296
2287.4,24.627380396245965
2287.6,25.594503328830996
2287.8,25.73894752558898
2288.0,26.042146579271805
2288.2,25.81883756591558
2288.4,25.755115478601105
2288.6,24.416363519227588
2288.8,25.015995356051832
2289.0,24.90962457001975
2289.2,26.06683725569155
2289.4,25.547239790268424
2289.6,25.17709473146947
2289.8,25.125470619094017
2290.0,25.646129332358157
2290.2,25.378331597868417
2290.4,24.973790906221282
2290.6,25.07980536452869
2290.8,25.427374812823224
2291.0,25.286804858312365
2291.2,25.26257401039721
2291.4,24.723058744781554
2291.6,23.78504595049653
2291.8,23.263340498901993
2292.0,22.614850875183684
2292.2,22.44622259018573
2292.4,21.85918817194519
2292.6,21.91718587270453
2292.8,22.27668925761677
2293.0,22.07184035264183
2293.2,22.819771773202252
2293.4,23.192225551118874
2293.6,23.07168647239736
2293.8,22.718454121349396
2294.0,22.626327004448605
2294.2,22.33958717211719
2294.4,22.80510863610168
2294.6,22.76820013167039
2294.8,21.81015679688104
2295.0,21.76755180835222
2295.2,20.825731996100263
2295.4,21.450675133407785
2295.6,20.952109562016176
2295.8,21.76431009719192
2296.0,22.185399806661227
2296.2,22.73025735368079
2296.4,22.215007180004832
2296.6,22.055673473186346
2296.8,21.658702754595524
2297.0,21.574825190198027
2297.2,21.093725765208266
2297.4,21.125455777359168
2297.6,21.153186532708265
2297.8,21.9928640130925
2298.0,22.297786101731297
2298.2,21.488827448825262
2298.4,20.868846530819503
2298.6,20.94708110863957
2298.8,20.25894780364322
2299.0,20.681132283089156
2299.2,21.193668339386647
2299.4,21.03077743656548
2299.6,21.374422617128616
2299.8,21.460209120204482
2300.0,21.12155307835456
2300.2,21.61890753741993
2300.4,21.397859617594335
2300.6,21.1329627939363
2300.8,21.12960725502508
2301.0,21.298070759586295
2301.2,21.030941089690348
2301.4,21.277640336825847
2301.6,21.085928545178213
2301.8,21.590339377800348
2302.0,21.839441085551204
2302.2,22.050945616681524
2302.4,21.95889652017909
2302.6,21.222404202305505
2302.8,20.610183087519054
2303.0,20.547138264308167
2303.2,20.128670536010112
2303.4,19.47541771201568
2303.6,19.82230279337898
2303.8,19.267763249269695
2304.0,19.335249766122324
2304.2,19.43300246083019
2304.4,19.89084229491214
2304.6,21.349391933380964
2304.8,21.305246232997174
2305.0,21.05212575958584
2305.2,22.07039209172293
2305.4,21.452069850702383
2305.6,21.09121510119321
2305.8,20.82410929597342
2306.0,21.081331052299976
2306.2,21.20388049176542
2306.4,21.174774676311806
2306.6,21.399106298548418
2306.8,22.101233084720135
2307.0,22.747288841036987
2307.2,22.50499916262838
2307.4,22.08210694031613
2307.6,22.078759883117517
2307.8,22.09470016644849
2308.0,21.9784010594313
2308.2,21.751931449785737
2308.4,22.399374682892102
2308.6,22.581450596467025
2308.8,23.39313108874789
2309.0,23.74189677398654
2309.2,23.74641861415926
2309.4,23.32429000875252
2309.6,22.781860274089688
2309.8,23.132690389840647
2310.0,23.12923398727755
2310.2,23.36105448810372
2310.4,23.465995059503495
2310.6,23.486637743508467
2310.8,22.963403935818782
2311.0,22.809094685600666
2311.2,22.512448489763457
2311.4,22.01468857133152
2311.6,22.11256990960425
2311.8,22.06212182608805
2312.0,22.139669847903505
2312.2,22.170763044855963
2312.4,21.743538566424974
2312.6,21.790862579500853
2312.8,22.70464297628463
2313.0,21.748764519918215
2313.2,21.15594390182594
2313.4,21.1521790489877
2313.6,21.17314529252759
2313.8,20.85323973056342
2314.0,21.072556392976068
2314.2,21.19695826233717
2314.4,22.077264118665127
2314.6,22.2179935004377
2314.8,22.03297190418545
2315.0,22.42523295270372
2315.2,23.58926879656189
2315.4,23.366791486892357
2315.6,23.402045765273726
2315.8,22.79891119418486
2316.0,23.108054292432524
2316.2,23.155618354219033
2316.4,22.9335056374046
2316.6,22.727789213387354
2316.8,22.22373084580813
2317.0,22.39291375717726
2317.2,22.245881099397312
2317.4,22.182307074542017
2317.6,22.261220084091548
2317.8,22.294368430672677
2318.0,21.47170965078356
2318.2,21.926034751559683
2318.4,22.389081253485614
2318.6,22.70628808864362
2318.8,23.12582531948127
2319.0,23.200614262728593
2319.2,23.137953185657647
2319.4,23.589825294605053
2319.6,23.9352273453278
2319.8,23.759878273307283
2320.0,23.154817615742935
2320.2,22.234639699893606
2320.4,22.209053001365486
2320.6,22.54760178672987
2320.8,23.115207812516267
2321.0,23.07714378641453
2321.2,24.47380468653879
2321.4,24.210003399921575
2321.6,25.102939067016816
2321.8,25.02390160220505
2322.0,25.454510466751366
2322.2,24.624161814482832
2322.4,24.508207174796976
2322.6,23.612217076063473
2322.8,22.87833354557783
2323.0,22.85520901461237
2323.2,22.395108981945363
2323.4,22.315360890644314
2323.6,22.171013254091303
2323.8,21.960579851448152
2324.0,22.666135028870617
2324.2,22.93495419573137
2324.4,23.642223319430453
2324.6,24.27674986472548
2324.8,24.716200532608124
2325.0,25.370707821507665
2325.2,24.98336565505887
2325.4,23.850496096502617
2325.6,23.333913986550783
2325.8,23.32566593700774
2326.0,24.06133600119251
2326.2,23.5466599161956
2326.4,23.363402559524836
2326.6,22.856221248413824
2326.8,22.565243951069984
2327.0,23.458466638067467
2327.2,23.056880115142953
2327.4,23.370912439482346
2327.6,23.416129141545397
2327.8,23.72329031231795
2328.0,23.584916977279327
2328.2,22.787993240983354
2328.4,23.00229572670229
2328.6,23.420802575184055
2328.8,23.43630811068554
2329.0,23.26697613006322
2329.2,22.33771780261584
2329.4,22.595270669903304
2329.6,23.54391000901519
2329.8,23.616187588327673
2330.0,24.11238573219698
2330.2,23.6803480864385
2330.4,23.27555937866094
2330.6,23.95707745473019
2330.8,24.54675384708786
2331.0,24.208205623383368
2331.2,23.532493184706663
2331.4,23.81920857256333
2331.6,23.86325780867192
2331.8,24.170880159400873
2332.0,24.121097144577938
2332.2,24.532101850178726
2332.4,24.45663920728114
2332.6,24.94925958643367
2332.8,24.617100706896743
2333.0,24.487358053824355
2333.2,25.98516631588791
2333.4,25.81278322193498
2333.6,25.76772065855443
2333.8,25.58947988986336
2334.0,25.920698210418344
2334.2,25.75055903485431
2334.4,25.97531153060593
2334.6,24.86122210396615
2334.8,24.07156766018305
2335.0,24.662176850404947
2335.2,24.57288656868378
2335.4,24.364026814388065
2335.6,24.10929360318889
2335.8,24.643231298168065
2336.0,25.134483153211526
2336.2,25.709872165004043
2336.4,26.18852173072733
2336.6,26.02097851025064
2336.8,26.26546278442862
2337.0,26.616625144192454
2337.2,26.37401938066641
2337.4,26.894192464900364
2337.6,26.49962562158709
2337.8,26.460667863874313
2338.0,27.275472047050293
2338.2,26.61280141737666
2338.4,26.530417391944606
2338.6,25.844052987375477
2338.8,26.51235166394759
2339.0,26.86545524355084
2339.2,26.0109881207949
2339.4,26.030737684272374
2339.6,27.3656222887448
2339.8,26.162775856644732
2340.0,26.32896325080388
2340.2,25.71785839488626
2340.4,25.472785106944983
2340.6,24.90251572207972
2340.8,24.82349571022427
2341.0,25.166428185609725
2341.2,24.71400104365927
2341.4,23.89049915831833
2341.6,23.54546868525627
2341.8,24.309693852144765
2342.0,23.438701054576224
2342.2,23.069997557177636
2342.4,23.35509404141518
2342.6,23.699743514355585
2342.8,22.77695127036843
2343.0,22.600967329231175
2343.2,23.15805223245296
2343.4,23.542260874288342
2343.6,23.556488916343316
2343.8,22.932625030721276
2344.0,22.439921537005997
2344.2,22.572270135499156
2344.4,22.637379872788287
2344.6,23.905993907361296
2344.8,24.443351516827416
2345.0,23.852811272459107
2345.2,23.082096587490323
2345.4,22.76959598163328
2345.6,22.820809561683433
2345.8,22.591615129352384
2346.0,22.68989649979495
2346.2,22.983180900004683
2346.4,22.74321600795696
2346.6,22.262464106679868
2346.8,22.102707387218352
2347.0,22.372407605789398
2347.2,22.500067652825557
2347.4,21.470914825085792
2347.6,21.45392108109432
2347.8,21.288683415656617
2348.0,21.599129591270163
2348.2,21.452434732906042
2348.4,20.805901666845944
2348.6,20.31601593538663
2348.8,20.199711924340793
2349.0,20.60856970202911
2349.2,20.576146974375725
2349.4,20.61364017998394
2349.6,21.15864089467392
2349.8,21.118305260050757
2350.0,20.768064346008806
2350.2,20.74172072716309
2350.4,22.137819979216403
2350.6,21.54947685994252
2350.8,21.89961882877209
2351.0,21.70364568849479
2351.2,22.278513973201225
2351.4,22.683062926873454
2351.6,22.915823035216107
2351.8,22.42737427364697
2352.0,22.512297766515502
2352.2,22.919515492649886
2352.4,22.77622314997124
2352.6,22.468121074257795
2352.8,22.87630185824788
2353.0,22.154713809591314
2353.2,22.13800905263711
2353.4,22.121133022982086
2353.6,22.04237061794005
2353.8,22.1112695117315
2354.0,21.839440534510327
2354.2,22.832710837701804
2354.4,22.591860206010214
2354.6,22.69328836654772
2354.8,22.863489934686765
2355.0,22.69280225612777
2355.2,23.19436481396464
2355.4,22.77467959747629
2355.6,22.418538356229483
2355.8,22.458830273989662
2356.0,22.02046165691069
2356.2,21.98620321103685
2356.4,21.56682409612566
2356.6,22.055814404748133
2356.8,22.27087084167184
2357.0,20.995036253918798
2357.2,20.792691630458382
2357.4,20.625673209275583
2357.6,20.537494217095965
2357.8,21.02134730185684
2358.0,21.085545637191846
2358.2,21.275636271172385
2358.4,20.470788376208112
2358.6,20.46708026184669
2358.8,20.846801752414223
2359.0,20.78168395596499
2359.2,21.02268661939988
2359.4,20.99201434568583
2359.6,20.862028506221122
2359.8,20.7091675641213
2360.0,20.58420840534476
2360.2,20.468963092901756
2360.4,21.509550980490737
2360.6,21.245316299125214
2360.8,21.710508519868952
2361.0,22.100448209467473
2361.2,22.195365718675454
2361.4,22.560802281731824
2361.6,22.587240282018595
2361.8,22.173294061088427
2362.0,22.27531426338338
2362.2,22.554478050620514
2362.4,23.08673476709139
2362.6,22.816760716450926
2362.8,22.639486810773775
2363.0,23.994706139289992
2363.2,23.454681334971976
2363.4,23.461619977173687
2363.6,23.83907556349593
2363.8,23.191122441467364
2364.0,23.651818783317932
2364.2,23.300710895658465
2364.4,23.552722478655333
2364.6,23.2532479428313
2364.8,23.02790537449356
2365.0,22.307365587223348
2365.2,22.136785439123756
2365.4,22.044157125780934
2365.6,21.890681198604
2365.8,22.243753007668715
2366.0,22.335790998017302
2366.2,22.892317796347985
2366.4,22.574319765919245
2366.6,23.46286157839316
2366.8,22.47747660045053
2367.0,22.923652003475055
2367.2,22.302625709305296
2367.4,21.74049711517017
2367.6,22.198995815511623
2367.8,23.071345704630403
2368.0,22.94870730662354
2368.2,22.395975470603204
2368.4,21.310052299558862
2368.6,22.07742201657907
2368.8,21.50950802310033
2369.0,21.650332721839938
2369.2,21.5266628778495
2369.4,21.80078317091665
2369.6,21.366129504049923
2369.8,21.485479954847392
2370.0,21.530069543610164
2370.2,22.5928495094928
2370.4,21.44921924763367
2370.6,21.627755934052004
2370.8,21.25217818837333
2371.0,21.12874675889995
2371.2,21.204588661999438
2371.4,21.33679139291209
2371.6,21.740677248242672
2371.8,21.077687177300785
2372.0,21.09892545304358
2372.2,21.440826015519477
2372.4,21.139999266507886
2372.6,21.14295749626596
2372.8,22.010162066401215
2373.0,22.96072404492747
2373.2,22.487616438198252
2373.4,21.7907935793335
2373.6,20.880192059699844
2373.8,21.125466734093166
2374.0,21.46717562241246
2374.2,21.544023704529145
2374.4,21.373584071889674
2374.6,21.249428390455527
2374.8,21.024127053446634
2375.0,21.842984968055738
2375.2,21.825540986226137
2375.4,22.026394231313084
2375.6,22.19084498552774
2375.8,22.229959226553227
2376.0,21.795893941769442
2376.2,22.550757606983304
2376.4,22.617522573571556
2376.6,22.902446522043014
2376.8,22.918869507049028
2377.0,23.077843600103098
2377.2,23.516341269650173
2377.4,22.821776581331278
2377.6,22.7962074201524
2377.8,22.699751415308626
2378.0,22.50448572357324
2378.2,22.506447372303352
2378.4,22.42026698764773
2378.6,23.049965006595254
2378.8,21.991097272162033
2379.0,22.211498386647207
2379.2,23.013173232758206
2379.4,22.312577895025996
2379.6,21.915767701750273
2379.8,22.097552988834384
2380.0,22.18705082167858
2380.2,22.136287494558395
2380.4,22.46397294010813
2380.6,22.155555145073834
2380.8,23.40972419553725
2381.0,23.802566214035664
2381.2,24.69201541717085
2381.4,25.011453110211626
2381.6,24.896934052111387
2381.8,25.23498030100101
2382.0,23.900552412714788
2382.2,23.290081817965024
2382.4,22.855365280128794
2382.6,22.676403229389525
2382.8,22.896371755132936
2383.0,23.033054958574027
2383.2,21.970978787521286
2383.4,23.476469985302003
2383.6,23.430687711890073
2383.8,23.15791159311813
2384.0,22.928207173178254
2384.2,22.55242631100375
2384.4,23.19036445214325
2384.6,23.155757670039353
2384.8,23.06971273398704
2385.0,23.480188989562244
2385.2,22.41788045203302
2385.4,22.121231779655048
2385.6,21.836726130550947
2385.8,21.931424659205263
2386.0,22.042705888599393
2386.2,22.847030363635135
2386.4,23.07439342417194
2386.6,22.49662105324652
2386.8,22.39283379394136
2387.0,22.520715490100834
2387.2,21.968101572806486
2387.4,21.086941203142686
2387.6,21.51762824166781
2387.8,22.293375478209395
2388.0,21.867233872801926
2388.2,22.357671644262517
2388.4,22.46018988445981
2388.6,22.62857135267406
2388.8,22.67147884025674
2389.0,22.608892279509945
2389.2,23.458392873840012
2389.4,23.77682813231506
2389.6,24.175322696559178
2389.8,24.861593657994796
2390.0,24.906516975659958
2390.2,25.644467464870772
2390.4,25.35781460138641
2390.6,25.55124961301278
2390.8,25.26966132351098
2391.0,25.958944198168446
2391.2,26.241479590820376
2391.4,26.33939433557314
2391.6,26.62298150058813
2391.8,26.43804794875356
2392.0,26.248316201195415
2392.2,27.019806207726607
2392.4,26.845728748931293
2392.6,26.827186847587356
2392.8,26.894858860681268
2393.0,26.963818070261812
2393.2,27.14300404445843
2393.4,27.071616780374463
2393.6,26.745164625698337
2393.8,27.58465646579852
2394.0,27.59366696568516
2394.2,27.191729426823006
2394.4,27.033313980097425
2394.6,27.670714206278326
2394.8,28.201498173418123
2395.0,27.26316054981001
2395.2,26.944184709532145
2395.4,27.137152157412654
2395.6,27.344178637597736
2395.8,27.886916199618668
2396.0,27.099899194433767
2396.2,26.528370351465895
2396.4,26.749996013873407
2396.6,26.885886291239473
2396.8,27.98416197479054
2397.0,28.022764467333026
2397.2,28.197274806930004
2397.4,28.137907795593662
2397.6,29.07217635183358
2397.8,29.956226577072393
2398.0,28.977018993535516
2398.2,27.627331478958105
2398.4,26.6384505449707
2398.6,27.220686173901566
2398.8,26.87556132460375
2399.0,27.048171046763816
2399.2,27.02041329429374
2399.4,26.29569428367173
2399.6,25.87558402935327
2399.8,27.062657594288964
2400.0,26.59140608557285
2400.2,26.648038471175596
2400.4,27.009027829127028
2400.6,27.688861833520054
2400.8,26.748820444963783
2401.0,26.814854757810625
2401.2,26.313248672082402
2401.4,27.176758098430707
2401.6,26.87362663886901
2401.8,26.576720157500795
2402.0,27.027103472223647
2402.2,27.409787852607536
2402.4,27.66578745470792
2402.6,28.30765131116381
2402.8,27.813612797050887
2403.0,27.55873901763926
2403.2,27.19824269620409
2403.4,27.051642499286533
2403.6,27.395213586943328
2403.8,27.31554076095842
2404.0,27.595144654393692
2404.2,27.258749360772313
2404.4,27.02227884180632
2404.6,27.605922390831736
2404.8,26.337769602162666
2405.0,26.728724292153615
2405.2,26.180659316346894
2405.4,25.837325501912893
2405.6,25.770871191288123
2405.8,26.935317421787467
2406.0,27.526433873195263
2406.2,27.71438507171427
2406.4,27.35808593386144
2406.6,27.447609639411592
2406.8,27.605751947064118
2407.0,27.6895055967527
2407.2,27.156807225517923
2407.4,26.739945892762886
2407.6,26.3963864501279
2407.8,25.853940779992538
2408.0,24.970623959689547
2408.2,24.485439746580614
2408.4,25.516649835271483
2408.6,25.56513588029649
2408.8,25.535479125330767
2409.0,25.455505557391078
2409.2,25.471785132507755
2409.4,26.322111118273263
2409.6,25.902586173588375
2409.8,25.88824508517012
2410.0,25.734082403074886
2410.2,25.897397672393797
2410.4,25.76980410629804
2410.6,26.25049012377684
2410.8,26.48646556238216
2411.0,26.45603774180829
2411.2,26.052084622466623
2411.4,26.9220625449448
2411.6,26.981513200542384
2411.8,26.77261581904544
2412.0,27.592896664296504
2412.2,27.687951527843072
2412.4,27.597951814486542
2412.6,28.761291356444666
2412.8,28.671450221510288
2413.0,29.271831896211992
2413.2,29.672878327211368
2413.4,29.8660810859316
2413.6,30.312979336168205
2413.8,29.94887993711256
2414.0,29.63083028903529
2414.2,30.358938791182837
2414.4,30.279664731838526
2414.6,29.599030176460538
2414.8,29.564216654675125
2415.0,29.315904559349853
2415.2,29.826659316456542
2415.4,29.26021907834277
2415.6,28.712466190597944
2415.8,28.464127474359763
2416.0,29.340120474702612
2416.2,29.563540817700353
2416.4,29.4561752657385
2416.6,29.14739694795792
2416.8,29.655911562472937
2417.0,28.59461762513328
2417.2,28.56554182893214
2417.4,29.058435970504885
2417.6,28.883277924477984
2417.8,29.690517972001302
2418.0,29.121503156181955
2418.2,29.572965114069532
2418.4,29.235152013310284
2418.6,28.865764349221415
2418.8,29.529268236759822
2419.0,28.94045131240089
2419.2,29.21991462418587
2419.4,29.505532877656925
2419.6,28.771203180738453
2419.8,29.10456707664416
2420.0,29.33240891816666
2420.2,28.666938650080738
2420.4,29.321739683066312
2420.6,28.394254885092703
2420.8,28.66093543905189
2421.0,28.701159015489065
2421.2,28.653506559736872
2421.4,28.421958489887963
2421.6,29.458373606374476
2421.8,29.75353198396685
2422.0,29.818411722126644
2422.2,28.892203859375776
2422.4,28.77688259200354
2422.6,28.737432777514186
2422.8,29.626065011137783
2423.0,28.836656630298123
2423.2,27.425912975851855
2423.4,28.125657576706466
2423.6,26.8664020063651
2423.8,27.136955902871502
2424.0,27.343883864462406
2424.2,27.580331203850715
2424.4,27.832707719062746
2424.6,28.01156019311226
2424.8,27.78851640528851
2425.0,28.168293734513465
2425.2,28.141522346715732
2425.4,28.213019234193037
2425.6,28.169018353081437
2425.8,27.77990679231033
2426.0,26.16392265827127
2426.2,27.147492389337636
2426.4,27.932139433660712
2426.6,27.188986390318615
2426.8,27.02625340588089
2427.0,27.140928385318148
2427.2,28.018937654967658
2427.4,28.998916173108327
2427.6,28.535448268039726
2427.8,28.232250574713124
2428.0,27.42008287823468
2428.2,27.35109267437604
2428.4,26.899061022004737
2428.6,27.391385839062025
2428.8,28.33370976901651
2429.0,28.217824859953318
2429.2,28.38799180957793
2429.4,29.218876979794437
2429.6,28.322373733077235
2429.8,28.391023759659618
2430.0,28.270675327935876
2430.2,27.90480507297979
2430.4,28.308684704528204
2430.6,28.055661244458086
2430.8,27.444930023058156
2431.0,28.1203167885442
2431.2,28.930577989052104
2431.4,28.620660168646694
2431.6,28.81085119624054
2431.8,27.646443776010543
2432.0,27.792932894028084
2432.2,28.643475419755305
2432.4,28.886369461066845
2432.6,28.734180001614238
2432.8,28.859261061007743
2433.0,28.237523234478154
2433.2,28.311297965438587
2433.4,28.687422426584227
2433.6,29.000020936058007
2433.8,29.529155125768224
2434.0,29.573137590002958
2434.2,29.578681241960403
2434.4,29.217394724321906
2434.6,29.154190024554673
2434.8,29.06210856358429
2435.0,29.638547448757965
2435.2,28.813252713301097
2435.4,28.607301483003184
2435.6,28.639004512172697
2435.8,29.72260997133776
2436.0,29.44191043628471
2436.2,28.047580569754203
2436.4,28.54212742591669
2436.6,29.64672869242827
2436.8,30.043579871168077
2437.0,29.66803670421827
2437.2,30.249897257666024
2437.4,29.112727553336097
2437.6,29.37154054374911
2437.8,29.316580164899086
2438.0,29.155054290539294
2438.2,29.926915699987827
2438.4,29.433775724026606
2438.6,30.30132540847505
2438.8,29.321699506404748
2439.0,28.636240952293285
2439.2,28.46459502437431
2439.4,28.72976726927138
2439.6,28.694420970621447
2439.8,28.30236877199397
2440.0,28.23903355403585
2440.2,28.772291946606785
2440.4,28.44878744034313
2440.6,27.757453790356323
2440.8,27.665095751606458
2441.0,26.23300163793956
2441.2,27.57650088984871
2441.4,27.941684022190945
2441.6,27.99859999717001
2441.8,28.47097679572203
2442.0,28.594529131604965
2442.2,29.185917463438823
2442.4,28.095414022926747
2442.6,28.27558304525413
2442.8,28.39480645351565
2443.0,28.45037015631123
2443.2,27.224325944154494
2443.4,27.17328605509853
2443.6,27.72546082410637
2443.8,27.255455255379374
2444.0,27.781002326598806
2444.2,27.939581037391605
2444.4,27.980576330792708
2444.6,27.38669471753997
2444.8,27.968608511418545
2445.0,27.204427150303783
2445.2,27.264912262571816
2445.4,27.015877198445153
2445.6,26.612807145647537
2445.8,26.282201360044795
2446.0,26.67469179242522
2446.2,27.382655752878556
2446.4,27.067006022373633
2446.6,27.31743079414311
2446.8,26.846610664611326
2447.0,26.94270237059991
2447.2,27.702004477296832
2447.4,27.451059299928815
2447.6,27.782996834103724
2447.8,27.63106293620718
2448.0,27.279143164846147
2448.2,28.56382570775554
2448.4,28.485681959977725
2448.6,28.6393344732602
2448.8,28.67256219898184
2449.0,29.19609313915998
2449.2,29.574119599582648
2449.4,29.334629552976455
2449.6,29.263319264988944
2449.8,29.686748526410124
2450.0,28.806740221125402
2450.2,28.198165404840534
2450.4,28.98871779958458
2450.6,29.848660416595287
2450.8,30.58076563298974
2451.0,30.998274009271594
2451.2,30.777090222167498
2451.4,30.23758008734385
2451.6,30.191287679245143
2451.8,29.87017292414157
2452.0,29.438408267077435
2452.2,29.914132145894197
2452.4,29.8963913958711
2452.6,30.680065171592872
2452.8,30.902117416639534
2453.0,31.467033227248425
2453.2,30.6033787920871
2453.4,30.7909138724311
2453.6,31.657448241252336
2453.8,31.6023605145122
2454.0,30.925953887234936
2454.2,31.08223498270112
2454.4,30.677738246271133
2454.6,31.1557436454949
2454.8,30.712180610360615
2455.0,31.279189230963137
2455.2,31.19451831088409
2455.4,32.220114237580695
2455.6,31.945421081457535
2455.8,31.76578100618596
2456.0,31.850457094551604
2456.2,31.849667183086815
2456.4,32.5616079743978
2456.6,32.30108764975125
2456.8,32.51030042434947
2457.0,32.475545317052394
2457.2,33.088407465326384
2457.4,33.6965554138297
2457.6,33.69232925881673
2457.8,33.647530594420076
2458.0,33.48887397140868
2458.2,35.17418808951061
2458.4,34.470328266454885
2458.6,34.30308553934249
2458.8,34.44814086977851
2459.0,34.526762753085535
2459.2,34.83196982642753
2459.4,34.73630417800811
2459.6,33.52209014746333
2459.8,32.886906089890815
2460.0,32.21642749459114
2460.2,32.887868949620376
2460.4,31.920526040069465
2460.6,32.52459789901869
2460.8,32.33584140695558
2461.0,31.931315851162157
2461.2,31.025092600334624
2461.4,30.570067905232197
2461.6,29.09889541784242
2461.8,29.33859764440389
2462.0,29.991442113151365
2462.2,28.921292569008298
2462.4,28.401422416338804
2462.6,28.66415983070654
2462.8,29.164357792077347
2463.0,29.283817357528918
2463.2,29.317720110859838
2463.4,29.32041154191215
2463.6,30.451023443031914
2463.8,31.02626563303149
2464.0,31.05011643400577
2464.2,32.38637206748581
2464.4,32.51530128287405
2464.6,32.70740099186324
2464.8,33.163734160385076
2465.0,33.6793885182593
2465.2,32.93615873075395
2465.4,33.27704931317827
2465.6,33.51458189520895
2465.8,33.417151559059704
2466.0,32.746319693032305
2466.2,31.953890903260724
2466.4,32.63471711763114
2466.6,32.08448018976809
2466.8,32.57030120128609
2467.0,32.82278206945308
2467.2,32.5231130332633
2467.4,33.12739585812767
2467.6,32.7030303177763
2467.8,32.67344115049709
2468.0,31.945620221743482
2468.2,31.770312705180746
2468.4,32.637381373475
2468.6,32.69256501655468
2468.8,32.4863600810917
2469.0,32.02307224417639
2469.2,31.459230019784066
2469.4,31.577089065818065
2469.6,32.121686677366405
2469.8,32.30122464456549
2470.0,31.948501371100196
2470.2,32.93670253275228
2470.4,32.75970265653572
2470.6,32.20359564321103
2470.8,32.01354782539405
2471.0,31.753443138279597
2471.2,32.349069447274246
2471.4,31.974517247532006
2471.6,31.77583728876661
2471.8,32.02250872689979
2472.0,31.080733709043592
2472.2,30.722402160121696
2472.4,31.906273980193053
2472.6,32.012062933463795
2472.8,32.580972771634535
2473.0,32.58507383004848
2473.2,32.88358749157852
2473.4,32.998123236746096
2473.6,31.76287300893972
2473.8,31.236610741594255
2474.0,31.59540637186421
2474.2,31.882125338640115
2474.4,31.242144929610262
2474.6,29.634398020678585
2474.8,29.531914633691652
2475.0,30.189494136026546
2475.2,30.919401752001633
2475.4,31.734292181192746
2475.6,30.62812897358976
2475.8,30.78658153263374
2476.0,31.082798864126595
2476.2,31.46548514409608
2476.4,31.890214185619886
2476.6,30.904549046168025
2476.8,31.34840750582694
2477.0,31.094904315178873
2477.2,31.666266626396897
2477.4,30.84834151396082
2477.6,30.438206988237503
2477.8,30.45002509932864
2478.0,30.087964707528585
2478.2,31.038123965160626
2478.4,30.576523362506293
2478.6,31.635550580666955
2478.8,31.832657801996028
2479.0,30.8442354761207
2479.2,31.451390253163783
2479.4,31.33021188325532
2479.6,32.626527939903816
2479.8,33.73332743374351
2480.0,34.92137572620011
2480.2,35.52772343385863
2480.4,36.33668101617994
2480.6,35.89625251252647
2480.8,36.17106797314389
2481.0,35.550909377552784
2481.2,34.90026639632039
2481.4,35.60484754338533
2481.6,36.64028126020539
2481.8,36.193079953586896
2482.0,36.42665863918016
2482.2,36.019475407729615
2482.4,36.073098678424834
2482.6,36.67732854636605
2482.8,36.78670260597456
2483.0,36.111710494963994
2483.2,34.938228776861216
2483.4,34.442243375921244
2483.6,36.242295702759044
2483.8,37.40667703042364
2484.0,36.69381839635478
2484.2,37.29795630126772
2484.4,36.65933789788602
2484.6,37.398178424321614
2484.8,36.5511841416328
2485.0,36.579690363752334
2485.2,37.10131919102498
2485.4,35.923550074098394
2485.6,36.7714246158497
2485.8,37.61264077649014
2486.0,38.01004607057501
2486.2,37.347596993671615
2486.4,36.89922325070953
2486.6,36.756311417540275
2486.8,37.26683209426619
2487.0,36.61961261115159
2487.2,35.51955238918927
2487.4,35.32834921907099
2487.6,36.227118437482716
2487.8,36.27045307747801
2488.0,36.63242690427903
2488.2,36.82230831887695
2488.4,36.57549375039445
2488.6,35.699613188902966
2488.8,36.261958009102116
2489.0,35.485110243822234
2489.2,36.575784241846506
2489.4,36.07925517995533
2489.6,36.636854001371304
2489.8,36.566365729146455
2490.0,37.0635293386266
2490.2,36.09495039670538
2490.4,36.02956313554055
2490.6,36.72434047690258
2490.8,36.23878388213827
2491.0,35.913634711159524
2491.2,35.3443973941762
2491.4,35.92918295210619
2491.6,36.81013993477785
2491.8,35.22738459719579
2492.0,34.55762644632517
2492.2,34.17189088057783
2492.4,33.929740565977816
2492.6,33.76760196642021
2492.8,33.55525013123267
2493.0,33.06694567398231
2493.2,32.68904926308235
2493.4,33.82944423406844
2493.6,33.76875912758416
2493.8,33.61119619577197
2494.0,32.99305484488029
2494.2,32.046066415631955
2494.4,30.27314077624898
2494.6,31.182378544785006
2494.8,31.974437660006743
2495.0,31.803551528514355
2495.2,32.05434119848305
2495.4,31.705453476891222
2495.6,31.557320195709462
2495.8,31.210584803905004
2496.0,29.769823309571912
2496.2,29.27437073499517
2496.4,29.412670211739474
2496.6,30.365243118518308
2496.8,30.38082811395855
2497.0,28.88181048660025
2497.2,29.074317819430338
2497.4,29.02312111337283
2497.6,29.504408118462063
2497.8,30.85479291101049
2498.0,30.059287437702615
2498.2,30.451253066073065
2498.4,29.043639367778983
2498.6,30.691084702433997
2498.8,30.430330199418965
2499.0,31.33970434780794
2499.2,31.03722963369725
2499.4,31.436684071142306
2499.6,33.536259982529195
2499.8,32.23710273103034
2500.0,32.0045813618148
2500.2,33.07433528480372
2500.4,33.298972236116285
2500.6,34.231184241543424
2500.8,33.608330987520176
2501.0,32.589377029682005
2501.2,32.71136369197879
2501.4,32.41012379703059
2501.6,32.45407819898975
2501.8,32.564053789352585
2502.0,32.52388814214538
2502.2,32.27757303073591
2502.4,31.92258059121491
2502.6,33.09809657417887
2502.8,33.82615048293847
2503.0,34.03816896518699
2503.2,32.55718260644314
2503.4,33.48799308044218
2503.6,33.35307475318954
2503.8,33.545075950364314
2504.0,34.320365369510085
2504.2,33.629564738392986
2504.4,33.01186551879423
2504.6,32.82853450546588
2504.8,31.203952723193602
2505.0,31.617587000132033
2505.2,30.108772689274225
2505.4,30.39745964811536
2505.6,32.49278046167014
2505.8,31.80862407333454
2506.0,32.2970846544576
2506.2,33.114988450941425
2506.4,33.57423630762882
2506.6,32.427931220539335
2506.8,33.23400523579048
2507.0,32.76935259069638
2507.2,31.524516721084737
2507.4,30.263462561898603
2507.6,30.146260466674015
2507.8,28.689248853400407
2508.0,28.812696212210017
2508.2,29.08778311178856
2508.4,29.16378886232208
2508.6,29.476527148521463
2508.8,29.831775188614426
2509.0,30.29811601979581
2509.2,30.981247636544698
2509.4,29.961862523486722
2509.6,31.028891307610685
2509.8,31.455470504031556
2510.0,31.148350671837317
2510.2,31.691497186867114
2510.4,32.21929810375451
2510.6,31.19017646415876
2510.8,30.59876267003687
2511.0,31.104616845535368
2511.2,28.4785656421844
2511.4,28.803609470173676
2511.6,29.572344178660977
2511.8,30.141538626393537
2512.0,28.80509293850769
2512.2,28.871122006827818
2512.4,28.617856987661128
2512.6,27.6006942592703
2512.8,27.33223543038408
2513.0,27.74052481231969
2513.2,27.69168690547495
2513.4,27.65124484061998
2513.6,28.358520944942466
2513.8,28.552592742435422
2514.0,28.138411037906398
2514.2,28.43528502021355
2514.4,27.055434133102118
2514.6,28.38723487359654
2514.8,27.763636468465364
2515.0,27.152206171834244
2515.2,26.06249524890858
2515.4,26.081669895469016
2515.6,26.41089164844366
2515.8,27.528080011425455
2516.0,27.84730859692189
2516.2,27.275328407016104
2516.4,27.38036771491582
2516.6,28.52253595495171
2516.8,29.845554992880587
2517.0,30.083811199591956
2517.2,29.316728923262477
2517.4,29.138698125696788
2517.6,28.59213976990992
2517.8,28.036859958724637
2518.0,28.13141031900522
2518.2,27.50978286968037
2518.4,28.712899351544863
2518.6,28.997197260144976
2518.8,30.153190221048543
2519.0,30.8778301918416
2519.2,30.301409297695137
2519.4,31.792398419457264
2519.6,31.25892416365332
2519.8,30.90660308171962
2520.0,30.11668465351893
2520.2,31.037155143520824
2520.4,30.924015173578752
2520.6,30.85897770154738
2520.8,31.350373541927446
2521.0,31.35549445390733
2521.2,31.146380022463866
2521.4,32.82553423567315
2521.6,32.885675092620104
2521.8,32.54524761193316
2522.0,31.710559096471137
2522.2,31.625287723673566
2522.4,31.181889784368984
2522.6,32.60069339374448
2522.8,33.602600938341546
2523.0,33.23559639664856
2523.2,33.39920233684889
2523.4,32.729053702719504
2523.6,32.689690790563255
2523.8,33.688084080600106
2524.0,32.823230174510265
2524.2,32.52290825167734
2524.4,33.226738495954145
2524.6,33.67249570713191
2524.8,34.62610489488229
2525.0,33.97458398370807
2525.2,35.14407768334316
2525.4,34.745496847125224
2525.6,35.29350651696269
2525.8,34.749642541707644
2526.0,35.44937292853842
2526.2,35.080680064586055
2526.4,36.212132199720585
2526.6,35.74654757280831
2526.8,35.7487048144344
2527.0,35.78095885693218
2527.2,36.33453367968225
2527.4,35.592442308725516
2527.6,36.50065041522676
2527.8,37.89453557758926
2528.0,38.825013532609894
2528.2,39.24560317436122
2528.4,40.24895309138523
2528.6,40.38693888939797
2528.8,39.309580305751254
2529.0,37.898795374853684
2529.2,37.90124408041332
2529.4,37.44897786882787
2529.6,36.64761465231646
2529.8,36.52864568332242
2530.0,37.569809068106316
2530.2,38.084787837116146
2530.4,38.53316519015399
2530.6,38.98350406863016
2530.8,38.19262291360249
2531.0,38.36759224160771
2531.2,38.670942933950364
2531.4,38.42827540330714
2531.6,37.79748960913817
2531.8,38.862906127360674
2532.0,39.616650848143905
2532.2,40.01505868840674
2532.4,40.09183997120655
2532.6,40.23256088539151
2532.8,41.129984712820196
2533.0,41.67676631382843
2533.2,40.22722143833039
2533.4,40.06900932320781
2533.6,40.728346553160016
2533.8,39.99642003009759
2534.0,40.432058538525865
2534.2,40.513377330126545
2534.4,40.911791652330145
2534.6,42.26045582569075
2534.8,43.53605728002306
2535.0,43.09437003504523
2535.2,42.03770241283286
2535.4,41.53156774429203
2535.6,40.79325765008861
2535.8,40.146649392492705
2536.0,40.951802209459565
2536.2,41.19023663946373
2536.4,41.82521951474285
2536.6,42.78226416459439
2536.8,41.777646820165046
2537.0,39.77441397914551
2537.2,40.69298113436445
2537.4,40.56758880209371
2537.6,39.447295531993745
2537.8,39.327255630705096
2538.0,40.210990393089816
2538.2,40.01564406405929
2538.4,39.672063411941416
2538.6,40.852473222547516
2538.8,41.34983292191677
2539.0,40.41286368332074
2539.2,40.25837355294862
2539.4,40.47512895545266
2539.6,40.29604949998807
2539.8,39.95122562937641
2540.0,39.82990228259622
2540.2,41.06376775067844
2540.4,41.12615367947558
2540.6,41.4566095432383
2540.8,41.18890110422399
2541.0,40.90828120140038
2541.2,41.16870759981008
2541.4,41.15179794446625
2541.6,41.25415290171294
2541.8,42.547513595858064
2542.0,41.34239391659861
2542.2,40.072499941336034
2542.4,39.13497768803491
2542.6,39.927572435692895
2542.8,39.54929244453288
2543.0,40.39148859439622
2543.2,41.943241427465466
2543.4,41.578213295127796
2543.6,41.45968846508276
2543.8,41.71103868127199
2544.0,40.74044716448098
2544.2,40.55761752448098
2544.4,41.03891956748151
2544.6,40.72193382709046
2544.8,40.72132558032355
2545.0,39.45912272691708
2545.2,40.03277793437411
2545.4,40.53810156389507
2545.6,40.43349679487495
2545.8,40.07756616930269
2546.0,39.867700975440336
2546.2,37.97156956585231
2546.4,38.22957518852786
2546.6,38.812021718041315
2546.8,39.449614355449455
2547.0,38.9354785426858
2547.2,38.141212781908244
2547.4,37.01766234576921
2547.6,37.31931388168678
2547.8,37.0026624255648
2548.0,36.76868720361213
2548.2,36.67999501664739
2548.4,37.95727683732624
2548.6,37.64782413075154
2548.8,38.24085198706045
2549.0,38.88790715457483
2549.2,38.426542749672386
2549.4,38.746033231217496
2549.6,39.406121103165454
2549.8,40.929424134358136
2550.0,41.97031287713057
2550.2,41.311736070294884
2550.4,40.880905529494555
2550.6,39.774127234005746
2550.8,40.13943136658935
2551.0,40.1773340785452
2551.2,40.00635190579733
2551.4,39.690221451035576
2551.6,39.122696017068066
2551.8,38.84638815980415
2552.0,40.53563074695366
2552.2,40.67634409891025
2552.4,41.16475101581719
2552.6,39.707220283317156
2552.8,39.93101353969488
2553.0,38.53628941083215
2553.2,39.605304601466784
2553.4,38.70989994224694
2553.6,38.45354913845704
2553.8,40.44462857513867
2554.0,41.1506579852178
2554.2,41.58291664255684
2554.4,40.362631281042354
2554.6,40.02228262161233
2554.8,40.15384208170167
2555.0,39.85190371537941
2555.2,39.14794700812138
2555.4,38.86428000081952
2555.6,39.45944695264337
2555.8,37.93677295487567
2556.0,37.524062503673775
2556.2,37.39577049405883
2556.4,37.450458629130885
2556.6,38.01247594900029
2556.8,38.436572827137184
2557.0,37.154435618656414
2557.2,37.91382238021654
2557.4,37.73669096948661
2557.6,37.68174369442236
2557.8,37.62321211009852
2558.0,38.95825130375493
2558.2,38.26490936913382
2558.4,38.06711608482359
2558.6,37.386541804404175
2558.8,38.44218851690352
2559.0,37.717946310745155
2559.2,38.03691505498476
2559.4,39.061933465217045
2559.6,39.10625762806652
2559.8,38.72605608634104
2560.0,37.68311335486559
2560.2,37.27505059575269
2560.4,36.64845106728644
2560.6,35.76932409762132
2560.8,36.37971529187466
2561.0,37.62935174840416
2561.2,36.71161763058926
2561.4,37.81553121938474
2561.6,38.22948574667908
2561.8,37.64843452175156
2562.0,37.2377169325827
2562.2,36.34920419692821
2562.4,36.6157304939621
2562.6,36.26191987215747
2562.8,36.669039780631614
2563.0,36.90172634271843
2563.2,36.30995021020702
2563.4,36.69425328150902
2563.6,37.17387970787042
2563.8,37.86387680803131
2564.0,38.61745386160869
2564.2,39.01753683016014
2564.4,38.81786655383576
2564.6,37.98031891402382
2564.8,37.30824844491956
2565.0,37.27418961843428
2565.2,37.24147014685792
2565.4,37.20470200901286
2565.6,37.19424821770585
2565.8,37.23099110649238
2566.0,37.673029499303055
2566.2,37.14325136967772
2566.4,35.93321074561402
2566.6,35.99220060152736
2566.8,36.344359624043925
2567.0,36.49255382274079
2567.2,35.39990429102213
2567.4,35.37324644840649
2567.6,35.32075092268997
2567.8,36.16401325096057
2568.0,36.71593488996018
2568.2,35.92998869824035
2568.4,35.785987433904396
2568.6,36.00281713016811
2568.8,35.96860044368
2569.0,34.47703150019448
2569.2,34.481370046851296
2569.4,35.462940544346765
2569.6,35.892023307939795
2569.8,34.97787387342583
2570.0,34.777081543275145
2570.2,35.690132533381174
2570.4,35.83110854204881
2570.6,36.210553009079554
2570.8,35.12157427557544
2571.0,35.29330509829199
2571.2,36.688815080426295
2571.4,35.31964293780068
2571.6,35.75301096774119
2571.8,36.41306157528096
2572.0,35.75936580098039
2572.2,34.531188335453756
2572.4,34.59791409052328
2572.6,34.24042420719753
2572.8,34.63616383169151
2573.0,34.7806625282596
2573.2,35.441766995635874
2573.4,35.38748466458402
2573.6,35.9456052693219
2573.8,37.05965656895875
2574.0,37.0133215015678
2574.2,36.30004516099842
2574.4,36.19399963706968
2574.6,35.85163948007796
2574.8,35.53039893170172
2575.0,36.43296982459311
2575.2,36.06934384739202
2575.4,36.29437200961717
2575.6,35.01990834729352
2575.8,34.379450576893404
2576.0,34.670430730761964
2576.2,36.00223080969694
2576.4,34.96662916613521
2576.6,36.121817340120465
2576.8,35.571192634992336
2577.0,36.559098424859755
2577.2,35.843093339442085
2577.4,36.7125257455774
2577.6,37.30514528099902
2577.8,37.28222463015542
2578.0,37.10423507490916
2578.2,36.596945018490416
2578.4,37.41777699827964
2578.6,37.660491687718135
2578.8,37.82379354879505
2579.0,38.363621103726224
2579.2,38.68900876299918
2579.4,37.42183942267551
2579.6,39.03848155223542
2579.8,37.74325740247598
2580.0,37.39016757281884
2580.2,36.863875287215954
2580.4,38.469100137533154
2580.6,37.677144412554725
2580.8,36.69630523510716
2581.0,35.351463970630554
2581.2,35.59644393154307
2581.4,35.51285452149151
2581.6,35.23932533885559
2581.8,35.982516536746665
2582.0,36.79291724925903
2582.2,36.076794485581246
2582.4,35.88721330232081
2582.6,35.74056839790757
2582.8,35.57151671767252
2583.0,34.905750393183745
2583.2,35.90133484157488
2583.4,36.382879308068475
2583.6,37.0095928765561
2583.8,37.05457188917954
2584.0,37.51509016755261
2584.2,36.96426298462149
2584.4,37.59525746946839
2584.6,37.8562768626075
2584.8,38.24012074881892
2585.0,37.34781468959777
2585.2,38.52733892815853
2585.4,38.44062546485353
2585.6,38.46026327391309
2585.8,37.581207738531
2586.0,38.984051614893815
2586.2,39.07134187525149
2586.4,38.73119701958725
2586.6,38.63488133383377
2586.8,38.23022954322562
2587.0,38.22324654042906
2587.2,37.08330997207118
2587.4,36.24504762002435
2587.6,36.173019787986036
2587.8,36.27877554997726
2588.0,36.84570189943167
2588.2,37.3158810983753
2588.4,36.33194415843591
2588.6,35.64299632557047
2588.8,35.804501807580166
2589.0,37.11403629078221
2589.2,37.521243659650665
2589.4,37.31498067716584
2589.6,37.42653126873155
2589.8,36.47320973637944
2590.0,35.29849202716314
2590.2,34.18356990183861
2590.4,34.091526326313144
2590.6,33.22319817609546
2590.8,33.47107341421139
2591.0,33.1578838857769
2591.2,33.31249362508991
2591.4,32.02396878607332
2591.6,32.6545996455464
2591.8,32.139927974884884
2592.0,32.15074708235026
2592.2,32.325041854839604
2592.4,32.900093097009105
2592.6,32.984315649681754
2592.8,31.939426920743447
2593.0,32.52261253332735
2593.2,31.890920897803532
2593.4,31.62911075890054
2593.6,32.326237496743346
2593.8,32.73015629977967
2594.0,33.351500729060554
2594.2,33.19528782917446
2594.4,34.07285226963384
2594.6,34.55284459312252
2594.8,33.56650637775018
2595.0,32.51289000779886
2595.2,32.05029045766372
2595.4,30.9656493701269
2595.6,31.11123198060582
2595.8,31.719561459115067
2596.0,31.860932730092863
2596.2,31.869745102861323
2596.4,31.084133260963096
2596.6,31.67888885878185
2596.8,32.0903355611699
2597.0,31.22528461517036
2597.2,30.549777980024402
2597.4,30.30547215408579
2597.6,31.53830053144994
2597.8,32.40076930375804
2598.0,31.352474835158063
2598.2,32.19019773678439
2598.4,32.586750835198956
2598.6,30.642497300638336
2598.8,32.0216136047845
2599.0,31.888788997770806
2599.2,31.69256170618581
2599.4,32.04432993117226
2599.6,32.91025649963496
2599.8,33.02495862938149
2600.0,32.32797953768545
2600.2,32.43500077591886
2600.4,32.72020891551523
2600.6,32.44198169181303
2600.8,32.597820134612824
2601.0,33.08201183897181
2601.2,32.79174536912626
2601.4,33.07488187905583
2601.6,31.5323545853918
2601.8,31.592865102268803
2602.0,31.71500241404624
2602.2,31.70508999349964
2602.4,32.35694555285423
2602.6,32.445487773692626
2602.8,33.71969515813856
2603.0,33.603150871024326
2603.2,34.39701316592629
2603.4,34.30915367360233
2603.6,33.279204105258316
2603.8,33.68622301863844
2604.0,33.3692078991596
2604.2,32.578479433764834
2604.4,31.72607190190494
2604.6,31.76010518759671
2604.8,31.614773544254415
2605.0,33.512940162889194
2605.2,31.999497536892683
2605.4,32.86750944199489
2605.6,33.41887123045155
2605.8,33.63321327763583
2606.0,33.15442192786202
2606.2,33.23447820415633
2606.4,32.00454292082118
2606.6,32.20440453770629
2606.8,31.730849552301432
2607.0,31.651413876922184
2607.2,32.40689038945758
2607.4,33.01623403760758
2607.6,32.241718021527326
2607.8,33.05032506983159
2608.0,32.78498521503216
2608.2,32.593318442901165
2608.4,33.04354373932728
2608.6,33.247823025361946
2608.8,32.58389803393739
2609.0,32.354567976024626
2609.2,32.130095774309964
2609.4,30.42744587260145
2609.6,31.5093518073324
2609.8,30.212460624972053
2610.0,28.811100248248664
2610.2,29.12213367838943
2610.4,29.227370711779557
2610.6,28.999386228519025
2610.8,28.521564988556015
2611.0,27.670516747209007
2611.2,27.989310237232218
2611.4,27.879563251541157
2611.6,27.56077196268187
2611.8,26.983400623338124
2612.0,27.263743402733457
2612.2,27.448111942189723
2612.4,28.020280507788115
2612.6,27.054647790275283
2612.8,25.777947360348673
2613.0,25.339271119204433
2613.2,25.034945405335122
2613.4,25.450443469454015
2613.6,25.069667890393617
2613.8,24.909569925162884
2614.0,25.810706073434638
2614.2,26.812579837991063
2614.4,26.553858546251096
2614.6,27.776617973043088
2614.8,27.528940597780025
2615.0,26.866775048862152
2615.2,26.428790375770852
2615.4,26.830284349153647
2615.6,26.4968740021624
2615.8,26.64082920533893
2616.0,26.36184956084052
2616.2,27.18345831671747
2616.4,26.558225570504884
2616.6,26.51865121171111
2616.8,26.870156676404186
2617.0,27.709360654051274
2617.2,27.477719692013363
2617.4,27.348158492521478
2617.6,26.895992402998413
2617.8,25.624289062923353
2618.0,26.08562636816289
2618.2,26.504946387334005
2618.4,26.5762134647128
2618.6,26.37693713019901
2618.8,27.096374438325714
2619.0,27.040044350002347
2619.2,27.504423177475235
2619.4,28.087643258936197
2619.6,28.071546189763936
2619.8,27.269977448714307
2620.0,27.892004552153573
2620.2,27.238509957011164
2620.4,26.670549334428454
2620.6,26.193014302639114
2620.8,26.53920241388382
2621.0,27.524192087657937
2621.2,27.04015160753549
2621.4,27.01821339934356
2621.6,27.305351491175927
2621.8,28.34430671462794
2622.0,28.102182870422414
2622.2,28.228140166807872
2622.4,27.753818250940242
2622.6,28.052453446334674
2622.8,27.782554551919283
2623.0,27.998254470780772
2623.2,28.354522802313564
2623.4,27.76776852762849
2623.6,27.97106813030624
2623.8,27.845190229916128
2624.0,27.165781803693925
2624.2,26.611053999716873
2624.4,26.447121264358163
2624.6,26.08477933378369
2624.8,26.747074316704268
2625.0,26.78639589403074
2625.2,28.290248367585292
2625.4,29.05501911314703
2625.6,28.178213754822803
2625.8,26.847376782285913
2626.0,26.956387494043412
2626.2,26.271792032803184
2626.4,27.106252752152034
2626.6,27.772410890469814
2626.8,27.413994521712656
2627.0,28.13536704290002
2627.2,27.74750183609585
2627.4,26.725091365530382
2627.6,26.86359230081308
2627.8,27.204289981392172
2628.0,27.494517962506045
2628.2,27.272119263292968
2628.4,27.243052571363524
2628.6,26.67628446806775
2628.8,26.00306285362437
2629.0,27.28623350809018
2629.2,27.058893097892582
2629.4,26.592833068210247
2629.6,26.055927034291564
2629.8,25.84182322940146
2630.0,25.4182541516909
2630.2,25.14065569552027
2630.4,25.98302381147638
2630.6,26.46782826772302
2630.8,26.346842702706613
2631.0,26.643456223830665
2631.2,25.862923281716736
2631.4,26.546978444918295
2631.6,26.529355270256175
2631.8,26.070885939317673
2632.0,25.580540143799595
2632.2,25.48951008101
2632.4,25.780578079540305
2632.6,25.4319784334956
2632.8,24.495121856615206
2633.0,24.906724085001173
2633.2,24.524886998984186
2633.4,23.79600362831097
2633.6,23.727459420370593
2633.8,23.478645969479434
2634.0,24.678869470094714
2634.2,24.130547477361063
2634.4,24.299768530159657
2634.6,24.262897952715274
2634.8,24.40437708055726
2635.0,25.978007108066116
2635.2,25.7775414964974
2635.4,25.50755879981082
2635.6,24.872814938728112
2635.8,25.28191550439785
2636.0,24.686895317864234
2636.2,24.575797147868293
2636.4,24.54296461969902
2636.6,24.353768006220218
2636.8,23.734097890986906
2637.0,24.213587527524712
2637.2,25.141934635373797
2637.4,25.416971421072375
2637.6,24.653771328770958
2637.8,24.816986968526756
2638.0,25.875057277413106
2638.2,25.766247654645206
2638.4,26.558279167094
2638.6,26.280959711007434
2638.8,26.806446743575233
2639.0,26.380970545853675
2639.2,26.69843757991746
2639.4,27.815236395110045
2639.6,27.748102942349725
2639.8,27.11709274636677
2640.0,28.061171167042968
2640.2,28.022076532415024
2640.4,27.34655870544284
2640.6,27.688606710779325
2640.8,28.363500323806825
2641.0,28.076358286671947
2641.2,27.677844998531175
2641.4,27.775127046432292
2641.6,27.23399775058425
2641.8,27.83825554206708
2642.0,26.595841925460757
2642.2,26.347253137632507
2642.4,26.43169997744232
2642.6,26.036613498641536
2642.8,26.501635715219795
2643.0,26.893381801074234
2643.2,27.332618440931704
2643.4,28.20215358520636
2643.6,28.592382464602476
2643.8,29.419479623764538
2644.0,29.807062066882764
2644.2,29.82357739161388
2644.4,30.50547487109182
2644.6,31.342742675152255
2644.8,31.676758845253843
2645.0,32.29053231931806
2645.2,32.38137146778949
2645.4,31.826847847667167
2645.6,31.54192638943224
2645.8,31.88095105470738
2646.0,31.31871109672783
2646.2,31.7045974909181
2646.4,31.406482220311737
2646.6,30.741302284441666
2646.8,31.315613936374774
2647.0,30.547162402565103
2647.2,30.315044411907767
2647.4,31.2905271223233
2647.6,31.151467905015437
2647.8,30.894256114624202
2648.0,31.00874254819418
2648.2,30.204753329300203
2648.4,30.301718186941965
2648.6,30.15480459827847
2648.8,30.385422134710943
2649.0,30.449838468896463
2649.2,29.517551605430565
2649.4,29.167496502885783
2649.6,29.099471553578404
2649.8,29.045712674945147
2650.0,29.682594735996517
2650.2,29.732309030956472
2650.4,29.94686608268346
2650.6,29.478429046120414
2650.8,30.129318768876825
2651.0,30.980847553967486
2651.2,30.045222724646
2651.4,30.5144521507439
2651.6,32.09926101083123
2651.8,33.163405695891306
2652.0,34.14786426016918
2652.2,33.4717019421053
2652.4,33.348343021281266
2652.6,33.772371730080344
2652.8,34.560647877515734
2653.0,34.32429419964621
2653.2,33.49278930258737
2653.4,32.47608768161625
2653.6,33.04972910120113
2653.8,33.40767977785752
2654.0,32.90820635170067
2654.2,33.21302358198301
2654.4,32.32772677216876
2654.6,32.787002424433005
2654.8,32.98103118848452
2655.0,32.48828502877556
2655.2,32.26600957568138
2655.4,32.091835128107135
2655.6,31.976774420697836
2655.8,32.6575683751799
2656.0,32.13110411254191
2656.2,31.5561275063593
2656.4,31.866118533547482
2656.6,32.19288754809557
2656.8,32.64314300884941
2657.0,34.097517315057445
2657.2,33.459990327194106
2657.4,33.607433468270344
2657.6,32.50570596569167
2657.8,32.66716522199506
2658.0,32.01062024841094
2658.2,32.33478866699089
2658.4,31.668489921476795
2658.6,31.995791403432822
2658.8,31.98198452797554
2659.0,30.87212110206156
2659.2,31.177150522147848
2659.4,31.052415996234707
2659.6,31.186112276713715
2659.8,30.401635296536007
2660.0,30.521707016416578
2660.2,31.571837162514296
2660.4,31.30313671334154
2660.6,30.90039881673391
2660.8,31.508158728226363
2661.0,32.15474041731606
2661.2,32.532397885853044
2661.4,33.16797708541089
2661.6,30.997525131636735
2661.8,30.554755771887162
2662.0,29.925595762508962
2662.2,29.873014288683706
2662.4,29.264013623405752
2662.6,28.914255944901353
2662.8,28.79639562473484
2663.0,28.11743524604414
2663.2,28.61101511001671
2663.4,29.42523687877207
2663.6,29.16434364359811
2663.8,29.378415667137467
2664.0,29.438061702976537
2664.2,30.76735248252494
2664.4,32.93444178163889
2664.6,32.08085264591735
2664.8,32.65579485388899
2665.0,34.93117809425571
2665.2,35.73484910865689
2665.4,36.270155221708734
2665.6,34.609242388476204
2665.8,34.63615695842079
2666.0,34.59310615509862
2666.2,34.060143925724006
2666.4,35.104824201794415
2666.6,34.855584754763555
2666.8,35.89007551709109
2667.0,35.268714371303425
2667.2,34.05843818265252
2667.4,34.43720535383387
2667.6,34.833029254762046
2667.8,34.704356967206756
2668.0,33.8564948614584
2668.2,33.726915791695355
2668.4,33.868734832335136
2668.6,32.6531240791501
2668.8,33.16360152676361
2669.0,34.28753378400196
2669.2,34.87864927631439
2669.4,35.77593439822168
2669.6,36.93010320472087
2669.8,36.59332892134591
2670.0,37.129674499094534
2670.2,35.3424385483428
2670.4,35.40755538939935
2670.6,34.755019838837285
2670.8,34.15970987453384
2671.0,33.99843921378356
2671.2,34.56289501054543
2671.4,34.745434243323444
2671.6,34.5187039973979
2671.8,34.98580609260509
2672.0,34.1276562568727
2672.2,33.16905839641492
2672.4,34.534113714555474
2672.6,33.44719060596814
2672.8,32.79289051440124
2673.0,32.95434449534278
2673.2,32.97180958602403
2673.4,33.307374296610696
2673.6,33.50141904046416
2673.8,33.28464424244898
2674.0,33.813728817977065
2674.2,33.61073845714918
2674.4,33.55167029507806
2674.6,33.75515111456878
2674.8,34.56728365207523
2675.0,34.67732608813568
2675.2,35.12290930851842
2675.4,35.78693789479618
2675.6,35.74237455817936
2675.8,34.9787455427287
2676.0,35.71427189300649
2676.2,36.341617323210635
2676.4,35.581266788925916
2676.6,36.4515353300291
2676.8,36.917782407784955
2677.0,35.51014007628888
2677.2,34.992829906154654
2677.4,34.437919934862734
2677.6,35.01320046567707
2677.8,35.04230556893583
2678.0,34.55799899897292
2678.2,35.46333245931484
2678.4,35.2367643056171
2678.6,34.5695041304548
2678.8,33.2775369368126
2679.0,32.79720065596349
2679.2,31.83686396246443
2679.4,30.920232589401703
2679.6,29.989702352780885
2679.8,29.511689810550802
2680.0,30.190345867765764
2680.2,29.410411740418965
2680.4,29.353742628222324
2680.6,29.291776728435742
2680.8,28.735380537242747
2681.0,29.393450724071208
2681.2,29.48897101687287
2681.4,28.376599679867006
2681.6,28.969721499188445
2681.8,29.41652979532167
2682.0,29.749055694367975
2682.2,28.819648024702495
2682.4,29.50953542523362
2682.6,28.98733974191925
2682.8,29.349584024291318
2683.0,29.084129456117346
2683.2,27.759569228422272
2683.4,28.72516982403024
2683.6,29.06008608156805
2683.8,28.72096780330019
2684.0,27.94870300001432
2684.2,28.493988191057387
2684.4,28.618070338450995
2684.6,28.651922812739635
2684.8,28.304404666826525
2685.0,28.688653387283196
2685.2,28.403363414867616
2685.4,29.102892726883454
2685.6,28.73547207361577
2685.8,28.632298264827888
2686.0,28.322067489197185
2686.2,28.268881337033363
2686.4,28.267949573986506
2686.6,27.342214072313368
2686.8,27.87607179332867
2687.0,27.76014122553484
2687.2,27.696031894197375
2687.4,27.923173841581026
2687.6,27.338512463842733
2687.8,26.993604799436334
2688.0,26.709441100009332
2688.2,26.323873538631695
2688.4,26.512084218867265
2688.6,26.791623516304163
2688.8,26.77095467521213
2689.0,27.179170350680785
2689.2,26.983980796825865
2689.4,27.425125229919406
2689.6,27.354020959642806
2689.8,27.835947116853514
2690.0,28.135392401960143
2690.2,29.109328354000176
2690.4,28.13529520775319
2690.6,27.385167392952752
2690.8,27.20019568686963
2691.0,26.806824105499494
2691.2,27.506566592190538
2691.4,27.232664704338543
2691.6,27.370391089296593
2691.8,26.775523776281474
2692.0,25.30992840588134
2692.2,25.458918750360876
2692.4,25.092227525560663
2692.6,25.536404278803705
2692.8,24.595342870192805
2693.0,23.916345274472206
2693.2,23.566601026629353
2693.4,23.55195446825536
2693.6,23.093706598398896
2693.8,22.73204110506875
2694.0,23.76841068866483
2694.2,24.15855143364743
2694.4,23.851016816291004
2694.6,24.39290492172535
2694.8,26.214916753110128
2695.0,25.90530849714058
2695.2,25.666193905447475
2695.4,26.466814772028666
2695.6,26.528976250414825
2695.8,27.027013601596018
2696.0,27.051615857772738
2696.2,25.689812489375964
2696.4,26.915415509449076
2696.6,26.58839249604633
2696.8,26.49031003268187
2697.0,27.03134615335418
2697.2,26.752601520424566
2697.4,26.209533623799825
2697.6,25.468650202361765
2697.8,26.00012149120476
2698.0,25.69420968101117
2698.2,25.190431541446287
2698.4,24.780862813557214
2698.6,24.66162422533474
2698.8,24.154261811857907
2699.0,24.291592029865722
2699.2,24.049007255612388
2699.4,23.955191535801276
2699.6,24.975306229450847
2699.8,25.573961097600847
2700.0,25.40338869383183
2700.2,24.442668850819572
2700.4,25.225975275204636
2700.6,25.952037049502067
2700.8,25.981508366712394
2701.0,25.934325708144875
2701.2,27.29859155118099
2701.4,27.476352972301722
2701.6,26.78423100516101
2701.8,26.109881150580918
2702.0,25.469663500385565
2702.2,25.01685188720988
2702.4,26.491881732292683
2702.6,25.43027340962411
2702.8,25.719514279386686
2703.0,25.345039941670272
2703.2,24.681681062887538
2703.4,25.20503720996277
2703.6,24.913814051394112
2703.8,24.984633206344647
2704.0,25.121719127401406
2704.2,25.596253170117574
2704.4,25.570380078838948
2704.6,24.956715412194242
2704.8,24.72650895997441
2705.0,24.814271485443776
2705.2,25.813006403551086
2705.4,25.83622829050562
2705.6,26.347196550840696
2705.8,25.993826813092433
2706.0,25.9672500417948
2706.2,27.123807138792266
2706.4,25.665670671019768
2706.6,24.735430372620684
2706.8,24.856920795390547
2707.0,24.879445706024306
2707.2,25.02557984679155
2707.4,25.210453450436184
2707.6,24.585332046100227
2707.8,24.819111376578054
2708.0,24.70356882477332
2708.2,24.747294542823735
2708.4,24.469844691888376
2708.6,23.684638454087423
2708.8,23.616535667748995
2709.0,24.309468298550087
2709.2,23.502919934775313
2709.4,23.560808340853235
2709.6,24.029288208619587
2709.8,23.875021457923307
2710.0,23.71839152962089
2710.2,23.305226696630385
2710.4,23.303647556765302
2710.6,23.72126800300325
2710.8,23.48166535881955
2711.0,23.326137810805065
2711.2,23.484481166512808
2711.4,23.858524494414098
2711.6,23.340411472001374
2711.8,23.244048138695792
2712.0,22.420007473101737
2712.2,23.35511808595518
2712.4,23.220765191112104
2712.6,22.42640358414547
2712.8,22.22914563817946
2713.0,22.229228258283523
2713.2,22.282043377472355
2713.4,22.481231752255894
2713.6,22.688453211524404
2713.8,22.07303272457624
2714.0,21.986571659018654
2714.2,21.883321256156073
2714.4,21.808052279671415
2714.6,21.893067817739087
2714.8,22.468460436167526
2715.0,22.95453841445074
2715.2,23.46240593206593
2715.4,23.445047517430734
2715.6,23.64585731626436
2715.8,23.61090686538325
2716.0,23.626965484737546
2716.2,23.38194614875094
2716.4,22.968811598930404
2716.6,22.627144694212596
2716.8,22.346331237050055
2717.0,22.35111706228452
2717.2,21.40214981135783
2717.4,21.50670275851166
2717.6,21.99939070660173
2717.8,21.971925700471285
2718.0,21.957177125893033
2718.2,21.58950385772568
2718.4,21.63594246558501
2718.6,21.768718674783322
2718.8,21.335959995383504
2719.0,22.032447300783204
2719.2,21.848072147607006
2719.4,21.440723564792506
2719.6,21.22667972874475
2719.8,20.72086684403797
2720.0,21.41464941770117
2720.2,21.23377493439485
2720.4,20.648317523240067
2720.6,20.93480290782738
2720.8,21.030185562487613
2721.0,21.022253464461595
2721.2,20.852378337846083
2721.4,20.715709539297286
2721.6,20.29659969026015
2721.8,20.686508131555822
2722.0,20.53372529612394
2722.2,21.00485802086321
2722.4,21.634844285474838
2722.6,21.85399440028428
2722.8,21.905073987345528
2723.0,21.64837435152996
2723.2,21.831801459634153
2723.4,22.109675796616408
2723.6,22.755176096448455
2723.8,22.51215954516062
2724.0,22.430014701529593
2724.2,22.743916051096882
2724.4,22.73499147540848
2724.6,23.404539323341492
2724.8,24.92486400799303
2725.0,25.19215993400921
2725.2,24.31258329697431
2725.4,24.296370957618144
2725.6,24.047187365755967
2725.8,24.1322666585822
2726.0,23.839530599601026
2726.2,24.86251052025009
2726.4,25.11485774027068
2726.6,25.65406353323439
2726.8,25.00316919781112
2727.0,25.041168027711983
2727.2,25.912899229262337
2727.4,26.18211604629081
2727.6,26.560963251333582
2727.8,26.336395464480535
2728.0,25.96258964558338
2728.2,25.629098154850602
2728.4,25.969685415329632
2728.6,25.76200479038699
2728.8,26.08971788441697
2729.0,25.772043362847313
2729.2,26.018021614112584
2729.4,25.990710960961568
2729.6,26.593404251696583
2729.8,24.814524727321427
2730.0,25.65232349385649
2730.2,24.755655628404256
2730.4,25.52542312066962
2730.6,24.210721169413226
2730.8,24.059747888223693
2731.0,24.234265275750317
2731.2,23.304551200308108
2731.4,23.08612503366373
2731.6,22.65561570908858
2731.8,22.97977108536712
2732.0,23.340200100151446
2732.2,23.16643727713314
2732.4,23.06425952158973
2732.6,22.041205841322622
2732.8,21.548810237157504
2733.0,20.63389583927314
2733.2,20.573060764731423
2733.4,20.663733968399725
2733.6,20.355453631461412
2733.8,20.40897425628316
2734.0,20.652484328383917
2734.2,20.657348658910802
2734.4,20.580110911455417
2734.6,21.324955929735466
2734.8,21.586421612441352
2735.0,22.21473855998188
2735.2,22.64238246397982
2735.4,21.608290691001756
2735.6,21.35319428088495
2735.8,21.441308164144704
2736.0,21.241841173041767
2736.2,20.84627010660572
2736.4,22.202763535337073
2736.6,22.331316011832026
2736.8,21.90176816116494
2737.0,20.807950366950365
2737.2,20.361387641737902
2737.4,20.504539022197985
2737.6,21.065373140418494
2737.8,21.636826436082856
2738.0,22.02562252872267
2738.2,21.96116903048248
2738.4,22.773431210291527
2738.6,22.750271349253282
2738.8,22.32775198504244
2739.0,22.31622730984499
2739.2,22.14754756786712
2739.4,22.895792321805928
2739.6,23.340021114317704
2739.8,22.92374653546396
2740.0,23.1594230435756
2740.2,23.889852043400772
2740.4,23.88325239454861
2740.6,24.99137724806779
2740.8,23.899419351058913
2741.0,25.154245090196703
2741.2,24.71705541697031
2741.4,25.494853643423138
2741.6,25.502986319467592
2741.8,25.510407428933625
2742.0,26.19210515909071
2742.2,25.44397206275942
2742.4,25.86535958923788
2742.6,25.462038686867743
2742.8,26.06606076783311
2743.0,26.249447583386022
2743.2,24.855485305768784
2743.4,25.07556282943245
2743.6,24.54014376586077
2743.8,24.594552718430684
2744.0,23.917272039093156
2744.2,23.975253479550396
2744.4,24.670185669822395
2744.6,24.143654670028308
2744.8,23.543778321108555
2745.0,22.23954481288926
2745.2,21.878764842657887
2745.4,21.964523369963153
2745.6,22.270226883180385
2745.8,22.22536138445929
2746.0,21.652202593320613
2746.2,21.76438796711015
2746.4,21.616160051885064
2746.6,21.990994328200802
2746.8,21.612036227956537
2747.0,21.865078591709754
2747.2,21.92835030537465
2747.4,21.561728587616603
2747.6,21.791623218126436
2747.8,22.384992844014757
2748.0,22.557647069863215
2748.2,22.208779403303822
2748.4,21.580420477364516
2748.6,21.387722525108728
2748.8,21.22378539224494
2749.0,21.017595074089833
2749.2,20.71952284855028
2749.4,20.0823448608567
2749.6,20.67497194309041
2749.8,21.50286102022345
2750.0,21.06722776603216
2750.2,21.847641189437322
2750.4,22.303703267538996
2750.6,22.177051185742457
2750.8,22.33940721810277
2751.0,23.256452716128777
2751.2,23.341880390335923
2751.4,23.259705620299332
2751.6,23.914268197913906
2751.8,24.54987009604841
2752.0,25.2303788853677
2752.2,24.3813477367974
2752.4,23.335180995672392
2752.6,22.54683435322372
2752.8,22.660224167387753
2753.0,23.047099748321763
2753.2,23.411796603976256
2753.4,23.3219577117675
2753.6,22.82769630750589
2753.8,22.27476310338374
2754.0,22.06960070406698
2754.2,21.695273847784094
2754.4,22.455634949475606
2754.6,22.57773615424839
2754.8,21.817509194820772
2755.0,21.30591028592287
2755.2,21.008239546985568
2755.4,21.410112886981043
2755.6,21.438689282159427
2755.8,21.85136665870491
2756.0,21.525897494646422
2756.2,21.514382974876014
2756.4,21.32102433889434
2756.6,20.959695849726376
2756.8,20.98765324678924
2757.0,20.454926901079183
2757.2,20.835686336974955
2757.4,21.954255119535016
2757.6,21.760705454498662
2757.8,22.137930018440642
2758.0,21.62303607684121
2758.2,22.20512664974234
2758.4,21.723189278030837
2758.6,22.108427543404897
2758.8,21.96245095637206
2759.0,21.53726614121169
2759.2,20.834869295410137
2759.4,20.7608697373065
2759.6,20.324382341620378
2759.8,20.026747344470266
2760.0,20.99166547128931
2760.2,20.65848454968604
2760.4,20.725408545982326
2760.6,20.615132302842788
2760.8,20.69105542404108
2761.0,21.032069240751948
2761.2,20.858310352835858
2761.4,20.568180804871318
2761.6,19.72630039380291
2761.8,20.333359671081862
2762.0,20.672590759286994
2762.2,20.309867115399022
2762.4,19.98963657628159
2762.6,20.04902545988463
2762.8,20.27759086494359
2763.0,20.339762675048703
2763.2,20.1734690369609
2763.4,19.483058281870427
2763.6,19.9795463387426
2763.8,19.55032111408942
2764.0,19.43965685485469
2764.2,19.283712760491866
2764.4,19.67845468027345
2764.6,19.831752049850785
2764.8,21.215172646501642
2765.0,20.20785002406694
2765.2,19.91619893819997
2765.4,20.03778784881991
2765.6,19.58517769934791
2765.8,19.780324366171353
2766.0,19.799695076003616
2766.2,20.819690642062234
2766.4,19.581707855953532
2766.6,19.84910431026982
2766.8,19.52814120832231
2767.0,19.88612124021249
2767.2,19.56787370046755
2767.4,19.776124113562748
2767.6,20.602441306812075
2767.8,20.570864919336618
2768.0,21.438854919264713
2768.2,21.42984900947099
2768.4,21.40970332179913
2768.6,21.268812172436995
2768.8,20.9814629749275
2769.0,20.976212985433484
2769.2,21.434453704232226
2769.4,20.55374936987957
2769.6,21.066353629827745
2769.8,20.69604583098265
2770.0,20.613381439436157
2770.2,21.19398128207041
2770.4,21.38708207414031
2770.6,21.06956421422244
2770.8,21.734230886066918
2771.0,22.288130181159023
2771.2,22.61828957635684
2771.4,23.470349096283517
2771.6,22.7601745802933
2771.8,22.751172634270787
2772.0,23.88812925203283
2772.2,23.886416749507347
2772.4,25.70733616499175
2772.6,26.005375203855905
2772.8,25.41537679356033
2773.0,25.464360901897514
2773.2,25.64465863482257
2773.4,25.514821999233398
2773.6,26.365392255980268
2773.8,25.74555361124891
2774.0,26.096183885936593
2774.2,25.753241868657014
2774.4,24.68614201689855
2774.6,25.167380200181896
2774.8,24.283859278399728
2775.0,24.96343786604315
2775.2,25.34279029277879
2775.4,25.546736122920173
2775.6,25.108372723649914
2775.8,25.13567688715925
2776.0,24.581567687388883
2776.2,24.85732726417848
2776.4,25.997116806145133
2776.6,26.180845068207862
2776.8,26.214499633122106
2777.0,26.54794910204522
2777.2,26.533092866743992
2777.4,26.25268680009686
2777.6,25.997969999814696
2777.8,25.78701539239551
2778.0,25.946311829725254
2778.2,25.16130199371037
2778.4,25.668988440395957
2778.6,26.550947558629204
2778.8,26.632045543465427
2779.0,26.10420180348426
2779.2,26.469206192405753
2779.4,26.596670118063383
2779.6,25.986667437026455
2779.8,25.562641265528406
2780.0,26.499250384888153
2780.2,26.55243923707158
2780.4,26.495597512277946
2780.6,26.816460569826877
2780.8,27.19697229830324
2781.0,27.189312467321933
2781.2,27.38462389908641
2781.4,28.290572555221534
2781.6,27.683702501668005
2781.8,27.25748274784597
2782.0,26.439367042080406
2782.2,25.98064293120327
2782.4,26.571104180936548
2782.6,26.316013478423955
2782.8,26.960734280555943
2783.0,27.713349141619567
2783.2,26.555086360983587
2783.4,27.213865496083717
2783.6,27.59100421429903
2783.8,26.866183470167428
2784.0,26.799190498948725
2784.2,26.117880658603507
2784.4,25.982267207925144
2784.6,27.295063390011922
2784.8,26.154708120850994
2785.0,25.45401164425489
2785.2,25.699028750208036
2785.4,25.326472631028054
2785.6,25.166848591341008
2785.8,25.23427314894032
2786.0,26.141485239440627
2786.2,25.321250892251594
2786.4,25.78397330591704
2786.6,25.570635300073164
2786.8,25.882152275159687
2787.0,26.541219535093916
2787.2,25.96713755808573
2787.4,24.743548125322047
2787.6,24.601439414800794
2787.8,25.142350171154018
2788.0,24.70261604367851
2788.2,24.157951192137265
2788.4,24.105840232557966
2788.6,23.783669155180185
2788.8,24.316686525477067
2789.0,24.30798797956182
2789.2,24.367007615325864
2789.4,24.82145938023853
2789.6,24.840732258845918
2789.8,24.28106256407901
2790.0,24.84986874874518
2790.2,24.72662495649764
2790.4,24.536403642691113
2790.6,24.773554749805417
2790.8,24.823102769748097
2791.0,25.309363873472517
2791.2,25.05104391670351
2791.4,24.90775462018716
2791.6,24.939030690146172
2791.8,25.173447225308717
2792.0,25.133727970498974
2792.2,24.991757027264864
2792.4,25.013791404855557
2792.6,25.72788865438554
2792.8,25.828572861356257
2793.0,26.03863836048797
2793.2,25.749430485215772
2793.4,25.136971138828454
2793.6,25.43738760847569
2793.8,24.271550647700796
2794.0,23.792545793332405
2794.2,24.791198859990175
2794.4,24.333988086382966
2794.6,24.317865808245195
2794.8,24.290931494176256
2795.0,23.54141228300631
2795.2,23.18375341247912
2795.4,22.381546276485377
2795.6,23.008836748277794
2795.8,23.080532487955715
2796.0,23.17479162914326
2796.2,23.40683143971273
2796.4,23.762516552630203
2796.6,23.793050752978992
2796.8,23.929386257807717
2797.0,24.486099990563226
2797.2,25.2367051226523
2797.4,25.322117213727854
2797.6,25.15406580812057
2797.8,25.480938873743796
2798.0,25.991611681914723
2798.2,25.43782843261497
2798.4,25.942797126734867
2798.6,26.126769790734198
2798.8,25.751615701741922
2799.0,25.641911829586583
2799.2,25.16489595999792
2799.4,24.74788953879919
2799.6,24.64094462342713
2799.8,23.992036257901155
2800.0,23.52865808136384
2800.2,24.0761712809024
2800.4,23.89960116245133
2800.6,23.396337707856443
2800.8,23.91280423926714
2801.0,23.652943412186435
2801.2,24.143586170035576
2801.4,24.16975561820108
2801.6,24.27568007403505
2801.8,24.92486993842138
2802.0,24.55219880644686
2802.2,25.350258859807234
2802.4,24.9954302817955
2802.6,24.801155394836307
2802.8,24.055181257875574
2803.0,24.608072294321026
2803.2,24.159461634132708
2803.4,24.721531632670445
2803.6,24.764064141054305
2803.8,24.887464752956507
2804.0,24.524544713356025
2804.2,25.0947843153117
2804.4,25.256909596111306
2804.6,24.328805913765596
2804.8,24.836040312896625
2805.0,24.89142333936368
2805.2,25.29043411504429
2805.4,26.20279009876247
2805.6,25.28842162142546
2805.8,25.498344250569605
2806.0,26.038486167315593
2806.2,26.322058568481467
2806.4,26.66250454966596
2806.6,26.660338293191405
2806.8,26.33045609806963
2807.0,27.138419111456706
2807.2,26.754117449203896
2807.4,25.77540623219288
2807.6,25.266199468648267
2807.8,25.72087508194038
2808.0,25.978175577051378
2808.2,26.804425656086156
2808.4,26.755290356032116
2808.6,26.554893525854553
2808.8,26.205817223756284
2809.0,26.673383358437622
2809.2,25.561600759945044
2809.4,25.176101857790268
2809.6,24.79811731328696
2809.8,24.866218551772327
2810.0,24.718855898724506
2810.2,24.154589022257362
2810.4,24.55805582566496
2810.6,24.232395278701183
2810.8,24.791402031410573
2811.0,24.114477226599888
2811.2,23.84887188623535
2811.4,24.329670421387117
2811.6,23.749229093087614
2811.8,23.994996254307758
2812.0,24.01584240055864
2812.2,23.877155646313362
2812.4,23.93614822901523
2812.6,24.454182027068484
2812.8,25.025562872642052
2813.0,24.897179640076793
2813.2,24.47696216405413
2813.4,25.15765731062755
2813.6,25.221711720621343
2813.8,25.74908753241693
2814.0,25.928928052465746
2814.2,25.312252245385007
2814.4,24.627998830860477
2814.6,24.9229575955377
2814.8,24.548184927308093
2815.0,24.540996545279008
2815.2,24.419934121565802
2815.4,24.239603551910875
2815.6,24.23683120758474
2815.8,24.375603341244915
2816.0,24.999097429990904
2816.2,24.272013327562924
2816.4,24.693639883842668
2816.6,24.447433044764168
2816.8,23.500312659320905
2817.0,23.484677509167287
2817.2,23.272266358404814
2817.4,23.34294407909661
2817.6,23.335573150231408
2817.8,23.568584083248723
2818.0,24.18839832406361
2818.2,24.184130907539235
2818.4,24.321780133778617
2818.6,24.18158589925802
2818.8,23.592472666482966
2819.0,23.663063691421232
2819.2,23.38474660896051
2819.4,23.24791955413122
2819.6,23.482406060466392
2819.8,23.784726609775152
2820.0,24.167703848641366
2820.2,24.455043097693206
2820.4,24.78172787994568
2820.6,24.53295529101195
2820.8,24.444706845133545
2821.0,24.498658901072897
2821.2,23.25243373596678
2821.4,22.621534158925137
2821.6,22.668730515875154
2821.8,22.636670027437088
2822.0,22.868697546797616
2822.2,22.11933641866521
2822.4,22.547931325502816
2822.6,22.675088147964402
2822.8,23.082003526424778
2823.0,22.924843190420553
2823.2,23.88497495706176
2823.4,23.91922362020873
2823.6,23.480192895376266
2823.8,24.241042788097367
2824.0,24.087481743883053
2824.2,23.17780266868885
2824.4,23.179684337571626
2824.6,22.9988539620685
2824.8,22.107796141443984
2825.0,22.347390969236347
2825.2,22.03180197526306
2825.4,22.218009652100275
2825.6,22.441873568106175
2825.8,22.16236467252728
2826.0,22.037729059076767
2826.2,21.673299500835427
2826.4,22.00619686367847
2826.6,21.041702710340907
2826.8,21.417739148188268
2827.0,22.245595765297516
2827.2,21.944596066626506
2827.4,21.794746024988505
2827.6,21.04511312621918
2827.8,21.206618213271916
2828.0,21.227558944247626
2828.2,20.961794030601272
2828.4,20.735083763357874
2828.6,20.629889359064055
2828.8,20.928245367725808
2829.0,20.451654935211163
2829.2,20.530028041008798
2829.4,21.410417868231328
2829.6,22.271163536726647
2829.8,21.976458562602996
2830.0,21.915772562074757
2830.2,22.352151244231084
2830.4,22.695722787562246
2830.6,22.595111616960217
2830.8,23.450060439722108
2831.0,22.813003842258492
2831.2,22.90297827657101
2831.4,22.155857713748702
2831.6,21.589366180031803
2831.8,20.857468885054338
2832.0,21.162055906365836
2832.2,20.83404551219226
2832.4,21.540690565527775
2832.6,22.701686585004662
2832.8,21.972841288688592
2833.0,22.537675852722096
2833.2,22.66884725398832
2833.4,22.558996810241183
2833.6,22.06128679947382
2833.8,21.5379953087971
2834.0,22.298985802542404
2834.2,22.099325637538755
2834.4,22.232395691870085
2834.6,21.325909711931704
2834.8,21.62690016501296
2835.0,21.73197667095618
2835.2,20.747767837090656
2835.4,21.730109842661804
2835.6,21.977206776260736
2835.8,21.768355275458525
2836.0,21.283472265867992
2836.2,20.985060695491025
2836.4,20.223657182284146
2836.6,20.503943979872208
2836.8,20.952158922890945
2837.0,21.359823707631094
2837.2,22.212936219192855
2837.4,22.379713972322328
2837.6,22.18066947238574
2837.8,21.873063243737185
2838.0,21.879777275574348
2838.2,22.273744553164896
2838.4,22.763910842597515
2838.6,22.82427630901209
2838.8,22.527144748251455
2839.0,23.009140700807794
2839.2,22.642710551016265
2839.4,23.497636380889485
2839.6,23.599091745701166
2839.8,23.658582775406533
2840.0,23.314272087665515
2840.2,24.124655253706727
2840.4,24.62331635180942
2840.6,24.383403131336934
2840.8,24.37974590841541
2841.0,23.958955523028955
2841.2,24.073097328643634
2841.4,23.81886839570328
2841.6,24.05481146274491
2841.8,24.562188853416412
2842.0,24.18423787824443
2842.2,24.252851095707243
2842.4,23.790995958469793
2842.6,23.702686759345685
2842.8,24.22493607624121
2843.0,24.551214708467953
2843.2,24.960534934846898
2843.4,24.53349252490326
2843.6,24.595531193712272
2843.8,24.089482520577377
2844.0,24.00564041919029
2844.2,24.034993619485657
2844.4,23.675760890871086
2844.6,22.793501110323678
2844.8,22.67082107649574
2845.0,22.975768370223534
2845.2,24.11692550463654
2845.4,23.915721862665656
2845.6,23.847946226438776
2845.8,23.31666786571897
2846.0,22.636736149093757
2846.2,23.19167685742391
2846.4,22.810959916458454
2846.6,23.3023769015764
2846.8,23.781239316251458
2847.0,23.199092510589733
2847.2,22.168605230803387
2847.4,22.391831924117795
2847.6,21.49650402577214
2847.8,21.24966343106639
2848.0,20.639162949620562
2848.2,20.6902502470224
2848.4,20.771923886490747
2848.6,21.1372372323736
2848.8,21.832630569322244
2849.0,21.315479474071815
2849.2,21.481318190480838
2849.4,21.00957010427356
2849.6,20.732037546018894
2849.8,20.798610229123582
2850.0,20.870717134284256
2850.2,20.929100060109743
2850.4,20.324072677082473
2850.6,21.075256852822875
2850.8,20.91776753672753
2851.0,20.74783321062402
2851.2,20.685859221909453
2851.4,20.942440129900916
2851.6,21.53508974731698
2851.8,22.015659349493767
2852.0,21.509890986188314
2852.2,22.52657863264968
2852.4,22.137061872103793
2852.6,22.242977604300656
2852.8,21.4401948464332
2853.0,21.011646472840702
2853.2,21.35363388080576
2853.4,21.5039897389889
2853.6,21.07490896753823
2853.8,21.42480291790055
2854.0,21.51349938721093
2854.2,22.13180682127839
2854.4,22.11195283529568
2854.6,21.70589696371635
2854.8,22.282050111070948
2855.0,22.8223839499131
2855.2,23.16713323700391
2855.4,22.476541752295446
2855.6,22.084588884294853
2855.8,21.67629827371147
2856.0,22.323423643394037
2856.2,22.918719136456936
2856.4,23.724547296810616
2856.6,24.65852366447709
2856.8,24.28770094934191
2857.0,25.047130518721417
2857.2,25.16508272667871
2857.4,24.734543878210754
2857.6,23.8720591684938
2857.8,24.310537757698295
2858.0,24.82263403949005
2858.2,24.451686539873915
2858.4,24.192315825082545
2858.6,23.655554475250277
2858.8,23.441918688524595
2859.0,23.518009725615837
2859.2,23.188755999822064
2859.4,23.08342526725374
2859.6,22.109561006120174
2859.8,22.01667736497523
2860.0,22.62572680558322
2860.2,22.761791609562056
2860.4,23.97029818216958
2860.6,24.310190419507528
2860.8,23.823577083037208
2861.0,23.34133423517538
2861.2,23.198818929425734
2861.4,23.02370261744148
2861.6,24.185219292619124
2861.8,23.87631614030812
2862.0,23.584706658296334
2862.2,23.94928506257707
2862.4,24.297661160157684
2862.6,24.1568637724584
2862.8,24.362800746539225
2863.0,24.104873395738572
2863.2,23.608405885903068
2863.4,24.02460102445714
2863.6,24.049580739800376
2863.8,24.059855974931924
2864.0,23.506612264776297
2864.2,24.545437860793204
2864.4,24.623585099063984
2864.6,23.722982260775396
2864.8,24.228626961373962
2865.0,24.182318098940105
2865.2,24.458947177515
2865.4,24.536482897621003
2865.6,23.362317193742307
2865.8,23.06750574935924
2866.0,23.127247404484706
2866.2,23.38802058884978
2866.4,23.16541895585044
2866.6,23.768291268997224
2866.8,23.92202803052593
2867.0,23.596968514018698
2867.2,22.81108535348373
2867.4,21.90026446907142
2867.6,21.80049479388575
2867.8,22.473029646477976
2868.0,22.543549748792877
2868.2,22.784497803696034
2868.4,22.490710244158848
2868.6,22.84001730382235
2868.8,23.003000281976682
2869.0,23.255712352590763
2869.2,21.711950690268118
2869.4,21.74968612405373
2869.6,21.822698830921684
2869.8,22.16826330133553
2870.0,20.75250305098756
2870.2,20.324677025544162
2870.4,20.602057049492558
2870.6,21.544142230043477
2870.8,21.48955397016687
2871.0,21.128801282031624
2871.2,21.39232442216796
2871.4,21.308212512562786
2871.6,21.058248823623266
2871.8,21.59223939794235
2872.0,21.338256195360085
2872.2,21.44422605475359
2872.4,21.481407562740532
2872.6,21.826577516441333
2872.8,22.15783677985264
2873.0,21.60509143190417
2873.2,22.085082652863477
2873.4,22.237781824338356
2873.6,21.76869473663723
2873.8,21.894212911231993
2874.0,21.320828517815936
2874.2,22.116906945755073
2874.4,21.882880995658862
2874.6,22.67482554969835
2874.8,22.307770127328634
2875.0,22.277733885437495
2875.2,21.868858559266044
2875.4,22.0821972248474
2875.6,21.952598004674535
2875.8,21.608638018826127
2876.0,21.533729327560952
2876.2,21.75344193953643
2876.4,21.453674581160005
2876.6,21.297154754525973
2876.8,21.32056283189105
2877.0,21.485908858811364
2877.2,21.525320626500772
2877.4,22.340395743866384
2877.6,22.607990052389106
2877.8,22.445305836490512
2878.0,22.479742639470754
2878.2,22.58706116655822
2878.4,22.217381562621092
2878.6,21.86593884352685
2878.8,22.049719870044857
2879.0,22.487842717361524
2879.2,22.27106020604674
2879.4,22.55653068432035
2879.6,22.52860890555903
2879.8,22.401287835750004
2880.0,22.392875369645356
2880.2,21.875935272915324
2880.4,22.404815733944787
2880.6,21.347954166250915
2880.8,21.46531361981698
2881.0,21.174349155400844
2881.2,20.800580432336254
2881.4,20.805832606992233
2881.6,20.346353846607794
2881.8,20.034404779046717
2882.0,20.28256070039855
2882.2,20.1019282574641
2882.4,20.84891869008359
2882.6,20.360509383693536
2882.8,20.436466856130945
2883.0,20.397311855700366
2883.2,20.18041365698709
2883.4,20.457931689629426
2883.6,20.317745023685042
2883.8,20.165627499500154
2884.0,19.701382296339368
2884.2,19.19987899912979
2884.4,19.514839513108008
2884.6,19.723399057937105
2884.8,19.571764259229663
2885.0,19.94175147296869
2885.2,19.333441537530504
2885.4,19.26552289134026
2885.6,19.35988667752683
2885.8,19.84669703669893
2886.0,19.282656793151148
2886.2,19.16185935115442
2886.4,18.728547625865477
2886.6,18.827535761187658
2886.8,18.66531095950098
2887.0,19.04579900796751
2887.2,19.84709834697569
2887.4,20.503064008084092
2887.6,21.170095191131388
2887.8,21.608050980952545
2888.0,20.986047822163492
2888.2,21.219327115427213
2888.4,20.860715991321015
2888.6,20.756393364466046
2888.8,20.06013400200117
2889.0,20.640756657727625
2889.2,21.502565979720455
2889.4,22.0139666751273
2889.6,21.631081588276984
2889.8,22.172328242597278
2890.0,22.880071811261402
2890.2,22.587561790650817
2890.4,22.78296794117969
2890.6,22.319467453333274
2890.8,21.4817575566688
2891.0,21.51002375580361
2891.2,21.379115443508113
2891.4,22.012140375505776
2891.6,21.804629968312014
2891.8,22.388109509576893
2892.0,21.991313067839716
2892.2,22.552098081466116
2892.4,22.33627811101554
2892.6,22.67599493303659
2892.8,22.764356576120175
2893.0,21.978294576715967
2893.2,21.763316237606713
2893.4,21.85696428854704
2893.6,21.751661336701883
2893.8,22.565506439811518
2894.0,22.320255263554856
2894.2,21.501417551087265
2894.4,21.441560843570542
2894.6,21.46816431585701
2894.8,20.851749439478162
2895.0,20.416431795281355
2895.2,20.319985512726827
2895.4,20.274047050245425
2895.6,20.400304033979573
2895.8,20.44747252693293
2896.0,20.487096348695538
2896.2,20.055143425655217
2896.4,20.150874243925326
2896.6,20.407608318657793
2896.8,20.73759263809126
2897.0,21.25748393047364
2897.2,20.768091057369507
2897.4,20.279010264290154
2897.6,19.958333271548984
2897.8,20.178441650331568
2898.0,19.56166830573042
2898.2,19.43034016190066
2898.4,19.80150150698768
2898.6,20.356193188787085
2898.8,19.71045537401721
2899.0,19.952369160001485
2899.2,20.265520211723747
2899.4,20.426128183551114
2899.6,20.267117217696452
2899.8,20.01806439721971
2900.0,19.452422917734594
2900.2,19.59042529725233
2900.4,19.433607793502745
2900.6,19.006298203848466
2900.8,18.744549530797652
2901.0,18.976025244478404
2901.2,19.40294071350982
2901.4,19.296081945802204
2901.6,19.470126612237667
2901.8,19.899724422547077
2902.0,20.147687676150525
2902.2,20.344706678576557
2902.4,20.55677638584467
2902.6,20.886573403692616
2902.8,20.680290809756755
2903.0,20.837266088261373
2903.2,21.164539068206196
2903.4,21.69484254033489
2903.6,21.086349562703738
2903.8,21.903722109531692
2904.0,22.660895039522664
2904.2,22.795958351075008
2904.4,22.70478857099173
2904.6,23.224718448682836
2904.8,24.100781713693603
2905.0,24.079216735961957
2905.2,23.95818807709546
2905.4,24.399371020228187
2905.6,23.578080404233056
2905.8,23.550177617618996
2906.0,23.753558122795052
2906.2,23.782175681865724
2906.4,24.29602171588123
2906.6,23.119258244645128
2906.8,24.341252414383284
2907.0,24.03620141264223
2907.2,24.187355717769947
2907.4,23.82869296906321
2907.6,24.036961980643554
2907.8,24.08069131475253
2908.0,24.566145758833564
2908.2,24.23588714441067
2908.4,23.73509593282842
2908.6,23.902800693861362
2908.8,22.534040639013035
2909.0,21.928118681653928
2909.2,21.765090934666883
2909.4,21.781106189672702
2909.6,21.961082617768973
2909.8,22.287055051384392
2910.0,21.404016918979124
2910.2,21.460452552840863
2910.4,21.81984768604268
2910.6,21.356911022819762
2910.8,21.538179891596272
2911.0,22.56014181556545
2911.2,23.061060119643265
2911.4,23.675076934298716
2911.6,23.3832636797743
2911.8,23.381179094207383
2912.0,22.77277666453393
2912.2,21.88692143321039
2912.4,21.713391366766306
2912.6,21.613493542088325
2912.8,21.816216860651295
2913.0,21.33237748566338
2913.2,22.398220116432647
2913.4,22.38779494825291
2913.6,21.825999623644435
2913.8,21.92916442949833
2914.0,21.548556291732446
2914.2,21.31993110792397
2914.4,20.804006280926558
2914.6,20.644230763052352
2914.8,20.79938264015601
2915.0,21.419275930301357
2915.2,21.888097351783887
2915.4,21.41323977743526
2915.6,21.11993676857072
2915.8,21.79052503477781
2916.0,21.660329622249872
2916.2,21.38546189290786
2916.4,21.714318352810515
2916.6,21.55468007014154
2916.8,21.009021988875773
2917.0,21.371543006573617
2917.2,21.00141463612902
2917.4,21.333122545256412
2917.6,21.143657454240994
2917.8,21.406421007395537
2918.0,21.36767068976149
2918.2,22.32735748419551
2918.4,22.778412705387648
2918.6,23.145731217971417
2918.8,24.024778298658248
2919.0,24.07901993807662
2919.2,23.947027927088644
2919.4,23.834612958642133
2919.6,23.896948404253866
2919.8,22.782856079051786
2920.0,23.04450033792476
2920.2,23.360495730473435
2920.4,22.980287518256684
2920.6,22.544142647990157
2920.8,22.335187768055455
2921.0,22.67086152956945
2921.2,22.588391528358894
2921.4,22.14725759544942
2921.6,21.6002480226784
2921.8,20.594773035273874
2922.0,21.2827644086169
2922.2,20.638088928292987
2922.4,19.97813261667161
2922.6,20.624009061727143
2922.8,20.238316001632434
2923.0,21.314651232519104
2923.2,21.173340355092883
2923.4,21.60563879479239
2923.6,21.69558974547587
2923.8,22.21029409037449
2924.0,22.500984685078414
2924.2,22.663940621954787
2924.4,22.454991869221338
2924.6,22.336773815999816
2924.8,22.773237958830222
2925.0,22.863098677070322
2925.2,22.844870641665157
2925.4,22.843888037260598
2925.6,22.125401129849685
2925.8,21.554030583698527
2926.0,20.928338962587905
2926.2,21.40937697542743
2926.4,20.753663941372405
2926.6,21.179342447152717
2926.8,20.99053430654232
2927.0,20.461755905967543
2927.2,20.467794802006853
2927.4,20.84827351236204
2927.6,21.929894192517917
2927.8,21.375099511212092
2928.0,21.26395434462285
2928.2,21.362428313525502
2928.4,21.5012710769127
2928.6,21.483940198759637
2928.8,21.43226168001911
2929.0,21.83022522565157
2929.2,21.952305000281136
2929.4,21.966270941828725
2929.6,21.485076537341318
2929.8,21.459046113834255
2930.0,21.504956718687186
2930.2,22.297226697229316
2930.4,21.76680847572838
2930.6,21.86297238227068
2930.8,21.583567030772418
2931.0,20.569116821288134
2931.2,21.571651156557323
2931.4,21.867514607386074
2931.6,21.83069317570016
2931.8,20.650055841004864
2932.0,20.230584393529327
2932.2,20.648941360103134
2932.4,20.886845500596863
2932.6,20.663414849546268
2932.8,21.20325148849672
2933.0,21.313978183878
2933.2,21.30474846276328
2933.4,21.214778576480352
2933.6,21.99962899969355
2933.8,22.0068740042016
2934.0,22.42938929526177
2934.2,21.8337288534865
2934.4,22.368732406728085
2934.6,21.95665254633774
2934.8,21.47940642456476
2935.0,22.91618977106507
2935.2,22.362986043690984
2935.4,23.04848001932459
2935.6,22.7817830351027
2935.8,23.336636861620363
2936.0,22.647084954732406
2936.2,23.54755036331445
2936.4,23.995778637486893
2936.6,23.125124908288296
2936.8,23.067092567518444
2937.0,23.222825827273308
2937.2,23.02030671995242
2937.4,22.98302692062299
2937.6,23.12704320362286
2937.8,23.176803053082544
2938.0,22.46281867198205
2938.2,23.28064641799033
2938.4,22.51329237571257
2938.6,22.940780117968494
2938.8,22.973797914216863
2939.0,22.808238893340743
2939.2,23.44213176589852
2939.4,23.169175959506333
2939.6,23.076382976099556
2939.8,23.53905271333836
2940.0,23.507713364986003
2940.2,23.47109567108141
2940.4,24.00890961399257
2940.6,23.168332985978438
2940.8,22.964251249308724
2941.0,22.93725713195172
2941.2,22.89529670374207
2941.4,22.949925865590437
2941.6,23.136425548536856
2941.8,23.00533731458989
2942.0,23.079751377414205
2942.2,23.223835738688265
2942.4,22.901525832621687
2942.6,22.531994393927434
2942.8,22.249726926450247
2943.0,22.211017627479794
2943.2,22.294933004815974
2943.4,22.486173296221764
2943.6,22.105729835859982
2943.8,21.9486119379879
2944.0,22.35033532409262
2944.2,22.723151910794304
2944.4,22.255841585589256
2944.6,22.85358600865877
2944.8,21.438690644279994
2945.0,21.4593462260626
2945.2,21.522215553097258
2945.4,21.576130839303737
2945.6,21.946438167909427
2945.8,22.42123229385438
2946.0,22.488049553787036
2946.2,21.70884549404574
2946.4,21.381150796928413
2946.6,21.344774682748945
2946.8,21.236495880505203
2947.0,20.828726017292894
2947.2,20.9253875790297
2947.4,20.50634290446855
2947.6,20.567114618806666
2947.8,20.91823699994777
2948.0,20.842758250277047
2948.2,20.325492965352858
2948.4,20.27110246073409
2948.6,19.867177293072643
2948.8,19.730428429100165
2949.0,20.1132610892928
2949.2,19.557023731833443
2949.4,19.40718571815497
2949.6,19.951826916178355
2949.8,19.463473726266624
2950.0,19.49870932937229
2950.2,19.63961364474838
2950.4,20.001397665141063
2950.6,20.19031093564478
2950.8,20.848238243800978
2951.0,20.98718540608628
2951.2,20.636011435068156
2951.4,20.990260498000282
2951.6,21.532950487282715
2951.8,21.195534109290136
2952.0,20.937920047126276
2952.2,20.80765113353602
2952.4,20.17641154642459
2952.6,20.439623015565154
2952.8,19.76367658796048
2953.0,19.71765111819943
2953.2,20.618224779447942
2953.4,20.835269345457398
2953.6,20.872677943017372
2953.8,20.96487089105547
2954.0,21.066262692819837
2954.2,20.26488530856789
2954.4,20.20506450772803
2954.6,19.980079626674215
2954.8,20.167129653369482
2955.0,20.37812167422247
2955.2,19.942244313320955
2955.4,19.97410650217973
2955.6,20.570919206423866
2955.8,20.649564939889842
2956.0,20.76318397296749
2956.2,21.633253860582006
2956.4,21.40749742277348
2956.6,21.424506257537065
2956.8,21.829357209327434
2957.0,21.91132593649951
2957.2,21.481873371659702
2957.4,21.631625343857973
2957.6,21.37788728023898
2957.8,21.683106076392114
2958.0,21.42972034317758
2958.2,20.420858025751798
2958.4,20.483498994097936
2958.6,20.345130589734573
2958.8,21.44833561538679
2959.0,21.39466703298856
2959.2,21.534440016433688
2959.4,21.98950882237904
2959.6,21.50595373985429
2959.8,21.185770878910162
2960.0,21.17979437454569
2960.2,20.787671382299273
2960.4,21.194335971341435
2960.6,20.191496968334178
2960.8,20.24967008944718
2961.0,20.2146278234763
2961.2,20.557439998551374
2961.4,21.425642206324177
2961.6,21.516472703710715
2961.8,21.702991885918323
2962.0,21.303791271958215
2962.2,21.595943015434184
2962.4,21.333128440483883
2962.6,21.405007867838425
2962.8,20.290090560671246
2963.0,20.38128243283169
2963.2,20.582203122412114
2963.4,21.239674357054824
2963.6,20.24566354613512
2963.8,21.385220035947196
2964.0,20.830186946734003
2964.2,21.025660209219
2964.4,20.999842780290678
2964.6,21.206885217739565
2964.8,21.304235835891813
2965.0,21.11933301223482
2965.2,21.16436318396908
2965.4,20.848118933205942
2965.6,20.50794135115124
2965.8,20.940585723806816
2966.0,20.877539836579967
2966.2,20.896508197370345
2966.4,20.16808763454607
2966.6,20.269090538444896
2966.8,20.804927125597253
2967.0,20.857507623545963
2967.2,21.06193625414631
2967.4,21.036886499972045
2967.6,20.114779553640624
2967.8,20.92800551513612
2968.0,20.506118111658566
2968.2,20.621022527149844
2968.4,20.75457181279941
2968.6,20.478557923016794
2968.8,20.70204568392417
2969.0,20.48803095547843
2969.2,20.93294118928394
2969.4,21.204609500259266
2969.6,20.89090384129456
2969.8,20.398393421568898
2970.0,20.420921274895658
2970.2,20.350497160066993
2970.4,20.589684165588054
2970.6,20.60552050077636
2970.8,20.03206396947176
2971.0,19.65486959245903
2971.2,20.28152450971142
2971.4,20.285526329793583
2971.6,20.281462473614784
2971.8,20.69025022031173
2972.0,20.52054322507843
2972.2,20.55995697509751
2972.4,20.53721285778507
2972.6,20.515386194084414
2972.8,20.494194382221075
2973.0,20.45467052143048
2973.2,20.257858057498964
2973.4,19.845295698272004
2973.6,19.7192839796152
2973.8,20.055528062483226
2974.0,19.61312105629933
2974.2,19.999838191745543
2974.4,19.599628349179298
2974.6,19.36710971615675
2974.8,19.818567034172606
2975.0,20.102718859213415
2975.2,19.481116823175164
2975.4,19.32002962416346
2975.6,18.807198699228504
2975.8,18.454770817929248
2976.0,19.494079561961865
2976.2,19.45944779012303
2976.4,19.242280557572297
2976.6,19.086322926246055
2976.8,19.464060811201367
2977.0,19.422288271034944
2977.2,19.649157447966022
2977.4,19.32430966780943
2977.6,19.347384484270428
2977.8,19.502990841619184
2978.0,19.66184632077177
2978.2,19.388233309015753
2978.4,19.276490808926752
2978.6,19.447542430922724
2978.8,18.847801515274153
2979.0,18.568137160165385
2979.2,18.732281809101604
2979.4,18.55097136123281
2979.6,18.419760095471315
2979.8,18.54024917553177
2980.0,18.73772934163217
2980.2,18.763908367767872
2980.4,18.140776825584048
2980.6,18.218325681689404
2980.8,17.94739222575083
2981.0,17.98536313992598
2981.2,18.601485064668456
2981.4,18.381422984946344
2981.6,18.411187969039815
2981.8,18.64432894630815
2982.0,18.174248668082924
2982.2,18.04282804884317
2982.4,17.956303360834536
2982.6,18.001159691331324
2982.8,18.509439586590634
2983.0,18.16137232416285
2983.2,18.320063207427058
2983.4,17.728429781612444
2983.6,18.002179396890003
2983.8,18.033862778749317
2984.0,18.13646993945422
2984.2,17.95905929762727
2984.4,17.90002684101872
2984.6,17.525915410480952
2984.8,17.6237275057449
2985.0,17.483510780791896
2985.2,17.648612354125664
2985.4,17.364937323043627
2985.6,18.094214032997115
2985.8,17.854637328969773
2986.0,17.956766197952103
2986.2,17.833813315883912
2986.4,17.678615222025236
2986.6,18.14235289614335
2986.8,17.850406148174393
2987.0,17.84261150410942
2987.2,17.668101848687957
2987.4,17.528115821962174
2987.6,17.724130494163543
2987.8,17.958231647971928
2988.0,18.180862786872257
2988.2,17.989188912752347
2988.4,18.527779647907824
2988.6,18.166850972985593
2988.8,18.237415894111958
2989.0,18.531377479716866
2989.2,18.294604668490447
2989.4,18.494824048878286
2989.6,18.775129129807823
2989.8,18.440364842469616
2990.0,18.609864757211856
2990.2,18.601219503277193
2990.4,18.84933148203752
2990.6,18.839716299329
2990.8,18.77468158111329
2991.0,19.07605769173425
2991.2,19.311422314608734
2991.4,19.608084551850823
2991.6,19.502480933048922
2991.8,19.699922870320126
2992.0,19.412002051309102
2992.2,19.817866898032047
2992.4,20.135932603262987
2992.6,20.07711841879747
2992.8,20.03398958938341
2993.0,19.78682345373191
2993.2,19.52076759241187
2993.4,19.553151258550038
2993.6,19.567781104905947
2993.8,19.113962372300428
2994.0,19.217222744161525
2994.2,18.827389935592926
2994.4,19.04275939640734
2994.6,18.921714710203464
2994.8,18.769060929691207
2995.0,19.761644772649788
2995.2,20.060158088279696
2995.4,19.592996277485796
2995.6,19.28654620727913
2995.8,19.441641457130636
2996.0,19.693450726168503
2996.2,19.09220003500577
2996.4,19.0038197952085
2996.6,18.672402285036547
2996.8,18.929154813366893
2997.0,18.36640820654469
2997.2,18.639302832889403
2997.4,18.295833756465946
2997.6,18.544209990900622
2997.8,18.02098859379044
2998.0,18.930448397491954
2998.2,19.057148542170133
2998.4,18.829548044801363
2998.6,18.8649470798846
2998.8,18.81985572089793
2999.0,18.567801776972566
2999.2,18.143964111769154
2999.4,18.413557563785847
2999.6,18.30157266740288
2999.8,17.98428851096648
3000.0,18.062940322703493
3000.2,18.47291814544855
3000.4,18.32524850612266
3000.6,18.476202959647395
3000.8,18.7625126762899
3001.0,18.62691948322697
3001.2,18.499842995716236
3001.4,18.52513611582493
3001.6,18.590205001976297
3001.8,18.40580228009937
3002.0,18.083624308847178
3002.2,17.453678651560782
3002.4,17.237497619359566
3002.6,17.486918998022478
3002.8,17.94357822293452
3003.0,17.65318118208462
3003.2,17.845063854437228
3003.4,17.940386776743058
3003.6,18.178599191719844
3003.8,18.08496815024684
3004.0,18.033560143500164
3004.2,18.09503432483575
3004.4,18.015912531156737
3004.6,17.3020923436128
3004.8,17.30553354387094
3005.0,17.670738854384393
3005.2,17.938587693892394
3005.4,17.89903184557003
3005.6,17.756730628704723
3005.8,17.52661366978697
3006.0,17.997956229549168
3006.2,18.128579377666775
3006.4,18.088343739807932
3006.6,17.876941827900154
3006.8,18.157959974876693
3007.0,17.901043653524017
3007.2,18.0871087544467
3007.4,18.325544106460786
3007.6,18.356626866099713
3007.8,18.384275834433353
3008.0,18.81525324745875
3008.2,18.881795955505687
3008.4,18.795314969545476
3008.6,18.647797809661895
3008.8,18.426870218340472
3009.0,18.398457175642065
3009.2,18.80287908835101
3009.4,18.403933554526866
3009.6,18.598989684369126
3009.8,18.238863683150907
3010.0,18.369141394336467
3010.2,18.533668265008995
3010.4,18.89998243843767
3010.6,18.99116841081151
3010.8,18.279096508653623
3011.0,18.49109045579609
3011.2,18.857202039981743
3011.4,18.333862826370954
3011.6,18.43565941339431
3011.8,17.732315105936575
3012.0,18.13192302172968
3012.2,18.264791263889293
3012.4,17.879233814915445
3012.6,18.0255736765178
3012.8,18.359412872002363
3013.0,18.61665258414351
3013.2,18.417204037302326
3013.4,18.39158423795555
3013.6,18.379253188762533
3013.8,18.862904613323174
3014.0,19.47387775745977
3014.2,19.223852314919526
3014.4,19.02418209246087
3014.6,19.693724278495345
3014.8,19.71905364423629
3015.0,19.30431284560669
3015.2,19.76333290427923
3015.4,19.17475260129105
3015.6,19.38085914689881
3015.8,19.121785544281146
3016.0,19.993692371143656
3016.2,19.846314595107724
3016.4,20.094032016516593
3016.6,20.29556118886905
3016.8,19.956249210373464
3017.0,19.866514208405775
3017.2,20.030957188477196
3017.4,19.672443054815908
3017.6,20.047384960019553
3017.8,19.77935723695954
3018.0,19.804406275601856
3018.2,19.809811701433667
3018.4,20.249753598755067
3018.6,20.62708533718768
3018.8,20.465939379618995
3019.0,20.05204087080383
3019.2,20.457097553734165
3019.4,20.47368851655619
3019.6,21.091592265420065
3019.8,20.481982297616344
3020.0,20.30329929323052
3020.2,20.302991700449546
3020.4,19.642766172467052
3020.6,19.352876744334097
3020.8,19.678972160660365
3021.0,19.779581968265138
3021.2,20.148386786387196
3021.4,20.389347729774492
3021.6,20.240324717984365
3021.8,19.869928515587688
3022.0,19.463135515341637
3022.2,19.397501955767215
3022.4,19.690445104761956
3022.6,19.737324465631932
3022.8,19.640653882595068
3023.0,19.27278798012032
3023.2,20.43025730695227
3023.4,20.37929625123397
3023.6,19.97841329590863
3023.8,19.774279440404122
3024.0,20.15951173707713
3024.2,20.0618555146849
3024.4,19.85186103827476
3024.6,19.966516508574028
3024.8,19.999489714159086
3025.0,19.620001496413316
3025.2,20.044814994019248
3025.4,19.833652299127763
3025.6,20.578073265078707
3025.8,20.465549969723327
3026.0,20.15297217616107
3026.2,20.271352136204158
3026.4,19.9986471046028
3026.6,20.651349670970735
3026.8,20.271751545545573
3027.0,20.70914439067107
3027.2,20.161096021004493
3027.4,20.38270957448838
3027.6,20.34748889488303
3027.8,20.741103984159906
3028.0,20.312574783790073
3028.2,20.643452594799253
3028.4,20.935983952101257
3028.6,20.522102739970556
3028.8,19.98316446811663
3029.0,20.29307077857038
3029.2,20.62356827248135
3029.4,20.69949264191643
3029.6,21.140721401547687
3029.8,21.43239854389728
3030.0,21.633984204496368
3030.2,21.19766502972716
3030.4,21.207596614911232
3030.6,21.20079228999911
3030.8,22.22956904804262
3031.0,21.77843791797802
3031.2,21.957993746063742
3031.4,21.426004726607076
3031.6,21.395726873581914
3031.8,21.636839450379114
3032.0,22.83081655609918
3032.2,22.688811387013605
3032.4,21.96492966360012
3032.6,21.666675595512363
3032.8,21.25771733201438
3033.0,22.30229957285136
3033.2,21.145936808638837
3033.4,21.97012905264389
3033.6,22.251209722852977
3033.8,22.38810275218189
3034.0,22.357187327537243
3034.2,22.38376186527882
3034.4,21.849448302087843
3034.6,21.647264465604117
3034.8,22.67160398171853
3035.0,22.210711017692205
3035.2,23.06985789810962
3035.4,23.486667705784583
3035.6,22.6053994804686
3035.8,22.866543328119427
3036.0,22.586920426495496
3036.2,22.881026491743995
3036.4,23.14614053042176
3036.6,24.211655890749775
3036.8,23.727643591358145
3037.0,23.625449996825225
3037.2,23.68652747716726
3037.4,23.701659920412116
3037.6,23.21083533806439
3037.8,22.209301157848465
3038.0,22.336212431430987
3038.2,21.977870359290893
3038.4,22.00256878412769
3038.6,21.985717655926486
3038.8,21.991839233600956
3039.0,22.90215967158158
3039.2,22.562669520247034
3039.4,22.85375918810633
3039.6,22.87252498558598
3039.8,23.075455548279518
3040.0,22.538147619936808
3040.2,22.9562645392248
3040.4,22.590811579215814
3040.6,22.55720692397283
3040.8,22.30118534577717
3041.0,22.762975233853528
3041.2,22.59774968882938
3041.4,22.931755451486598
3041.6,21.980339364147724
3041.8,22.06997555097348
3042.0,22.10358957800754
3042.2,21.33032217962617
3042.4,21.800349737652898
3042.6,21.26384084357511
3042.8,22.022600677951402
3043.0,21.554838425496996
3043.2,21.465226496299366
3043.4,21.39083820263529
3043.6,21.233820960568302
3043.8,21.250847371567726
3044.0,21.35011496034565
3044.2,21.3694115488518
3044.4,21.639050058354652
3044.6,21.611833683777306
3044.8,21.00184831093071
3045.0,21.55745029274128
3045.2,21.769010243000526
3045.4,21.32679802461349
3045.6,20.796946533283
3045.8,21.394795691030772
3046.0,21.85781235134922
3046.2,21.724996678023412
3046.4,21.513513788116327
3046.6,22.048059459977697
3046.8,22.020203768105677
3047.0,21.83766748506729
3047.2,21.415312499828715
3047.4,21.75692447162392
3047.6,21.370295105899167
3047.8,21.54767897608157
3048.0,21.864018615429316
3048.2,21.99676410191961
3048.4,21.324489433004274
3048.6,21.18028666841751
3048.8,21.032563862647322
3049.0,20.53858997093016
3049.2,20.77924517835961
3049.4,21.200656357767457
3049.6,21.296163114437302
3049.8,21.33171080737622
3050.0,21.114810957878444
3050.2,21.13054933455107
3050.4,20.85960772272049
3050.6,20.657043403317683
3050.8,19.59247850344718
3051.0,19.707750127532787
3051.2,19.729900905066447
3051.4,20.304832140745628
3051.6,20.366680226148834
3051.8,20.222952193802147
3052.0,20.43397645563045
3052.2,20.519834384940307
3052.4,19.896107290182783
3052.6,20.4838147390829
3052.8,20.221878486969427
3053.0,20.17747981009
3053.2,20.250971194156058
3053.4,20.368252072859864
3053.6,20.256146165028852
3053.8,20.69617645090976
3054.0,19.69509117325144
3054.2,20.15434627983373
3054.4,20.20141415157065
3054.6,19.980190712144974
3054.8,20.293791621684527
3055.0,19.708808505725717
3055.2,19.34655923729606
3055.4,19.91136731388146
3055.6,19.405989512185304
3055.8,18.897323490224224
3056.0,18.96693041673616
3056.2,19.30050475764081
3056.4,19.591933604172986
3056.6,19.784180172755548
3056.8,20.1911715907522
3057.0,20.08372971853669
3057.2,20.5800253064018
3057.4,20.740433789256226
3057.6,20.057619115873212
3057.8,20.23497595713136
3058.0,20.64204061436996
3058.2,21.264885515143064
3058.4,21.342915645267787
3058.6,20.584517679949194
3058.8,20.63904117826506
3059.0,20.727084486012075
3059.2,20.912725297752644
3059.4,22.05160267722965
3059.6,21.442710281766054
3059.8,21.29253476225334
3060.0,21.148459130421045
3060.2,21.52714995615397
3060.4,21.10984292447409
3060.6,21.754090568022463
3060.8,22.237872822744077
3061.0,21.77346620286274
3061.2,21.066145382125544
3061.4,20.817406409333902
3061.6,20.57410450078804
3061.8,20.65414543585201
3062.0,20.93843561934266
3062.2,21.09439290216266
3062.4,20.767624472186455
3062.6,20.552326319843914
3062.8,19.787092665433526
3063.0,20.14872475183267
3063.2,19.730800458018276
3063.4,20.457890440376843
3063.6,19.84019089277975
3063.8,19.911792856844436
3064.0,19.745550600564957
3064.2,20.517255115453086
3064.4,20.515556778079336
3064.6,20.7176670607388
3064.8,21.20047473012381
3065.0,20.774077874004124
3065.2,20.733661764316626
3065.4,20.95551771122347
3065.6,21.007684938789023
3065.8,20.531351991909858
3066.0,20.40638141270348
3066.2,19.794539909022753
3066.4,20.019308314850555
3066.6,19.587020965285134
3066.8,19.35776273042943
3067.0,19.294937193885346
3067.2,19.713727681972898
3067.4,20.558729518810495
3067.6,20.60367945244023
3067.8,20.98167448598758
3068.0,21.191857115349364
3068.2,20.98361592787088
3068.4,20.671500821842308
3068.6,21.029409512342312
3068.8,20.64304204155772
3069.0,21.230111259219733
3069.2,21.82502797754893
3069.4,21.898032832795295
3069.6,21.848205898798568
3069.8,21.192487809120713
3070.0,21.390459624806336
3070.2,21.1432527728196
3070.4,20.915362207218536
3070.6,20.384269605172513
3070.8,20.86178391838597
3071.0,21.575955627763776
3071.2,21.813987338366797
3071.4,21.91267914986337
3071.6,22.103816631757244
3071.8,21.8927140048886
3072.0,21.772714250574758
3072.2,21.928135221660753
3072.4,22.007509248474335
3072.6,21.502768371237636
3072.8,21.898595011458898
3073.0,21.781335561067195
3073.2,21.133816024114648
3073.4,21.69955007293264
3073.6,21.350648591734853
3073.8,21.188340476822525
3074.0,21.20684725179485
3074.2,21.124697891631815
3074.4,21.491956329462006
3074.6,20.63244426150797
3074.8,21.064992112667333
3075.0,20.700570114947556
3075.2,21.070475254054593
3075.4,21.216627409040058
3075.6,20.88297854907672
3075.8,20.85787391387253
3076.0,21.32435796477708
3076.2,21.636930630191582
3076.4,21.75457168432226
3076.6,21.23249521594815
3076.8,21.562541223202807
3077.0,21.556310214340577
3077.2,21.384187157978374
3077.4,21.84738069739431
3077.6,21.99154520253744
3077.8,21.714612227302553
3078.0,21.399452933272457
3078.2,22.443678714110888
3078.4,22.97944060730851
3078.6,22.73864156887242
3078.8,23.21567057055478
3079.0,23.208358938658115
3079.2,22.80407746268574
3079.4,22.307229194516633
3079.6,22.177490765100906
3079.8,23.010979776951913
3080.0,22.728195455080037
3080.2,23.349885579787802
3080.4,23.641548911764303
3080.6,23.02418092217323
3080.8,22.806812720780712
3081.0,22.810991413530278
3081.2,22.691416891488068
3081.4,22.61774466414242
3081.6,21.934127915617537
3081.8,21.116805537979975
3082.0,21.12574355095831
3082.2,21.098257720737156
3082.4,21.033347701295884
3082.6,20.798646949497268
3082.8,20.579460494307344
3083.0,20.354606415434237
3083.2,21.082612105164618
3083.4,22.38792927600108
3083.6,22.630061097241505
3083.8,22.464931667014895
3084.0,22.667679827278043
3084.2,22.6530554573333
3084.4,22.166954216378272
3084.6,22.686354744200685
3084.8,22.964049791120402
3085.0,23.03626936632731
3085.2,23.390511264832618
3085.4,22.55790292818451
3085.6,22.577460393775336
3085.8,22.475844751193254
3086.0,23.183599069749445
3086.2,23.624542598084904
3086.4,23.804065087811225
3086.6,23.918234544321407
3086.8,23.418818156057505
3087.0,23.696975165004567
3087.2,23.566658571656113
3087.4,23.65646957665121
3087.6,23.379190986204883
3087.8,24.384890146510617
3088.0,24.42581185464274
3088.2,23.838917168749347
3088.4,23.84300122436151
3088.6,23.85650981561836
3088.8,23.447068237930992
3089.0,23.353057924816323
3089.2,24.867710735271295
3089.4,24.882188090921296
3089.6,25.43057967404411
3089.8,26.251950373108144
3090.0,27.193728766122693
3090.2,27.27838860217551
3090.4,26.174954459247843
3090.6,26.80822377244315
3090.8,26.58369243086738
3091.0,26.44780115374543
3091.2,25.925190557158487
3091.4,26.080043574242797
3091.6,26.38025597950547
3091.8,26.609453592213782
3092.0,27.037613661082013
3092.2,26.825033134525157
3092.4,27.59501711052403
3092.6,27.244565031904916
3092.8,28.07162992439624
3093.0,28.462518536489977
3093.2,28.314562019338826
3093.4,28.33842065422333
3093.6,28.969684911137282
3093.8,27.350740663374005
3094.0,27.432545524084677
3094.2,26.51008308311684
3094.4,26.52393114962397
3094.6,26.11146667364793
3094.8,26.81226975220461
3095.0,26.789301280526033
3095.2,26.883248558993667
3095.4,26.457289130415603
3095.6,26.342455080248477
3095.8,26.18648583280129
3096.0,26.436288791135624
3096.2,26.68394058219333
3096.4,26.66844732618363
3096.6,26.830997225791705
3096.8,26.853986640089758
3097.0,27.24280037349876
3097.2,26.95876565428098
3097.4,27.25829424166868
3097.6,27.869829436173323
3097.8,27.57364178107213
3098.0,27.58643466666819
3098.2,28.290663282209543
3098.4,27.981753405843435
3098.6,26.745552589705156
3098.8,27.390807305000507
3099.0,27.40128733299606
3099.2,26.75917740910993
3099.4,26.14969940829336
3099.6,26.250236071164494
3099.8,26.810798932463715
3100.0,26.58090972974844
3100.2,26.331549256712137
3100.4,26.39389190523275
3100.6,26.753762819538295
3100.8,26.044307993789136
3101.0,25.96932953839262
3101.2,25.707435333304094
3101.4,25.503756352408967
3101.6,25.530298301444006
3101.8,25.98546384160514
3102.0,25.86890607127853
3102.2,26.574902759898965
3102.4,27.03739826617817
3102.6,27.126176693982522
3102.8,27.39573378236299
3103.0,26.70656570831006
3103.2,27.05634963491924
3103.4,27.710996851891565
3103.6,27.62450921482346
3103.8,27.237277568812075
3104.0,27.517086421741883
3104.2,27.6308811753036
3104.4,27.66017572351622
3104.6,27.093374850399794
3104.8,26.94620173673964
3105.0,26.27092400505007
3105.2,26.86579726172164
3105.4,26.83501152042438
3105.6,27.09368146355429
3105.8,27.03587871737557
3106.0,25.77274774296165
3106.2,24.679437923108317
3106.4,25.342076902674826
3106.6,25.096631627061477
3106.8,26.19353709788892
3107.0,26.579682851470242
3107.2,26.831844083280473
3107.4,26.576968981037794
3107.6,26.05016245208896
3107.8,26.722975739859894
3108.0,26.544428874640033
3108.2,26.45102621083028
3108.4,25.136622038887992
3108.6,26.37577030621369
3108.8,27.34318232849755
3109.0,26.522924427777955
3109.2,26.612360159072725
3109.4,27.36116806483227
3109.6,26.843731802017512
3109.8,27.80169178152146
3110.0,28.260437479481194
3110.2,28.210088297679903
3110.4,28.801233757917252
3110.6,28.587352884792825
3110.8,28.442649823544283
3111.0,28.474723537512713
3111.2,27.297781689955443
3111.4,26.935951669281216
3111.6,26.840244287563095
3111.8,27.227120514299887
3112.0,27.78820613604589
3112.2,28.578349063474363
3112.4,28.124317597369405
3112.6,29.038205763465058
3112.8,27.78533691776431
3113.0,28.62308055095265
3113.2,30.189353627866975
3113.4,29.018991274913176
3113.6,29.382530616441112
3113.8,29.655724366156374
3114.0,30.00327245448458
3114.2,30.53994920275632
3114.4,30.909490863741944
3114.6,30.982862546386404
3114.8,29.848011561370505
3115.0,30.263681684537783
3115.2,30.98376153853164
3115.4,31.247914484291265
3115.6,31.30486680529669
3115.8,30.422334528755005
3116.0,29.74138401787107
3116.2,29.698126040040943
3116.4,29.54838039819672
3116.6,28.75483446892084
3116.8,28.820563877352853
3117.0,29.854627563818788
3117.2,29.11623719619736
3117.4,28.510455147333
3117.6,28.0313831470784
3117.8,27.656522797022124
3118.0,26.97346018524724
3118.2,27.811994493400846
3118.4,28.29926479893194
3118.6,28.84838639114308
3118.8,28.329151710582252
3119.0,29.57253885143563
3119.2,29.488950210669064
3119.4,29.795616443198952
3119.6,29.70291141433602
3119.8,30.043962378000884
3120.0,31.13760461541056
3120.2,31.619292617076823
3120.4,30.906328038809797
3120.6,31.134097123314127
3120.8,30.87609770133174
3121.0,31.86160503016668
3121.2,32.07599040852442
3121.4,31.269199047976528
3121.6,31.07140872314146
3121.8,31.906634533887473
3122.0,31.166803878177582
3122.2,31.024244672159853
3122.4,32.413821056072706
3122.6,32.53607174017969
3122.8,32.346481987749065
3123.0,32.86402726746087
3123.2,33.295281083217134
3123.4,32.47862557195795
3123.6,31.92434122940917
3123.8,31.594750491167304
3124.0,32.550991056550444
3124.2,33.19518314721043
3124.4,32.62767820420259
3124.6,32.24978679850922
3124.8,33.37609284209844
3125.0,33.42400979220915
3125.2,33.34484103017076
3125.4,34.64869822139734
3125.6,34.63646493107434
3125.8,33.37350260452122
3126.0,32.931612895896656
3126.2,33.370560510221935
3126.4,32.32766589692327
3126.6,31.16355006362763
3126.8,31.709994392874034
3127.0,31.95177793762594
3127.2,31.91119867456638
3127.4,31.98491276662049
3127.6,30.330646168800016
3127.8,30.914219444999297
3128.0,30.82184576823193
3128.2,30.245837665144776
3128.4,30.720790329698424
3128.6,30.534240939153552
3128.8,31.300686620840246
3129.0,31.571028216820128
3129.2,31.51024538588588
3129.4,32.6149382267175
3129.6,33.80502730777036
3129.8,33.94476166890966
3130.0,33.11104103512966
3130.2,34.537809795201866
3130.4,35.04694005150857
3130.6,35.238808214703774
3130.8,35.27118917631551
3131.0,34.70726277371675
3131.2,35.559120365723714
3131.4,34.783504333752354
3131.6,34.58983205328685
3131.8,34.46858525407723
3132.0,35.27928817668078
3132.2,34.658487506042434
3132.4,34.46047967613921
3132.6,34.773342953022784
3132.8,33.489204323460555
3133.0,34.32323948663977
3133.2,33.683595964032335
3133.4,33.974925190491405
3133.6,34.206444298348
3133.8,34.844907546334234
3134.0,34.65655286569203
3134.2,34.8738343041455
3134.4,34.76792703867817
3134.6,33.901819471752475
3134.8,33.17472068693577
3135.0,32.85700480002126
3135.2,33.125794243393614
3135.4,33.317695735945335
3135.6,32.625518823798444
3135.8,32.67626239674374
3136.0,32.44664289283834
3136.2,32.47220010201076
3136.4,31.728302416713777
3136.6,31.002039298507874
3136.8,32.85886337312498
3137.0,33.285937572586185
3137.2,33.50877654763539
3137.4,33.58063439262747
3137.6,32.779577242605754
3137.8,33.37148572158062
3138.0,32.84563050715219
3138.2,32.14690460530755
3138.4,33.504111544767156
3138.6,33.715233164536386
3138.8,33.0005461649956
3139.0,33.690131299166296
3139.2,33.68231814256092
3139.4,34.44322227116081
3139.6,33.725464510561835
3139.8,34.883608935560844
3140.0,36.46095296207277
3140.2,36.31385839385273
3140.4,36.67734658806027
3140.6,37.88570098607685
3140.8,38.78148992757886
3141.0,38.30901126248774
3141.2,38.63192973393227
3141.4,39.51704608684279
3141.6,38.93338455823192
3141.8,38.65801000453252
3142.0,38.5805100848508
3142.2,37.860324834288775
3142.4,37.82060814461007
3142.6,38.11836232511133
3142.8,38.74416375829938
3143.0,38.47300898452616
3143.2,39.1263220097063
3143.4,38.84692271205197
3143.6,38.661320974874876
3143.8,37.736740579664406
3144.0,37.24618525864321
3144.2,37.90502876908098
3144.4,39.30895235901849
3144.6,39.262510289248645
3144.8,37.493953566175286
3145.0,36.710036938022085
3145.2,36.751751425730966
3145.4,37.368268411728906
3145.6,38.02648039956118
3145.8,38.36838887461924
3146.0,39.00799967138785
3146.2,39.056580724094246
3146.4,38.68907697365119
3146.6,38.74946700514743
3146.8,39.55190653964735
3147.0,39.03718246115775
3147.2,37.78413089777163
3147.4,37.72892957382949
3147.6,37.444225235228295
3147.8,37.49585736999167
3148.0,37.77943099711882
3148.2,36.72204578035023
3148.4,35.735585514878444
3148.6,34.73186433032683
3148.8,34.586525935377594
3149.0,35.294521983930835
3149.2,34.99755538895312
3149.4,35.273075386337574
3149.6,35.00455634712031
3149.8,36.43604551689353
3150.0,36.00971761984519
3150.2,35.61731970459252
3150.4,35.021385560291236
3150.6,34.746124217013424
3150.8,36.002462908685445
3151.0,36.111081087218246
3151.2,35.912320854768815
3151.4,36.859066320862034
3151.6,35.7694349435095
3151.8,36.49920772298918
3152.0,36.333471318013025
3152.2,37.25312717339402
3152.4,38.56504063076653
3152.6,38.12873064793902
3152.8,36.9387807515613
3153.0,37.47604225124531
3153.2,37.4048549585357
3153.4,38.310008676758464
3153.6,38.682865202474524
3153.8,39.85151592386452
3154.0,40.62732259287536
3154.2,39.67589991939654
3154.4,39.35763085247458
3154.6,40.32911464813873
3154.8,40.33309048659393
3155.0,41.26811743440338
3155.2,41.78834491207999
3155.4,43.65090045171931
3155.6,43.74005058276573
3155.8,42.68909025094737
3156.0,43.70175995201819
3156.2,43.885681845090154
3156.4,43.69337431289633
3156.6,42.41373944730022
3156.8,41.71991646836938
3157.0,43.02321542574255
3157.2,42.140987164670214
3157.4,44.07946021737292
3157.6,44.632510389203176
3157.8,43.4620125774763
3158.0,43.204765200873894
3158.2,41.783822914279995
3158.4,42.07410319910193
3158.6,41.888327220688126
3158.8,41.858335467441705
3159.0,42.43585517529698
3159.2,41.27444254184424
3159.4,40.92785078987604
3159.6,41.335076453774924
3159.8,41.01486092245811
3160.0,41.830507198775955
3160.2,42.69718406522777
3160.4,42.51781791336755
3160.6,42.486082941931
3160.8,44.282431317938055
3161.0,44.45184456279149
3161.2,43.49525655222918
3161.4,44.11545222048144
3161.6,43.4025513306646
3161.8,45.11499654623596
3162.0,43.15936285366491
3162.2,42.64389004800255
3162.4,41.206144184541145
3162.6,40.85802619414176
3162.8,41.107592679231956
3163.0,41.78700924673821
3163.2,42.685502316930545
3163.4,44.40458136140235
3163.6,44.2506729765004
3163.8,43.485504637065766
3164.0,43.55796849220576
3164.2,44.254539467804406
3164.4,45.52589711868069
3164.6,45.711459015001466
3164.8,45.94546521001735
3165.0,45.49775785349371
3165.2,45.57880090260615
3165.4,46.930890574816296
3165.6,46.73224266695093
3165.8,45.37253911027854
3166.0,44.780975738187
3166.2,44.46331399805166
3166.4,44.16230753644709
3166.6,44.311481924938036
3166.8,44.72051169857415
3167.0,45.114180241548205
3167.2,44.51005364465751
3167.4,43.4665658533835
3167.6,41.985912322054915
3167.8,42.57747371497764
3168.0,43.54649882758277
3168.2,43.77251087832558
3168.4,43.71440379275127
3168.6,42.61301831587352
3168.8,42.10035225307006
3169.0,43.34376848899814
3169.2,43.437283328917786
3169.4,43.87053528392314
3169.6,44.28965936102286
3169.8,42.67576337037841
3170.0,42.28584116739902
3170.2,42.46349438248466
3170.4,41.43205394947982
3170.6,41.69585135439566
3170.8,41.0165937506092
3171.0,41.41498769133328
3171.2,41.8458660830578
3171.4,41.018079836071294
3171.6,40.10015737712089
3171.8,41.43720008322425
3172.0,40.93568274497506
3172.2,40.76615417132751
3172.4,40.76316016884164
3172.6,41.66068849486293
3172.8,42.108114898651536
3173.0,41.90488626785272
3173.2,41.266291666366364
3173.4,40.68117976462048
3173.6,40.835946620407114
3173.8,41.67505579720497
3174.0,41.843644433239504
3174.2,41.083805437238674
3174.4,41.81831105754682
3174.6,42.71114522830071
3174.8,42.70882257882149
3175.0,42.26993325720293
3175.2,41.458945625168255
3175.4,39.55403575684357
3175.6,39.420103595994455
3175.8,40.02975624782157
3176.0,40.31355647374901
3176.2,41.82984144711715
3176.4,41.56505033813449
3176.6,42.18457729118825
3176.8,41.01622174786509
3177.0,40.20846637112825
3177.2,39.78051535097154
3177.4,40.52279822798611
3177.6,41.13550689080796
3177.8,41.467280067753556
3178.0,41.15573825022924
3178.2,40.61708440822309
3178.4,40.093071819213876
3178.6,39.20978018752411
3178.8,39.150886019401085
3179.0,39.02012437312525
3179.2,38.50696320222254
3179.4,38.18067914629062
3179.6,39.07895034257145
3179.8,39.393715518635034
3180.0,38.291597952241176
3180.2,39.08456239857193
3180.4,39.42941972974603
3180.6,39.3521800893227
3180.8,40.100745568821274
3181.0,39.97252114985965
3181.2,40.99723533201711
3181.4,41.094058921516876
3181.6,39.96609966617148
3181.8,40.682211615402395
3182.0,40.84233326615718
3182.2,40.7791004414006
3182.4,40.30408771554808
3182.6,40.02810121306278
3182.8,39.45537660961173
3183.0,39.445307289191206
3183.2,38.85603731167319
3183.4,38.81600671384329
3183.6,40.08746224621332
3183.8,40.459286486821505
3184.0,39.95127594494591
3184.2,40.22304312851479
3184.4,41.43752804092537
3184.6,39.420572716177794
3184.8,40.221093912590376
3185.0,39.707279556814406
3185.2,40.676918835472165
3185.4,39.73399157626119
3185.6,39.15415289281117
3185.8,40.20346449039281
3186.0,39.464706650559506
3186.2,39.5682110786558
3186.4,39.35970922506211
3186.6,40.09461658853749
3186.8,40.61916118490924
3187.0,39.59791406763054
3187.2,38.33306565026477
3187.4,37.93917654839972
3187.6,38.21464610955626
3187.8,37.25771065291
3188.0,38.264175053099684
3188.2,38.658782743909896
3188.4,39.21987432948066
3188.6,38.445426209962335
3188.8,38.34900282848127
3189.0,37.88053306938925
3189.2,37.05733253410271
3189.4,38.15484020062577
3189.6,37.581908891491416
3189.8,38.033508645989976
3190.0,37.741854173434135
3190.2,37.769693340592234
3190.4,37.98892497852681
3190.6,38.58505905120452
3190.8,39.15196501662084
3191.0,38.913533351719735
3191.2,38.497955116947395
3191.4,37.94670936663513
3191.6,37.66330882531447
3191.8,39.158160606816715
3192.0,38.19278238603675
3192.2,38.480067626595144
3192.4,37.221201364578704
3192.6,37.77787838107234
3192.8,38.333551835010866
3193.0,37.49930857503033
3193.2,38.327846038868515
3193.4,38.21710530207956
3193.6,37.97026143748427
3193.8,38.30106973069937
3194.0,39.765845526364195
3194.2,40.3455974943123
3194.4,39.751697275551344
3194.6,39.921991647216046
3194.8,39.37183864892249
3195.0,39.31156315804961
3195.2,39.09045215390051
3195.4,39.26479177523505
3195.6,38.93324817483165
3195.8,38.41832134953829
3196.0,38.02332887469463
3196.2,37.790635701122206
3196.4,38.29756019091881
3196.6,37.61531053359971
3196.8,37.893813657986406
3197.0,36.84483282360919
3197.2,37.59523270078302
3197.4,37.992116702464635
3197.6,38.165419860136474
3197.8,38.78883815580698
3198.0,38.53254042660496
3198.2,39.33955691857857
3198.4,39.80594138451035
3198.6,39.040861362093466
3198.8,40.21865065841049
3199.0,39.619764674251826
3199.2,39.39489215445173
3199.4,38.90178279111858
3199.6,39.500193240571456
3199.8,38.678658329951915
3200.0,38.032361806786696
3200.2,38.562516572789825
3200.4,37.98056302356357
3200.6,38.44245643044982
3200.8,38.733293249360145
3201.0,38.4775532876
3201.2,37.21921859154263
3201.4,37.10841217702706
3201.6,37.05370031880362
3201.8,36.61256127233069
3202.0,36.01031797578604
3202.2,35.849393047755626
3202.4,36.26722773240128
3202.6,37.07061050911665
3202.8,37.65432527807188
3203.0,38.288247562327655
3203.2,38.34006337340182
3203.4,38.74633761715123
3203.6,38.918044439188925
3203.8,39.69559693295201
3204.0,40.92449034984112
3204.2,40.20939203720302
3204.4,41.07163615992306
3204.6,41.47059290604269
3204.8,41.42242511603443
3205.0,40.714635470530595
3205.2,41.37409576258559
3205.4,40.66189269359973
3205.6,40.55119437271864
3205.8,41.00102217577107
3206.0,40.45598911036084
3206.2,40.176062542717176
3206.4,41.05446885075939
3206.6,41.39101079233444
3206.8,42.441837809285744
3207.0,41.92999317170668
3207.2,42.91087997593236
3207.4,43.32640707374999
3207.6,43.55304111449051
3207.8,42.24051275227631
3208.0,41.78942994303665
3208.2,40.690580064728294
3208.4,40.72598059603404
3208.6,40.24000992478538
3208.8,41.145841378334794
3209.0,41.364048508084785
3209.2,41.46995632555573
3209.4,41.72455705227328
3209.6,40.27296272064475
3209.8,41.539908510849386
3210.0,41.37291357715752
3210.2,42.89764859429275
3210.4,42.961903169262534
3210.6,42.62547801004889
3210.8,41.735961482152504
3211.0,41.005469357740274
3211.2,40.95348321420077
3211.4,40.69534247459912
3211.6,41.473422718201725
3211.8,40.92201020174873
3212.0,40.71426750983615
3212.2,41.58987934485382
3212.4,40.467337864484605
3212.6,41.24427460884989
3212.8,41.351316878280045
3213.0,40.4876471461195
3213.2,39.997996379406835
3213.4,40.602951936445834
3213.6,41.263377148504404
3213.8,41.79588053963373
3214.0,42.27093062249623
3214.2,42.17565439430707
3214.4,42.370139917820985
3214.6,43.771413288918495
3214.8,43.82756541217071
3215.0,43.524896033521316
3215.2,43.219166424573885
3215.4,43.35462828158534
3215.6,42.94377389774269
3215.8,42.317129469107115
3216.0,41.18890830590186
3216.2,41.40033284907446
3216.4,40.871910701298795
3216.6,40.518406020482956
3216.8,40.99273705316114
3217.0,41.50907897664227
3217.2,41.68223316531761
3217.4,41.63593524766324
3217.6,40.76444460635734
3217.8,41.0852795753885
3218.0,41.08395103454889
3218.2,42.78355690215237
3218.4,43.119560008401606
3218.6,41.824450464492166
3218.8,42.61324906228637
3219.0,43.63509967666003
3219.2,43.47074976049598
3219.4,44.49003936720129
3219.6,44.705475679815066
3219.8,45.57204194488363
3220.0,44.80205839513947
3220.2,45.57066553739438
3220.4,45.718345946428286
3220.6,44.828757297081566
3220.8,44.51401867261075
3221.0,46.343929845910125
3221.2,46.34912190267694
3221.4,46.71117446465313
3221.6,46.7480908327013
3221.8,46.7308786083598
3222.0,46.21952672737449
3222.2,48.09065532208248
3222.4,48.35237032423788
3222.6,48.74314511705216
3222.8,48.90755856319988
3223.0,48.24440730476973
3223.2,47.5965813077199
3223.4,46.10099150917881
3223.6,45.619153267799234
3223.8,45.637766745709676
3224.0,44.15098540732251
3224.2,44.28637526481509
3224.4,43.974418618529626
3224.6,44.09097508581154
3224.8,43.33050714537335
3225.0,42.99440267144378
3225.2,42.49477796225396
3225.4,42.67573104136949
3225.6,41.386417907474396
3225.8,42.065106824092084
3226.0,41.94195793826747
3226.2,43.3224030958976
3226.4,41.89163746413314
3226.6,41.31065545176193
3226.8,39.797240668711794
3227.0,40.52845760745062
3227.2,41.32016559769856
3227.4,39.94148776902828
3227.6,40.41513238974086
3227.8,41.116615910083695
3228.0,40.362322008588706
3228.2,40.42822889756821
3228.4,40.84792082619786
3228.6,41.773710313202734
3228.8,42.69971648859507
3229.0,42.828381353731956
3229.2,41.98209907906544
3229.4,41.397074553572054
3229.6,42.355751638389414
3229.8,41.901631920467324
3230.0,41.614538476463906
3230.2,41.63521622147668
3230.4,41.919612128262315
3230.6,42.16928345142021
3230.8,43.006048715532415
3231.0,43.57022315285195
3231.2,43.788481289623114
3231.4,43.81159229876723
3231.6,43.52747130816171
3231.8,43.518235068441896
3232.0,43.131934878385245
3232.2,42.79801655567128
3232.4,42.34220938936155
3232.6,42.02669988380994
3232.8,42.87345464713597
3233.0,44.81603224164074
3233.2,42.96389007298691
3233.4,42.92009712994371
3233.6,42.43111458207915
3233.8,42.270164668012725
3234.0,42.68208644493642
3234.2,41.79572596502706
3234.4,41.760630026139495
3234.6,42.06497166771136
3234.8,41.654871482840505
3235.0,42.361130865808434
3235.2,41.782394494286805
3235.4,39.66638285070744
3235.6,39.74750257754931
3235.8,38.98673444178806
3236.0,39.08632222307136
3236.2,38.53305125877025
3236.4,39.1921617847422
3236.6,39.22234985640358
3236.8,38.13384299524686
3237.0,38.25161297651587
3237.2,37.48911860227378
3237.4,36.51830321141311
3237.6,36.290590142403914
3237.8,35.48431723387854
3238.0,35.40542234265603
3238.2,36.11467430806197
3238.4,36.471633783852745
3238.6,35.51437586826874
3238.8,34.578556364866216
3239.0,35.575822451596515
3239.2,36.99178870703344
3239.4,36.70508388294784
3239.6,37.3524865743748
3239.8,37.90410676985235
3240.0,38.13183478638072
3240.2,38.06020237474076
3240.4,37.79659804782466
3240.6,37.973562763681606
3240.8,36.41520116725958
3241.0,37.11123484763898
3241.2,37.229137458562164
3241.4,37.088039659967606
3241.6,36.294325197186836
3241.8,36.36222861262212
3242.0,36.95182021352062
3242.2,36.7235122349736
3242.4,37.36971060701059
3242.6,37.12611829711155
3242.8,37.104547102855264
3243.0,36.42482029978976
3243.2,37.5773129585721
3243.4,37.94654902247
3243.6,38.42996255794484
3243.8,38.11835956513094
3244.0,37.74482845776963
3244.2,37.89744784579999
3244.4,37.39348834187485
3244.6,36.855612282828346
3244.8,37.081749411496766
3245.0,38.504153283711275
3245.2,38.42288558461962
3245.4,37.07520940218707
3245.6,36.70203062550442
3245.8,34.303511453129445
3246.0,33.91655678965239
3246.2,32.446297478941645
3246.4,32.439793424338895
3246.6,31.736682023507843
3246.8,30.65745068005956
3247.0,31.039584916979656
3247.2,31.56396921234013
3247.4,32.10118243500287
3247.6,31.643521568028152
3247.8,31.85656212957399
3248.0,32.29826943489353
3248.2,33.67736827414653
3248.4,32.75517124784207
3248.6,33.630819320042924
3248.8,33.87675707996317
3249.0,34.44567184663251
3249.2,34.976537554379846
3249.4,34.49902956445031
3249.6,35.20220242762563
3249.8,35.293249990141625
3250.0,35.639112585694065
3250.2,34.97206940315977
3250.4,34.02761051993932
3250.6,34.33696198868667
3250.8,34.541903713719016
3251.0,34.809737317811496
3251.2,35.62087812012501
3251.4,37.024934482100406
3251.6,36.95065195571066
3251.8,37.36219355696906
3252.0,38.63739541309861
3252.2,38.65898382473359
3252.4,38.38540842606198
3252.6,37.652126073517515
3252.8,39.25473174011157
3253.0,38.574006561976056
3253.2,37.61656628042956
3253.4,37.66471943704517
3253.6,37.98137241827412
3253.8,38.25250404431909
3254.0,39.363745073428575
3254.2,38.011966250206385
3254.4,38.07302845410159
3254.6,38.8452361489142
3254.8,40.316518572636625
3255.0,40.936363517050616
3255.2,39.86695237868966
3255.4,38.57399864313433
3255.6,37.90827245387049
3255.8,38.21022509851629
3256.0,39.22113270649
3256.2,37.909153644950436
3256.4,38.45813172296922
3256.6,38.67134294647273
3256.8,38.5286549649308
3257.0,38.528445227618754
3257.2,38.60554073483936
3257.4,38.518741486424396
3257.6,38.12126115709787
3257.8,37.872112380311066
3258.0,38.66182253030376
3258.2,38.47341495217937
3258.4,38.310512805451054
3258.6,38.08738888598165
3258.8,37.97051520218299
3259.0,38.20576361028842
3259.2,38.548167370868065
3259.4,37.205919242666134
3259.6,36.733995195709554
3259.8,37.067185532699796
3260.0,36.744507563511064
3260.2,36.78918133050053
3260.4,37.68784915334619
3260.6,38.475177953203676
3260.8,38.835371964363844
3261.0,38.17885960260615
3261.2,38.38289829688354
3261.4,38.77678406482985
3261.6,38.45828930834834
3261.8,37.69537570198524
3262.0,38.82700183570604
3262.2,39.47612981586395
3262.4,38.70512833846083
3262.6,39.970878238616386
3262.8,39.0016160658121
3263.0,39.38730153072922
3263.2,39.175312085372035
3263.4,39.01284446232191
3263.6,37.555900381446214
3263.8,38.51472168651637
3264.0,38.177283592394446
3264.2,38.494370373986804
3264.4,39.535603226421344
3264.6,39.080577394862594
3264.8,39.96669029803893
3265.0,39.25642837930335
3265.2,38.94379892707317
3265.4,39.402349746529495
3265.6,38.24361282010586
3265.8,38.34098905283887
3266.0,38.631405625693716
3266.2,38.31092272517442
3266.4,38.04280129220226
3266.6,38.718566069659175
3266.8,38.85316697163474
3267.0,38.72570524307206
3267.2,39.035808614804466
3267.4,39.35181978545532
3267.6,39.55629765965999
3267.8,39.57013355034323
3268.0,40.29348571327566
3268.2,39.65770366008605
3268.4,40.23777494907669
3268.6,40.50422531860872
3268.8,40.02647274353773
3269.0,39.37514946673286
3269.2,37.671431637365174
3269.4,37.745290738173864
3269.6,37.145124717720115
3269.8,36.231913082502544
3270.0,37.82896311471531
3270.2,37.05527430120525
3270.4,38.50345043402583
3270.6,38.71281736084669
3270.8,39.64993188044941
3271.0,38.43568056324287
3271.2,38.71580956903721
3271.4,37.89098629558736
3271.6,37.30034487395233
3271.8,38.45627586848241
3272.0,38.812283262217605
3272.2,38.01173487016427
3272.4,37.066562153486224
3272.6,38.00633428711454
3272.8,37.62590214898081
3273.0,38.310802389943106
3273.2,39.73868929385504
3273.4,39.84041256297475
3273.6,39.23379888363671
3273.8,38.31168082140218
3274.0,37.459231308758625
3274.2,38.48911898233267
3274.4,37.00067795865756
3274.6,37.45205701625081
3274.8,38.04009117073962
3275.0,38.42139831667675
3275.2,37.091439045990704
3275.4,37.398455538759386
3275.6,36.961564326602065
3275.8,37.16683796445149
3276.0,36.92545426558503
3276.2,37.20230331947405
3276.4,38.032172601862214
3276.6,37.8715696567263
3276.8,38.2799116871539
3277.0,38.77917154317704
3277.2,39.31484157490369
3277.4,39.06909379208524
3277.6,36.75172300008584
3277.8,35.01614731788611
3278.0,34.27777349545083
3278.2,34.89711815732934
3278.4,34.32697484560158
3278.6,33.86753832710016
3278.8,33.91126889805976
3279.0,34.78832704511115
3279.2,34.21073030990638
3279.4,35.36832821150584
3279.6,35.562147943076724
3279.8,36.44149842168045
3280.0,36.79411714762367
3280.2,35.681534384559995
3280.4,35.21807674694026
3280.6,33.70793626126484
3280.8,33.20601549950141
3281.0,33.59828641297378
3281.2,33.15766470896019
3281.4,32.924361572613094
3281.6,32.93635420556572
3281.8,33.231017733740515
3282.0,33.235662670701856
3282.2,33.91016511944932
3282.4,33.702111326174084
3282.6,34.52409108559952
3282.8,34.45319344226951
3283.0,32.850898494573414
3283.2,33.21322809331536
3283.4,32.21132217844067
3283.6,30.943248509341057
3283.8,31.34198201463378
3284.0,31.279810325878973
3284.2,32.455063129109945
3284.4,32.69944987514068
3284.6,32.52019013316388
3284.8,31.894771128011588
3285.0,32.15914660198762
3285.2,31.85144374887582
3285.4,31.447853897298337
3285.6,31.73736720268648
3285.8,31.687188474806153
3286.0,33.08493618821935
3286.2,33.14344501185317
3286.4,33.8198721559329
3286.6,33.805596951319274
3286.8,34.58062086883281
3287.0,33.072257982229786
3287.2,30.454128785434335
3287.4,30.488525949717882
3287.6,30.768465903474443
3287.8,30.75471591273367
3288.0,30.963407121615056
3288.2,31.0274972480941
3288.4,31.38484623595996
3288.6,32.52583404593929
3288.8,32.571517943735174
3289.0,32.66444586074273
3289.2,31.586587367575184
3289.4,32.613377043664286
3289.6,32.38992137044947
3289.8,32.83613193876086
3290.0,31.58535386509608
3290.2,30.83022097457343
3290.4,30.740762440104973
3290.6,30.987003690455033
3290.8,30.474120055588934
3291.0,30.39299465625527
3291.2,29.478310770945377
3291.4,29.11778837390482
3291.6,28.55933130269772
3291.8,28.11968900283606
3292.0,28.001852395993243
3292.2,26.840010392280817
3292.4,27.508515784939075
3292.6,27.516902898476733
3292.8,27.669088144635154
3293.0,26.957438844948
3293.2,27.77950924621454
3293.4,28.376378279748078
3293.6,28.280209443885134
3293.8,27.734913059107157
3294.0,26.91771064830108
3294.2,27.50192099897997
3294.4,28.744812625555053
3294.6,28.717179219250465
3294.8,29.906644668255126
3295.0,29.180014974472467
3295.2,28.724140909910545
3295.4,28.753679953507365
3295.6,29.956411576270913
3295.8,30.226889416282496
3296.0,30.417323942968903
3296.2,30.9546628890487
3296.4,31.35748027786424
3296.6,32.275493237688686
3296.8,32.39264941270838
3297.0,31.649118995366695
3297.2,32.05118889057966
3297.4,32.8009505802038
3297.6,32.674237260045274
3297.8,31.89079820426979
3298.0,32.81370585255255
3298.2,32.259925799604446
3298.4,32.66063695455385
3298.6,32.99611624071284
3298.8,32.789144315821574
3299.0,31.441836023032607
3299.2,31.11002058474839
3299.4,31.403278344140166
3299.6,31.556470517549343
3299.8,31.122215900181413
3300.0,30.431928768368273
3300.2,28.319379689044375
3300.4,28.23241105713466
3300.6,29.077746820922243
3300.8,30.14959267382094
3301.0,30.363316185229277
3301.2,30.381157334726012
3301.4,29.286451071118368
3301.6,29.343921460575395
3301.8,29.6193576553365
3302.0,28.918254230599803
3302.2,28.123453663978538
3302.4,28.213883745257043
3302.6,28.94794639440152
3302.8,29.322284564797823
3303.0,28.942108989655864
3303.2,28.269249395151327
3303.4,28.851763785457432
3303.6,28.49674530267088
3303.8,28.362693911288616
3304.0,28.521705463333966
3304.2,28.964250963750015
3304.4,30.170397380336436
3304.6,30.401505208115896
3304.8,30.724718489602427
3305.0,30.018661117313272
3305.2,29.472142286327955
3305.4,28.9620317788641
3305.6,28.84932479389761
3305.8,29.863871936043505
3306.0,29.097468267309544
3306.2,29.330496957848894
3306.4,30.2727758015538
3306.6,30.507973999052137
3306.8,30.285238906546304
3307.0,30.261866381310107
3307.2,30.69998815261139
3307.4,29.601067517711847
3307.6,31.130905030732734
3307.8,31.320937551340023
3308.0,30.852759875970968
3308.2,31.435353405475986
3308.4,31.308650535947518
3308.6,31.46780772538621
3308.8,30.702926051974615
3309.0,30.416033707333746
3309.2,30.846734812976866
3309.4,30.702566585498392
3309.6,30.530340469675536
3309.8,29.76555385374695
3310.0,29.70470126632197
3310.2,30.345059624043035
3310.4,30.22519782013155
3310.6,29.592865582302466
3310.8,29.780677114983078
3311.0,29.757344720718343
3311.2,29.309994891252597
3311.4,29.237159562080244
3311.6,28.574736475892788
3311.8,29.456284408244503
3312.0,28.927171608546892
3312.2,28.564026084488653
3312.4,28.179789499157213
3312.6,28.570305301046858
3312.8,28.685743701866574
3313.0,28.241994510166506
3313.2,28.798200578335074
3313.4,28.836518089304967
3313.6,28.51232291660018
3313.8,28.907298653959113
3314.0,28.556751345781827
3314.2,28.01829289859461
3314.4,28.029000225512362
3314.6,28.25018791983959
3314.8,28.208164707475895
3315.0,28.03870447953733
3315.2,28.623076466414552
3315.4,28.189236651658966
3315.6,27.973702723112876
3315.8,28.09917136450249
3316.0,28.01826936176773
3316.2,28.817611739472557
3316.4,28.951162774787708
3316.6,29.444676299831933
3316.8,29.4762278220769
3317.0,29.61262567928771
3317.2,29.652709295992782
3317.4,30.27986753939968
3317.6,29.432738387098173
3317.8,30.356272554533884
3318.0,30.207990903361754
3318.2,29.819907404169843
3318.4,30.434534650918973
3318.6,31.56988304402414
3318.8,30.89882661456661
3319.0,30.671457225227883
3319.2,29.82421325930471
3319.4,29.673416051794593
3319.6,29.376520293046134
3319.8,29.872304103885842
3320.0,29.932499473448576
3320.2,30.406339701798295
3320.4,30.934731449073105
3320.6,30.71754496233065
3320.8,31.51740684003203
3321.0,32.11584265019998
3321.2,32.69104997810394
3321.4,31.890167649937364
3321.6,32.056145369883474
3321.8,31.864167235184095
3322.0,32.86948689440686
3322.2,31.810762799158837
3322.4,32.631169212580275
3322.6,33.38640574675391
3322.8,32.999777941239266
3323.0,33.1628400140878
3323.2,34.12246614622155
3323.4,33.1356247866628
3323.6,32.87983071008315
3323.8,32.92196805623391
3324.0,33.27824374041179
3324.2,33.802751762106844
3324.4,33.38056365889449
3324.6,33.47773666142483
3324.8,33.48252578781277
3325.0,33.303800360704734
3325.2,33.26465763207909
3325.4,32.010312257163775
3325.6,31.3958545839952
3325.8,32.23259959771241
3326.0,32.15735201705425
3326.2,33.18240643221928
3326.4,33.464591731566514
3326.6,33.29669919502222
3326.8,32.55118841856576
3327.0,32.407521780913214
3327.2,32.992489916228024
3327.4,32.849870580542195
3327.6,32.640935646377756
3327.8,32.30412007055207
3328.0,33.09100345611505
3328.2,32.269767176804464
3328.4,32.38635443841589
3328.6,32.554410022334515
3328.8,33.070240607284724
3329.0,32.39469854676358
3329.2,32.57252380147719
3329.4,33.009446955591855
3329.6,33.17653862455462
3329.8,33.06628272469378
3330.0,33.94067189365346
3330.2,35.017713326848494
3330.4,33.89182537367188
3330.6,34.84093037509146
3330.8,34.534920020632434
3331.0,34.24016173613659
3331.2,34.60739189523467
3331.4,33.7940347939301
3331.6,33.73107250549966
3331.8,34.15861705029022
3332.0,33.96286634245124
3332.2,33.66673845546186
3332.4,33.52059135631314
3332.6,33.52680114833217
3332.8,33.556352354301154
3333.0,33.20251035552366
3333.2,35.25173467227455
3333.4,34.04998139126697
3333.6,33.678261447655935
3333.8,32.391167739107615
3334.0,32.26471790846461
3334.2,31.16240871628509
3334.4,31.447341018276123
3334.6,30.582735504471017
3334.8,31.19317542938485
3335.0,30.745449861761106
3335.2,30.24877242768392
3335.4,30.110745203641123
3335.6,30.904423461919365
3335.8,30.813593098681356
3336.0,31.669408062324823
3336.2,30.97921291562283
3336.4,30.815116669289836
3336.6,32.01209202753303
3336.8,32.45152015698953
3337.0,33.61595998002494
3337.2,33.40914599843382
3337.4,32.93167882812546
3337.6,32.44687636903105
3337.8,31.596796161045205
3338.0,30.24804633631598
3338.2,30.641272686919688
3338.4,30.740761050107498
3338.6,30.808723472513527
3338.8,29.552508014009348
3339.0,29.3524677493781
3339.2,29.072985830383065
3339.4,28.086652848170147
3339.6,28.725973354482406
3339.8,29.431360481425024
3340.0,29.238835777654334
3340.2,30.541933053682513
3340.4,30.547886740181482
3340.6,31.3624227579649
3340.8,32.656260569953055
3341.0,31.963616422866565
3341.2,31.89933581250034
3341.4,32.538907466541374
3341.6,31.000301691152355
3341.8,31.165947800243515
3342.0,32.14260509900558
3342.2,33.07727552841031
3342.4,32.98598651671493
3342.6,31.970064983089074
3342.8,31.685233093262624
3343.0,31.385587335894712
3343.2,31.786154396849703
3343.4,31.49336936789836
3343.6,30.756820284767407
3343.8,31.081147366445443
3344.0,30.898637597708912
3344.2,31.626531360867432
3344.4,30.993037307132983
3344.6,30.97144006729947
3344.8,30.168038948900353
3345.0,30.18632879776461
3345.2,30.803693934949194
3345.4,31.850341619014703
3345.6,31.60350398234985
3345.8,31.604817793701308
3346.0,31.165680206135484
3346.2,30.501147959854617
3346.4,29.770725441637325
3346.6,30.585439323501838
3346.8,31.14611700492135
3347.0,31.36593533487446
3347.2,30.92616818283652
3347.4,31.468976323475275
3347.6,30.625476583345552
3347.8,30.42290365563543
3348.0,30.017215563429787
3348.2,29.80427623098967
3348.4,29.329053231635427
3348.6,28.59601708101475
3348.8,27.970628578965236
3349.0,28.640523010275317
3349.2,27.999607011346093
3349.4,29.13803985199778
3349.6,29.129484624374843
3349.8,29.063118855106875
3350.0,28.383408256480177
3350.2,28.298384662777714
3350.4,29.038834070489422
3350.6,27.96353663433794
3350.8,28.247554202075126
3351.0,28.540492594912116
3351.2,28.273589782115863
3351.4,29.178455349962316
3351.6,29.071976122290653
3351.8,29.446598315155207
3352.0,29.18995435573036
3352.2,29.440219255452725
3352.4,28.3426693588035
3352.6,29.24256739269829
3352.8,28.954383459640674
3353.0,28.17460128057428
3353.2,28.772069377328037
3353.4,28.015328732820592
3353.6,27.99819119869246
3353.8,27.972228697802294
3354.0,27.84526954830506
3354.2,28.30226923275927
3354.4,28.447558124495735
3354.6,28.412588141284466
3354.8,28.003150877369535
3355.0,27.689590392438127
3355.2,26.64033345640421
3355.4,27.504602325412378
3355.6,27.36909250938607
3355.8,27.378386633565498
3356.0,27.07523127694623
3356.2,26.37707521286408
3356.4,25.9098607955605
3356.6,25.701466413776963
3356.8,25.267884651862165
3357.0,24.63253960099039
3357.2,24.084789176445398
3357.4,24.55708184973359
3357.6,24.56277561160677
3357.8,24.596905584461027
3358.0,25.02435409719847
3358.2,24.125843618577502
3358.4,23.944168266634996
3358.6,24.349403570398543
3358.8,25.256491344130904
3359.0,24.804663380287863
3359.2,23.997296683868218
3359.4,24.36793681432611
3359.6,23.972799994166817
3359.8,23.80410168917157
3360.0,24.558472978234477
3360.2,24.304703306834988
3360.4,23.237109258697974
3360.6,23.34906008013961
3360.8,24.173746134195607
3361.0,25.369296897081533
3361.2,24.750281296841997
3361.4,24.555025552912163
3361.6,24.52878077638045
3361.8,23.874092536866023
3362.0,23.78487802617194
3362.2,24.303570064236073
3362.4,23.881638806719483
3362.6,23.58159832704527
3362.8,23.990022061049284
3363.0,23.757277747407805
3363.2,24.274695972918003
3363.4,23.61926661734282
3363.6,23.898306331891398
3363.8,23.718765119724665
3364.0,23.34574075780641
3364.2,23.109930154979125
3364.4,22.979391285370767
3364.6,23.530957855233105
3364.8,24.4535019490676
3365.0,25.604413382742266
3365.2,25.611880431221202
3365.4,25.808195685292382
3365.6,26.461523179984784
3365.8,26.865154176620763
3366.0,26.850090291515922
3366.2,26.932670833587803
3366.4,26.946011488097177
3366.6,26.76615826021752
3366.8,26.191022029469124
3367.0,26.345243721717043
3367.2,26.397258553067765
3367.4,26.652273418902553
3367.6,26.113449106687373
3367.8,25.445967980703376
3368.0,25.96741839257627
3368.2,25.675214677968338
3368.4,25.948218166857227
3368.6,25.80813251928476
3368.8,25.40166437437599
3369.0,25.809783630191383
3369.2,26.013275997474604
3369.4,26.264870140170554
3369.6,26.66670845597836
3369.8,26.371485616711507
3370.0,26.574791938890613
3370.2,26.77384571384458
3370.4,26.74742241645282
3370.6,25.715556190515436
3370.8,25.57763259891928
3371.0,26.8386222932452
3371.2,26.131131339026634
3371.4,26.407445816729304
3371.6,26.51312196514685
3371.8,26.69107424750998
3372.0,27.403636971302717
3372.2,26.326969071639773
3372.4,26.18286003082298
3372.6,27.385862377374103
3372.8,27.631174643152775
3373.0,28.13791775313402
3373.2,27.783156291736613
3373.4,26.873567810315446
3373.6,26.88483320297538
3373.8,27.17679133455155
3374.0,26.493012503266694
3374.2,25.56069050943013
3374.4,26.028857443763904
3374.6,25.850534208534597
3374.8,25.6195275115104
3375.0,25.757510329215847
3375.2,25.26850638669727
3375.4,25.594108517178906
3375.6,25.124747411000516
3375.8,24.818951945730454
3376.0,25.84357537072669
3376.2,26.09467178952924
3376.4,25.78590621530536
3376.6,25.694392886013677
3376.8,25.074263963927685
3377.0,24.862288583211406
3377.2,24.557987945972965
3377.4,24.207200625712687
3377.6,24.632144852383632
3377.8,24.204157678524393
3378.0,24.343035135948682
3378.2,23.526729604599787
3378.4,24.276386268069793
3378.6,24.9386763227553
3378.8,25.103209453536447
3379.0,25.625226335920882
3379.2,25.086418305167697
3379.4,25.2721875841307
3379.6,26.11394010304098
3379.8,26.117047305408477
3380.0,25.819162304412497
3380.2,25.420118973362406
3380.4,24.704735551735652
3380.6,25.0505816102857
3380.8,25.67623984109515
3381.0,24.684449731574013
3381.2,25.14472383680338
3381.4,24.833046055576396
3381.6,23.75265020348278
3381.8,23.653395126434162
3382.0,24.174978321972397
3382.2,24.746253422241505
3382.4,25.014875922612806
3382.6,25.091458453573388
3382.8,26.182990962569047
3383.0,25.549607296765675
3383.2,25.463461685779023
3383.4,25.093299702279076
3383.6,24.744317358225967
3383.8,24.60187080860983
3384.0,24.770914263980323
3384.2,24.657964119062147
3384.4,24.80683484203301
3384.6,24.464878949131446
3384.8,24.605807751357617
3385.0,25.406159068387172
3385.2,24.471359982230855
3385.4,24.78923121487501
3385.6,24.689895932942505
3385.8,24.873789783123065
3386.0,24.527982893139114
3386.2,23.927254965855695
3386.4,23.997070756347355
3386.6,24.17160593770739
3386.8,24.1950331935194
3387.0,26.327488663503086
3387.2,26.154241480594223
3387.4,26.10785829332553
3387.6,24.912472630989228
3387.8,24.787485924837025
3388.0,24.964292202087897
3388.2,24.817838121809697
3388.4,24.346298554832273
3388.6,24.187159708270226
3388.8,23.88315947824357
3389.0,23.87914830302552
3389.2,24.938514056420857
3389.4,24.892127155477887
3389.6,25.13670115296135
3389.8,24.958990086964008
3390.0,25.470430898300016
3390.2,26.095803143963977
3390.4,26.06136139046193
3390.6,27.272820011954565
3390.8,26.35073335883293
3391.0,27.36866488237533
3391.2,27.02753899198194
3391.4,26.92603143781252
3391.6,26.62365561476832
3391.8,25.68536346289051
3392.0,25.82415971061866
3392.2,26.02659099440356
3392.4,26.185454672145163
3392.6,26.57100367121954
3392.8,26.789212645841157
3393.0,26.1422582688823
3393.2,25.76803228799767
3393.4,26.2476437136559
3393.6,26.763122789970502
3393.8,25.730162707508768
3394.0,26.305799893232308
3394.2,25.612282481706735
3394.4,25.521942323411196
3394.6,25.211031841345445
3394.8,25.94231880938515
3395.0,25.317515692318562
3395.2,25.462619523013387
3395.4,25.828066283816696
3395.6,26.268873403610765
3395.8,25.42139899067514
3396.0,24.715625283560925
3396.2,25.77777138765326
3396.4,24.635588008538825
3396.6,24.333403236533297
3396.8,24.461202726327844
3397.0,24.876222464551184
3397.2,25.130764204676094
3397.4,25.695286094669626
3397.6,26.26475586117384
3397.8,26.230739309668355
3398.0,26.986986378813327
3398.2,26.612202444267087
3398.4,26.861758931349954
3398.6,27.08922234846501
3398.8,27.588333814142256
3399.0,26.424739617837623
3399.2,26.50233695584141
3399.4,26.012872579463252
3399.6,26.14271094119998
3399.8,26.203253054787577
3400.0,26.684863614850784
3400.2,26.60879443792163
3400.4,27.095467156295754
3400.6,27.00268972528709
3400.8,27.040638659881605
3401.0,26.155487825502913
3401.2,26.579172694343033
3401.4,26.9658211880653
3401.6,26.468920702599284
3401.8,26.632877138695594
3402.0,27.561500457763493
3402.2,27.08634124975371
3402.4,27.009578212843927
3402.6,28.596584151215588
3402.8,27.78292132296535
3403.0,28.587117549673614
3403.2,27.736609058012995
3403.4,26.541294638229292
3403.6,26.297298475785993
3403.8,26.863499662634172
3404.0,26.303831630098987
3404.2,26.55011023001697
3404.4,27.235723955782678
3404.6,27.478510011911577
3404.8,27.399277563826594
3405.0,26.934355842107898
3405.2,27.452506522823498
3405.4,27.440535924878134
3405.6,27.539322847637273
3405.8,26.946160046232226
3406.0,27.45284105435568
3406.2,28.275420813180112
3406.4,27.293392618166955
3406.6,28.238080860304777
3406.8,27.857230151280792
3407.0,27.12207243373541
3407.2,27.363162914649003
3407.4,27.22574015985291
3407.6,27.513871246146614
3407.8,27.275926597948967
3408.0,26.527190202051393
3408.2,26.527006996063783
3408.4,25.91200213743365
3408.6,26.483654194426727
3408.8,25.112163931225027
3409.0,25.135398679592193
3409.2,25.312492277387012
3409.4,25.966962735026232
3409.6,26.56753333147317
3409.8,27.986198389716005
3410.0,27.853013068841477
3410.2,27.357659314096804
3410.4,27.685342544787837
3410.6,28.563788483706304
3410.8,28.47633148181792
3411.0,28.392839054369382
3411.2,28.9567125797452
3411.4,29.63445668062938
3411.6,29.374234573800404
3411.8,29.04884556218233
3412.0,28.67239142736444
3412.2,28.70887533093908
3412.4,27.96717161176605
3412.6,27.390814843943744
3412.8,27.603096734683064
3413.0,27.165526905375494
3413.2,27.08224849796234
3413.4,26.869966722636867
3413.6,27.3252968980294
3413.8,27.62857117304457
3414.0,27.68183787087978
3414.2,27.880687200379832
3414.4,28.040474462625184
3414.6,27.026299228148925
3414.8,26.957046076399354
3415.0,27.356577821342874
3415.2,27.313142490748994
3415.4,28.551917671490685
3415.6,27.856223342089024
3415.8,27.693792534001354
3416.0,27.475128472758197
3416.2,27.4341306548384
3416.4,27.94366534926935
3416.6,26.65755015198267
3416.8,26.39459345124717
3417.0,25.664133167554567
3417.2,25.62332250827059
3417.4,25.24087602859799
3417.6,24.821677782404347
3417.8,24.08171938509891
3418.0,24.472872935973932
3418.2,24.4965759481215
3418.4,25.445554528113323
3418.6,25.434777931783962
3418.8,25.13962321711319
3419.0,24.720613489200623
3419.2,25.400076413561877
3419.4,25.37558970643119
3419.6,26.64487956997089
3419.8,25.768872099419397
3420.0,25.83464189853014
3420.2,25.347425359371716
3420.4,25.461791823395107
3420.6,25.011170492744043
3420.8,25.18648159801678
3421.0,24.556834524056143
3421.2,24.171432041601598
3421.4,24.25734172059688
3421.6,23.90946544098791
3421.8,23.568222493308404
3422.0,23.417983390862457
3422.2,23.105467742164564
3422.4,22.871604973024517
3422.6,23.623564687820103
3422.8,23.859410996965895
3423.0,24.52867317529961
3423.2,25.407799138632395
3423.4,25.200365801262663
3423.6,24.64708831817516
3423.8,25.098941243424512
3424.0,25.55468398446662
3424.2,25.16187919158277
3424.4,24.49782763062249
3424.6,24.38324669891982
3424.8,24.32196870565857
3425.0,24.640011990679987
3425.2,24.514615439823928
3425.4,24.200209807702674
3425.6,24.681878995182288
3425.8,24.458611606497264
3426.0,24.243141776861407
3426.2,23.56152482367923
3426.4,23.92087798530266
3426.6,24.144573986475724
3426.8,23.994278426218393
3427.0,24.603592390743945
3427.2,24.39724591388126
3427.4,23.92357341687132
3427.6,24.6922514636988
3427.8,24.60573171520886
3428.0,24.905388194771785
3428.2,26.18144006347545
3428.4,26.438153970872044
3428.6,26.54116894479232
3428.8,26.570811339097382
3429.0,26.023977764591887
3429.2,26.69185745157108
3429.4,26.672860395487383
3429.6,26.525301985671316
3429.8,26.639657735301267
3430.0,26.21342985915422
3430.2,26.309194884859014
3430.4,25.485893882458328
3430.6,25.471481760929876
3430.8,25.571368800279366
3431.0,25.11748183618146
3431.2,25.577875713875393
3431.4,25.83700744398179
3431.6,26.270718460295015
3431.8,26.69016738614608
3432.0,27.16088358230546
3432.2,26.74145376396737
3432.4,26.123840421086733
3432.6,26.847526490372523
3432.8,26.326925525971966
3433.0,26.125763959264994
3433.2,26.32329621582338
3433.4,26.971098803443706
3433.6,26.760068237378654
3433.8,27.03014280190514
3434.0,27.145547732239574
3434.2,27.45314314905955
3434.4,27.79931808666162
3434.6,27.522921471831545
3434.8,27.17912591579799
3435.0,27.018839319504217
3435.2,27.16652492885507
3435.4,26.452441264774365
3435.6,28.14468713516228
3435.8,27.414606659046314
3436.0,27.73044528228814
3436.2,27.333689609820677
3436.4,28.157390631665386
3436.6,27.3863800907947
3436.8,27.077484693383195
3437.0,26.34492977104591
3437.2,26.015867355125287
3437.4,26.590226446538306
3437.6,25.585585709511754
3437.8,25.898375175541773
3438.0,26.400701547885852
3438.2,26.680511102670017
3438.4,26.888635861616667
3438.6,27.111482199695374
3438.8,27.88459674497424
3439.0,28.055529341309647
3439.2,28.59963172482776
3439.4,28.467278017279032
3439.6,30.359313828940834
3439.8,30.28686077705403
3440.0,29.18937405115093
3440.2,29.716595833902826
3440.4,28.84200582163604
3440.6,28.470220413233104
3440.8,29.502078815142312
3441.0,28.801882080241693
3441.2,28.119018035128658
3441.4,27.65133087328321
3441.6,27.905968098880084
3441.8,27.349760324407413
3442.0,26.654494514001318
3442.2,27.686139619367843
3442.4,27.62740129088384
3442.6,27.849525923476275
3442.8,28.653030774937562
3443.0,27.921012138012223
3443.2,27.44286022637183
3443.4,27.725057814134782
3443.6,29.076296864564902
3443.8,28.486534143855703
3444.0,28.73540071727717
3444.2,27.876335260478548
3444.4,27.479409269593653
3444.6,28.613184948534638
3444.8,28.178011470559028
3445.0,29.51552257711967
3445.2,29.278895111990234
3445.4,29.55283606840187
3445.6,29.256643264349794
3445.8,29.194744174906738
3446.0,29.29544962804681
3446.2,28.517733409161124
3446.4,28.81705259603313
3446.6,28.477560238213712
3446.8,28.65183221946169
3447.0,28.33487947056506
3447.2,29.96506070107842
3447.4,29.930992939243644
3447.6,29.882513393889592
3447.8,29.811552110580365
3448.0,29.130275377093238
3448.2,29.611994738405908
3448.4,29.82851244295519
3448.6,29.7737839241115
3448.8,30.154810279539706
3449.0,30.809704003225814
3449.2,29.83232187974191
3449.4,29.800655596984882
3449.6,29.846317422144544
3449.8,30.23098086485179
3450.0,29.805289925472923
3450.2,29.666297682328157
3450.4,29.69136395015248
3450.6,29.772675820310415
3450.8,30.058632001656612
3451.0,29.82622456428604
3451.2,30.13497898697412
3451.4,29.687372067058515
3451.6,29.383095059428346
3451.8,30.566492050496027
3452.0,30.479818314886074
3452.2,29.664956234542874
3452.4,28.5837104609839
3452.6,28.56612672568156
3452.8,29.009583205495765
3453.0,27.856893156736923
3453.2,26.45566287630195
3453.4,26.477357301714473
3453.6,26.05794191298138
3453.8,25.651283879784906
3454.0,25.370223403604015
3454.2,24.75815535070581
3454.4,23.84891944759388
3454.6,24.781939652383954
3454.8,24.476081136509308
3455.0,24.489917157578255
3455.2,24.567736616167153
3455.4,24.361115003262384
3455.6,24.85355999734466
3455.8,25.81969264293094
3456.0,25.372372352629476
3456.2,25.34037556628412
3456.4,24.738592785696625
3456.6,24.61335336090044
3456.8,23.91345270904283
3457.0,24.477158027309205
3457.2,23.893193226183307
3457.4,24.549525774947103
3457.6,24.531145558069024
3457.8,24.99281707707906
3458.0,25.337138065154296
3458.2,25.7993387592664
3458.4,24.86953445471032
3458.6,23.930132448781414
3458.8,24.031972909358874
3459.0,24.138882301261614
3459.2,25.666633028790088
3459.4,26.07613223702543
3459.6,26.538717909211393
3459.8,25.811451353283793
3460.0,25.494474202024215
3460.2,23.66028685491162
3460.4,23.54531957687946
3460.6,23.57504315103521
3460.8,24.01180905709826
3461.0,25.446392292722244
3461.2,25.68300023921128
3461.4,25.60640509717388
3461.6,24.870854326001314
3461.8,25.2065764642173
3462.0,24.891044361546722
3462.2,24.567527530299284
3462.4,24.990890857917655
3462.6,25.05258548808238
3462.8,24.561293852170643
3463.0,25.808914415253735
3463.2,25.501126413184036
3463.4,25.932420866337615
3463.6,24.391714027557285
3463.8,25.040299119178478
3464.0,25.397114090419358
3464.2,24.830956422183444
3464.4,24.834884324397795
3464.6,25.112810332196958
3464.8,26.2215499521823
3465.0,26.26943278775524
3465.2,24.966543702404937
3465.4,24.96768411198905
3465.6,24.9935191138762
3465.8,25.130025715957487
3466.0,24.613752359650505
3466.2,25.029693225752922
3466.4,25.303666896929663
3466.6,25.052361918460125
3466.8,23.708902190754596
3467.0,23.8099195112474
3467.2,23.80078610814718
3467.4,23.66228468952826
3467.6,23.78831389458324
3467.8,23.75870323748957
3468.0,23.214763035405053
3468.2,24.26939934708932
3468.4,24.160521666328634
3468.6,24.268350812519635
3468.8,24.619536524685657
3469.0,24.658020949247078
3469.2,24.553958514070583
3469.4,23.697321689376277
3469.6,23.968520624500933
3469.8,23.03480732724993
3470.0,23.8838117793382
3470.2,24.596927744928095
3470.4,24.44398063646661
3470.6,24.742538824676153
3470.8,25.07950218879691
3471.0,24.608686963732097
3471.2,24.800951965620545
3471.4,24.735804402528444
3471.6,25.023710591710167
3471.8,25.041458446442498
3472.0,24.49867290616322
3472.2,23.47952128922679
3472.4,23.844651389384005
3472.6,24.434485923302812
3472.8,25.17678935425854
3473.0,24.16432514412952
3473.2,22.68952306234206
3473.4,23.50237183853097
3473.6,22.76220361096108
3473.8,23.044111903665016
3474.0,22.143066472943744
3474.2,22.232475938914877
3474.4,22.979306551869133
3474.6,22.63286785644057
3474.8,23.71678339240253
3475.0,24.221026659378296
3475.2,24.241377262446694
3475.4,24.38946239060691
3475.6,23.320933053015636
3475.8,23.437569652847863
3476.0,23.054620316355955
3476.2,22.69613715692973
3476.4,22.189180379219565
3476.6,22.700820437876914
3476.8,22.779051495854226
3477.0,22.17503229536904
3477.2,21.612867946483703
3477.4,21.458278822013412
3477.6,21.363200814094206
3477.8,21.021083283662364
3478.0,20.949288012421434
3478.2,20.93825452505847
3478.4,20.9935687046044
3478.6,21.38243486705226
3478.8,21.050028586911914
3479.0,20.297373913720502
3479.2,20.49613288911052
3479.4,20.714151825595675
3479.6,20.838406231431172
3479.8,20.23962973060174
3480.0,21.0033898998149
3480.2,20.301410671125012
3480.4,21.35621767972215
3480.6,21.91737746742643
3480.8,22.237864873867007
3481.0,22.554398746136147
3481.2,21.48405037726588
3481.4,21.304004964965266
3481.6,22.064725259990638
3481.8,21.074527424604437
3482.0,20.736742106831286
3482.2,19.460540401765577
3482.4,19.58067969496417
3482.6,19.19260616539215
3482.8,20.00386615389802
3483.0,18.986867356011125
3483.2,18.647203730266142
3483.4,19.0664182180347
3483.6,19.0992643063785
3483.8,19.214752241930444
3484.0,19.217186395821862
3484.2,19.0928809099289
3484.4,19.106105432361304
3484.6,18.951193253586787
3484.8,19.04459511307483
3485.0,19.81045004156758
3485.2,20.16978251444062
3485.4,19.93094449351896
3485.6,19.94259816986365
3485.8,19.612208429875857
3486.0,20.30304320651814
3486.2,20.762380342675904
3486.4,22.03820752511369
3486.6,20.84423458992549
3486.8,22.00720167276232
3487.0,22.37335708951055
3487.2,22.408077453188888
3487.4,22.403985432927445
3487.6,21.899116917389332
3487.8,21.83800012847522
3488.0,21.947364065270403
3488.2,21.726081829272246
3488.4,20.893103850831608
3488.6,21.366066490006407
3488.8,21.95109509592324
3489.0,21.296640180992416
3489.2,22.091299690856914
3489.4,21.679005470267953
3489.6,21.429435690648816
3489.8,21.64716575955243
3490.0,21.547100240597455
3490.2,21.37838251367912
3490.4,21.401328655132268
3490.6,20.36037602530076
3490.8,20.954999642315197
3491.0,21.05485573118761
3491.2,21.18796824756148
3491.4,20.93702293158963
3491.6,20.698122493906
3491.8,20.435012285543376
3492.0,20.952100167499257
3492.2,21.410047447151335
3492.4,21.299386288758562
3492.6,20.96883824938512
3492.8,21.431406567008576
3493.0,20.805162715642847
3493.2,20.498766672253552
3493.4,20.738810273932508
3493.6,20.47901271866932
3493.8,20.738620211816233
3494.0,20.220468183519834
3494.2,20.036281409055803
3494.4,20.027687801689552
3494.6,19.81038944739599
3494.8,20.167020040827662
3495.0,19.99888338184256
3495.2,20.428350517581656
3495.4,20.87320957445659
3495.6,20.237222867552855
3495.8,20.27999347725828
3496.0,20.504376076745885
3496.2,21.585458861962962
3496.4,21.42883840730073
3496.6,21.178457704401204
3496.8,20.69490319407858
3497.0,21.258050223449665
3497.2,20.840890542443926
3497.4,20.803139090411335
3497.6,21.06283697027895
3497.8,20.89950060295058
3498.0,19.945023857125413
3498.2,20.059857138554733
3498.4,20.11441334401201
3498.6,19.68944751249812
3498.8,19.878971570637404
3499.0,19.56915242782619
3499.2,20.449985242928726
3499.4,19.68277162730136
3499.6,19.72950951277657
3499.8,19.23751545035438
3500.0,19.780401159683176
3500.2,20.03663637568937
3500.4,20.407677185813924
3500.6,20.415372624412832
3500.8,21.204390811169553
3501.0,20.439391046303996
3501.2,20.550260411241673
3501.4,20.883080655321553
3501.6,21.404400447639247
3501.8,21.736594192764628
3502.0,21.241687753562925
3502.2,20.643926235966138
3502.4,21.63261281233142
3502.6,21.572496216319298
3502.8,20.995198545008215
3503.0,21.828128540264572
3503.2,21.028468623531115
3503.4,21.170841432181714
3503.6,21.42868107495252
3503.8,21.20505173631347
3504.0,21.22808732021085
3504.2,21.23448880519716
3504.4,20.473251212046534
3504.6,20.184582558939827
3504.8,20.232082110255433
3505.0,20.55383647085613
3505.2,20.366012732133715
3505.4,20.000399315991867
3505.6,20.34490113133745
3505.8,20.259254487843663
3506.0,20.401980206746963
3506.2,20.125767724189146
3506.4,20.404267874516012
3506.6,20.02867244561431
3506.8,19.70853285316393
3507.0,20.59806961745458
3507.2,20.549996258859768
3507.4,21.43079430439566
3507.6,21.571160248884524
3507.8,21.178017641590014
3508.0,20.514786184683405
3508.2,21.02405849402495
3508.4,20.5825424819974
3508.6,21.100793011776673
3508.8,21.627265849932577
3509.0,21.825584281085977
3509.2,21.297820846733
3509.4,22.074080135494537
3509.6,21.95671329327347
3509.8,22.765796345037742
3510.0,22.0260033591323
3510.2,21.241655828449126
3510.4,21.444502909846065
3510.6,21.08394317187559
3510.8,20.700564625171637
3511.0,20.855996157818613
3511.2,21.553689426660938
3511.4,21.918275675558384
3511.6,21.829223689956002
3511.8,20.850458305468784
3512.0,21.362878544108547
3512.2,22.018622075052008
3512.4,21.050140955678735
3512.6,21.64064348282882
3512.8,22.27709013802042
3513.0,21.719152605126073
3513.2,22.54502963744965
3513.4,22.090456207768995
3513.6,21.672664140702107
3513.8,22.76639217633236
3514.0,22.105349153316528
3514.2,21.694571295402195
3514.4,22.175943085923606
3514.6,22.517660893237572
3514.8,22.360929806056067
3515.0,22.565145002313507
3515.2,22.222907140637954
3515.4,21.665827828956303
3515.6,21.387132330834184
3515.8,21.422322419615803
3516.0,22.17057066841477
3516.2,22.174947489745712
3516.4,22.031613129226848
3516.6,21.980020527884555
3516.8,21.450567085393768
3517.0,21.403506614909432
3517.2,21.171201410575243
3517.4,21.213376605969863
3517.6,21.382108867158692
3517.8,21.03598450757689
3518.0,21.310826501682584
3518.2,21.037645140117004
3518.4,20.660129652307504
3518.6,19.829541903450302
3518.8,19.709458516228892
3519.0,19.375432317639707
3519.2,19.710866579249387
3519.4,19.929010504978272
3519.6,19.884536085727976
3519.8,19.69237458374397
3520.0,18.813092459598828
3520.2,18.843128380759474
3520.4,17.98464337831154
3520.6,18.01671788904294
3520.8,18.465732678380288
3521.0,18.478537385492334
3521.2,17.985037142847165
3521.4,18.46126554395295
3521.6,18.001337149267446
3521.8,18.101397803901413
3522.0,17.90831583847345
3522.2,17.996998620205318
3522.4,18.20825364420451
3522.6,18.10450077234549
3522.8,18.80193446294378
3523.0,18.44115084838397
3523.2,18.622528297835373
3523.4,18.30249533203196
3523.6,17.9730502160383
3523.8,17.79562819264725
3524.0,18.242491670510468
3524.2,18.0799021399041
3524.4,17.737829386591848
3524.6,18.10281528030132
3524.8,17.561929270387203
3525.0,17.688292412119992
3525.2,17.981271594194702
3525.4,18.291255546074005
3525.6,18.42524722608046
3525.8,18.409226817687927
3526.0,18.899402096946652
3526.2,18.32109838754864
3526.4,18.55215158886095
3526.6,18.605062479959916
3526.8,18.314453622468573
3527.0,18.516068056574383
3527.2,18.19934377470606
3527.4,18.126962921961177
3527.6,18.11030006065459
3527.8,18.23988914599599
3528.0,18.71573833895695
3528.2,18.987478354089905
3528.4,18.725353256351067
3528.6,18.83783073616457
3528.8,19.259775267772458
3529.0,19.085660119036337
3529.2,19.43781020089676
3529.4,18.83311528913817
3529.6,18.027337630377506
3529.8,18.022164961658156
3530.0,18.44124760687667
3530.2,18.68549593759198
3530.4,18.74360604126669
3530.6,19.047826647312384
3530.8,19.612793540903137
3531.0,19.70813724347206
3531.2,19.22516893742524
3531.4,19.37405419003958
3531.6,19.35382462371781
3531.8,19.28529470382712
3532.0,20.027040673142075
3532.2,20.944516197435576
3532.4,20.59644131341255
3532.6,19.66727239454917
3532.8,19.846719203423195
3533.0,19.558585412545362
3533.2,19.172282536688506
3533.4,19.51799976066802
3533.6,19.73214851215321
3533.8,19.798118662062258
3534.0,19.632485354232077
3534.2,19.214465562859438
3534.4,19.617978741379925
3534.6,19.634894151484573
3534.8,19.700775684373312
3535.0,19.772090802256425
3535.2,20.009971325704797
3535.4,20.056636839617873
3535.6,20.272508925973526
3535.8,19.61414665971972
3536.0,19.988691237136077
3536.2,19.796403046994623
3536.4,19.448725795645373
3536.6,19.78359466675205
3536.8,19.6405611934168
3537.0,18.609277746174715
3537.2,18.580371965723923
3537.4,17.898844002019494
3537.6,18.350868471939112
3537.8,18.28708033958509
3538.0,18.08771049222688
3538.2,18.298065230669305
3538.4,18.43306680539832
3538.6,18.391505060658563
3538.8,18.032960771003452
3539.0,18.568732669545703
3539.2,18.323457366267593
3539.4,18.55661410922628
3539.6,18.110221735384396
3539.8,18.516977840402323
3540.0,18.418256891956435
3540.2,18.298895879458353
3540.4,17.861958466299605
3540.6,17.633055071178507
3540.8,17.389253680313487
3541.0,17.61774741334404
3541.2,17.80450425894809
3541.4,17.626851793988195
3541.6,17.49583065340736
3541.8,17.974281358513743
3542.0,18.58135925161819
3542.2,18.908633932595006
3542.4,19.081506273736586
3542.6,18.997552771101883
3542.8,19.481962850409936
3543.0,19.334098047726094
3543.2,18.966072343085322
3543.4,18.73405526759938
3543.6,19.50259318640926
3543.8,19.971371594333345
3544.0,19.296832195906564
3544.2,19.38963280432336
3544.4,19.653479168283816
3544.6,19.136081458860595
3544.8,19.14875501289272
3545.0,19.207783114616007
3545.2,19.269860864523917
3545.4,18.81044343928376
3545.6,19.121083710920363
3545.8,19.220663751853287
3546.0,19.809932334557104
3546.2,20.904045782900063
3546.4,20.257041351510704
3546.6,20.885029349430443
3546.8,20.481444881846734
3547.0,20.478991663669337
3547.2,20.83808769110675
3547.4,20.7511173264552
3547.6,20.345447481305847
3547.8,19.977798779619974
3548.0,19.99496089937276
3548.2,19.654789144135748
3548.4,19.691339951818772
3548.6,19.93422136197712
3548.8,20.050051678819155
3549.0,20.062655333377243
3549.2,19.388305495443973
3549.4,19.382330599933056
3549.6,19.63778484478925
3549.8,19.38267345701574
3550.0,19.39780141284931
3550.2,19.11168610281101
3550.4,19.180632266141334
3550.6,18.930544485140313
3550.8,18.51914895879098
3551.0,18.66955447300205
3551.2,19.409624550402835
3551.4,19.31467128016695
3551.6,19.21358523558294
3551.8,19.669793768330635
3552.0,19.6276850246472
3552.2,19.844084801294212
3552.4,19.525666453960234
3552.6,19.26896323289322
3552.8,18.918203119340177
3553.0,19.29217583362251
3553.2,19.06936182366691
3553.4,19.429328729093044
3553.6,19.685781185551328
3553.8,19.79518886728944
3554.0,19.78996285002365
3554.2,19.549685052425335
3554.4,19.179048213288226
3554.6,19.251080901578405
3554.8,19.084348729228395
3555.0,19.020937159144744
3555.2,18.85256766715178
3555.4,18.544406318232966
3555.6,18.12369264153463
3555.8,18.854667667939346
3556.0,18.61258292668484
3556.2,18.527527321422298
3556.4,18.134100422385714
3556.6,18.030259146375037
3556.8,17.929692041559196
3557.0,17.70657435950796
3557.2,18.423274351364295
3557.4,18.18980448310277
3557.6,18.972625836438564
3557.8,19.017434554039077
3558.0,19.088352370145923
3558.2,18.454099886473788
3558.4,18.646157753700802
3558.6,18.95053028636001
3558.8,18.876111734202368
3559.0,19.106625650470452
3559.2,19.815311546197112
3559.4,19.41988684426292
3559.6,19.524200706834527
3559.8,19.05896844316413
3560.0,19.182856788906136
3560.2,19.23447267166596
3560.4,19.643192274761986
3560.6,19.15293435622601
3560.8,18.765033032845768
3561.0,18.429009132824866
3561.2,18.69942775888744
3561.4,18.840830985297977
3561.6,19.204413605989952
3561.8,19.11425239568365
3562.0,18.821091452544817
3562.2,18.020728521164603
3562.4,17.828353658884193
3562.6,18.062793037179418
3562.8,18.218032173488265
3563.0,18.09161181139173
3563.2,17.86206463505967
3563.4,17.88329135936624
3563.6,18.244509494199153
3563.8,18.301690328551995
3564.0,18.97084205459504
3564.2,19.066566734885342
3564.4,18.799860789877222
3564.6,18.70352786589724
3564.8,18.826470270862817
3565.0,18.75948969855677
3565.2,19.1226154189904
3565.4,19.194527096565956
3565.6,19.74073665159651
3565.8,20.21815238468911
3566.0,21.022859364342157
3566.2,20.175195441042455
3566.4,20.026309524995447
3566.6,20.387945191787434
3566.8,20.45835071953198
3567.0,20.01494593006809
3567.2,19.78494099207706
3567.4,20.846891441722384
3567.6,20.413669383511603
3567.8,20.77552404297981
3568.0,21.325498610844722
3568.2,20.407145378290984
3568.4,20.089628918065014
3568.6,20.11192510538034
3568.8,20.434654163165224
3569.0,20.58848707858697
3569.2,20.418519664515408
3569.4,20.41576089450398
3569.6,20.947693642957432
3569.8,20.66824816018038
3570.0,20.034813601447613
3570.2,21.359585156327917
3570.4,21.35013288286649
3570.6,21.595776313117966
3570.8,21.53462378229426
3571.0,21.07604767148726
3571.2,21.336861828001275
3571.4,21.67668141778996
3571.6,21.641597062275956
3571.8,21.156532319855753
3572.0,21.603943371722938
3572.2,20.779389710064834
3572.4,20.336515250389823
3572.6,20.35109344314488
3572.8,20.12026388290103
3573.0,20.45032511456363
3573.2,20.631476723804433
3573.4,20.955548329491435
3573.6,20.35354663117593
3573.8,19.657720080235563
3574.0,20.160974119235064
3574.2,19.676336291993497
3574.4,19.521504481484268
3574.6,20.244007604855945
3574.8,19.820127795592942
3575.0,19.954779870082216
3575.2,20.433214981285367
3575.4,19.983319735494028
3575.6,19.337218374910286
3575.8,19.073027858746663
3576.0,19.136647861122192
3576.2,19.585379000442767
3576.4,19.001860765417167
3576.6,19.06340359210923
3576.8,19.79022074013004
3577.0,19.68823661009467
3577.2,19.204241041696392
3577.4,19.91590424194027
3577.6,19.599660427751644
3577.8,19.216989969337767
3578.0,18.599116549691043
3578.2,18.52195263139496
3578.4,19.501927995165182
3578.6,18.93110647929223
3578.8,18.99334678344075
3579.0,19.284245282159645
3579.2,19.214127608727388
3579.4,19.384313195862973
3579.6,18.81876434825974
3579.8,19.263196973114475
3580.0,18.968159410471753
3580.2,19.19212751354118
3580.4,19.047129222092202
3580.6,19.19808282266881
3580.8,19.567032781157906
3581.0,19.489980011498602
3581.2,19.561697835345456
3581.4,19.715298983833858
3581.6,19.489581652929925
3581.8,19.716731091370146
3582.0,19.56382882567679
3582.2,19.272742925401378
3582.4,19.471235492051036
3582.6,19.86486033762893
3582.8,20.286364449227854
3583.0,20.021091609055258
3583.2,20.05320091416529
3583.4,20.220689064956836
3583.6,20.13886735417718
3583.8,19.862017884882242
3584.0,19.19643458179578
3584.2,19.26805562882677
3584.4,18.890438509219322
3584.6,18.311127959239954
3584.8,18.921010752183
3585.0,19.25086391013643
3585.2,19.46944251074608
3585.4,19.076096241652614
3585.6,19.01752061657551
3585.8,18.47943788556901
3586.0,18.306690706051636
3586.2,18.316932199266414
3586.4,17.798235573853457
3586.6,17.688375635195708
3586.8,17.53154636184069
3587.0,18.01027988378458
3587.2,17.740260852357505
3587.4,17.79817394733001
3587.6,17.94596612307378
3587.8,17.824912387534376
3588.0,17.66578043306926
3588.2,17.94972203098371
3588.4,17.93317787379626
3588.6,17.87107975889184
3588.8,17.499080424968433
3589.0,17.301434232973484
3589.2,17.47773438313333
3589.4,17.48125759958827
3589.6,17.774394694948686
3589.8,18.02547695918043
3590.0,17.893427593366265
3590.2,18.2468155402072
3590.4,18.41748281716336
3590.6,18.335365511216523
3590.8,18.800526102771165
3591.0,19.401654636195566
3591.2,20.242042093169047
3591.4,19.97900564748122
3591.6,20.481510324066313
3591.8,20.196960205726047
3592.0,19.850055921226346
3592.2,19.626769810620626
3592.4,20.110742751604324
3592.6,20.085923577135883
3592.8,19.79185815205781
3593.0,19.729510618617216
3593.2,19.700514517419332
3593.4,19.98204285358894
3593.6,19.58179181017853
3593.8,19.526563916057626
3594.0,19.274211295882438
3594.2,18.825650207148023
3594.4,19.540584925099186
3594.6,19.175730230950315
3594.8,19.18680844324306
3595.0,20.12928022511014
3595.2,19.438656736611655
3595.4,19.765637382935942
3595.6,19.450019182301688
3595.8,19.793938346089142
3596.0,20.096587754809573
3596.2,20.80551781045039
3596.4,20.3932442809362
3596.6,20.449777512798857
3596.8,20.108729888500246
3597.0,19.664399900216388
3597.2,18.993734408573857
3597.4,19.201310180213746
3597.6,19.344034805346297
3597.8,19.827375062758104
3598.0,19.580912386916893
3598.2,18.53160989265409
3598.4,19.24645021084867
3598.6,18.50547923108042
3598.8,18.175994310314906
3599.0,18.5056483952341
3599.2,18.4761047176586
3599.4,17.965560226772908
3599.6,17.73918829144964
3599.8,18.447011766733684
3600.0,18.877980250683525
3600.2,18.965942259670047
3600.4,18.487581074653825
3600.6,18.393992389513578
3600.8,17.698933977824787
3601.0,17.63938718525056
3601.2,17.0500685247083
3601.4,17.07551566296378
3601.6,16.98912784947192
3601.8,17.32248207711242
3602.0,17.394134853451952
3602.2,17.16912642175749
3602.4,17.852725671297847
3602.6,17.884481812356498
3602.8,18.209992314238903
3603.0,17.95794288495238
3603.2,17.954759476351757
3603.4,18.631952857625084
3603.6,18.115389487976465
3603.8,18.21971004322457
3604.0,18.257286850951015
3604.2,18.280890708529476
3604.4,18.04377593380026
3604.6,18.00194007674462
3604.8,17.933322470155414
3605.0,17.96283875525908
3605.2,18.16043968869127
3605.4,17.83549357683159
3605.6,17.51845537684043
3605.8,17.5882806157885
3606.0,17.18023629362223
3606.2,17.86879263407942
3606.4,18.338145673094147
3606.6,18.214005432026685
3606.8,17.7624748724696
3607.0,18.336367544901425
3607.2,19.022236186764644
3607.4,19.120551495682037
3607.6,18.198769418001227
3607.8,18.388465551843197
3608.0,17.75802631854613
3608.2,18.46640780243925
3608.4,18.771555770555114
3608.6,18.684833147769474
3608.8,18.467169496560096
3609.0,18.279546640574587
3609.2,18.0588725592634
3609.4,17.882647947037846
3609.6,17.97790230359505
3609.8,17.919272553844923
3610.0,18.362026761086575
3610.2,18.160152823032938
3610.4,17.971802443743204
3610.6,18.73936362421388
3610.8,18.556675936470715
3611.0,18.560830058709183
3611.2,18.853473215467083
3611.4,18.84796795481591
3611.6,18.803661630828113
3611.8,18.709510688140035
3612.0,18.931598909122364
3612.2,19.19593880658218
3612.4,19.106882538616976
3612.6,19.13407980274499
3612.8,19.03127000452017
3613.0,18.486655687333577
3613.2,18.85027533943152
3613.4,19.17238263217781
3613.6,19.35309933057558
3613.8,18.70556741396723
3614.0,19.36760762886205
3614.2,19.441755950735228
3614.4,19.222396954924616
3614.6,20.49439627049817
3614.8,20.83362572198746
3615.0,20.87968613479651
3615.2,21.633146958256866
3615.4,21.817980865860946
3615.6,22.86712495781764
3615.8,22.615897566512153
3616.0,22.74534955846437
3616.2,22.79588784936749
3616.4,23.154786053263425
3616.6,23.2631677851823
3616.8,22.944101678475203
3617.0,23.320458662579764
3617.2,23.230807316262045
3617.4,22.358088452333792
3617.6,22.144962154916364
3617.8,21.87965186772043
3618.0,22.572898584581896
3618.2,22.979662891301984
3618.4,23.554138490394323
3618.6,24.06469111603532
3618.8,23.240331241671566
3619.0,23.861084069781903
3619.2,24.25813166413015
3619.4,23.799417541738073
3619.6,23.346276166363076
3619.8,23.6723083632017
3620.0,24.05840461032998
3620.2,23.745169783176436
3620.4,24.299514286831034
3620.6,23.802214988281417
3620.8,23.619870579107403
3621.0,23.447800381269627
3621.2,22.76482346277435
3621.4,22.556031234073192
3621.6,23.44345939355254
3621.8,23.19217069441649
3622.0,23.398608686147192
3622.2,24.006064228132434
3622.4,24.07214198055607
3622.6,24.223602783904003
3622.8,23.56200676208291
3623.0,23.856707701770212
3623.2,23.20689549374517
3623.4,23.336821417096086
3623.6,23.33645580360413
3623.8,24.11259295142227
3624.0,23.841871212923206
3624.2,24.51957999434175
3624.4,22.864178200446588
3624.6,22.537393211337363
3624.8,22.98402543041799
3625.0,23.477495138209843
3625.2,24.021215732159828
3625.4,23.02637228039398
3625.6,23.865016388505566
3625.8,24.0920107718158
3626.0,23.348855623730106
3626.2,23.744018738200147
3626.4,23.802453996813377
3626.6,24.488375716138396
3626.8,24.406504864659652
3627.0,24.035960676590648
3627.2,24.702981272151074
3627.4,24.33786269978459
3627.6,24.906731350854994
3627.8,24.535048838171228
3628.0,23.663230441796262
3628.2,23.441943184492384
3628.4,23.828166542100938
3628.6,23.450839566927783
3628.8,23.346621143330687
3629.0,23.23847227785741
3629.2,23.716233199568624
3629.4,23.6715576811237
3629.6,23.878721853461546
3629.8,24.51058456770418
3630.0,24.406986516302275
3630.2,24.524250778427074
3630.4,24.96707710375106
3630.6,25.22015835440817
3630.8,24.6520396153327
3631.0,24.728096597717695
3631.2,24.698165977092028
3631.4,24.54744697370012
3631.6,24.679786721770466
3631.8,24.153383675591225
3632.0,23.940745115388452
3632.2,23.526686542088
3632.4,24.14194164755974
3632.6,23.958074647558565
3632.8,24.196603444097143
3633.0,23.59368393644571
3633.2,22.983243674360946
3633.4,22.65173914382181
3633.6,22.647524323637157
3633.8,22.63898224863041
3634.0,21.81477489978361
3634.2,21.487566799060595
3634.4,21.515349319893286
3634.6,21.922715389931323
3634.8,22.12626491176058
3635.0,20.990392163009062
3635.2,21.700505961257512
3635.4,21.244170465982922
3635.6,20.287325933311347
3635.8,20.374109185037177
3636.0,21.14114701589443
3636.2,21.468711131295002
3636.4,21.66991472768948
3636.6,22.00326187748233
3636.8,22.45377111529269
3637.0,22.371996300569478
3637.2,21.833300918254718
3637.4,21.362636722456756
3637.6,21.72123034600359
3637.8,21.856792093147142
3638.0,22.77205871190403
3638.2,22.367753117888704
3638.4,22.553920184932814
3638.6,22.521048064220803
3638.8,22.07119595787131
3639.0,22.02074812201346
3639.2,22.70667224690135
3639.4,22.237040035208476
3639.6,23.47999357548464
3639.8,23.455958163574138
3640.0,23.321622582916337
3640.2,23.391181278660667
3640.4,22.379315340675024
3640.6,22.05266660972802
3640.8,21.867029200748284
3641.0,21.86320083776851
3641.2,21.954364642987795
3641.4,22.384774873341172
3641.6,22.008140729603856
3641.8,22.193519121989706
3642.0,22.73274505947765
3642.2,23.009541247873194
3642.4,23.988960647152624
3642.6,23.99873074758217
3642.8,23.151167462594387
3643.0,23.24612498715691
3643.2,22.79147477589344
3643.4,22.503494599653525
3643.6,23.046972531529487
3643.8,24.459990950015733
3644.0,23.681951173087157
3644.2,24.59265035072513
3644.4,24.573705647163155
3644.6,24.684602412485805
3644.8,24.172926396789464
3645.0,23.785367072364487
3645.2,24.09184822921528
3645.4,24.993807871466824
3645.6,24.77625068397701
3645.8,24.50082869528984
3646.0,24.037805842588025
3646.2,24.13868237764261
3646.4,23.87261956772901
3646.6,23.76910740822609
3646.8,23.76104632053181
3647.0,23.71758368166047
3647.2,23.519173661526832
3647.4,23.009113828109243
3647.6,23.796726369705624
3647.8,22.83823377548472
3648.0,23.13264325280123
3648.2,22.61867883820411
3648.4,22.65370805626751
3648.6,21.9635086255979
3648.8,22.213063980037575
3649.0,22.1925748193267
3649.2,22.668405419845378
3649.4,23.40495439115065
3649.6,23.02276506110262
3649.8,22.85224285808335
3650.0,23.12713819216215
3650.2,22.438480832604817
3650.4,22.132839674120362
3650.6,22.04928912148486
3650.8,21.57212780721011
3651.0,22.494332215036728
3651.2,22.742526985673955
3651.4,21.89026265751255
3651.6,22.881010298767166
3651.8,23.375636122483925
3652.0,22.589385615516623
3652.2,23.01117369853077
3652.4,22.801131877500758
3652.6,22.784952964558368
3652.8,22.35574001360682
3653.0,22.162732358431963
3653.2,23.004576324507397
3653.4,23.000610478102455
3653.6,22.334059927600357
3653.8,22.93757851994458
3654.0,21.760452236860168
3654.2,21.14825335577907
3654.4,20.262553182160193
3654.6,20.13403166458467
3654.8,20.477177271523455
3655.0,21.071300307062486
3655.2,21.63807159527012
3655.4,22.101488570769177
3655.6,21.436200085029146
3655.8,21.63368338612676
3656.0,21.722977114222868
3656.2,21.342108740661352
3656.4,20.979571341542126
3656.6,22.14479183232244
3656.8,21.623448305249827
3657.0,21.582116399606313
3657.2,21.049182231219405
3657.4,21.123184153511737
3657.6,20.525634061634427
3657.8,19.927687009443527
3658.0,20.064887096934783
3658.2,20.044803323780865
3658.4,20.396279271602495
3658.6,21.16708101478819
3658.8,20.891364216135205
3659.0,21.23103859348835
3659.2,22.19324938389719
3659.4,22.43773226344323
3659.6,21.899963154600925
3659.8,22.567039505046505
3660.0,21.528730421559775
3660.2,21.60842841781485
3660.4,21.6089375279256
3660.6,22.063208234224003
3660.8,22.56135913635437
3661.0,21.83343595238799
3661.2,21.547277898584987
3661.4,21.793197325984224
3661.6,21.370053416748952
3661.8,21.113202545731387
3662.0,21.24707021693178
3662.2,21.347917065428096
3662.4,21.560220208229346
3662.6,21.55404808700224
3662.8,20.9594969435298
3663.0,21.265093604342443
3663.2,21.95302191182734
3663.4,21.858134136222127
3663.6,22.15408172520636
3663.8,22.299000222473722
3664.0,23.09344311686187
3664.2,22.81815514535763
3664.4,22.15525990915767
3664.6,21.6642632355247
3664.8,21.335521260280927
3665.0,21.43121716332852
3665.2,20.60856696639943
3665.4,19.708447924783844
3665.6,19.908264111539964
3665.8,20.4461788817179
3666.0,20.60433853446224
3666.2,21.199003714022318
3666.4,21.308493980467723
3666.6,20.925238655721362
3666.8,21.234634887300782
3667.0,20.688762680537426
3667.2,20.56685117385671
3667.4,20.498550476993497
3667.6,20.7529440166824
3667.8,20.67126531187709
3668.0,20.66521438476193
3668.2,21.077829346620586
3668.4,21.27584506962225
3668.6,21.42505890200575
3668.8,20.766795558258018
3669.0,20.939581581204706
3669.2,21.485069799588295
3669.4,21.49987656676825
3669.6,21.771256254859242
3669.8,21.542980716081264
3670.0,21.93524553310504
3670.2,21.770076505284017
3670.4,22.268525729877027
3670.6,22.82115416700784
3670.8,23.265579196818628
3671.0,23.56444301047616
3671.2,24.092097730360862
3671.4,23.293277259682867
3671.6,22.39761015437837
3671.8,22.28589411809361
3672.0,22.179110215347123
3672.2,22.019228307174
3672.4,21.80408516425746
3672.6,22.758311100244658
3672.8,22.61573601014391
3673.0,22.48489348457766
3673.2,23.703674634535034
3673.4,23.496343405106153
3673.6,23.262522236396983
3673.8,22.452659530873884
3674.0,22.574276360680972
3674.2,22.989707636656643
3674.4,22.741312629200667
3674.6,23.608973115744057
3674.8,23.638904126679886
3675.0,22.984185741864344
3675.2,21.87543200337263
3675.4,21.976287210051865
3675.6,22.055660780066717
3675.8,22.956021045362284
3676.0,23.624471446768656
3676.2,22.912096940840936
3676.4,22.637611740910888
3676.6,23.15032041074725
3676.8,22.78154581185449
3677.0,23.393420362255945
3677.2,23.518103086697625
3677.4,23.70020603716412
3677.6,23.659821194758898
3677.8,23.182377623746746
3678.0,23.39618779254991
3678.2,23.405711230446485
3678.4,23.619645025475407
3678.6,23.046888143090086
3678.8,23.306892649506782
3679.0,23.430190900487602
3679.2,24.843312070496836
3679.4,23.817478653100327
3679.6,23.9907278466525
3679.8,23.099408920920173
3680.0,23.1181585994119
3680.2,22.800434088630386
3680.4,22.63257625493634
3680.6,22.549892062759383
3680.8,23.397100316466677
3681.0,22.81448553748281
3681.2,22.608523094274545
3681.4,22.034436257366117
3681.6,22.38447046400016
3681.8,20.776117979019975
3682.0,21.223668852497582
3682.2,21.29559972308337
3682.4,21.215443807482572
3682.6,20.87329909065452
3682.8,21.133436546331893
3683.0,21.198305565740405
3683.2,20.951590535587556
3683.4,20.821151274281704
3683.6,21.533354816047336
3683.8,21.28265700097893
3684.0,21.254546155637737
3684.2,20.56397057829689
3684.4,20.618035317373344
3684.6,20.701815160434126
3684.8,20.57947781015343
3685.0,21.331917129946568
3685.2,20.3918398356512
3685.4,20.590985685967937
3685.6,19.711145663544933
3685.8,20.260369588900694
3686.0,19.432168869929317
3686.2,19.06220701684403
3686.4,18.916914205295964
3686.6,19.098672741884734
3686.8,19.285521127200397
3687.0,20.697351374248214
3687.2,20.06775055938843
3687.4,19.686097546791718
3687.6,20.851365148666563
3687.8,20.5811859922049
3688.0,21.234349368616993
3688.2,20.401034970031464
3688.4,20.105800204142703
3688.6,20.092393805763564
3688.8,20.94580720461437
3689.0,21.16952105145589
3689.2,20.73866782752284
3689.4,20.550587798613655
3689.6,20.435459611202166
3689.8,20.63290792899847
3690.0,20.516141692758247
3690.2,20.950620546385245
3690.4,21.094075215265043
3690.6,21.63640434514461
3690.8,21.768432528617616
3691.0,22.05298392881954
3691.2,21.126287307609264
3691.4,21.258250981550162
3691.6,20.333559056498153
3691.8,20.298460516293485
3692.0,20.637542368125903
3692.2,21.45925096696887
3692.4,20.51312690182354
3692.6,20.70672841078671
3692.8,20.821191273284903
3693.0,20.08645190571032
3693.2,19.94978302490782
3693.4,19.956652865593554
3693.6,19.725530226063874
3693.8,20.057595630179353
3694.0,19.903408481863895
3694.2,20.273743963729842
3694.4,19.760925031583717
3694.6,19.70655290254595
3694.8,20.875385657692583
3695.0,20.863214046341078
3695.2,21.464661337579244
3695.4,20.399040816642117
3695.6,21.302060046899914
3695.8,21.237539797538695
3696.0,20.693239226075132
3696.2,22.02335060829534
3696.4,21.448605538129613
3696.6,21.28936550810211
3696.8,20.804513973055883
3697.0,20.923425133429845
3697.2,21.28068721604716
3697.4,21.34048388636936
3697.6,21.575709824787744
3697.8,21.766175962457446
3698.0,21.396360924339977
3698.2,20.03145949051635
3698.4,20.061068321186962
3698.6,20.65539319015823
3698.8,20.593658214424416
3699.0,21.523926935160627
3699.2,21.58793447740882
3699.4,21.967537681197292
3699.6,21.32204925963057
3699.8,20.631238726205957
3700.0,21.045046733154933
3700.2,20.947152679819613
3700.4,22.08585154466587
3700.6,21.80521249977122
3700.8,22.02322854495977
3701.0,21.50392634784839
3701.2,20.824234639420084
3701.4,20.97168334862149
3701.6,21.153220703250746
3701.8,21.464847434591686
3702.0,22.2122926124027
3702.2,22.237547627960748
3702.4,22.433221197875348
3702.6,22.36113591421097
3702.8,23.096388756322874
3703.0,22.431201176389113
3703.2,22.435401813414835
3703.4,22.88385518978354
3703.6,22.84502373230358
3703.8,22.51499641496284
3704.0,21.432545096583734
3704.2,21.89953714534296
3704.4,22.872903566561327
3704.6,22.51685201186842
3704.8,22.565925164987092
3705.0,22.94738898993927
3705.2,22.52275377091835
3705.4,21.97816630403728
3705.6,21.89273657797512
3705.8,21.168461237127833
3706.0,20.923614140741314
3706.2,20.88013785957818
3706.4,21.005174083638906
3706.6,21.056476049872096
3706.8,20.93377442875195
3707.0,20.60723522939137
3707.2,21.018830671205645
3707.4,20.757836898669332
3707.6,20.963220481476146
3707.8,21.238054528986943
3708.0,21.19616115471186
3708.2,21.02609763155241
3708.4,20.688231495795527
3708.6,21.044756803337318
3708.8,21.74854123331453
3709.0,21.323885510142592
3709.2,22.72800360451984
3709.4,22.87424410058106
3709.6,22.977498101951387
3709.8,22.20970848308839
3710.0,22.546712883069695
3710.2,21.944436353415128
3710.4,21.58013886354049
3710.6,21.709918737189923
3710.8,22.761196960548162
3711.0,22.13219831514872
3711.2,22.49091060467213
3711.4,22.209434576479495
3711.6,21.780514615969743
3711.8,21.640176043470234
3712.0,21.72677098556886
3712.2,21.76006054821194
3712.4,21.459214971132305
3712.6,20.346710001420306
3712.8,20.510335735624878
3713.0,20.481329586098855
3713.2,19.647208537330357
3713.4,19.88730776486023
3713.6,19.107650582703315
3713.8,18.472806815025468
3714.0,18.779281762247717
3714.2,18.845889643064503
3714.4,19.31214871132762
3714.6,19.959692505751523
3714.8,20.168378189471987
3715.0,19.80202987215472
3715.2,19.542780491632104
3715.4,19.585327844940895
3715.6,19.884924221226946
3715.8,19.574909388317916
3716.0,19.794165980028374
3716.2,20.072157308927387
3716.4,19.264556391004174
3716.6,18.90595028496653
3716.8,18.75611909047941
3717.0,18.646787695311467
3717.2,18.921490648995636
3717.4,18.79002126925705
3717.6,18.91995172030288
3717.8,17.727212675802406
3718.0,18.15790118208034
3718.2,18.443893024214965
3718.4,18.27435373899004
3718.6,18.02589627226428
3718.8,17.614660125303207
3719.0,19.11177895488467
3719.2,19.152922197541272
3719.4,19.186213929760484
3719.6,19.475468160948342
3719.8,19.78338621398241
3720.0,19.54442758387762
3720.2,19.21611190462552
3720.4,19.551428446861628
3720.6,20.71874912705625
3720.8,20.793966560662366
3721.0,20.374433854357697
3721.2,20.219747810607505
3721.4,19.967594293334688
3721.6,19.263660638174645
3721.8,19.31749093974042
3722.0,18.589710079019962
3722.2,18.53808945126741
3722.4,18.41052213011057
3722.6,18.630761077173627
3722.8,18.62267130812431
3723.0,18.158298268610732
3723.2,18.24841621161481
3723.4,17.893824286091583
3723.6,17.815195724632137
3723.8,17.972438625775332
3724.0,17.981836705491297
3724.2,18.020011345305807
3724.4,18.22827405147262
3724.6,18.028252586451377
3724.8,18.438240102105784
3725.0,18.147578148550384
3725.2,18.237031442806643
3725.4,18.62904486521215
3725.6,18.28930224793393
3725.8,18.74428526574168
3726.0,19.995591660792805
3726.2,19.75363643498854
3726.4,18.92087941474887
3726.6,18.918617639410794
3726.8,19.35850869767565
3727.0,19.474377161576086
3727.2,18.897966827670146
3727.4,19.500527114118906
3727.6,18.777679018058425
3727.8,18.920485218454154
3728.0,19.52634563503876
3728.2,19.739662424098096
3728.4,19.7177174636748
3728.6,19.21920896710719
3728.8,18.704352999862156
3729.0,19.415161928023927
3729.2,19.064596111555396
3729.4,18.752453431365538
3729.6,18.499919616393264
3729.8,18.58554692575895
3730.0,18.426229129604355
3730.2,18.444685090739718
3730.4,18.574974171188046
3730.6,18.533073413293735
3730.8,18.020003546886457
3731.0,17.992797275042257
3731.2,17.852263073194003
3731.4,17.955572464935653
3731.6,18.45829841137773
3731.8,18.73543249807234
3732.0,18.474758957695535
3732.2,18.504955304058125
3732.4,18.851343076732196
3732.6,18.7873378567756
3732.8,18.51171449301685
3733.0,18.86169035304134
3733.2,18.990314598735115
3733.4,19.147734878635873
3733.6,18.966748474316553
3733.8,18.546546931780263
3734.0,18.63733280898212
3734.2,18.359171535224878
3734.4,18.50355339074643
3734.6,18.710350342521245
3734.8,18.66486567119336
3735.0,18.79415868177681
3735.2,18.822728601983986
3735.4,19.13141520472203
3735.6,18.71053479588827
3735.8,18.8862231732357
3736.0,19.252496954955692
3736.2,18.806099299210718
3736.4,18.004825455294842
3736.6,17.96222273766603
3736.8,18.219046682639984
3737.0,18.66622748936258
3737.2,18.1847096092346
3737.4,18.27890261180551
3737.6,18.919828179731716
3737.8,18.651244602279736
3738.0,19.467983650408588
3738.2,19.270974174786986
3738.4,19.441286617539454
3738.6,19.216067166471504
3738.8,19.021454183893617
3739.0,18.82520527261565
3739.2,18.95564138999579
3739.4,18.215553426108745
3739.6,18.869732299414366
3739.8,18.43649251948532
3740.0,18.584907463070238
3740.2,18.3545545315847
3740.4,18.300100618708097
3740.6,18.688929022354632
3740.8,18.994914745965165
3741.0,18.800610629462874
3741.2,18.488208276128766
3741.4,17.94187790415384
3741.6,18.371418327655288
3741.8,18.129419330767316
3742.0,17.293468760286498
3742.2,17.557992869215113
3742.4,17.673756234683175
3742.6,17.620822432682452
3742.8,17.513640538848637
3743.0,17.88748082981902
3743.2,18.271844178011698
3743.4,18.354953673656013
3743.6,18.10249237732265
3743.8,18.528468101757472
3744.0,18.300140484504393
3744.2,18.22799743806203
3744.4,18.10254021131901
3744.6,18.197139679244025
3744.8,18.485725519276578
3745.0,18.453156213966523
3745.2,18.790660411541133
3745.4,18.726212709113316
3745.6,18.36472399531469
3745.8,18.222627300599544
3746.0,17.7638975095627
3746.2,17.738878412382686
3746.4,18.179329039381958
3746.6,18.283951507609753
3746.8,18.896399724327743
3747.0,18.809545458998958
3747.2,18.65699896988749
3747.4,18.64908819965183
3747.6,18.642976627758074
3747.8,18.114414180312327
3748.0,18.307113750336903
3748.2,18.251971957657652
3748.4,18.10664608209376
3748.6,17.91044581959318
3748.8,18.32969111709376
3749.0,17.595333976162927
3749.2,17.472008081381578
3749.4,17.622733477583637
3749.6,17.96609844673575
3749.8,17.77819506155892
3750.0,17.87093133233147
3750.2,17.823828359836288
3750.4,17.857476891680307
3750.6,17.93807460880617
3750.8,17.494957556830734
3751.0,17.813770145130903
3751.2,17.717409788959163
3751.4,18.34888969761227
3751.6,18.68722365785835
3751.8,18.921122560265673
3752.0,18.81693442537905
3752.2,18.354689228277962
3752.4,18.471620398141564
3752.6,18.649824677008183
3752.8,18.004501022778626
3753.0,18.228637456967043
3753.2,18.082176284258086
3753.4,18.03046417398551
3753.6,17.963467700712442
3753.8,17.799302916803732
3754.0,17.582711950474284
3754.2,17.82064156713778
3754.4,17.94830809269916
3754.6,18.320067110908866
3754.8,18.643893123452678
3755.0,18.28945570460465
3755.2,18.20413198268689
3755.4,18.81780498984432
3755.6,18.817440352462906
3755.8,18.609923479410245
3756.0,18.15449985244185
3756.2,18.082629220591972
3756.4,17.964715758522175
3756.6,17.971991431111025
3756.8,17.534393699591398
3757.0,17.4771827105171
3757.2,17.045985910754126
3757.4,17.16051015761461
3757.6,16.729654139900923
3757.8,16.511670780220985
3758.0,16.34258613871301
3758.2,16.77220407038578
3758.4,16.728967482890216
3758.6,16.82267444440983
3758.8,17.073664758059383
3759.0,17.11843675823596
3759.2,16.996094256256256
3759.4,16.737000555761085
3759.6,16.276353203410984
3759.8,16.739813895732865
3760.0,16.74099512005948
3760.2,16.55621485678865
3760.4,17.086546394609577
3760.6,16.882077455123298
3760.8,16.806393640956703
3761.0,16.400754593935247
3761.2,16.374456674509894
3761.4,16.595418727306434
3761.6,16.518381340872168
3761.8,16.471823993083124
3762.0,16.174775827433216
3762.2,16.31665582488801
3762.4,16.27377443186072
3762.6,16.090566308485553
3762.8,15.922743993655427
3763.0,15.926105174111967
3763.2,16.13479740694707
3763.4,16.27284382710126
3763.6,16.2720512086089
3763.8,16.159686309110782
3764.0,16.320658699699063
3764.2,16.140419167265872
3764.4,15.927832532456732
3764.6,15.97502692138728
3764.8,16.012946393695966
3765.0,16.05852223284131
3765.2,16.083583681583704
3765.4,16.25312342206065
3765.6,16.432386034935472
3765.8,16.413821259682795
3766.0,16.469727936098405
3766.2,16.3782421119977
3766.4,16.560294876186504
3766.6,16.757242721001404
3766.8,16.759050675656525
3767.0,16.32734552963314
3767.2,16.350715650957717
3767.4,16.24080068344362
3767.6,16.385315252725736
3767.8,16.504072140948367
3768.0,17.010386474016205
3768.2,16.62764062429766
3768.4,16.766323916627336
3768.6,16.894746367556046
3768.8,17.191047340302088
3769.0,16.833025401632796
3769.2,16.71184376944431
3769.4,16.50362736919209
3769.6,16.422191419759876
3769.8,16.938931101947393
3770.0,16.937648884521817
3770.2,17.1767828005069
3770.4,17.332573981098346
3770.6,17.972828720751234
3770.8,17.38753763516585
3771.0,18.12535239453418
3771.2,17.467335059958128
3771.4,18.128878048833265
3771.6,18.093164845094066
3771.8,18.095519847334206
3772.0,18.8052575829117
3772.2,18.428751972274117
3772.4,18.782162836019477
3772.6,17.90797775819604
3772.8,18.201358734869054
3773.0,18.76880279942319
3773.2,19.19958243156841
3773.4,19.16386083836293
3773.6,18.991928379505104
3773.8,19.649454643180096
3774.0,20.185801462719727
3774.2,19.899911310782638
3774.4,19.759808884744178
3774.6,19.759458407981
3774.8,18.957712536017027
3775.0,19.25203625704072
3775.2,18.720483126121923
3775.4,18.703738723258205
3775.6,18.933040201460905
3775.8,19.324608702683108
3776.0,20.628880462671873
3776.2,20.187090567480386
3776.4,19.34018997037366
3776.6,19.650937757118527
3776.8,20.11017561608597
3777.0,20.410353656795944
3777.2,19.50696567281175
3777.4,19.112840577376087
3777.6,19.454546868683096
3777.8,19.966682311371066
3778.0,20.26742225803115
3778.2,20.04916195511752
3778.4,20.366656829107566
3778.6,20.781584206843966
3778.8,20.62411940851366
3779.0,20.110321188559283
3779.2,20.183230428326922
3779.4,20.19060490730466
3779.6,20.25033314454078
3779.8,19.897547939308552
3780.0,20.129501235969336
3780.2,20.635051897006434
3780.4,21.032827566107258
3780.6,21.32615488007574
3780.8,21.283367554031077
3781.0,20.98881214351129
3781.2,20.578099061900513
3781.4,20.386908182370654
3781.6,20.014973847480725
3781.8,20.145415653504067
3782.0,20.35897702354567
3782.2,19.923812460198384
3782.4,19.517487603561463
3782.6,18.887322886409
3782.8,18.700232238070594
3783.0,18.104887164020372
3783.2,18.01281570020956
3783.4,17.882870141828985
3783.6,17.596065930917263
3783.8,17.4313600727888
3784.0,18.302493371366502
3784.2,18.364973300238805
3784.4,18.565119973577616
3784.6,17.856559664337222
3784.8,18.242997394312383
3785.0,18.671077068945316
3785.2,19.046705233684406
3785.4,18.88011295995066
3785.6,19.379124841356624
3785.8,19.11883410902504
3786.0,19.24919464210305
3786.2,19.03636717281504
3786.4,18.981230976909632
3786.6,19.198943133646097
3786.8,19.591599311853905
3787.0,19.93745926924992
3787.2,20.428742801994648
3787.4,20.549432321346845
3787.6,20.26468001590368
3787.8,20.280244919602097
3788.0,20.42398419287433
3788.2,20.4112365384874
3788.4,20.399773805235704
3788.6,20.875241683718397
3788.8,20.265044423480898
3789.0,19.944728086619648
3789.2,18.906734745031642
3789.4,19.185388861446626
3789.6,19.149624549905322
3789.8,18.673788109505672
3790.0,18.725474828028464
3790.2,19.091116488747932
3790.4,18.55212121148822
3790.6,18.572001413806078
3790.8,18.29250039578691
3791.0,18.525742574661372
3791.2,18.93558364257627
3791.4,18.816085561819694
3791.6,18.74489768161443
3791.8,18.19981144775282
3792.0,18.233765948669504
3792.2,18.25237130179197
3792.4,18.636982505021827
3792.6,18.97457168150477
3792.8,19.00134137902559
3793.0,18.416161019570875
3793.2,18.21010032233546
3793.4,18.752886650821043
3793.6,18.823693659837126
3793.8,18.70345348602666
3794.0,18.75965508457766
3794.2,18.57149733963213
3794.4,19.110958899602796
3794.6,18.70001029724335
3794.8,18.729700732247597
3795.0,18.818175942469743
3795.2,18.94247819047113
3795.4,19.298668097154863
3795.6,19.015078840139893
3795.8,18.649145420915563
3796.0,18.296163506791597
3796.2,18.46892488288645
3796.4,17.757785566982633
3796.6,17.478615644771715
3796.8,17.73916666439646
3797.0,18.10549529250698
3797.2,17.932446401483748
3797.4,18.000282129389014
3797.6,17.896753349939882
3797.8,17.964384453765096
3798.0,17.99755527667789
3798.2,17.0777212438717
3798.4,17.2535380260278
3798.6,17.33945029999073
3798.8,17.02741691438917
3799.0,17.62684978578494
3799.2,17.13560651402085
3799.4,16.836291882803977
3799.6,16.981238389251438
3799.8,17.202370862051954
3800.0,16.86095471861538
3800.2,16.91872309513978
3800.4,17.06738985825866
3800.6,16.686211318243092
3800.8,17.03298874803849
3801.0,16.953138491047508
3801.2,16.964587055871156
3801.4,17.0721162369204
3801.6,16.749135001826822
3801.8,16.725786731849578
3802.0,16.870860620523175
3802.2,17.329251149532542
3802.4,17.61999866655824
3802.6,17.817690256513757
3802.8,18.04464368179342
3803.0,17.477306038360798
3803.2,17.25238061124417
3803.4,17.286068806038926
3803.6,17.238197184725102
3803.8,16.719886522609073
3804.0,16.463601806827143
3804.2,16.1882260163778
3804.4,16.69759535417964
3804.6,16.83256084887384
3804.8,16.647168012493132
3805.0,16.410692235430485
3805.2,16.316505655721997
3805.4,16.74705731650925
3805.6,16.59355373440463
3805.8,17.04399772646339
3806.0,17.142623289392404
3806.2,17.637334256718987
3806.4,17.67856924611663
3806.6,17.678232003547095
3806.8,17.817427112863907
3807.0,18.091413793776734
3807.2,18.13126423527114
3807.4,18.10644129875705
3807.6,18.752523221596334
3807.8,18.891189759874823
3808.0,19.7470292464637
3808.2,19.641526709623392
3808.4,19.53309785602853
3808.6,19.307687502335177
3808.8,19.93466042465161
3809.0,19.567091285126192
3809.2,19.930344770744302
3809.4,19.63526164977577
3809.6,19.51168024111172
3809.8,18.953371068442333
3810.0,19.41649565491343
3810.2,20.333954182705828
3810.4,20.53958137537727
3810.6,20.96515239461038
3810.8,21.114276036844757
3811.0,21.364718557830926
3811.2,20.602877191367945
3811.4,21.200981141581742
3811.6,20.867028060503493
3811.8,20.269447769268496
3812.0,20.307145725696714
3812.2,20.98608732734098
3812.4,21.021645795302064
3812.6,21.185692142921674
3812.8,22.345088824616663
3813.0,21.65589433657764
3813.2,21.459570851218434
3813.4,21.625566611675453
3813.6,22.252572896723926
3813.8,23.053278686868847
3814.0,22.73673857789305
3814.2,21.663216617576428
3814.4,22.36778916823118
3814.6,22.851924097494773
3814.8,22.575256960422806
3815.0,22.865222693585736
3815.2,22.538210950585068
3815.4,22.1874211374343
3815.6,22.565998506527116
3815.8,23.170523518172917
3816.0,22.984840820863354
3816.2,22.919044098110213
3816.4,22.00705708212126
3816.6,22.62465065140335
3816.8,21.513946081020393
3817.0,20.583109866707723
3817.2,21.489378234764764
3817.4,21.301030965694686
3817.6,21.257862479348994
3817.8,21.360302314201643
3818.0,22.23801763312998
3818.2,22.18671309302312
3818.4,21.686739631387873
3818.6,21.25970417439186
3818.8,21.451082238473763
3819.0,22.52633458856643
3819.2,22.334452474280553
3819.4,22.135757229094
3819.6,22.13595993138788
3819.8,21.388584130726834
3820.0,21.36898004002186
3820.2,21.804207449872642
3820.4,21.598190315695085
3820.6,20.920188480661427
3820.8,21.127601469075653
3821.0,20.197673253012567
3821.2,20.704039709514085
3821.4,20.925959646320948
3821.6,21.043079550363526
3821.8,21.28046943491271
3822.0,21.335544682115245
3822.2,21.408249928717346
3822.4,21.626135774527565
3822.6,22.565810182302926
3822.8,22.3027284492521
3823.0,21.488401470238347
3823.2,20.80297726099253
3823.4,20.403118181922487
3823.6,20.223393420273506
3823.8,20.694527392572297
3824.0,20.259904397442252
3824.2,20.652793803210617
3824.4,21.420288322883675
3824.6,22.870880177697682
3824.8,23.9178413569662
3825.0,24.492607015204392
3825.2,25.099867592770874
3825.4,26.246507689180348
3825.6,26.036883590383265
3825.8,26.02542181851107
3826.0,26.3669650134597
3826.2,26.224427846011995
3826.4,26.71052060144488
3826.6,25.9322069405941
3826.8,25.658647512447466
3827.0,25.603056151617874
3827.2,24.653938259446484
3827.4,25.60117735952336
3827.6,24.48061455555691
3827.8,24.5097710670537
3828.0,24.86704329822142
3828.2,24.35371917620062
3828.4,24.118306989085116
3828.6,24.371931708860302
3828.8,25.802501703567767
3829.0,24.85697888285142
3829.2,24.96224830728149
3829.4,23.85950298452733
3829.6,23.915314313739877
3829.8,24.145647891817465
3830.0,24.77711993848889
3830.2,25.758267318715824
3830.4,25.28071592834042
3830.6,24.614485462705133
3830.8,24.44963722327161
3831.0,23.946127043824525
3831.2,24.22115473720886
3831.4,22.665020117492794
3831.6,22.782966320502922
3831.8,22.53949110496835
3832.0,22.70584027267768
3832.2,22.62768678616262
3832.4,22.142966946535537
3832.6,22.510792928947374
3832.8,22.917771344044603
3833.0,22.958683046862372
3833.2,23.649215571418424
3833.4,24.318666154497826
3833.6,23.29980402103683
3833.8,23.039019711035927
3834.0,23.333239459296664
3834.2,22.35884273899938
3834.4,23.824497489986793
3834.6,24.500089111351684
3834.8,23.52823547708467
3835.0,22.995524467769478
3835.2,22.666174860718307
3835.4,22.58243859632087
3835.6,22.47443832429132
3835.8,22.414796702605734
3836.0,22.405329505228675
3836.2,23.37803827029817
3836.4,23.538953303110937
3836.6,24.297703053554578
3836.8,23.59130964277646
3837.0,24.556880592189284
3837.2,24.600348468060428
3837.4,24.291470476886175
3837.6,24.42582410399682
3837.8,24.493326738683365
3838.0,24.976082879364423
3838.2,24.704389848160424
3838.4,24.0959331093991
3838.6,24.41583396705549
3838.8,24.298614742424476
3839.0,24.267684467179798
3839.2,24.51127604777827
3839.4,23.532140040833845
3839.6,24.644389245649926
3839.8,24.346672290720612
3840.0,24.158076989580145
3840.2,24.70268491897717
3840.4,24.7812550300694
3840.6,24.669464310493453
3840.8,23.498350228999584
3841.0,24.39173055738873
3841.2,24.47248196527598
3841.4,24.90176883962856
3841.6,24.358268848795944
3841.8,23.989080608439416
3842.0,24.2694210804089
3842.2,24.867378423322695
3842.4,24.147847445268283
3842.6,24.044393119000592
3842.8,25.066733757656504
3843.0,25.426059838292872
3843.2,25.320652001751967
3843.4,24.78750572890974
3843.6,25.101612834349144
3843.8,25.488437521084354
3844.0,25.991404517908766
3844.2,25.966687848008977
3844.4,26.6707819756301
3844.6,25.965134086956656
3844.8,26.457581222160055
3845.0,25.987172568008667
3845.2,26.277591746358972
3845.4,25.44574031258927
3845.6,25.28119868606348
3845.8,25.439826167670148
3846.0,24.841116363450006
3846.2,25.11508241928317
3846.4,24.979612685867746
3846.6,24.77024690397632
3846.8,25.636323492147927
3847.0,24.131675724431524
3847.2,23.84693158622673
3847.4,23.741529820265672
3847.6,24.18957218784719
3847.8,25.1591540337966
3848.0,25.44394123785484
3848.2,25.389910301275
3848.4,24.94897116873862
3848.6,26.291345086704588
3848.8,25.283349914335055
3849.0,24.69736799663018
3849.2,24.107766341625585
3849.4,24.355455090857237
3849.6,24.38778910631037
3849.8,24.44648576783036
3850.0,24.513495403271634
3850.2,25.25758329633707
3850.4,25.894408398099927
3850.6,25.852263409604078
3850.8,25.995949048209816
3851.0,25.544399223279065
3851.2,25.397733659943693
3851.4,25.74260528999296
3851.6,25.83667236187845
3851.8,25.893972808850624
3852.0,25.769146341669526
3852.2,27.122391538378512
3852.4,27.69818634817179
3852.6,27.23968257461424
3852.8,27.440678324659476
3853.0,27.322674463299425
3853.2,26.399276725705096
3853.4,26.258796710804454
3853.6,26.52763919827262
3853.8,27.665580695134583
3854.0,27.270941104121945
3854.2,27.529375378013764
3854.4,28.319612751216212
3854.6,28.47098742633492
3854.8,27.82090504836844
3855.0,27.850474288723504
3855.2,27.698951135781705
3855.4,27.648132975701863
3855.6,27.79932278599379
3855.8,26.929536724441483
3856.0,27.216623104074603
3856.2,27.546830628029856
3856.4,26.142213835732907
3856.6,26.428674005299232
3856.8,25.678506088234926
3857.0,24.987225695694217
3857.2,23.613004450012212
3857.4,23.753427668729334
3857.6,24.080224556336596
3857.8,23.2623586878519
3858.0,23.61704529977459
3858.2,23.274561071293242
3858.4,23.858485730942327
3858.6,24.073296282862483
3858.8,25.21307191529962
3859.0,25.13198994768385
3859.2,25.520240260477376
3859.4,25.550325630713687
3859.6,25.22388687251158
3859.8,25.379510911324353
3860.0,25.89699392817088
3860.2,25.614831176245207
3860.4,23.767067264403828
3860.6,23.768486177087638
3860.8,23.83599188137881
3861.0,23.47796129803963
3861.2,22.787365582468215
3861.4,21.922507189406662
3861.6,22.31172605568185
3861.8,22.159046361438023
3862.0,21.67219535146151
3862.2,21.55719666907033
3862.4,21.764317029351588
3862.6,22.047438364255676
3862.8,22.635462117874408
3863.0,22.48617568095016
3863.2,21.6622568743019
3863.4,21.802698873388664
3863.6,20.841034947708845
3863.8,21.404694820369773
3864.0,21.489545877141367
3864.2,22.244861808714333
3864.4,21.459001115166018
3864.6,20.745938185992348
3864.8,21.403334163463718
3865.0,20.74137056851081
3865.2,21.114469759877863
3865.4,21.06698706167596
3865.6,21.60885222628737
3865.8,21.249638919950232
3866.0,20.270320954583955
3866.2,20.068279990990916
3866.4,21.25643399192649
3866.6,21.145620705740015
3866.8,21.173470368748145
3867.0,21.066816636843356
3867.2,21.58044005012032
3867.4,21.964390189428332
3867.6,22.094773691856176
3867.8,21.14901824420788
3868.0,21.28512666795062
3868.2,20.68304581262188
3868.4,20.821534957099477
3868.6,21.095785302618488
3868.8,20.546818812561867
3869.0,21.059123285582903
3869.2,21.02684829469964
3869.4,21.654510550250162
3869.6,21.889893123309246
3869.8,21.516792769582267
3870.0,21.99876679539637
3870.2,21.688818959600482
3870.4,22.183197849851787
3870.6,22.48523959790816
3870.8,22.308105172019008
3871.0,22.16372203801326
3871.2,21.771307646286676
3871.4,22.250117953193556
3871.6,22.062363213067172
3871.8,22.87534037830335
3872.0,22.846959131698547
3872.2,22.228690065494398
3872.4,21.4525611509912
3872.6,21.074950216724353
3872.8,21.200063262902873
3873.0,20.548889906258033
3873.2,21.176447204960162
3873.4,21.27726810468166
3873.6,21.34488086194142
3873.8,21.49996158507669
3874.0,21.748990434804053
3874.2,22.419784696923514
3874.4,21.680878864086267
3874.6,21.950772652748633
3874.8,21.474975076443876
3875.0,21.528350684486448
3875.2,21.65585916539837
3875.4,20.816341958745216
3875.6,21.505176720478367
3875.8,21.229200949848476
3876.0,22.90386396412952
3876.2,22.887970715608073
3876.4,23.069844140886325
3876.6,22.803111137344636
3876.8,21.75769193435925
3877.0,21.298672045919773
3877.2,21.554814762840905
3877.4,21.5027310483047
3877.6,21.437850376485045
3877.8,22.23048820391763
3878.0,22.159618721462586
3878.2,22.33642549668888
3878.4,21.849531182024933
3878.6,22.4959181923121
3878.8,23.07682130695493
3879.0,23.347301741799814
3879.2,23.034652423541978
3879.4,22.512789244032255
3879.6,21.852986487330483
3879.8,22.036610990913967
3880.0,21.933655316184616
3880.2,22.09811151336205
3880.4,22.370322441592588
3880.6,22.679149973966446
3880.8,22.797073717821178
3881.0,22.66305315332486
3881.2,22.360288842723403
3881.4,22.682560492564214
3881.6,24.141477292037322
3881.8,24.542421527001963
3882.0,24.03418539891748
3882.2,24.415440492068534
3882.4,24.6784472188564
3882.6,26.52330225865372
3882.8,26.237073318611486
3883.0,26.217064345102777
3883.2,26.054583207820162
3883.4,25.6353840490068
3883.6,25.275344690891004
3883.8,25.69116577525811
3884.0,25.40546553587256
3884.2,25.957442812956273
3884.4,26.143713157459626
3884.6,25.72058909982394
3884.8,25.71674804735194
3885.0,24.524365392106873
3885.2,25.043289414159023
3885.4,25.16927685362886
3885.6,24.954614567520665
3885.8,24.235184038257984
3886.0,23.47566485901894
3886.2,22.287918008725743
3886.4,22.306654362791857
3886.6,22.01082645767165
3886.8,22.999598295600144
3887.0,23.20894679668786
3887.2,22.656226636993967
3887.4,23.154028373789505
3887.6,23.72955186656013
3887.8,23.54029335892301
3888.0,22.745448411566226
3888.2,22.24060402822229
3888.4,22.08091074114048
3888.6,21.6199852780835
3888.8,21.906086888644364
3889.0,22.637343328436174
3889.2,22.630348288845006
3889.4,22.11129407822956
3889.6,21.41454520717806
3889.8,21.885819597164527
3890.0,23.09029258613791
3890.2,23.15968712876147
3890.4,23.188851489237926
3890.6,23.452000686988022
3890.8,24.00688029243355
3891.0,23.701968479446283
3891.2,23.28789711063084
3891.4,23.72867797487432
3891.6,23.93383837455758
3891.8,24.976609030342793
3892.0,24.218064985927214
3892.2,24.44677156112405
3892.4,24.163291167294823
3892.6,23.236372099160608
3892.8,24.327708296117976
3893.0,23.736880823644128
3893.2,22.978619233518888
3893.4,24.28455190590978
3893.6,23.829728032362183
3893.8,24.1745033030668
3894.0,24.409235606116123
3894.2,24.373166978554508
3894.4,25.116149676133738
3894.6,24.47497000438733
3894.8,24.840746727083967
3895.0,23.596105569859965
3895.2,23.72384528784856
3895.4,24.351317541689134
3895.6,24.34230454324243
3895.8,25.043988265884032
3896.0,25.191267906251543
3896.2,26.434005627903936
3896.4,27.36670719555177
3896.6,27.376163382216966
3896.8,27.434529519743865
3897.0,28.08107031196686
3897.2,28.03040067676724
3897.4,28.536919379641287
3897.6,27.872012127273717
3897.8,28.466551570557733
3898.0,28.78024191991773
3898.2,29.107407204298323
3898.4,28.612448651377157
3898.6,27.29309434366988
3898.8,26.717883856613724
3899.0,27.302981321665634
3899.2,26.555948097913475
3899.4,26.77470671701995
3899.6,27.000513869113906
3899.8,26.75576713643247
3900.0,27.508899228898088
3900.2,27.545368605894595
3900.4,27.734953087805785
3900.6,27.413868993206364
3900.8,27.926582834489693
3901.0,27.552653208718745
3901.2,27.33967116561209
3901.4,26.073713013895347
3901.6,27.0538103821106
3901.8,26.768505439191745
3902.0,26.4982460793515
3902.2,26.464106601372755
3902.4,26.225819735766812
3902.6,25.681911816926643
3902.8,26.16928453046068
3903.0,27.037411040489637
3903.2,27.079278373850176
3903.4,25.555804043816032
3903.6,24.664574548090027
3903.8,24.538513309847797
3904.0,24.643540303130024
3904.2,25.026278729581982
3904.4,25.157313527324302
3904.6,25.635746402268538
3904.8,26.397287676900014
3905.0,25.11932585315848
3905.2,24.81345274813433
3905.4,23.51187208987005
3905.6,24.371266055657532
3905.8,23.971448456107392
3906.0,24.741095234123005
3906.2,23.887276799347738
3906.4,24.343237482053684
3906.6,24.91345933815348
3906.8,24.570629573282254
3907.0,25.84473316581267
3907.2,25.41953042104078
3907.4,25.293767466550445
3907.6,25.85714706113024
3907.8,25.120233940475472
3908.0,25.707582093930895
3908.2,26.294492654629487
3908.4,25.68830875335463
3908.6,26.621854054883492
3908.8,26.17312706733978
3909.0,26.719192786493664
3909.2,26.104600314871828
3909.4,26.518687235990953
3909.6,26.388658091054808
3909.8,26.086390018385067
3910.0,25.874971265227398
3910.2,26.43592575860221
3910.4,26.99699163652606
3910.6,26.904944470315865
3910.8,25.758496932101885
3911.0,26.45443363182029
3911.2,26.894625845209617
3911.4,27.418930832341353
3911.6,26.49178873186606
3911.8,26.19003795243144
3912.0,25.95429335657453
3912.2,25.81092974486021
3912.4,27.08258699030301
3912.6,26.81923592044896
3912.8,25.52896179095198
3913.0,25.54365941374908
3913.2,25.949908353103442
3913.4,25.663835346189895
3913.6,25.30890167921001
3913.8,24.848259030470597
3914.0,24.31247191991565
3914.2,24.46149880064035
3914.4,25.05621063856784
3914.6,23.414223178959666
3914.8,23.661255427887788
3915.0,22.79999443740735
3915.2,22.63445627088926
3915.4,22.87228265550948
3915.6,22.41021616943818
3915.8,23.088432124320622
3916.0,24.04864239603953
3916.2,24.321907545926468
3916.4,24.25875942355684
3916.6,23.71166898258265
3916.8,24.880923821477673
3917.0,25.6261316210813
3917.2,25.18286325182631
3917.4,25.156075889752003
3917.6,24.72574205803131
3917.8,25.18716239269468
3918.0,24.696042150445308
3918.2,24.86078562152974
3918.4,24.617073741152822
3918.6,24.539090374558686
3918.8,24.996890949726
3919.0,23.929696658168545
3919.2,24.295650682948143
3919.4,24.922589687791678
3919.6,24.91181794077319
3919.8,25.073122635435187
3920.0,24.734335462439528
3920.2,24.555946925829822
3920.4,24.617027088793293
3920.6,24.853242134491364
3920.8,23.915234801376307
3921.0,23.493315458913173
3921.2,23.519042496939626
3921.4,23.662455770987115
3921.6,23.779072526891028
3921.8,23.655184943467212
3922.0,23.64878004915512
3922.2,24.070902087115527
3922.4,23.59719697903253
3922.6,23.663401088240835
3922.8,24.383359474341873
3923.0,24.630558806407734
3923.2,24.139259484489944
3923.4,24.27326449850987
3923.6,24.458370940171854
3923.8,24.193922233392854
3924.0,23.434880061520925
3924.2,22.958736878882355
3924.4,23.665191240508086
3924.6,22.899204007679966
3924.8,23.165037338290894
3925.0,23.041397663678485
3925.2,22.815363883647052
3925.4,22.90563559100451
3925.6,23.842398644751835
3925.8,22.92937399698375
3926.0,22.384213411230206
3926.2,22.610952526169758
3926.4,22.594189532247093
3926.6,21.821662281395064
3926.8,21.769825272661237
3927.0,20.937409960154287
3927.2,21.449566155203144
3927.4,21.456499839802206
3927.6,21.91680795912812
3927.8,21.60153647240346
3928.0,21.234435614949312
3928.2,21.56975742732977
3928.4,21.399093169242988
3928.6,21.84774611511367
3928.8,21.75017376389777
3929.0,22.19692181370615
3929.2,22.71542852511409
3929.4,22.502652501276486
3929.6,22.423893372057
3929.8,22.425367186939802
3930.0,21.514928425558043
3930.2,21.939728236612645
3930.4,21.979456933507254
3930.6,22.016527470172925
3930.8,21.76430817090473
3931.0,22.20480422660441
3931.2,22.00105249112019
3931.4,22.510714357823915
3931.6,22.270913086116924
3931.8,21.745725918110757
3932.0,21.626198001029678
3932.2,21.13709445056969
3932.4,20.58835958355334
3932.6,20.681533877751686
3932.8,21.998953652694134
3933.0,22.02579304504287
3933.2,22.391708819476403
3933.4,22.05722154061554
3933.6,21.247685324303834
3933.8,21.233723250021832
3934.0,22.250085483946037
3934.2,21.63005209776896
3934.4,21.94385495783285
3934.6,21.761137223363008
3934.8,22.22967410671863
3935.0,22.164934143743995
3935.2,21.920477878145693
3935.4,21.76920874260413
3935.6,22.522653168340764
3935.8,23.046645136357245
3936.0,22.870679283952473
3936.2,22.753625855492842
3936.4,22.272756957590644
3936.6,22.477200638454754
3936.8,22.842366726871617
3937.0,22.94830506847825
3937.2,22.920270464668064
3937.4,22.648867115307404
3937.6,22.849311512480618
3937.8,22.59647319908591
3938.0,22.2259680047908
3938.2,21.94208419411123
3938.4,21.952199819956544
3938.6,22.03715095121153
3938.8,21.6272341561967
3939.0,21.582091584768808
3939.2,22.044508568676076
3939.4,22.50372180723781
3939.6,23.26514578774571
3939.8,23.681305228361712
3940.0,23.111875746197793
3940.2,22.957104161115947
3940.4,22.184646292272806
3940.6,22.096521811550854
3940.8,22.126343120343886
3941.0,22.472626605919835
3941.2,22.770195040673563
3941.4,23.484762705449107
3941.6,23.6873114488435
3941.8,22.943941483705935
3942.0,23.59763707017899
3942.2,23.55937267779339
3942.4,23.170883473275662
3942.6,22.838205077197316
3942.8,23.26029632154546
3943.0,22.810430905286033
3943.2,22.936521284176866
3943.4,23.948717589799298
3943.6,23.17260706278183
3943.8,23.662422744961663
3944.0,23.476097630602574
3944.2,24.353508809949254
3944.4,24.219405163435862
3944.6,24.22545543140869
3944.8,23.55716089943396
3945.0,23.544858209920598
3945.2,24.352221625605704
3945.4,24.82976730785046
3945.6,25.103826862462704
3945.8,26.035469267264467
3946.0,26.19640664045075
3946.2,25.05578577828592
3946.4,24.429953097543926
3946.6,23.63655548335464
3946.8,25.13737489238769
3947.0,25.55283158625449
3947.2,25.16150160256201
3947.4,25.163851922406437
3947.6,25.32396816154948
3947.8,26.173360655732424
3948.0,26.454861769928506
3948.2,26.436614577253806
3948.4,25.51738600181813
3948.6,25.769213848399982
3948.8,25.097433506068136
3949.0,24.784299876898928
3949.2,25.359883543650668
3949.4,25.84546979675008
3949.6,25.92875478571593
3949.8,26.239072223901697
3950.0,25.599046874366582
3950.2,25.618936537895472
3950.4,26.344606063430614
3950.6,26.00434785967392
3950.8,26.363783978035443
3951.0,25.62550781639669
3951.2,25.20734202652241
3951.4,25.126705744243694
3951.6,26.174861502163527
3951.8,25.338180762510582
3952.0,24.612402428551725
3952.2,24.74496208563991
3952.4,23.820129370920334
3952.6,23.573670735856325
3952.8,23.119306447718103
3953.0,22.672767610815914
3953.2,22.64723194829109
3953.4,22.267059019948174
3953.6,22.458894853339867
3953.8,22.88640745133658
3954.0,23.53780854640351
3954.2,23.781344721477392
3954.4,22.92149261591546
3954.6,22.872514061682843
3954.8,23.24979773132714
3955.0,22.702061498798223
3955.2,23.355936304366676
3955.4,24.204765443244312
3955.6,24.197037888159755
3955.8,25.307946468786355
3956.0,24.90776030551103
3956.2,23.94117862165747
3956.4,24.286512936366
3956.6,24.566767333294305
3956.8,24.704045089230423
3957.0,23.965643025618807
3957.2,24.529728275009077
3957.4,24.79081080695334
3957.6,24.794672986761164
3957.8,24.419444896225748
3958.0,23.921688588726802
3958.2,22.936111556609163
3958.4,23.586694310092774
3958.6,24.268419021176044
3958.8,25.45266356332004
3959.0,23.826922446593937
3959.2,23.28143538697351
3959.4,23.253115757132363
3959.6,24.014299775506306
3959.8,24.48808375940167
3960.0,24.424200147680594
3960.2,24.256499379360157
3960.4,24.10081836053843
3960.6,23.249061720335806
3960.8,24.071567846183797
3961.0,23.66568948162591
3961.2,23.80245016400172
3961.4,23.20892070369093
3961.6,24.06570250052286
3961.8,23.993141504127028
3962.0,24.279921445712937
3962.2,24.163151734132697
3962.4,23.703173082473278
3962.6,23.449030806905338
3962.8,24.84084662160243
3963.0,23.739525507135962
3963.2,23.73416144453116
3963.4,24.35153511049597
3963.6,23.803304367130824
3963.8,24.01892893450188
3964.0,24.6155603213408
3964.2,24.98696843914661
3964.4,24.51946910817155
3964.6,23.93754324163077
3964.8,24.861301534519683
3965.0,24.242422571827923
3965.2,23.624753591347485
3965.4,24.26066613792961
3965.6,24.287799676479167
3965.8,24.59849925426008
3966.0,23.940272862600903
3966.2,23.932848164293304
3966.4,23.04549602033847
3966.6,23.981057511505767
3966.8,24.095240569592068
3967.0,24.340937534919785
3967.2,23.812198840225708
3967.4,23.866123413830902
3967.6,24.460790703121113
3967.8,24.82946332063388
3968.0,24.725973916644474
3968.2,25.45365122798512
3968.4,24.69318876087836
3968.6,24.684608563571636
3968.8,24.276629507655947
3969.0,24.58861258339898
3969.2,24.221319330891493
3969.4,23.485164466580404
3969.6,24.620289504882308
3969.8,24.6025103497512
3970.0,24.975745361549695
3970.2,24.98549428632469
3970.4,24.200318311031136
3970.6,24.133272685782323
3970.8,25.631889324456928
3971.0,25.26931429233896
3971.2,25.832812333514962
3971.4,24.872906259251458
3971.6,25.13645356750804
3971.8,24.67705085474489
3972.0,24.76994606768729
3972.2,24.72990277683124
3972.4,24.736418947421875
3972.6,24.511516443235916
3972.8,24.858291537140232
3973.0,25.464472451681548
3973.2,25.945118374248786
3973.4,25.32059044667851
3973.6,26.356659107360578
3973.8,26.15099698595076
3974.0,24.260433248833337
3974.2,25.17960060535018
3974.4,24.981923258608102
3974.6,24.724808846214014
3974.8,25.178978555863083
3975.0,24.37533847379724
3975.2,24.572658436182824
3975.4,24.239801386804608
3975.6,24.423634543048287
3975.8,24.7048339858268
3976.0,24.26578831974401
3976.2,24.903508306764888
3976.4,23.741249686108716
3976.6,22.383735800428838
3976.8,22.83641811346767
3977.0,22.66309826113483
3977.2,22.293189450195644
3977.4,21.194973815576073
3977.6,21.97749803130007
3977.8,21.749453522163314
3978.0,22.34971353216011
3978.2,23.824864012336363
3978.4,22.75897343137272
3978.6,22.98521515533703
3978.8,21.8922281920787
3979.0,21.502113182803207
3979.2,20.576991377242134
3979.4,21.055021595382648
3979.6,21.18754959951402
3979.8,21.9139647511142
3980.0,21.9372550361339
3980.2,21.343138405856585
3980.4,21.001105383521313
3980.6,21.890183896924547
3980.8,20.907426585845236
3981.0,20.80109393692173
3981.2,20.53417803029574
3981.4,19.879170833210964
3981.6,19.242735359174976
3981.8,19.648570017325092
3982.0,19.5858041368363
3982.2,19.700601511698196
3982.4,19.592110218964987
3982.6,19.47123637642871
3982.8,19.68992167390294
3983.0,19.71160397799118
3983.2,20.1171058008806
3983.4,20.2998882788698
3983.6,20.321667742647882
3983.8,20.797940146557558
3984.0,20.888152937430064
3984.2,20.772983923621386
3984.4,20.61335857572648
3984.6,21.140306845615303
3984.8,21.130087553352368
3985.0,20.012640406676798
3985.2,20.128701448882516
3985.4,20.24854926046148
3985.6,20.57057505629559
3985.8,20.421680729021013
3986.0,20.77359709235389
3986.2,21.074432477554996
3986.4,21.635713057350053
3986.6,21.535672690140352
3986.8,21.478935536690905
3987.0,21.164130563741537
3987.2,21.172145331295514
3987.4,21.172384508257345
3987.6,20.76013487501353
3987.8,20.857724747974537
3988.0,21.127786152835352
3988.2,20.893583633312094
3988.4,21.137788367417627
3988.6,20.634854872927907
3988.8,21.540515144415874
3989.0,21.028491330184842
3989.2,21.023935794732104
3989.4,20.861958506083514
3989.6,20.526665949937566
3989.8,20.963554663478394
3990.0,22.036540823355732
3990.2,22.11784096500772
3990.4,22.433589778932518
3990.6,22.797884685234035
3990.8,23.334143745044518
3991.0,24.377834126437868
3991.2,24.67702931865158
3991.4,25.02299876197616
3991.6,24.966390801766963
3991.8,24.41883590421358
3992.0,24.60608663317259
3992.2,24.989839646806992
3992.4,25.392057148232894
3992.6,25.2000449523838
3992.8,24.91005212589147
3993.0,24.352252061162684
3993.2,23.807429950572168
3993.4,23.94328502484944
3993.6,22.775619198667705
3993.8,22.020550082694108
3994.0,23.21296333109342
3994.2,22.744575007109248
3994.4,22.68929858273619
3994.6,22.9452755960186
3994.8,22.733858007967257
3995.0,22.18721073136139
3995.2,22.156689685879236
3995.4,22.343932975095704
3995.6,22.6124926901161
3995.8,22.087077819144973
3996.0,21.96847902911692
3996.2,21.247625183255614
3996.4,21.938020403067252
3996.6,22.72380824105256
3996.8,22.850689672714452
3997.0,22.702480371247553
3997.2,22.59221116838257
3997.4,23.286345767536815
3997.6,23.58696244832021
3997.8,23.863860398495973
3998.0,23.14190916997354
3998.2,22.776745588447845
3998.4,22.449826603541176
3998.6,23.05992762574006
3998.8,22.762226832846963
3999.0,23.639948419518934
3999.2,24.163369109590164
3999.4,24.519026576377595
3999.6,24.347716570376654
3999.8,24.172091466591134
4000.0,24.039933970787292
4000.2,23.412154761608214
4000.4,23.899806904950136
4000.6,24.221766231559553
4000.8,24.733482095820456
4001.0,24.46702226689325
4001.2,24.293339729264048
4001.4,24.06703441042566
4001.6,23.7232298160848
4001.8,23.753556670684873
4002.0,22.96001659820963
4002.2,23.549839218833803
4002.4,23.58400202170735
4002.6,23.153810898212974
4002.8,23.15303728264714
4003.0,23.54871507018366
4003.2,22.897722102803513
4003.4,22.959862515137907
4003.6,22.995543371763027
4003.8,22.891804044646754
4004.0,22.4864085412587
4004.2,22.61826304245819
4004.4,21.376345694499594
4004.6,21.658614941534996
4004.8,21.292008923621456
4005.0,21.230360292659327
4005.2,20.972623826157324
4005.4,21.019281727405307
4005.6,20.829927788775613
4005.8,20.992912884195224
4006.0,20.94702427681471
4006.2,21.07292719564951
4006.4,21.163434462483014
4006.6,20.916314182617455
4006.8,19.460462485447657
4007.0,19.937538186688045
4007.2,19.31109820470075
4007.4,19.55819452247503
4007.6,19.711441361421777
4007.8,18.970015777272863
4008.0,19.24841287063714
4008.2,19.07738174261436
4008.4,20.490339186451813
4008.6,20.56276089829357
4008.8,20.36239261580336
4009.0,20.049728505813555
4009.2,20.055644850894083
4009.4,20.576797352370995
4009.6,20.37927553099161
4009.8,20.46471642817693
4010.0,20.077079407756774
4010.2,19.220557475281574
4010.4,19.313517056468214
4010.6,19.306759587243455
4010.8,19.565198914596017
4011.0,19.557569050784515
4011.2,19.42987470875335
4011.4,19.521585694074744
4011.6,19.914841083187707
4011.8,20.684949199035017
4012.0,20.454803766759817
4012.2,20.48564645298715
4012.4,20.513417387840324
4012.6,20.391316110500664
4012.8,20.718757324701166
4013.0,20.67968791199499
4013.2,20.16391200169933
4013.4,20.90902958039647
4013.6,20.44881760818329
4013.8,20.37037508567569
4014.0,19.739701007540454
4014.2,19.132238874463543
4014.4,19.439196068241895
4014.6,19.624729202405614
4014.8,19.023729269084782
4015.0,18.652599484076394
4015.2,18.702862911184265
4015.4,18.93581808200158
4015.6,19.132674664459085
4015.8,19.208334447371012
4016.0,19.39698324581094
4016.2,19.69222008395066
4016.4,19.660204913030515
4016.6,19.486198443252633
4016.8,19.869866698020214
4017.0,19.277445825954146
4017.2,19.33861329403769
4017.4,19.545589432440458
4017.6,19.192856526748635
4017.8,18.498331406153767
4018.0,18.53061805914043
4018.2,18.549522280076395
4018.4,18.71301690480534
4018.6,19.104114540448602
4018.8,19.087631741101944
4019.0,18.895679173691214
4019.2,18.90842883846536
4019.4,19.156993356305442
4019.6,19.495094167181612
4019.8,19.577468069606642
4020.0,19.642804915668467
4020.2,19.534072915612278
4020.4,19.389277164265227
4020.6,19.109579686104837
4020.8,19.355316723709443
4021.0,19.439639632433085
4021.2,19.78344891631948
4021.4,19.730342494277895
4021.6,19.740139259672432
4021.8,19.766834225117428
4022.0,19.43320733324448
4022.2,19.652792142010707
4022.4,19.464473493569006
4022.6,19.617246489822186
4022.8,19.603671679856024
4023.0,19.59378163323745
4023.2,18.931515855114867
4023.4,19.252186514535786
4023.6,19.23209373772285
4023.8,19.160414078350463
4024.0,18.626013702565146
4024.2,18.53677345224884
4024.4,19.24804606760588
4024.6,18.570514427120973
4024.8,19.133557891669874
4025.0,18.560672073518017
4025.2,17.836280872869967
4025.4,17.979699929090685
4025.6,18.20568252948287
4025.8,18.049481006247976
4026.0,17.921471557310472
4026.2,17.74698707391264
4026.4,17.602888068438446
4026.6,17.52585350663587
4026.8,17.927948565498777
4027.0,17.95918900944079
4027.2,17.62872043540113
4027.4,17.269865859093375
4027.6,17.628017872088552
4027.8,17.219784164345477
4028.0,17.18816889124035
4028.2,17.1754756919521
4028.4,17.16660721195199
4028.6,16.95179335666714
4028.8,17.068260145037815
4029.0,16.788744659367513
4029.2,16.709071005677597
4029.4,17.21386015984234
4029.6,16.90383111287898
4029.8,16.67167926066089
4030.0,16.239919584310123
4030.2,16.142785234147752
4030.4,16.94762168423838
4030.6,17.164644193547083
4030.8,17.447272810818987
4031.0,17.422447380694965
4031.2,17.198317094314326
4031.4,17.458829741484543
4031.6,17.324524962689168
4031.8,17.425726186196883
4032.0,17.062853045808833
4032.2,17.40603349289993
4032.4,17.255908187998436
4032.6,17.458358663297883
4032.8,17.356915570879103
4033.0,17.015388364106826
4033.2,17.246524990573665
4033.4,17.547134505917583
4033.6,17.95032028197536
4033.8,17.74650081915877
4034.0,17.368721494967044
4034.2,17.353958050318873
4034.4,17.256105511347673
4034.6,17.62958206875808
4034.8,17.11938746178582
4035.0,17.280634735444906
4035.2,17.244610692242844
4035.4,17.901774787383676
4035.6,18.330633468057368
4035.8,18.383788057222873
4036.0,17.9689842091901
4036.2,18.276231709868824
4036.4,18.55103280286414
4036.6,17.839044903466792
4036.8,17.502998000075014
4037.0,17.207688214458454
4037.2,16.992483574901794
4037.4,17.588067039967488
4037.6,18.443728636514678
4037.8,18.12909165337935
4038.0,18.68289145863499
4038.2,18.068334387777988
4038.4,18.786476836425464
4038.6,18.739185107033958
4038.8,18.06958504014345
4039.0,18.387063895821743
4039.2,18.239387319921367
4039.4,18.43008579545479
4039.6,18.88904927702032
4039.8,19.32188939022077
4040.0,18.6970819932132
4040.2,18.40817479949187
4040.4,18.588205978960385
4040.6,18.422316760866128
4040.8,18.310138476745706
4041.0,18.457175018387993
4041.2,18.20618470344182
4041.4,18.161907505332298
4041.6,18.175776599344008
4041.8,18.54511777435871
4042.0,19.331729069934596
4042.2,18.429036790883156
4042.4,18.580507270538835
4042.6,19.070355223883777
4042.8,18.357346551494956
4043.0,18.033883737303405
4043.2,18.503914821279565
4043.4,18.233984994804622
4043.6,18.32150935916889
4043.8,19.100849070668325
4044.0,19.022892076859375
4044.2,19.36934116788169
4044.4,19.300808179470074
4044.6,19.399395661425583
4044.8,19.74051267812186
4045.0,19.70168776885521
4045.2,19.29426313960765
4045.4,19.899781627646323
4045.6,20.258151675618755
4045.8,20.36312892278962
4046.0,19.75910259585643
4046.2,19.7745537955536
4046.4,20.089358161187395
4046.6,20.241601897625184
4046.8,19.84397659337787
4047.0,20.329713349142985
4047.2,20.411990792494986
4047.4,19.955780913107578
4047.6,20.02020358269504
4047.8,19.319276016742137
4048.0,19.034197993259166
4048.2,19.159334313363928
4048.4,19.7278579493754
4048.6,20.225443638672772
4048.8,19.839813118904257
4049.0,19.197537850387977
4049.2,19.636172005767953
4049.4,19.6230746565962
4049.6,19.465691639824364
4049.8,19.256391487842667
4050.0,19.095746079158488
4050.2,19.541372862542964
4050.4,19.91122709444437
4050.6,19.79564060600573
4050.8,20.627472628046732
4051.0,19.928589928065737
4051.2,19.193612697360066
4051.4,19.272304343608067
4051.6,19.719403662328265
4051.8,19.491212201457312
4052.0,19.162760663479776
4052.2,19.12680758184119
4052.4,19.330481516453986
4052.6,19.219001436774814
4052.8,19.233098656789107
4053.0,18.83171355278231
4053.2,18.07091875079273
4053.4,18.159763352983205
4053.6,17.686767657678256
4053.8,17.96327358323147
4054.0,18.22858102166843
4054.2,18.408117215113307
4054.4,18.557464286676154
4054.6,18.42435942968918
4054.8,18.260759473895664
4055.0,18.786645582598357
4055.2,18.356091211347234
4055.4,17.847866800965683
4055.6,17.842803659069766
4055.8,17.7280706299683
4056.0,17.359876898444522
4056.2,17.78361668457404
4056.4,17.665703529844276
4056.6,17.793061588643845
4056.8,17.824503605397027
4057.0,17.625399043040673
4057.2,18.150972179316103
4057.4,18.38413861175414
4057.6,18.18981719437982
4057.8,17.997637846372626
4058.0,18.00189488242812
4058.2,18.116274409699855
4058.4,18.637690768867493
4058.6,18.384138365531697
4058.8,18.00084422819819
4059.0,17.89299888866527
4059.2,17.994897154594643
4059.4,17.440874443960386
4059.6,17.921761235176835
4059.8,18.366002121568307
4060.0,17.99437297729376
4060.2,18.68740636737625
4060.4,18.54789722388691
4060.6,18.82944169262274
4060.8,19.4649976131914
4061.0,18.87555021556992
4061.2,18.855286533104366
4061.4,18.99641952628223
4061.6,19.06968066477433
4061.8,19.209309920431508
4062.0,18.67506248641017
4062.2,19.01865695074617
4062.4,19.113294472900634
4062.6,18.906805782344172
4062.8,18.83869055511251
4063.0,19.008562287510497
4063.2,19.82503110982509
4063.4,20.31513902314291
4063.6,20.271292587659406
4063.8,19.94105013955891
4064.0,19.6035242823097
4064.2,19.441131844452315
4064.4,19.30802808643643
4064.6,19.857007888516783
4064.8,19.976472957056274
4065.0,19.895965806780953
4065.2,20.070702483360886
4065.4,20.064539925445818
4065.6,20.192625452323213
4065.8,20.115545228844105
4066.0,19.91715138364612
4066.2,20.905979969308845
4066.4,20.52151547121291
4066.6,20.168677646702413
4066.8,20.517680410382212
4067.0,20.89780311036987
4067.2,20.1650500264411
4067.4,19.728549331417007
4067.6,19.55174015967527
4067.8,19.92595547182979
4068.0,19.8455437334327
4068.2,20.177417892656067
4068.4,20.289307199093408
4068.6,20.802506203634294
4068.8,20.634896323893198
4069.0,21.11570588869034
4069.2,20.804017451147093
4069.4,20.687422674712366
4069.6,20.43621924752321
4069.8,20.514295214112618
4070.0,20.860648492042007
4070.2,20.388217356969697
4070.4,20.421128991375106
4070.6,20.027823144172334
4070.8,20.216412526878752
4071.0,20.24723431503114
4071.2,20.680925970709126
4071.4,20.89066055064597
4071.6,20.989379309710475
4071.8,21.001765360026155
4072.0,20.55694710745361
4072.2,20.974407231509925
4072.4,20.822051136319793
4072.6,20.607250550069296
4072.8,20.7879330244767
4073.0,21.125756422033838
4073.2,20.82652032864308
4073.4,21.082842499122414
4073.6,21.27295173102516
4073.8,21.244523160753715
4074.0,20.998044950890943
4074.2,21.164480731318918
4074.4,21.237702256652774
4074.6,20.55317262497582
4074.8,20.115451307551563
4075.0,20.411316181305878
4075.2,20.51713643498609
4075.4,20.661495917612662
4075.6,19.86628493097726
4075.8,20.282879400643044
4076.0,19.895279225757147
4076.2,19.727840314994364
4076.4,20.071417721715346
4076.6,19.829432419867466
4076.8,19.569777720759937
4077.0,19.620390973050025
4077.2,19.350284921693444
4077.4,19.10784685190873
4077.6,19.560919860948058
4077.8,19.154224338919946
4078.0,18.67477061978028
4078.2,18.818671585587516
4078.4,18.43606590635536
4078.6,18.57085914212489
4078.8,18.64022460150782
4079.0,18.367501681259743
4079.2,18.51358065760542
4079.4,18.50253552412952
4079.6,18.907482508709275
4079.8,18.44657916071603
4080.0,18.927998592126453
4080.2,18.43020544760441
4080.4,18.53303973328568
4080.6,18.14206863264658
4080.8,18.52048803961456
4081.0,18.84439562809107
4081.2,18.72233995536596
4081.4,18.04734778461133
4081.6,18.259626402093268
4081.8,18.353739566856916
4082.0,17.92909359228465
4082.2,18.045772628306523
4082.4,17.901084279592972
4082.6,18.270923459292156
4082.8,18.24599988899442
4083.0,17.481022323919166
4083.2,17.770893244033587
4083.4,17.509990500713407
4083.6,17.513639467874178
4083.8,17.70086505069316
4084.0,17.643964073473587
4084.2,18.03123889622476
4084.4,18.38896875563303
4084.6,18.12924815433333
4084.8,17.875882511429005
4085.0,17.996210278428432
4085.2,18.144242876311697
4085.4,18.442657794068726
4085.6,18.680498243551348
4085.8,18.732514552237607
4086.0,18.706601013071968
4086.2,18.695416327021178
4086.4,18.212228806621432
4086.6,18.459435589503876
4086.8,19.112207309211673
4087.0,19.057762871700614
4087.2,18.982064421222706
4087.4,19.10116764602508
4087.6,19.865813426346868
4087.8,19.886754440606193
4088.0,19.232228612972712
4088.2,19.394982149005365
4088.4,19.744294907109474
4088.6,19.785139776243433
4088.8,19.91747358145882
4089.0,19.79729146911833
4089.2,20.749087149633546
4089.4,20.49630302646127
4089.6,20.28718544149639
4089.8,20.770031757883572
4090.0,21.6153796745763
4090.2,21.985387570992778
4090.4,22.032799664154954
4090.6,21.235683992963615
4090.8,20.91585828910853
4091.0,21.256944145049218
4091.2,21.059205401467842
4091.4,21.1898585798086
4091.6,21.627461450619126
4091.8,21.948562341732348
4092.0,22.38156384367022
4092.2,22.33425544280763
4092.4,22.32149681135652
4092.6,22.506955566742345
4092.8,22.44038483474226
4093.0,22.700763217360485
4093.2,23.114830949981506
4093.4,22.96101036509617
4093.6,23.20847878687799
4093.8,23.972154708664636
4094.0,23.124432173831778
4094.2,23.454054719322816
4094.4,23.64730782158933
4094.6,23.2330282038873
4094.8,23.516391451352234
4095.0,23.57105473437685
4095.2,25.115518243861743
4095.4,25.315565130012114
4095.6,25.497699022745675
4095.8,25.606161991648037
4096.0,25.485574737578904
4096.2,25.30897675997256
4096.4,23.97380776252762
4096.6,24.00368733974728
4096.8,23.655777312922716
4097.0,23.95075428357321
4097.2,23.684291962939486
4097.4,23.91238474069487
4097.6,25.321038331899246
4097.8,24.056551874850246
4098.0,24.043546781259188
4098.2,24.039178706397337
4098.4,23.828252985211318
4098.6,23.79177648148366
4098.8,23.700582329261934
4099.0,23.55968470694028
4099.2,23.43527196250333
4099.4,25.020397790790124
4099.6,25.099418957031617
4099.8,25.431557676833553
4100.0,25.2145112121541
4100.2,24.734793765615727
4100.4,24.55043024081505
4100.6,25.089205944624368
4100.8,25.95038938924339
4101.0,25.77204280153559
4101.2,26.221886182643637
4101.4,26.309863520742233
4101.6,25.76912408986118
4101.8,24.83780336263448
4102.0,24.023313559510232
4102.2,24.85721858457015
4102.4,24.749057488034758
4102.6,25.297051432510592
4102.8,24.88656359935973
4103.0,24.274447592048688
4103.2,24.78182024828504
4103.4,24.84720524971369
4103.6,24.912605158597678
4103.8,24.36922548598737
4104.0,24.018639484645004
4104.2,25.66015073833238
4104.4,25.132146915581572
4104.6,25.98892849297849
4104.8,25.17965786796896
4105.0,25.2245096937375
4105.2,24.892611313586013
4105.4,24.87564921825563
4105.6,24.92678110548365
4105.8,24.983734753429495
4106.0,24.57486185983531
4106.2,23.749926340370628
4106.4,24.120550746697404
4106.6,23.699806682334504
4106.8,24.202138892320754
4107.0,23.93387766956833
4107.2,24.78738521090973
4107.4,24.94871078501861
4107.6,25.230645649249787
4107.8,25.79548743926926
4108.0,24.91893746952477
4108.2,25.641192103568642
4108.4,25.22393104783908
4108.6,24.94887735565401
4108.8,24.164037322856956
4109.0,24.443280828720603
4109.2,24.9821544521307
4109.4,24.94991861094522
4109.6,25.13214821883398
4109.8,25.191576969323823
4110.0,24.948185799504788
4110.2,23.71028872098915
4110.4,24.238699115538203
4110.6,23.966879570150127
4110.8,24.46644421476514
4111.0,23.802086437999588
4111.2,24.316171020331048
4111.4,24.79570944192208
4111.6,23.740046548966482
4111.8,23.56053544358186
4112.0,23.27064194365716
4112.2,22.930836824345885
4112.4,23.77757205593862
4112.6,23.924900378396565
4112.8,24.588360864002333
4113.0,24.250268082143744
4113.2,24.102673121193547
4113.4,23.959829691387135
4113.6,23.721697217638628
4113.8,25.128998086650842
4114.0,24.619486404034234
4114.2,24.576672949619077
4114.4,24.469798443676698
4114.6,24.30755439158133
4114.8,24.50961412226837
4115.0,24.569575326282653
4115.2,26.146316881268696
4115.4,25.43796591607263
4115.6,25.30608297064788
4115.8,25.23543712623681
4116.0,24.83764523750589
4116.2,24.508047948225165
4116.4,25.14257691422486
4116.6,25.871415021630924
4116.8,25.773001737892578
4117.0,26.281027197860915
4117.2,25.64706672439284
4117.4,25.85360321322293
4117.6,26.3553620992013
4117.8,25.926779315261278
4118.0,25.319423117046114
4118.2,25.506252026699848
4118.4,25.365314375136407
4118.6,25.689564182641238
4118.8,25.22794275828214
4119.0,25.401130212071973
4119.2,24.927820668002777
4119.4,24.148713698263002
4119.6,24.53206216453073
4119.8,24.295844622260695
4120.0,24.463688892472632
4120.2,24.313274641694814
4120.4,24.093975805009364
4120.6,24.085835039236724
4120.8,23.15114430242145
4121.0,23.95150427977496
4121.2,24.612128558995714
4121.4,24.92410676958589
4121.6,24.832665614739188
4121.8,24.184475739328594
4122.0,23.24908150867322
4122.2,24.148933064496596
4122.4,24.36070619605389
4122.6,25.434414623335325
4122.8,25.4593823588583
4123.0,25.22879742786131
4123.2,24.916332610824576
4123.4,24.675190712622808
4123.6,24.75153177510321
4123.8,25.19229098295194
4124.0,24.972032952449553
4124.2,24.961971974243376
4124.4,24.713374480557576
4124.6,25.32224632019789
4124.8,24.838939288953053
4125.0,24.570465439936243
4125.2,25.599778776777047
4125.4,24.89442998392385
4125.6,24.70388508633603
4125.8,25.1269866929418
4126.0,25.200977040135367
4126.2,24.83750337000091
4126.4,24.69194731393432
4126.6,24.503364311999842
4126.8,24.215780877237172
4127.0,24.76485237354971
4127.2,24.932251251739235
4127.4,25.25734633533459
4127.6,24.700327839200376
4127.8,24.39367841500809
4128.0,24.094938848934827
4128.2,23.661910022096514
4128.4,23.7130442360414
4128.6,23.73390861629626
4128.8,23.540204897068612
4129.0,23.170762848967183
4129.2,22.591916643057935
4129.4,22.83655354172241
4129.6,23.233166097234232
4129.8,23.461875145154405
4130.0,22.870263796394447
4130.2,22.49993260793101
4130.4,22.93665037548131
4130.6,23.07984278664875
4130.8,22.693123304723827
4131.0,23.115689406375584
4131.2,23.349901843402996
4131.4,23.352809672925755
4131.6,23.47483225911024
4131.8,23.29467791136964
4132.0,22.833429541191524
4132.2,22.092397674801816
4132.4,22.34199788378829
4132.6,22.597587585152986
4132.8,22.59150335791198
4133.0,22.46416851340453
4133.2,22.89609970382599
4133.4,22.45719889352246
4133.6,22.792296090113968
4133.8,22.032397481062663
4134.0,22.717697934646736
4134.2,22.544929367967278
4134.4,22.35041657336421
4134.6,21.576359534482616
4134.8,21.668984708226443
4135.0,21.229209759500137
4135.2,22.082407809370224
4135.4,22.10238490900001
4135.6,22.59301693940291
4135.8,22.31932305422003
4136.0,23.157979826989646
4136.2,23.06541640597302
4136.4,23.043022599527013
4136.6,23.28710514530418
4136.8,23.815379878163863
4137.0,23.688157772083173
4137.2,23.397872948813546
4137.4,23.53474285281841
4137.6,23.41187493822418
4137.8,23.522654013118217
4138.0,23.48595621280819
4138.2,23.463081435413837
4138.4,22.182241211953798
4138.6,22.754462451938117
4138.8,22.60518724137023
4139.0,23.203662312073835
4139.2,22.452571046370107
4139.4,23.028109513578666
4139.6,22.749964786451805
4139.8,23.320094179741893
4140.0,23.210510587693236
4140.2,22.92330452769951
4140.4,23.27791246953579
4140.6,22.818161247435803
4140.8,23.887753423910098
4141.0,23.687547170891218
4141.2,23.48712356873992
4141.4,23.547159634359023
4141.6,23.320641075504586
4141.8,23.88098068789599
4142.0,24.4951170432839
4142.2,23.4992967770106
4142.4,23.818798758069057
4142.6,23.77378446198396
4142.8,24.295427590839562
4143.0,23.71663829404881
4143.2,24.161608877437818
4143.4,24.56912840128206
4143.6,24.6770627960294
4143.8,24.425016540798183
4144.0,24.707969030257537
4144.2,24.671355158072217
4144.4,24.968382112677226
4144.6,24.369363973418146
4144.8,24.234429075283934
4145.0,24.9734157585304
4145.2,24.555599552247138
4145.4,24.04856144098405
4145.6,23.845181797209804
4145.8,23.780012794419005
4146.0,23.568240659744596
4146.2,23.069963682713137
4146.4,23.457508064969343
4146.6,22.880654212741277
4146.8,23.529843221221416
4147.0,23.074715503663366
4147.2,23.99313916187666
4147.4,24.291991664641635
4147.6,23.733531286131814
4147.8,24.329577187320027
4148.0,24.42288790151637
4148.2,24.33114716667308
4148.4,24.561381034990365
4148.6,24.249757555244816
4148.8,24.302803174376187
4149.0,24.0257379395183
4149.2,24.31980885063483
4149.4,24.040882426176008
4149.6,23.428317255626364
4149.8,22.840306795430728
4150.0,23.62779837426782
4150.2,23.56552789062009
4150.4,23.75594302649889
4150.6,23.52368259113976
4150.8,23.346280462647155
4151.0,22.622520391598442
4151.2,22.686660705334912
4151.4,22.652314859347058
4151.6,22.844324278375275
4151.8,22.5428222169773
4152.0,21.896082742664007
4152.2,21.066666689857108
4152.4,21.369728282363592
4152.6,20.4307655349921
4152.8,20.906853254809366
4153.0,20.516401349362987
4153.2,20.386456049485147
4153.4,20.650996016342514
4153.6,20.646944364732008
4153.8,20.96762677725647
4154.0,21.45906465907679
4154.2,21.124214311437193
4154.4,21.540527597060212
4154.6,21.213454153837766
4154.8,21.29610353907492
4155.0,21.294026038354154
4155.2,21.56742284985427
4155.4,20.892034026787076
4155.6,21.639536869957663
4155.8,22.093963086781073
4156.0,21.58988457644199
4156.2,20.66120252572771
4156.4,20.191032544461812
4156.6,20.36193534749856
4156.8,20.476090267153083
4157.0,20.460732620547923
4157.2,19.804264728432276
4157.4,20.20152527521377
4157.6,20.230556018997564
4157.8,21.314894238700155
4158.0,20.73536968542122
4158.2,20.981070960011202
4158.4,21.509452939110353
4158.6,21.420082205505594
4158.8,21.141957533035402
4159.0,20.87008841432617
4159.2,20.995974886594276
4159.4,21.11218460567673
4159.6,21.216784563710732
4159.8,21.68778098132373
4160.0,22.350715295227097
4160.2,22.225421236181027
4160.4,22.714622955274205
4160.6,22.600111250855225
4160.8,21.996199089801642
4161.0,22.34653063855404
4161.2,22.39669223252261
4161.4,22.309620547363398
4161.6,22.650175160412115
4161.8,22.59054512711731
4162.0,22.459631546214407
4162.2,22.31170499948177
4162.4,22.581369193910025
4162.6,22.367469762237604
4162.8,23.25565666145075
4163.0,22.113926767083704
4163.2,22.45933807766784
4163.4,21.796117013792227
4163.6,21.320678753111288
4163.8,21.19397660607463
4164.0,21.581106026083457
4164.2,21.054223416943113
4164.4,20.75162244458621
4164.6,19.94841117162411
4164.8,19.88531313448574
4165.0,20.390609995411708
4165.2,20.48803929462704
4165.4,21.46512138970103
4165.6,21.08198029500583
4165.8,21.21012690836832
4166.0,20.695081288706643
4166.2,20.56024979733568
4166.4,20.403069730061713
4166.6,19.846809762720824
4166.8,20.03169337260802
4167.0,20.742128084709186
4167.2,20.52702530328626
4167.4,20.319259583853054
4167.6,20.495228346961078
4167.8,20.255195748583667
4168.0,19.80117972697886
4168.2,20.034272395463482
4168.4,20.255836969115247
4168.6,20.74571096809176
4168.8,20.496295192898838
4169.0,20.691347401052518
4169.2,20.715328631497382
4169.4,20.075090155322044
4169.6,20.310149024507936
4169.8,20.05068926528702
4170.0,19.927370456205825
4170.2,20.0641938607996
4170.4,20.559064792292165
4170.6,20.47422694954662
4170.8,20.70347414118617
4171.0,19.990655399934173
4171.2,19.80773231569047
4171.4,20.550924603644283
4171.6,20.46547043496428
4171.8,19.750563477627576
4172.0,20.32845411185734
4172.2,20.178722256866198
4172.4,19.26405327203306
4172.6,19.448846960283987
4172.8,19.820676675102415
4173.0,20.242929606495935
4173.2,20.933563438220233
4173.4,20.88161529794228
4173.6,20.61040111806102
4173.8,20.449494942148338
4174.0,21.079277967033548
4174.2,20.389788190618113
4174.4,20.260217109511032
4174.6,20.97226174964364
4174.8,20.9827906688419
4175.0,20.947181158486078
4175.2,21.67662924552706
4175.4,22.068337507983205
4175.6,22.554966326219123
4175.8,22.71584720351608
4176.0,22.70038553410974
4176.2,23.299867564721957
4176.4,23.61350871159475
4176.6,23.40297944238859
4176.8,23.809334421592062
4177.0,23.82056452563284
4177.2,24.277331685380542
4177.4,23.98998902468346
4177.6,23.980603719077354
4177.8,23.91787087490966
4178.0,23.533160018794813
4178.2,23.453386146734367
4178.4,24.171667460606116
4178.6,24.96888459729185
4178.8,24.752635823982203
4179.0,25.505366649697507
4179.2,25.478036526898894
4179.4,25.145912194790434
4179.6,24.65098451344417
4179.8,24.469886458175644
4180.0,24.401954758815293
4180.2,23.27576287162609
4180.4,23.031551391263974
4180.6,23.085447316110518
4180.8,23.46868427257871
4181.0,23.906055832161826
4181.2,23.93890620942198
4181.4,23.43010913722905
4181.6,23.57357503958834
4181.8,24.42520559129079
4182.0,25.057216782012407
4182.2,24.30279968739956
4182.4,24.042055969987345
4182.6,24.610415306893305
4182.8,24.62878157321849
4183.0,24.555685645148696
4183.2,23.62557525703989
4183.4,23.656750170555732
4183.6,24.198420446687123
4183.8,24.249526252081942
4184.0,24.08215217440384
4184.2,24.164943352458813
4184.4,24.00527056906777
4184.6,24.006811446208122
4184.8,23.720484760643963
4185.0,22.8229701688749
4185.2,22.77111667129473
4185.4,21.93314962819848
4185.6,21.890283629985163
4185.8,21.61459987362166
4186.0,21.33978279589803
4186.2,21.631426865737282
4186.4,21.283578870814303
4186.6,21.38851486159371
4186.8,20.966045066422396
4187.0,21.04000125854258
4187.2,21.23525115311656
4187.4,21.5075820516288
4187.6,21.34765879508521
4187.8,21.381163135431773
4188.0,21.982314225263615
4188.2,22.369925052077487
4188.4,22.57963877656762
4188.6,21.941798432100637
4188.8,21.800774554582894
4189.0,21.973760614382588
4189.2,21.726630180349286
4189.4,22.48511380878073
4189.6,22.205185450553078
4189.8,22.34601838810572
4190.0,22.200033026092125
4190.2,21.470603451459127
4190.4,21.808013539865886
4190.6,21.622895236759017
4190.8,22.384997427545112
4191.0,22.766292434834263
4191.2,22.7574490787411
4191.4,22.459028714633686
4191.6,22.651373829883987
4191.8,22.25209751657095
4192.0,22.30443127822486
4192.2,22.49350067383695
4192.4,22.422232413562703
4192.6,22.27578342435535
4192.8,22.872960607574804
4193.0,22.865329784232024
4193.2,22.489768425776575
4193.4,22.55005464925993
4193.6,22.993294802970787
4193.8,22.91573135644837
4194.0,23.0940927409463
4194.2,23.994035790298447
4194.4,23.959803873141936
4194.6,24.02215253185863
4194.8,24.106021527029636
4195.0,23.193707451103403
4195.2,22.63122911920722
4195.4,22.930606452001484
4195.6,23.783140372212785
4195.8,23.47439514233468
4196.0,23.441074288267735
4196.2,23.390792152725545
4196.4,23.297738516045822
4196.6,23.163612783894074
4196.8,23.01697722002896
4197.0,23.798619577151218
4197.2,23.56589537672443
4197.4,24.366223061862765
4197.6,23.409128199761824
4197.8,23.37599319526939
4198.0,23.84744103416515
4198.2,24.19734725346462
4198.4,24.034091844581937
4198.6,24.01462668884966
4198.8,23.756752476478
4199.0,23.21883195674328
4199.2,23.01177524216641
4199.4,23.40010327051649
4199.6,23.488754904835982
4199.8,23.393740021609787
4200.0,22.90224424079938
4200.2,23.361078808454426
4200.4,22.65591713190031
4200.6,22.928770643787523
4200.8,22.774117511151168
4201.0,22.918753631620355
4201.2,22.845804064109334
4201.4,22.58972815378759
4201.6,23.12950418013331
4201.8,22.382866942330093
4202.0,21.533699300468502
4202.2,20.785631798745285
4202.4,20.227301809026915
4202.6,20.58459868566748
4202.8,20.304660196706863
4203.0,20.59379295226117
4203.2,20.34300217477039
4203.4,20.67805362031327
4203.6,20.504466765918707
4203.8,21.06147113533179
4204.0,20.684768644041117
4204.2,20.99906359754077
4204.4,20.91376658111427
4204.6,21.332236403832518
4204.8,20.853893945855717
4205.0,21.133164601405625
4205.2,21.172125813419342
4205.4,20.88711784488224
4205.6,21.41146357006693
4205.8,21.662770308821525
4206.0,22.13007713607503
4206.2,22.77797946238991
4206.4,22.639713784597745
4206.6,22.579869004175933
4206.8,22.2470680940731
4207.0,22.313283295038474
4207.2,22.544825103800274
4207.4,23.072835263111525
4207.6,23.42010158447298
4207.8,23.288471411391413
4208.0,23.775618412207926
4208.2,22.851447438713663
4208.4,23.142695536114903
4208.6,22.79128347310227
4208.8,22.416610047067774
4209.0,22.896405011746836
4209.2,23.25712468902443
4209.4,22.850307322584335
4209.6,23.552243959278808
4209.8,23.383132974069714
4210.0,23.1618393843633
4210.2,22.54299700724541
4210.4,23.053519919515995
4210.6,23.292475925856095
4210.8,23.590941282029355
4211.0,23.9543826250922
4211.2,24.08757544873552
4211.4,24.660384038748518
4211.6,24.237437297797946
4211.8,23.709905173894924
4212.0,23.832508185775374
4212.2,24.361043809402453
4212.4,23.616250616131293
4212.6,24.041155137501207
4212.8,23.59434999297289
4213.0,23.935884120614116
4213.2,23.94553481712864
4213.4,24.214329796892248
4213.6,24.49442618176792
4213.8,24.754126226781416
4214.0,25.002730701566517
4214.2,25.23798968832559
4214.4,25.2371187766019
4214.6,25.632593737890513
4214.8,26.471691999779722
4215.0,26.275005387830834
4215.2,26.187359925581198
4215.4,26.107636614662347
4215.6,26.181717663438274
4215.8,26.704382784096786
4216.0,26.64297593861256
4216.2,25.608174759183232
4216.4,25.522364609778187
4216.6,25.45363167294312
4216.8,25.416218618483214
4217.0,25.871097416566155
4217.2,25.684139594687686
4217.4,25.515325547812452
4217.6,26.09844207268595
4217.8,25.35612827254603
4218.0,25.100797563406637
4218.2,25.46954337123637
4218.4,25.555879034183448
4218.6,25.56025236584958
4218.8,24.68446819685017
4219.0,24.933071007617514
4219.2,24.95192954810442
4219.4,24.349055610306834
4219.6,24.14966296434337
4219.8,24.221080966644003
4220.0,24.191106655121622
4220.2,23.787368246108844
4220.4,24.281321479456746
4220.6,23.7971938636236
4220.8,23.53647110670613
4221.0,23.519134711544098
4221.2,23.111969141750087
4221.4,23.259808847999018
4221.6,23.446525340974684
4221.8,23.210198096262857
4222.0,23.39898619340072
4222.2,23.50947694375901
4222.4,23.895719881331424
4222.6,24.126885495297902
4222.8,24.167801618125864
4223.0,24.549211449031457
4223.2,24.542592993541447
4223.4,24.102159165131777
4223.6,24.28639340019201
4223.8,24.33189850232882
4224.0,24.680753108944756
4224.2,24.189663398876657
4224.4,24.89795050386512
4224.6,24.846813126370524
4224.8,25.404259848103802
4225.0,25.208708003648873
4225.2,25.280709678849483
4225.4,24.916267146398503
4225.6,25.332756047660748
4225.8,25.263741707393187
4226.0,23.70860520594579
4226.2,23.93069208476279
4226.4,23.411367831220158
4226.6,23.759377269887448
4226.8,23.82956209558021
4227.0,24.88521518841511
4227.2,24.40393046954579
4227.4,25.247599281069682
4227.6,25.623164913336886
4227.8,24.74269398680888
4228.0,25.10585604458834
4228.2,25.4818897431463
4228.4,25.087706559578812
4228.6,24.478991838189053
4228.8,24.68820318956268
4229.0,25.445820264989433
4229.2,25.147865169220903
4229.4,25.963232209935803
4229.6,25.201184011735386
4229.8,25.54833885281568
4230.0,25.83237717893112
4230.2,25.867579556530846
4230.4,25.727148854183397
4230.6,25.480969305788154
4230.8,26.122470511348787
4231.0,25.635424411247225
4231.2,25.571648888280734
4231.4,26.399451350607336
4231.6,25.907080621129225
4231.8,25.776108521185055
4232.0,26.381021954541467
4232.2,26.068741121904253
4232.4,25.129124050032303
4232.6,26.967100668705676
4232.8,26.991651326961183
4233.0,26.435028970369427
4233.2,26.209189673511833
4233.4,25.473635150166828
4233.6,25.814211759982907
4233.8,25.924529194798144
4234.0,25.961831486969608
4234.2,26.3651098738681
4234.4,25.53080798762086
4234.6,25.706027164115785
4234.8,26.04228685483282
4235.0,26.21174368313127
4235.2,25.791147010413397
4235.4,25.756233378463882
4235.6,25.06601404956388
4235.8,24.406343578782774
4236.0,24.08272145672928
4236.2,24.71321530471527
4236.4,25.582835468024882
4236.6,25.509288996617837
4236.8,25.45317076282192
4237.0,25.167873164255475
4237.2,25.5814804316542
4237.4,25.819045128145177
4237.6,25.92528612844191
4237.8,27.001378584460582
4238.0,26.247942274335067
4238.2,25.757998749478276
4238.4,26.08682374202521
4238.6,26.001969104541104
4238.8,25.296103692412125
4239.0,25.181742813291162
4239.2,25.020950526176225
4239.4,24.518476307312564
4239.6,25.262260733348086
4239.8,24.852431169952087
4240.0,25.14576743774012
4240.2,25.551194095723808
4240.4,25.043397212981983
4240.6,25.815942419427238
4240.8,25.913014177597674
4241.0,26.04564590450429
4241.2,26.472110996916616
4241.4,26.664597133784067
4241.6,27.325401548307525
4241.8,26.88712524999591
4242.0,26.383655144876098
4242.2,26.635906171705837
4242.4,26.321136691901096
4242.6,26.089276106304098
4242.8,26.369384089544926
4243.0,26.333915306155802
4243.2,26.594060166746466
4243.4,26.283916782593458
4243.6,26.150199615689704
4243.8,26.74643481987485
4244.0,25.93947884696994
4244.2,26.237689316006538
4244.4,25.895200747756107
4244.6,26.044049600209252
4244.8,26.201842333386594
4245.0,25.858984253368163
4245.2,25.85642746529407
4245.4,25.283330083786886
4245.6,24.742030182447454
4245.8,24.367185903456367
4246.0,24.57973716121751
4246.2,24.483357989150804
4246.4,24.394141529233785
4246.6,25.070431776676877
4246.8,24.96150799100565
4247.0,24.83258390258808
4247.2,25.375841084879976
4247.4,24.940455908222777
4247.6,24.719052277921236
4247.8,24.13596146367102
4248.0,24.290868739001855
4248.2,24.537259264757555
4248.4,25.128519390145897
4248.6,25.528106029837993
4248.8,24.44600990767793
4249.0,25.071831682724056
4249.2,25.790217417263378
4249.4,24.805655640577292
4249.6,24.19302609405046
4249.8,24.688514765385634
4250.0,24.16359368873962
4250.2,23.666462751895946
4250.4,24.33747997433878
4250.6,24.149869452794952
4250.8,23.568572930560098
4251.0,23.509543892848757
4251.2,23.605807321936986
4251.4,23.8932435545492
4251.6,24.071439705245993
4251.8,24.513105968182597
4252.0,24.19036416062803
4252.2,24.46923751544988
4252.4,24.73788977842217
4252.6,24.843316663774214
4252.8,23.605711810269923
4253.0,23.946488756847934
4253.2,23.858197852371667
4253.4,23.403899375861762
4253.6,23.06558123891292
4253.8,23.44466680445599
4254.0,24.398091720438686
4254.2,23.54423546740089
4254.4,23.780161649352472
4254.6,23.692134971340888
4254.8,23.645939031079518
4255.0,23.89306412135435
4255.2,24.170644791498535
4255.4,24.222005944336367
4255.6,24.26871529225344
4255.8,23.655709211704725
4256.0,24.3085456347238
4256.2,24.331749939866935
4256.4,24.579419732478872
4256.6,24.88314565787853
4256.8,25.246646484949583
4257.0,25.40958044369814
4257.2,24.967490953792442
4257.4,25.207542264388994
4257.6,24.87692954177065
4257.8,24.867306873383615
4258.0,24.948135337704223
4258.2,25.341572244517483
4258.4,24.402673350050918
4258.6,24.086748562712195
4258.8,24.961939508826944
4259.0,24.85718797400598
4259.2,24.900280922752216
4259.4,24.710979849746884
4259.6,24.85168147024313
4259.8,24.404654891521837
4260.0,24.57875885683883
4260.2,23.561837718097255
4260.4,24.154358488453582
4260.6,23.95872819581279
4260.8,24.062799534285976
4261.0,24.0545436854882
4261.2,24.24321347333192
4261.4,23.92670327410736
4261.6,23.553790779582975
4261.8,23.98962270474823
4262.0,23.946887625068207
4262.2,23.851641372115232
4262.4,23.878666435782296
4262.6,22.882296029277022
4262.8,22.718111408236542
4263.0,22.772326865899124
4263.2,23.503329628465295
4263.4,23.255333767288914
4263.6,23.07130275687922
4263.8,23.565230252988382
4264.0,24.01209549787007
4264.2,23.695315749196972
4264.4,23.544151230034537
4264.6,23.52673381301214
4264.8,23.744487435354724
4265.0,24.13314393282791
4265.2,24.690234122720945
4265.4,24.275366687965608
4265.6,24.19509082506498
4265.8,24.248568179693617
4266.0,24.329981471725635
4266.2,23.836010517221634
4266.4,24.240988908725246
4266.6,24.611536257487753
4266.8,24.418754777662862
4267.0,24.84309455238285
4267.2,24.289075918073372
4267.4,24.75953935918834
4267.6,23.867753127124782
4267.8,23.427237186579216
4268.0,23.228254431144833
4268.2,23.42611575364605
4268.4,23.22422654156242
4268.6,23.532630843008825
4268.8,23.248705382105634
4269.0,23.56868941719014
4269.2,24.039838953683812
4269.4,24.02946735069896
4269.6,24.3265420803275
4269.8,24.51260587663308
4270.0,23.591084203562204
4270.2,23.6500973303249
4270.4,23.804382593130917
4270.6,23.687554173910527
4270.8,23.87899934179426
4271.0,24.691789414929296
4271.2,24.463010491651605
4271.4,24.526411570386525
4271.6,24.896344712414695
4271.8,24.842088169792728
4272.0,25.314515502186637
4272.2,24.98456807719201
4272.4,24.757130873633546
4272.6,25.600578929418518
4272.8,25.217721850893962
4273.0,25.550426055507863
4273.2,25.953595603459142
4273.4,25.414491786091823
4273.6,26.21879768528144
4273.8,25.29531521929868
4274.0,25.234434089020695
4274.2,25.337081152437552
4274.4,26.356401819808937
4274.6,26.10882061264238
4274.8,25.69705835659029
4275.0,26.05355793517704
4275.2,25.83856654997814
4275.4,26.220269844221864
4275.6,26.21922948857709
4275.8,26.112174484568413
4276.0,25.988603109445823
4276.2,25.348889507286614
4276.4,24.977541230645933
4276.6,25.07674122884295
4276.8,25.579862888786714
4277.0,25.922487715379134
4277.2,25.537731646996022
4277.4,24.716828916948188
4277.6,24.13606767619173
4277.8,24.333422604677516
4278.0,23.908686969131555
4278.2,24.57191705069366
4278.4,25.49546318448691
4278.6,24.851003600075803
4278.8,24.65791957031793
4279.0,23.752971059132268
4279.2,24.29475199630265
4279.4,24.812075581251932
4279.6,24.422623629300073
4279.8,25.046013774624498
4280.0,24.707301174594694
4280.2,25.03635379245525
4280.4,23.953541477643956
4280.6,24.508339542550026
4280.8,24.641989965820947
4281.0,24.655383816343466
4281.2,24.99213984750115
4281.4,24.542600220677304
4281.6,24.008960923876103
4281.8,24.62094113189263
4282.0,24.37719660131451
4282.2,24.32448901611619
4282.4,24.30516705401686
4282.6,24.26256809099612
4282.8,24.409314215001476
4283.0,24.281796016415033
4283.2,24.79589933544598
4283.4,24.547195394265184
4283.6,24.36365025777072
4283.8,24.642242861345252
4284.0,24.294070521074744
4284.2,24.078389137969598
4284.4,23.940613798231972
4284.6,24.095844826294964
4284.8,24.418703058702192
4285.0,24.13598066045937
4285.2,24.367828417950626
4285.4,23.977911769728458
4285.6,24.451166626160656
4285.8,24.121565281179095
4286.0,23.44347720103775
4286.2,24.215671443706782
4286.4,24.046167902168794
4286.6,23.549463443629932
4286.8,23.08384057525948
4287.0,23.088897241830626
4287.2,23.39047331698317
4287.4,22.93217252881191
4287.6,23.259162871327526
4287.8,23.673001462865916
4288.0,24.259579856789074
4288.2,24.612772722159896
4288.4,24.249855196240745
4288.6,23.73243544880058
4288.8,24.335153931792
4289.0,23.71607514544848
4289.2,24.609999553124275
4289.4,23.736841438544406
4289.6,24.354267090026358
4289.8,23.97659966106586
4290.0,24.258082409297764
4290.2,23.796089057998838
4290.4,23.9906725029593
4290.6,24.551796336440148
4290.8,23.99286749611003
4291.0,24.60539850029724
4291.2,24.089943106118696
4291.4,24.26200832352363
4291.6,24.907102486722927
4291.8,23.579236914458328
4292.0,24.45104493792668
4292.2,24.905474949732
4292.4,23.358821962938457
4292.6,23.741583093172693
4292.8,24.536438213505143
4293.0,24.55282787775019
4293.2,24.691190588049427
4293.4,25.450166325266665
4293.6,25.063955777048996
4293.8,24.6115440685422
4294.0,24.872384687904745
4294.2,25.041713029878746
4294.4,25.12130219286723
4294.6,25.361959906533038
4294.8,25.405560246732012
4295.0,25.595549539954643
4295.2,24.782081279038557
4295.4,25.064662230285965
4295.6,26.029855431332525
4295.8,25.964136233290347
4296.0,25.657619886749302
4296.2,25.761249345472265
4296.4,26.11358316353688
4296.6,25.307495982501006
4296.8,25.866143092582075
4297.0,25.567554252678256
4297.2,25.31498663610224
4297.4,25.55113286895321
4297.6,25.586602329440705
4297.8,25.32428476449022
4298.0,25.41257660457967
4298.2,25.336310128908064
4298.4,24.95119246940672
4298.6,24.582300796925665
4298.8,24.5798721713145
4299.0,24.850610915927685
4299.2,24.24042389892651
4299.4,24.168539813696896
4299.6,24.30119932534058
4299.8,23.685710050081266
4300.0,23.63509243326766
4300.2,23.4239865175873
4300.4,24.15870444973408
4300.6,23.710354598396606
4300.8,23.31614962001401
4301.0,22.934811308416194
4301.2,23.647051652019005
4301.4,23.20913781098101
4301.6,22.75374960987974
4301.8,22.287945749685317
4302.0,21.992286798511763
4302.2,21.949983258885783
4302.4,21.654547965835775
4302.6,21.650796949419956
4302.8,21.141478644287467
4303.0,21.67283851985195
4303.2,20.887558611969496
4303.4,21.78792677551316
4303.6,21.626527121532853
4303.8,21.68896304099033
4304.0,22.17392174384704
4304.2,22.44081719424811
4304.4,23.30313330259479
4304.6,23.529552673166236
4304.8,23.32900066363255
4305.0,24.257126680945625
4305.2,23.303257111292126
4305.4,24.32419103191618
4305.6,24.06889653542632
4305.8,24.24883913478201
4306.0,24.63256331676127
4306.2,24.696134754294057
4306.4,24.12627863587503
4306.6,23.631852242383637
4306.8,23.13522474372668
4307.0,23.718268308824687
4307.2,23.235152608189953
4307.4,23.85859418557811
4307.6,23.692056168367294
4307.8,23.97452404129643
4308.0,23.759824065155414
4308.2,23.713224309471507
4308.4,23.58564372948837
4308.6,23.106524274772383
4308.8,24.428071300276095
4309.0,23.786079476905037
4309.2,23.71954277995564
4309.4,24.14920809833565
4309.6,24.34027034855337
4309.8,24.55042594599763
4310.0,23.971235157728316
4310.2,24.066292085597954
4310.4,24.740156644035384
4310.6,25.073675399437864
4310.8,24.312000220850646
4311.0,23.96550172960294
4311.2,23.905076114070134
4311.4,23.54267302860539
4311.6,23.733063781294383
4311.8,23.65032506792423
4312.0,23.6479176723012
4312.2,23.279009091685122
4312.4,23.435399010341524
4312.6,23.859220314091907
4312.8,24.463354200553592
4313.0,24.18089596130358
4313.2,23.983107422923823
4313.4,23.49581823452272
4313.6,24.04989947924743
4313.8,23.807765910273154
4314.0,23.424479313145667
4314.2,22.86691096147989
4314.4,22.332690176599765
4314.6,22.591774476284904
4314.8,22.753935647904854
4315.0,23.260087266378072
4315.2,23.771226375493644
4315.4,22.81386251873319
4315.6,22.494257325295948
4315.8,22.90834363011693
4316.0,22.387755180394056
4316.2,22.842392378162643
4316.4,23.27146605894948
4316.6,22.685327617170977
4316.8,22.90697094859599
4317.0,23.048333570347847
4317.2,23.32042583044356
4317.4,22.887971348278285
4317.6,22.76917842212037
4317.8,22.703520840929592
4318.0,22.921897846609696
4318.2,22.978509375239867
4318.4,23.43632884429285
4318.6,23.28671380483815
4318.8,23.58302184481589
4319.0,23.36423774028935
4319.2,22.39578538640565
4319.4,22.029294195130326
4319.6,22.20230947888342
4319.8,22.214184030211875
4320.0,22.79128571762079
4320.2,21.69878283656709
4320.4,22.563391570278707
4320.6,22.44228025426258
4320.8,22.745635134374893
4321.0,23.613831238231434
4321.2,23.236807590325903
4321.4,23.44543295566249
4321.6,23.940673940486292
4321.8,23.82154123584013
4322.0,24.49461144806504
4322.2,24.490019357699566
4322.4,25.102774658451406
4322.6,24.705283801070223
4322.8,24.510749140047878
4323.0,25.125753102376184
4323.2,24.37307420895118
4323.4,24.162229007715702
4323.6,24.86197997882599
4323.8,24.563793447848447
4324.0,23.997642982618256
4324.2,24.28159599496741
4324.4,24.172291007953252
4324.6,23.4324503763533
4324.8,23.110034964933988
4325.0,23.25762543482633
4325.2,23.516481555134995
4325.4,23.9432193113042
4325.6,24.486935646829796
4325.8,23.590958656529683
4326.0,24.042679223845532
4326.2,24.482255721817673
4326.4,25.163194550176975
4326.6,24.58052365520382
4326.8,23.551711914676975
4327.0,23.367125919364945
4327.2,23.36709690981648
4327.4,23.55849476991932
4327.6,24.045999367053163
4327.8,23.600301626734392
4328.0,24.208860481571477
4328.2,24.382615618164326
4328.4,23.41926372805474
4328.6,23.37448236910167
4328.8,23.01264098814019
4329.0,22.65166339090193
4329.2,22.618107572977056
4329.4,22.50968406819849
4329.6,22.364279661181268
4329.8,21.964986029334995
4330.0,22.53787470259901
4330.2,22.77666888245859
4330.4,23.377269041135097
4330.6,24.146824046220175
4330.8,23.82892441267672
4331.0,23.903434710383703
4331.2,23.587180990518934
4331.4,23.316201058801106
4331.6,22.775194119352605
4331.8,22.673005966702966
4332.0,22.471691515578804
4332.2,22.62332952565807
4332.4,22.509538722386754
4332.6,22.325523467234746
4332.8,22.07903530696784
4333.0,22.494576798601233
4333.2,22.130483712926473
4333.4,21.92672921309425
4333.6,23.024333711008346
4333.8,22.923329631692056
4334.0,21.69054678510737
4334.2,22.39420781683063
4334.4,22.251208193914557
4334.6,21.948054674141876
4334.8,21.942348303215645
4335.0,21.476749434442482
4335.2,21.559108813676225
4335.4,21.610322264666358
4335.6,21.874915048061546
4335.8,22.28666160391593
4336.0,22.801995338347595
4336.2,23.27121794072385
4336.4,23.380147636018464
4336.6,23.581666693225678
4336.8,23.303004921745483
4337.0,23.342196098897418
4337.2,23.679588451946806
4337.4,23.67443711063952
4337.6,23.232142965611267
4337.8,22.952102610545335
4338.0,22.17119543983316
4338.2,21.901012095603946
4338.4,22.420250902049087
4338.6,21.919366124966643
4338.8,22.012890978648038
4339.0,21.982078264738163
4339.2,22.30212135373946
4339.4,22.23167930706822
4339.6,22.146435912841092
4339.8,22.581736552543067
4340.0,22.483209435171524
4340.2,22.030424879369875
4340.4,22.427501922995482
4340.6,22.208901084612084
4340.8,21.66980193005847
4341.0,21.58491971789826
4341.2,21.380149675727857
4341.4,21.415929657699643
4341.6,21.274559492982025
4341.8,21.409415712076946
4342.0,21.572633131966768
4342.2,22.03580102373256
4342.4,22.13354593132984
4342.6,21.827977311142597
4342.8,21.983557858946767
4343.0,21.869363559199932
4343.2,22.070820885174754
4343.4,21.739217087704304
4343.6,21.598302164786713
4343.8,21.732729508819233
4344.0,21.51167352938019
4344.2,21.92859153535586
4344.4,21.796642182367698
4344.6,21.998536121965856
4344.8,22.14076458227241
4345.0,22.120067383048607
4345.2,22.29030507809204
4345.4,22.1936548718315
4345.6,22.61331416040631
4345.8,22.580138830398596
4346.0,22.94143872069355
4346.2,22.613470273764626
4346.4,22.176771039204905
4346.6,21.831455811694834
4346.8,21.683423950813655
4347.0,21.939354649078098
4347.2,21.93396110566386
4347.4,21.7645358111128
4347.6,21.216494709741653
4347.8,21.40021444832659
4348.0,21.393882536606093
4348.2,21.0561585113428
4348.4,21.399225592799556
4348.6,21.483963471379997
4348.8,21.308777579342262
4349.0,21.668603837573173
4349.2,21.483920088691267
4349.4,21.856803729551217
4349.6,21.940886124905248
4349.8,22.33759641237818
4350.0,22.29876109906218
4350.2,22.137230815314986
4350.4,21.95990810488127
4350.6,23.238681710977552
4350.8,23.53456976834497
4351.0,23.576577618109546
4351.2,23.38455590248667
4351.4,23.530082645725017
4351.6,23.435819215799487
4351.8,23.87989773244029
4352.0,23.815687181685256
4352.2,23.877537534902665
4352.4,23.62810030048746
4352.6,23.436370627959867
4352.8,22.885561214029586
4353.0,23.159516839993376
4353.2,23.267084188089342
4353.4,24.632254859504084
4353.6,23.80111743051979
4353.8,22.792527396989037
4354.0,22.70158629120361
4354.2,23.353476611671216
4354.4,23.144984286327333
4354.6,23.448335873332017
4354.8,24.19872419648343
4355.0,23.426822338651377
4355.2,23.631604804786846
4355.4,24.44937712857703
4355.6,24.153197938385222
4355.8,24.04099494689721
4356.0,24.245778842981327
4356.2,23.83443713832279
4356.4,23.051881228704495
4356.6,24.09813816465453
4356.8,23.90244815231256
4357.0,24.201741398450636
4357.2,24.085981308953993
4357.4,24.08257770123744
4357.6,23.890408044335526
4357.8,24.177998397044217
4358.0,23.70286853407017
4358.2,23.710326185933752
4358.4,23.939882714918497
4358.6,24.624679627296135
4358.8,24.754426979855207
4359.0,24.779365821054785
4359.2,24.06766817407231
4359.4,23.76176508585527
4359.6,23.489659596585383
4359.8,24.40100087128701
4360.0,24.790774185039748
4360.2,24.057857779677313
4360.4,24.421725212950506
4360.6,24.928249640913457
4360.8,24.443419068052176
4361.0,23.863558095087484
4361.2,24.483002981309948
4361.4,24.293970962592162
4361.6,24.38110351704036
4361.8,23.23047639193514
4362.0,22.94606365045042
4362.2,22.781773175659676
4362.4,22.519951636551056
4362.6,22.921351249309737
4362.8,22.983228262607632
4363.0,23.225008104323777
4363.2,23.441816299159782
4363.4,23.082320885288805
4363.6,23.31542867162167
4363.8,23.477967657875773
4364.0,23.843045596899284
4364.2,23.570977486587985
4364.4,22.967225324118843
4364.6,23.197392355168446
4364.8,23.5035004921762
4365.0,23.495151519305118
4365.2,23.863121133906375
4365.4,24.149451239933484
4365.6,24.06850322478536
4365.8,24.254338816809856
4366.0,23.618495854001207
4366.2,23.51302067327799
4366.4,23.633141961874664
4366.6,24.20462716282694
4366.8,23.374648351574145
4367.0,23.718404981318
4367.2,24.087584823916337
4367.4,23.547229601286467
4367.6,23.821228943419996
4367.8,24.151608274883287
4368.0,24.27831251726415
4368.2,23.753421720389383
4368.4,23.483948074144404
4368.6,23.646698378399375
4368.8,23.728632128866145
4369.0,23.25631396774694
4369.2,23.14610626161093
4369.4,23.56042202370705
4369.6,23.069940172350577
4369.8,23.567747523113706
4370.0,23.851724280464236
4370.2,23.794374266941006
4370.4,23.988157657469095
4370.6,24.111288650085786
4370.8,23.01197782275199
4371.0,23.70627754411149
4371.2,23.801948945128792
4371.4,24.03097794576186
4371.6,23.574299675104328
4371.8,24.124891302340203
4372.0,23.629448000013088
4372.2,24.057344008310906
4372.4,24.64548507049525
4372.6,23.201202303534775
4372.8,22.708514266106768
4373.0,22.961353861043143
4373.2,24.013655123792592
4373.4,23.978658355509275
4373.6,23.659961364838978
4373.8,23.089623955184972
4374.0,23.49112932012606
4374.2,23.84992461689345
4374.4,23.655340320363845
4374.6,24.50584475359412
4374.8,24.263508325985907
4375.0,24.03288920895791
4375.2,23.34838059699191
4375.4,23.39788971909335
4375.6,23.59432388935887
4375.8,24.08709316620323
4376.0,23.775887206784212
4376.2,24.17030971613532
4376.4,23.1542055556779
4376.6,23.728928935558184
4376.8,24.29752956046476
4377.0,24.079200849774857
4377.2,24.052633101959238
4377.4,23.89478692426625
4377.6,22.701177275827156
4377.8,22.998543465781776
4378.0,23.453018184994477
4378.2,22.668961647232937
4378.4,22.52939815739248
4378.6,23.120056135394012
4378.8,23.072730451920364
4379.0,22.805820313101783
4379.2,22.136321487829175
4379.4,22.46396696981759
4379.6,22.336434417322096
4379.8,22.33509061955403
4380.0,22.767947135826464
4380.2,23.340762653892327
4380.4,23.216091733587145
4380.6,23.102988649048047
4380.8,22.35637152974
4381.0,21.10560034468729
4381.2,20.956835259886205
4381.4,20.753405744884486
4381.6,22.027920472711426
4381.8,21.513520002730363
4382.0,21.04168991639222
4382.2,21.9166098271482
4382.4,22.250326627328203
4382.6,23.033756221827034
4382.8,23.87458776966821
4383.0,23.446982061650978
4383.2,23.626171640036265
4383.4,23.78680051387849
4383.6,24.021910518108914
4383.8,24.124472675747622
4384.0,23.489653485050553
4384.2,23.70234349884879
4384.4,24.198843922458103
4384.6,23.691413172342045
4384.8,23.722463841846896
4385.0,23.42979538499732
4385.2,23.03233773822347
4385.4,22.724428032492582
4385.6,23.745329205783303
4385.8,23.275664750437997
4386.0,22.60016371044303
4386.2,22.464279060042433
4386.4,22.917852969372237
4386.6,23.236687258654214
4386.8,22.355606415595332
4387.0,22.05774443419434
4387.2,21.97720355280143
4387.4,21.691217508215477
4387.6,22.439962072466408
4387.8,23.239729544391288
4388.0,24.03228338845709
4388.2,24.784989984816185
4388.4,24.631368147292427
4388.6,24.282626784233813
4388.8,24.54971705110911
4389.0,24.257984451399466
4389.2,23.870235533769147
4389.4,23.5442152979355
4389.6,23.66650660927664
4389.8,24.28819771361653
4390.0,24.114671901971292
4390.2,24.153292782890485
4390.4,24.037149433840792
4390.6,23.152632723712752
4390.8,22.96291194755415
4391.0,23.804422232675417
4391.2,23.586984736039234
4391.4,23.42873604848107
4391.6,23.371707186851683
4391.8,23.33959448541226
4392.0,23.119958237796403
4392.2,23.09317010729439
4392.4,22.157288951480258
4392.6,22.04651554825617
4392.8,21.809690608076405
4393.0,21.95169605235244
4393.2,22.34776865376287
4393.4,22.92516673518542
4393.6,22.7477597556155
4393.8,23.458940664871072
4394.0,22.20639082829713
4394.2,21.962520772860753
4394.4,21.67582389510177
4394.6,21.68042676191783
4394.8,22.089146293944687
4395.0,21.999569891952575
4395.2,21.964959702478325
4395.4,22.672632829949322
4395.6,22.58014521177477
4395.8,22.50435192226987
4396.0,22.003550810578524
4396.2,21.837891813386445
4396.4,22.12039730888179
4396.6,22.678506198529263
4396.8,21.738543226558104
4397.0,21.836914686600196
4397.2,21.43393583156803
4397.4,21.650342457306802
4397.6,21.589828780209128
4397.8,22.07481585807827
4398.0,21.701593639597398
4398.2,21.539422357767247
4398.4,21.986626150665455
4398.6,21.633911277833878
4398.8,22.011732176891577
4399.0,21.826910086963416
4399.2,21.951084269884305
4399.4,21.994609804800227
4399.6,23.0482861532612
4399.8,23.41173305468166
4400.0,23.865815030077716
4400.2,23.32862407045169
4400.4,23.58115619237017
4400.6,23.167415579647745
4400.8,23.55980936770626
4401.0,23.42131169506193
4401.2,23.561792009607277
4401.4,23.716970716708
4401.6,24.01093946050146
4401.8,23.2601936165902
4402.0,22.45439342880959
4402.2,22.34268082662522
4402.4,21.471975525286066
4402.6,22.47542806340084
4402.8,22.27472936787506
4403.0,22.772743508600726
4403.2,22.03747315930822
4403.4,21.951372993101558
4403.6,21.903815122577864
4403.8,21.434695225878624
4404.0,20.8177376191902
4404.2,21.60200138276643
4404.4,21.81032011696731
4404.6,21.345771427401516
4404.8,21.430704031629002
4405.0,21.856952577926787
4405.2,21.957576605360227
4405.4,21.199949349327465
4405.6,22.11040802689404
4405.8,21.690544934070864
4406.0,21.663108643902778
4406.2,20.818803997224183
4406.4,21.82499138825581
4406.6,21.91831467108493
4406.8,22.866802287591717
4407.0,22.357873660212494
4407.2,22.283505784834816
4407.4,22.745407442375708
4407.6,22.859334801607808
4407.8,23.19594223739289
4408.0,23.918906931031728
4408.2,24.018742921651413
4408.4,23.006054379656074
4408.6,22.881221057400033
4408.8,22.481627158692742
4409.0,22.40650355377566
4409.2,22.40118576161509
4409.4,22.472141690452972
4409.6,22.079573431072976
4409.8,22.374415670232217
4410.0,22.653129269485717
4410.2,22.964291735901927
4410.4,23.1899937019054
4410.6,22.863741534759782
4410.8,21.934364181027863
4411.0,21.647946400887523
4411.2,21.029740694316782
4411.4,21.25004970307915
4411.6,21.50077840542108
4411.8,21.11051730138868
4412.0,21.327581454705552
4412.2,21.862125273709335
4412.4,21.63664288340515
4412.6,21.548362301688293
4412.8,22.490101844175946
4413.0,22.074454653604498
4413.2,21.29769182205091
4413.4,20.49504586385231
4413.6,20.325122142209526
4413.8,20.788199319167763
4414.0,20.140233710099107
4414.2,20.918098319588324
4414.4,20.87138508513132
4414.6,21.218618762270353
4414.8,21.150299832440137
4415.0,21.040491576110934
4415.2,20.758080443293366
4415.4,20.804887877700764
4415.6,20.23942845209586
4415.8,20.366641583468557
4416.0,20.64345770039104
4416.2,20.78619953638681
4416.4,21.17916036743379
4416.6,21.967498748010712
4416.8,21.890644888947044
4417.0,22.140552124378367
4417.2,22.06689602715636
4417.4,22.34739291929108
4417.6,23.59905573156054
4417.8,23.19828514541932
4418.0,23.786847299753223
4418.2,23.331351423054834
4418.4,23.055303102384052
4418.6,23.207223842357937
4418.8,22.951327900486547
4419.0,23.46365727726237
4419.2,23.188769761758156
4419.4,22.544340254048212
4419.6,23.179176278687493
4419.8,23.141135028872533
4420.0,23.538622729337646
4420.2,23.26966599158939
4420.4,24.063623804636322
4420.6,24.646527081719242
4420.8,23.843810673533348
4421.0,23.345355369815053
4421.2,23.132632476661506
4421.4,22.89377117846923
4421.6,22.57262197548077
4421.8,22.55009395259463
4422.0,22.981171388269143
4422.2,22.823343717642043
4422.4,23.276223692015613
4422.6,23.059296915240935
4422.8,23.33800185393351
4423.0,22.952402669747826
4423.2,23.783100215845554
4423.4,23.632671398618843
4423.6,23.648060268897055
4423.8,23.882007571972103
4424.0,24.143036261968
4424.2,23.10899352662077
4424.4,22.565745523824674
4424.6,22.517509917932475
4424.8,22.021607194150626
4425.0,22.610198779416848
4425.2,22.79346178902998
4425.4,22.49307568957908
4425.6,22.373877522211952
4425.8,22.38223236882788
4426.0,22.219040766165314
4426.2,23.221723015965402
4426.4,23.088498068804242
4426.6,23.469099814407166
4426.8,23.137031720850608
4427.0,23.52157701576602
4427.2,23.72453886380011
4427.4,23.455881601675813
4427.6,23.140541512262473
4427.8,22.44783014960192
4428.0,22.772191301208778
4428.2,22.15460380450527
4428.4,22.67584784949317
4428.6,22.92378193270438
4428.8,23.307446351246636
4429.0,23.167540681416998
4429.2,23.317252017980145
4429.4,23.328890864033944
4429.6,23.947376833650374
4429.8,23.448840884733922
4430.0,23.260746176770706
4430.2,23.77131814566363
4430.4,24.004212322082484
4430.6,23.107252280968076
4430.8,22.279064499598043
4431.0,21.525965510100676
4431.2,21.476233885336878
4431.4,21.28364410039594
4431.6,21.53616121895905
4431.8,21.346200336994503
4432.0,21.845061262636708
4432.2,21.522172482000666
4432.4,22.079181198633528
4432.6,21.546198373991707
4432.8,21.6357426216577
4433.0,21.659642892490357
4433.2,21.67027316553364
4433.4,21.149654971564917
4433.6,20.416359145307826
4433.8,20.347108651195498
4434.0,20.80502841896591
4434.2,20.425469487561628
4434.4,20.611252725316685
4434.6,20.337043058819333
4434.8,20.089920280783893
4435.0,20.628771382573255
4435.2,20.95084537017728
4435.4,21.117318902858205
4435.6,21.02716869812182
4435.8,21.346858279288362
4436.0,20.95954299046589
4436.2,21.188775030492152
4436.4,21.54159671087145
4436.6,21.515137926126158
4436.8,22.02259108913789
4437.0,22.00961608123331
4437.2,22.28345595973012
4437.4,22.21919087850521
4437.6,21.647189841456832
4437.8,21.211357347463633
4438.0,21.562092185535366
4438.2,20.883881913942744
4438.4,20.450014068655925
4438.6,20.67562979887159
4438.8,21.056003347514146
4439.0,21.16398898802806
4439.2,21.08732601170257
4439.4,20.766919580046228
4439.6,20.735829751365706
4439.8,20.651667875173032
4440.0,21.35578755208973
4440.2,21.26306645137573
4440.4,21.16069462155047
4440.6,21.41687490951384
4440.8,20.897908756367084
4441.0,21.250193320368567
4441.2,21.27074190385176
4441.4,20.972808758601072
4441.6,21.0515110312893
4441.8,20.55974475729154
4442.0,20.786638795268114
4442.2,20.928764507916746
4442.4,20.733852482873132
4442.6,20.89901140169838
4442.8,20.465865875455016
4443.0,20.668513468377817
4443.2,20.641148170220834
4443.4,20.743937053716074
4443.6,19.794341728812462
4443.8,20.105872172280748
4444.0,20.15507471556493
4444.2,20.076991165720482
4444.4,20.57821690717608
4444.6,20.735321700275144
4444.8,21.163397215192212
4445.0,20.597927151831705
4445.2,20.439411338126266
4445.4,21.267825164599067
4445.6,21.42671457899756
4445.8,21.417699035277032
4446.0,21.184853222300738
4446.2,21.259870960617082
4446.4,21.723421152799823
4446.6,21.50461411106339
4446.8,21.424981812932774
4447.0,21.591764891118736
4447.2,22.135172950533878
4447.4,21.496162191407816
4447.6,22.02950537222389
4447.8,23.11122376797995
4448.0,22.891150875347236
4448.2,22.655948086661773
4448.4,23.29955335258277
4448.6,23.550320075103297
4448.8,23.471546949554053
4449.0,23.17607480043317
4449.2,23.474440924106187
4449.4,23.296381941855948
4449.6,22.66332995256379
4449.8,22.826134524154327
4450.0,22.895205609445988
4450.2,22.671339940474958
4450.4,22.532089749559287
4450.6,22.535036939030874
4450.8,22.290793052795305
4451.0,21.763213810357026
4451.2,21.65323802943992
4451.4,22.15930385737208
4451.6,21.881933600562625
4451.8,22.13429846676607
4452.0,21.369466059839088
4452.2,21.226782456510232
4452.4,21.498330158239177
4452.6,22.1853581009937
4452.8,22.54256487319521
4453.0,22.036773140080047
4453.2,21.828797820075142
4453.4,22.028276081784547
4453.6,22.455534459230584
4453.8,21.465937104860878
4454.0,21.842768176536556
4454.2,20.864640951965935
4454.4,20.702054576934408
4454.6,20.230990496207035
4454.8,20.46438967229313
4455.0,20.411541365562677
4455.2,20.656476958298796
4455.4,20.881768172377313
4455.6,20.561596520023663
4455.8,20.695335545241825
4456.0,20.573333671997705
4456.2,20.404717680461594
4456.4,21.145718200001006
4456.6,20.80061677143446
4456.8,20.932127796120753
4457.0,20.944911550977288
4457.2,20.230828232905743
4457.4,20.225517706305286
4457.6,20.54571893266023
4457.8,21.020289354311128
4458.0,21.108828420787393
4458.2,21.631778945237365
4458.4,20.95376733475552
4458.6,20.421800181878154
4458.8,20.339266045279764
4459.0,20.777789258256732
4459.2,20.830900694259245
4459.4,20.940211704345405
4459.6,20.83177944839487
4459.8,21.430816935245545
4460.0,20.669813407704897
4460.2,20.362457433983494
4460.4,20.439727442885104
4460.6,20.456654333485012
4460.8,20.685511527866392
4461.0,20.266232653663813
4461.2,19.62238644618566
4461.4,20.62810474408833
4461.6,20.124671342013215
4461.8,19.95112427586527
4462.0,21.031490984592523
4462.2,21.096197354107687
4462.4,21.97062921074184
4462.6,22.089503830390083
4462.8,21.880701330637194
4463.0,21.683516456375514
4463.2,21.698550808292588
4463.4,22.576937037612417
4463.6,21.48141033371273
4463.8,21.195135557431712
4464.0,20.84422811833099
4464.2,20.34873802558598
4464.4,20.750806463610637
4464.6,20.56087851658482
4464.8,21.264041881713883
4465.0,21.382756818235382
4465.2,21.10711357190518
4465.4,21.272038741320685
4465.6,21.516685424518403
4465.8,21.240101608828212
4466.0,21.85641282023125
4466.2,20.84524897337475
4466.4,21.70175042386063
4466.6,21.488295277056206
4466.8,20.585063379360186
4467.0,20.6179478451643
4467.2,20.682116451283036
4467.4,20.880072958571976
4467.6,20.949376774016528
4467.8,20.787028449225282
4468.0,20.808078717808193
4468.2,20.518379841166556
4468.4,20.772484977489846
4468.6,20.860334434019325
4468.8,20.660627357041324
4469.0,20.524954699087186
4469.2,20.404205490539574
4469.4,20.252500151517022
4469.6,19.629811658725508
4469.8,18.949189531737105
4470.0,18.857978593382317
4470.2,18.873027608948572
4470.4,19.099689326317527
4470.6,19.696793834843614
4470.8,19.2575718394994
4471.0,19.797111339721553
4471.2,20.258535690340132
4471.4,20.253021380633072
4471.6,19.98020853053427
4471.8,19.894490486660757
4472.0,19.816436248024008
4472.2,19.736971795430065
4472.4,19.32228961230617
4472.6,18.98658859863732
4472.8,19.650005709760187
4473.0,19.513204339548608
4473.2,20.135385487222926
4473.4,19.789279301597297
4473.6,19.855791806175887
4473.8,19.976370280550036
4474.0,19.80351853466991
4474.2,20.27519432660863
4474.4,20.11540267099939
4474.6,19.733400406911123
4474.8,19.669953364918513
4475.0,19.587170424454424
4475.2,19.168776620306332
4475.4,19.40107749527077
4475.6,19.68568545981236
4475.8,19.05187723305376
4476.0,19.518466785144316
4476.2,19.03923315038544
4476.4,18.461677219932312
4476.6,18.775390160457746
4476.8,18.87742138080937
4477.0,18.5528441768218
4477.2,19.024049535774104
4477.4,19.44348982475052
4477.6,20.012481602897687
4477.8,20.399647485391128
4478.0,19.610663943627028
4478.2,19.427493577961794
4478.4,19.272667560258068
4478.6,19.109456125485572
4478.8,19.58840212815563
4479.0,19.132222270491525
4479.2,18.488905307008626
4479.4,18.570641791578197
4479.6,18.847698221049164
4479.8,18.72485414254229
4480.0,19.081388900788923
4480.2,19.007405449767653
4480.4,18.814553479852567
4480.6,19.399933351902202
4480.8,18.90417339181467
4481.0,18.91156758649363
4481.2,18.944231667817682
4481.4,18.861502039573047
4481.6,19.087231990025675
4481.8,19.064780253978782
4482.0,19.192457690707457
4482.2,19.064789303703368
4482.4,19.353962069685085
4482.6,19.201793201458308
4482.8,19.66191350144934
4483.0,19.231967794352926
4483.2,19.045325979236086
4483.4,19.856729411457863
4483.6,20.09569573810157
4483.8,19.887042809328015
4484.0,20.00076738089556
4484.2,20.50452878073703
4484.4,20.438912932717408
4484.6,19.992348698479013
4484.8,20.231700366396204
4485.0,20.03666838129645
4485.2,19.417862888650138
4485.4,19.408064417614927
4485.6,19.533404160265807
4485.8,19.855875057293172
4486.0,19.5110543687284
4486.2,19.36046104294814
4486.4,19.66773392019238
4486.6,19.667837162883885
4486.8,19.7104788890189
4487.0,19.51438480353636
4487.2,19.148933518327375
4487.4,19.826369222782386
4487.6,20.0792370213314
4487.8,20.053488627333333
4488.0,19.632394871647005
4488.2,20.23883132041407
4488.4,19.731317557105324
4488.6,20.04048573056602
4488.8,20.387448440735643
4489.0,20.532993297345943
4489.2,21.062359846490484
4489.4,21.083219974412675
4489.6,20.482086618788298
4489.8,20.439557551906557
4490.0,20.502820616441287
4490.2,20.499860342549052
4490.4,20.245971253819913
4490.6,20.918076019641138
4490.8,21.566121371531747
4491.0,21.397818013778682
4491.2,22.035297923840297
4491.4,21.860418529087777
4491.6,21.425638384375162
4491.8,21.785530687712292
4492.0,21.769064985984944
4492.2,21.672937834006937
4492.4,21.5957122073467
4492.6,21.321130881583162
4492.8,20.71429650961742
4493.0,21.079190968787337
4493.2,21.534311401301743
4493.4,21.842258612672843
4493.6,21.208955484082374
4493.8,21.117375456201195
4494.0,20.672062127179927
4494.2,21.707318251682306
4494.4,21.722296135991066
4494.6,21.669039728836257
4494.8,21.592480327864397
4495.0,21.71257038598612
4495.2,21.312052963180705
4495.4,21.572682519935633
4495.6,21.456901512088848
4495.8,21.75311482437364
4496.0,21.636170689269548
4496.2,21.77908117299131
4496.4,21.38519021393114
4496.6,20.96451318733243
4496.8,22.074613588218828
4497.0,22.140685373089145
4497.2,22.62406660718698
4497.4,23.192180222646385
4497.6,22.922819763258655
4497.8,23.126662022216344
4498.0,23.55581489452061
4498.2,23.56710209763743
4498.4,23.95882721315761
4498.6,24.25368046017525
4498.8,23.993196615430023
4499.0,24.768068703595333
4499.2,24.89347416979248
4499.4,24.584564461385657
4499.6,24.713685132924958
4499.8,24.684483074398976
4500.0,24.434063454558306
4500.2,25.608640916760443
4500.4,24.824471751269968
4500.6,24.615251549108585
4500.8,24.02469593327135
4501.0,24.418033995497797
4501.2,24.91313309464455
4501.4,24.35090275797462
4501.6,23.880880884171756
4501.8,23.93811118603168
4502.0,24.014335240132585
4502.2,23.764246637910603
4502.4,24.43782288071808
4502.6,24.83550964348769
4502.8,24.464953046729548
4503.0,23.55152417244778
4503.2,23.768563101163384
4503.4,22.676305670101655
4503.6,23.471105892203234
4503.8,22.781575463466833
4504.0,22.923453553198424
4504.2,22.483886424673848
4504.4,22.661184855078623
4504.6,22.328671651950607
4504.8,22.695630153394426
4505.0,22.117709477960755
4505.2,22.810093408351058
4505.4,22.340457117527812
4505.6,21.565883290562677
4505.8,21.802635588249753
4506.0,22.017901915867093
4506.2,22.582875101590925
4506.4,22.19303706942364
4506.6,21.686018914000233
4506.8,22.108310553777205
4507.0,22.749899798991894
4507.2,21.535279899920646
4507.4,21.395971438917734
4507.6,21.260054642073968
4507.8,21.704029127622917
4508.0,21.708023819841323
4508.2,21.463682043747223
4508.4,21.511396416651518
4508.6,21.49140022936798
4508.8,21.240722239249948
4509.0,21.548611295383022
4509.2,22.249573143434954
4509.4,22.21923786645466
4509.6,22.677175249058692
4509.8,22.51630425394992
4510.0,22.2518484326068
4510.2,22.019697987120324
4510.4,22.38994377537138
4510.6,23.262776387729435
4510.8,22.882140084154678
4511.0,22.68436297171002
4511.2,22.543429927104683
4511.4,23.072091891950684
4511.6,22.563248757948188
4511.8,22.126080809794296
4512.0,22.46605595556154
4512.2,22.67200735849656
4512.4,23.291293304407535
4512.6,23.136364894687034
4512.8,22.38303293443327
4513.0,22.484746171661914
4513.2,22.375136186594652
4513.4,22.881521150130176
4513.6,23.23428904775274
4513.8,23.450728985575907
4514.0,23.81893361376671
4514.2,23.277096849764586
4514.4,22.4934396144787
4514.6,22.56164892393775
4514.8,22.1483722430099
4515.0,21.463714901256562
4515.2,21.138840269448337
4515.4,21.13366091642838
4515.6,21.092468071550385
4515.8,21.496531616387628
4516.0,21.694730068252657
4516.2,21.147525496210243
4516.4,21.24402316074377
4516.6,20.798491600661862
4516.8,21.364345974195786
4517.0,22.08374477110343
4517.2,21.083054393512253
4517.4,20.61862344151661
4517.6,21.233697274781914
4517.8,20.94167911610844
4518.0,19.764873466078928
4518.2,19.267136546342506
4518.4,19.30600017178117
4518.6,20.083297761150458
4518.8,20.44878509291641
4519.0,21.03740976572333
4519.2,20.9410383761572
4519.4,21.288224687390034
4519.6,21.415524301466768
4519.8,22.010106212095415
4520.0,22.047820152644924
4520.2,21.60511257677591
4520.4,21.15020275379027
4520.6,21.30847502462347
4520.8,21.21742295026769
4521.0,20.441640211733173
4521.2,20.682791324295465
4521.4,20.335261296594176
4521.6,20.708090575074408
4521.8,21.60412657832888
4522.0,21.138539675865186
4522.2,21.295497829471877
4522.4,21.75922050394794
4522.6,22.42262354181356
4522.8,22.5935089558039
4523.0,21.96676790836787
4523.2,21.877782177968147
4523.4,21.390676072497513
4523.6,20.8647244308763
4523.8,22.5786127289695
4524.0,23.046433667719178
4524.2,23.151111873179225
4524.4,22.88561565191531
4524.6,22.370004786033636
4524.8,23.12593192902427
4525.0,23.078428045789604
4525.2,23.269630894344804
4525.4,23.09976010485513
4525.6,22.276627787894604
4525.8,22.01986576253784
4526.0,21.41686513601725
4526.2,21.004993802966684
4526.4,21.306300659692834
4526.6,20.601161355327605
4526.8,20.83919498566473
4527.0,21.075728703973553
4527.2,21.25494318529121
4527.4,21.59644123571841
4527.6,21.415795039688042
4527.8,21.100026046226013
4528.0,20.94771835430643
4528.2,20.51163952149574
4528.4,20.82261449056912
4528.6,20.89743506247803
4528.8,20.4499259613015
4529.0,21.361526620569627
4529.2,20.845697824516662
4529.4,21.228882135166902
4529.6,21.11425216880315
4529.8,21.7201483589663
4530.0,21.81520044768565
4530.2,22.071471287346238
4530.4,22.267997319788254
4530.6,21.801040317159263
4530.8,21.589945851896594
4531.0,22.102151721648934
4531.2,21.40712369430467
4531.4,21.350936126366463
4531.6,21.40918205300372
4531.8,20.791348335017346
4532.0,20.219494023073814
4532.2,21.103213660097172
4532.4,20.801868041253684
4532.6,21.302455886773956
4532.8,21.28183512689744
4533.0,21.27923219658853
4533.2,21.399153774980245
4533.4,20.389486565395508
4533.6,20.97005271718215
4533.8,20.40309237009761
4534.0,19.98030754476362
4534.2,19.9766680736724
4534.4,20.214135896269852
4534.6,20.32440130961001
4534.8,20.74510554260356
4535.0,21.20583130216529
4535.2,21.190244466978214
4535.4,21.4498339172308
4535.6,20.288006883918094
4535.8,20.94387052465474
4536.0,21.943003930046583
4536.2,22.135414865834782
4536.4,22.695791509942026
4536.6,22.66092421090204
4536.8,23.093406589314732
4537.0,21.742216414737847
4537.2,22.642481898816712
4537.4,22.216408938685127
4537.6,22.17943269515025
4537.8,23.291529257430025
4538.0,24.07820217958321
4538.2,23.67617935173317
4538.4,24.2997670753906
4538.6,24.509652369966503
4538.8,24.12709730673358
4539.0,24.350817000149654
4539.2,24.400529157781214
4539.4,24.022516836179314
4539.6,24.943866675906165
4539.8,24.48730909132425
4540.0,23.87101691395618
4540.2,24.06582159976024
4540.4,23.703781935481313
4540.6,24.457209793468554
4540.8,23.985636887242553
4541.0,24.075359710842076
4541.2,23.618343502489893
4541.4,24.296358392600496
4541.6,24.548351969579734
4541.8,25.169579242371995
4542.0,24.731917691010715
4542.2,24.41154713447456
4542.4,25.407769995218015
4542.6,25.32751086675887
4542.8,25.566245663815018
4543.0,25.568715957584544
4543.2,24.931606685203825
4543.4,24.440379409220483
4543.6,24.173601106958962
4543.8,25.39888510520193
4544.0,24.941869021160223
4544.2,25.527323565921456
4544.4,25.454663461753917
4544.6,25.464756555542778
4544.8,25.22549762322904
4545.0,24.973145070155397
4545.2,24.325429369637718
4545.4,24.61472019946835
4545.6,24.419065001471395
4545.8,25.088015908427437
4546.0,25.559753174928804
4546.2,25.144611715160888
4546.4,26.290472482588918
4546.6,25.97312626563767
4546.8,25.539715126747463
4547.0,26.361631142434014
4547.2,25.450195098889434
4547.4,25.208005113297652
4547.6,25.147859058850727
4547.8,24.33390500947145
4548.0,24.887346528061556
4548.2,24.414801850880284
4548.4,23.74812266094139
4548.6,23.594519008483733
4548.8,23.659749322041954
4549.0,24.49754971056384
4549.2,23.97129633594066
4549.4,23.453125268100152
4549.6,23.656368662011026
4549.8,23.12748386287413
4550.0,23.821131879185987
4550.2,23.387947198667508
4550.4,23.006026124812415
4550.6,22.52316693158544
4550.8,22.048197793151555
4551.0,21.38088730721549
4551.2,21.947470486770833
4551.4,21.831140251841255
4551.6,22.176843341328542
4551.8,23.170199826358925
4552.0,23.47088923752829
4552.2,22.332567001468462
4552.4,22.618297784050363
4552.6,22.62025198839372
4552.8,22.560105082320987
4553.0,22.49947242877824
4553.2,22.156040394032793
4553.4,21.935427071113722
4553.6,21.377265110142275
4553.8,20.86528484523811
4554.0,20.584294073532163
4554.2,20.549699125534907
4554.4,20.67145017909639
4554.6,20.316871182767805
4554.8,19.83925601274699
4555.0,20.494091368405442
4555.2,20.937149334256983
4555.4,21.291901043795217
4555.6,21.320403686858423
4555.8,21.550801631676244
4556.0,21.678216650605346
4556.2,21.790046874934532
4556.4,20.213037919181982
4556.6,19.86454562612937
4556.8,19.883463261111483
4557.0,20.17081710018639
4557.2,19.120609222921168
4557.4,19.84262425578691
4557.6,19.934268365001884
4557.8,20.294717960486757
4558.0,20.86431819362864
4558.2,20.844918510420225
4558.4,20.8453165506147
4558.6,20.887521057651355
4558.8,20.5975491086923
4559.0,22.11321529017271
4559.2,22.443173180831476
4559.4,22.200469652715213
4559.6,21.94871082090308
4559.8,23.01307017570342
4560.0,24.059241139263108
4560.2,22.722894969348776
4560.4,23.706564777974926
4560.6,23.368078049593354
4560.8,22.954374042236164
4561.0,22.657329247527915
4561.2,23.032276476814957
4561.4,23.282640693993887
4561.6,23.480415432053366
4561.8,22.882658305827945
4562.0,22.99447762010957
4562.2,22.662977615852398
4562.4,22.526036700091048
4562.6,22.682090781849375
4562.8,22.27840577175907
4563.0,22.830319096875165
4563.2,22.856201916565453
4563.4,23.00144412376367
4563.6,23.000811495480672
4563.8,23.12735935309767
4564.0,22.5202737708482
4564.2,22.31946020579943
4564.4,22.028914562966186
4564.6,22.125422108218
4564.8,21.99026787622615
4565.0,22.276088028233115
4565.2,21.806841939260735
4565.4,21.964704667372065
4565.6,21.54447257877991
4565.8,19.561883696002962
4566.0,19.641846123372044
4566.2,20.0817010292888
4566.4,19.903002971102676
4566.6,21.253581191419645
4566.8,22.534751553922515
4567.0,22.59166770200163
4567.2,22.113845171358694
4567.4,21.750017114914314
4567.6,21.935552441421272
4567.8,23.18324647581121
4568.0,23.841621333889904
4568.2,23.60888876441132
4568.4,22.346950460422548
4568.6,22.896006103733622
4568.8,22.758636052932573
4569.0,22.18498204394599
4569.2,21.529441627437148
4569.4,21.219041714187266
4569.6,21.684685297411296
4569.8,21.514299320721868
4570.0,22.03914309227448
4570.2,22.574997748628846
4570.4,22.56432125594538
4570.6,22.299417231723755
4570.8,22.194242031913024
4571.0,23.058126983862202
4571.2,23.15634831637923
4571.4,22.48187961873283
4571.6,23.683817846344894
4571.8,23.143620455564594
4572.0,24.022399610521337
4572.2,24.779977920324153
4572.4,23.971861529035298
4572.6,24.483236137856373
4572.8,24.119964401612016
4573.0,24.337444725163024
4573.2,24.628422875062892
4573.4,24.970668462099155
4573.6,24.74259770998215
4573.8,25.45203065892649
4574.0,25.755189209118463
4574.2,25.61431212953812
4574.4,25.397950890561813
4574.6,24.983340993647044
4574.8,25.23151833017833
4575.0,25.281995900007324
4575.2,25.726377198626615
4575.4,26.011644571434843
4575.6,25.848164944476476
4575.8,26.346074742918653
4576.0,26.412751762974004
4576.2,27.109540400274383
4576.4,26.984511450752606
4576.6,27.190810995476504
4576.8,27.04478812534761
4577.0,26.75542717672677
4577.2,26.418977221968905
4577.4,27.09716286141342
4577.6,26.993080746675858
4577.8,26.743914245087872
4578.0,27.370653002091263
4578.2,26.772658612678846
4578.4,26.759631533758565
4578.6,25.68259213455669
4578.8,25.453767588586125
4579.0,25.680704895066814
4579.2,26.03242508471364
4579.4,26.663795867474466
4579.6,26.493499629617272
4579.8,26.28119613975391
4580.0,25.638959498108918
4580.2,25.75528431158405
4580.4,24.869863901350655
4580.6,24.898628531576893
4580.8,25.241331623388486
4581.0,23.95465465033684
4581.2,23.429505624939104
4581.4,23.267638393744438
4581.6,22.864832003670536
4581.8,23.20377515763748
4582.0,23.620316252679405
4582.2,23.981516537121543
4582.4,23.746646811338262
4582.6,23.540554738910707
4582.8,24.053909069753313
4583.0,23.96705943093422
4583.2,23.273150797620946
4583.4,23.927538950988794
4583.6,23.172511893329247
4583.8,24.11830283608868
4584.0,23.5216044305838
4584.2,23.707668469524105
4584.4,23.072971547873543
4584.6,22.85356959090634
4584.8,22.67680745713259
4585.0,22.58457587304497
4585.2,22.420431132846396
4585.4,23.460468078605054
4585.6,23.257708639535576
4585.8,23.849288653154986
4586.0,23.910620963960802
4586.2,24.065793385568774
4586.4,23.40170651534428
4586.6,23.142210015985043
4586.8,22.83148561448233
4587.0,23.465842294480574
4587.2,23.65397675272485
4587.4,23.97064744158603
4587.6,23.811836926005302
4587.8,24.061193205418174
4588.0,23.072539874317336
4588.2,23.40500689995507
4588.4,22.61206516540235
4588.6,21.96375431971139
4588.8,22.214390872615326
4589.0,22.11065862688278
4589.2,21.83319552099199
4589.4,21.87114737132927
4589.6,21.976181252072276
4589.8,21.71229746323938
4590.0,22.1676535817468
4590.2,21.602643815712753
4590.4,21.742260599939964
4590.6,21.438127692011637
4590.8,21.70451521235314
4591.0,22.297317012254414
4591.2,21.611636970281097
4591.4,21.34088476000918
4591.6,21.986126179778026
4591.8,20.953915080321618
4592.0,20.745724128879687
4592.2,20.21517719572254
4592.4,19.54101720494377
4592.6,20.02559094850236
4592.8,20.840390250577716
4593.0,20.92638867175441
4593.2,20.47087336109861
4593.4,20.13200600544872
4593.6,19.921638218081362
4593.8,20.575134822747685
4594.0,19.783020570044158
4594.2,19.68481596802514
4594.4,20.088110819117148
4594.6,19.664011136701756
4594.8,19.536988332306898
4595.0,19.25341259967147
4595.2,19.481345418304812
4595.4,19.426870103497563
4595.6,19.751759712549376
4595.8,20.152418691420962
4596.0,19.939235923082897
4596.2,20.585766902558575
4596.4,20.547367330273328
4596.6,20.565865876113968
4596.8,20.312150618950746
4597.0,20.336365679380965
4597.2,20.67036035287632
4597.4,21.324618096024768
4597.6,20.622122509832742
4597.8,21.078781602065384
4598.0,20.434962044096846
4598.2,20.862881078382184
4598.4,20.50600204644566
4598.6,20.139622712915358
4598.8,19.91241556815433
4599.0,19.827670821085334
4599.2,20.00912561440945
4599.4,19.44301033848023
4599.6,19.542993868720277
4599.8,19.790935661059642
4600.0,19.6076175614299
4600.2,20.07358674115457
4600.4,20.337866961659195
4600.6,20.166302212271074
4600.8,20.148390758136312
4601.0,20.59016034471349
4601.2,20.526047141609155
4601.4,20.588414219591176
4601.6,21.456576871189586
4601.8,20.50731575872171
4602.0,20.72925899618307
4602.2,20.20249980686294
4602.4,21.016613691806807
4602.6,21.160561721160743
4602.8,20.91992322314171
4603.0,20.45687418155611
4603.2,20.757736492488345
4603.4,20.896126372277845
4603.6,20.748994545675647
4603.8,20.147499207693386
4604.0,20.57112692270398
4604.2,20.00785431192426
4604.4,20.05852854391179
4604.6,19.88399662126698
4604.8,19.507313636176278
4605.0,19.838857100057282
4605.2,19.908444992948702
4605.4,20.23884351424165
4605.6,20.432192903578365
4605.8,19.557207301313937
4606.0,20.14750280019994
4606.2,19.855496652641456
4606.4,19.345223036915588
4606.6,19.143157095552443
4606.8,18.654582930003528
4607.0,19.457738514291197
4607.2,19.86830636249693
4607.4,19.759880935318712
4607.6,20.0843164077996
4607.8,20.276327845619647
4608.0,20.334899054689647
4608.2,20.831569063118938
4608.4,20.90204081653553
4608.6,21.7279942703485
4608.8,21.731178504164767
4609.0,21.748384888039144
4609.2,21.98147402758558
4609.4,21.696693657606957
4609.6,22.554065484659827
4609.8,22.76638132821747
4610.0,22.598308709806204
4610.2,22.876749354836214
4610.4,22.99700515475269
4610.6,23.045617032317626
4610.8,22.57426115454646
4611.0,22.557916338442617
4611.2,22.394894666800194
4611.4,22.5736129596857
4611.6,22.72318343961144
4611.8,22.223627442338515
4612.0,21.60088395168486
4612.2,20.808808350201225
4612.4,21.391710364946466
4612.6,20.567024732242835
4612.8,21.064585318332206
4613.0,22.04854202433883
4613.2,22.488438267394443
4613.4,22.30859238405365
4613.6,22.376246455654332
4613.8,22.88685664544159
4614.0,21.927108610320495
4614.2,22.67594667050227
4614.4,22.300073359303166
4614.6,21.640890246934795
4614.8,21.11103217866431
4615.0,21.720714532129474
4615.2,21.593360517774194
4615.4,21.522812989371882
4615.6,21.949749104789117
4615.8,21.93556912569982
4616.0,21.55663309615978
4616.2,21.318371879499335
4616.4,20.911398839186887
4616.6,20.438319231462934
4616.8,20.514079171555615
4617.0,19.968259934345994
4617.2,20.324856430950724
4617.4,19.9083123808525
4617.6,19.873437317082246
4617.8,20.02275094974632
4618.0,19.70594795402992
4618.2,19.30484881076485
4618.4,19.51599625698338
4618.6,19.967265394488248
4618.8,20.601586113658193
4619.0,20.69785841090333
4619.2,20.90170112266657
4619.4,21.59226373446988
4619.6,21.17855262802928
4619.8,20.977530057565478
4620.0,20.643875415441908
4620.2,19.688595144695846
4620.4,19.75330782052258
4620.6,20.040741037757805
4620.8,20.724591765704673
4621.0,19.948940474814066
4621.2,20.1482505407558
4621.4,20.59732045422097
4621.6,20.648558264529406
4621.8,20.956500300727463
4622.0,20.602083158601957
4622.2,20.263962698527607
4622.4,20.714206401387372
4622.6,21.23642395651245
4622.8,21.581521226773685
4623.0,21.18255659292665
4623.2,21.217912546376503
4623.4,21.25045138180157
4623.6,21.36335913856502
4623.8,21.463639341683546
4624.0,21.962172089238642
4624.2,21.196150339507724
4624.4,21.05220784891955
4624.6,20.676189861020816
4624.8,20.00917427873768
4625.0,20.16123539203462
4625.2,20.147125380423034
4625.4,19.8656884025959
4625.6,19.810367224747882
4625.8,20.367815084253003
4626.0,20.441636503360296
4626.2,20.461081466243076
4626.4,20.332420193327035
4626.6,20.495401297554743
4626.8,20.345279226439157
4627.0,20.939626564992647
4627.2,21.343934667887382
4627.4,21.61340987744041
4627.6,21.42696875980633
4627.8,20.56356590337367
4628.0,21.139223068865213
4628.2,20.821140653150835
4628.4,21.62027656690035
4628.6,22.110646722387028
4628.8,21.94556846528965
4629.0,21.682362935782642
4629.2,21.80486490775431
4629.4,21.88544172613981
4629.6,21.251376568170638
4629.8,20.51475120997333
4630.0,20.5595898873558
4630.2,20.653188221109463
4630.4,21.103012393624084
4630.6,21.99920906517398
4630.8,22.553255493094
4631.0,22.23572557463928
4631.2,21.9071496497627
4631.4,21.970952201248295
4631.6,22.355710637072978
4631.8,22.106067596541592
4632.0,21.622521623242264
4632.2,21.468619687457412
4632.4,21.408349830598166
4632.6,21.478267429775357
4632.8,21.66758927807635
4633.0,21.381193420705063
4633.2,21.61916015367921
4633.4,22.123344386814697
4633.6,22.62348825659989
4633.8,22.51412242665736
4634.0,21.525650497885845
4634.2,21.39378874818018
4634.4,21.196777142619865
4634.6,21.17252471317383
4634.8,21.19018677790632
4635.0,20.576161930959607
4635.2,21.239651587773167
4635.4,20.77225764825915
4635.6,20.882001613592607
4635.8,20.552243666392222
4636.0,20.340944242973794
4636.2,20.44641607317359
4636.4,20.05012830325649
4636.6,19.991962171178322
4636.8,19.993820189374805
4637.0,19.872425300822037
4637.2,19.79836686871137
4637.4,19.550949818391537
4637.6,19.704819027821316
4637.8,20.43674808528028
4638.0,20.035612410499088
4638.2,19.178337941254377
4638.4,18.807090302698647
4638.6,18.58500651379615
4638.8,18.999935203266595
4639.0,19.18141021580397
4639.2,19.060839000642172
4639.4,19.00221564194357
4639.6,19.41148212884315
4639.8,19.4257589043145
4640.0,19.791636096861684
4640.2,20.172416340795195
4640.4,19.714357678288827
4640.6,20.189669209993365
4640.8,19.605810019810548
4641.0,19.910337704490495
4641.2,19.931414234978895
4641.4,20.738228823356376
4641.6,20.807617550219213
4641.8,20.983851100434876
4642.0,20.67142114984669
4642.2,20.12965537840694
4642.4,20.0697014407136
4642.6,20.47096354377991
4642.8,20.173674079642613
4643.0,20.230841103341316
4643.2,20.473058142066858
4643.4,20.398535731302417
4643.6,20.981784561706718
4643.8,21.0214353535371
4644.0,21.023342235141627
4644.2,21.058306628473407
4644.4,20.952088481317812
4644.6,21.088126857835967
4644.8,21.564430844150934
4645.0,21.5001809373548
4645.2,21.60650086447156
4645.4,21.27890834633871
4645.6,21.251731387541636
4645.8,20.5193184310138
4646.0,20.218359213703426
4646.2,20.241734523694138
4646.4,20.825111586942473
4646.6,20.69448349654879
4646.8,20.606143952845134
4647.0,21.104162420049907
4647.2,20.080526420398268
4647.4,20.664020832082308
4647.6,20.489842660146227
4647.8,20.30279022177612
4648.0,20.49674794770003
4648.2,20.53675475339479
4648.4,20.247605029454007
4648.6,20.092938051427023
4648.8,20.38626052962683
4649.0,20.419607738968516
4649.2,20.462166992316895
4649.4,19.957466715576494
4649.6,19.965267719521954
4649.8,20.031486881686433
4650.0,20.037747579571192
4650.2,19.91554362783182
4650.4,19.584609126379586
4650.6,19.29940969714604
4650.8,19.353261040540588
4651.0,20.11056516806024
4651.2,19.917242435453055
4651.4,20.53760307607206
4651.6,20.27610009149708
4651.8,19.647349323269097
4652.0,19.960173988286236
4652.2,19.91306869275975
4652.4,20.480564123128076
4652.6,20.4645247796281
4652.8,19.957830815051526
4653.0,21.114796297768777
4653.2,20.503158462320272
4653.4,21.14520882747545
4653.6,21.670165112941472
4653.8,21.74540578999302
4654.0,21.81723107566867
4654.2,21.937182181441027
4654.4,22.547386119942235
4654.6,22.227293648603318
4654.8,21.91181370688776
4655.0,22.138256643945553
4655.2,21.946270476323665
4655.4,21.356859695411863
4655.6,22.123432786437853
4655.8,22.142302095303272
4656.0,22.88170812552565
4656.2,23.287669389728197
4656.4,23.396307456777414
4656.6,23.0325821700476
4656.8,23.687721554887208
4657.0,22.690746439287896
4657.2,22.661518946252826
4657.4,22.99850646896743
4657.6,22.967161030447244
4657.8,22.944759014761257
4658.0,22.711781411427832
4658.2,22.64493448857578
4658.4,23.252138611953196
4658.6,23.178297350387545
4658.8,22.807991479634335
4659.0,22.953274248701693
4659.2,23.00245602062901
4659.4,23.15334547479936
4659.6,22.85662987628086
4659.8,22.50296862175364
4660.0,21.74206775967648
4660.2,22.190355590614125
4660.4,21.682504832626584
4660.6,21.79565939582616
4660.8,22.137610482032684
4661.0,22.252249130666137
4661.2,22.164361615505427
4661.4,21.9630089895767
4661.6,22.042475985423454
4661.8,22.062219319955805
4662.0,21.907786221731588
4662.2,21.73316827761136
4662.4,22.001274607374455
4662.6,22.292247620687537
4662.8,22.81269262999357
4663.0,22.77791485584654
4663.2,23.114063461566413
4663.4,23.578823812092445
4663.6,23.45076795926575
4663.8,23.92001271885929
4664.0,23.59822069345111
4664.2,23.64843288497232
4664.4,23.660510050826833
4664.6,22.438458715079655
4664.8,23.16931399725361
4665.0,23.148534438054874
4665.2,22.83964487628179
4665.4,23.10294523115639
4665.6,22.741358373645344
4665.8,22.068169641358267
4666.0,22.240288293997857
4666.2,22.25258204886773
4666.4,22.08158138618627
4666.6,22.690826296914516
4666.8,22.954568859249274
4667.0,23.322768554177735
4667.2,23.647750883869833
4667.4,23.966792077160886
4667.6,24.74247672630058
4667.8,24.43102756746573
4668.0,23.946683426966086
4668.2,24.15817161600366
4668.4,23.522878233435872
4668.6,23.054899263877022
4668.8,23.487786981411002
4669.0,24.084894274321318
4669.2,22.981320466906872
4669.4,22.976754932612756
4669.6,23.25549621846108
4669.8,23.000805775598558
4670.0,22.938285677520803
4670.2,23.4931813829795
4670.4,23.833321786448952
4670.6,22.913971620326897
4670.8,22.933829138131628
4671.0,22.705234042228618
4671.2,23.1209836547172
4671.4,24.065274522495965
4671.6,23.650439703765393
4671.8,23.898438105669946
4672.0,23.630495012917404
4672.2,22.98812975825267
4672.4,23.199439530227885
4672.6,22.975683242195192
4672.8,22.823872573687947
4673.0,23.065222892478992
4673.2,22.533949518345445
4673.4,22.580906696896946
4673.6,22.68812640156912
4673.8,22.000561718152344
4674.0,21.710438394047586
4674.2,22.299064737051147
4674.4,21.923304657588822
4674.6,21.248990038443452
4674.8,20.57056736447695
4675.0,20.204992113317243
4675.2,20.782582831710364
4675.4,20.63099347718125
4675.6,21.027174025677947
4675.8,20.84012236551296
4676.0,20.31401680119253
4676.2,20.73959984664595
4676.4,21.64877818836598
4676.6,21.19376032933677
4676.8,21.170538640250513
4677.0,21.695489159037706
4677.2,21.74644476252996
4677.4,21.692652966218002
4677.6,21.68877035551176
4677.8,21.680305026469778
4678.0,21.39465476484287
4678.2,21.132271408820028
4678.4,22.119200376373698
4678.6,21.975561150171327
4678.8,22.358708146194594
4679.0,22.054297662705768
4679.2,22.121121751470344
4679.4,22.016279317681068
4679.6,22.505885328325988
4679.8,22.679943218547123
4680.0,23.03043143662892
4680.2,22.989281828123843
4680.4,22.69333893886285
4680.6,22.450020555025276
4680.8,22.162203248446236
4681.0,22.121131793504432
4681.2,21.91839471579148
4681.4,21.63059494680016
4681.6,22.860937679122095
4681.8,22.655965273390933
4682.0,23.07617987011348
4682.2,22.830190884154007
4682.4,22.770329343343132
4682.6,23.120974487000446
4682.8,23.879285687937344
4683.0,22.82758135973547
4683.2,22.275619506330727
4683.4,22.15198297483893
4683.6,22.634487399818852
4683.8,21.845453166685576
4684.0,22.20311440539553
4684.2,21.688004786715265
4684.4,21.892687262022818
4684.6,21.825827900379625
4684.8,21.855618943402234
4685.0,21.858257959529418
4685.2,21.191037787173986
4685.4,21.537397977927686
4685.6,22.46222406181191
4685.8,21.759167827556922
4686.0,22.867675077941065
4686.2,22.286928214289347
4686.4,22.293293615765425
4686.6,21.426809760405405
4686.8,21.38643785387505
4687.0,21.41590747745672
4687.2,21.68468789929544
4687.4,22.370513323347172
4687.6,22.569908893322754
4687.8,22.599183862722562
4688.0,22.139359360333167
4688.2,21.57255661454649
4688.4,21.0656696893739
4688.6,20.763763702965417
4688.8,20.467239061000555
4689.0,20.736030857210586
4689.2,21.186124642383387
4689.4,21.63342048107722
4689.6,21.373282925971296
4689.8,22.347628599614062
4690.0,21.736671197597985
4690.2,21.241562692086248
4690.4,20.990814904916185
4690.6,21.08122229881814
4690.8,21.541659661016386
4691.0,22.306552820856854
4691.2,22.375421797934365
4691.4,21.917689557837075
4691.6,21.96668659506868
4691.8,21.372457402427585
4692.0,21.763220201805954
4692.2,21.388940789078184
4692.4,20.99408843248937
4692.6,22.186528015493323
4692.8,22.66786734651597
4693.0,22.681244703574222
4693.2,23.90264523883131
4693.4,24.060256284929086
4693.6,23.43056369042911
4693.8,24.235229823831325
4694.0,23.845386789128845
4694.2,23.61221826170201
4694.4,23.686753844312307
4694.6,23.993449911004433
4694.8,23.57391485330695
4695.0,22.746270524227874
4695.2,22.518043899194314
4695.4,21.417502402637364
4695.6,22.42545015543909
4695.8,21.838663550382613
4696.0,20.974616834766312
4696.2,21.617080986675038
4696.4,21.634904977821435
4696.6,22.239421339286352
4696.8,20.439773274689568
4697.0,20.821345368310446
4697.2,21.969258380508194
4697.4,22.261518422914488
4697.6,22.915551052274168
4697.8,22.591720479908787
4698.0,22.29958124163933
4698.2,23.023521230971422
4698.4,23.39149944554954
4698.6,22.81258660288405
4698.8,23.00329016227073
4699.0,23.040213069041677
4699.2,22.891472533958947
4699.4,21.995143314237374
4699.6,22.29383262069932
4699.8,22.925832728592816
4700.0,22.317446020954446
4700.2,23.082476264971696
4700.4,23.191129042869672
4700.6,23.779469877521958
4700.8,23.03301567225973
4701.0,23.262785881360315
4701.2,23.670014596738955
4701.4,23.103233235610325
4701.6,23.091230597660513
4701.8,23.275069276410306
4702.0,22.60288936814737
4702.2,22.17813883800281
4702.4,22.012296056792522
4702.6,21.18295900299171
4702.8,20.700035183187957
4703.0,20.677287827802864
4703.2,20.43620947420289
4703.4,21.581831917171606
4703.6,21.330609018035098
4703.8,21.029109269953892
4704.0,20.560017168393898
4704.2,19.910004283311718
4704.4,20.597671745355353
4704.6,20.468694968771107
4704.8,20.615465350349194
4705.0,20.77588035615595
4705.2,20.933868540623152
4705.4,20.86402674901224
4705.6,20.512778562870384
4705.8,20.231867284729113
4706.0,20.446192829200616
4706.2,20.756366018255015
4706.4,20.725275329337464
4706.6,19.729056486513052
4706.8,19.08993666218532
4707.0,18.620081567390447
4707.2,18.758065977127906
4707.4,18.85978108078528
4707.6,19.287147297392814
4707.8,19.347803187338513
4708.0,19.361984950989473
4708.2,19.053705418439474
4708.4,18.714171684405372
4708.6,18.739822562921532
4708.8,19.35065975378745
4709.0,19.582542024247473
4709.2,19.149301942504106
4709.4,19.204486494108288
4709.6,18.881274273027017
4709.8,19.112602963235123
4710.0,19.315782630234448
4710.2,19.488765271537883
4710.4,19.35322450088243
4710.6,20.008797074167912
4710.8,20.378277386793506
4711.0,20.310686908861676
4711.2,19.9736984104895
4711.4,20.998879326444143
4711.6,21.37129556235451
4711.8,21.06543758943365
4712.0,20.724415332590493
4712.2,20.256676786707388
4712.4,20.649590271653082
4712.6,20.68174075564493
4712.8,20.909376683166293
4713.0,20.837085504910434
4713.2,20.8285448020954
4713.4,20.683549461099776
4713.6,21.34793432009214
4713.8,21.588026132786027
4714.0,21.160110792897058
4714.2,21.71453342931092
4714.4,21.572423601011185
4714.6,22.13620101689525
4714.8,22.41616930169951
4715.0,23.018327410314168
4715.2,23.051030760106016
4715.4,22.750254807753816
4715.6,22.959036088212848
4715.8,23.567633157909373
4716.0,22.927059601175436
4716.2,22.67972224521841
4716.4,22.265623944283494
4716.6,22.277902358732227
4716.8,22.428492629052464
4717.0,22.192815768556883
4717.2,22.41513270397124
4717.4,21.890027381931056
4717.6,22.12185114916602
4717.8,22.1897625407964
4718.0,21.25774932171843
4718.2,20.76030061798943
4718.4,20.83991568505787
4718.6,21.392548644488553
4718.8,21.113242650504183
4719.0,21.073755173688372
4719.2,21.416936323729857
4719.4,22.484721318291715
4719.6,22.859402477596106
4719.8,22.074058024678486
4720.0,22.058899513378456
4720.2,22.235307802791233
4720.4,22.52468003179278
4720.6,22.99018060451729
4720.8,23.151451480897922
4721.0,23.240957519232197
4721.2,23.600227065752968
4721.4,23.214111593009203
4721.6,23.931531293308566
4721.8,23.900977921511117
4722.0,23.575890539399097
4722.2,24.178995703852316
4722.4,24.5270172568943
4722.6,24.574191477058417
4722.8,24.565673623554467
4723.0,24.58733861641827
4723.2,24.21040298194204
4723.4,24.619118067136355
4723.6,24.665541350705006
4723.8,25.414898817733096
4724.0,25.430495741231685
4724.2,24.99361916653243
4724.4,24.319881190000405
4724.6,24.165840171879573
4724.8,23.6743584183871
4725.0,23.48622002971675
4725.2,23.689205720233222
4725.4,23.866219541246814
4725.6,23.463795096218163
4725.8,23.936283212779884
4726.0,24.957458158885927
4726.2,24.426088013926094
4726.4,24.14349139472565
4726.6,23.379525237759342
4726.8,24.11011281000714
4727.0,24.36022012680473
4727.2,23.86743877658434
4727.4,23.79391412204675
4727.6,24.32139893561906
4727.8,23.83097810642235
4728.0,23.761016178078293
4728.2,23.531550175543323
4728.4,23.77935428435785
4728.6,23.629769573093988
4728.8,23.731286508546265
4729.0,24.451593818376963
4729.2,25.422007189540086
4729.4,25.225305242050684
4729.6,25.519346931623392
4729.8,25.33079607351171
4730.0,24.513485292814458
4730.2,23.959945556522506
4730.4,24.31708022420631
4730.6,23.630026759512553
4730.8,23.8399864186162
4731.0,23.8081138158096
4731.2,23.608180643871968
4731.4,24.74155127600996
4731.6,24.779011092217907
4731.8,24.538355185199464
4732.0,25.093972820698607
4732.2,24.471733077955896
4732.4,24.37490246600545
4732.6,24.49228447232258
4732.8,24.2749719470337
4733.0,24.55077145913893
4733.2,24.507426542589016
4733.4,24.484895931083273
4733.6,23.528943177527673
4733.8,23.246912463475734
4734.0,23.089088266386316
4734.2,22.601293342639615
4734.4,23.101154662933638
4734.6,23.85504609541597
4734.8,24.40211496144957
4735.0,24.301785795366953
4735.2,25.146716930137778
4735.4,24.159506835351145
4735.6,23.74114358612033
4735.8,23.919364783507007
4736.0,24.346764998768414
4736.2,23.124909165502952
4736.4,23.456451656079743
4736.6,22.96826187135322
4736.8,23.154673922237784
4737.0,23.146693490041027
4737.2,23.28182707837614
4737.4,24.342160918713432
4737.6,24.291636817178897
4737.8,24.564825804847178
4738.0,24.80116567463984
4738.2,25.007626462888823
4738.4,24.528421167229155
4738.6,24.53891130529712
4738.8,24.125157916675754
4739.0,24.608555507459617
4739.2,24.776757041647723
4739.4,24.4523860401778
4739.6,24.36659080706039
4739.8,24.102663815613457
4740.0,23.700021196019634
4740.2,23.80844615603157
4740.4,23.545552033974566
4740.6,23.691222055728026
4740.8,22.873319618473555
4741.0,23.114982836615326
4741.2,23.062481924497817
4741.4,23.66775825733237
4741.6,23.433733843891066
4741.8,23.431324124759154
4742.0,23.404345500326986
4742.2,24.66874511318178
4742.4,24.50897656940699
4742.6,25.41778471218215
4742.8,25.3600276349489
4743.0,24.79917076886951
4743.2,23.956217899295464
4743.4,24.68526085811263
4743.6,24.679183682029
4743.8,24.733300515942002
4744.0,24.24723270342234
4744.2,24.955554722996
4744.4,25.07567949797837
4744.6,24.790120551647206
4744.8,24.980182081653194
4745.0,25.153181172309978
4745.2,25.35426706242329
4745.4,25.26499246560196
4745.6,25.289786025003274
4745.8,25.392463683530707
4746.0,25.266655303176062
4746.2,24.67352318066554
4746.4,24.002932009866793
4746.6,23.545139643855304
4746.8,24.343836951897924
4747.0,24.270498207664517
4747.2,23.367592968469623
4747.4,24.11001035357859
4747.6,23.053427486207916
4747.8,23.658238004735416
4748.0,23.19195264342417
4748.2,23.74574639609776
4748.4,24.793155113208748
4748.6,24.525788258523594
4748.8,24.78247743399293
4749.0,24.978396641672397
4749.2,25.662332863177177
4749.4,25.263904302271417
4749.6,25.64947144361581
4749.8,25.315731086226943
4750.0,25.301996342484884
4750.2,24.663833687799432
4750.4,24.639287478434202
4750.6,24.358329944023275
4750.8,23.188487043808944
4751.0,23.154214255741145
4751.2,22.98955265135463
4751.4,22.871087093155676
4751.6,23.661737093908698
4751.8,23.474797582179793
4752.0,22.860159977012838
4752.2,22.47731166985671
4752.4,22.989810060562217
4752.6,22.782773151220344
4752.8,22.393039640108015
4753.0,22.896776532623274
4753.2,22.78817505212612
4753.4,22.89157042851848
4753.6,22.919187692163213
4753.8,23.03118418066553
4754.0,23.94500979064675
4754.2,23.405974266360673
4754.4,23.223515559803253
4754.6,23.848405848463308
4754.8,23.762625864644498
4755.0,24.240662482530936
4755.2,24.321145084924105
4755.4,24.625229496409844
4755.6,23.566411485989693
4755.8,23.07825079282255
4756.0,23.306465884695122
4756.2,23.693758709026653
4756.4,23.41847382011141
4756.6,23.395787749174918
4756.8,23.950345491547065
4757.0,23.617723476275607
4757.2,23.446432834532
4757.4,23.18658377231147
4757.6,23.27157683628071
4757.8,23.11618275178713
4758.0,22.685258422216098
4758.2,22.169736689732883
4758.4,22.471201674402984
4758.6,22.835815412842415
4758.8,22.62828260591155
4759.0,22.146251414662295
4759.2,21.84902026178678
4759.4,21.01324435062566
4759.6,21.074776837251093
4759.8,20.13490302479814
4760.0,20.040801186139518
4760.2,20.5011839802933
4760.4,20.420737130642692
4760.6,20.441179788389974
4760.8,20.45801953709627
4761.0,20.609938101125024
4761.2,20.343937704653626
4761.4,20.02009832560728
4761.6,19.97406900879814
4761.8,20.13723977998966
4762.0,20.046950595685175
4762.2,20.41518887915587
4762.4,20.060651088278995
4762.6,19.350978661515292
4762.8,19.760096436971477
4763.0,19.537190972488688
4763.2,19.871005408906186
4763.4,20.739301143952428
4763.6,20.79615663185715
4763.8,20.477999923565797
4764.0,20.848383376251462
4764.2,21.41638846085147
4764.4,21.11242363342154
4764.6,21.744697509035532
4764.8,21.677181360952176
4765.0,21.451856697813714
4765.2,21.359676200987213
4765.4,22.10337007491569
4765.6,22.54241289660626
4765.8,23.245288271206004
4766.0,23.91995986307569
4766.2,24.002844166467394
4766.4,23.782259672726063
4766.6,23.397799582098557
4766.8,22.523254690600865
4767.0,22.346536773948632
4767.2,23.009261347113807
4767.4,22.763536453613536
4767.6,22.791070702596965
4767.8,22.721736784765582
4768.0,22.597157277754
4768.2,22.979449042082013
4768.4,22.740133853519065
4768.6,23.015118778497403
4768.8,23.802130962559175
4769.0,23.855311928096633
4769.2,23.61783548233894
4769.4,23.94017743578339
4769.6,23.352997598922332
4769.8,23.289877495230293
4770.0,22.908161662091388
4770.2,21.714190943216938
4770.4,22.139755964968604
4770.6,22.777008302424363
4770.8,23.4580745247902
4771.0,23.474988483134908
4771.2,23.454901889948992
4771.4,22.873929578183517
4771.6,22.38986148295398
4771.8,22.49848153517261
4772.0,22.275640648347267
4772.2,22.382265248057752
4772.4,22.021721697805546
4772.6,22.191318889350327
4772.8,21.967156782362018
4773.0,22.279151941542253
4773.2,22.843622851244376
4773.4,22.7905359459939
4773.6,23.211487071305168
4773.8,23.679431899423413
4774.0,23.66048360723368
4774.2,23.420171213428887
4774.4,23.59915987933079
4774.6,23.67043719512598
4774.8,23.15044897896094
4775.0,22.708275429931277
4775.2,22.061021856386844
4775.4,22.414377574111914
4775.6,22.645118213548376
4775.8,22.756494141432473
4776.0,22.820264033959795
4776.2,23.01884642499381
4776.4,23.465626867931547
4776.6,23.542678419714246
4776.8,23.667861923802604
4777.0,23.62643005452368
4777.2,23.00346801374576
4777.4,22.806488194578197
4777.6,23.14184845928446
4777.8,23.77544424685727
4778.0,24.287112196781422
4778.2,24.472074053732015
4778.4,24.497105479956293
4778.6,24.31522771674073
4778.8,24.121383300471805
4779.0,24.588367478740196
4779.2,24.319310751768803
4779.4,24.475350069058926
4779.6,24.70752184790037
4779.8,24.85900833209156
4780.0,24.905057476255838
4780.2,25.069010214663514
4780.4,24.650775452167153
4780.6,24.837351062432464
4780.8,25.731728517389936
4781.0,25.35193208670082
4781.2,25.265802706048266
4781.4,25.676875386758702
4781.6,25.677187056352476
4781.8,25.929443328177214
4782.0,25.470579819276477
4782.2,25.938980294051966
4782.4,25.89782397864238
4782.6,24.754870221882395
4782.8,25.309120592055294
4783.0,25.62812474942389
4783.2,26.467692313682356
4783.4,26.09289353670842
4783.6,26.16823445925458
4783.8,25.6198674929623
4784.0,25.400749653758602
4784.2,25.008023873930256
4784.4,24.948578090908274
4784.6,24.380476898714804
4784.8,25.443762288449744
4785.0,25.205793402665986
4785.2,24.682522681117995
4785.4,24.24825859973042
4785.6,24.307222812372903
4785.8,25.512181330927262
4786.0,25.04048747917826
4786.2,24.83904610474847
4786.4,25.114016098620876
4786.6,25.633389329124867
4786.8,25.71930032611278
4787.0,24.705804992119823
4787.2,25.138855285092546
4787.4,25.22244235075163
4787.6,25.410930352628117
4787.8,24.4020383113551
4788.0,24.26472395917395
4788.2,24.86456007152952
4788.4,24.381211720854775
4788.6,24.327641922539527
4788.8,24.14597205406144
4789.0,24.964040693544142
4789.2,25.83966039980468
4789.4,26.488388162172786
4789.6,26.483036735252703
4789.8,26.12651752945901
4790.0,25.433612077788837
4790.2,26.278725680375782
4790.4,26.59722287652023
4790.6,26.21070880660264
4790.8,26.24552732233053
4791.0,26.068469791655488
4791.2,25.399165525669773
4791.4,24.64609555860537
4791.6,24.623333458037727
4791.8,25.23454708561628
4792.0,25.99209584877105
4792.2,26.166382562681875
4792.4,26.21597201741978
4792.6,26.03562297836096
4792.8,25.90804774684063
4793.0,26.331626813974992
4793.2,26.286581196112934
4793.4,26.535611946951416
4793.6,26.39017997035911
4793.8,26.177485002579708
4794.0,26.230594372334153
4794.2,26.238918655777695
4794.4,25.576164842928236
4794.6,25.02435800447495
4794.8,24.44565654968535
4795.0,24.363937845170753
4795.2,24.769638660810585
4795.4,23.984147154547326
4795.6,23.715489900826018
4795.8,23.704549694561283
4796.0,23.798473473134358
4796.2,24.016930229384393
4796.4,23.572094997043127
4796.6,24.237009009008354
4796.8,24.543747268086612
4797.0,23.921547563020415
4797.2,24.162122354794697
4797.4,24.37075497699745
4797.6,23.765156431859104
4797.8,23.905232831157484
4798.0,23.97537346736977
4798.2,23.318323210277327
4798.4,23.10006666281741
4798.6,23.61818422744176
4798.8,23.262545677378675
4799.0,23.353415761407085
4799.2,23.072351906514225
4799.4,23.085778134687807
4799.6,22.864367962250803
4799.8,22.423540412163035
4800.0,21.721606772718207
4800.2,21.203125970441246
4800.4,21.30262754788859
4800.6,21.153197462012013
4800.8,21.015563551567993
4801.0,22.104111770636898
4801.2,22.30970452053953
4801.4,22.858339614348942
4801.6,22.971937669581376
4801.8,23.055234779897237
4802.0,23.309643735598698
4802.2,23.25997297878796
4802.4,22.60401712198192
4802.6,22.350472864261278
4802.8,22.933103693910684
4803.0,23.346015681215192
4803.2,23.237782225426464
4803.4,22.9272571273177
4803.6,22.875266471553203
4803.8,22.556585825135507
4804.0,23.37305315639683
4804.2,23.158632490119825
4804.4,23.018957920608738
4804.6,23.085015487447627
4804.8,23.433738705173155
4805.0,22.761621232753768
4805.2,23.130904299995
4805.4,23.298785097243005
4805.6,23.558077905668576
4805.8,21.940407733721283
4806.0,22.066200708638256
4806.2,22.38735424310162
4806.4,21.889835702155317
4806.6,21.871534784496866
4806.8,22.519464411301175
4807.0,21.951007984632884
4807.2,21.35264324171466
4807.4,21.840241685187106
4807.6,22.497451640628448
4807.8,22.587903168304887
4808.0,21.850127087075954
4808.2,21.62622985657716
4808.4,22.04218842558501
4808.6,23.146482806250713
4808.8,22.234676113789142
4809.0,22.59100715967728
4809.2,23.206121670371147
4809.4,22.62759221342739
4809.6,21.919887787678704
4809.8,22.545333750672643
4810.0,22.751423899610067
4810.2,22.701489245002566
4810.4,23.48582208812486
4810.6,24.316699549971187
4810.8,24.248952617611327
4811.0,24.105775075398125
4811.2,24.483699365726082
4811.4,24.24950686118752
4811.6,24.03752302470251
4811.8,24.29986284978883
4812.0,24.300064243159987
4812.2,24.581188738340618
4812.4,23.793565062779987
4812.6,23.986415230905465
4812.8,24.262284807241706
4813.0,24.014614349429408
4813.2,24.444905489791804
4813.4,24.255820821568513
4813.6,23.978887706946843
4813.8,23.177190574936954
4814.0,23.84177993630123
4814.2,23.874940492949968
4814.4,23.855796922615298
4814.6,25.066441030333436
4814.8,24.735907102907447
4815.0,24.627399030500484
4815.2,24.099385972475066
4815.4,24.13142271603369
4815.6,23.732767529761958
4815.8,23.30791584187089
4816.0,23.478674074427627
4816.2,23.315049616404817
4816.4,23.75371778445097
4816.6,23.578626204258505
4816.8,23.579864245635456
4817.0,23.936001179813168
4817.2,23.841085073913156
4817.4,22.915190600911085
4817.6,23.840194702253136
4817.8,23.02657665889309
4818.0,23.963746079178314
4818.2,24.902946113283313
4818.4,25.242251239575623
4818.6,25.204322317814658
4818.8,24.819640406795386
4819.0,24.32931373553099
4819.2,24.80896442483668
4819.4,24.124256931064867
4819.6,24.14085824219846
4819.8,23.851611613022072
4820.0,23.68419737055421
4820.2,24.739177406092374
4820.4,23.908128275466304
4820.6,24.526607105817114
4820.8,24.995675929938123
4821.0,24.74225665178217
4821.2,23.93072833052472
4821.4,24.449204572938896
4821.6,24.622768877447086
4821.8,23.547855934354935
4822.0,23.72679408945469
4822.2,24.046340236772096
4822.4,24.13121237597544
4822.6,24.113112466017235
4822.8,24.320310445935856
4823.0,24.87909293953807
4823.2,25.117222909280382
4823.4,25.05819935715219
4823.6,23.562672267210164
4823.8,24.243745620408742
4824.0,24.30973770631875
4824.2,24.392874327835997
4824.4,24.058718186593442
4824.6,24.119349988644867
4824.8,23.066827546200628
4825.0,23.79325006333652
4825.2,23.598855245926003
4825.4,23.7676251947343
4825.6,24.597191878952486
4825.8,24.429901110180836
4826.0,24.3219332110393
4826.2,24.803062067658097
4826.4,25.981252454237755
4826.6,25.679257862524153
4826.8,25.27455362127007
4827.0,25.486383627897354
4827.2,24.28377265062253
4827.4,24.40593455044553
4827.6,24.07279443711679
4827.8,24.815823920612274
4828.0,24.596972590900922
4828.2,24.294031929676475
4828.4,24.32653471687162
4828.6,24.174017842105684
4828.8,24.0469963280634
4829.0,24.90372970705604
4829.2,24.909669592600675
4829.4,25.013348553557453
4829.6,24.539003858197916
4829.8,24.346680888098224
4830.0,24.114537075979563
4830.2,23.864554214652006
4830.4,24.002833637839185
4830.6,24.02561531282132
4830.8,24.4424158412096
4831.0,24.531107044633856
4831.2,23.652972658734473
4831.4,24.023249106258923
4831.6,24.968355904071725
4831.8,24.648453538237515
4832.0,24.0729452294746
4832.2,23.310202450290266
4832.4,23.05564934196851
4832.6,23.116683861292046
4832.8,22.161287396547902
4833.0,22.161218115832586
4833.2,22.156926681361192
4833.4,22.042982653257553
4833.6,22.08414874172302
4833.8,21.94080121924464
4834.0,21.22846212590089
4834.2,21.650895612715658
4834.4,21.65122731500789
4834.6,21.9081104705013
4834.8,21.424726566624052
4835.0,22.187889510892415
4835.2,22.302025038875097
4835.4,22.677253804257596
4835.6,21.85118924485088
4835.8,22.133092225491513
4836.0,21.87508125928396
4836.2,22.852864293203794
4836.4,23.292866094015782
4836.6,23.40251809692804
4836.8,23.353238135737847
4837.0,23.90793500781356
4837.2,23.423357970470306
4837.4,23.88200275018709
4837.6,23.38130155412285
4837.8,22.877655686409902
4838.0,22.701372697062887
4838.2,23.08329526798241
4838.4,23.13321333489398
4838.6,22.775684136922038
4838.8,22.84616630920885
4839.0,22.152854732398577
4839.2,21.82978979980934
4839.4,22.220989497230587
4839.6,22.064584066017673
4839.8,22.493449091792233
4840.0,22.19501106887045
4840.2,22.918600124954164
4840.4,22.02479830740475
4840.6,22.79395639816629
4840.8,23.024533742191238
4841.0,23.965059888428286
4841.2,23.800052742057023
4841.4,23.839155177870097
4841.6,23.47229086289001
4841.8,23.824099941683457
4842.0,23.552814384936077
4842.2,22.85387774016978
4842.4,22.513788118345353
4842.6,22.654757093905644
4842.8,23.699749561836384
4843.0,23.64142065821408
4843.2,23.151212615614316
4843.4,23.70846850233621
4843.6,23.606191428803204
4843.8,24.275764190794796
4844.0,25.126398766036637
4844.2,25.34061552110913
4844.4,25.845068661043168
4844.6,26.332052431854237
4844.8,26.009040387919825
4845.0,26.09814873391649
4845.2,25.690993408320374
4845.4,25.706937903716675
4845.6,25.688145346869472
4845.8,25.299972288663227
4846.0,24.648398509185647
4846.2,24.36424453321102
4846.4,24.530857884159506
4846.6,24.816829488154553
4846.8,24.860664005672255
4847.0,24.783663287091635
4847.2,24.935752279164518
4847.4,24.75524073784213
4847.6,25.337747497882468
4847.8,25.320540468144817
4848.0,24.66467504414802
4848.2,25.278589563143168
4848.4,25.154189022529
4848.6,24.86526962545913
4848.8,25.974655380741723
4849.0,25.88090862775079
4849.2,25.702694768487472
4849.4,25.470976402966524
4849.6,25.98602599584109
4849.8,26.076277212243948
4850.0,27.079132048019837
4850.2,26.88942134148595
4850.4,26.35826030165685
4850.6,26.703082729463397
4850.8,25.71183725715494
4851.0,25.465314154084773
4851.2,26.337062838204876
4851.4,26.42001715305004
4851.6,25.64550416781551
4851.8,25.29790208527406
4852.0,25.313318904735258
4852.2,24.803466220502223
4852.4,23.808295591213067
4852.6,24.31540251263503
4852.8,24.571676804330043
4853.0,24.74425666227223
4853.2,24.96400339971974
4853.4,25.12840428095197
4853.6,25.159402531546885
4853.8,24.089973965671764
4854.0,23.91679358261569
4854.2,24.521434906959882
4854.4,25.019309587753252
4854.6,25.519448234857656
4854.8,24.571685455046335
4855.0,24.699524133609945
4855.2,24.70453405060838
4855.4,24.50802613540163
4855.6,24.887793191113165
4855.8,24.32726918821205
4856.0,23.790681002357033
4856.2,23.964581095288075
4856.4,23.75893582218709
4856.6,23.91263047686663
4856.8,23.985204162687563
4857.0,23.984808521436065
4857.2,24.539120149942455
4857.4,24.38496756551001
4857.6,24.30891529033621
4857.8,24.862814494166898
4858.0,24.650066649085627
4858.2,24.47852283029015
4858.4,25.233296728727655
4858.6,24.651229755173535
4858.8,23.93180218471351
4859.0,24.185402600808942
4859.2,24.275880975880973
4859.4,24.0617484723964
4859.6,24.488198538607083
4859.8,24.606856344616148
4860.0,25.289477486685495
4860.2,25.521576795018397
4860.4,24.443662354711485
4860.6,25.097920061628148
4860.8,25.188509954158995
4861.0,25.781262104621703
4861.2,25.90035304250391
4861.4,26.44171781040777
4861.6,24.9810284407285
4861.8,25.291417409158896
4862.0,25.222760506515556
4862.2,25.23645774839711
4862.4,24.82948997370024
4862.6,25.360660313174126
4862.8,24.822420779836122
4863.0,25.028705670459814
4863.2,25.074608253980966
4863.4,24.61742169562852
4863.6,24.293322475519137
4863.8,24.83686441781028
4864.0,24.491306267513
4864.2,23.931061115391014
4864.4,24.721113000404664
4864.6,24.88608146273148
4864.8,24.84657734926789
4865.0,25.062710916025736
4865.2,24.61975289884584
4865.4,24.438945095087416
4865.6,24.166755757830494
4865.8,23.544183854371312
4866.0,23.87898968886461
4866.2,24.025335697826755
4866.4,24.70911606420139
4866.6,23.92755993648146
4866.8,23.584028806575546
4867.0,23.745447415363405
4867.2,23.572198457873853
4867.4,23.553412201967273
4867.6,23.948373649362903
4867.8,23.730133412641166
4868.0,24.049878969386572
4868.2,23.84941828061526
4868.4,24.155362165521133
4868.6,24.263360996882927
4868.8,23.56415862039794
4869.0,24.37452978348493
4869.2,24.868371928004454
4869.4,25.468238351671324
4869.6,25.617461179870254
4869.8,25.46724707102677
4870.0,25.684854384570585
4870.2,24.951629821327256
4870.4,25.11635582023434
4870.6,24.61313128831214
4870.8,24.233453422225928
4871.0,24.362017416081056
4871.2,25.497579724725806
4871.4,25.353559456952187
4871.6,25.2813783047448
4871.8,26.117064568017568
4872.0,25.580001487339587
4872.2,26.025179964825526
4872.4,25.890233454863328
4872.6,25.54116950991096
4872.8,25.43997695830424
4873.0,24.417013883469473
4873.2,25.120189902171912
4873.4,25.477467288305917
4873.6,25.40809222244941
4873.8,25.736242936021863
4874.0,25.37337027860918
4874.2,25.146321211599698
4874.4,24.76190812256284
4874.6,25.06549585748106
4874.8,24.887495112814708
4875.0,24.63656247366776
4875.2,25.13018941191991
4875.4,25.632772323800328
4875.6,25.60582980547162
4875.8,25.66192102997801
4876.0,25.444334702666698
4876.2,24.901196658608157
4876.4,25.44264532700757
4876.6,25.870280601914967
4876.8,26.60149924708122
4877.0,26.392291853897515
4877.2,26.443145280755267
4877.4,26.59349612296541
4877.6,25.53646011248103
4877.8,25.49704306321825
4878.0,25.502475409523733
4878.2,25.27295227289975
4878.4,25.181087806675762
4878.6,25.018215323148215
4878.8,25.33519849622525
4879.0,24.900259709503302
4879.2,24.98906257995124
4879.4,24.87763939404261
4879.6,25.1136712647587
4879.8,25.728868917720995
4880.0,25.374541026548513
4880.2,25.319211991316347
4880.4,25.354393946832804
4880.6,25.964687835670738
4880.8,25.243690188662455
4881.0,24.752025807959757
4881.2,24.284383113136904
4881.4,23.62513836062636
4881.6,24.214131380831702
4881.8,23.73967728458739
4882.0,23.527333115912544
4882.2,23.778758917406464
4882.4,23.997546972866314
4882.6,24.58306025586453
4882.8,24.427782838710716
4883.0,23.500959648893538
4883.2,23.13624650691709
4883.4,23.045733456135995
4883.6,23.095208188323426
4883.8,22.971526818370567
4884.0,22.86163473506495
4884.2,22.556233397126597
4884.4,22.12612283634663
4884.6,21.648020143767653
4884.8,21.00127783059927
4885.0,21.67442544985878
4885.2,21.6697709351719
4885.4,21.628666391933848
4885.6,22.197613400930265
4885.8,22.292433458873894
4886.0,21.94121330807714
4886.2,22.37533707898033
4886.4,23.275830640503813
4886.6,23.15496167385978
4886.8,22.07900061069121
4887.0,21.442793631133362
4887.2,22.16381052597988
4887.4,21.87016544176157
4887.6,21.408662954107285
4887.8,22.68292171478286
4888.0,23.032527483600287
4888.2,23.091282215903174
4888.4,22.343234579298922
4888.6,22.44439035570865
4888.8,22.65218240371976
4889.0,22.249225460248255
4889.2,23.142317309417795
4889.4,22.03287782236903
4889.6,21.500194654520097
4889.8,21.1070296353208
4890.0,20.404918607025678
4890.2,21.351766188641875
4890.4,20.751864297755674
4890.6,20.760285573581715
4890.8,21.42690292042485
4891.0,21.13611044293931
4891.2,21.38757468249694
4891.4,21.588599797580574
4891.6,21.70146293575433
4891.8,21.11503426121913
4892.0,20.945458846904547
4892.2,20.465731068815224
4892.4,21.552828983409352
4892.6,21.291967837857477
4892.8,21.030291041930205
4893.0,21.191934581250784
4893.2,20.434558792191503
4893.4,20.8751870763245
4893.6,21.12416922879673
4893.8,21.37675944739264
4894.0,21.61423946474867
4894.2,22.38757564093605
4894.4,22.282675639881756
4894.6,21.210210059643906
4894.8,21.292708232048746
4895.0,21.25711099652429
4895.2,21.55522081095645
4895.4,21.42227436582902
4895.6,21.155741510256977
4895.8,21.740708422868394
4896.0,21.66434484954328
4896.2,22.605228614142433
4896.4,22.615982568797044
4896.6,22.65001308549794
4896.8,22.37308836110117
4897.0,22.58608476327382
4897.2,22.056104431561355
4897.4,22.67965742262094
4897.6,22.566549561093638
4897.8,22.148983675951094
4898.0,22.394845415657972
4898.2,22.13542400204471
4898.4,21.26291001144191
4898.6,20.635365686427548
4898.8,20.98327760480681
4899.0,20.560564118899755
4899.2,19.983415464547136
4899.4,20.803735804227315
4899.6,20.598720875872722
4899.8,20.83439814297728
4900.0,21.16499638716927
4900.2,21.125583797782483
4900.4,21.060959362164198
4900.6,21.09201218640301
4900.8,21.517406907902867
4901.0,21.209235102711872
4901.2,20.799423021201275
4901.4,20.684206813622325
4901.6,21.050765422100316
4901.8,20.500230201156526
4902.0,20.400207112576098
4902.2,20.96130741184703
4902.4,20.85420354800292
4902.6,20.20450326933249
4902.8,20.828185154855316
4903.0,20.938837403257136
4903.2,20.807370820213862
4903.4,20.618732888452463
4903.6,20.24275314001514
4903.8,20.217007057408516
4904.0,20.41002400118577
4904.2,20.86684266338533
4904.4,20.784101425229053
4904.6,21.172671159827402
4904.8,20.971162004305253
4905.0,20.804221780248167
4905.2,20.561169480830976
4905.4,21.024607799826924
4905.6,21.375123029288755
4905.8,21.240710202644234
4906.0,21.551068666833906
4906.2,21.3069092880391
4906.4,21.256295719152728
4906.6,20.28005111614093
4906.8,20.2415347221159
4907.0,20.738864908282064
4907.2,20.276785165976214
4907.4,20.53417917637639
4907.6,20.673846614547106
4907.8,20.15656453845796
4908.0,20.341860422285635
4908.2,20.742462891052327
4908.4,21.07907142159371
4908.6,20.55445461033691
4908.8,20.651781765249076
4909.0,20.58226821261004
4909.2,20.94112811059277
4909.4,21.59194212903687
4909.6,22.201315288115765
4909.8,22.14536986452949
4910.0,22.004397774838488
4910.2,21.75485393366474
4910.4,21.70669568502543
4910.6,20.951683076540025
4910.8,20.915806139254588
4911.0,20.624315050420748
4911.2,20.649575231811518
4911.4,20.718499495241556
4911.6,21.484208630008574
4911.8,21.02559576828025
4912.0,20.487869494021563
4912.2,20.332502304376657
4912.4,20.510207301004087
4912.6,20.65035107044136
4912.8,20.566355391674428
4913.0,20.654854923006827
4913.2,20.68894865686385
4913.4,20.806217239994503
4913.6,20.99547476604525
4913.8,20.8776500048781
4914.0,21.339828637539334
4914.2,21.883271388066817
4914.4,22.199432802805834
4914.6,21.67614938779876
4914.8,22.04548981286417
4915.0,22.245543403453603
4915.2,22.35231787437168
4915.4,22.215036635930975
4915.6,22.95806907443634
4915.8,22.92055950540079
4916.0,23.16701846134476
4916.2,22.71066413265183
4916.4,22.547179523601734
4916.6,22.632922930875267
4916.8,22.112530824227996
4917.0,22.45637502868093
4917.2,22.39725884029056
4917.4,21.574923725169697
4917.6,21.591234036909075
4917.8,21.941181518878196
4918.0,22.485054064266148
4918.2,21.607604111885507
4918.4,21.06899508907773
4918.6,21.179206516925365
4918.8,20.65708240172208
4919.0,20.682097472515085
4919.2,20.417436553622924
4919.4,20.646779446454385
4919.6,20.827371864241172
4919.8,20.042016700260636
4920.0,20.38512560488559
4920.2,19.900615183690004
4920.4,20.047804652919346
4920.6,20.869864000052548
4920.8,20.948262625239018
4921.0,20.579823951622046
4921.2,20.625091665776388
4921.4,20.564304206169822
4921.6,20.543653405295423
4921.8,20.164145996391767
4922.0,20.319070183410123
4922.2,20.264183139563347
4922.4,20.645912782310496
4922.6,20.853285213298616
4922.8,20.72190605803977
4923.0,20.813466354258207
4923.2,20.53019778610978
4923.4,21.046126043807917
4923.6,20.481506578770574
4923.8,20.641645103352218
4924.0,20.68705628375308
4924.2,20.46457588318664
4924.4,20.344090599775114
4924.6,19.971511030531875
4924.8,20.310673448189572
4925.0,19.929467333332827
4925.2,20.181042618774754
4925.4,19.920589524579054
4925.6,20.061474146782995
4925.8,20.280800424925825
4926.0,19.870146136717935
4926.2,21.60920362020811
4926.4,21.75060496227242
4926.6,21.633615556503827
4926.8,22.418565508996274
4927.0,22.756283552771265
4927.2,23.733188150920586
4927.4,24.192897558923132
4927.6,24.423772279504178
4927.8,24.30188768550306
4928.0,23.51258986013741
4928.2,24.31240163799893
4928.4,24.25815235612798
4928.6,24.388376902574475
4928.8,23.5848504660349
4929.0,24.321361038212213
4929.2,24.069579689947155
4929.4,23.958447407040136
4929.6,24.043111589023475
4929.8,23.430062549169467
4930.0,23.473350910324132
4930.2,23.747229826583357
4930.4,24.679702244543833
4930.6,24.4420039241073
4930.8,24.40544979362615
4931.0,24.457827294167522
4931.2,24.15611395781667
4931.4,23.685727553618836
4931.6,24.18649678729671
4931.8,23.393541300954915
4932.0,23.195999067770806
4932.2,23.432603336035676
4932.4,23.569227724019104
4932.6,23.29795964464415
4932.8,22.674644404955945
4933.0,22.87641713441073
4933.2,22.91990096826997
4933.4,22.867028597522577
4933.6,22.576068794347975
4933.8,21.966413366364424
4934.0,22.40046749772871
4934.2,21.705136170615013
4934.4,21.450790339749986
4934.6,21.817203418378842
4934.8,21.782800433686262
4935.0,22.343208939432255
4935.2,22.984098020946814
4935.4,23.178873820361314
4935.6,22.746635230155754
4935.8,22.96139196660958
4936.0,22.823173582536068
4936.2,24.08235458635831
4936.4,23.35180334152674
4936.6,24.12960475162148
4936.8,24.277538055741328
4937.0,23.52721719505322
4937.2,23.783344196522073
4937.4,23.370156634245237
4937.6,23.70003460856995
4937.8,24.300022544245337
4938.0,25.144521157606864
4938.2,24.195218016601558
4938.4,24.9225694702696
4938.6,24.207588013076077
4938.8,24.30254258137085
4939.0,24.738941024224637
4939.2,24.529104108268015
4939.4,24.58463234819428
4939.6,25.25451157043583
4939.8,25.285965940421878
4940.0,25.196039056875446
4940.2,25.236772293963398
4940.4,24.76712273582383
4940.6,25.504887401276555
4940.8,25.764242128427668
4941.0,25.079315797190013
4941.2,24.87335578257177
4941.4,26.066405437898705
4941.6,25.850168077142328
4941.8,25.399378215289655
4942.0,24.951751704914038
4942.2,25.40337639904145
4942.4,25.24478257612712
4942.6,25.19688471752989
4942.8,25.29344317834129
4943.0,24.687980616046158
4943.2,23.92500468340809
4943.4,23.472718919006873
4943.6,23.764948326303966
4943.8,23.810401139775664
4944.0,23.531432212306292
4944.2,23.43798025355884
4944.4,23.052636047537717
4944.6,22.62451948107281
4944.8,22.955068716451947
4945.0,22.06239601216087
4945.2,22.296172889883042
4945.4,22.894967406700076
4945.6,23.377151647209477
4945.8,22.416303679759196
4946.0,23.47973316571005
4946.2,23.062153715607398
4946.4,22.86327732153748
4946.6,23.443311643523185
4946.8,24.022181645081577
4947.0,23.935342769129182
4947.2,24.30588729313007
4947.4,23.779239003741658
4947.6,24.58429822323414
4947.8,24.94351568040092
4948.0,25.086443863994013
4948.2,23.911195238361994
4948.4,24.614608459335997
4948.6,25.027790828876164
4948.8,25.30057211398588
4949.0,25.3345881916583
4949.2,25.34867373182612
4949.4,25.52376128790292
4949.6,25.234235475771527
4949.8,26.042048553804698
4950.0,25.60099114376303
4950.2,25.265219638563433
4950.4,25.57267946229643
4950.6,26.280206853299354
4950.8,26.037748293003787
4951.0,26.585114622666367
4951.2,27.23689507525396
4951.4,27.783559025154506
4951.6,27.195802972325943
4951.8,27.270725364710255
4952.0,27.575334341142955
4952.2,27.779096402069513
4952.4,25.846252193653164
4952.6,26.35738591869962
4952.8,27.37509486426402
4953.0,26.74213520969358
4953.2,27.347702107846352
4953.4,27.518673933639338
4953.6,27.415958565222148
4953.8,26.822954373716396
4954.0,27.274239789906296
4954.2,28.364857500353637
4954.4,28.886921883543728
4954.6,29.716469050242146
4954.8,30.335356242697827
4955.0,30.965952917959065
4955.2,31.162305934344023
4955.4,30.56601345513851
4955.6,30.296062204845743
4955.8,30.662073565021068
4956.0,31.847642523894258
4956.2,31.402858728026516
4956.4,29.976485259333643
4956.6,30.622928801248115
4956.8,29.444670952997978
4957.0,30.08596582638832
4957.2,30.034679556132286
4957.4,29.316030251348163
4957.6,28.99150799119367
4957.8,29.58837482873666
4958.0,29.16863912543201
4958.2,30.17574827927444
4958.4,29.648240456857515
4958.6,30.545694274486156
4958.8,30.683644458827366
4959.0,31.30960352709886
4959.2,32.157785210931486
4959.4,32.22133116253055
4959.6,32.08699232304453
4959.8,31.033747546814695
4960.0,31.558551341474992
4960.2,32.53477689017471
4960.4,33.157683516928486
4960.6,33.71467204915437
4960.8,33.92046967581463
4961.0,34.04533074725057
4961.2,35.048906750902454
4961.4,35.62783543144594
4961.6,35.27860270151954
4961.8,35.29043726453677
4962.0,35.47435170586422
4962.2,35.95946119703992
4962.4,34.67956531131114
4962.6,34.95916115467983
4962.8,34.15024704059257
4963.0,34.3808042117435
4963.2,35.69469492362129
4963.4,33.801874902815115
4963.6,32.758125017610304
4963.8,31.5579689994512
4964.0,30.45872712167138
4964.2,29.690283052311585
4964.4,29.25341815093723
4964.6,28.772825364473753
4964.8,29.981678676053424
4965.0,29.010116106212955
4965.2,30.692005794841993
4965.4,30.8016161542192
4965.6,30.293821496981366
4965.8,29.590383056778737
4966.0,29.378750084081364
4966.2,29.404066116177454
4966.4,29.122915145472014
4966.6,29.75816515119865
4966.8,30.021977459409428
4967.0,31.074339327492147
4967.2,31.115892949856555
4967.4,31.35405655819437
4967.6,31.880517581713065
4967.8,31.651936342302285
4968.0,30.800898701869723
4968.2,32.11035397147543
4968.4,31.69494643817568
4968.6,31.29659741817529
4968.8,31.544367944809228
4969.0,29.916556125758657
4969.2,28.951817710779597
4969.4,28.866505897994724
4969.6,29.500748514478083
4969.8,29.621389279161168
4970.0,29.05675181472394
4970.2,29.737793878069123
4970.4,30.421663713332133
4970.6,28.922225265680016
4970.8,30.641323256264222
4971.0,30.175556713237558
4971.2,29.715536803459873
4971.4,30.031335615626986
4971.6,29.98779820494534
4971.8,30.38101003500096
4972.0,29.761652303643768
4972.2,29.418663165049708
4972.4,28.598640946921655
4972.6,28.08003537629695
4972.8,27.512422025539742
4973.0,28.585440133006458
4973.2,28.407860814345458
4973.4,27.514625510229408
4973.6,27.40587343055724
4973.8,27.48186826286898
4974.0,28.944825944513937
4974.2,27.841256960984857
4974.4,27.27992665553403
4974.6,28.316421649402834
4974.8,26.74986417205849
4975.0,26.944558969510666
4975.2,26.565784490569953
4975.4,26.17806367194571
4975.6,25.6354512349559
4975.8,25.640468510188562
4976.0,25.426658773322362
4976.2,26.38400650269179
4976.4,26.301130128806562
4976.6,26.738212881984875
4976.8,26.907605067367623
4977.0,27.58317482704539
4977.2,26.972815350227442
4977.4,26.349441494661633
4977.6,26.84398548451345
4977.8,26.565002774986088
4978.0,26.90164354933595
4978.2,26.994653006896012
4978.4,26.252242643316492
4978.6,26.295703151481803
4978.8,25.44892262422345
4979.0,25.165340545281204
4979.2,24.427374172166214
4979.4,24.307180438062694
4979.6,23.5025679588716
4979.8,24.619621355237914
4980.0,25.309023536359874
4980.2,24.688401738326174
4980.4,24.944092738643647
4980.6,24.817170133811324
4980.8,24.73930980960038
4981.0,24.43268431893076
4981.2,24.068053045041
4981.4,25.15755204577502
4981.6,24.826616435601977
4981.8,24.338979980349833
4982.0,24.078084549383277
4982.2,24.35073306669264
4982.4,23.81061439736648
4982.6,24.41893493756734
4982.8,24.229453962988337
4983.0,23.486379015648744
4983.2,22.49640196093234
4983.4,23.1233882540933
4983.6,22.856359033070266
4983.8,23.891743752690115
4984.0,23.63479164439786
4984.2,23.102292079043263
4984.4,23.927512664611687
4984.6,24.051374859159633
4984.8,24.93940819207492
4985.0,25.541587368811733
4985.2,24.79576406598109
4985.4,24.44581941423387
4985.6,24.857097072488887
4985.8,24.732133716698435
4986.0,24.80659709574862
4986.2,24.443809559998986
4986.4,25.068426765431617
4986.6,24.757117660689957
4986.8,23.75051830684612
4987.0,24.578766886124118
4987.2,24.933252131742208
4987.4,25.068312388337496
4987.6,24.72109936759379
4987.8,25.01390305862739
4988.0,25.155723107004984
4988.2,25.58615142192918
4988.4,25.84181977957526
4988.6,26.143049262733598
4988.8,26.3370824310838
4989.0,25.70483611528727
4989.2,25.9726715927264
4989.4,26.114686460516513
4989.6,25.913339720897874
4989.8,26.938592248882696
4990.0,26.80599649557411
4990.2,26.9238811962001
4990.4,27.37507584920733
4990.6,27.104329241376362
4990.8,28.405087828961022
4991.0,27.932443027773974
4991.2,26.833038628929824
4991.4,27.243655583978903
4991.6,26.614873830293725
4991.8,26.189958333013777
4992.0,25.241191907181197
4992.2,25.468319375654765
4992.4,25.505598619065637
4992.6,25.475030653636935
4992.8,26.22308393430055
4993.0,26.139154223582143
4993.2,26.383676332402533
4993.4,27.06178611109316
4993.6,28.437487800455635
4993.8,27.116745766985165
4994.0,27.96652922921868
4994.2,27.558218341213035
4994.4,27.098856698082404
4994.6,26.94685694568188
4994.8,26.942744609625006
4995.0,25.898861492625294
4995.2,26.831021549721537
4995.4,27.906855555129574
4995.6,26.957486208644003
4995.8,27.112764157121237
4996.0,26.660135972541635
4996.2,26.14757509883923
4996.4,26.920037993235255
4996.6,26.867192426517484
4996.8,26.63539929855775
4997.0,26.09972482033872
4997.2,27.175622193191288
4997.4,27.677151354098118
4997.6,27.68653669645847
4997.8,27.470645457702002
4998.0,26.540309224370723
4998.2,27.62026420108121
4998.4,26.96567197732453
4998.6,27.18302830463294
4998.8,27.173857308935357
4999.0,27.212272234536798
4999.2,28.13709453284268
4999.4,28.366233832418445
4999.6,29.413299887576898
4999.8,29.276807834099575
5000.0,29.451600606892633
