time,rg
0.0,18.496444443827087
0.2,18.393259118666755
0.4,15.456266964544461
0.6,15.140360649982327
0.8,12.782759541243312
1.0,12.833978068681313
1.2,13.63468283620357
1.4,15.872795768304284
1.6,14.833836283506388
1.8,14.485860575371879
2.0,13.873329948638942
2.2,16.530466867351407
2.4,14.938650830774538
2.6,13.255439255896725
2.8,12.767512723371174
3.0,14.269103793607945
3.2,13.944017709967426
3.4,15.339523007869133
3.6,12.735301018950473
3.8,13.045522192494904
4.0,14.37180909960697
4.2,13.366360393891943
4.4,13.307318701514108
4.6,14.057811148908064
4.8,14.660081360464305
5.0,14.052709218616954
5.2,15.132821097004532
5.4,15.129843155560682
5.6,14.276577295310533
5.8,15.001188187318991
6.0,15.126089436993222
6.2,16.39062154519961
6.4,15.846452654402993
6.6,14.989112829382718
6.8,15.895297956027788
7.0,16.827689077421343
7.2,17.677546301412633
7.4,18.043976626366273
7.6,16.43129029835105
7.8,15.888829066641454
8.0,16.47033380729358
8.2,16.546143288983725
8.4,16.95055069642119
8.6,15.849893896642591
8.8,14.907859803454826
9.0,15.672812593775769
9.2,15.881836717269593
9.4,17.28220214818808
9.6,17.142049685010278
9.8,15.573175569102721
10.0,16.103372876143613
10.2,16.1066673076486
10.4,16.390357550118626
10.6,15.942087579073261
10.8,16.18620545885865
11.0,17.129163707677705
11.2,17.354665748014735
11.4,16.762637883507672
11.6,17.108291370547995
11.8,16.933849995533027
12.0,15.561655142173173
12.2,16.078334062143572
12.4,17.243538156764146
12.6,16.731555536732618
12.8,17.36157928280813
13.0,16.907126281977703
13.2,17.447376593678296
13.4,16.830409252582758
13.6,17.624546458290517
13.8,17.869477827173093
14.0,17.24628274112594
14.2,16.06950113441799
14.4,15.74465171036838
14.6,15.394298311159249
14.8,15.856527147208688
15.0,14.990366445525321
15.2,15.050708330093556
15.4,15.456258331860198
15.6,15.991753516215697
15.8,15.184451622324492
16.0,13.692085177153414
16.2,13.880307692335752
16.4,14.566633531129545
16.6,14.317266783499313
16.8,13.675582422531065
17.0,14.092866464728456
17.2,13.896125188266508
17.4,14.113969448079601
17.6,12.352007731033856
17.8,11.521755645144484
18.0,11.359188323227276
18.2,13.022032684435548
18.4,13.17019130911804
18.6,12.743669545869615
18.8,13.232219345040466
19.0,13.141394217324665
19.2,12.885539272128996
19.4,14.110953285659347
19.6,14.512453784568443
19.8,12.716889835149313
20.0,12.75820920694426
20.2,13.385328111182398
20.4,13.644413107232115
20.6,14.406290992636865
20.8,13.792045532268558
21.0,13.401747988397625
21.2,13.084432606746416
21.4,13.512585332187275
21.6,12.363369583815611
21.8,11.908811068391223
22.0,10.828796259719219
22.2,11.3586157775455
22.4,12.396837990096838
22.6,12.56967878882768
22.8,11.908606763114832
23.0,11.76674849077193
23.2,12.151545675020143
23.4,13.488750660042214
23.6,12.39036965792276
23.8,12.891495972901389
24.0,11.483114410741342
24.2,11.808665383071402
24.4,11.58884297352669
24.6,11.955709543991313
24.8,11.594756259700338
25.0,12.90426673796976
25.2,13.768799533520237
25.4,14.457978918323162
25.6,14.067303976650207
25.8,14.549450519008587
26.0,13.784970094772982
26.2,14.031552155375078
26.4,14.200480780755743
26.6,13.759503525842767
26.8,13.908909168399566
27.0,14.234182029995807
27.2,13.315515555351265
27.4,12.16112235458748
27.6,13.454155673562848
27.8,12.516694783914055
28.0,13.112352258417042
28.2,11.35205827595646
28.4,13.03901820706641
28.6,12.344528152764013
28.8,13.415955696218552
29.0,13.655729503614761
29.2,13.563324773104863
29.4,13.264506513925323
29.6,12.34184899145875
29.8,11.706004925349456
30.0,12.482987555373612
30.2,12.540616413601683
30.4,12.557010343277927
30.6,12.180953471965289
30.8,12.958772463228458
31.0,13.881231456842247
31.2,14.139561966026719
31.4,15.152268496021609
31.6,16.45316155134362
31.8,15.303450600429294
32.0,16.384698248630233
32.2,16.91398799859155
32.4,17.3060083223554
32.6,17.103661456818006
32.8,16.65970636102273
33.0,16.127114662009905
33.2,15.693539544701789
33.4,14.134482830348832
33.6,14.45909989607646
33.8,15.758959173659356
34.0,17.03126280526037
34.2,16.726519691493102
34.4,13.911278942835663
34.6,14.405051380076852
34.8,13.942535823549736
35.0,12.199300894757174
35.2,13.758833467840724
35.4,13.240642470585382
35.6,15.048078914506268
35.8,17.376187435704054
36.0,16.65388631728682
36.2,16.93829851804531
36.4,14.742197289077989
36.6,15.126183009438716
36.8,16.509052038076927
37.0,16.625321123690455
37.2,16.128682186884177
37.4,14.792714290649066
37.6,15.392394386882202
37.8,14.28599360611759
38.0,16.191982754325952
38.2,15.714534725450607
38.4,17.078584071552584
38.6,15.903749854720958
38.8,15.567680068373381
39.0,15.290605018879154
39.2,14.54008678095164
39.4,14.895435763046763
39.6,14.4485882237646
39.8,13.616632727590472
40.0,14.151708090399516
40.2,13.67471605014487
40.4,13.886212440420193
40.6,12.878476383302623
40.8,13.126119685419347
41.0,12.486903224797176
41.2,12.926826482542737
41.4,12.515563361351079
41.6,11.120149959635434
41.8,10.855333207541404
42.0,12.131369866736065
42.2,11.5145897081584
42.4,11.731596580436008
42.6,11.395172330875331
42.8,11.52064513811629
43.0,13.04130983403184
43.2,12.374835205175854
43.4,10.166899915034913
43.6,9.750241422881395
43.8,10.003478961942182
44.0,9.649073315381811
44.2,9.823525271779541
44.4,10.446661178174
44.6,9.790630538026171
44.8,10.24023657906336
45.0,11.154916784425232
45.2,9.465953727708348
45.4,9.979035427112917
45.6,10.936186869180549
45.8,12.425667570265734
46.0,11.942721731418244
46.2,12.03038576040136
46.4,11.922984882619026
46.6,13.38327180365473
46.8,12.383167738834421
47.0,12.839809950107801
47.2,13.130248472766882
47.4,12.58448629484108
47.6,13.335034198518457
47.8,12.949894044935498
48.0,13.593146648885138
48.2,13.592438408507617
48.4,11.218222201786139
48.6,12.351223334617615
48.8,11.998078374275368
49.0,12.916155346966953
49.2,11.967188733442569
49.4,12.141411112072685
49.6,12.201901559816907
49.8,13.206137542103509
50.0,13.2230456550712
50.2,11.173685914092244
50.4,11.45466963307246
50.6,12.403972674595991
50.8,12.340339049531067
51.0,13.357673854734585
51.2,13.360568253407802
51.4,13.170165073549388
51.6,12.634257598091391
51.8,12.93045730861005
52.0,12.175891929080775
52.2,11.948023628506695
52.4,11.030853541509257
52.6,11.856004165914268
52.8,11.611607647479914
53.0,11.508281516706237
53.2,11.015680005822377
53.4,10.551183710871433
53.6,10.509786536839439
53.8,10.032877732399253
54.0,11.400872283921055
54.2,10.033579330510944
54.4,10.265392886323983
54.6,10.561930838397018
54.8,10.839979690459202
55.0,10.650689308141907
55.2,12.162354418181788
55.4,11.961987691792618
55.6,12.335237470354773
55.8,13.170906849389228
56.0,13.013163104665974
56.2,13.621247497676954
56.4,13.634929821527146
56.6,12.75399407115377
56.8,12.645405282932478
57.0,12.893907819029572
57.2,12.619800852941758
57.4,13.13190717032779
57.6,12.819657772614324
57.8,11.868951857668579
58.0,11.946399985913462
58.2,13.303802591085706
58.4,13.375122075182794
58.6,12.295851804203224
58.8,12.034800236212885
59.0,13.614036083911785
59.2,12.84035767358626
59.4,13.231463476003091
59.6,12.593374211150628
59.8,12.023535705521544
60.0,12.16575820544376
60.2,12.899177488273054
60.4,12.752491932303347
60.6,13.44106951088617
60.8,13.299895241244775
61.0,13.067536754373307
61.2,13.479444210823154
61.4,12.211733027447762
61.6,11.853163629683653
61.8,13.01676498055664
62.0,12.565540388888106
62.2,12.769137494365868
62.4,13.429350543427535
62.6,13.319364815029386
62.8,13.171541184631755
63.0,12.986668061367412
63.2,13.21873542572712
63.4,12.051862238789319
63.6,11.961132624400658
63.8,12.097749082960378
64.0,13.314970551090006
64.2,12.240970824772637
64.4,13.126576433434101
64.6,13.045039849111523
64.8,12.954224397493988
65.0,13.72445184568883
65.2,12.527798278521516
65.4,13.472406101346923
65.6,13.045862123112165
65.8,12.015160365376312
66.0,12.330783445493207
66.2,12.48852585483472
66.4,12.176663051251547
66.6,12.210013459866964
66.8,11.889000538246018
67.0,11.712354294644028
67.2,9.883334509052746
67.4,9.987648282150682
67.6,10.067228426008551
67.8,10.437158712277183
68.0,11.863396562601896
68.2,12.7103344281669
68.4,11.836895415436343
68.6,10.545627654933389
68.8,12.107861918012413
69.0,12.918920230231745
69.2,12.837851892601888
69.4,13.279002810898433
69.6,14.15803171431576
69.8,14.199135391623452
70.0,13.005684448506452
70.2,12.172858562023034
70.4,12.244188676281404
70.6,11.836452302704219
70.8,12.834908960200389
71.0,12.653181259585544
71.2,10.966945829706107
71.4,11.396615661736458
71.6,11.77102928515406
71.8,12.121219663643075
72.0,11.929086211114615
72.2,11.589733842116432
72.4,10.940637121040812
72.6,11.753865142501533
72.8,10.93539387634891
73.0,10.872238184921738
73.2,10.920762144217228
73.4,11.824980529716427
73.6,12.314788721633176
73.8,12.533725381296906
74.0,11.82653472384423
74.2,12.66044830680299
74.4,12.589622902221372
74.6,12.25704546358269
74.8,14.069717747447656
75.0,15.39841050273187
75.2,15.777303449651646
75.4,15.322873360716873
75.6,16.55023753849204
75.8,15.903412392526064
76.0,16.529728411975828
76.2,15.473244488519025
76.4,17.313269784129385
76.6,15.840651699931051
76.8,15.419057385421507
77.0,15.026863042586731
77.2,14.166853743529977
77.4,13.95123728186277
77.6,12.817381619609717
77.8,11.884800482980902
78.0,12.884692385677376
78.2,14.011081680979942
78.4,14.611299251684809
78.6,13.518814491128188
78.8,15.959455703386338
79.0,13.860426915581609
79.2,13.290131059148806
79.4,13.362887358102885
79.6,14.112599745916377
79.8,12.871871241227469
80.0,12.096349889689728
80.2,13.148927760590972
80.4,12.558310937736756
80.6,12.89911013679685
80.8,12.55860541406233
81.0,13.696242092808976
81.2,12.339617357674921
81.4,12.437404600023914
81.6,12.389794154768223
81.8,12.200877303572486
82.0,10.975398321543583
82.2,11.460062937741643
82.4,12.054312527556267
82.6,12.832142107012732
82.8,12.355397092402454
83.0,13.282598742838665
83.2,12.541202537220311
83.4,13.93957454449996
83.6,15.033181189151268
83.8,12.377944108926684
84.0,11.533529043807082
84.2,11.164204374922766
84.4,10.719280309502015
84.6,11.05188484072411
84.8,11.992986838109363
85.0,13.769264308754682
85.2,14.02572430934751
85.4,12.510058152669266
85.6,13.724334972605877
85.8,13.404933474612303
86.0,14.967289534979663
86.2,14.3441042043483
86.4,14.718481186780544
86.6,15.256718090527626
86.8,14.312535537536451
87.0,14.11632633722604
87.2,14.376799476275636
87.4,13.115706164967262
87.6,14.07606179578445
87.8,12.93549232591732
88.0,14.59163525017952
88.2,11.982328448717755
88.4,13.283186406448555
88.6,14.824439899933907
88.8,13.228873903088827
89.0,12.703820799193075
89.2,11.074802504117198
89.4,11.510646777098835
89.6,12.681241998184273
89.8,13.887446030126176
90.0,14.21228035769465
90.2,12.535872033152078
90.4,11.674761128709623
90.6,11.19293456762874
90.8,10.764743699062995
91.0,11.94055679768374
91.2,11.568599125060704
91.4,10.689595392955876
91.6,11.101870744186776
91.8,11.860330799217218
92.0,10.440852470879616
92.2,12.083247078391562
92.4,14.131568612742637
92.6,12.741826925325444
92.8,12.702598586388323
93.0,12.91499980613982
93.2,12.238705813756711
93.4,11.391178128006946
93.6,11.53946841129807
93.8,10.041587174422087
94.0,10.199896908376303
94.2,10.878659179595548
94.4,10.937174216025502
94.6,11.06736574204205
94.8,11.624001894797553
95.0,10.848033314898341
95.2,10.440756107071836
95.4,9.781933440378625
95.6,10.080497789989371
95.8,9.80534594302356
96.0,9.76209771349
96.2,9.48090106424374
96.4,9.724933295494376
96.6,10.113560547203095
96.8,9.813539410667184
97.0,10.256166931155077
97.2,9.5502062667507
97.4,9.676288716655959
97.6,9.678963439333229
97.8,10.026484456825187
98.0,10.068197897091899
98.2,9.257145717886932
98.4,10.095064900517183
98.6,9.378477164846927
98.8,9.539865725650653
99.0,9.402258533808023
99.2,9.842526177658975
99.4,9.570380214665859
99.6,9.343911862266141
99.8,9.180685311756143
100.0,9.104071344904265
100.2,8.918058427544773
100.4,9.22787198755675
100.6,9.57349864769682
100.8,9.092397899085965
101.0,9.086980258739729
101.2,9.291816007165082
101.4,9.04595158594004
101.6,9.023149993617778
101.8,9.427670588431402
102.0,9.618598784950535
102.2,9.670123561305529
102.4,9.741098062886177
102.6,10.115450245681645
102.8,10.193255899169662
103.0,10.288844874996744
103.2,10.624477281705026
103.4,10.955584470809448
103.6,11.599907324707218
103.8,10.629894344064656
104.0,9.868801629011418
104.2,9.943773884275153
104.4,9.633266634557918
104.6,9.569896189806194
104.8,9.299452804503062
105.0,9.693859007108392
105.2,9.19721658319284
105.4,9.101037351715643
105.6,9.378912595282554
105.8,9.218218946193005
106.0,10.04117216024645
106.2,12.209345282339406
106.4,13.569351394941126
106.6,11.43367265558371
106.8,11.61962908619569
107.0,10.12568772796476
107.2,11.202343848684205
107.4,10.58369981973328
107.6,10.329475763380998
107.8,10.08364437228024
108.0,9.869319782440922
108.2,9.202126238498108
108.4,9.67953464067633
108.6,10.152468412473343
108.8,11.661786030201908
109.0,12.069462319041222
109.2,11.744069700953112
109.4,12.068110157037644
109.6,12.202152083963167
109.8,11.98512197822751
110.0,12.416377293062347
110.2,11.813298084575138
110.4,12.484680914054218
110.6,12.778388538666514
110.8,11.986817820179226
111.0,10.739590931080246
111.2,10.600642328078642
111.4,11.175663494978956
111.6,12.405055991351034
111.8,12.040391902892596
112.0,11.19417879999768
112.2,12.1770475356161
112.4,11.715928929286836
112.6,12.697396720779999
112.8,11.89276190932993
113.0,12.387150800190598
113.2,12.601309017128798
113.4,13.181122428613595
113.6,13.091291470554987
113.8,13.335071998941693
114.0,12.799034849435348
114.2,11.934835976310625
114.4,13.803263865955591
114.6,12.934929480922362
114.8,13.558285224099063
115.0,12.977701959451853
115.2,13.374126228199854
115.4,12.425834549673434
115.6,11.590997720770012
115.8,10.401633234687417
116.0,10.193820788127375
116.2,10.581034250141272
116.4,10.679627956127595
116.6,10.270293436532182
116.8,10.06802471592673
117.0,10.433339558437806
117.2,10.720815837479705
117.4,9.61108928464541
117.6,9.634581946225984
117.8,9.79474485228533
118.0,9.85622315896969
118.2,10.126740425206652
118.4,9.907891437043876
118.6,10.415193674497043
118.8,10.759077875035155
119.0,10.859302711990097
119.2,9.556669839583346
119.4,9.596885899736858
119.6,9.863049633663637
119.8,9.803491918076666
120.0,9.498971545250388
120.2,9.910993844371387
120.4,9.778885881531918
120.6,9.817237453462425
120.8,9.790695962033256
121.0,9.660480398787314
121.2,9.999055678451905
121.4,9.723333500936645
121.6,9.515059568057943
121.8,9.501260141157879
122.0,9.727523593075677
122.2,10.257023915346421
122.4,10.639363114112555
122.6,11.364418758422271
122.8,11.657343223346444
123.0,11.484714703474761
123.2,11.245335535624339
123.4,11.167902046775858
123.6,11.005476625974435
123.8,11.091267067629333
124.0,11.003373214264764
124.2,10.762576408600722
124.4,11.040423887139019
124.6,10.787188246844892
124.8,10.750525669997035
125.0,10.60397796454194
125.2,11.243197566766112
125.4,10.480797891041124
125.6,10.533206369708896
125.8,9.846584581329932
126.0,10.208269350168207
126.2,9.764592224965059
126.4,9.52637278304872
126.6,9.501830800451623
126.8,9.56034997649898
127.0,9.56627659220011
127.2,9.445015492881057
127.4,9.704331346636856
127.6,9.871157219529028
127.8,9.882423956569559
128.0,9.364756314338296
128.2,9.801657449703596
128.4,10.03979520421612
128.6,10.554534142131878
128.8,10.317269374471438
129.0,9.932946377978512
129.2,10.02752831326549
129.4,10.59722085346731
129.6,10.484234160139776
129.8,10.448022012418681
130.0,11.14798688438583
130.2,10.76709708976247
130.4,11.053104656005765
130.6,11.44713209170181
130.8,10.916189010603524
131.0,11.105438880487338
131.2,10.368401707932005
131.4,10.758066300701696
131.6,10.369686204999526
131.8,10.23415960292821
132.0,10.404723751482265
132.2,9.86354532968482
132.4,10.251197743264285
132.6,10.234041483944669
132.8,10.731154659950796
133.0,10.290473283558265
133.2,10.675482508388608
133.4,10.558797219723619
133.6,10.97250802121561
133.8,11.034401348155729
134.0,12.962245713881677
134.2,15.665646558686868
134.4,16.277175099342163
134.6,15.878970701959163
134.8,15.255088480133711
135.0,15.435200605023882
135.2,14.88369932881657
135.4,13.981561851357618
135.6,14.746741454711698
135.8,15.022930564462726
136.0,14.225143255426094
136.2,14.179815761538903
136.4,14.01547364477279
136.6,14.061188403373881
136.8,14.64671893943744
137.0,15.122427022713524
137.2,15.189883022438305
137.4,14.073472242987252
137.6,12.819975779901348
137.8,13.198636162123126
138.0,14.628547941985303
138.2,13.580022052614813
138.4,13.422631296349303
138.6,13.950774246098792
138.8,14.233622942736194
139.0,15.117853132494425
139.2,15.427327626537773
139.4,13.444048211465267
139.6,14.905320457698927
139.8,14.176720878227192
140.0,13.655439050132244
140.2,13.312511999866496
140.4,14.366052275230793
140.6,13.753934733902993
140.8,14.123227963219884
141.0,14.360923171227713
141.2,15.163176439842287
141.4,14.184624409403908
141.6,14.969288364822816
141.8,15.913946533344586
142.0,15.714423019299028
142.2,16.071364830904344
142.4,14.356729865909392
142.6,15.352373526326266
142.8,13.159280484819863
143.0,13.761909006076586
143.2,13.411802554293189
143.4,15.325207380306052
143.6,15.417207748884575
143.8,15.329882714398241
144.0,15.215612073486554
144.2,15.853708083860994
144.4,14.47346894806808
144.6,15.565619465615246
144.8,13.999968058936162
145.0,13.44224350557801
145.2,14.186297098528557
145.4,12.985942161242434
145.6,13.180372186162277
145.8,12.065730680548008
146.0,11.957867048999278
146.2,12.005108270551496
146.4,13.524848310449917
146.6,13.410433492133437
146.8,13.679499182417787
147.0,14.023759814641393
147.2,13.840582277160978
147.4,14.425846749662469
147.6,15.271386963496232
147.8,14.533128257590683
148.0,13.858526507893973
148.2,13.91446727492344
148.4,14.766418456831548
148.6,14.979763065457002
148.8,15.268984419520539
149.0,15.139499715708846
149.2,12.944314473480487
149.4,14.734420626565116
149.6,14.755726814284198
149.8,13.885986942186712
150.0,14.961615212425524
150.2,11.750393098337288
150.4,12.61244965807374
150.6,12.557858243448132
150.8,13.47001945493021
151.0,14.013064680807481
151.2,13.66124884071349
151.4,13.893016437066075
151.6,13.785581973704675
151.8,13.454717558868342
152.0,13.545306920527842
152.2,14.542667268063854
152.4,12.252418040113866
152.6,14.018529843542817
152.8,14.470659664625076
153.0,15.038594703600413
153.2,14.264770488508457
153.4,14.171625983588559
153.6,13.885297415699323
153.8,13.984451337698896
154.0,14.446102485849694
154.2,14.848364914547682
154.4,15.37160118366657
154.6,15.013141306284371
154.8,15.355228955994892
155.0,13.858104453755328
155.2,14.431442224600858
155.4,14.099392898421552
155.6,14.80642010599789
155.8,14.066515520109268
156.0,15.417171614659164
156.2,15.302222279240764
156.4,14.360253457204132
156.6,11.15523782232318
156.8,12.538034490727554
157.0,12.453126888257778
157.2,11.383804997179173
157.4,10.53625264246715
157.6,11.185763112371593
157.8,10.321740775689845
158.0,10.377605901334865
158.2,10.347240294327602
158.4,10.71720580698278
158.6,11.090265987658327
158.8,11.371306006555304
159.0,11.671981132563431
159.2,11.913555581239656
159.4,12.96026718726861
159.6,14.396270096691628
159.8,14.97896214765178
160.0,15.777216083786493
160.2,14.326622968973187
160.4,14.566921672916632
160.6,14.083544549778084
160.8,13.320467720687546
161.0,12.282284850142545
161.2,11.142105749631035
161.4,11.292280662309215
161.6,12.867356213059349
161.8,12.748482799507501
162.0,11.813454273492738
162.2,13.04551595391234
162.4,13.627022925519496
162.6,11.846096244146542
162.8,11.830298823794376
163.0,10.637563199282155
163.2,12.129629141385434
163.4,13.218308856743224
163.6,12.08973000316439
163.8,12.298349668396805
164.0,12.793063579595696
164.2,12.380338156305521
164.4,12.33640419390942
164.6,13.41938693637129
164.8,12.09601218955239
165.0,12.667047785687675
165.2,12.55742368151559
165.4,11.752520741558406
165.6,12.886665330611107
165.8,11.731621532484752
166.0,12.088815236397519
166.2,11.618753692704416
166.4,11.30818962789953
166.6,11.148879842505945
166.8,10.854255236259014
167.0,12.193570463777604
167.2,12.247886782874343
167.4,11.823804956483297
167.6,11.84225252133389
167.8,11.80855663378594
168.0,12.090173102377648
168.2,12.710151966815975
168.4,12.461159584527056
168.6,12.369060252302813
168.8,12.494804144615848
169.0,14.199412049661182
169.2,13.65949680615351
169.4,12.577849572801679
169.6,13.188460467500814
169.8,13.783987748028299
170.0,14.137403704884072
170.2,12.703484993346637
170.4,12.052248229610417
170.6,12.239631049675792
170.8,11.303541681849005
171.0,11.681163553354617
171.2,12.276317489729852
171.4,11.755439045036978
171.6,12.542146367077
171.8,12.15162654190702
172.0,11.45643643287233
172.2,11.764902561067107
172.4,12.489657976154493
172.6,12.476955458682443
172.8,13.093746979687761
173.0,12.798319052529465
173.2,12.463918574236324
173.4,12.325631793150825
173.6,12.110845649793697
173.8,10.984002104558115
174.0,11.680909971606075
174.2,11.952267260840221
174.4,12.18717340863953
174.6,11.447822174280324
174.8,11.732053978876761
175.0,12.398187380178808
175.2,13.278200352892952
175.4,13.028180523315442
175.6,13.491981562607581
175.8,12.38194888418561
176.0,12.617492171723299
176.2,12.301873812679101
176.4,12.027346836556582
176.6,12.37701908183668
176.8,12.126714330830932
177.0,11.732429868516657
177.2,11.813084311044495
177.4,12.14951118469125
177.6,12.559101433674908
177.8,12.982612437715114
178.0,12.687030855556571
178.2,12.396481550805365
178.4,12.606603529027304
178.6,12.367041506500147
178.8,12.97007272633305
179.0,12.83496200361366
179.2,13.908018290286833
179.4,13.558006474282676
179.6,12.690564428934367
179.8,11.50912524134127
180.0,12.160469303336699
180.2,12.004942968437318
180.4,11.654067396913007
180.6,12.305499329993525
180.8,12.765379869979661
181.0,12.206279411574057
181.2,13.431689552260922
181.4,13.291802842646707
181.6,12.6545961627324
181.8,12.524792961925403
182.0,13.412017579944166
182.2,13.348090769098908
182.4,14.629338809513097
182.6,13.290667216648908
182.8,13.637234986946257
183.0,13.417970643602242
183.2,13.811165195312894
183.4,12.727415738494535
183.6,13.03853084054916
183.8,13.302535587076374
184.0,12.463367629335798
184.2,13.76110832248131
184.4,13.524964359501563
184.6,13.65394882663934
184.8,13.223707639035236
185.0,11.895938765001441
185.2,12.955390937122065
185.4,12.470338619263043
185.6,13.522289948206241
185.8,13.170261129693532
186.0,13.114854094124361
186.2,12.149618295057072
186.4,13.388515544886419
186.6,13.411336204026863
186.8,13.944511505940998
187.0,14.248297949500156
187.2,13.749149502955175
187.4,13.546859675808067
187.6,11.537053276901608
187.8,12.76864161265479
188.0,13.9013607677465
188.2,13.402891259068399
188.4,13.398169354031015
188.6,13.87872526974193
188.8,13.6561568932565
189.0,12.455336164709092
189.2,12.416072813553065
189.4,11.597063517476407
189.6,11.531839840389042
189.8,11.419487880276096
190.0,11.614522792398452
190.2,11.92562915272865
190.4,12.159009844747859
190.6,12.710496276507886
190.8,12.192111581933208
191.0,12.293994325997675
191.2,12.556613256759615
191.4,12.136994650008964
191.6,13.012136942505435
191.8,12.593290559278058
192.0,12.008626945651304
192.2,12.564564233739436
192.4,12.63848741915716
192.6,12.156321992020375
192.8,11.60226565893143
193.0,11.905390152101793
193.2,12.786735866533075
193.4,12.174361466403447
193.6,12.85227816630654
193.8,12.51995383327152
194.0,12.980394510996195
194.2,13.01525095949754
194.4,12.630234432105842
194.6,13.299304718329006
194.8,12.796936547574036
195.0,11.621734652004577
195.2,12.114507335281646
195.4,12.663912220374227
195.6,12.94477704054675
195.8,12.23522380580018
196.0,12.558249129215355
196.2,13.782905131682439
196.4,13.695092450662536
196.6,15.047187541283542
196.8,14.350648672270855
197.0,14.3143247614275
197.2,13.61022211911099
197.4,13.530750859546956
197.6,13.93541934959202
197.8,13.127780006566079
198.0,15.145126508189058
198.2,15.294194949530748
198.4,15.068912836637654
198.6,15.20002615497241
198.8,14.4440673115956
199.0,14.424677776183257
199.2,13.93895029972655
199.4,13.989778662539635
199.6,13.25026698942063
199.8,13.519021893079348
200.0,12.909624557972371
200.2,13.00484032699453
200.4,13.10836718351274
200.6,13.72308233421643
200.8,13.66047802327061
201.0,13.42133206842578
201.2,13.860298963810054
201.4,13.044915197235765
201.6,13.371508885100727
201.8,13.438370048350837
202.0,12.594652811077543
202.2,13.615349302559114
202.4,13.6353046041889
202.6,13.336532095374874
202.8,13.33894639953694
203.0,13.927624410482524
203.2,13.54820580071637
203.4,14.99331902173437
203.6,14.529229558119358
203.8,13.717622884370694
204.0,13.77160291759199
204.2,15.515373105905168
204.4,14.917036195528127
204.6,13.47071729448189
204.8,12.481420102864892
205.0,13.602919525619804
205.2,11.859548292272173
205.4,12.476817167022014
205.6,11.185217662048332
205.8,12.087129237886213
206.0,11.13205544647233
206.2,11.261140820429327
206.4,11.573629479781154
206.6,11.673489364739385
206.8,11.270666658847517
207.0,11.332532716418628
207.2,10.90247813893227
207.4,11.70203509454417
207.6,11.41491348505362
207.8,11.176436010915564
208.0,11.286142473436495
208.2,11.436161464445423
208.4,11.5641833469884
208.6,11.77111248302557
208.8,12.245166745467069
209.0,12.493030244768343
209.2,12.334091423978546
209.4,12.2924222381344
209.6,11.773138790389133
209.8,12.599924678520832
210.0,12.136065231131115
210.2,11.29119864106049
210.4,11.677486335035908
210.6,12.130011738509134
210.8,11.600962353977348
211.0,11.556295717688378
211.2,11.343294072645989
211.4,11.169148400069602
211.6,10.735092502116348
211.8,10.284808615441975
212.0,10.3064736027405
212.2,10.505605605063252
212.4,10.686878499814313
212.6,11.222629115030433
212.8,12.276983214086137
213.0,12.039596642286723
213.2,11.55640430686131
213.4,11.939417836309334
213.6,12.274524703002093
213.8,12.296411179060314
214.0,13.122166643916467
214.2,14.147556536354688
214.4,13.430269475597008
214.6,13.339532234072458
214.8,12.778861320241981
215.0,13.510121734050657
215.2,12.418501332705542
215.4,11.687193361093886
215.6,12.510744384275075
215.8,12.27605895395217
216.0,12.20705756790058
216.2,12.776150594854121
216.4,11.305304253323094
216.6,11.57413566573782
216.8,12.162390596143194
217.0,11.628767147315045
217.2,11.14690452142868
217.4,10.983566817029589
217.6,11.338535659269724
217.8,11.752627233786725
218.0,11.132185183824596
218.2,11.332132416428289
218.4,11.118999717357013
218.6,11.269558237132982
218.8,11.127235044428119
219.0,11.965929152023232
219.2,11.878937846323014
219.4,12.726570026101289
219.6,12.206150665570663
219.8,12.835723999557398
220.0,12.281950043588036
220.2,12.42026320917297
220.4,12.537364039148816
220.6,11.547953551960541
220.8,11.991992423905444
221.0,12.48872963278992
221.2,13.383098872708416
221.4,13.14309409183807
221.6,13.16576525127029
221.8,14.730683400937558
222.0,14.6551629379589
222.2,14.245972237432072
222.4,14.931474634390646
222.6,14.218429228060124
222.8,12.99604122756418
223.0,12.813010213296455
223.2,12.694243618969253
223.4,13.695071094859886
223.6,14.286187804806495
223.8,12.558973883031769
224.0,13.497244667562935
224.2,14.69124302942761
224.4,15.002019162069917
224.6,13.995038199510555
224.8,15.091797591447957
225.0,14.419902920700238
225.2,14.271083223181725
225.4,14.515746368163873
225.6,14.73241640511902
225.8,13.755203917465664
226.0,13.598681645883872
226.2,13.869638308590773
226.4,13.48534056966685
226.6,12.168028913295334
226.8,12.14660020152564
227.0,11.484480323573516
227.2,13.747525436836185
227.4,13.97502079788551
227.6,13.99475548128455
227.8,13.88268832823605
228.0,14.33149129796697
228.2,13.804162271745891
228.4,15.933625547388315
228.6,15.925100758760895
228.8,14.523497306989528
229.0,17.241486272657916
229.2,15.228789238696585
229.4,14.969209295403708
229.6,15.71089298751245
229.8,16.21197364614441
230.0,17.35245634865244
230.2,15.502144999324411
230.4,15.089590989162602
230.6,13.69281160916368
230.8,13.542290320590132
231.0,15.058479767181117
231.2,14.913970716495994
231.4,15.461911112501564
231.6,17.314278855543836
231.8,15.405040594740274
232.0,16.380496947648275
232.2,15.370736021535087
232.4,14.654502359701695
232.6,14.5768317301162
232.8,15.760826212785554
233.0,13.813082420006173
233.2,14.124509769315122
233.4,14.88280246723869
233.6,14.293200475931226
233.8,15.546757068957957
234.0,17.04145944654035
234.2,15.348995126443059
234.4,15.11859710073021
234.6,15.039963854444045
234.8,16.103823436388577
235.0,15.757210100608244
235.2,16.398733376655617
235.4,17.00532408904276
235.6,16.51575254882588
235.8,15.341202153446869
236.0,15.421446384230418
236.2,15.871703039474825
236.4,14.192290348990221
236.6,14.394543242045668
236.8,13.426051341693102
237.0,12.37690912643201
237.2,14.231432192667048
237.4,13.502669228655007
237.6,13.094773992852627
237.8,12.511666079968427
238.0,12.887069335077976
238.2,12.311187240484934
238.4,12.893693936739458
238.6,13.218246376040367
238.8,13.805424399452207
239.0,14.282835383261306
239.2,15.191129275363387
239.4,15.73896774409818
239.6,15.109778332720952
239.8,15.050589532700965
240.0,14.274675259598562
240.2,15.238807661637088
240.4,16.38172564014181
240.6,16.531263194712952
240.8,16.41512697774794
241.0,16.619914318156486
241.2,13.875703210473612
241.4,15.744691221013438
241.6,13.566972769864966
241.8,16.45430628536841
242.0,14.418879143608663
242.2,15.218754725683457
242.4,16.4220321993936
242.6,16.012643458691528
242.8,15.812425357290508
243.0,14.823334224623256
243.2,15.64961997332312
243.4,16.502098698049213
243.6,16.313799434909942
243.8,15.022698107409054
244.0,16.503958010312378
244.2,14.018702047351786
244.4,14.317668537381596
244.6,13.845127998287614
244.8,14.315500566185131
245.0,16.057800180960975
245.2,14.843724883174758
245.4,16.66126701225774
245.6,16.71383228421101
245.8,15.98655108816626
246.0,15.903336532447955
246.2,18.271646752007122
246.4,16.042864172036502
246.6,17.94409712695386
246.8,14.985913067961903
247.0,14.187521595050754
247.2,14.62024060778592
247.4,14.408345029272942
247.6,13.156650558303884
247.8,15.916237900741628
248.0,16.260283441592154
248.2,15.789870756266136
248.4,14.4405618905068
248.6,16.26958241773149
248.8,17.685839938021136
249.0,17.137176785096457
249.2,17.27416662743365
249.4,18.057913723294174
249.6,18.500127244991326
249.8,18.861544697767897
250.0,17.468518288609875
250.2,17.59851438549726
250.4,17.101685620705243
250.6,18.461082623048995
250.8,18.41814853253291
251.0,16.307973571206986
251.2,17.798951446613398
251.4,17.231596195807683
251.6,16.504256861254238
251.8,16.5422657912456
252.0,15.342176617836747
252.2,16.66682359684209
252.4,16.57167256166107
252.6,17.441243981568874
252.8,17.6163641242685
253.0,17.644220069006366
253.2,16.457520213281963
253.4,18.01148512893271
253.6,17.178647277588542
253.8,17.81042281428856
254.0,18.916583665997713
254.2,18.212774171722778
254.4,16.8653529791538
254.6,15.071311471287714
254.8,16.314885655214425
255.0,15.568523363616986
255.2,16.815421690413707
255.4,16.76704243989431
255.6,16.35183382716613
255.8,18.506629718620122
256.0,17.65312768150733
256.2,17.83599881228171
256.4,16.331819924076697
256.6,16.13568495967336
256.8,16.580607295381625
257.0,16.32565004625491
257.2,16.095920592875803
257.4,16.786042466953027
257.6,17.059796900672165
257.8,15.443867349560565
258.0,14.072374161740647
258.2,15.437080049407214
258.4,16.409956998000695
258.6,16.73370036948057
258.8,15.622622916951965
259.0,17.159275543951146
259.2,16.629928557470567
259.4,17.510635929027146
259.6,18.10393304622205
259.8,18.1171026412286
260.0,18.467400827900317
260.2,17.63822746485878
260.4,17.777099600675555
260.6,17.78516600198654
260.8,17.596742605796194
261.0,17.932753244742315
261.2,18.255495054320747
261.4,15.666075102470348
261.6,17.053517778910816
261.8,16.836623369666853
262.0,16.59977773285711
262.2,17.223031459944735
262.4,17.29204907837844
262.6,17.257455969228324
262.8,15.870958135869548
263.0,17.301867142253865
263.2,17.993321685279696
263.4,19.26385007720821
263.6,20.185413419965954
263.8,19.55924876053494
264.0,18.42513169962758
264.2,18.25648314376932
264.4,18.50881443230593
264.6,18.65385241274875
264.8,16.741840696062205
265.0,17.570827730311294
265.2,18.76199157655809
265.4,18.08853934117935
265.6,18.213694549169887
265.8,17.686093283554264
266.0,17.480959016508926
266.2,17.493088878093413
266.4,18.61723264990179
266.6,16.21002351873876
266.8,17.211841608422763
267.0,15.73506790683485
267.2,17.189226513124083
267.4,18.25220905106559
267.6,17.64409750554848
267.8,18.24969747145066
268.0,17.533239357270126
268.2,18.85288352432475
268.4,20.240958953164075
268.6,19.653595603928327
268.8,19.703850532344973
269.0,18.455018539786302
269.2,17.925358841335143
269.4,17.55701803759031
269.6,17.1203446247795
269.8,15.195593155949581
270.0,16.407169638777876
270.2,15.624295413573318
270.4,16.66503678956897
270.6,17.603388550768198
270.8,16.406233890864264
271.0,18.21685095407115
271.2,17.35744823586326
271.4,15.495241667154867
271.6,15.697195017733849
271.8,15.896776716907333
272.0,16.904758436523124
272.2,17.066592703917337
272.4,17.69847906359445
272.6,17.400363111174098
272.8,17.925946235856937
273.0,18.351193242117038
273.2,18.151798967083966
273.4,19.51457724534716
273.6,19.153903241341734
273.8,18.519553743257397
274.0,18.741436500206735
274.2,18.016285183889018
274.4,14.815518833162653
274.6,15.21596500186672
274.8,17.907430212226817
275.0,18.799252280636512
275.2,18.669552904047382
275.4,20.138576810270365
275.6,18.56519269754841
275.8,17.153439436567076
276.0,17.567137089553267
276.2,15.744256516124684
276.4,15.849377894089285
276.6,15.790317237511292
276.8,17.672686269563368
277.0,16.578951486494084
277.2,15.909613531756467
277.4,14.950252479145288
277.6,14.901647813609175
277.8,17.599394234351273
278.0,17.628242076962607
278.2,16.289873000078046
278.4,15.464138720601381
278.6,15.276828389295291
278.8,18.20168391014264
279.0,17.357015885759605
279.2,15.838915292769073
279.4,15.135467488019467
279.6,14.136505611706177
279.8,15.244143919138793
280.0,13.919237770109818
280.2,14.678728793988604
280.4,14.134311977004408
280.6,14.984782906438884
280.8,15.871971800664149
281.0,15.304757046201615
281.2,13.6403105680858
281.4,14.474503439504902
281.6,15.414323120601932
281.8,15.265645868797222
282.0,14.805144636693232
282.2,15.277221149039196
282.4,13.898843518516447
282.6,15.170592508926934
282.8,16.16769517255442
283.0,14.71385435296649
283.2,13.157493913113028
283.4,13.513245792770064
283.6,15.295333618385882
283.8,13.864244261933539
284.0,14.119119821147683
284.2,15.107548188996011
284.4,14.345877385143256
284.6,13.79358315553313
284.8,13.532217372019497
285.0,12.778523542235423
285.2,12.59009851380325
285.4,14.258178301955324
285.6,15.807045196678109
285.8,13.98886670556033
286.0,14.434926734421229
286.2,12.869270775049372
286.4,12.97647582578454
286.6,13.258086665583447
286.8,12.06698694493085
287.0,11.042539884152458
287.2,10.581287125485996
287.4,11.257623247646611
287.6,12.331216739668665
287.8,12.557959124108768
288.0,13.905305207327942
288.2,12.71731021331461
288.4,13.002355793077779
288.6,12.158265523747733
288.8,13.91579918090583
289.0,13.35611611751206
289.2,13.464045262208435
289.4,14.81977840950779
289.6,13.082797494105806
289.8,13.209076099963184
290.0,13.388075172790078
290.2,13.345083735629506
290.4,14.627900274806173
290.6,14.548263501894517
290.8,13.713388111144809
291.0,13.900372388652737
291.2,13.720258920095556
291.4,13.117038576281036
291.6,11.996378878257023
291.8,12.123232068323091
292.0,12.559721828047813
292.2,13.053180376302887
292.4,12.744799273919426
292.6,12.762419830854896
292.8,12.356211823961624
293.0,11.486920461356256
293.2,12.003763554426607
293.4,11.510774326961556
293.6,12.280135489449293
293.8,12.326025685478756
294.0,11.337061286793283
294.2,11.43786504720235
294.4,11.631352767310112
294.6,11.477455678201725
294.8,11.378471842144979
295.0,11.231763778932976
295.2,11.080911830286865
295.4,11.204884086067928
295.6,11.264431516307901
295.8,11.742636600233112
296.0,12.310036220618485
296.2,11.454530509127602
296.4,11.809370406734194
296.6,11.371536613113335
296.8,11.55773950054446
297.0,10.698082921816853
297.2,12.505437540596134
297.4,12.494497776243222
297.6,11.99177014670552
297.8,11.420532613897858
298.0,11.354074553029418
298.2,11.174104861034365
298.4,11.06535205893742
298.6,12.016915876923964
298.8,11.94598057839935
299.0,11.982918753341965
299.2,11.92662012987693
299.4,12.469248462649547
299.6,12.241650685434134
299.8,11.5456567234726
300.0,10.45457774464321
300.2,11.103645213431445
300.4,10.82559718779019
300.6,10.142004408138911
300.8,11.98523344698013
301.0,11.60000897161588
301.2,11.067581349095404
301.4,10.815399264403208
301.6,10.457710372625664
301.8,11.090167726929216
302.0,10.244692254702027
302.2,10.739511976343657
302.4,10.989131780096928
302.6,10.913249611827629
302.8,10.855112118172885
303.0,10.700411914240044
303.2,10.85696417660175
303.4,10.824501571473208
303.6,11.665595388714697
303.8,12.654289625061214
304.0,12.213145399523249
304.2,12.382095957267964
304.4,12.650757206604313
304.6,13.573211512277686
304.8,12.45221454986256
305.0,11.981429466012294
305.2,10.864526488387654
305.4,13.629149577769047
305.6,13.097116200599926
305.8,13.534792143152627
306.0,12.992893381897467
306.2,14.109487237549356
306.4,13.725873539578226
306.6,12.519770532037759
306.8,14.19838294937605
307.0,13.08752874452123
307.2,13.823744379588202
307.4,13.072368791793028
307.6,11.373010117093177
307.8,12.3865011827991
308.0,13.72948187307288
308.2,12.73831473948551
308.4,12.002362081986291
308.6,11.771570643789087
308.8,11.72734935425617
309.0,11.130961591526196
309.2,11.24408101032391
309.4,11.13004379533396
309.6,10.828641419852778
309.8,10.343572491249521
310.0,10.322628016155818
310.2,9.55241555360833
310.4,9.713592811058831
310.6,9.562172853393315
310.8,9.376855357349704
311.0,10.110555976918395
311.2,10.045352183187664
311.4,10.157619571861458
311.6,10.271015507170901
311.8,9.951963327791242
312.0,9.96136137507543
312.2,10.199919677617492
312.4,10.233632544638136
312.6,10.035839492280957
312.8,10.07342138117901
313.0,10.430571166393731
313.2,10.781034606574682
313.4,10.050804627981222
313.6,10.674254274324564
313.8,11.35277206398715
314.0,11.099426020051267
314.2,10.893107316955685
314.4,10.858978077016289
314.6,10.560571419428813
314.8,10.672869511733285
315.0,11.55003667366203
315.2,11.315170903210829
315.4,11.282423062727634
315.6,10.73238843368288
315.8,12.522657123646203
316.0,11.011571146654802
316.2,10.66812379366721
316.4,10.53406150873882
316.6,11.23269784826036
316.8,10.90740041974247
317.0,11.004728639707078
317.2,10.595772650819821
317.4,11.041704932205151
317.6,10.461103970622448
317.8,10.434278234924667
318.0,10.974971040532196
318.2,10.073207871465314
318.4,10.533093765187047
318.6,11.50272593918013
318.8,11.181326679445318
319.0,11.704759476511626
319.2,10.88379706919071
319.4,10.45187850355099
319.6,11.609109490214378
319.8,12.822030839991136
320.0,12.956786964348744
320.2,12.426626773033885
320.4,14.785652012215307
320.6,14.512809418886064
320.8,15.22215461990109
321.0,15.363973118394803
321.2,14.707353333796
321.4,14.427006340422679
321.6,14.245954809720223
321.8,13.211710713488072
322.0,13.970127149539842
322.2,15.026484845667639
322.4,15.466553656768681
322.6,16.7307343026067
322.8,16.765759333197774
323.0,16.66311923854599
323.2,14.811186516618234
323.4,16.411949634295468
323.6,14.843853398381759
323.8,14.292022305453855
324.0,15.335040525924509
324.2,13.62325519674295
324.4,11.162022695998724
324.6,12.657848447519154
324.8,11.721437816907203
325.0,11.82225473495908
325.2,11.847545895516882
325.4,13.272987492777567
325.6,12.611557087940168
325.8,12.310325783332715
326.0,12.864620515304155
326.2,13.737883168336207
326.4,14.222083933384138
326.6,13.292263353594201
326.8,13.569502884845292
327.0,13.231223927526463
327.2,12.76065887671049
327.4,11.689479008579797
327.6,11.392049646788454
327.8,13.342843498286065
328.0,13.433075819002338
328.2,11.707157477318065
328.4,11.85819765890011
328.6,12.34543954822341
328.8,13.131346260464225
329.0,12.060488979795526
329.2,12.000350533544761
329.4,11.519552025198344
329.6,12.030944953621855
329.8,12.183608787952336
330.0,11.522440930753614
330.2,10.782742261803302
330.4,11.218301371402447
330.6,11.312355226731675
330.8,11.216261843135886
331.0,11.035398230011968
331.2,10.566293140593084
331.4,10.924317693519212
331.6,11.339474478875207
331.8,12.069211750098424
332.0,11.874318492285653
332.2,12.235514365346813
332.4,11.904247758427244
332.6,11.9254299583781
332.8,11.201806907730091
333.0,11.040094427535411
333.2,11.652307847007148
333.4,11.83767971152199
333.6,12.417518882763293
333.8,12.847721835285617
334.0,13.432568114797851
334.2,11.94760374313081
334.4,11.864999278696871
334.6,11.963032781833771
334.8,12.591388412038821
335.0,12.360322154011325
335.2,12.37040237489878
335.4,11.957120057591556
335.6,11.74352300154607
335.8,11.74218227115511
336.0,11.903414859210308
336.2,11.149332074469381
336.4,12.117149200501977
336.6,11.921200782041927
336.8,11.325248328968133
337.0,11.505148891834622
337.2,12.883360207584193
337.4,12.188657832583882
337.6,11.367215892302616
337.8,12.358449549095257
338.0,12.047467049315392
338.2,11.469458383408647
338.4,11.03859385373349
338.6,11.770776806999217
338.8,11.366015790475112
339.0,11.953515694099956
339.2,11.805148480071338
339.4,12.568067926874198
339.6,14.610324311214777
339.8,13.565774090434019
340.0,13.632434055518274
340.2,13.684233904512942
340.4,14.652353896987098
340.6,15.424222583712329
340.8,15.533776367079993
341.0,16.852585346587297
341.2,15.84596357327456
341.4,17.102458116220394
341.6,16.553198941684265
341.8,13.746473847434611
342.0,12.956715915301523
342.2,13.4144039962135
342.4,13.045139076105485
342.6,13.774747873009517
342.8,17.04983596822935
343.0,15.15602083843878
343.2,14.32009887461168
343.4,14.276110060886921
343.6,16.650205901446316
343.8,13.75588289347132
344.0,15.316562952550733
344.2,15.527382981821205
344.4,15.141585328886901
344.6,15.443112366722865
344.8,16.944311620712863
345.0,17.143561291972787
345.2,16.407130465346043
345.4,16.79355255853908
345.6,14.41004451169787
345.8,15.865084137534836
346.0,17.51294991154187
346.2,17.0212477168706
346.4,16.821264459796673
346.6,15.661610202039926
346.8,14.035909333584174
347.0,15.323935135972384
347.2,14.850140398113655
347.4,14.69798209997727
347.6,14.021793542261463
347.8,14.787101647183862
348.0,15.410907682762513
348.2,16.356322286726396
348.4,15.202750821753241
348.6,14.587498417680372
348.8,15.13939787805802
349.0,16.326719048740873
349.2,16.157591319715642
349.4,16.146168096261192
349.6,15.930394043102478
349.8,15.556689830114257
350.0,15.089314309059388
350.2,14.82850734124016
350.4,16.878841153561797
350.6,16.963038726441564
350.8,15.540860227635738
351.0,16.751393353093256
351.2,17.829604107412756
351.4,16.8051706249496
351.6,16.880100111723888
351.8,17.511654866113748
352.0,15.363358630025598
352.2,16.68931477021044
352.4,15.131699209120494
352.6,15.813426363779254
352.8,15.824948399851824
353.0,15.88891308376202
353.2,15.894203795507755
353.4,16.980119243726698
353.6,14.73562456986409
353.8,16.516430793081085
354.0,15.796888069955992
354.2,17.34039111038975
354.4,15.347147622469567
354.6,16.902920510456457
354.8,17.826163938160747
355.0,17.11287924817606
355.2,17.217584365636288
355.4,16.018537488495074
355.6,16.505792894039025
355.8,16.69194841427342
356.0,16.025758871240033
356.2,17.31044545964565
356.4,15.702981682680186
356.6,13.696514422294758
356.8,14.235366521745526
357.0,14.9611497596991
357.2,14.104998094726348
357.4,15.340840165880497
357.6,15.914879284667563
357.8,15.24376952336086
358.0,16.224282427974558
358.2,17.28840201764299
358.4,18.745299685211386
358.6,18.77755799685194
358.8,16.983729990772268
359.0,19.277715403083292
359.2,18.611775525995082
359.4,16.410306316556373
359.6,18.234596279710992
359.8,18.50449078677787
360.0,16.556211221094962
360.2,18.38718152195253
360.4,16.828603959656068
360.6,18.884065067307976
360.8,17.79723514683657
361.0,16.293348374339647
361.2,16.14306320333489
361.4,15.166154795803454
361.6,15.776945667440623
361.8,16.681397134599603
362.0,17.887157395121964
362.2,16.64904105526992
362.4,17.011823961988753
362.6,17.702011527541025
362.8,15.970442940439337
363.0,15.492929011698704
363.2,14.20681986839395
363.4,14.03793855195978
363.6,14.29870181768094
363.8,14.140209324745939
364.0,16.406153651910863
364.2,16.41985715480291
364.4,16.542621679886715
364.6,14.385984372998731
364.8,14.767339480575759
365.0,14.680157062835967
365.2,14.416261840365934
365.4,15.832444448222704
365.6,14.44325109500701
365.8,15.630203265837551
366.0,15.401869303246855
366.2,15.786070282622184
366.4,15.621042056374206
366.6,17.017450837218092
366.8,16.586561197066217
367.0,17.69931235233264
367.2,19.220831183227595
367.4,18.302932137700772
367.6,18.91689371783003
367.8,18.03373209589922
368.0,18.055730996165558
368.2,18.294322299185048
368.4,17.30776484142255
368.6,17.871113496579166
368.8,18.108955184803936
369.0,18.41156273234497
369.2,18.208193166761454
369.4,18.714681084366884
369.6,17.791228423431374
369.8,19.11138717273163
370.0,19.685147454739532
370.2,18.293400087195472
370.4,16.62740978860779
370.6,16.498233463756762
370.8,17.575558136241337
371.0,16.526516156839495
371.2,17.521888768190475
371.4,16.070429341165546
371.6,16.469178187009426
371.8,16.277467014796606
372.0,16.259098472497925
372.2,16.680691614164573
372.4,14.926406971036098
372.6,15.29265828232882
372.8,16.33486710628166
373.0,15.38398469573754
373.2,14.392337934357545
373.4,15.198103447646803
373.6,16.127529104022344
373.8,17.458666039521685
374.0,16.72179237281106
374.2,16.636358108542442
374.4,18.025122333963676
374.6,17.62400413211026
374.8,16.455833713902845
375.0,15.287839280292847
375.2,16.859495572854733
375.4,15.849130116731654
375.6,14.497286458564867
375.8,14.896920832318155
376.0,12.521887341004472
376.2,12.911256230582936
376.4,12.30819171343401
376.6,11.179979465322132
376.8,10.474905933167914
377.0,10.890101806942656
377.2,11.419479963232499
377.4,10.999534582447152
377.6,10.857606986256956
377.8,10.741626553614559
378.0,11.500225198514759
378.2,11.55984072287624
378.4,11.108939745036091
378.6,12.811903617634666
378.8,12.498573147750133
379.0,13.427435413714441
379.2,14.882261604675602
379.4,15.27483720363646
379.6,13.98716329552415
379.8,13.14560016759178
380.0,14.038538566122396
380.2,13.630801471324165
380.4,14.196019595122593
380.6,14.169911668564223
380.8,13.945640590938606
381.0,13.712664200926806
381.2,14.36814769623301
381.4,13.74332015128472
381.6,15.358238178771602
381.8,15.10326768840645
382.0,16.174941538132764
382.2,16.21343517201922
382.4,16.276414037666996
382.6,18.73107939175537
382.8,17.85835391849111
383.0,19.395073098430643
383.2,19.53046713453684
383.4,19.592845057529257
383.6,17.725565783392035
383.8,19.760362591638565
384.0,20.181602978968268
384.2,20.456771456497048
384.4,20.849573152646812
384.6,20.994680197534894
384.8,20.11769050015588
385.0,19.745849779798064
385.2,20.67048204099825
385.4,21.163623654536202
385.6,20.885339981463872
385.8,21.277724117522524
386.0,20.320657677661096
386.2,20.45133628960442
386.4,20.68051947842423
386.6,19.95926021428685
386.8,19.611787527484964
387.0,21.21292481091725
387.2,19.661303018320993
387.4,20.081451336399837
387.6,20.89292104263931
387.8,20.367440952036194
388.0,20.633814214747026
388.2,19.644820234146202
388.4,18.539588597153447
388.6,19.57660944749746
388.8,18.08234514739857
389.0,18.63926740856115
389.2,19.124337484121256
389.4,18.221098284953406
389.6,19.077846048068754
389.8,19.74628686193249
390.0,18.747187415928583
390.2,18.16826923343692
390.4,17.3076827161079
390.6,17.697188080469342
390.8,17.1625103179272
391.0,18.52636293325334
391.2,18.11746877618352
391.4,17.632047375492256
391.6,18.356721695555024
391.8,16.79829067846893
392.0,16.275779822332964
392.2,16.543566288707726
392.4,17.082584287808665
392.6,18.13921079113231
392.8,18.038982299860944
393.0,16.927671993689437
393.2,15.810221311608675
393.4,15.633647370893753
393.6,16.948495202766203
393.8,17.947244275350936
394.0,17.024521762551316
394.2,15.419054382132718
394.4,17.250683396101717
394.6,16.403494801012503
394.8,16.773747332464783
395.0,16.93167791448263
395.2,16.414281699106066
395.4,15.998250016969234
395.6,16.00463059749021
395.8,15.629450012617363
396.0,15.090741285647178
396.2,14.809379364567327
396.4,14.905119525296586
396.6,13.438536345008531
396.8,15.007666717098063
397.0,15.075820841576101
397.2,13.258310324673745
397.4,13.935423420913317
397.6,12.152599687462093
397.8,13.890729219319946
398.0,16.13025279397396
398.2,15.091742559812735
398.4,15.042419956321982
398.6,15.580720994783237
398.8,16.49380755413209
399.0,16.203367822155556
399.2,16.05438846327361
399.4,15.677226573084633
399.6,14.71186016997281
399.8,14.799837619468148
400.0,14.742077495653625
400.2,14.960586281479582
400.4,14.34119305006818
400.6,14.77174873819498
400.8,14.520835219969312
401.0,13.629347870796614
401.2,14.23627841906919
401.4,14.85436897707211
401.6,13.85435605465856
401.8,14.044588076463553
402.0,15.299811259800112
402.2,14.702315439863042
402.4,13.89041085728882
402.6,13.022483297459855
402.8,12.544842059390566
403.0,12.79163162705304
403.2,13.575252438690605
403.4,12.452308938410454
403.6,11.948468659936617
403.8,12.747802458774027
404.0,12.525373476446385
404.2,12.45813904004544
404.4,12.224979741624688
404.6,11.950749872557491
404.8,11.914397949019138
405.0,11.774047121638358
405.2,11.664491168275571
405.4,11.920497499435669
405.6,12.028174923989507
405.8,12.119974315904386
406.0,10.925865852720024
406.2,10.958516434180057
406.4,10.849255692310717
406.6,11.49399122371667
406.8,11.86707949012989
407.0,11.458738685348122
407.2,11.252298928576918
407.4,11.33253656164751
407.6,11.179445335202514
407.8,10.736879834337712
408.0,10.953387106580033
408.2,11.118491479490462
408.4,11.44153362856827
408.6,10.897726569036443
408.8,10.90617400522711
409.0,11.113864381222324
409.2,10.887286302807453
409.4,11.226426844140242
409.6,11.702249166803774
409.8,11.052264305424377
410.0,11.994697030968105
410.2,12.31777243110695
410.4,11.447803518847868
410.6,10.990620946315758
410.8,12.01774907078378
411.0,11.34429306411561
411.2,11.48929254589687
411.4,11.620523406978355
411.6,11.68029565834974
411.8,10.906501988597316
412.0,11.231549839811002
412.2,10.85439702702607
412.4,10.763672916342955
412.6,11.189642776133015
412.8,10.970134634889979
413.0,11.986037865112696
413.2,12.322461187213435
413.4,12.172685615538267
413.6,13.367178846556113
413.8,13.355264851841085
414.0,13.385479920420503
414.2,12.335262636785782
414.4,14.011092047705658
414.6,13.042735481022149
414.8,12.286683540776366
415.0,12.055318336730295
415.2,13.956186783531617
415.4,13.45830740050717
415.6,12.545876709372347
415.8,12.427174641890327
416.0,12.417907053684523
416.2,13.813108659150812
416.4,13.21876794231951
416.6,13.98086674844807
416.8,13.027551906094496
417.0,13.107042142217617
417.2,11.703818396700754
417.4,11.560954326900145
417.6,11.659057894742995
417.8,11.042117487513373
418.0,11.384447235615902
418.2,11.13126108911925
418.4,11.320040503931008
418.6,11.572302574804743
418.8,12.964406425382144
419.0,12.539992275787935
419.2,11.815425545763482
419.4,10.973572047409032
419.6,11.351497028340038
419.8,11.269896646003785
420.0,10.313915255535896
420.2,10.9062890700101
420.4,10.089255026029635
420.6,11.775184407802843
420.8,12.611013424694447
421.0,12.659026730034117
421.2,11.811003691020492
421.4,11.423000519556897
421.6,11.783158863551135
421.8,11.246357280073964
422.0,12.071087023295203
422.2,11.41472238467145
422.4,12.054994349857528
422.6,11.652607508521115
422.8,11.566936784706545
423.0,11.983159731504443
423.2,11.555710689288961
423.4,10.6744887662346
423.6,10.89761421755731
423.8,10.432162636560014
424.0,10.677161256726027
424.2,10.261611352792094
424.4,9.80026912188766
424.6,11.038061725416238
424.8,10.503321166373647
425.0,10.940139860167742
425.2,10.373587234112378
425.4,10.259952691547126
425.6,10.049794343618208
425.8,10.022792667420163
426.0,9.969199774119792
426.2,9.89755852633522
426.4,9.940794996501491
426.6,9.667612264604525
426.8,9.76241431435217
427.0,9.518646170874627
427.2,9.947528655119198
427.4,9.169831079675978
427.6,8.897265994062273
427.8,9.055821636276077
428.0,9.302401668881554
428.2,8.925958987746528
428.4,8.96569289726349
428.6,9.879260379393063
428.8,10.055271233112935
429.0,10.289111401447775
429.2,10.023684472932402
429.4,9.814971376612139
429.6,9.901602218988273
429.8,10.441806733448537
430.0,10.453197249269742
430.2,9.703791750632236
430.4,9.61231397321857
430.6,10.270563356488122
430.8,10.226831874007924
431.0,10.757019199623574
431.2,10.548629917288142
431.4,10.780515869816572
431.6,10.393501761712592
431.8,11.44053112041612
432.0,11.81709068267957
432.2,12.38144853561078
432.4,11.946769674777327
432.6,11.649288600690987
432.8,12.583524843588002
433.0,11.41181661286282
433.2,12.472129358288056
433.4,11.707580338309302
433.6,11.093204236866248
433.8,11.576564533416917
434.0,11.46576247299587
434.2,12.20916792731047
434.4,11.930677722374181
434.6,11.047165976261361
434.8,11.75378313320893
435.0,11.398017492329817
435.2,10.351098797997516
435.4,10.049330251612421
435.6,11.110187824150174
435.8,12.254399283523487
436.0,12.79490229047884
436.2,12.670038047492472
436.4,11.919717622498634
436.6,12.66259024959335
436.8,14.520183580672938
437.0,14.120963709958069
437.2,13.873707660039653
437.4,14.5778824853019
437.6,14.054611333640564
437.8,12.256998431511887
438.0,12.221371342486291
438.2,12.597949201281086
438.4,11.396278023922704
438.6,11.014880515883522
438.8,12.71191711272149
439.0,13.435347373764719
439.2,14.330889694959527
439.4,12.61163126625117
439.6,13.101178977734643
439.8,13.861131306304383
440.0,13.466788739433719
440.2,14.31195607162337
440.4,13.90328175685115
440.6,12.757015714446492
440.8,13.216508711239406
441.0,13.456672344056146
441.2,13.697438459373032
441.4,13.2657225297656
441.6,13.704223640353984
441.8,13.425345826839694
442.0,14.329001870059535
442.2,13.69822589616855
442.4,12.950349963441447
442.6,11.449170300036272
442.8,11.60888552800217
443.0,11.260386986793838
443.2,10.668130682813997
443.4,11.41471895229195
443.6,12.301488109233546
443.8,12.616886259989961
444.0,12.782831581818218
444.2,14.290914377854078
444.4,13.251405907656475
444.6,13.560179089169246
444.8,13.000470563769754
445.0,11.585823198062265
445.2,12.307262848880114
445.4,11.76359695058014
445.6,11.581092658015104
445.8,12.222362729853735
446.0,13.64679464463424
446.2,14.114173818970922
446.4,12.999178987995382
446.6,12.962599716735381
446.8,13.323376061408121
447.0,13.053834221961875
447.2,13.565557368631378
447.4,12.698445057834375
447.6,12.706833714656247
447.8,11.946439833365346
448.0,13.052487672689633
448.2,11.902826883931477
448.4,11.270409510331117
448.6,12.05933974897932
448.8,11.3012670011538
449.0,11.242944526615013
449.2,11.30523619617482
449.4,11.150847601867502
449.6,12.345627176663346
449.8,12.274486743629387
450.0,12.402996117559745
450.2,11.930914597863904
450.4,11.458131037887483
450.6,13.679066240546927
450.8,12.841739493388651
451.0,12.45884355898652
451.2,11.348472565662176
451.4,12.199657280534709
451.6,13.581744165822975
451.8,14.354517782023738
452.0,14.26452307554182
452.2,14.693066342940904
452.4,14.643781327380424
452.6,12.779187240639821
452.8,11.791290050862324
453.0,13.480891186726181
453.2,11.441123072700371
453.4,13.851179965034211
453.6,12.840619131302342
453.8,13.1043850935453
454.0,13.043023134635218
454.2,14.092163215266648
454.4,15.062384144469709
454.6,15.726079892716982
454.8,15.048232748928765
455.0,14.568012793377846
455.2,13.285122638631401
455.4,13.920626068506385
455.6,14.467550777816754
455.8,12.883593998799327
456.0,13.287319683570662
456.2,13.19856168865893
456.4,13.443856623400404
456.6,14.299268379994938
456.8,13.93272568471579
457.0,14.275945093485042
457.2,13.443766435029069
457.4,14.5822765084175
457.6,13.775915490354517
457.8,13.999208549730417
458.0,13.330657357636678
458.2,12.976484263138337
458.4,12.692361531576584
458.6,13.989300775943104
458.8,12.64848483935253
459.0,12.793334134720345
459.2,12.460516799304477
459.4,12.555968588384907
459.6,13.828010958470049
459.8,13.178361108068897
460.0,12.337210562507089
460.2,12.949038968902952
460.4,13.667367816631815
460.6,13.801988381268139
460.8,11.978488148600547
461.0,12.085115288448362
461.2,11.413529776130398
461.4,12.599594896203568
461.6,13.175407246051478
461.8,12.300395266886222
462.0,13.269875184212065
462.2,14.140069804330293
462.4,14.706085973228538
462.6,12.470287822158353
462.8,11.591864912338652
463.0,11.77116887232035
463.2,11.257281936714975
463.4,10.755427740284096
463.6,10.53050471649489
463.8,9.964550662095835
464.0,10.056223499911194
464.2,10.392203343434607
464.4,9.906192760368281
464.6,9.834614497849172
464.8,9.840130744405702
465.0,9.501685232379492
465.2,9.54971296539785
465.4,9.579528073360185
465.6,10.028183192081341
465.8,9.878959742599445
466.0,10.168698970015326
466.2,10.82122711027228
466.4,10.436252382659552
466.6,12.095329999153044
466.8,13.09088383879894
467.0,14.507225322311083
467.2,13.244986166183512
467.4,12.819513383486921
467.6,12.938261589177717
467.8,13.410996517173828
468.0,13.467161207771754
468.2,15.354888147355883
468.4,15.767152089052498
468.6,17.290581895744076
468.8,16.30400448484078
469.0,16.577750460103
469.2,17.78768283797923
469.4,18.236009206039125
469.6,16.662327551124076
469.8,17.97067422155864
470.0,16.8012199877753
470.2,16.597269524489235
470.4,15.323561756891728
470.6,14.587212154302131
470.8,16.109803582278673
471.0,14.581058959347299
471.2,15.401055243820972
471.4,16.040332673472193
471.6,13.491913301670976
471.8,13.128786109973536
472.0,12.899930473512304
472.2,12.769070583224853
472.4,12.061274111754447
472.6,11.979268336809906
472.8,12.537845290459748
473.0,12.662076242204678
473.2,12.878830065325438
473.4,14.074288069564018
473.6,13.125366570324884
473.8,12.793913579708128
474.0,13.8266142775886
474.2,13.277913546145347
474.4,14.435624987229843
474.6,15.594177990232879
474.8,14.587342792518225
475.0,13.444958064927746
475.2,12.506586059220373
475.4,14.598429112626224
475.6,14.15217691243021
475.8,12.237470945151331
476.0,11.78904482710307
476.2,11.35714686920241
476.4,12.751608520817888
476.6,12.777312448602347
476.8,12.924656450377551
477.0,12.140246751852038
477.2,11.802852217940403
477.4,11.150676830176394
477.6,12.815939493716293
477.8,11.905346811903927
478.0,12.770889607922498
478.2,11.552527355033327
478.4,10.609714885537683
478.6,10.684659556787178
478.8,10.119010650699604
479.0,11.943172758777013
479.2,12.50534771859768
479.4,12.029993696698746
479.6,13.154263617447802
479.8,11.969852240791525
480.0,11.341828347399446
480.2,12.349088112559896
480.4,13.366877668030085
480.6,12.574335946139074
480.8,12.148214629478915
481.0,12.890034007636597
481.2,12.34344999393463
481.4,11.985238464705795
481.6,12.678079667468392
481.8,12.957459963241151
482.0,12.485363933236773
482.2,12.056686118004949
482.4,11.981624051910991
482.6,11.387456219643909
482.8,11.60454674734461
483.0,11.166942290630388
483.2,10.976902451081685
483.4,12.058994766870835
483.6,11.49402467148413
483.8,10.976265668041902
484.0,10.939549659837525
484.2,10.971226398962841
484.4,11.190214335767507
484.6,10.940907605740515
484.8,10.471911115160346
485.0,10.412907502739198
485.2,10.398762995651916
485.4,10.064996561035873
485.6,10.3481854068821
485.8,9.664160699501327
486.0,10.00778852526604
486.2,9.68120163392043
486.4,9.701196558558077
486.6,9.222032094299804
486.8,9.80112085437399
487.0,9.735988105626985
487.2,9.81024261057074
487.4,9.765889993636494
487.6,9.770673814403782
487.8,9.695482355813693
488.0,9.340577454694598
488.2,9.551971911331684
488.4,9.00655021974191
488.6,9.112759034507866
488.8,9.148830976166643
489.0,9.162616920875518
489.2,9.634516636238946
489.4,9.836908914662134
489.6,10.294589132496675
489.8,10.148786773374294
490.0,9.762395247634228
490.2,10.113535175722088
490.4,9.622913931268345
490.6,9.697004353266205
490.8,9.132489709285412
491.0,9.29965874828719
491.2,8.929877767268007
491.4,8.995109765181509
491.6,9.101561505087831
491.8,9.655131509193941
492.0,9.278443191316054
492.2,9.244806611405705
492.4,9.53066251714109
492.6,9.822389860687217
492.8,9.809901800295929
493.0,9.7966302454464
493.2,9.394262184730087
493.4,9.61759396334749
493.6,9.667854495352662
493.8,9.628728786417112
494.0,9.464974309652268
494.2,10.240614872147194
494.4,10.172917760604829
494.6,9.951213735596106
494.8,10.076218449710444
495.0,9.736612575465317
495.2,9.411140555255118
495.4,9.76003862314997
495.6,9.661905568970287
495.8,9.658630067537
496.0,9.836814701399334
496.2,9.456568188252604
496.4,9.140680098023795
496.6,9.339436504626295
496.8,9.601523928758155
497.0,9.078851533315126
497.2,9.11209265209804
497.4,9.167827517669659
497.6,9.314449552755757
497.8,9.245786026323504
498.0,9.207021052014046
498.2,9.200120315342842
498.4,9.19745898948933
498.6,9.350268667778858
498.8,9.316489543386018
499.0,9.52095129353467
499.2,9.870066596434073
499.4,9.501432120780777
499.6,9.507000826139352
499.8,9.600176607244892
500.0,9.518808718190169
500.2,8.891813269596792
500.4,9.39999502163283
500.6,9.474275939671523
500.8,9.915175900570667
501.0,9.55130885647826
501.2,9.728035397436686
501.4,9.774661345336487
501.6,9.954353225264022
501.8,9.77281825878775
502.0,9.726690689592616
502.2,9.835047459419728
502.4,9.501806161319626
502.6,9.407094608374925
502.8,9.360968666946462
503.0,9.480222520664741
503.2,9.273457780207385
503.4,9.524330884167899
503.6,9.260536052688389
503.8,9.42954167146767
504.0,9.255308180326148
504.2,9.308701327353198
504.4,10.211592656082875
504.6,10.09609269940065
504.8,10.34065952186452
505.0,10.315789057303311
505.2,10.68477671621876
505.4,10.715676682332615
505.6,10.857160269665568
505.8,10.690271536331458
506.0,10.668467560470651
506.2,10.973501391285446
506.4,10.958734771378676
506.6,10.680429079487874
506.8,10.588988603634089
507.0,10.71899591495956
507.2,10.159647621225204
507.4,10.610583969109726
507.6,10.598548862039465
507.8,10.710474197365409
508.0,10.162886476922948
508.2,10.528829296918918
508.4,10.444591617637842
508.6,10.691085246999917
508.8,10.46857491742363
509.0,10.441107214173131
509.2,10.368551914112025
509.4,10.847846899059395
509.6,10.481567159556839
509.8,10.34592517235839
510.0,10.374944152734933
510.2,10.423455879410419
510.4,10.689928641398541
510.6,10.108841762356914
510.8,10.29106375350148
511.0,10.157038853575655
511.2,10.073864837646163
511.4,9.948738390986188
511.6,10.225876868121516
511.8,10.306792758660242
512.0,10.360649064703937
512.2,10.24441361455862
512.4,10.546373532191208
512.6,10.502807491530197
512.8,10.547951952036819
513.0,10.444254071689157
513.2,10.232196017946718
513.4,10.430725240641454
513.6,10.64274217102458
513.8,10.202396824897168
514.0,10.166231556779554
514.2,10.507185765850052
514.4,11.391317738493054
514.6,10.799312450171595
514.8,10.02057286860695
515.0,9.575626633889982
515.2,9.814884542847487
515.4,9.210823832814626
515.6,9.729753302211535
515.8,9.491903731123484
516.0,9.455757515494254
516.2,9.143589985663425
516.4,9.779817568116991
516.6,10.211223838667147
516.8,9.892386727475845
517.0,9.658876973582034
517.2,9.890513910694118
517.4,10.08478369326511
517.6,10.144466526194227
517.8,10.130157427870127
518.0,9.940854109100883
518.2,10.077899141031285
518.4,10.435209459874258
518.6,10.129756116215052
518.8,10.128354900441794
519.0,10.505727294318035
519.2,10.463084985173577
519.4,10.684007867874847
519.6,10.397661922336201
519.8,10.344537157440357
520.0,10.184841181984119
520.2,9.89103723513656
520.4,10.446468622859182
520.6,10.455996541424833
520.8,10.970800096094717
521.0,10.824400300028394
521.2,10.593325713588824
521.4,11.000459653453413
521.6,10.335497899980137
521.8,10.461621232396672
522.0,10.646624129450725
522.2,10.511798530750657
522.4,10.46833263864173
522.6,10.60231367920652
522.8,11.077652958407311
523.0,11.211113688722312
523.2,11.362327082517318
523.4,10.95618997053309
523.6,11.150133745462904
523.8,10.710785232279562
524.0,10.765055709393433
524.2,11.087929486880467
524.4,10.649810075342998
524.6,10.703425901151615
524.8,10.45945288352599
525.0,10.33043634771299
525.2,10.490358598768951
525.4,10.991766509949215
525.6,10.807772857027517
525.8,10.09948019047831
526.0,9.567210824963105
526.2,9.992059851506829
526.4,10.114699881873701
526.6,10.571766849974418
526.8,10.38864331694845
527.0,10.237272051829073
527.2,9.894607890107293
527.4,9.53529707158218
527.6,9.982436170007992
527.8,9.522812942468898
528.0,9.654986412233797
528.2,9.562995680972886
528.4,9.766800967136435
528.6,9.639900099151271
528.8,9.544317797990447
529.0,9.910410608148219
529.2,9.92939572754426
529.4,9.686621222400348
529.6,10.07098449995815
529.8,9.87916320679593
530.0,10.002930812949833
530.2,10.297608773338961
530.4,10.292591210107176
530.6,10.255994039242271
530.8,10.314057664941751
531.0,10.339199778507474
531.2,10.195407868183072
531.4,10.199400407483887
531.6,10.074343708085799
531.8,9.743942228640071
532.0,10.490730707772858
532.2,10.294536776839733
532.4,9.89157654466879
532.6,9.707800374316408
532.8,9.951839372515515
533.0,9.886619663636601
533.2,9.838020385877169
533.4,9.664135965407635
533.6,9.73686245511452
533.8,9.915764292046566
534.0,10.189455341783766
534.2,10.4375079247257
534.4,10.189892963758385
534.6,9.77021402432933
534.8,9.875616279904298
535.0,9.771877372726916
535.2,9.979647647482881
535.4,9.725312447589996
535.6,9.998896128112909
535.8,10.028894146451231
536.0,10.634981618910421
536.2,9.97980671918655
536.4,10.321869022407828
536.6,10.639038464751025
536.8,10.466103053038456
537.0,11.425399329756447
537.2,11.413646352326811
537.4,11.324328831062198
537.6,10.652060114401952
537.8,10.645492023430041
538.0,10.602397852723582
538.2,10.68278401802968
538.4,10.617580409113195
538.6,10.559947867434065
538.8,10.177617302635234
539.0,10.339099474352677
539.2,10.085096207846087
539.4,9.807186501930573
539.6,10.219695346318034
539.8,9.826761912420363
540.0,10.007172903268033
540.2,10.20827054136177
540.4,10.148502879582251
540.6,10.11318795278376
540.8,10.159445805604468
541.0,10.128707024930808
541.2,10.743339112674516
541.4,10.854308187421589
541.6,10.41497193941655
541.8,10.641944376697378
542.0,10.22878877148
542.2,10.495248476649039
542.4,10.19735622030585
542.6,10.139291532492429
542.8,10.188666118896334
543.0,10.953716940268173
543.2,10.721655160167545
543.4,10.00471526912181
543.6,10.221886920556177
543.8,10.127448776305457
544.0,10.462321942576853
544.2,10.55155639083903
544.4,10.218660959178706
544.6,9.979492883626174
544.8,10.193203354174418
545.0,10.052587007006611
545.2,10.209522636633423
545.4,10.169453963272929
545.6,10.743682015838218
545.8,10.315206543497164
546.0,10.897122407753116
546.2,11.278121244651478
546.4,11.762734451849752
546.6,12.267479274840456
546.8,12.877695990380323
547.0,11.649447252060021
547.2,11.39099206150189
547.4,11.266643454461532
547.6,11.320227464309022
547.8,11.371113037285983
548.0,11.480330152413512
548.2,11.183317411763664
548.4,10.806017025723275
548.6,11.61972582919409
548.8,11.495212288387012
549.0,11.432207576638776
549.2,12.341143406413872
549.4,11.517960178875184
549.6,11.175659386439525
549.8,11.666487243523793
550.0,11.356168920841611
550.2,11.570357354177725
550.4,11.03832270488553
550.6,11.683360170123185
550.8,11.406148881829735
551.0,11.44577969895693
551.2,12.041606718358688
551.4,11.843453643632479
551.6,11.94372711147343
551.8,12.927826477549104
552.0,12.515064077230422
552.2,12.582650982611725
552.4,13.42396704774547
552.6,13.939805759929204
552.8,12.604769964506561
553.0,12.015854743385578
553.2,11.626665819383316
553.4,10.260091141842661
553.6,10.353009563221228
553.8,10.409469371672198
554.0,10.26267019667699
554.2,10.56483805097427
554.4,10.406815524388476
554.6,10.677601579384781
554.8,10.959913447422949
555.0,10.207421771914193
555.2,10.467145475245058
555.4,11.253178613295445
555.6,10.755866743903017
555.8,10.281232389204844
556.0,10.419727201804053
556.2,10.65914390964894
556.4,10.80057953676614
556.6,11.03408051172429
556.8,12.017949830624383
557.0,12.351253745999733
557.2,11.121275028384517
557.4,11.390721597741319
557.6,11.041524893397565
557.8,10.94750310509609
558.0,10.797452452314394
558.2,10.872298494169572
558.4,10.887889540464833
558.6,11.031489340719197
558.8,10.947021086201643
559.0,10.75351960782063
559.2,10.834417467658577
559.4,10.256218202053374
559.6,10.430012429351645
559.8,10.633158188793503
560.0,10.529083452499389
560.2,10.488072616608754
560.4,10.227891391462835
560.6,10.397184232305863
560.8,10.869365933806058
561.0,10.265040064533292
561.2,10.69194915680903
561.4,10.342132671090827
561.6,11.45620493274867
561.8,10.930498056149546
562.0,11.125141042564684
562.2,11.539885311381886
562.4,11.479809851291677
562.6,11.868078937900592
562.8,12.106067052226063
563.0,11.720903061051883
563.2,12.551353870898755
563.4,12.04992878612221
563.6,11.536038115246834
563.8,11.013858819168636
564.0,11.040808326113599
564.2,10.940920212880936
564.4,11.198789824219414
564.6,10.62000322177367
564.8,11.051801425174592
565.0,12.855072566276451
565.2,12.709042412609895
565.4,13.133124433184427
565.6,12.385142069592929
565.8,13.060318501824693
566.0,13.833383637884491
566.2,13.709209835304105
566.4,15.67552562485469
566.6,13.833935454935325
566.8,13.199497515036567
567.0,13.570710943647185
567.2,14.056314880465127
567.4,13.913369806355629
567.6,14.172245472460837
567.8,14.606904037296353
568.0,14.393172880694271
568.2,13.541023057977476
568.4,13.59282306550725
568.6,12.247513173870857
568.8,12.417736611898452
569.0,13.182124890788797
569.2,12.272523367778836
569.4,12.574523862389444
569.6,12.889079793347094
569.8,12.15811838313347
570.0,11.105489142863972
570.2,11.307019514262295
570.4,11.298387880083997
570.6,10.826796961819163
570.8,10.908384432393987
571.0,11.662352683932895
571.2,11.278316755796434
571.4,10.50272506378236
571.6,9.691566148060527
571.8,9.912378990861745
572.0,10.882298565655322
572.2,10.91550736326484
572.4,11.469759117212595
572.6,10.69921394480759
572.8,10.686448978684721
573.0,11.175490966530951
573.2,12.328521119238317
573.4,11.988606248907125
573.6,11.825317535395756
573.8,11.65369220151514
574.0,11.147796063195852
574.2,11.680727770372659
574.4,11.5177716390422
574.6,11.202364729650697
574.8,11.40203810898563
575.0,11.37804175235634
575.2,11.891118689881473
575.4,11.550487091933302
575.6,11.611985196843511
575.8,10.339497935768806
576.0,10.801035987675732
576.2,10.54092719125401
576.4,10.466406685710567
576.6,9.954227888839773
576.8,10.045313346175275
577.0,10.023440495620218
577.2,9.999202057870914
577.4,9.499543563984174
577.6,9.589751622901515
577.8,10.00876330897328
578.0,10.196667706341639
578.2,10.048437410042192
578.4,10.653733976995255
578.6,10.43862488942497
578.8,10.03934896476297
579.0,10.544912857762494
579.2,10.531523628829088
579.4,10.753194326828968
579.6,10.569323225401792
579.8,11.752246636062672
580.0,11.400008888539375
580.2,11.307302273177232
580.4,11.767755319930737
580.6,11.790315866993254
580.8,11.101372237096678
581.0,12.257504111198504
581.2,11.807050440593086
581.4,10.898988686287828
581.6,10.714334805037351
581.8,11.348741111848323
582.0,10.18642562581801
582.2,11.348624878290996
582.4,11.153787361446273
582.6,10.849666266729052
582.8,10.155609625362512
583.0,11.600274596659983
583.2,10.428704527274824
583.4,10.1163537426711
583.6,10.380013478194488
583.8,10.450328920595473
584.0,10.353124977225313
584.2,10.824960240849546
584.4,10.793509871034013
584.6,10.052731184677787
584.8,10.781707440109603
585.0,10.38348062957326
585.2,10.275705757983836
585.4,10.747304262663466
585.6,10.865827612619253
585.8,11.272100600916177
586.0,11.399406662383882
586.2,10.455894929708363
586.4,10.82786730064996
586.6,10.334652007672291
586.8,9.962528273343215
587.0,9.956251289932446
587.2,10.20585917327507
587.4,10.46566569393562
587.6,10.699840837441094
587.8,10.822275366949224
588.0,10.411785195310319
588.2,10.07259979721104
588.4,10.481582378016757
588.6,10.198937546756033
588.8,11.714160937003902
589.0,11.21949604105711
589.2,10.595066817552452
589.4,11.9512142609271
589.6,11.937251271452727
589.8,11.696931078823384
590.0,11.566467816660392
590.2,12.34243874868274
590.4,11.670191567569239
590.6,11.946161012534365
590.8,11.847217039661022
591.0,11.288463645349044
591.2,12.028994831073012
591.4,11.463237095739519
591.6,11.253534275312953
591.8,12.097911164267224
592.0,12.136762678696968
592.2,11.65427698660826
592.4,12.230090492032195
592.6,12.385565499006399
592.8,13.36456889699355
593.0,12.380349541954764
593.2,11.917372590114443
593.4,12.879872718620508
593.6,12.416979982500136
593.8,13.169710883500592
594.0,13.16072789522303
594.2,14.032752080833898
594.4,13.649687854897483
594.6,14.803236677760632
594.8,15.247420648450573
595.0,14.22400681779137
595.2,14.407224044604373
595.4,12.957176677280952
595.6,11.843781533355122
595.8,13.029175730706557
596.0,13.544141408280147
596.2,13.813205611279303
596.4,13.667450589677198
596.6,14.236349147992533
596.8,13.022009397976227
597.0,13.863154991743938
597.2,13.954374116637497
597.4,13.211909891608569
597.6,14.412141053508602
597.8,14.994730468375241
598.0,13.958997003257867
598.2,13.423138666398257
598.4,14.417858054132822
598.6,14.290942169892197
598.8,14.448693175590517
599.0,13.66182650069378
599.2,14.885041146314826
599.4,15.295400393512704
599.6,15.313116015550667
599.8,15.350577582999943
600.0,16.710011000690304
600.2,15.0122073836879
600.4,15.740892020629659
600.6,15.642504519020468
600.8,16.552369189683553
601.0,16.640506244723326
601.2,15.931917178393046
601.4,14.310652780774017
601.6,15.548211587064094
601.8,17.31423728875715
602.0,17.05285749565069
602.2,17.874596766906052
602.4,17.062761309398795
602.6,13.97836436949218
602.8,13.748173235942103
603.0,14.176920661864099
603.2,15.844500085375397
603.4,18.56944837171945
603.6,17.957673871197333
603.8,18.05473189309222
604.0,16.817521875161717
604.2,14.709420903452926
604.4,14.172774840970568
604.6,15.00538710176989
604.8,16.55846043815666
605.0,16.196548042453106
605.2,16.160408461917793
605.4,16.08638370824022
605.6,15.89792260236182
605.8,17.49694778063706
606.0,15.808430276290137
606.2,15.415428160083751
606.4,17.62746834263607
606.6,18.6865477421888
606.8,17.77078365239561
607.0,15.071285320367327
607.2,14.586964547923513
607.4,14.198685310098266
607.6,14.583821299360116
607.8,16.37723176696367
608.0,14.103127768648937
608.2,14.46570583143913
608.4,15.824491931566522
608.6,15.287589343473904
608.8,16.08712478824768
609.0,15.343551429439655
609.2,16.154742544864707
609.4,17.620225177337005
609.6,16.95448605079516
609.8,16.24597496804998
610.0,16.470056863615035
610.2,16.347219249309557
610.4,16.412885739807102
610.6,16.598451528933023
610.8,18.20575125874624
611.0,17.234140551809933
611.2,18.13385486814058
611.4,14.58666677806205
611.6,14.251296256524295
611.8,16.501804066033888
612.0,15.456191876009244
612.2,15.918827529872434
612.4,15.946985182345522
612.6,15.22307319128412
612.8,15.10595921864574
613.0,14.108006987971438
613.2,13.141965497135438
613.4,14.501275282453626
613.6,15.34901565519285
613.8,13.731545036938984
614.0,13.642680984420249
614.2,14.217161362381761
614.4,13.540408558983861
614.6,13.547228225299575
614.8,13.021641193280747
615.0,13.843551638977702
615.2,13.10545338612146
615.4,13.228049608128096
615.6,12.779700141731254
615.8,12.824270610815365
616.0,12.19692724206573
616.2,14.117592835672179
616.4,13.647512988054997
616.6,13.216862145175611
616.8,12.816768595846835
617.0,14.533810782051809
617.2,15.549614272683588
617.4,13.942778618834616
617.6,14.012246088702662
617.8,13.83968268641414
618.0,13.241765853275718
618.2,13.168377584182423
618.4,11.733515311758595
618.6,11.200085462157062
618.8,11.381821983297847
619.0,11.831949896388972
619.2,13.28900978699047
619.4,11.39225147095928
619.6,11.85838766911944
619.8,11.449798859279564
620.0,11.029283946911692
620.2,11.018156606624668
620.4,10.801611784607674
620.6,11.32384491798769
620.8,11.052174548518972
621.0,10.980609899532537
621.2,11.682613080317704
621.4,10.910728458614901
621.6,10.283728539288257
621.8,10.78658264407258
622.0,10.381337074819774
622.2,10.807442474858945
622.4,11.352749061581054
622.6,11.336556085732985
622.8,11.50078744761602
623.0,11.920982629242316
623.2,13.573910518782586
623.4,12.381400389545556
623.6,13.889606660177982
623.8,13.063696837477767
624.0,14.048477054177567
624.2,15.64430545979617
624.4,15.385545153455901
624.6,14.426044828932273
624.8,13.455165461582219
625.0,14.507051460352002
625.2,15.568124623108977
625.4,14.797901495442442
625.6,14.61199913594176
625.8,14.541415885537418
626.0,15.299372979250492
626.2,16.808507335400947
626.4,17.57561031387902
626.6,15.55030992597809
626.8,15.937444696564526
627.0,15.40873409191491
627.2,13.952909572279307
627.4,14.86029649058824
627.6,14.25791619625288
627.8,14.939745922182293
628.0,14.775452666246569
628.2,14.744901269618502
628.4,12.962595784870283
628.6,15.009362330697494
628.8,13.278136755509305
629.0,13.100004941436314
629.2,12.555410393915924
629.4,13.32909526255686
629.6,13.92208419101908
629.8,13.213720904218
630.0,14.054749910807782
630.2,14.60390553685019
630.4,14.445149508183475
630.6,14.88665869720415
630.8,15.810055957818669
631.0,16.033910373896337
631.2,15.902064411287176
631.4,15.774117195983873
631.6,15.333451019564755
631.8,16.056816400408255
632.0,15.71654397500853
632.2,14.044157810299545
632.4,14.274714595304424
632.6,13.630864030082297
632.8,12.483772279526832
633.0,13.868466288163388
633.2,14.129440862344385
633.4,15.364713347698888
633.6,14.625213125757295
633.8,14.64623285585792
634.0,14.574177264183405
634.2,14.047358612697142
634.4,14.859188969483387
634.6,13.040394551835037
634.8,11.995539327294189
635.0,13.487070770031593
635.2,13.159956942414667
635.4,13.62265159712985
635.6,12.9941132708333
635.8,12.505197503690898
636.0,12.892364029720902
636.2,12.53893478689193
636.4,11.762296151400452
636.6,11.22371643937229
636.8,11.533562509102405
637.0,12.068408002357137
637.2,13.006526554599954
637.4,13.195305200223688
637.6,12.575561080308603
637.8,12.066269114723552
638.0,13.128363926179913
638.2,15.746491421087487
638.4,14.292269132557662
638.6,15.00402252603738
638.8,14.073397049878842
639.0,14.17845005074824
639.2,13.1241314407979
639.4,15.09153909023877
639.6,15.203052718998615
639.8,15.32504273470175
640.0,14.30755261472983
640.2,14.277273681390497
640.4,15.480528511763303
640.6,15.248721785363873
640.8,16.04366960152654
641.0,15.232772500982039
641.2,15.506905631872856
641.4,14.784311091169396
641.6,15.305002962717731
641.8,13.798221421830268
642.0,14.49648238868402
642.2,16.455330501873494
642.4,13.368058041148034
642.6,11.90601388975071
642.8,12.634501133405035
643.0,12.361617591889777
643.2,12.922386960910217
643.4,11.36181791284999
643.6,13.01392714104372
643.8,11.604245286976141
644.0,12.977435047482182
644.2,12.95389667790757
644.4,11.443997428172771
644.6,11.761727826110768
644.8,10.525585125247009
645.0,10.739323631971462
645.2,12.538224698679631
645.4,14.802449469770133
645.6,13.871236913486307
645.8,12.837345876358995
646.0,11.623586808358484
646.2,11.396018092415547
646.4,12.434307584057471
646.6,12.17901713797483
646.8,11.38211422502977
647.0,11.389770604765339
647.2,11.240832442281247
647.4,10.567127500419565
647.6,10.414515397306976
647.8,11.063643843221822
648.0,10.951066581225232
648.2,11.987014047505333
648.4,11.553468907513622
648.6,10.118500445786145
648.8,10.954358568921768
649.0,10.606489942480355
649.2,10.250459187385022
649.4,10.049824571382134
649.6,10.97784090921734
649.8,11.540515725735132
650.0,11.163078707088188
650.2,11.588047526798038
650.4,10.888439413452232
650.6,11.223093843720118
650.8,10.987231768365998
651.0,9.76922164701186
651.2,9.777329624316618
651.4,9.506278997564424
651.6,9.545878244577736
651.8,9.455475908165837
652.0,9.974176006442038
652.2,9.911232147327434
652.4,9.865355087812128
652.6,9.829498807683128
652.8,9.859964396513437
653.0,10.007836511224431
653.2,10.129526509803393
653.4,10.050657679840551
653.6,9.944504031070778
653.8,9.857114995645524
654.0,9.442464953830743
654.2,9.873357024226209
654.4,9.889130360021527
654.6,10.22374973428996
654.8,12.043766728534155
655.0,11.630413630786581
655.2,11.742706638807226
655.4,10.291381998648909
655.6,11.447305319868896
655.8,11.157075263383264
656.0,10.902846076828215
656.2,11.042783494331621
656.4,11.145748388492386
656.6,10.583967855257338
656.8,10.059904913182509
657.0,10.181038367384058
657.2,10.901430415630553
657.4,10.546692691322235
657.6,10.61219029322859
657.8,10.845441096442991
658.0,11.051671172617542
658.2,10.778091531065732
658.4,10.586555998906377
658.6,10.822162473590641
658.8,9.911919260035656
659.0,9.69861727982526
659.2,10.211268448358554
659.4,9.891905252897903
659.6,9.717863231259415
659.8,9.891498056830377
660.0,11.269005719172814
660.2,11.6067240076144
660.4,10.820131832183064
660.6,11.708965211072574
660.8,12.846012446482495
661.0,13.274047909372019
661.2,13.538507731781218
661.4,13.421264794670765
661.6,11.989672150918299
661.8,12.159885095764867
662.0,14.90282938293043
662.2,15.52433110740077
662.4,16.783018988460928
662.6,15.001249861606363
662.8,13.810766358896977
663.0,14.300070824278603
663.2,13.356771686433422
663.4,13.356655086942427
663.6,14.572710154381316
663.8,14.439334311359415
664.0,15.594848634307603
664.2,14.258670151682036
664.4,11.514182914795105
664.6,11.578461229466043
664.8,12.618325339821867
665.0,13.385686530464728
665.2,12.00488339233311
665.4,12.543201483305985
665.6,13.245103981518533
665.8,12.17904177818893
666.0,9.978113974743934
666.2,11.46848441654523
666.4,10.970986443869782
666.6,11.077485603479714
666.8,11.301547288501277
667.0,12.9125648489941
667.2,11.913279093425063
667.4,11.372913456593919
667.6,11.550847706131462
667.8,11.369865420052776
668.0,12.234892680800161
668.2,11.830741793622801
668.4,12.508486842057069
668.6,11.694920007083496
668.8,12.584579722736517
669.0,11.759315727195126
669.2,13.694010491370804
669.4,13.559324311092833
669.6,12.996000898816265
669.8,11.356727713901122
670.0,13.36906754514563
670.2,14.485480035615092
670.4,13.022770803652246
670.6,12.826599728056072
670.8,14.622624487962435
671.0,13.651372879533463
671.2,15.96436126045192
671.4,14.278078938155183
671.6,14.298728208291125
671.8,14.358192090205828
672.0,14.211438446619507
672.2,14.415149784713586
672.4,13.650683169227147
672.6,13.5297269852652
672.8,13.484659535648111
673.0,13.789430561522273
673.2,13.454709832794693
673.4,13.877470461741982
673.6,13.015964475872487
673.8,12.801616133327954
674.0,13.115448310635733
674.2,11.531375656995579
674.4,11.322402345246708
674.6,10.801806750058322
674.8,12.193914175131166
675.0,12.572957433081513
675.2,12.048456488366039
675.4,11.66673653961179
675.6,13.183391857674557
675.8,12.478493443256692
676.0,12.56128836708914
676.2,13.977504595979447
676.4,13.388666100300085
676.6,13.587595122747992
676.8,13.601954556746719
677.0,15.140254390918944
677.2,13.569574029385198
677.4,13.61501618867089
677.6,15.186189917974781
677.8,13.339615721677887
678.0,12.347587081940814
678.2,13.701852998610333
678.4,14.61369302660492
678.6,13.86936594889054
678.8,14.47143080913885
679.0,14.795393232372405
679.2,13.084151149343974
679.4,12.966807394360702
679.6,12.512890377259458
679.8,11.322214189096227
680.0,11.84923702907171
680.2,12.790382206771342
680.4,13.176378896009918
680.6,12.410717026526882
680.8,13.319178895190031
681.0,11.658720376697474
681.2,12.519151092247782
681.4,12.530420094318329
681.6,13.311383455857893
681.8,13.830752826526307
682.0,13.971000872681692
682.2,12.211677209900731
682.4,14.35392740424576
682.6,13.566377518070992
682.8,14.022773659798876
683.0,13.256783597782356
683.2,14.468685670610327
683.4,14.771341842411935
683.6,14.804355434200247
683.8,12.378513981866403
684.0,14.586055248584952
684.2,12.681582911488071
684.4,11.59459766981357
684.6,13.24182572032651
684.8,12.94814234834254
685.0,15.2396361290102
685.2,14.255916644051856
685.4,11.748251801856757
685.6,11.557287117909274
685.8,11.431457907401262
686.0,11.741752314233072
686.2,11.899428775183907
686.4,12.584865334910535
686.6,11.91615256687631
686.8,10.970812384985798
687.0,11.160831049851613
687.2,11.119475645099232
687.4,12.735592316368054
687.6,13.375123432309913
687.8,12.857215054743412
688.0,12.083393412945247
688.2,13.03440901811368
688.4,13.022566768944046
688.6,12.179127948270814
688.8,11.789859238321707
689.0,12.375065234239134
689.2,11.69454657181574
689.4,10.809239210871679
689.6,10.5099336057075
689.8,10.545553056289078
690.0,10.616382337944012
690.2,11.014407539698093
690.4,14.304735614649609
690.6,15.82030081728318
690.8,16.6933622336825
691.0,13.406713370818682
691.2,13.928020566900877
691.4,14.537674889672683
691.6,13.897120617592073
691.8,13.388707820463239
692.0,13.132572791061492
692.2,13.51265365073238
692.4,14.818590183509311
692.6,14.689072623262906
692.8,13.465784268516408
693.0,13.048714222835113
693.2,13.250392381462992
693.4,14.03395234609636
693.6,13.403069351216597
693.8,12.0891757784374
694.0,12.55011735868533
694.2,14.543975886179744
694.4,14.712332269874423
694.6,15.398948472606534
694.8,14.500344159135812
695.0,12.722460406509716
695.2,12.084904198824962
695.4,12.199152837195582
695.6,11.882797629373464
695.8,11.409915711183542
696.0,11.39691873396342
696.2,10.514192308275653
696.4,11.008703917592271
696.6,10.435634285187714
696.8,10.891724421433747
697.0,11.693897569341487
697.2,11.780802085488222
697.4,11.99837774104564
697.6,11.745635787854454
697.8,11.78297533758897
698.0,11.804111738580554
698.2,11.710526445175917
698.4,11.425195897950008
698.6,10.677267996979406
698.8,10.778068465081097
699.0,10.831461140831596
699.2,10.450824829513945
699.4,9.790470692793802
699.6,10.400877462014556
699.8,11.06024792548884
700.0,11.017733515308068
700.2,11.334087764162357
700.4,11.800151709967245
700.6,11.055229222502916
700.8,11.517717066868284
701.0,11.997083311999624
701.2,12.642885411461824
701.4,10.9238798310441
701.6,10.968779486816109
701.8,10.663462715657314
702.0,10.481281145173272
702.2,11.187195260363954
702.4,11.227159741980653
702.6,10.766040533813468
702.8,11.034196900006778
703.0,10.964509417063406
703.2,10.960805124574994
703.4,11.301200502617114
703.6,11.174259296642116
703.8,11.14677976092901
704.0,10.699670773761698
704.2,10.889694159671215
704.4,11.026785087588628
704.6,10.693287885688585
704.8,11.685351345423435
705.0,11.31433013201069
705.2,11.678738202624555
705.4,11.81248802319831
705.6,11.031661111991271
705.8,11.520358017870953
706.0,12.240691266393672
706.2,11.726927595366568
706.4,12.377349516527085
706.6,12.33002649270542
706.8,11.2686898271793
707.0,11.241047272506089
707.2,11.200468427157972
707.4,11.943760585508196
707.6,11.057110764116995
707.8,10.377006670361062
708.0,10.211839029588955
708.2,10.145230433190013
708.4,10.151935424522694
708.6,10.089573922284703
708.8,9.82365769859114
709.0,9.791685821550733
709.2,10.10092635320003
709.4,9.288242524723495
709.6,9.654522770229029
709.8,9.634457109480339
710.0,9.849290471839074
710.2,9.599005877900016
710.4,9.469175309884122
710.6,9.456633267309766
710.8,9.575399016948738
711.0,9.911493442716496
711.2,9.678021291040102
711.4,9.467191055676023
711.6,9.664806035461153
711.8,9.780106185544474
712.0,9.403171918710974
712.2,9.6701610472024
712.4,9.457739972734933
712.6,9.446907680238905
712.8,9.873116769917694
713.0,9.85744227391867
713.2,10.60832714546496
713.4,10.71265228121977
713.6,11.309328653018987
713.8,10.245999360502378
714.0,10.9243124108411
714.2,9.736044152917326
714.4,10.667216273228323
714.6,10.360975599822407
714.8,10.099218889197699
715.0,11.243616145928897
715.2,11.1212945793401
715.4,11.059873053416155
715.6,11.397283009428335
715.8,10.612472817794753
716.0,10.73949538854744
716.2,10.649046952556947
716.4,12.03950593335186
716.6,10.611075022891415
716.8,11.02766883901368
717.0,13.94532776249192
717.2,14.69120022764345
717.4,13.50665746689404
717.6,13.741997896736002
717.8,14.461331212992887
718.0,15.00511292339983
718.2,15.479293123217134
718.4,15.157322333728079
718.6,14.992381275859433
718.8,14.250732795710494
719.0,15.690206761850407
719.2,15.676546820080084
719.4,15.417895399348044
719.6,14.659210029028333
719.8,15.450565177214209
720.0,14.326440927711172
720.2,15.605580871507803
720.4,15.347464812512433
720.6,13.439718856312062
720.8,13.805207045415045
721.0,13.672902957381432
721.2,13.673118202315464
721.4,13.945069354904327
721.6,13.94299529161383
721.8,12.131348023483215
722.0,13.680627171594335
722.2,13.230842482579169
722.4,13.946990471421044
722.6,11.006164924691792
722.8,10.247815109738527
723.0,12.135717066240037
723.2,12.110245676272331
723.4,12.449690811095241
723.6,13.828538854314035
723.8,13.892940093297824
724.0,13.2428850477678
724.2,14.584526004227207
724.4,14.322939689015893
724.6,13.572057649079275
724.8,12.823531077181498
725.0,13.629267970324964
725.2,13.269951311242298
725.4,12.512324127922586
725.6,11.78174967276405
725.8,11.409176679747773
726.0,10.689628109906142
726.2,10.505494904492192
726.4,9.673362612904292
726.6,9.731451191610411
726.8,10.106345090377646
727.0,11.162307223590908
727.2,12.156089265813124
727.4,11.204974900498303
727.6,11.521644069772389
727.8,10.340909960360525
728.0,10.35435208390885
728.2,10.523792757646092
728.4,10.45798698174352
728.6,10.066686606320527
728.8,9.800684237344731
729.0,10.787775125110597
729.2,10.193999620336466
729.4,12.464924360320286
729.6,10.915041806938053
729.8,11.674062240197216
730.0,11.488076381327385
730.2,12.036710835078301
730.4,12.724762974806275
730.6,13.45102958926184
730.8,13.668003766256655
731.0,13.140645760210138
731.2,13.557156561716985
731.4,13.350689984360216
731.6,13.614184104779419
731.8,14.007220349603708
732.0,13.03211947498017
732.2,13.784845534511234
732.4,14.149837454617325
732.6,13.724325174947223
732.8,12.169254350474985
733.0,11.425800831157565
733.2,11.18554365967665
733.4,12.45069085677645
733.6,12.018013878765599
733.8,11.86952488182846
734.0,12.167388599995387
734.2,12.669905180336077
734.4,11.629077647324834
734.6,11.169143579622109
734.8,10.291318594552227
735.0,10.517967299279146
735.2,10.254430544494024
735.4,11.288074567893695
735.6,11.63474509441519
735.8,11.282632131070482
736.0,10.63351191804162
736.2,11.10790536765216
736.4,11.139662894589756
736.6,11.850498012750785
736.8,11.725276574150875
737.0,11.722073571739207
737.2,11.60339386724434
737.4,11.111373216316602
737.6,11.81051608476292
737.8,13.334309630040153
738.0,12.438565685848156
738.2,12.804468872834985
738.4,12.885395208112875
738.6,12.87369149966956
738.8,11.938413377300973
739.0,12.882429536771898
739.2,13.894694075537679
739.4,12.720084696223841
739.6,12.95170711831787
739.8,13.958198639205584
740.0,12.646453621180973
740.2,12.203100026184746
740.4,12.988054119777404
740.6,12.167923918835458
740.8,12.66134021244693
741.0,11.780867587145092
741.2,11.231924470810155
741.4,11.008446071305473
741.6,10.62558574294864
741.8,10.943464621130666
742.0,12.682300089850049
742.2,11.292388610513989
742.4,10.955405469999697
742.6,10.960233845212585
742.8,11.63671157611159
743.0,10.35380017741877
743.2,10.485060035998888
743.4,11.715868074889395
743.6,11.114861901329618
743.8,11.256302915722644
744.0,12.667627527084592
744.2,11.612359717138954
744.4,11.469710874276142
744.6,10.141401318090526
744.8,10.22002222199292
745.0,10.228627546781638
745.2,9.508713120638962
745.4,9.148057431012408
745.6,9.477541962652397
745.8,9.527507945293554
746.0,9.68286166437252
746.2,10.908982089302759
746.4,11.370731861298584
746.6,9.589219403388546
746.8,10.096145306250644
747.0,9.609663685867876
747.2,10.00586731278367
747.4,10.529269615039134
747.6,9.723889405501927
747.8,9.40515447586899
748.0,9.759125526566093
748.2,10.410134295655837
748.4,10.626067494288092
748.6,10.740300389094362
748.8,11.039967376177701
749.0,10.861159210927298
749.2,11.242678384550036
749.4,11.04104630718205
749.6,9.882179373425986
749.8,9.783192577948741
750.0,9.735894602552062
750.2,9.582118025875483
750.4,9.55965851518917
750.6,9.424373230758182
750.8,10.046536667529393
751.0,9.666568149481648
751.2,9.725610789006945
751.4,9.584721493141936
751.6,9.318349960373897
751.8,9.36400830036472
752.0,9.606889166050724
752.2,9.644104246685908
752.4,9.48156955543687
752.6,9.424461270775966
752.8,9.554855798771857
753.0,9.61793101600963
753.2,9.47622135402124
753.4,9.170493765991493
753.6,9.056195943606381
753.8,9.03865632100315
754.0,9.11147894905013
754.2,9.11847958405791
754.4,9.864685411267994
754.6,9.804521276064031
754.8,9.591799938245915
755.0,9.591709858796829
755.2,9.26232537555072
755.4,10.06867964654499
755.6,9.84664541941963
755.8,9.678898934410892
756.0,9.785221332504484
756.2,9.603323920030359
756.4,9.972189329339464
756.6,10.20772282990116
756.8,10.020729901261545
757.0,10.656809654622796
757.2,10.905685129877421
757.4,10.54471464078941
757.6,10.669526582056253
757.8,10.416978621374561
758.0,9.989369856444041
758.2,10.19091350349984
758.4,10.126057725492142
758.6,10.473803221300237
758.8,10.38784470499807
759.0,10.194359094390574
759.2,10.398368106193272
759.4,10.189317752434304
759.6,10.178800533238467
759.8,10.020028467941469
760.0,9.835261071139902
760.2,9.848124106764656
760.4,9.846646451960805
760.6,10.07684808969488
760.8,9.632188315225767
761.0,10.047533115056225
761.2,9.283016105924823
761.4,9.263296001225934
761.6,9.923781477272765
761.8,9.779432737632526
762.0,9.609987168144892
762.2,10.00614404143665
762.4,9.869753882850947
762.6,9.730548239495416
762.8,9.738452938355612
763.0,9.76169619632911
763.2,9.631381517189018
763.4,10.177217621812034
763.6,9.49455474346909
763.8,9.509681954626238
764.0,10.177339216036236
764.2,9.688229517630983
764.4,9.19577660350516
764.6,9.090654712434606
764.8,9.154549354386901
765.0,9.281590298079667
765.2,9.35637763113051
765.4,9.66599960703993
765.6,9.191041614458639
765.8,9.186309977368133
766.0,9.15034012426976
766.2,9.018453819927629
766.4,9.571881901481973
766.6,9.1524650489664
766.8,9.1685429863557
767.0,9.06621596245753
767.2,9.512849160120355
767.4,9.436370803263273
767.6,9.31643474020635
767.8,9.488408363835596
768.0,9.52281979934478
768.2,9.545812526815066
768.4,9.192295314396496
768.6,9.152123585882034
768.8,8.85859090466387
769.0,9.124018750125757
769.2,8.858914547196322
769.4,8.71737359431362
769.6,8.737957887192874
769.8,8.75087396207755
770.0,8.903206842650048
770.2,9.005673790255534
770.4,8.894979311317014
770.6,8.864612905299374
770.8,8.980179777068164
771.0,8.73676834667727
771.2,8.806972882533575
771.4,8.806845501618596
771.6,8.794103575264563
771.8,8.948283688920927
772.0,8.87995850526739
772.2,8.910790425581364
772.4,9.039211471899657
772.6,8.987419870712365
772.8,8.83677466895455
773.0,8.78334962620649
773.2,8.634127820607421
773.4,8.570596150446292
773.6,8.536880714080079
773.8,8.665534851008477
774.0,8.719681175370383
774.2,8.649951294718825
774.4,8.663847521628377
774.6,8.735578512860386
774.8,8.610506567746992
775.0,8.628939551698489
775.2,8.776160271658487
775.4,8.835204700210564
775.6,8.904775697701243
775.8,8.651634491498223
776.0,8.763042141198476
776.2,8.853030089122159
776.4,8.646306734999904
776.6,8.535066457515233
776.8,8.580814313882602
777.0,9.04629248011868
777.2,8.911552380268127
777.4,9.027600961016674
777.6,9.102680889712754
777.8,9.069731992433649
778.0,8.962274478773134
778.2,8.69793358592648
778.4,8.724659094747247
778.6,8.756545292083072
778.8,8.775424331575547
779.0,9.046356584797223
779.2,9.042732360855373
779.4,8.753877654630978
779.6,8.731006966252902
779.8,8.919097744823915
780.0,9.043396973174191
780.2,8.686930069774181
780.4,8.85348599411972
780.6,8.797541124009205
780.8,9.06149315192373
781.0,9.966849840118568
781.2,9.927692572735957
781.4,9.594532408167062
781.6,9.743073749293199
781.8,9.625049279783326
782.0,9.809831555395235
782.2,10.36348861024155
782.4,9.565269398489821
782.6,10.324552625609346
782.8,9.932623335884372
783.0,10.012318530609793
783.2,10.165774279740138
783.4,10.667770478946888
783.6,11.119622658415537
783.8,10.424231295805406
784.0,10.186950848579295
784.2,10.599100148283569
784.4,11.072980016525662
784.6,10.00916132948624
784.8,11.763909881987287
785.0,11.715617815140767
785.2,11.584480481690694
785.4,12.042664024235512
785.6,11.491543822630243
785.8,11.929950693165242
786.0,11.233099922423175
786.2,10.524914565826847
786.4,10.435768478002265
786.6,10.857648098365964
786.8,10.752611018834317
787.0,10.486757132937687
787.2,10.57492634468666
787.4,10.996466791937818
787.6,10.485141364310731
787.8,9.96366794471192
788.0,10.19447204054522
788.2,11.639286024183427
788.4,10.92230550882691
788.6,10.865516732701044
788.8,11.32188431754675
789.0,11.537823502935645
789.2,11.399579408463442
789.4,11.587771151258067
789.6,10.29847260521596
789.8,10.23523548276569
790.0,10.308854287341422
790.2,9.815335402365772
790.4,10.079697638303236
790.6,9.908683517973467
790.8,10.101508603202303
791.0,10.158037399764996
791.2,10.319685313316526
791.4,10.744320123624531
791.6,11.12309625837746
791.8,9.428236598911274
792.0,9.87424086971349
792.2,9.319314924160413
792.4,9.925343483961907
792.6,10.343425140384085
792.8,10.290864655796327
793.0,10.304534556591197
793.2,10.056877619461781
793.4,9.565431403925064
793.6,9.601819289152928
793.8,9.904123042271275
794.0,10.067393243989965
794.2,9.559452115747117
794.4,9.72716993745297
794.6,9.792526940500165
794.8,10.02536706337141
795.0,9.533743087337834
795.2,9.18389404118086
795.4,9.123691117824102
795.6,9.456243094953589
795.8,9.578619578197241
796.0,10.08091629488966
796.2,9.718912488957583
796.4,9.615477779845888
796.6,9.955923666103544
796.8,10.039176691594903
797.0,9.618426204920675
797.2,9.814939857000807
797.4,9.323656246684923
797.6,9.569835335453199
797.8,9.888830527061023
798.0,10.545747981634104
798.2,10.111276050396306
798.4,10.371798866474553
798.6,10.034348364562627
798.8,10.02509736777382
799.0,10.285657641390086
799.2,9.874890580265003
799.4,9.763288047743124
799.6,10.003357963229323
799.8,9.796760579298416
800.0,10.703016223187289
800.2,10.629623871733376
800.4,9.821885930457128
800.6,10.212986392814102
800.8,10.05116963025378
801.0,9.907318661586364
801.2,10.519931756311586
801.4,10.242899546098919
801.6,10.223797097323422
801.8,9.665263971524876
802.0,9.74060464751181
802.2,9.971247325936801
802.4,9.739772406866695
802.6,9.71647600901859
802.8,9.614500307779588
803.0,10.016131852141047
803.2,9.744099006482124
803.4,9.850895768944802
803.6,9.721003069113564
803.8,9.940535139955536
804.0,9.903977743736716
804.2,9.263718548077591
804.4,9.525556681399188
804.6,9.891247873984211
804.8,9.687594716632262
805.0,9.862499976960175
805.2,10.048712539080642
805.4,9.925073528068669
805.6,9.658789286916496
805.8,10.106977628681175
806.0,9.972573964563308
806.2,10.026602028389869
806.4,9.862767452067251
806.6,9.942918661046324
806.8,9.815258462861514
807.0,9.780490932752615
807.2,9.381292883180176
807.4,9.438374652146939
807.6,9.761413782295838
807.8,9.981486487032976
808.0,9.87395069410708
808.2,9.950395337952287
808.4,10.070827762392394
808.6,10.202387253432496
808.8,10.328272383560934
809.0,9.683347436567685
809.2,10.907699951044297
809.4,10.43491949737608
809.6,10.631737385920143
809.8,10.305969682210403
810.0,9.9104979657448
810.2,9.774527977015547
810.4,10.25469389990562
810.6,10.050532938791157
810.8,9.811211894268029
811.0,10.080535718375405
811.2,10.271131687711568
811.4,10.845169913771585
811.6,10.864335702875788
811.8,10.126991752635865
812.0,10.212407409902058
812.2,9.745176899781482
812.4,10.422831703873959
812.6,10.337363984747386
812.8,10.629146572227555
813.0,10.656094300870066
813.2,10.828815606288318
813.4,10.911389368471623
813.6,10.856542536817512
813.8,10.26933817622333
814.0,10.15241476768008
814.2,10.263257913923455
814.4,10.56359655483243
814.6,10.326728743794094
814.8,9.928270526392897
815.0,10.297780301785732
815.2,10.195173553841443
815.4,10.293323386520965
815.6,10.630867874971191
815.8,9.834438490739647
816.0,10.346341783109521
816.2,10.416730616528586
816.4,10.382948259049162
816.6,10.234196537878557
816.8,9.672435095078987
817.0,9.805262225549905
817.2,9.435167364952079
817.4,9.454039659373386
817.6,9.448112250588176
817.8,9.500913248151384
818.0,9.832236941859646
818.2,9.490908440619565
818.4,10.063048137667106
818.6,9.744936134964144
818.8,10.113583404769793
819.0,9.885634899484943
819.2,9.827046923403636
819.4,9.795433902380555
819.6,10.436235884339986
819.8,10.13034960051492
820.0,10.520628182432414
820.2,10.71575822244029
820.4,11.913774466531395
820.6,13.102825565528079
820.8,12.208621505094253
821.0,12.587828014543359
821.2,13.115440131165737
821.4,12.927595086718345
821.6,12.774644947822917
821.8,12.757160748184369
822.0,14.223821383074473
822.2,16.6154208432391
822.4,15.80909375439428
822.6,14.311124732601488
822.8,13.382590392019402
823.0,12.751031861772613
823.2,12.590628197059905
823.4,12.625671859263438
823.6,13.041771152792624
823.8,12.869264269014876
824.0,14.920070545258993
824.2,14.136624331043013
824.4,14.713985654070505
824.6,15.500983542428322
824.8,16.652785088778664
825.0,17.280870902525358
825.2,15.266226838690669
825.4,14.140751283800459
825.6,14.142380396255769
825.8,14.960506188365816
826.0,15.468045566083916
826.2,14.433289172607253
826.4,14.069834606209708
826.6,15.865902459733949
826.8,17.02646229519683
827.0,17.541872504641304
827.2,16.96646299089283
827.4,16.544292288729075
827.6,16.939443947715358
827.8,17.148167797151373
828.0,16.819757838361465
828.2,17.791624266335713
828.4,16.468547398667226
828.6,17.0347757587514
828.8,16.390321504779322
829.0,16.390061050176783
829.2,17.113038729035914
829.4,17.49580549208835
829.6,16.818590257633552
829.8,16.00739568303211
830.0,14.779339205676912
830.2,15.217517087631144
830.4,15.34970298725343
830.6,14.29042069510195
830.8,13.546012980294645
831.0,14.09750933209623
831.2,13.641173613886588
831.4,13.618595927773107
831.6,13.506597254869435
831.8,13.816731495782932
832.0,13.119480875668382
832.2,13.57319186762312
832.4,13.194643395993408
832.6,15.788325945042258
832.8,15.846554554947263
833.0,15.482879844504435
833.2,13.932802505750569
833.4,13.926736148286281
833.6,13.264372325332092
833.8,13.61434446615366
834.0,13.059891515396775
834.2,13.071595243191709
834.4,12.12461534407211
834.6,12.791897852435287
834.8,12.879302254821914
835.0,13.028141234562977
835.2,12.188837238768786
835.4,12.96275611775146
835.6,13.192616465160716
835.8,12.89040203985165
836.0,13.933081436109063
836.2,12.90220768415544
836.4,14.268855542229542
836.6,14.183513578508563
836.8,13.959010624626746
837.0,15.49506644134292
837.2,15.110548527840228
837.4,14.067661795324401
837.6,13.834401543925065
837.8,14.576589996829323
838.0,13.964744799945368
838.2,13.735352241446378
838.4,12.61672536281658
838.6,11.167346660785963
838.8,10.749128331904835
839.0,11.051713005709892
839.2,10.7881945057614
839.4,11.331121550645486
839.6,10.6413358870076
839.8,11.18359814084535
840.0,11.135393741443966
840.2,10.979830389525633
840.4,11.498079306036894
840.6,10.868219322776776
840.8,10.913998028293326
841.0,11.7605433590447
841.2,12.018207537595396
841.4,10.960933746170278
841.6,11.98500198544027
841.8,11.829838142480568
842.0,12.20118388003544
842.2,12.927052857825153
842.4,12.023625976921757
842.6,12.23900209797133
842.8,12.139490765917536
843.0,11.749999235193911
843.2,12.869121167443096
843.4,15.178339765317661
843.6,12.87432072383999
843.8,14.000716418896271
844.0,14.328720243955049
844.2,13.55488371641117
844.4,13.284905195057963
844.6,13.397147351175654
844.8,13.22675175238092
845.0,13.134807768768418
845.2,13.49793647074579
845.4,13.79289770513261
845.6,13.553657643041607
845.8,13.66913738328876
846.0,13.430091963796073
846.2,13.952428927560883
846.4,13.995688705454254
846.6,13.5043446321652
846.8,14.757168153243367
847.0,13.434710110061904
847.2,12.473037098549302
847.4,12.459716774107184
847.6,12.218782176727078
847.8,12.072568123612136
848.0,11.894235996588726
848.2,12.106653080033858
848.4,11.478977390881811
848.6,11.019895541051204
848.8,11.908449816937827
849.0,11.824606065175287
849.2,12.070809770890312
849.4,12.710786743648292
849.6,11.888411783190174
849.8,11.934154108049563
850.0,12.089993469422222
850.2,11.983840061568634
850.4,10.616760578109668
850.6,11.376116450166638
850.8,11.998253596875745
851.0,11.540480933709683
851.2,11.580075678596803
851.4,10.777085757574355
851.6,12.761850100986917
851.8,13.49669312449869
852.0,13.345227277227673
852.2,12.787473916141156
852.4,14.109354879496511
852.6,14.015713443878452
852.8,13.667200531246271
853.0,12.85382662126441
853.2,11.96091079550725
853.4,13.461181914246943
853.6,13.903376522179974
853.8,14.366506365965233
854.0,14.180608142470117
854.2,14.743672584088102
854.4,13.764739081782555
854.6,14.439079634974215
854.8,14.258639691484747
855.0,12.933456068445581
855.2,14.3942407129678
855.4,14.205255823255658
855.6,14.970381761964761
855.8,13.86744902524244
856.0,13.095433152186484
856.2,13.696021669874828
856.4,14.06345957151464
856.6,13.462151992445195
856.8,14.279021361952452
857.0,14.698360380674409
857.2,15.488418813216231
857.4,14.833062215990914
857.6,15.082158429188482
857.8,14.247408858243165
858.0,14.460076113611413
858.2,15.828989000170221
858.4,14.515319725824662
858.6,13.364348883111452
858.8,12.114632540061098
859.0,11.734068799086524
859.2,12.73796626377117
859.4,12.315260009289364
859.6,12.959598307866324
859.8,13.374046455462276
860.0,11.990060033747348
860.2,12.993942507269532
860.4,13.120654496885471
860.6,11.945453483193592
860.8,11.296581032638645
861.0,11.222677362504276
861.2,13.02005001374798
861.4,12.975689146316956
861.6,12.979562452735314
861.8,11.984134137650935
862.0,12.868935320604857
862.2,13.298773343860436
862.4,13.532078934783993
862.6,12.699188884875754
862.8,12.702465149770955
863.0,12.519558306667452
863.2,11.95466425667071
863.4,12.815202978006944
863.6,12.99482907099631
863.8,12.157009995019791
864.0,13.445371269666763
864.2,12.305406857192933
864.4,11.874849567874966
864.6,12.174176958246129
864.8,12.831407135314768
865.0,12.87454703013754
865.2,13.593399349858553
865.4,11.350809694628811
865.6,12.184676458878478
865.8,11.205872995273955
866.0,11.772119518825706
866.2,11.771040405450915
866.4,12.109788067380494
866.6,11.492075905052804
866.8,12.059043734085131
867.0,12.323347769125183
867.2,13.640092464247724
867.4,12.93419605554316
867.6,12.558317124029305
867.8,13.960732728579845
868.0,14.75810080610168
868.2,14.640850545596724
868.4,13.9800197307105
868.6,13.914245672022874
868.8,12.341395748709267
869.0,12.675354953823252
869.2,13.137127143010009
869.4,12.72763329154657
869.6,13.257215040639267
869.8,13.539113126556417
870.0,13.542912620973164
870.2,13.78065546320424
870.4,13.252486983178535
870.6,13.637968550304675
870.8,13.478045854510155
871.0,12.01611549032296
871.2,11.96423464812222
871.4,11.382022095963789
871.6,12.526043610417435
871.8,11.884445722041164
872.0,12.609497186778807
872.2,12.267354661522829
872.4,12.484391350571896
872.6,12.345772152906797
872.8,11.52225440983204
873.0,13.622524654011919
873.2,13.45412537151548
873.4,14.669336493382028
873.6,15.054957293645884
873.8,15.68090690912262
874.0,13.206386847496475
874.2,12.556101775598856
874.4,12.564803514056695
874.6,13.823082766718668
874.8,13.665400691731772
875.0,16.111601364073174
875.2,16.40247751823652
875.4,15.17965052560039
875.6,14.542101249083402
875.8,14.010516735554896
876.0,14.736787305798584
876.2,15.467005189306269
876.4,14.977723967614029
876.6,15.873506702628092
876.8,14.056851084696936
877.0,15.357589855691145
877.2,15.523279128437968
877.4,13.289775756576901
877.6,14.99251634980408
877.8,14.967623555160515
878.0,14.958380626078673
878.2,14.713698720875044
878.4,14.445987005467963
878.6,13.733703882351996
878.8,15.044297564924749
879.0,16.035180776363042
879.2,16.897171104312083
879.4,16.966376034021348
879.6,14.67193651163191
879.8,15.331628574722991
880.0,16.356334764648985
880.2,15.368238919713427
880.4,16.095708146701014
880.6,17.49092204555697
880.8,13.898098808081897
881.0,15.239489250493385
881.2,17.105495192673462
881.4,19.338823002286034
881.6,16.91232187817268
881.8,14.498280664835796
882.0,16.203416999701727
882.2,13.901582431823963
882.4,16.103748761727893
882.6,16.70870334750447
882.8,14.471520982753843
883.0,14.348442866530291
883.2,12.793996345023972
883.4,11.532668779291534
883.6,11.850710025185212
883.8,12.502006712997398
884.0,12.093122131401026
884.2,12.06242402677743
884.4,13.09023198406259
884.6,13.955008404412037
884.8,12.77875665676464
885.0,12.616336546979072
885.2,14.206453157198617
885.4,15.5759378318915
885.6,14.349801715617668
885.8,13.944554817481418
886.0,14.170165867659769
886.2,13.444784761793343
886.4,13.425839369654668
886.6,13.173784185968413
886.8,13.71399026029714
887.0,12.94888948227076
887.2,12.257615528609875
887.4,11.971164018403018
887.6,10.464946873102397
887.8,9.945143631969815
888.0,10.658863410734643
888.2,10.976043610219717
888.4,11.399549482294075
888.6,10.818341005550195
888.8,10.42865505270391
889.0,10.717017503444621
889.2,10.048489622850585
889.4,10.484588643196977
889.6,10.133227817377406
889.8,11.294627363350568
890.0,12.024617580676429
890.2,13.148053915435057
890.4,13.658881018506676
890.6,13.140165232283305
890.8,13.856939171338365
891.0,15.103007750066384
891.2,15.849970337441428
891.4,14.590053965748943
891.6,14.459599186138846
891.8,12.465214178116103
892.0,13.683484314801067
892.2,13.195694066747809
892.4,13.947814210041372
892.6,14.716441843093168
892.8,12.09047975714836
893.0,13.976829178939195
893.2,11.671129087085212
893.4,11.9167349159527
893.6,12.65254653383304
893.8,14.093667903647223
894.0,12.64793681476907
894.2,13.657451809380824
894.4,13.814605439009535
894.6,13.531835009094408
894.8,14.262256781066329
895.0,12.70505045019669
895.2,14.188554542771845
895.4,14.000029420903388
895.6,14.10743701785077
895.8,12.366896066046584
896.0,15.300302575011564
896.2,15.146112543468577
896.4,14.075912007273804
896.6,12.907034038399006
896.8,11.955553512711415
897.0,12.658095713745887
897.2,13.065947659728657
897.4,12.139410712963791
897.6,12.412449443664473
897.8,11.556013116929574
898.0,11.028567169474297
898.2,10.259718754533317
898.4,11.008894061870597
898.6,11.654345362273403
898.8,11.687755228470012
899.0,11.12704223612526
899.2,10.492997818641253
899.4,10.46604994626531
899.6,10.55310846592156
899.8,10.500272343608486
900.0,11.26881407341088
900.2,11.056123638240168
900.4,10.978404385332682
900.6,11.03186321956092
900.8,12.005350328996446
901.0,13.158804380318845
901.2,15.354156748870562
901.4,13.335171148056713
901.6,13.13423734747177
901.8,13.757923161247161
902.0,13.995940815898905
902.2,13.813312908504411
902.4,14.722266026768391
902.6,14.873819870792
902.8,15.82461074217566
903.0,16.056210150688138
903.2,17.478531647525458
903.4,17.725171040445527
903.6,18.303904543100884
903.8,17.324343118673152
904.0,18.048255503274444
904.2,18.680523926177244
904.4,18.609088934880766
904.6,17.630239359560065
904.8,17.577656877803395
905.0,17.218961501181745
905.2,16.943292813936008
905.4,18.12973499152934
905.6,16.28565077267392
905.8,16.246638856196306
906.0,14.796728452717392
906.2,17.552142536215534
906.4,16.470693359757444
906.6,16.83972407172661
906.8,16.628432912600662
907.0,14.630637654805774
907.2,15.642735890640107
907.4,16.35770197855
907.6,12.028697740742576
907.8,11.885697103834346
908.0,12.100760806836618
908.2,12.14116002905614
908.4,12.88320135209997
908.6,13.729795649527667
908.8,12.53821365534791
909.0,14.0961778202545
909.2,14.837357709577056
909.4,15.228606564292253
909.6,14.415367558570324
909.8,14.49111503447594
910.0,14.036882067281514
910.2,14.658821295927932
910.4,16.700264945112057
910.6,14.96680981551814
910.8,12.952253117327814
911.0,14.931692070768907
911.2,15.717893076364023
911.4,17.0423982676512
911.6,17.4907946871885
911.8,17.01809095338038
912.0,16.023400864037754
912.2,17.565774952280023
912.4,17.417675844808464
912.6,16.634121887151984
912.8,17.645930504890707
913.0,19.017991488873275
913.2,18.089812590622664
913.4,19.615840771143638
913.6,17.31279946563261
913.8,18.066682300613234
914.0,16.19307794074851
914.2,16.25345247724645
914.4,16.72676663398875
914.6,16.154051274441944
914.8,16.249302041182894
915.0,15.484484181260338
915.2,13.682474865904366
915.4,12.501903475470183
915.6,11.456051598776293
915.8,11.707861936799242
916.0,12.481805587800892
916.2,12.452160371056657
916.4,13.288160986633422
916.6,13.52702715835957
916.8,13.300783479900318
917.0,13.596323266798864
917.2,14.30047236613281
917.4,14.28990942320066
917.6,13.787427424312126
917.8,14.530233816142339
918.0,14.825161928507512
918.2,13.92085965768782
918.4,14.582967729835872
918.6,16.24067485545439
918.8,15.120176217735615
919.0,14.724994166523695
919.2,14.384090722353942
919.4,13.931840911970315
919.6,13.500101848204984
919.8,13.123355385846263
920.0,12.956172390540273
920.2,14.17393255580694
920.4,14.985994513274273
920.6,11.403895408640519
920.8,12.251931411977806
921.0,11.940114611546463
921.2,11.071254627231644
921.4,10.967173721205183
921.6,12.082347160453681
921.8,12.445843279544171
922.0,12.56216293930143
922.2,12.874224649608195
922.4,12.857040821864874
922.6,12.997227385894677
922.8,13.073108562867137
923.0,13.363972906008929
923.2,13.444365996574781
923.4,14.11688672374336
923.6,13.00980436856303
923.8,14.674908687748857
924.0,15.989680080154479
924.2,16.142822526085908
924.4,15.890057499679378
924.6,15.62013165184531
924.8,15.588002786674974
925.0,15.73360499958559
925.2,16.04202752083665
925.4,14.386309404104473
925.6,15.36553421157957
925.8,12.584741970856205
926.0,12.940090107251926
926.2,12.916210659807206
926.4,12.95772137612162
926.6,13.87231735084378
926.8,14.319452153962791
927.0,14.22571232445712
927.2,14.932446213655364
927.4,13.634026869126876
927.6,14.431552076938146
927.8,13.33316984473829
928.0,14.18214323526306
928.2,15.2094016390406
928.4,14.749890584674256
928.6,14.058393898836494
928.8,13.412516792586564
929.0,13.783553713832081
929.2,13.971742252047365
929.4,15.878379477736475
929.6,16.56361812580894
929.8,14.923916834010582
930.0,14.290856076474533
930.2,12.950576829311778
930.4,14.1480059445472
930.6,14.482828564316176
930.8,13.257406333867657
931.0,12.097468874775771
931.2,11.467530146920868
931.4,12.392693518720288
931.6,13.29645943223598
931.8,12.564107377303419
932.0,12.07367237761497
932.2,12.639902359032329
932.4,12.812857944144064
932.6,13.257866096007627
932.8,12.423188582947763
933.0,13.181108380830818
933.2,13.209179620157936
933.4,12.254641787388126
933.6,13.574452130768815
933.8,12.025286289801025
934.0,12.956469685756272
934.2,12.602375480554782
934.4,12.229949636832732
934.6,12.571587079806637
934.8,11.943261310586928
935.0,11.180807034443244
935.2,11.379809403395296
935.4,12.190744689363084
935.6,12.968012042600849
935.8,12.651838923559446
936.0,12.939547644405158
936.2,12.584577846203494
936.4,11.590415860099572
936.6,11.79506382206448
936.8,11.671221696284418
937.0,11.062020130268877
937.2,11.026119937048884
937.4,11.401565862336216
937.6,11.3023885420446
937.8,12.593759654292565
938.0,13.504878334909243
938.2,13.453905799899289
938.4,13.967770804266806
938.6,13.323626062934595
938.8,13.933797898525848
939.0,13.472584974210143
939.2,13.072461661329314
939.4,13.686899386891003
939.6,13.383549086478526
939.8,13.14184028237199
940.0,14.672051929323132
940.2,13.10417861003404
940.4,15.038423286113181
940.6,13.179868741796197
940.8,11.846794219461357
941.0,12.492733791148684
941.2,13.168198466499248
941.4,12.682249230238796
941.6,13.99080156056379
941.8,12.398670245814877
942.0,12.536859161648486
942.2,13.430989137626367
942.4,13.436512131264823
942.6,13.14434432423543
942.8,13.45850457375743
943.0,12.189647972052713
943.2,12.344365185164675
943.4,12.87967960852372
943.6,13.21344909269911
943.8,13.650043572734079
944.0,13.658896960724258
944.2,13.77780563632161
944.4,13.941226384811491
944.6,13.472151416691053
944.8,13.020318966692965
945.0,13.049698174531558
945.2,12.993079944792827
945.4,13.133213852136942
945.6,13.198492228030744
945.8,13.88433298000503
946.0,14.185400076585866
946.2,15.122479151404118
946.4,13.951059536140239
946.6,14.36872927557947
946.8,14.980006608601323
947.0,14.243499579250546
947.2,14.309366905106932
947.4,14.68099738825212
947.6,14.52060171648283
947.8,14.767991493799439
948.0,14.828947787377869
948.2,14.10455177078897
948.4,14.044323581876883
948.6,13.497634258380124
948.8,14.044043824095114
949.0,14.373736325735605
949.2,13.012309441759184
949.4,13.665831489856604
949.6,13.115287249104679
949.8,12.384162854623963
950.0,12.121401095149647
950.2,13.055131772954983
950.4,12.038541583562933
950.6,12.566018140751801
950.8,13.821348267347027
951.0,11.638873884314842
951.2,11.56979404376437
951.4,12.291784658289245
951.6,12.375147528709096
951.8,11.812406551575057
952.0,11.63964715425771
952.2,11.847884127912952
952.4,13.26204590315818
952.6,13.301205940054373
952.8,13.87812790903913
953.0,13.7765187464441
953.2,12.56038398419474
953.4,10.650694805222876
953.6,10.797051872435443
953.8,10.567949492422862
954.0,11.117208406503199
954.2,11.724969019661685
954.4,11.91223267434274
954.6,13.211999942420888
954.8,11.789623373724666
955.0,11.88568349585125
955.2,11.37423901484998
955.4,12.554793603050385
955.6,12.368638266699865
955.8,12.904180687625676
956.0,12.109510999407085
956.2,13.183728501691444
956.4,12.617754901923472
956.6,13.132922988638091
956.8,12.198779329277052
957.0,12.576000434716502
957.2,11.274644664879949
957.4,12.000625403118041
957.6,12.494959597395903
957.8,12.849919138055085
958.0,13.320575417784706
958.2,13.337589253538491
958.4,14.110737859243121
958.6,14.935817027524067
958.8,15.027383704155303
959.0,14.25077562664088
959.2,15.150742153839627
959.4,15.333522123724855
959.6,15.12518191753258
959.8,16.32325953937902
960.0,15.766966443615738
960.2,14.627977126637582
960.4,15.681897587750235
960.6,15.027216877615828
960.8,16.603565287634904
961.0,16.634234340306676
961.2,16.953776640657328
961.4,16.1434855823595
961.6,17.274969734501827
961.8,16.855156628775486
962.0,17.108377836826282
962.2,16.197669825554485
962.4,15.981743802601862
962.6,16.436759175049925
962.8,15.212766611956445
963.0,15.552084369021031
963.2,15.560450755982455
963.4,16.10602238335095
963.6,15.315957880771142
963.8,15.03067620994978
964.0,15.214890595893797
964.2,15.252912834176104
964.4,13.867683621083547
964.6,14.33606282226332
964.8,15.399031046313063
965.0,14.840284337241037
965.2,14.868160137751993
965.4,15.598581642958901
965.6,14.14683000972026
965.8,15.42991637406638
966.0,14.551780616746564
966.2,15.815027324940152
966.4,15.89319420694082
966.6,15.459898063213517
966.8,14.26420774390239
967.0,14.419134839930411
967.2,15.467814216090908
967.4,14.809823153110823
967.6,15.14461290688024
967.8,14.886220052332245
968.0,15.523755232899457
968.2,13.73779528486635
968.4,13.227156306610482
968.6,14.017384195681124
968.8,14.22284245095264
969.0,14.852911220058584
969.2,15.439409157374355
969.4,14.231346111905674
969.6,14.800123885273354
969.8,15.579958225165305
970.0,15.753254167122732
970.2,14.517026147511096
970.4,15.751050825795534
970.6,14.7517741639583
970.8,17.280436054160933
971.0,16.662144214559206
971.2,16.95066639836316
971.4,15.505077274774209
971.6,16.505836306222992
971.8,14.726175180983322
972.0,15.809406528948578
972.2,15.704851630471268
972.4,15.171637508946109
972.6,16.50893009486878
972.8,14.832641054842128
973.0,14.5472791522379
973.2,14.694978232092717
973.4,14.407487600551136
973.6,15.960050160975378
973.8,15.959377899816822
974.0,15.60434885569686
974.2,16.33480185555498
974.4,15.393459461566154
974.6,16.164139401112628
974.8,15.91261423087589
975.0,15.251732980518684
975.2,15.128083011153223
975.4,14.686548106589289
975.6,15.50158289773028
975.8,15.653794168126165
976.0,15.871618642836447
976.2,16.11724778982476
976.4,16.21878602551729
976.6,16.158637148778894
976.8,14.350305826471404
977.0,15.269469045017408
977.2,13.95955742811507
977.4,13.228370134502063
977.6,13.356586334535532
977.8,12.810951325293301
978.0,12.846505170567319
978.2,13.242074665328186
978.4,12.683003864172477
978.6,12.302116178199327
978.8,12.677021679134928
979.0,12.793407238601354
979.2,13.613280769805087
979.4,13.936793539397197
979.6,13.851824536729948
979.8,12.977200346000133
980.0,13.280134188364467
980.2,12.040930935923129
980.4,12.837940827534426
980.6,12.847485133039488
980.8,12.438471645916415
981.0,12.981220818473837
981.2,12.427932037772585
981.4,12.790430483708946
981.6,12.318913332530846
981.8,12.184482494528266
982.0,12.208101473103063
982.2,11.209075289699264
982.4,12.623213769966164
982.6,12.106661528101977
982.8,10.874815485600974
983.0,11.597100237933958
983.2,12.459586498286988
983.4,12.5686844948888
983.6,12.193801570228352
983.8,12.696913759232595
984.0,12.26909060426215
984.2,11.983670914832734
984.4,12.442920726236483
984.6,12.45981999636562
984.8,12.180493500153384
985.0,12.11497335502671
985.2,12.565242781294925
985.4,12.459136735800469
985.6,10.897292251137966
985.8,10.678612993814893
986.0,9.856528070270054
986.2,10.161799173695767
986.4,10.63185445070334
986.6,11.140368890830308
986.8,11.31021386978722
987.0,10.672827297704
987.2,10.781160767711668
987.4,11.102321038806519
987.6,10.782011217106817
987.8,10.893866240324101
988.0,11.509459660858273
988.2,11.213074850508303
988.4,11.125693207104277
988.6,11.648742953456106
988.8,12.051953266753586
989.0,11.876676045255191
989.2,11.690636653899384
989.4,11.281544923812136
989.6,11.026528808073815
989.8,10.792362274450264
990.0,12.182714606510132
990.2,12.021486446635963
990.4,12.36155604442023
990.6,11.818465760946697
990.8,12.220806825817586
991.0,11.809371662998341
991.2,12.15870408031912
991.4,12.130178147581264
991.6,11.74244166540088
991.8,11.228724243032044
992.0,11.932955078981294
992.2,12.11801852414958
992.4,12.014046328870897
992.6,12.045538913099755
992.8,12.256845701590535
993.0,11.523488083920896
993.2,11.812483989127994
993.4,11.372187385952195
993.6,11.478047792101961
993.8,11.121710720005565
994.0,10.275262063636678
994.2,10.506743748884862
994.4,10.234109793821695
994.6,10.782643814294751
994.8,10.608325905426579
995.0,11.364910424098852
995.2,11.19637820916999
995.4,10.990064208368954
995.6,10.654929849428772
995.8,10.704762425831344
996.0,10.56090499829887
996.2,10.564537877585444
996.4,10.570124229975367
996.6,10.976054663769677
996.8,11.059137838699616
997.0,11.080148163111224
997.2,10.985722358875732
997.4,10.7257262415772
997.6,10.307185565187396
997.8,10.249960236436975
998.0,10.325738976064834
998.2,10.361404659006608
998.4,10.991832993431764
998.6,10.687933383080328
998.8,11.673988760286583
999.0,10.905322174827077
999.2,10.540003446133683
999.4,10.08933515841555
999.6,11.721582114562835
999.8,10.753040407002937
1000.0,10.43339984349631
1000.2,11.311963703005812
1000.4,12.59062226256712
1000.6,12.644864342645851
1000.8,11.656784967593655
1001.0,13.917268523913515
1001.2,13.248168606403993
1001.4,13.521587601370577
1001.6,12.527502013325263
1001.8,11.969401552488588
1002.0,12.071676657036592
1002.2,12.538224416543454
1002.4,13.946376747463427
1002.6,13.128027675564711
1002.8,13.872325847670826
1003.0,13.78812559044962
1003.2,12.705587003642286
1003.4,12.094285205069175
1003.6,11.791169394655991
1003.8,11.933482776031102
1004.0,13.541360985193105
1004.2,13.816271656736252
1004.4,13.727673270716876
1004.6,13.390135325299173
1004.8,11.97749945030269
1005.0,12.120713192747159
1005.2,11.958093288261196
1005.4,12.053831574338423
1005.6,12.023633111558835
1005.8,13.772799320092252
1006.0,12.03250930016124
1006.2,11.510190768267645
1006.4,11.950040213462687
1006.6,13.27682023402161
1006.8,14.01761628812162
1007.0,13.759883887595937
1007.2,13.563476129733626
1007.4,12.532966857583821
1007.6,10.206223316068963
1007.8,10.805763110784657
1008.0,12.928732395598617
1008.2,12.379200534385584
1008.4,14.906234010512833
1008.6,13.30932283254204
1008.8,12.633541507124349
1009.0,12.700809190233223
1009.2,12.748354774366817
1009.4,12.921364917421219
1009.6,12.756060280163846
1009.8,12.198851461972517
1010.0,12.320846669394037
1010.2,13.932685472603136
1010.4,12.615486376016658
1010.6,12.101349743219686
1010.8,12.32258985477163
1011.0,12.842904860355196
1011.2,12.150110590004564
1011.4,11.03497904289898
1011.6,12.021535458375155
1011.8,12.315090959079074
1012.0,12.10987594727763
1012.2,12.793735356763545
1012.4,12.765627071259367
1012.6,13.672428168719506
1012.8,14.335178862606234
1013.0,13.034322901617923
1013.2,12.476089862792355
1013.4,11.899618584479457
1013.6,12.81031889207776
1013.8,13.258826584443494
1014.0,13.802434122571592
1014.2,13.665301048550969
1014.4,13.820045898026079
1014.6,13.306817439826219
1014.8,14.174565629017565
1015.0,13.647136956218295
1015.2,14.006188970166724
1015.4,14.95367085432351
1015.6,13.880500974244626
1015.8,13.634034442084067
1016.0,13.616922108525738
1016.2,13.375424080324468
1016.4,13.865621697973898
1016.6,13.06210735756816
1016.8,13.423501904159234
1017.0,11.711385049148703
1017.2,12.337586129346159
1017.4,13.089059188798426
1017.6,13.49304179587142
1017.8,13.724969134268543
1018.0,13.988177185124382
1018.2,14.77314996541988
1018.4,14.873250189685933
1018.6,15.23046066446643
1018.8,13.950501681923361
1019.0,14.557855197472623
1019.2,13.443030818239228
1019.4,13.647313640437233
1019.6,14.012344861349039
1019.8,13.784463002271025
1020.0,14.749799282711074
1020.2,13.504685469003409
1020.4,13.519466724082132
1020.6,13.044052791469277
1020.8,12.387547434779094
1021.0,12.487996069923025
1021.2,12.687242763132755
1021.4,13.720771347384611
1021.6,14.332967465082824
1021.8,13.262024912509167
1022.0,13.293917150286621
1022.2,13.78517689166432
1022.4,13.398123192615905
1022.6,13.039248166197526
1022.8,12.978838348290305
1023.0,13.45184219947788
1023.2,12.219900044067675
1023.4,12.135038609886307
1023.6,11.825714087238739
1023.8,13.53559749470236
1024.0,11.800662831087756
1024.2,12.89070210742115
1024.4,11.811581106722315
1024.6,11.567447481339382
1024.8,10.79421795014856
1025.0,11.32207429743061
1025.2,13.80596938732339
1025.4,14.509811563771297
1025.6,13.749774317558828
1025.8,13.784993853293573
1026.0,15.024655739920815
1026.2,14.42954739416246
1026.4,13.528411831398124
1026.6,14.052909212585252
1026.8,13.592270157876584
1027.0,13.222927404129038
1027.2,13.523712267781761
1027.4,13.017412318176952
1027.6,13.69330348556127
1027.8,15.038199772054782
1028.0,15.350002618745863
1028.2,15.386466744093251
1028.4,13.878710387633069
1028.6,16.220173379481256
1028.8,15.135456067117211
1029.0,12.290455935362647
1029.2,13.080153438379263
1029.4,12.729706092127957
1029.6,10.491211475492355
1029.8,10.482482359047712
1030.0,10.050331452694174
1030.2,11.079181552939904
1030.4,10.909632830774258
1030.6,11.326872713909793
1030.8,10.998362561066932
1031.0,10.152422983001951
1031.2,10.651665710939218
1031.4,11.31158616098261
1031.6,12.995179552626169
1031.8,12.016121078237592
1032.0,12.142992951613113
1032.2,12.059792766447385
1032.4,13.056555236531418
1032.6,13.431505930451335
1032.8,13.078047982903172
1033.0,13.35349856958244
1033.2,12.65756280391454
1033.4,11.345497066706242
1033.6,12.070284681252112
1033.8,12.478550258088031
1034.0,11.943085156867514
1034.2,11.808642542922808
1034.4,12.770944682766794
1034.6,13.103116738361486
1034.8,12.326351949492267
1035.0,14.018468079018405
1035.2,14.805663947747403
1035.4,14.37266210292811
1035.6,14.520881869355266
1035.8,13.934024023442657
1036.0,14.140822727666652
1036.2,13.677782139998806
1036.4,12.273343588396093
1036.6,13.07678929131418
1036.8,13.86741242504426
1037.0,12.168976997323655
1037.2,12.62325697093857
1037.4,13.29836145935004
1037.6,13.571789130406586
1037.8,12.709965788799346
1038.0,12.450435974807206
1038.2,13.08814293916313
1038.4,13.525916833378695
1038.6,14.54459684790481
1038.8,13.9905867949482
1039.0,13.411216855286414
1039.2,12.242469483192691
1039.4,13.17150250845282
1039.6,13.863256408237593
1039.8,13.509781852099803
1040.0,13.107863799913325
1040.2,12.408656275906418
1040.4,12.187036072882494
1040.6,13.342669010170155
1040.8,13.286205153082701
1041.0,12.929097586440859
1041.2,13.45186407012051
1041.4,13.150544840783613
1041.6,13.494078441800418
1041.8,13.945862672163843
1042.0,13.172943099236335
1042.2,13.151649558517962
1042.4,12.3209326094385
1042.6,12.27610570445767
1042.8,13.463014126574828
1043.0,13.377478648085695
1043.2,13.154334896500046
1043.4,12.790842679195478
1043.6,12.795744006087904
1043.8,13.280959758820394
1044.0,13.571623385354844
1044.2,12.070374297884449
1044.4,12.146108880893244
1044.6,11.871387371816436
1044.8,13.368963619544914
1045.0,12.464040664619509
1045.2,12.24137526829721
1045.4,13.77616849829651
1045.6,14.455892494963072
1045.8,14.090127274823903
1046.0,15.7249483651018
1046.2,15.173085907002461
1046.4,14.638117824832227
1046.6,14.150920812207472
1046.8,14.836863216239406
1047.0,14.400862881247312
1047.2,14.683168572371525
1047.4,13.227881247671256
1047.6,16.456041821205872
1047.8,16.949674553608205
1048.0,17.160630978337387
1048.2,17.443331481584522
1048.4,15.923082686702951
1048.6,15.211103153834332
1048.8,15.322298546974839
1049.0,14.069575732227491
1049.2,13.409285457437763
1049.4,13.602230685656881
1049.6,13.29695394975211
1049.8,12.399524548256167
1050.0,11.524295321762887
1050.2,11.708805327262082
1050.4,11.770297742599357
1050.6,13.528174276161927
1050.8,13.832424998384914
1051.0,15.161140990502131
1051.2,15.750314737438824
1051.4,15.206541909216023
1051.6,13.984435904272294
1051.8,13.389609285684138
1052.0,13.421882927569946
1052.2,14.020100213066337
1052.4,12.917638194742779
1052.6,13.92959690093769
1052.8,14.682204774217748
1053.0,14.976474112054497
1053.2,15.369768650640449
1053.4,12.967457980795142
1053.6,13.280348080388409
1053.8,14.108198551765309
1054.0,13.989427523813205
1054.2,12.791625932520251
1054.4,13.635612352685504
1054.6,11.769870691437765
1054.8,12.388296835956382
1055.0,11.073990974612242
1055.2,10.998185602465018
1055.4,12.841276004613707
1055.6,12.019919977725102
1055.8,11.360022882264838
1056.0,12.286494254303406
1056.2,12.771674835825337
1056.4,14.43896622399559
1056.6,13.164276327243641
1056.8,12.127722104326018
1057.0,12.483105025460869
1057.2,13.115154890593567
1057.4,12.76804316855258
1057.6,12.912506060887914
1057.8,13.90562016419838
1058.0,12.554619519779088
1058.2,12.175951058171432
1058.4,12.855406304880383
1058.6,11.99430340992236
1058.8,12.631024286524664
1059.0,12.45058931440602
1059.2,12.110046324039095
1059.4,12.117273035245448
1059.6,11.297131425195357
1059.8,12.724991174975264
1060.0,12.106966326253952
1060.2,12.214318948063136
1060.4,12.459037688571525
1060.6,14.023408544485873
1060.8,15.628092909368984
1061.0,17.03779149057634
1061.2,14.509668141961143
1061.4,15.218359578142914
1061.6,15.987085633322023
1061.8,14.364590262597599
1062.0,13.005644154405708
1062.2,12.447097301882444
1062.4,13.34721107428988
1062.6,13.273261067318732
1062.8,15.676315506342766
1063.0,17.00955106769429
1063.2,15.729720302342017
1063.4,16.081964380547717
1063.6,16.36734919992423
1063.8,15.905306077889122
1064.0,15.957280040672678
1064.2,14.424266757559998
1064.4,16.109150998768634
1064.6,14.644631931902492
1064.8,14.208502346268721
1065.0,15.143006576672748
1065.2,14.380543659405795
1065.4,15.61552125901978
1065.6,15.733443800341016
1065.8,14.744554756877612
1066.0,16.213813338176056
1066.2,15.201362668405316
1066.4,14.385027469873355
1066.6,13.352244332465034
1066.8,16.040919720891146
1067.0,17.32954387089305
1067.2,14.956388646293384
1067.4,16.21040488531897
1067.6,15.012367394271282
1067.8,14.045616300914105
1068.0,15.026590456567266
1068.2,14.519125009268096
1068.4,15.296447114879594
1068.6,14.766548098140774
1068.8,15.339986250195247
1069.0,13.54280712143513
1069.2,14.384559265991184
1069.4,14.292304703634017
1069.6,13.164992588029428
1069.8,13.384651359925172
1070.0,13.955268805861268
1070.2,14.567629878415689
1070.4,13.768251124543836
1070.6,14.080781572346392
1070.8,12.41755264078594
1071.0,13.272345161429023
1071.2,12.427863787224727
1071.4,12.659146193742487
1071.6,12.873115859762805
1071.8,11.178585221110547
1072.0,11.743745703965933
1072.2,10.675669174599973
1072.4,10.845050383258943
1072.6,10.283987321724108
1072.8,11.074856209843276
1073.0,11.631672795485784
1073.2,13.449957069410479
1073.4,12.900531124398471
1073.6,12.75092372902649
1073.8,12.67792828648211
1074.0,12.94102520041541
1074.2,13.523968660206432
1074.4,13.783012067164346
1074.6,14.168228025562499
1074.8,13.669559928655977
1075.0,14.472318944208302
1075.2,13.044714333282101
1075.4,13.762142152315457
1075.6,12.86572171944445
1075.8,12.196556204578247
1076.0,12.90359630155725
1076.2,13.110316228698334
1076.4,12.278851454512958
1076.6,10.534223296504564
1076.8,10.6598718712727
1077.0,10.869320241691756
1077.2,10.877916951112887
1077.4,12.747327738986922
1077.6,11.471162053332291
1077.8,12.174226429135315
1078.0,12.003065188219818
1078.2,11.33529133747977
1078.4,10.627238864562223
1078.6,10.625221001869336
1078.8,10.13492763490807
1079.0,9.806467856790707
1079.2,10.019323363202075
1079.4,10.25616564193636
1079.6,10.952084626812454
1079.8,10.777484376817322
1080.0,11.388663383169655
1080.2,11.353795715142772
1080.4,11.58411832772674
1080.6,12.186653993305558
1080.8,11.908675687589916
1081.0,11.548927182904416
1081.2,11.361036600874364
1081.4,11.230275727205719
1081.6,11.564162120505944
1081.8,11.590904379909517
1082.0,11.19258279409449
1082.2,11.263360918146997
1082.4,11.679542337179669
1082.6,12.119124309407797
1082.8,12.71703426411233
1083.0,11.688569492549629
1083.2,11.999755394494695
1083.4,11.586977464739727
1083.6,11.209489759054534
1083.8,10.63920294250929
1084.0,11.963845174397004
1084.2,11.483992330363792
1084.4,11.494540761671537
1084.6,11.44425663318228
1084.8,12.102765787771165
1085.0,12.200236390994474
1085.2,11.756883619772712
1085.4,11.318544987307128
1085.6,11.21912649950204
1085.8,11.51731535683582
1086.0,11.739086155928401
1086.2,12.360551541190517
1086.4,11.752496568598925
1086.6,12.304431577745355
1086.8,11.035259053454123
1087.0,11.075759639828519
1087.2,11.36778782711372
1087.4,11.540257767550129
1087.6,12.058853508987074
1087.8,11.955353513448191
1088.0,11.540279468857477
1088.2,11.150622529635623
1088.4,11.2298928678391
1088.6,11.289640982718085
1088.8,12.203635621688571
1089.0,13.221451747156214
1089.2,13.086961256386155
1089.4,14.503003793028954
1089.6,13.095922663229214
1089.8,11.361082718075146
1090.0,11.648099989716517
1090.2,11.28376515718818
1090.4,10.521674712608691
1090.6,10.726252523131315
1090.8,10.83174830519172
1091.0,9.594073427060835
1091.2,9.942734507646563
1091.4,9.801713095601162
1091.6,9.362553276214408
1091.8,9.055585827959705
1092.0,9.219174127275869
1092.2,9.692232310871919
1092.4,9.619506935398022
1092.6,9.310101729676294
1092.8,9.086125431755024
1093.0,9.494183808944129
1093.2,9.50596645833225
1093.4,9.438797266770202
1093.6,9.715931493739703
1093.8,10.120632239968025
1094.0,10.265574302988156
1094.2,10.160798551420207
1094.4,10.124794618300966
1094.6,10.482214325104401
1094.8,10.163326106478936
1095.0,10.165345240782788
1095.2,10.209480436783009
1095.4,10.229839253174742
1095.6,9.676013597724621
1095.8,9.987869186302973
1096.0,10.137473551998564
1096.2,9.673058056373915
1096.4,9.964454294441236
1096.6,9.882581594787114
1096.8,9.42823609828314
1097.0,9.936206337255138
1097.2,9.692748797003553
1097.4,9.578852079826632
1097.6,9.269544053340526
1097.8,8.93285680288125
1098.0,9.287543786363683
1098.2,9.542443463385768
1098.4,9.295861420495822
1098.6,9.555095618268762
1098.8,9.386810324359075
1099.0,9.33678755940452
1099.2,9.017918808031641
1099.4,8.848088594219282
1099.6,8.715463223186104
1099.8,9.470107598957295
1100.0,9.279222221921092
1100.2,9.89601487455943
1100.4,9.669712616582363
1100.6,9.352587787809728
1100.8,9.568497565968823
1101.0,9.295669977565277
1101.2,9.593719141034972
1101.4,9.534633637045696
1101.6,9.261559927454483
1101.8,9.67738912384587
1102.0,9.682024631563745
1102.2,9.602040951744215
1102.4,9.508849170522073
1102.6,9.72780832123685
1102.8,9.71019124935365
1103.0,9.737493200763348
1103.2,9.494782118600305
1103.4,9.998497385428621
1103.6,9.23833389792069
1103.8,9.371749183117117
1104.0,9.26838230990533
1104.2,9.916963866296495
1104.4,9.682977586353935
1104.6,9.306592795605885
1104.8,9.013081132604373
1105.0,9.549544482683705
1105.2,9.069941350234119
1105.4,8.988612972891074
1105.6,9.565974862291684
1105.8,9.68492754782893
1106.0,9.814492481199636
1106.2,9.543963133212149
1106.4,9.571498045388275
1106.6,9.274311987073592
1106.8,9.482341709048093
1107.0,9.682960163620445
1107.2,9.715232258318578
1107.4,9.781809240884735
1107.6,9.86484858079206
1107.8,9.73803493031621
1108.0,9.749461553579607
1108.2,9.878027658445683
1108.4,10.287659512406185
1108.6,10.027259855767435
1108.8,10.515675097823312
1109.0,9.775407337582411
1109.2,9.671048912830528
1109.4,10.165129149984732
1109.6,10.60948977025101
1109.8,10.247181253578578
1110.0,10.183279383107758
1110.2,10.315055898954386
1110.4,10.524094474684166
1110.6,10.396407134412147
1110.8,10.004292091870788
1111.0,10.571221465098144
1111.2,10.60526943359314
1111.4,10.501364717835354
1111.6,9.846121786453047
1111.8,9.752066361730032
1112.0,10.003496862334675
1112.2,9.642153257485642
1112.4,10.259373717709465
1112.6,9.808272388435746
1112.8,10.135568799126988
1113.0,9.605006813637702
1113.2,9.472941641622771
1113.4,9.762039766896576
1113.6,9.829677385789093
1113.8,9.974740922837128
1114.0,10.009406795964463
1114.2,9.93459712899989
1114.4,10.121491636686443
1114.6,10.536221386024886
1114.8,9.970769427441002
1115.0,10.071268298941824
1115.2,9.695733651336425
1115.4,9.686404202794176
1115.6,10.091485225910692
1115.8,10.181774144651675
1116.0,9.930309036541882
1116.2,9.654826299429633
1116.4,9.763263298003782
1116.6,10.214146539635449
1116.8,10.205685906490498
1117.0,9.882320985466466
1117.2,10.127295687561242
1117.4,9.44708428431828
1117.6,9.64263739244948
1117.8,9.303145878430609
1118.0,10.129521737924097
1118.2,10.089116902657643
1118.4,10.080192195967578
1118.6,9.606932946100141
1118.8,10.08127857095313
1119.0,9.41994401339079
1119.2,10.068966055832608
1119.4,9.805074743293536
1119.6,10.104858674975015
1119.8,9.513341883679296
1120.0,9.661310515153716
1120.2,9.704953602638653
1120.4,9.540718512834458
1120.6,9.566172014745757
1120.8,9.599977173377722
1121.0,9.777420900622765
1121.2,9.337447919216803
1121.4,9.795245926015513
1121.6,10.161559794492588
1121.8,9.904451143810922
1122.0,9.89415412280623
1122.2,9.912842382109252
1122.4,9.704197943069774
1122.6,9.771535458920633
1122.8,9.85499092032603
1123.0,10.372150016975063
1123.2,9.858476391099828
1123.4,9.86584184910336
1123.6,10.07271912064573
1123.8,10.275183941020527
1124.0,10.481070602207241
1124.2,10.355941193187991
1124.4,10.431028365015822
1124.6,10.520240512344284
1124.8,10.16470463441742
1125.0,9.866260875140382
1125.2,9.921131100692829
1125.4,9.444563897434453
1125.6,9.517934516926154
1125.8,9.958536446773467
1126.0,10.059741608911686
1126.2,9.697718939063739
1126.4,9.817392862538249
1126.6,10.405655253388357
1126.8,10.220494637614765
1127.0,9.717259935171228
1127.2,9.457526582677232
1127.4,9.567855619181051
1127.6,9.571024829305072
1127.8,9.675653183091118
1128.0,9.737978337341321
1128.2,9.872587869547646
1128.4,9.752559265197574
1128.6,9.777387407019402
1128.8,10.00650154574579
1129.0,9.943217846035413
1129.2,9.708467358360641
1129.4,10.110274724352347
1129.6,9.734695659847851
1129.8,9.62832712804478
1130.0,9.733320604281705
1130.2,9.990836611550149
1130.4,10.010412971365772
1130.6,10.885358778671987
1130.8,10.069962633888803
1131.0,10.257749640481105
1131.2,10.12575664753381
1131.4,10.66338745251257
1131.6,11.04042930890483
1131.8,10.460161234670158
1132.0,10.134579015968825
1132.2,10.62021542184115
1132.4,10.189592455538621
1132.6,10.480502616849336
1132.8,10.33520765795734
1133.0,10.025757308477267
1133.2,9.786657456624635
1133.4,9.934996743688934
1133.6,10.736329965930206
1133.8,10.840628376645274
1134.0,10.695847407480558
1134.2,10.521269078965872
1134.4,10.507616707222173
1134.6,10.672930997017946
1134.8,10.4253261640735
1135.0,10.419642409118392
1135.2,10.544353247174847
1135.4,10.324101623211682
1135.6,9.686275764981122
1135.8,9.827074562579968
1136.0,10.503840500162703
1136.2,10.011189024359329
1136.4,10.100354173682389
1136.6,9.95392931403102
1136.8,10.184958796573815
1137.0,10.138384471138659
1137.2,9.861664832051042
1137.4,10.123928672021503
1137.6,10.100542746441779
1137.8,10.127998573609986
1138.0,10.152395647666976
1138.2,10.104353649495861
1138.4,9.762414565285905
1138.6,10.298373054818287
1138.8,10.424199340923002
1139.0,10.496651281577055
1139.2,10.011117715724945
1139.4,10.654337834908532
1139.6,10.304779573313771
1139.8,10.722089816804885
1140.0,10.434498262055424
1140.2,10.525835664940903
1140.4,10.879440126466148
1140.6,10.279554965215725
1140.8,10.26259050650957
1141.0,10.45243002627905
1141.2,10.624601090725491
1141.4,10.195702532169094
1141.6,10.38755949409861
1141.8,10.048771695316805
1142.0,10.179303753124643
1142.2,10.272242517117142
1142.4,10.232172567432773
1142.6,10.563982318641054
1142.8,11.4957781225799
1143.0,10.457048710166823
1143.2,11.251912081742319
1143.4,10.783394208474837
1143.6,11.10041880599504
1143.8,12.125138089964274
1144.0,12.86995365193857
1144.2,11.224680762831419
1144.4,11.207231407710935
1144.6,12.824731529223508
1144.8,12.074414688420658
1145.0,12.528727885971403
1145.2,11.105416724692944
1145.4,11.656049332126685
1145.6,12.846941265183373
1145.8,12.299933476919627
1146.0,12.055295916985305
1146.2,11.91839220267806
1146.4,11.311912451039486
1146.6,11.555876081985394
1146.8,11.496056650682283
1147.0,10.681185801051974
1147.2,11.369237042817659
1147.4,11.273858486430395
1147.6,10.977654184687665
1147.8,11.796832212723771
1148.0,10.378486181768329
1148.2,9.975566755364527
1148.4,10.21961101539081
1148.6,10.271325948382103
1148.8,10.591836187436606
1149.0,10.026047650283802
1149.2,10.134536628549103
1149.4,10.295364514417663
1149.6,10.324707834984627
1149.8,10.557551165793766
1150.0,10.859553111092437
1150.2,10.466578883401647
1150.4,10.187436290732348
1150.6,10.5798487319473
1150.8,11.127072036356658
1151.0,10.90337593294549
1151.2,11.641254562403487
1151.4,10.537719166670865
1151.6,11.199945214701778
1151.8,10.777946870986856
1152.0,11.138873795397185
1152.2,11.920473463757329
1152.4,12.133574007094643
1152.6,12.88373879153733
1152.8,12.784426793477213
1153.0,12.415040774732722
1153.2,11.382752399936429
1153.4,11.325513933286487
1153.6,10.86512007368306
1153.8,10.800844348363261
1154.0,11.766019672373602
1154.2,12.053791342410886
1154.4,12.943435682806905
1154.6,11.668769583482725
1154.8,11.957195417962216
1155.0,12.081754322367706
1155.2,11.409586463075811
1155.4,11.443352471600921
1155.6,12.215172862493336
1155.8,11.621422118601917
1156.0,11.176510126607786
1156.2,10.922752546240119
1156.4,11.3117338112108
1156.6,11.578602233624135
1156.8,11.219783385062902
1157.0,11.077142944044535
1157.2,11.055702195803633
1157.4,11.2326207982357
1157.6,11.288799360667927
1157.8,11.102288922552397
1158.0,12.482622813847286
1158.2,11.970768013190483
1158.4,11.412082288621582
1158.6,10.873364197291531
1158.8,11.636882750020987
1159.0,13.326214746951305
1159.2,12.673511925616847
1159.4,12.694070937026865
1159.6,11.954704600680827
1159.8,12.74710079363256
1160.0,13.21414333957498
1160.2,12.60312139084752
1160.4,14.701505578954778
1160.6,16.057477398973184
1160.8,17.779033551720907
1161.0,14.9307753854825
1161.2,16.2400557045584
1161.4,17.540949984491398
1161.6,18.491789829346857
1161.8,18.788984698762924
1162.0,19.088788634572627
1162.2,19.364613000014824
1162.4,18.88404098371851
1162.6,16.904371480621194
1162.8,15.784989425750311
1163.0,16.651798967375203
1163.2,17.27299359956599
1163.4,17.92851683199507
1163.6,17.945510242835518
1163.8,17.656319687185654
1164.0,18.01764226613563
1164.2,17.914355843377145
1164.4,17.57099477140192
1164.6,16.80029873757132
1164.8,17.359598811347063
1165.0,17.675542695788124
1165.2,17.426913950964174
1165.4,18.1751984233632
1165.6,17.70041729980312
1165.8,16.578317065046384
1166.0,17.535516173002915
1166.2,16.076113114412497
1166.4,17.27684889023138
1166.6,15.76160035181297
1166.8,15.79690016523545
1167.0,17.835866556631505
1167.2,17.854425750519365
1167.4,19.594822307895306
1167.6,18.574041510297377
1167.8,17.42974146941486
1168.0,19.181747493707086
1168.2,17.45641519518778
1168.4,16.95017689156822
1168.6,15.354691940279766
1168.8,16.553837582640263
1169.0,16.63270373218573
1169.2,16.67553785181255
1169.4,17.447539002474105
1169.6,17.520120674909023
1169.8,17.622489492813273
1170.0,16.91642564798052
1170.2,17.831741074657007
1170.4,16.348450001810694
1170.6,14.655149592667714
1170.8,13.497989937492683
1171.0,12.910444613451117
1171.2,13.526373085625128
1171.4,15.560297746502146
1171.6,13.91445311066678
1171.8,13.976100707893952
1172.0,13.18384638369424
1172.2,13.15278831167937
1172.4,14.675872326785317
1172.6,13.86237399640214
1172.8,14.470241348445027
1173.0,14.345475866461271
1173.2,15.206257837425971
1173.4,15.081165552924231
1173.6,16.46399733007807
1173.8,17.74460074038489
1174.0,16.590282837768594
1174.2,17.05179386833287
1174.4,15.352708868585303
1174.6,17.34543744957926
1174.8,16.310468994654375
1175.0,15.965091885225217
1175.2,16.283810455188267
1175.4,17.610164005991912
1175.6,17.42988587039506
1175.8,15.8754851920155
1176.0,17.38385775789543
1176.2,18.77634651636044
1176.4,19.20548957648356
1176.6,19.414366264571928
1176.8,18.577941457675657
1177.0,18.052189204055516
1177.2,18.18422992536543
1177.4,17.57508393325352
1177.6,17.579138439266856
1177.8,17.717847598457336
1178.0,18.66910645509242
1178.2,19.137965558006943
1178.4,17.45811601474705
1178.6,18.284672805368846
1178.8,19.580854171977396
1179.0,19.826294580843793
1179.2,20.708041683325465
1179.4,18.318798075204434
1179.6,18.380565154144506
1179.8,18.198293961883873
1180.0,19.678732993644907
1180.2,19.14914584756854
1180.4,17.9121634688094
1180.6,18.455295058612876
1180.8,17.510069406623558
1181.0,17.72660504669982
1181.2,19.382601452298204
1181.4,20.36696154807864
1181.6,20.375790571469715
1181.8,19.420083386526844
1182.0,20.871163648480504
1182.2,18.605222183416092
1182.4,18.100310047837667
1182.6,17.75641341077886
1182.8,16.77023515143915
1183.0,16.259879893652652
1183.2,17.391037552978446
1183.4,15.915908134336277
1183.6,17.690031235111682
1183.8,19.292908814436384
1184.0,18.522240037159303
1184.2,15.469255972644703
1184.4,16.35257306905248
1184.6,15.285340552667435
1184.8,14.524695064018786
1185.0,15.596139910165657
1185.2,16.140068522398366
1185.4,15.953142254133365
1185.6,15.685972741226347
1185.8,15.31785492436631
1186.0,14.836608905426516
1186.2,15.416325760901138
1186.4,14.698410773076402
1186.6,14.895684148062758
1186.8,12.787493013454405
1187.0,13.351658467895348
1187.2,14.321854794467832
1187.4,13.298612435864491
1187.6,13.573304031279497
1187.8,14.391917565912419
1188.0,13.350392170861863
1188.2,13.3967280687435
1188.4,13.093613332354915
1188.6,14.000155544237888
1188.8,13.719897400726396
1189.0,14.305064235578698
1189.2,13.34999659193999
1189.4,14.061886413892793
1189.6,12.890313007604288
1189.8,12.267091145173355
1190.0,12.952358503432244
1190.2,12.56920781181335
1190.4,12.889973467927716
1190.6,12.308652365351202
1190.8,13.032633771351348
1191.0,12.786362260898835
1191.2,14.274927569213444
1191.4,15.3752953629844
1191.6,15.786068721729238
1191.8,16.342436350205002
1192.0,18.019928494853872
1192.2,17.216926699482467
1192.4,17.589343017083653
1192.6,18.083174925606148
1192.8,16.995336934583783
1193.0,17.40821557669151
1193.2,15.440942183786762
1193.4,15.141368470070324
1193.6,15.534695416897499
1193.8,16.67362955003484
1194.0,14.493439090534462
1194.2,12.883759191014574
1194.4,12.278547121714752
1194.6,14.023544513569009
1194.8,14.617580618184308
1195.0,14.92869875210219
1195.2,15.705105412414522
1195.4,16.498012341101308
1195.6,16.942916174605077
1195.8,19.227052853410974
1196.0,17.776138178945892
1196.2,17.325392888450214
1196.4,18.24341780555609
1196.6,17.623576078860317
1196.8,18.91147570122421
1197.0,19.333579210735515
1197.2,18.744213670295032
1197.4,19.753022469295722
1197.6,20.085470739988004
1197.8,17.00662249031913
1198.0,16.92913262889255
1198.2,15.676875605840044
1198.4,14.213051273827087
1198.6,15.698810227578438
1198.8,15.434668560675764
1199.0,14.19130339970816
1199.2,15.111558842064634
1199.4,14.575405979544975
1199.6,15.77871157307315
1199.8,16.421262677315756
1200.0,14.547525390791618
1200.2,15.529981073407322
1200.4,15.982055104830037
1200.6,14.799661071408607
1200.8,15.033748252661885
1201.0,15.011647110209672
1201.2,15.818915145276723
1201.4,16.59404039941672
1201.6,17.223107428370326
1201.8,16.85689441288399
1202.0,15.67351546653095
1202.2,15.837142543197542
1202.4,15.049711533881133
1202.6,15.280473519495798
1202.8,15.398180762887792
1203.0,14.652284893014865
1203.2,14.623370974654419
1203.4,14.271345510085542
1203.6,14.561171854958168
1203.8,13.89515906444204
1204.0,13.244824030910745
1204.2,13.16217592594677
1204.4,12.346635962659418
1204.6,13.092415085116617
1204.8,15.041259080950617
1205.0,14.254412358601593
1205.2,15.096189375486286
1205.4,18.33210670844679
1205.6,18.604363271624706
1205.8,16.337792324329456
1206.0,15.469587563229437
1206.2,16.33312255416406
1206.4,17.15292526623757
1206.6,17.89377958405685
1206.8,17.954423784943746
1207.0,16.993010870641054
1207.2,16.584078520079622
1207.4,17.879279580200638
1207.6,18.377293665426503
1207.8,18.270844612197678
1208.0,18.14112572583224
1208.2,18.100850637311353
1208.4,17.47553534463595
1208.6,16.99422242461847
1208.8,17.5796760156199
1209.0,15.775835970458408
1209.2,16.707327353752383
1209.4,17.460127059248897
1209.6,18.420905061795946
1209.8,17.578164951964276
1210.0,19.459763783286366
1210.2,18.014207572532904
1210.4,19.611610234049266
1210.6,18.762754819836406
1210.8,18.32358550687604
1211.0,17.718949633573267
1211.2,17.91178129313506
1211.4,18.461862341259465
1211.6,18.209051508411925
1211.8,16.205746653339443
1212.0,19.90904777945657
1212.2,18.219453099350808
1212.4,18.055519544100008
1212.6,18.97623528851408
1212.8,18.637999862779473
1213.0,20.214237027259692
1213.2,18.525228053919097
1213.4,17.987135562553924
1213.6,19.840588323449502
1213.8,18.525130156709974
1214.0,17.301888134290593
1214.2,16.828583049254206
1214.4,17.01371226930549
1214.6,16.513416133613088
1214.8,14.937797633399398
1215.0,14.694642311600921
1215.2,14.435454888215332
1215.4,16.588871980988866
1215.6,15.380104833953332
1215.8,14.814122041803248
1216.0,16.0712967365682
1216.2,14.543756935965037
1216.4,14.130304163744666
1216.6,14.087850415297634
1216.8,15.464388046778506
1217.0,15.694867208987674
1217.2,15.167175038176012
1217.4,14.513705635286465
1217.6,14.58694800742198
1217.8,15.969224876140187
1218.0,16.99013945314057
1218.2,16.226643156753862
1218.4,17.358952668431378
1218.6,16.405330803360656
1218.8,15.298081793844364
1219.0,15.709567222089637
1219.2,18.074219282461286
1219.4,17.450387195041294
1219.6,17.102961614673188
1219.8,17.429362501870965
1220.0,17.097155453304772
1220.2,17.708865997697792
1220.4,16.594222099906155
1220.6,15.686615788840054
1220.8,17.049634712912134
1221.0,15.223055256983306
1221.2,15.05033026713881
1221.4,14.553970900037443
1221.6,14.61439981250555
1221.8,15.615544515871411
1222.0,14.436894260628826
1222.2,13.362050903383771
1222.4,14.26783633852182
1222.6,14.07505620755642
1222.8,14.707967589651368
1223.0,15.264976448115494
1223.2,15.098475928611578
1223.4,14.37952472117942
1223.6,15.286194020932646
1223.8,14.019787964047792
1224.0,13.210002170803126
1224.2,13.410589253503726
1224.4,13.56545805194852
1224.6,13.715166844730618
1224.8,14.169322144429184
1225.0,15.080451813086015
1225.2,15.289758645079454
1225.4,15.200524034258523
1225.6,14.758322606662574
1225.8,14.125410379976586
1226.0,12.414718470319599
1226.2,14.427928840155495
1226.4,14.184130235261723
1226.6,14.726530402523615
1226.8,13.859307115989296
1227.0,12.734059420980259
1227.2,13.635840075508492
1227.4,13.044494475316421
1227.6,12.432330780985426
1227.8,13.386569261268937
1228.0,14.712500943751012
1228.2,14.467669581127993
1228.4,14.170942457310797
1228.6,13.649231887065941
1228.8,13.661968693604493
1229.0,14.33472913972575
1229.2,13.770007973198764
1229.4,14.09033381851682
1229.6,13.53955715195644
1229.8,12.615496490447404
1230.0,13.020838947073198
1230.2,13.540715910771956
1230.4,13.59788125929657
1230.6,14.037354748132744
1230.8,13.38029181888616
1231.0,14.248995359778739
1231.2,13.907251771405697
1231.4,13.732253054964122
1231.6,12.748887961466677
1231.8,12.13573279793675
1232.0,12.468096400284965
1232.2,12.283969210451183
1232.4,11.921370986871887
1232.6,12.99858113024067
1232.8,12.211774982100058
1233.0,11.53418274383496
1233.2,12.595203429289402
1233.4,12.06573907172966
1233.6,11.65388953551118
1233.8,11.518632509896925
1234.0,10.945649988788304
1234.2,11.90219708946062
1234.4,12.325767579161056
1234.6,12.842095586935443
1234.8,12.61337175286711
1235.0,12.125326274993053
1235.2,11.430766121971896
1235.4,11.598977438040126
1235.6,12.076981416161857
1235.8,12.07883306136132
1236.0,12.075113947965367
1236.2,12.391749955236229
1236.4,12.172764840655141
1236.6,10.79640439109988
1236.8,11.277172398429197
1237.0,11.45906228523935
1237.2,11.173017758815524
1237.4,10.23567968374785
1237.6,10.251302158288084
1237.8,11.674553954201052
1238.0,11.251840097098384
1238.2,11.665886398611212
1238.4,11.571621270841026
1238.6,11.396818659320566
1238.8,12.244885858016394
1239.0,11.883589754243118
1239.2,11.606960649228501
1239.4,12.316534630948672
1239.6,13.193654880289817
1239.8,11.733581911250202
1240.0,12.62403443825162
1240.2,12.24767008167655
1240.4,12.749611780607573
1240.6,11.846274192454814
1240.8,12.731720685611752
1241.0,13.68576238102259
1241.2,14.430430567230797
1241.4,13.232657462934478
1241.6,13.424607218284761
1241.8,12.45231504403241
1242.0,12.027024395305707
1242.2,12.04185088079129
1242.4,12.454927277684135
1242.6,12.949433488833497
1242.8,11.138923143047101
1243.0,12.62094217822746
1243.2,11.568606048380406
1243.4,11.920897442167018
1243.6,11.996692750471682
1243.8,11.292774273656088
1244.0,12.500569920872323
1244.2,12.491633499723896
1244.4,14.363070337686061
1244.6,13.723431499040512
1244.8,14.156799149032906
1245.0,12.974432286632911
1245.2,12.77246368843401
1245.4,12.747156506140518
1245.6,12.562216525414375
1245.8,12.102244959956813
1246.0,13.327128499765193
1246.2,14.521355049070861
1246.4,13.47791783512622
1246.6,14.27678543118273
1246.8,13.709517779405937
1247.0,12.858912601591035
1247.2,13.9056099903046
1247.4,13.989002349157577
1247.6,13.414105109141257
1247.8,13.375914284151671
1248.0,12.312102831037507
1248.2,12.047399185592365
1248.4,12.852156692299413
1248.6,14.042046595147198
1248.8,13.848075827025943
1249.0,13.731133271064326
1249.2,13.325334040987114
1249.4,13.271105800794327
1249.6,13.391410728235662
1249.8,13.458573532378374
1250.0,14.737896619393096
1250.2,13.83930829105781
1250.4,11.985325956883546
1250.6,11.925682456659379
1250.8,11.98292174310302
1251.0,11.657388717502604
1251.2,12.462046671075653
1251.4,12.28532997620307
1251.6,11.799898202805895
1251.8,12.714391168164518
1252.0,12.604198599037764
1252.2,14.020068427760204
1252.4,13.929987930367533
1252.6,13.938866607839932
1252.8,13.424904719662425
1253.0,13.443379677656932
1253.2,12.910656252914672
1253.4,13.94927113063038
1253.6,12.782276221601753
1253.8,12.455173589834196
1254.0,13.37158616019279
1254.2,12.916204794445873
1254.4,13.435481176212281
1254.6,12.158065570418968
1254.8,13.371706649563691
1255.0,12.284696984961974
1255.2,12.969892137907927
1255.4,12.431463571795469
1255.6,11.898753386670219
1255.8,13.427336544594116
1256.0,14.893538292261066
1256.2,14.708607446471262
1256.4,13.193838240419417
1256.6,13.83868092449848
1256.8,13.692856113560394
1257.0,13.82094342282283
1257.2,14.220561683431658
1257.4,15.739258105927455
1257.6,14.706330714651425
1257.8,15.116242146687505
1258.0,14.891359017128243
1258.2,13.658752964856864
1258.4,12.744081476081671
1258.6,12.982315010039917
1258.8,15.2118049734368
1259.0,13.95493132046722
1259.2,14.766724203643102
1259.4,15.010615323205808
1259.6,13.278616886750044
1259.8,13.035557142648944
1260.0,13.016910607209889
1260.2,13.635489228730664
1260.4,14.16656998043209
1260.6,14.242019502077419
1260.8,15.067699337518242
1261.0,16.152511284088177
1261.2,15.853482055556292
1261.4,13.5351298879153
1261.6,13.90573917382923
1261.8,14.839827785509957
1262.0,14.700105398764675
1262.2,14.833180311066341
1262.4,13.223352792242821
1262.6,13.323329732146183
1262.8,13.479492258915247
1263.0,13.696911473460622
1263.2,14.855366924336453
1263.4,15.381090298432047
1263.6,14.42472540507326
1263.8,16.851853437787774
1264.0,15.972825426359492
1264.2,15.83771389842887
1264.4,16.090979188694146
1264.6,17.225525321994578
1264.8,16.245519432254156
1265.0,14.829274745734647
1265.2,15.747613807483097
1265.4,15.093787886033045
1265.6,14.867965752036504
1265.8,15.103342251256768
1266.0,13.801055665213624
1266.2,13.495906954942097
1266.4,12.705818341771256
1266.6,12.366166091530594
1266.8,12.583279230324107
1267.0,11.445502315227634
1267.2,12.354106273039516
1267.4,12.308719682211894
1267.6,13.10370169435883
1267.8,13.346638559932305
1268.0,12.54371400953642
1268.2,13.661936456166186
1268.4,14.438308423785172
1268.6,13.99170356827248
1268.8,14.638471060306193
1269.0,13.250905216223307
1269.2,13.94202155967726
1269.4,13.174704715412354
1269.6,13.582364393773588
1269.8,14.288312338419475
1270.0,13.785981159933758
1270.2,14.193285213288432
1270.4,12.741875065195998
1270.6,12.70987419839158
1270.8,14.847770874149099
1271.0,12.926244926865289
1271.2,13.688080517495358
1271.4,14.590248528996863
1271.6,15.503254924345729
1271.8,13.893722183447004
1272.0,12.934848525904812
1272.2,14.437004979070904
1272.4,14.074546915037319
1272.6,12.989137098059931
1272.8,14.778085861984923
1273.0,15.44456330195753
1273.2,15.292070903294032
1273.4,15.900623115454774
1273.6,15.47376150745859
1273.8,14.707528017071157
1274.0,16.156116366940477
1274.2,15.182501153043557
1274.4,15.197234436309962
1274.6,15.23609544243322
1274.8,15.718233695880441
1275.0,15.726597420402253
1275.2,15.445170226965415
1275.4,14.337477379548407
1275.6,13.841754904544208
1275.8,13.521330738491837
1276.0,13.377416345290339
1276.2,13.437810892184224
1276.4,14.810473981126698
1276.6,14.80674018368296
1276.8,15.43674998789202
1277.0,13.549135975496544
1277.2,14.122022358041917
1277.4,14.737520946296957
1277.6,15.635520949827983
1277.8,14.264076751972834
1278.0,15.436842245432965
1278.2,15.4613950768133
1278.4,16.531300601051615
1278.6,15.761418329481085
1278.8,16.611507053698723
1279.0,16.09655069379514
1279.2,16.384259032765705
1279.4,16.31180461986443
1279.6,13.867082958083728
1279.8,14.813906918762651
1280.0,13.851200930595276
1280.2,13.828048866159303
1280.4,14.301607583519292
1280.6,13.925267691032378
1280.8,14.521288582400498
1281.0,13.682312963920493
1281.2,14.055926617202214
1281.4,15.508545089802933
1281.6,16.56309679928605
1281.8,17.12822283739358
1282.0,16.613461094705364
1282.2,16.354311244160687
1282.4,14.776770511346102
1282.6,14.182871440911292
1282.8,15.419193067779632
1283.0,12.337304138126493
1283.2,14.255171986275357
1283.4,15.034738238233142
1283.6,14.111470510270843
1283.8,14.899888340624472
1284.0,15.423513473901494
1284.2,16.73763517795677
1284.4,14.718418350928122
1284.6,15.114612570079336
1284.8,15.167664516551573
1285.0,15.23615051140892
1285.2,15.19270275672498
1285.4,15.240846652268786
1285.6,16.14579961954991
1285.8,15.34456350725791
1286.0,16.617735423383134
1286.2,14.47825595566246
1286.4,15.562910147215616
1286.6,15.3340378450231
1286.8,16.41434877875972
1287.0,15.743421321789874
1287.2,16.010573712859152
1287.4,16.594595400862485
1287.6,14.810399821687366
1287.8,17.31542557268554
1288.0,17.367441668531814
1288.2,17.7723282330427
1288.4,16.77638422851638
1288.6,15.80320049156818
1288.8,15.174803831744793
1289.0,16.056002222693103
1289.2,17.222684732355088
1289.4,16.50143229642486
1289.6,16.974883042974515
1289.8,17.70836789933041
1290.0,15.233049428608275
1290.2,12.859453401381822
1290.4,12.862655487101371
1290.6,12.98189080894896
1290.8,15.004435597048115
1291.0,13.28103434933108
1291.2,13.820792462213658
1291.4,11.640267383815928
1291.6,11.042058708567918
1291.8,12.53233727551352
1292.0,13.190285357531204
1292.2,13.893259854699728
1292.4,14.006198814938248
1292.6,15.784132275483188
1292.8,15.227940034100303
1293.0,17.60163194650998
1293.2,16.902095099535188
1293.4,15.482946102948725
1293.6,15.864025852690386
1293.8,15.344563292157918
1294.0,16.327459238161993
1294.2,16.538738030292198
1294.4,16.16380357328676
1294.6,14.510357232073543
1294.8,14.287894047933564
1295.0,14.261710199290787
1295.2,14.105484263886234
1295.4,15.054297549138628
1295.6,16.778996974644514
1295.8,17.330270939327363
1296.0,15.764728946183709
1296.2,14.754107991755152
1296.4,15.467261136170588
1296.6,15.313431281608077
1296.8,15.468450556038778
1297.0,13.753520137531876
1297.2,13.495533386235664
1297.4,12.97147210763546
1297.6,10.970143772180203
1297.8,13.549903939397556
1298.0,14.095478094673876
1298.2,13.85332384265017
1298.4,13.221035290223398
1298.6,14.29797318845708
1298.8,15.18506400222103
1299.0,14.836795755605651
1299.2,15.030703532945642
1299.4,14.546278285119069
1299.6,15.535776535796685
1299.8,14.615161528762165
1300.0,15.947561622819391
1300.2,14.931821133912631
1300.4,15.888655092626678
1300.6,15.522586996275152
1300.8,16.208512833400004
1301.0,13.469592690691437
1301.2,12.145245537991796
1301.4,12.415660887451082
1301.6,12.205276833227654
1301.8,11.44758393936089
1302.0,11.889607585753868
1302.2,12.755321769665775
1302.4,11.989490979030235
1302.6,10.404465138192581
1302.8,10.417308344080425
1303.0,10.067792254249397
1303.2,10.619898120800402
1303.4,11.367800778606334
1303.6,10.90423850305318
1303.8,12.646245668615215
1304.0,11.862533533206303
1304.2,11.549318480551989
1304.4,11.836996077743464
1304.6,11.495610293014426
1304.8,11.414623154017914
1305.0,11.058399135710042
1305.2,11.549680787887013
1305.4,11.442895482162374
1305.6,10.454569695343173
1305.8,10.695861027010586
1306.0,11.429946881720113
1306.2,11.626800089042606
1306.4,12.44775380282449
1306.6,11.235915397197164
1306.8,11.985393277500542
1307.0,12.345940151786488
1307.2,14.602419486571343
1307.4,15.433809840710321
1307.6,17.009436497516756
1307.8,16.231555518427328
1308.0,16.44744543981663
1308.2,16.546561492311216
1308.4,15.951100474588873
1308.6,16.07067498695637
1308.8,18.18675160714324
1309.0,17.588954372684398
1309.2,17.52853087559814
1309.4,17.409899226904674
1309.6,16.51368361244752
1309.8,15.739282439003805
1310.0,15.193313127334102
1310.2,16.684030758320507
1310.4,14.862812289024081
1310.6,16.061687344923897
1310.8,16.359028098208842
1311.0,16.953095949936458
1311.2,14.254590140199968
1311.4,14.937268315479935
1311.6,16.445960179653923
1311.8,16.27006660568959
1312.0,16.502806697139242
1312.2,15.668798465861443
1312.4,14.85665655090652
1312.6,14.496410188376693
1312.8,15.938448819248514
1313.0,15.628600120427826
1313.2,16.893340598004375
1313.4,16.527952426672627
1313.6,15.899535536984718
1313.8,14.615813915329824
1314.0,14.814733142562632
1314.2,16.300283957845902
1314.4,16.002041269333127
1314.6,16.438466491688825
1314.8,18.936420453763006
1315.0,18.365179663389384
1315.2,18.481289470900006
1315.4,19.30738817878476
1315.6,16.722541874602907
1315.8,16.94897492199587
1316.0,18.881372849040158
1316.2,17.033178405557553
1316.4,16.96867562327132
1316.6,17.2968824728421
1316.8,18.677730107338235
1317.0,18.694930793185314
1317.2,17.80601342635766
1317.4,19.266605941501037
1317.6,16.741831350193415
1317.8,17.40251821676493
1318.0,18.803223589568795
1318.2,18.445227914421665
1318.4,18.240954863930806
1318.6,17.63780122228182
1318.8,15.779936587974275
1319.0,17.47885073105806
1319.2,16.195298427305556
1319.4,16.855258915677467
1319.6,15.662625076566211
1319.8,15.943917093447643
1320.0,16.72545711787312
1320.2,16.258238700103153
1320.4,15.484869612286875
1320.6,14.610861587837272
1320.8,12.844465553537363
1321.0,13.454914656713214
1321.2,14.726631552256011
1321.4,17.928891275498042
1321.6,15.870512628170761
1321.8,16.17501608965482
1322.0,14.196020851994788
1322.2,15.34634712376336
1322.4,14.219691816567488
1322.6,13.503523715591765
1322.8,13.245525534004532
1323.0,13.109110310414806
1323.2,13.66682537856435
1323.4,13.825834803427085
1323.6,13.952930334031663
1323.8,13.13449827515025
1324.0,14.720964924757304
1324.2,13.539053145230252
1324.4,13.840284040597446
1324.6,12.720897862701657
1324.8,12.866122446778833
1325.0,13.248327450051127
1325.2,12.658338091208726
1325.4,11.409430792827003
1325.6,12.082834697121738
1325.8,11.834124508095101
1326.0,11.901622687210459
1326.2,11.96611916046991
1326.4,11.973400033927694
1326.6,12.188718982731261
1326.8,10.927596153053262
1327.0,10.414489261853872
1327.2,11.01208685697971
1327.4,10.564559258936413
1327.6,9.736858481462157
1327.8,10.34898808227775
1328.0,10.406059093440426
1328.2,10.09163706091334
1328.4,9.889950135412294
1328.6,10.096234013397623
1328.8,10.076063258350196
1329.0,9.473648078689887
1329.2,9.762886577550155
1329.4,10.029195145461845
1329.6,9.393088648996724
1329.8,10.062999744059427
1330.0,10.167958822372585
1330.2,10.409957046580425
1330.4,9.994650651524355
1330.6,10.068723352911233
1330.8,9.617776224202146
1331.0,9.735351436556538
1331.2,10.03161825246723
1331.4,9.782437698296022
1331.6,9.867344144310229
1331.8,10.073143392818604
1332.0,9.851866745833842
1332.2,9.911913884446511
1332.4,9.847377644703322
1332.6,9.738906325064935
1332.8,9.989385532139206
1333.0,10.259784240627068
1333.2,9.838804985724
1333.4,10.681901929853703
1333.6,10.103645345498576
1333.8,9.944766627397195
1334.0,10.307082706258084
1334.2,10.525596307799843
1334.4,10.26985843742745
1334.6,10.416251842889759
1334.8,10.252635353697006
1335.0,10.432906328391024
1335.2,10.788396081321865
1335.4,11.044490946359844
1335.6,10.534971998337252
1335.8,10.225198463140664
1336.0,10.99392058492331
1336.2,11.206447293877284
1336.4,11.09816318621184
1336.6,10.734682016107088
1336.8,10.763543076698836
1337.0,10.030741197961046
1337.2,9.791541452244738
1337.4,10.357740937340951
1337.6,10.689722090548058
1337.8,9.675458395009029
1338.0,9.878071221623633
1338.2,9.116498067353387
1338.4,9.80606970792832
1338.6,9.68139996888483
1338.8,9.38792841708299
1339.0,9.070921553402464
1339.2,9.47630893453572
1339.4,9.687187405627622
1339.6,9.801536018243112
1339.8,9.556658117076463
1340.0,9.325593972419725
1340.2,9.516124777675138
1340.4,9.67107426846357
1340.6,9.444014306815872
1340.8,9.972079762934383
1341.0,10.169958233603335
1341.2,10.201409781007245
1341.4,10.224623777782327
1341.6,10.515310272290638
1341.8,10.91625564258207
1342.0,10.81399262438622
1342.2,10.482765348302987
1342.4,10.956218951709323
1342.6,10.881988182819612
1342.8,10.572119174647476
1343.0,11.128697478519026
1343.2,10.354435069728412
1343.4,10.652293007907419
1343.6,10.76578300977712
1343.8,10.890484653140508
1344.0,11.209277426928516
1344.2,11.98456109928528
1344.4,11.187915252121051
1344.6,10.968616481684307
1344.8,10.757240736626253
1345.0,11.220960935327879
1345.2,11.80240596366173
1345.4,11.975680985023589
1345.6,10.920536431315712
1345.8,11.884878671082571
1346.0,10.921144065700013
1346.2,11.343218517708742
1346.4,11.207104897761583
1346.6,10.075826066660571
1346.8,11.097353440782861
1347.0,10.85778165521991
1347.2,11.188145370991071
1347.4,11.497900335261821
1347.6,11.271634005098258
1347.8,11.444021995602062
1348.0,11.24195171780971
1348.2,11.025778280466525
1348.4,11.040093052606995
1348.6,10.838520413291537
1348.8,11.420022174037642
1349.0,10.660701806887129
1349.2,10.999915171120666
1349.4,10.807062059796325
1349.6,10.857123770390764
1349.8,10.902298625979252
1350.0,10.913755036037358
1350.2,10.661431000241159
1350.4,10.906923882580621
1350.6,10.957826856683237
1350.8,10.844598899303339
1351.0,11.108008391549177
1351.2,10.888864719386337
1351.4,10.640449579473085
1351.6,10.806640027730817
1351.8,10.684954545742967
1352.0,10.804501727079378
1352.2,11.425749586111333
1352.4,10.454619058634343
1352.6,10.777797348913406
1352.8,11.067793372657793
1353.0,11.228289691490485
1353.2,11.054867820338108
1353.4,11.058085266791768
1353.6,11.142827211275478
1353.8,11.25891932259508
1354.0,10.802701567133735
1354.2,10.85550234668937
1354.4,10.27944808981709
1354.6,11.005047688756653
1354.8,12.256994231103565
1355.0,11.701321487491693
1355.2,11.205557789668097
1355.4,11.332972206499132
1355.6,11.209946026395505
1355.8,11.376740615446948
1356.0,10.437108724142394
1356.2,10.873101447850695
1356.4,11.049193013211243
1356.6,10.867561128672794
1356.8,10.271634701535316
1357.0,10.153306693537319
1357.2,10.31428294985719
1357.4,10.189898980886408
1357.6,10.810100550889397
1357.8,10.740752541493638
1358.0,11.590515731081243
1358.2,11.398320760445575
1358.4,11.279845279718131
1358.6,11.299060842844707
1358.8,11.470731489149692
1359.0,10.291146111181648
1359.2,10.210755068139733
1359.4,10.766258148717526
1359.6,10.374470126385676
1359.8,10.587049654348931
1360.0,10.974213407651938
1360.2,10.839776341632541
1360.4,10.08218282927974
1360.6,10.395024936308149
1360.8,10.09308783711441
1361.0,10.349413652450071
1361.2,10.15221549394964
1361.4,10.439718288238915
1361.6,10.026632666668934
1361.8,9.996090236086383
1362.0,10.028404561325852
1362.2,11.151562571847817
1362.4,11.231229720124142
1362.6,10.883829174537993
1362.8,10.144482337363993
1363.0,10.306321610825949
1363.2,10.206299736401158
1363.4,10.176175862663674
1363.6,9.699902330637823
1363.8,9.693474770494658
1364.0,9.938048606423141
1364.2,10.899585564979029
1364.4,10.746146612051051
1364.6,11.464926146173681
1364.8,10.38081922807882
1365.0,10.2666274341979
1365.2,10.164968268116791
1365.4,10.211230438230787
1365.6,10.00803363300835
1365.8,10.526379088255535
1366.0,10.865564715118444
1366.2,10.178900534567248
1366.4,10.284250853553381
1366.6,10.767544747880661
1366.8,10.030954306968926
1367.0,9.988958903338512
1367.2,10.008607553819502
1367.4,10.85711598174525
1367.6,10.756962804806495
1367.8,10.155470752543113
1368.0,10.250040644596549
1368.2,10.121924860523869
1368.4,10.191402246292341
1368.6,10.01855630925068
1368.8,9.887673224368351
1369.0,9.914207830073677
1369.2,9.843165143953419
1369.4,9.916710747087343
1369.6,9.812733154580794
1369.8,10.52316367148995
1370.0,10.398629293962436
1370.2,10.607492774813483
1370.4,11.016068616650772
1370.6,11.159721442395034
1370.8,11.214114978360994
1371.0,10.91739629276448
1371.2,10.743913260615184
1371.4,10.205375741561596
1371.6,10.849958474685888
1371.8,10.680733158576308
1372.0,10.363601064553832
1372.2,10.790738110497987
1372.4,10.41768324096015
1372.6,10.467131420963563
1372.8,10.24285807703994
1373.0,9.880295083898007
1373.2,9.856155642972572
1373.4,10.1095880428647
1373.6,10.110182503642516
1373.8,9.614009946912375
1374.0,9.716246437851618
1374.2,9.513120065535816
1374.4,9.67959231108429
1374.6,8.715427629321209
1374.8,9.148617340213127
1375.0,9.279319867018417
1375.2,9.140190230648534
1375.4,9.152645118865255
1375.6,9.368438554410583
1375.8,9.66163696577977
1376.0,9.861356646997367
1376.2,9.322074869323295
1376.4,9.720575878150534
1376.6,10.038739363157358
1376.8,9.61767839765127
1377.0,9.923482940262868
1377.2,10.304618377585292
1377.4,9.94834009263058
1377.6,9.830989543514649
1377.8,9.847036618838565
1378.0,10.087398713980257
1378.2,10.252727668903987
1378.4,10.104809781998656
1378.6,9.950707196392711
1378.8,10.345533643021605
1379.0,10.212331429045378
1379.2,10.340053924603986
1379.4,10.096227692931667
1379.6,9.974444241545694
1379.8,9.729389890440046
1380.0,10.028438438887799
1380.2,9.892042708711612
1380.4,9.729252512558759
1380.6,10.413699647829894
1380.8,9.966568496149517
1381.0,10.113501253424328
1381.2,10.052212304743707
1381.4,10.119564243827474
1381.6,10.220537627202317
1381.8,10.028017599052458
1382.0,9.900997771363393
1382.2,9.625906903751316
1382.4,9.807562652548002
1382.6,9.991888355011229
1382.8,9.696892964686487
1383.0,9.495592665025915
1383.2,9.540333946763587
1383.4,9.427709793387901
1383.6,9.546112868991631
1383.8,9.708697424093625
1384.0,9.921500590173453
1384.2,9.689933780272135
1384.4,10.094310422143252
1384.6,9.791521318685865
1384.8,10.069704854369402
1385.0,9.945707771629896
1385.2,9.917131629394415
1385.4,10.000486060245992
1385.6,10.061627263984636
1385.8,9.705080080097613
1386.0,9.794453264690578
1386.2,9.555992057040942
1386.4,10.25686518411387
1386.6,10.266249714155071
1386.8,10.567743112265948
1387.0,9.804113975370361
1387.2,9.668634060842344
1387.4,9.657051260718122
1387.6,9.59698655925895
1387.8,9.49651656389041
1388.0,9.517831081239688
1388.2,10.536134222147096
1388.4,10.136095625179788
1388.6,10.290850801467359
1388.8,10.044391409511528
1389.0,10.629196437533583
1389.2,10.82939690594883
1389.4,10.190580721774358
1389.6,9.994104746436442
1389.8,9.030453566876144
1390.0,9.77744178863421
1390.2,9.67658422986554
1390.4,10.248769430738406
1390.6,10.61117554230231
1390.8,10.79491603480476
1391.0,10.83677817016688
1391.2,10.89352736477419
1391.4,10.700624737564885
1391.6,10.347771767423614
1391.8,10.91994992455147
1392.0,10.53616792712954
1392.2,10.836589841065631
1392.4,10.364426752318035
1392.6,10.663078822901145
1392.8,11.151006225166196
1393.0,11.303163608690385
1393.2,10.83170310399819
1393.4,10.975785559861183
1393.6,11.117696343339603
1393.8,11.544553082685074
1394.0,11.139928136903379
1394.2,11.469855338548314
1394.4,11.588394631680272
1394.6,12.331950444246848
1394.8,12.027601597063429
1395.0,11.488903758734514
1395.2,11.247758322462376
1395.4,11.56257767927909
1395.6,10.901158844660518
1395.8,10.72141017541041
1396.0,11.56857341028646
1396.2,11.248312460933274
1396.4,12.733580665810578
1396.6,13.662415979720969
1396.8,12.83304908160635
1397.0,12.62755457573191
1397.2,10.846141461877357
1397.4,11.6446941362028
1397.6,11.875486360658801
1397.8,11.511739165491218
1398.0,11.919958534468103
1398.2,11.914480802459945
1398.4,10.426968972224088
1398.6,10.360602613622362
1398.8,11.042859394920676
1399.0,11.65912734920859
1399.2,11.310858916554364
1399.4,11.357247391905412
1399.6,11.694208335710421
1399.8,12.402735289091517
1400.0,11.522002506112894
1400.2,12.169338364847132
1400.4,12.629533240757937
1400.6,13.729944759060217
1400.8,14.073574420773848
1401.0,13.339549836805144
1401.2,14.169906341357235
1401.4,13.566827778664605
1401.6,14.249554025514668
1401.8,14.238367767613752
1402.0,14.903595946642508
1402.2,15.177350123338833
1402.4,14.305494536492349
1402.6,13.742066921595255
1402.8,13.35315644099252
1403.0,13.032942664015138
1403.2,12.986138412205255
1403.4,12.494919907734083
1403.6,12.507928759340954
1403.8,13.327554905030148
1404.0,12.845170560829933
1404.2,12.636287041112128
1404.4,13.17373127385095
1404.6,13.975143935694598
1404.8,12.77536093300978
1405.0,12.944206552165426
1405.2,12.307744322207713
1405.4,12.092550963519773
1405.6,11.927713883874647
1405.8,10.994055182832248
1406.0,11.04109520000925
1406.2,11.081252980529444
1406.4,10.724445780454932
1406.6,10.480239795429547
1406.8,11.969985181876886
1407.0,11.842911162802817
1407.2,12.418500803916475
1407.4,12.334160254444535
1407.6,11.182054990746767
1407.8,10.933741126920085
1408.0,11.395534900892459
1408.2,11.340440008268434
1408.4,12.33770832720725
1408.6,13.575682754687827
1408.8,12.323548406071199
1409.0,13.123963986240156
1409.2,13.655459985351472
1409.4,13.274530316923867
1409.6,13.990137637520162
1409.8,14.074947587893776
1410.0,14.18583939374807
1410.2,14.168215453009477
1410.4,14.206301431319464
1410.6,13.633246872678788
1410.8,13.568121887196957
1411.0,13.753060786495759
1411.2,13.347865583333064
1411.4,13.734190603537822
1411.6,13.477382361821014
1411.8,12.428749232589254
1412.0,12.522133475521589
1412.2,13.560749400360205
1412.4,12.45831128628213
1412.6,12.971154570286235
1412.8,14.192503458683985
1413.0,14.180450440594662
1413.2,12.810452560002224
1413.4,12.730625298754251
1413.6,12.68881144833529
1413.8,12.044478004983931
1414.0,12.1317155019319
1414.2,12.131745522146382
1414.4,12.83512478885754
1414.6,13.645005972209432
1414.8,13.304686110645607
1415.0,13.442839538936841
1415.2,12.942448096867949
1415.4,12.88814450662489
1415.6,13.038963574595074
1415.8,12.131359984216248
1416.0,12.273686857752404
1416.2,12.63040507297279
1416.4,12.471428141108325
1416.6,13.634967636340669
1416.8,14.282234651351624
1417.0,14.51766649933518
1417.2,14.187306533875093
1417.4,15.04825204609489
1417.6,15.341619421124674
1417.8,14.142052798263958
1418.0,14.229189039851718
1418.2,14.38121348164129
1418.4,15.387310285159488
1418.6,15.014298077387306
1418.8,13.910335103907979
1419.0,14.033728027673593
1419.2,14.214457171597621
1419.4,14.839516263904677
1419.6,15.259539859648097
1419.8,13.852772137416228
1420.0,14.678636942271527
1420.2,14.906077556868231
1420.4,15.654885578116652
1420.6,14.32252547564955
1420.8,16.147612741200213
1421.0,16.18873854199756
1421.2,16.155982680724094
1421.4,18.0456269445531
1421.6,17.33009004223152
1421.8,19.31402875277691
1422.0,19.159329622437454
1422.2,16.830044015484503
1422.4,17.241791274028945
1422.6,17.54809234799842
1422.8,17.52431670895955
1423.0,17.367701465634077
1423.2,16.593938967464553
1423.4,16.388859540237664
1423.6,15.955714241603365
1423.8,18.379439978857796
1424.0,18.71764265987231
1424.2,18.191343163131716
1424.4,17.513702143582538
1424.6,17.303650313484134
1424.8,18.351462370962924
1425.0,17.62295985922238
1425.2,19.129391441853986
1425.4,18.297419410811447
1425.6,17.772587602628928
1425.8,17.62479724703544
1426.0,17.09776965911848
1426.2,18.350815851810033
1426.4,17.921640076139894
1426.6,16.823688031387626
1426.8,15.631789131278941
1427.0,15.803026258400099
1427.2,17.055973143943653
1427.4,17.93419882674254
1427.6,16.698909553901245
1427.8,16.012998620294677
1428.0,16.987774189127713
1428.2,15.265778068102179
1428.4,16.83188690917509
1428.6,17.80737881521794
1428.8,17.993455794037324
1429.0,17.328652886505196
1429.2,16.99911025545778
1429.4,16.793221842304764
1429.6,16.27087707441406
1429.8,16.414082814200068
1430.0,16.333123829696927
1430.2,17.32570928016391
1430.4,16.784889198761682
1430.6,18.216861016443634
1430.8,18.013428988745776
1431.0,16.650308445415845
1431.2,17.062267280343047
1431.4,18.025387389086795
1431.6,17.22795919181872
1431.8,18.28579538410242
1432.0,18.746010151130076
1432.2,15.260687157089833
1432.4,15.315056597505972
1432.6,14.84290680870243
1432.8,14.272450428149439
1433.0,13.885092812507176
1433.2,16.551362441650248
1433.4,16.963567996396446
1433.6,14.803332988586831
1433.8,14.945089180354055
1434.0,14.95517251330597
1434.2,13.785306655667265
1434.4,15.41222432676623
1434.6,14.767552327631726
1434.8,16.32603031814145
1435.0,14.952317344605085
1435.2,15.75704994026479
1435.4,17.225428415635943
1435.6,15.081842495615849
1435.8,15.732695835588062
1436.0,18.625983291952476
1436.2,17.994991969934716
1436.4,18.060987621450515
1436.6,15.846820759379028
1436.8,15.370409567083483
1437.0,15.40585180027374
1437.2,14.4478538744718
1437.4,14.54207793319335
1437.6,15.413441761302725
1437.8,16.166535146935935
1438.0,17.52650225713908
1438.2,16.908905167007042
1438.4,17.330751909665196
1438.6,16.743573066901455
1438.8,17.116399718727052
1439.0,18.002601729618753
1439.2,17.690585338338465
1439.4,16.167769778702787
1439.6,16.363078973210317
1439.8,14.678579014467026
1440.0,14.85441512280129
1440.2,15.46581040154244
1440.4,15.492431258886796
1440.6,15.96787784908548
1440.8,15.28443237710578
1441.0,14.679083974768991
1441.2,14.064220945975556
1441.4,13.66876992403119
1441.6,13.459773190232614
1441.8,15.02425877978419
1442.0,16.99538274335653
1442.2,17.000251196962633
1442.4,16.861630132107237
1442.6,16.26525155508651
1442.8,15.428378640852644
1443.0,15.643940960439664
1443.2,14.883336266174645
1443.4,14.310758002150244
1443.6,13.885772894381924
1443.8,15.18316141101084
1444.0,15.43054133415637
1444.2,15.896075366027976
1444.4,14.585291126391676
1444.6,13.589432307985119
1444.8,12.76265635174174
1445.0,13.30662895958426
1445.2,14.008629821169352
1445.4,13.296214336121622
1445.6,13.152815864588202
1445.8,11.214833578906628
1446.0,11.416122090758044
1446.2,10.748791644930423
1446.4,11.559651007693617
1446.6,11.781932937941066
1446.8,10.51491469276813
1447.0,10.170116580824729
1447.2,10.462243557762054
1447.4,10.660031154351852
1447.6,10.537422989993237
1447.8,11.25079725578159
1448.0,10.860867708230277
1448.2,10.167125052044181
1448.4,10.901052622166098
1448.6,11.122943675507218
1448.8,10.687893549500538
1449.0,10.49840578185831
1449.2,11.880244414458838
1449.4,13.988682012776618
1449.6,13.47665173800001
1449.8,13.617089514090207
1450.0,14.811158021855897
1450.2,15.243648853708741
1450.4,16.4979533967298
1450.6,15.543810513302208
1450.8,15.986332390623923
1451.0,17.93514591634232
1451.2,17.1016366531848
1451.4,15.9733676093898
1451.6,17.04567553694282
1451.8,16.862611723405053
1452.0,16.29862203225233
1452.2,16.510793134430067
1452.4,15.878834746352075
1452.6,16.103206301508884
1452.8,17.362464089853347
1453.0,17.180788173160636
1453.2,15.845562070181948
1453.4,15.395892549215674
1453.6,15.469596603830214
1453.8,16.236855028463594
1454.0,17.36747369338294
1454.2,15.798645953303138
1454.4,16.550634997544762
1454.6,16.923688976530528
1454.8,16.59012867284234
1455.0,16.677366907623803
1455.2,16.604612040384772
1455.4,16.49153178311604
1455.6,14.932771422598663
1455.8,14.345605549832444
1456.0,13.988869915204114
1456.2,15.260978241837664
1456.4,15.155220148204396
1456.6,13.261192470155143
1456.8,14.738150792666511
1457.0,14.966373626148098
1457.2,16.246533505387266
1457.4,14.527245700491079
1457.6,15.823362380688447
1457.8,15.774682417180689
1458.0,14.896716977527193
1458.2,13.223994699410413
1458.4,13.94415208861181
1458.6,14.053732213327986
1458.8,13.105685618208362
1459.0,13.444228735088648
1459.2,13.877090246584416
1459.4,13.510683323090174
1459.6,13.294730514219662
1459.8,13.370538585194137
1460.0,13.39089756231017
1460.2,12.94060943172685
1460.4,13.10781104830124
1460.6,14.124845466901972
1460.8,14.632022629536765
1461.0,13.961087602995851
1461.2,13.587294436461566
1461.4,15.199933519840606
1461.6,13.430953562525836
1461.8,13.851799324819908
1462.0,13.764739660591736
1462.2,12.75699986938912
1462.4,14.129351619077395
1462.6,13.53150908578257
1462.8,12.697349042120925
1463.0,13.0529814351159
1463.2,12.562790521668585
1463.4,12.257055096316034
1463.6,11.609722563384048
1463.8,12.499300328167047
1464.0,11.701550280081165
1464.2,12.274288489789221
1464.4,12.264542413465032
1464.6,11.399462617076628
1464.8,11.507193396094568
1465.0,11.887019307993235
1465.2,12.462150342552594
1465.4,13.119719332728872
1465.6,12.61192782699609
1465.8,12.17735972464655
1466.0,12.800726924643424
1466.2,13.919023446660791
1466.4,13.45719157183945
1466.6,14.789346561889323
1466.8,14.896381320992669
1467.0,13.710591930926698
1467.2,13.998224382207663
1467.4,15.654405129767607
1467.6,14.853522011875546
1467.8,12.142238021891945
1468.0,11.975678044826868
1468.2,14.204416030959074
1468.4,13.835444900855755
1468.6,13.211894581185938
1468.8,12.695519959230575
1469.0,12.58128248312304
1469.2,13.114951269978658
1469.4,12.656917736006786
1469.6,12.493983206714123
1469.8,11.30517728014418
1470.0,11.24844847854167
1470.2,10.479889895582282
1470.4,11.281481121454211
1470.6,11.110013710482953
1470.8,10.68224169915723
1471.0,11.54005801831718
1471.2,10.780091735218535
1471.4,12.04931700852015
1471.6,11.481884498221769
1471.8,11.408097726010482
1472.0,11.98435806353394
1472.2,11.756399405389452
1472.4,12.200298936175395
1472.6,12.502380274661895
1472.8,11.368502568503448
1473.0,11.576017078868205
1473.2,11.465314044778827
1473.4,11.9016900496538
1473.6,11.617710416761275
1473.8,11.710731833052755
1474.0,11.313032645236952
1474.2,11.748569478022642
1474.4,11.795067176838874
1474.6,12.007107298609895
1474.8,12.319926812952133
1475.0,12.942885457216155
1475.2,13.546389806151588
1475.4,12.245085968980865
1475.6,13.425855365578034
1475.8,13.322728629118421
1476.0,12.416996217914015
1476.2,12.758408565101444
1476.4,12.502432464134191
1476.6,13.27238750949316
1476.8,14.441282567890934
1477.0,13.410313202069734
1477.2,13.398795606515325
1477.4,13.6317864712091
1477.6,14.025397819487882
1477.8,12.928375881446648
1478.0,13.570492474935342
1478.2,13.630235326752151
1478.4,13.871925285667073
1478.6,12.609831739906001
1478.8,13.392517562257996
1479.0,14.184746721515554
1479.2,13.37046050430139
1479.4,12.626267875089264
1479.6,11.756122387574079
1479.8,12.835296768902982
1480.0,13.299044747340172
1480.2,12.883471084696813
1480.4,12.282547505576726
1480.6,13.245657695813733
1480.8,12.607535422549054
1481.0,11.524943427855103
1481.2,10.39575659093794
1481.4,9.953587463790623
1481.6,10.717557698231857
1481.8,10.967896223878595
1482.0,11.100663508384702
1482.2,11.904612623658043
1482.4,10.374232897817045
1482.6,11.237578028193457
1482.8,13.122399911685115
1483.0,12.937552821120018
1483.2,12.220923376815723
1483.4,11.601348886944464
1483.6,10.922784493914294
1483.8,12.902732053959367
1484.0,11.95908585875558
1484.2,13.492081768746061
1484.4,13.476721556794352
1484.6,11.250094471916416
1484.8,10.411858255413618
1485.0,10.379480999438734
1485.2,10.495523635756935
1485.4,10.139850652303315
1485.6,10.803222646011916
1485.8,10.363162450037871
1486.0,10.956659204202301
1486.2,10.565511217099125
1486.4,11.15515313406828
1486.6,12.178894814409496
1486.8,11.289210663499528
1487.0,11.75945598800437
1487.2,11.882821734664429
1487.4,11.714736563091224
1487.6,11.813385400319664
1487.8,11.406342590393932
1488.0,11.310278859037552
1488.2,12.057659057807458
1488.4,12.305070964345786
1488.6,11.940972754467456
1488.8,11.279693833333184
1489.0,12.036563878654391
1489.2,11.417396703221392
1489.4,11.04863080168002
1489.6,11.979303081390515
1489.8,12.237708228577194
1490.0,12.811553001652614
1490.2,12.033816615942673
1490.4,11.36284626593524
1490.6,11.98242722607674
1490.8,12.176145371892854
1491.0,11.494731746353498
1491.2,12.21929170778747
1491.4,11.48672051579409
1491.6,11.86402685860953
1491.8,11.593660896437708
1492.0,12.72752914761448
1492.2,12.162982524135765
1492.4,11.487424410056333
1492.6,11.781459347989118
1492.8,11.401040073148515
1493.0,11.516597216731085
1493.2,11.254691341945644
1493.4,11.267388089621983
1493.6,11.099450886451885
1493.8,10.356549459929347
1494.0,11.337686828300836
1494.2,12.444880484256357
1494.4,13.58377313165548
1494.6,13.017620102663932
1494.8,13.126085784585896
1495.0,11.564042796601315
1495.2,10.76991791644687
1495.4,11.309208357456317
1495.6,12.000698192803654
1495.8,12.52928873131983
1496.0,12.349702628666446
1496.2,11.571575776095171
1496.4,11.26506093171644
1496.6,11.137364392221512
1496.8,11.084061080733496
1497.0,11.402343959312937
1497.2,11.395841741146102
1497.4,11.521224603937661
1497.6,11.878632152891615
1497.8,11.24022208441173
1498.0,11.04474630530111
1498.2,13.254317981862924
1498.4,12.028140827918516
1498.6,10.488811437973283
1498.8,12.134402403670613
1499.0,11.73864364428032
1499.2,11.840989557168026
1499.4,12.999795683660347
1499.6,14.7766774906538
1499.8,16.265273017742913
1500.0,16.517399077847664
1500.2,15.301820850895968
1500.4,16.256835190284384
1500.6,15.42993803816344
1500.8,16.516609197386632
1501.0,15.75030846515741
1501.2,16.69860258810178
1501.4,17.950249939968906
1501.6,18.190989142190176
1501.8,15.810823368235932
1502.0,14.716316676515365
1502.2,14.7528480846362
1502.4,16.945777243037416
1502.6,15.58611717800624
1502.8,15.663760483092073
1503.0,14.388235739924827
1503.2,16.501142609811964
1503.4,17.17401692681911
1503.6,14.638580075532035
1503.8,13.622707478348195
1504.0,15.543373849979535
1504.2,16.174474002106795
1504.4,14.698322016668019
1504.6,16.085942546487164
1504.8,16.531609758477348
1505.0,15.432106345999852
1505.2,14.995960686264604
1505.4,14.139209518942904
1505.6,15.852327489417107
1505.8,15.80328264995779
1506.0,13.433715513868963
1506.2,12.51043703059575
1506.4,13.410008849454787
1506.6,11.932873587388098
1506.8,12.988329711607884
1507.0,16.37339826100874
1507.2,16.36716037725777
1507.4,15.630044862085718
1507.6,17.1565245037976
1507.8,14.537276828764137
1508.0,14.645137063299593
1508.2,15.561611601776121
1508.4,13.565060707218866
1508.6,15.283816746361827
1508.8,15.171580647435336
1509.0,16.91874720596133
1509.2,14.849001151183396
1509.4,15.106556637740207
1509.6,15.05782105404512
1509.8,15.396795400766347
1510.0,13.752838851875701
1510.2,13.912692633570142
1510.4,12.88906126509283
1510.6,15.592881479709892
1510.8,14.561264342546087
1511.0,14.851578017975388
1511.2,12.901366716889163
1511.4,14.106510195794284
1511.6,13.005886063447516
1511.8,13.9833077527286
1512.0,15.554343370343176
1512.2,15.768049701271726
1512.4,17.22394719565833
1512.6,18.244087455849915
1512.8,15.766855328220448
1513.0,18.381691984477342
1513.2,18.35719499217461
1513.4,17.944973966469572
1513.6,18.548165381928627
1513.8,18.41664277988417
1514.0,18.944131218784335
1514.2,17.19281472353749
1514.4,18.371865600605343
1514.6,18.588811072574764
1514.8,16.961001881342334
1515.0,18.196192194978153
1515.2,17.455381684732256
1515.4,16.70513243793821
1515.6,16.53250368130182
1515.8,16.102015423268597
1516.0,17.01028392503006
1516.2,17.295126752440893
1516.4,18.11451716792822
1516.6,17.678247331183798
1516.8,17.640403926875003
1517.0,17.673266708769077
1517.2,17.526585236631924
1517.4,17.3132699955774
1517.6,16.442921258813513
1517.8,16.92570482125731
1518.0,16.141522045124333
1518.2,15.403341010973488
1518.4,14.35724438546636
1518.6,15.014946296551027
1518.8,13.804274465569994
1519.0,14.123060855102157
1519.2,14.45755225003463
1519.4,15.802868242386898
1519.6,14.392786127352839
1519.8,12.756028537491417
1520.0,13.273402285622154
1520.2,14.537744260252081
1520.4,14.67856217272822
1520.6,13.18295014866747
1520.8,14.006451263639676
1521.0,10.798541994906039
1521.2,13.022496135588073
1521.4,11.842286284835657
1521.6,11.422678988441312
1521.8,10.178009648579929
1522.0,10.443076052993721
1522.2,11.261978960553009
1522.4,11.587679693956456
1522.6,11.69954426078483
1522.8,12.337678736100116
1523.0,12.770121027669779
1523.2,14.479932447727382
1523.4,13.50581939721836
1523.6,11.721094401238378
1523.8,12.459926851608962
1524.0,11.59569459297458
1524.2,10.860869734771894
1524.4,10.899581872813906
1524.6,11.260316182210516
1524.8,11.336636520079624
1525.0,13.183208136864753
1525.2,12.683770001836688
1525.4,12.3441587552955
1525.6,11.832116138198224
1525.8,12.639966341517939
1526.0,11.710254753790535
1526.2,12.148795051356366
1526.4,12.168195597457368
1526.6,13.486757923862667
1526.8,12.191743508872408
1527.0,12.745029314931536
1527.2,12.719832838557288
1527.4,13.659691508878298
1527.6,13.900819408853051
1527.8,14.361088657443752
1528.0,13.141550546534553
1528.2,13.249542175529873
1528.4,12.531147613677948
1528.6,14.08302963633831
1528.8,13.494767948222474
1529.0,14.321230953397775
1529.2,14.591806859494218
1529.4,13.086778428331684
1529.6,14.470264260042997
1529.8,14.830986442916776
1530.0,14.153153369012635
1530.2,15.511396228248211
1530.4,17.59476633005192
1530.6,17.829292832394326
1530.8,17.814783175976117
1531.0,17.263042615809677
1531.2,15.942985005220805
1531.4,16.581092308727627
1531.6,17.585207258877958
1531.8,18.08631619176718
1532.0,16.42952069212479
1532.2,18.1181180258927
1532.4,16.94760004493522
1532.6,15.443354170645222
1532.8,16.62606270154682
1533.0,17.75873232807197
1533.2,16.905566143413836
1533.4,17.523808462312328
1533.6,15.91427421771786
1533.8,15.634920626177797
1534.0,15.607584086386419
1534.2,16.33113774349352
1534.4,17.414863046058954
1534.6,17.385436653941117
1534.8,18.158277488905586
1535.0,18.041849194041497
1535.2,18.837224726079945
1535.4,19.833222087430634
1535.6,20.15208232813336
1535.8,18.91582189433381
1536.0,18.62466290857201
1536.2,17.63810042939495
1536.4,17.912165607474783
1536.6,19.681369449324993
1536.8,19.117994293178473
1537.0,17.45448160923128
1537.2,17.316326077488718
1537.4,19.3159824063884
1537.6,20.153226503756912
1537.8,18.697883742815094
1538.0,17.331962503291464
1538.2,19.82165830032209
1538.4,20.061473636148204
1538.6,19.695632376176185
1538.8,19.27127920890689
1539.0,18.502428263298267
1539.2,18.27656418799455
1539.4,16.535057610811098
1539.6,16.183780796750938
1539.8,15.479633974402557
1540.0,16.94226012680389
1540.2,17.92813744876608
1540.4,18.47410210486937
1540.6,19.73498801091315
1540.8,18.966832601653184
1541.0,18.210587309649338
1541.2,18.346435960795848
1541.4,18.2498896416379
1541.6,18.344137797837245
1541.8,19.172131130455917
1542.0,18.08736522159136
1542.2,18.20796168041515
1542.4,17.482107011581782
1542.6,15.601868717572273
1542.8,17.216086484696024
1543.0,17.26604743229129
1543.2,17.60652438612548
1543.4,17.536815380612833
1543.6,17.99248731214899
1543.8,17.84584260769909
1544.0,18.54313987919425
1544.2,18.456375029685518
1544.4,16.976432754156193
1544.6,14.768104647422717
1544.8,14.664538343486086
1545.0,15.080480269482031
1545.2,14.957727239276364
1545.4,15.400542240866493
1545.6,14.838412265581082
1545.8,16.40123862474026
1546.0,17.077470888885298
1546.2,14.923880017921025
1546.4,16.57109723741926
1546.6,16.41776753566077
1546.8,16.41795256158084
1547.0,15.696382224997919
1547.2,14.913215629562085
1547.4,15.498868630813948
1547.6,15.206129709260177
1547.8,15.722021648308772
1548.0,15.2651842412184
1548.2,16.158971647762414
1548.4,16.065789105083407
1548.6,16.713598223692365
1548.8,17.157020629548406
1549.0,15.78073175918645
1549.2,15.276870608830563
1549.4,15.344791168956922
1549.6,15.489276738033986
1549.8,14.100986886406117
1550.0,15.033372337871562
1550.2,14.392516125385468
1550.4,14.97568591683849
1550.6,15.90449431403551
1550.8,14.233762240201866
1551.0,14.708593824660978
1551.2,15.434898521445817
1551.4,16.286084913395108
1551.6,14.582900185779572
1551.8,14.128361659554722
1552.0,13.837344533602518
1552.2,13.809064060127895
1552.4,14.243500140130866
1552.6,14.126013821684465
1552.8,13.422531415930257
1553.0,12.3961789065854
1553.2,13.083144326262403
1553.4,12.613408149457811
1553.6,11.766793683349004
1553.8,12.100850187101717
1554.0,12.054660560187349
1554.2,13.07366449050054
1554.4,13.311178352797015
1554.6,12.451648054973468
1554.8,12.116981306660481
1555.0,12.05064205218978
1555.2,11.30684864072078
1555.4,11.931382413938074
1555.6,11.659629140265757
1555.8,11.538327526323295
1556.0,11.868755252129958
1556.2,11.389672420281698
1556.4,11.106934503153896
1556.6,10.838718460014931
1556.8,11.824225677043659
1557.0,11.754506861206679
1557.2,10.6022117482459
1557.4,10.792867407195985
1557.6,11.099511292036514
1557.8,10.915548049883633
1558.0,10.937220990402869
1558.2,11.098480196706404
1558.4,11.589860411009486
1558.6,10.853833328719542
1558.8,11.367574653064738
1559.0,11.097332535774367
1559.2,11.295047056833385
1559.4,12.174156485326586
1559.6,12.482646964579821
1559.8,13.31161089953411
1560.0,14.30529943432502
1560.2,14.842246472035797
1560.4,15.533479101152727
1560.6,14.573995341226842
1560.8,14.121718757581272
1561.0,13.284064949615864
1561.2,13.430217967060056
1561.4,14.591180185919463
1561.6,13.373743736773525
1561.8,12.929377510048745
1562.0,13.195705688775881
1562.2,13.218068833185834
1562.4,13.123507036622504
1562.6,12.363661846754114
1562.8,12.843297575094388
1563.0,12.812996126222778
1563.2,13.053708592977728
1563.4,11.846622425301813
1563.6,12.856939285501463
1563.8,13.685535423759346
1564.0,13.846557866923144
1564.2,13.718017579285346
1564.4,13.273222789512346
1564.6,15.62857563095978
1564.8,16.738428202979016
1565.0,16.269296959475685
1565.2,17.43548759822267
1565.4,17.459930264721294
1565.6,18.634651042619627
1565.8,15.608916508885821
1566.0,16.550932180254737
1566.2,15.67635711116093
1566.4,15.469927526421923
1566.6,14.397734117131538
1566.8,12.819034912602906
1567.0,12.291109389254471
1567.2,12.245066714089091
1567.4,12.502207131627618
1567.6,12.300477753373942
1567.8,12.88643892457988
1568.0,14.183384380472912
1568.2,13.965768178575168
1568.4,14.664875239245212
1568.6,13.347484392958487
1568.8,12.863488453946317
1569.0,11.953169294022992
1569.2,11.47405826218334
1569.4,11.773635516928625
1569.6,12.747174898274737
1569.8,12.701806949116506
1570.0,14.16961295170648
1570.2,14.638235607858036
1570.4,13.692320295991003
1570.6,14.391692595527982
1570.8,14.61436074689721
1571.0,11.986257057696193
1571.2,12.099728719349088
1571.4,10.546892328283992
1571.6,11.507432807373249
1571.8,11.512082969006944
1572.0,11.937203947573579
1572.2,12.485991566382138
1572.4,13.098692766492864
1572.6,14.579062573050024
1572.8,13.690089300521622
1573.0,12.719037386103107
1573.2,13.173498675831159
1573.4,13.453985772012036
1573.6,14.28527657186519
1573.8,13.715195848378928
1574.0,13.266210726478537
1574.2,13.105634314738932
1574.4,11.678504047338233
1574.6,12.441130737457044
1574.8,14.212097410503281
1575.0,13.71356856808524
1575.2,14.727313494312709
1575.4,13.75150585625816
1575.6,14.122102873589686
1575.8,14.401061543703978
1576.0,13.695755738179647
1576.2,13.05259974217095
1576.4,13.738293385162908
1576.6,14.00849438119832
1576.8,12.542125767740131
1577.0,12.213326840121363
1577.2,12.075780610263733
1577.4,12.755422975300714
1577.6,13.185093700209237
1577.8,12.957552164334636
1578.0,12.88626512378427
1578.2,12.987495512318802
1578.4,12.812221153944371
1578.6,12.338151250064456
1578.8,11.764819633949857
1579.0,12.777994273915446
1579.2,11.945704782561958
1579.4,14.24131875062562
1579.6,14.608898435450028
1579.8,14.028322456702078
1580.0,14.265739994435965
1580.2,14.250020730825
1580.4,14.54200091466048
1580.6,14.220505201948923
1580.8,14.303459894305453
1581.0,14.452357018469733
1581.2,15.743207593896312
1581.4,14.807592415966512
1581.6,15.022493267331951
1581.8,15.546819081056054
1582.0,14.256019464370269
1582.2,14.007739080094002
1582.4,15.165093860851403
1582.6,15.364084136264358
1582.8,15.45784649454066
1583.0,17.326009728409808
1583.2,16.959102647117263
1583.4,16.679554324265762
1583.6,15.944202047791636
1583.8,14.684751637792479
1584.0,15.218507010522021
1584.2,13.30444952190432
1584.4,13.326823503932255
1584.6,11.828543976269373
1584.8,12.799876092183911
1585.0,11.851662116998803
1585.2,12.545264644087215
1585.4,13.403320150459932
1585.6,13.577231033687267
1585.8,13.334055192558958
1586.0,13.931131335824915
1586.2,15.580045813562275
1586.4,13.636858720900833
1586.6,13.94697561302468
1586.8,16.083056522056612
1587.0,16.884406405738403
1587.2,16.165047411010512
1587.4,15.524104768946241
1587.6,15.379326858831998
1587.8,16.11898779038948
1588.0,16.61830378746789
1588.2,16.9348092924104
1588.4,17.210837456505427
1588.6,17.235156014700642
1588.8,16.496414802072398
1589.0,15.992065927644735
1589.2,16.346506300332756
1589.4,15.74226918897973
1589.6,13.337843040112794
1589.8,14.67213647854754
1590.0,13.62455436789521
1590.2,15.555819542886889
1590.4,15.271947497633796
1590.6,14.693932513391816
1590.8,13.762459527219983
1591.0,15.180253225464693
1591.2,15.820543689335345
1591.4,15.393404083118616
1591.6,15.619308699180063
1591.8,15.104093738047448
1592.0,15.047907094491663
1592.2,14.449474346795439
1592.4,15.04891363334356
1592.6,15.656816424986213
1592.8,15.54109046279595
1593.0,14.159204682901256
1593.2,16.492167045181258
1593.4,15.39675566475627
1593.6,15.914088393730752
1593.8,13.90609219441018
1594.0,13.642709988073317
1594.2,13.698576061921518
1594.4,15.39631226135494
1594.6,15.917461857515429
1594.8,17.50643385059693
1595.0,17.918723263386745
1595.2,18.310014052296385
1595.4,17.02238000285888
1595.6,18.008148760226156
1595.8,16.898191617275586
1596.0,18.86369971555276
1596.2,19.51981300444457
1596.4,18.75602089345532
1596.6,18.090983670419828
1596.8,18.403648481278886
1597.0,18.69061388477145
1597.2,18.634917613572558
1597.4,18.52331099285283
1597.6,17.561668061551288
1597.8,17.39587599965909
1598.0,14.711676733099743
1598.2,15.99401772772959
1598.4,16.368938455135723
1598.6,16.02139347843695
1598.8,15.913064300510351
1599.0,14.965194950474052
1599.2,14.387546051719971
1599.4,15.24302614498158
1599.6,15.485676929532078
1599.8,14.731613678591266
1600.0,13.331312670168757
1600.2,12.405591525607713
1600.4,13.743577811163824
1600.6,14.837873232061124
1600.8,14.429039300813267
1601.0,14.815740161953935
1601.2,15.425057680081286
1601.4,16.188378915762968
1601.6,16.05764515815713
1601.8,14.605372734682154
1602.0,15.254908349806692
1602.2,15.924176740556277
1602.4,14.7569432381526
1602.6,15.018191001473085
1602.8,15.109772962027039
1603.0,14.081947075488639
1603.2,15.31657396001391
1603.4,15.931475815468287
1603.6,16.379199645236746
1603.8,13.435658820738558
1604.0,12.404050201567234
1604.2,13.020572067705348
1604.4,13.731512009492754
1604.6,15.230066716005515
1604.8,14.429670448758305
1605.0,14.882446813581893
1605.2,16.198607573432046
1605.4,16.666767237927914
1605.6,14.557888768660106
1605.8,16.8943133683949
1606.0,16.244196735143614
1606.2,15.108392204582941
1606.4,15.320905270463756
1606.6,15.126406727995308
1606.8,15.615086201937876
1607.0,16.843147716014677
1607.2,15.125464299155338
1607.4,16.092438113214637
1607.6,15.802477876635079
1607.8,14.539854489681643
1608.0,14.385285760374417
1608.2,15.570158288683105
1608.4,15.0371425234452
1608.6,14.453823788027478
1608.8,16.14977245396596
1609.0,15.683147008270716
1609.2,16.518517091637584
1609.4,14.706838107936717
1609.6,16.691655279268915
1609.8,17.047295936859946
1610.0,18.923435303622018
1610.2,16.49781833395973
1610.4,18.326085734924014
1610.6,17.834302656722954
1610.8,19.074312814277135
1611.0,16.553812148928767
1611.2,15.208232827945302
1611.4,14.757982402781506
1611.6,16.370586052501487
1611.8,16.959088276232166
1612.0,18.538027185742017
1612.2,18.439846045496083
1612.4,18.792626250272455
1612.6,19.471959202346994
1612.8,19.04224412966531
1613.0,18.198839600603904
1613.2,16.792539673492758
1613.4,17.283108274550923
1613.6,16.551648163466204
1613.8,16.936818131326397
1614.0,14.825455192692012
1614.2,15.34871703084385
1614.4,14.589622718049602
1614.6,14.351186387408866
1614.8,14.421021805838873
1615.0,14.538416456354557
1615.2,11.740059881494027
1615.4,11.298248986371554
1615.6,11.338274417167293
1615.8,11.117678668068349
1616.0,11.67351181912866
1616.2,11.525447925944203
1616.4,13.363140273819399
1616.6,14.170141602766492
1616.8,14.619282397903955
1617.0,12.907002360874099
1617.2,11.941804433701495
1617.4,14.527661339818538
1617.6,13.702979032632477
1617.8,14.500952358525307
1618.0,15.709779617341821
1618.2,15.751772204646153
1618.4,13.879098502902254
1618.6,13.967249727063598
1618.8,14.238741438347196
1619.0,13.434271405858897
1619.2,13.42339987216834
1619.4,13.354778416276902
1619.6,13.140755214703859
1619.8,12.987191031005889
1620.0,12.817966159654654
1620.2,12.681933993888164
1620.4,11.746429505000425
1620.6,11.62491164000663
1620.8,12.545376185783542
1621.0,13.100867496153707
1621.2,12.834201349741265
1621.4,13.101781266179739
1621.6,13.16647353574535
1621.8,13.743079391781187
1622.0,13.764988965843328
1622.2,14.151467826539545
1622.4,14.215859703767428
1622.6,13.08244495936949
1622.8,13.546870797553703
1623.0,13.037830002950166
1623.2,13.690209939028243
1623.4,13.802457138470782
1623.6,12.671973128042406
1623.8,12.727041051853131
1624.0,12.770627453234022
1624.2,12.38610534395722
1624.4,13.858556304188527
1624.6,11.894275973226673
1624.8,11.569711192341192
1625.0,13.032820909176193
1625.2,13.87230694657318
1625.4,13.927711350830625
1625.6,16.448288894878317
1625.8,16.224251966581043
1626.0,16.258490157950263
1626.2,15.669062358881119
1626.4,17.07534325800905
1626.6,16.629888328724142
1626.8,17.102945086219453
1627.0,15.786947646769455
1627.2,16.248421956985226
1627.4,16.382459174179672
1627.6,14.552927726547562
1627.8,16.166982548052037
1628.0,15.591901127962771
1628.2,16.351425105210097
1628.4,14.997557797806687
1628.6,14.498015616243041
1628.8,12.994228821601855
1629.0,13.739609346644585
1629.2,14.202312972698838
1629.4,12.772577859251085
1629.6,12.784811521518547
1629.8,12.492368034589534
1630.0,13.481236622162525
1630.2,11.798476277660024
1630.4,10.922722464988015
1630.6,10.959920974883472
1630.8,10.000920858932908
1631.0,9.940557992095062
1631.2,10.589955793969658
1631.4,11.718613411616465
1631.6,11.176344862078857
1631.8,12.293404418158733
1632.0,13.474056808506177
1632.2,12.489758180068984
1632.4,12.149413767883546
1632.6,11.4486912563241
1632.8,12.12074184807154
1633.0,14.42647995064963
1633.2,14.39165283210247
1633.4,14.351513220997088
1633.6,14.018458993350214
1633.8,14.601496910457257
1634.0,12.656979271693736
1634.2,12.037899795816614
1634.4,11.611125905982252
1634.6,11.485162482943135
1634.8,12.365177507957917
1635.0,12.629367152742436
1635.2,11.22974636034007
1635.4,11.506487991620949
1635.6,13.419659197271557
1635.8,13.329591975843227
1636.0,13.081317660966679
1636.2,12.387993547384577
1636.4,14.000101511433233
1636.6,13.352255823711571
1636.8,14.06338922801372
1637.0,12.937754200230277
1637.2,13.015198322188745
1637.4,11.617636571832147
1637.6,11.22277549340518
1637.8,11.305732537146751
1638.0,11.747186840700872
1638.2,11.652088541227275
1638.4,10.605488755981698
1638.6,11.606905427037997
1638.8,12.362748584364718
1639.0,12.54421478026609
1639.2,12.764734943176649
1639.4,12.667978914662157
1639.6,15.096640202940588
1639.8,14.86572460799201
1640.0,15.658458440849719
1640.2,14.657559701255597
1640.4,14.59331756751902
1640.6,14.970441956819885
1640.8,14.267986808350063
1641.0,13.514980417845578
1641.2,14.922960973100455
1641.4,14.285064383432802
1641.6,14.095381695661896
1641.8,15.10058813292373
1642.0,15.388907892760288
1642.2,14.52567750387907
1642.4,15.167686986096376
1642.6,14.447715986394698
1642.8,14.13462226347332
1643.0,14.261226391806472
1643.2,14.840470220056698
1643.4,14.303087266898578
1643.6,14.037381042516714
1643.8,14.568039068681248
1644.0,15.183259259392807
1644.2,13.41626701198403
1644.4,14.554224478189187
1644.6,14.467787153361783
1644.8,14.839496701699082
1645.0,16.029815837281326
1645.2,15.179716469385564
1645.4,15.51184478504328
1645.6,16.14029722971441
1645.8,15.301422786628631
1646.0,16.889492173881624
1646.2,18.077706124926728
1646.4,16.62593316237962
1646.6,15.337093010979581
1646.8,15.76005392666216
1647.0,15.410131307189998
1647.2,15.692388905281573
1647.4,14.154545848709112
1647.6,14.800753556317954
1647.8,14.577527369966614
1648.0,13.169523887997357
1648.2,13.956605180940238
1648.4,15.508758301560423
1648.6,15.144365988982818
1648.8,13.739607928562522
1649.0,13.420933800194682
1649.2,15.102893828033437
1649.4,15.440371973721279
1649.6,15.410014184316266
1649.8,13.481007170472385
1650.0,12.932677581213163
1650.2,13.257809909937848
1650.4,12.89257254369591
1650.6,13.828949606818085
1650.8,14.078264716891766
1651.0,16.040499649185545
1651.2,15.087259958934354
1651.4,14.13698053116325
1651.6,14.567810448823892
1651.8,14.568511724485482
1652.0,15.730533726142085
1652.2,16.204871452101933
1652.4,16.93993862109273
1652.6,15.78719084623783
1652.8,15.337985411260696
1653.0,15.469785446964144
1653.2,14.704655455402126
1653.4,14.053975202773913
1653.6,14.377349965027255
1653.8,14.788040013114509
1654.0,16.362702785013195
1654.2,16.834790073347484
1654.4,14.701476705549169
1654.6,15.271375395412448
1654.8,15.556586247193597
1655.0,17.132289428540407
1655.2,16.25336502479997
1655.4,15.733951391934047
1655.6,16.420952598970228
1655.8,15.172423620335607
1656.0,13.029284667499049
1656.2,12.752997307814367
1656.4,11.6490200361247
1656.6,13.713185576956612
1656.8,12.361523484004508
1657.0,12.396072535582503
1657.2,12.6397515284925
1657.4,12.864852163071639
1657.6,13.988437313192057
1657.8,16.26701965065116
1658.0,16.960815621476414
1658.2,13.762195638944007
1658.4,13.518188388724536
1658.6,15.733751629729863
1658.8,17.3926660040963
1659.0,16.703181198490913
1659.2,16.122884047501323
1659.4,16.233692174303137
1659.6,17.582644247328236
1659.8,16.69192471211065
1660.0,15.030357881962217
1660.2,15.540713702027773
1660.4,17.282935163156605
1660.6,16.890515727914547
1660.8,15.969311456766292
1661.0,16.080457675755863
1661.2,16.675913533918752
1661.4,17.39206663122759
1661.6,17.21904936610812
1661.8,18.3867510970718
1662.0,17.028742952967747
1662.2,15.262489409561798
1662.4,14.05632660517604
1662.6,15.095238406800693
1662.8,15.884569707831933
1663.0,15.858816342012684
1663.2,13.822005257526737
1663.4,13.454970215507206
1663.6,14.439967408402305
1663.8,13.17138680049652
1664.0,15.923060554562976
1664.2,15.814692341593766
1664.4,16.610852979157617
1664.6,15.408861331279313
1664.8,14.820075498734056
1665.0,15.523242819967315
1665.2,14.232684933007915
1665.4,16.858642238328088
1665.6,16.209623551937895
1665.8,16.867957863844786
1666.0,17.479795039072584
1666.2,18.301843942659634
1666.4,16.867266791130643
1666.6,16.87878501786795
1666.8,18.543567367375214
1667.0,17.497117135828347
1667.2,17.391381506451353
1667.4,17.252222902173383
1667.6,15.620288719337324
1667.8,15.034528606025745
1668.0,16.42017844053768
1668.2,17.751750683047028
1668.4,18.29900179006873
1668.6,17.55142190920545
1668.8,16.189279984649602
1669.0,16.38569273541371
1669.2,16.81463431357555
1669.4,18.725623190939476
1669.6,18.58255901822449
1669.8,19.067646110094834
1670.0,17.511054574017162
1670.2,16.184360596948604
1670.4,16.62020756626773
1670.6,17.85934809291702
1670.8,17.22215350818628
1671.0,15.74564545169787
1671.2,14.99879979740129
1671.4,16.138680882399466
1671.6,15.942811738968777
1671.8,17.570685918063276
1672.0,17.552665651765544
1672.2,17.430352297086557
1672.4,17.243487347878094
1672.6,16.742827399510492
1672.8,16.20546505279546
1673.0,16.361518330198614
1673.2,15.09434200112228
1673.4,17.840736109509617
1673.6,18.332260841364977
1673.8,17.762047698851383
1674.0,18.173263792021118
1674.2,17.33472603396643
1674.4,17.701200590056803
1674.6,17.346227020025694
1674.8,19.011911695530948
1675.0,17.816340843290124
1675.2,15.612882394770729
1675.4,13.719660651412223
1675.6,15.73341650438106
1675.8,15.80833193076318
1676.0,17.30931813644752
1676.2,17.349872015810124
1676.4,15.89861862188965
1676.6,16.549822445369127
1676.8,15.320125000989282
1677.0,17.146373366771765
1677.2,14.781740388274056
1677.4,15.409030109539167
1677.6,15.366726870492588
1677.8,14.10527038211759
1678.0,14.693502496170963
1678.2,15.750179278102276
1678.4,14.970758237644297
1678.6,14.337951776978493
1678.8,15.834327687215271
1679.0,16.875656553598287
1679.2,15.951606368696162
1679.4,15.373300449665688
1679.6,15.174447644359041
1679.8,15.916403195695477
1680.0,15.966819625747288
1680.2,16.573183226698468
1680.4,14.556816424593835
1680.6,16.17910088581135
1680.8,14.919794266754549
1681.0,15.251338375648782
1681.2,15.642163924788889
1681.4,16.249172944330134
1681.6,17.449642998858714
1681.8,16.189931962245115
1682.0,16.066331469897214
1682.2,17.423491286661143
1682.4,17.518524544457254
1682.6,17.290089814808567
1682.8,16.034426521903608
1683.0,16.777763800846344
1683.2,17.829359639778936
1683.4,16.407407181594444
1683.6,16.7719980681234
1683.8,15.024904093957323
1684.0,14.03086936800825
1684.2,13.866999581940023
1684.4,14.458371357599573
1684.6,16.626260328449877
1684.8,15.56487346753985
1685.0,16.36984511543418
1685.2,16.006201329069146
1685.4,16.04125426843956
1685.6,17.402721760446102
1685.8,17.413552433365084
1686.0,17.571416124240507
1686.2,16.90042227152962
1686.4,17.76060827931462
1686.6,19.196835755608397
1686.8,18.960183776301523
1687.0,18.526758383822962
1687.2,17.94598590773315
1687.4,17.941257765581657
1687.6,17.025491154453626
1687.8,16.66919967045362
1688.0,16.825731833511746
1688.2,17.175785096533918
1688.4,18.75620290088583
1688.6,17.72807001229228
1688.8,17.684361100770513
1689.0,18.24438437401617
1689.2,18.213665502803327
1689.4,16.80889657750889
1689.6,15.917881388609867
1689.8,16.95391038392048
1690.0,17.75817160285699
1690.2,17.571148166602036
1690.4,18.31747966905195
1690.6,19.266667093023752
1690.8,19.21901566732432
1691.0,18.933995973776284
1691.2,19.323954471385157
1691.4,18.18987191830723
1691.6,17.896230578509147
1691.8,16.219976106869616
1692.0,16.167624719895308
1692.2,17.960819254815515
1692.4,17.96395654450358
1692.6,15.462119438743274
1692.8,15.29995649360939
1693.0,14.865985713940281
1693.2,14.553111813355475
1693.4,13.736836117519388
1693.6,14.59116028483147
1693.8,14.462792469837902
1694.0,14.761069829681661
1694.2,14.46248510914603
1694.4,14.206253434110579
1694.6,12.64413524800158
1694.8,12.910335593386504
1695.0,12.576626303315786
1695.2,13.377892061249764
1695.4,12.178435596695161
1695.6,11.898275084166661
1695.8,12.452366382998289
1696.0,12.24525562514873
1696.2,12.848560942500862
1696.4,11.203207159191654
1696.6,10.778468334541667
1696.8,11.071823030644246
1697.0,10.976178865262057
1697.2,10.342197378654067
1697.4,10.439584184373716
1697.6,10.701489335159444
1697.8,11.299306000636607
1698.0,10.455519838878589
1698.2,10.803116573849213
1698.4,11.09070253518238
1698.6,10.436066533349502
1698.8,10.999346644278402
1699.0,10.92343694156298
1699.2,10.736720787541334
1699.4,11.0322205128739
1699.6,10.733727941226423
1699.8,10.46237419511785
1700.0,11.161413700098526
1700.2,10.146611464824922
1700.4,10.000659176150496
1700.6,10.027071277043383
1700.8,9.397429210615652
1701.0,10.57384225487226
1701.2,10.641860448604476
1701.4,10.540597574060053
1701.6,10.882620581176482
1701.8,11.124549789631002
1702.0,11.369258519087461
1702.2,12.21622895173319
1702.4,12.77368257047916
1702.6,12.753666389735717
1702.8,13.225092270858427
1703.0,11.976041745591866
1703.2,12.327879779023013
1703.4,10.769060720502878
1703.6,10.483959375638886
1703.8,11.316985643511654
1704.0,11.392698139410788
1704.2,11.719692619495971
1704.4,11.09621558751135
1704.6,10.907350742864818
1704.8,11.37388634241011
1705.0,12.442056637365226
1705.2,13.172646844499802
1705.4,12.67836014817706
1705.6,12.63604101757088
1705.8,12.381971739171046
1706.0,12.059579085586309
1706.2,12.192990659231256
1706.4,12.157034606635317
1706.6,11.933676364605066
1706.8,11.506512981242274
1707.0,11.676565410508355
1707.2,11.946582701476148
1707.4,12.351939419766303
1707.6,11.800800799758324
1707.8,12.426831020563444
1708.0,11.870565760597279
1708.2,11.091859411262341
1708.4,10.898095872205236
1708.6,11.679686366239546
1708.8,10.955407510838215
1709.0,10.2398591566254
1709.2,10.0519659980291
1709.4,10.950428493419853
1709.6,10.346489668351184
1709.8,10.294708629768905
1710.0,10.855726779435367
1710.2,10.491387260540755
1710.4,11.446349622373866
1710.6,10.447774874948095
1710.8,10.396392729559665
1711.0,12.107534185304452
1711.2,11.37292209482045
1711.4,11.531388870449188
1711.6,10.883031210456398
1711.8,11.18294114006574
1712.0,11.661747318042458
1712.2,10.708943594270819
1712.4,10.84927376911523
1712.6,11.457736461904675
1712.8,10.700161816833848
1713.0,10.673979951849994
1713.2,9.883091434748488
1713.4,10.693128504536016
1713.6,10.443824576322747
1713.8,10.079035345511345
1714.0,9.599920773854748
1714.2,9.596114192168654
1714.4,9.744800261732191
1714.6,9.776073878986232
1714.8,9.676631818393274
1715.0,9.368864259536679
1715.2,9.726905174080333
1715.4,9.842343097628664
1715.6,9.330795256664814
1715.8,9.591027733199024
1716.0,8.907573858409217
1716.2,9.227641291962245
1716.4,9.891434517915126
1716.6,9.79997560325119
1716.8,9.595813800679963
1717.0,10.211285425980472
1717.2,9.831366731673159
1717.4,10.060460337865468
1717.6,10.013246197053236
1717.8,10.205605458749794
1718.0,10.311615001229118
1718.2,9.737774344168212
1718.4,9.985981578977185
1718.6,9.665984191226288
1718.8,9.407205461098162
1719.0,9.861105583752753
1719.2,9.441294014877526
1719.4,9.092526047322112
1719.6,9.753703378574691
1719.8,9.798650729213902
1720.0,9.831067383476409
1720.2,10.025787760395659
1720.4,11.254348599312502
1720.6,11.646595277972125
1720.8,11.751660145585765
1721.0,10.96492945747607
1721.2,11.269915850343782
1721.4,10.416414232265232
1721.6,10.227496825147998
1721.8,10.288063128737413
1722.0,10.022294673147048
1722.2,10.16094377852679
1722.4,9.95064259730142
1722.6,9.862560892505421
1722.8,9.534033371871796
1723.0,9.412554397537951
1723.2,9.687694371300868
1723.4,9.771710833970085
1723.6,10.052627586007535
1723.8,10.871969761295679
1724.0,11.118588783249646
1724.2,10.365532071198857
1724.4,10.347347278843436
1724.6,10.54408908141712
1724.8,10.896167290054414
1725.0,11.068822729596668
1725.2,10.694067164682313
1725.4,10.70160916195929
1725.6,10.013349714857178
1725.8,10.281141561346148
1726.0,10.033983303807352
1726.2,10.256475773006386
1726.4,10.72607442337496
1726.6,10.036501480913094
1726.8,11.125294014182492
1727.0,11.372837338999455
1727.2,10.68262453630046
1727.4,10.624859896175654
1727.6,11.404134280532203
1727.8,10.368590853239779
1728.0,10.845024300105981
1728.2,10.820262203841342
1728.4,11.371794200799034
1728.6,10.653188898985848
1728.8,10.42835399154022
1729.0,9.68558374318108
1729.2,9.428696367151773
1729.4,9.523233121643933
1729.6,9.722783202575036
1729.8,9.419725817348219
1730.0,9.287037422545943
1730.2,9.079181728133863
1730.4,8.99358982016578
1730.6,9.067044125565449
1730.8,8.926515492688397
1731.0,8.874337647162262
1731.2,9.252819352502318
1731.4,9.401808429233881
1731.6,9.814443149033611
1731.8,10.194264617433642
1732.0,10.667599122479421
1732.2,10.013697656581932
1732.4,10.285523308226637
1732.6,10.299221164732879
1732.8,9.86611812947446
1733.0,9.660798382154624
1733.2,10.296362560526207
1733.4,9.701774647139478
1733.6,9.679211173010476
1733.8,9.567106703002757
1734.0,9.856300544383961
1734.2,9.882528859042472
1734.4,10.067972236976239
1734.6,9.818869796423748
1734.8,9.606583750364393
1735.0,9.679851625593827
1735.2,10.223280374695037
1735.4,10.517684517376289
1735.6,10.46816427915392
1735.8,10.038545199983695
1736.0,10.088796077306386
1736.2,10.182406984485674
1736.4,10.18017221599326
1736.6,9.689033818180286
1736.8,9.523186485352632
1737.0,9.56486080988295
1737.2,9.937722658952307
1737.4,9.763080641553694
1737.6,10.08030261165695
1737.8,9.492773246566989
1738.0,10.181073250184799
1738.2,10.4212783245452
1738.4,10.773581972291637
1738.6,10.334295088039845
1738.8,10.403679769868535
1739.0,10.795925278760482
1739.2,10.516166668583084
1739.4,9.809826290423958
1739.6,9.923081962854136
1739.8,10.163618517261941
1740.0,10.203982294258058
1740.2,10.58446662281389
1740.4,10.20140173726226
1740.6,10.780100438688688
1740.8,10.554224385696426
1741.0,10.452619166050859
1741.2,11.04806342215403
1741.4,10.60842163332598
1741.6,10.33949255125663
1741.8,10.211057443356413
1742.0,10.595633545261084
1742.2,9.995129828013011
1742.4,10.420159405780389
1742.6,10.62384540035065
1742.8,10.909047946200339
1743.0,10.94047611385765
1743.2,10.81353096533159
1743.4,11.014260310876027
1743.6,10.359607127987903
1743.8,10.067790566900992
1744.0,9.996803947062395
1744.2,10.56201710683149
1744.4,10.262549972261745
1744.6,10.77640637072994
1744.8,10.355792218247469
1745.0,11.193194438161322
1745.2,10.855694922369288
1745.4,10.48442016267257
1745.6,10.773137480088339
1745.8,10.810104414302641
1746.0,10.928441868116769
1746.2,11.012759106522832
1746.4,10.812603035875462
1746.6,10.819740106728876
1746.8,10.663505602647907
1747.0,10.700340771144583
1747.2,10.244601102216421
1747.4,11.044561970275254
1747.6,10.789540176281307
1747.8,10.906038375283778
1748.0,10.498208970284896
1748.2,10.987196843485858
1748.4,10.573346433416566
1748.6,11.180808100112129
1748.8,10.935513355707645
1749.0,10.859176374791542
1749.2,10.941054895564982
1749.4,11.05563184272439
1749.6,10.773623666141765
1749.8,10.73142282834026
1750.0,11.051310987962529
1750.2,11.079606821821548
1750.4,10.808895232778259
1750.6,10.748072091069433
1750.8,10.085762332400739
1751.0,9.98278321634533
1751.2,9.809184742185918
1751.4,9.637532572977804
1751.6,9.496268604683536
1751.8,9.240670442707685
1752.0,9.090269516639722
1752.2,9.526859749177568
1752.4,9.417650153821832
1752.6,9.28339458656865
1752.8,9.219692298285858
1753.0,10.383353272078967
1753.2,9.89265118629862
1753.4,9.913071348437747
1753.6,9.76010948291963
1753.8,9.733874538590857
1754.0,9.537730381370203
1754.2,10.196191082363239
1754.4,10.107511316247283
1754.6,10.085659385490498
1754.8,9.755392870560584
1755.0,9.983567148933808
1755.2,10.115078697485645
1755.4,10.121838954711912
1755.6,10.392932847802683
1755.8,10.539124820580568
1756.0,10.36834472208313
1756.2,9.969833040107911
1756.4,10.120876692868336
1756.6,9.762246870314986
1756.8,9.730740043581212
1757.0,9.58220975920175
1757.2,9.969543945058659
1757.4,9.338978517223977
1757.6,9.62696055523427
1757.8,9.676398965379017
1758.0,9.56616754856511
1758.2,9.65391674968814
1758.4,9.775340513867691
1758.6,9.829009386047609
1758.8,10.012637433243235
1759.0,10.051020947934097
1759.2,9.657653294129053
1759.4,9.05980033761051
1759.6,9.485735797490646
1759.8,9.220606760475892
1760.0,9.449085772735323
1760.2,9.458787198236354
1760.4,9.779422415278264
1760.6,9.610999500400826
1760.8,9.817069578359227
1761.0,9.927790089621531
1761.2,9.550801132410694
1761.4,9.841298341028528
1761.6,9.816264382305565
1761.8,9.736844134280037
1762.0,9.610794453578992
1762.2,9.644434687097537
1762.4,9.5149746259929
1762.6,9.736994690567373
1762.8,9.381947208039552
1763.0,9.678500443857365
1763.2,9.624251691901534
1763.4,9.416277003255962
1763.6,9.674183419601922
1763.8,9.581645104071416
1764.0,9.718341501881188
1764.2,9.84930195301287
1764.4,10.048970225150258
1764.6,9.388529223160129
1764.8,9.79984762248485
1765.0,9.495766277749247
1765.2,9.515830340934107
1765.4,9.752458000252354
1765.6,9.672108117650506
1765.8,9.867936051523307
1766.0,9.762141944807151
1766.2,9.774060618378432
1766.4,9.796094644598734
1766.6,9.789642224443481
1766.8,9.382492598304037
1767.0,9.532392667919222
1767.2,9.574168930989243
1767.4,9.320874742086819
1767.6,9.46424832984338
1767.8,9.384508790537874
1768.0,9.025612895306185
1768.2,9.344348565501727
1768.4,9.284129347609355
1768.6,9.293603383870202
1768.8,9.486907017236526
1769.0,9.206246166195767
1769.2,9.318463354642288
1769.4,9.051736818142514
1769.6,9.403830499750242
1769.8,9.362618528196267
1770.0,9.518304208539849
1770.2,9.178775496430987
1770.4,9.720530709654495
1770.6,9.685665424709459
1770.8,9.38664042875277
1771.0,9.658668154400209
1771.2,9.378790412959798
1771.4,9.114168510596931
1771.6,9.19030452005867
1771.8,9.189601459411275
1772.0,9.187967657634148
1772.2,8.947099439099157
1772.4,9.0893199456246
1772.6,10.049940293857105
1772.8,9.559581136732824
1773.0,9.571059493752603
1773.2,10.221553683282353
1773.4,9.720630560666702
1773.6,9.032154854995799
1773.8,9.157084147343166
1774.0,9.447240058466834
1774.2,9.58753779999877
1774.4,9.15206299108785
1774.6,8.965413611622001
1774.8,9.23443376718724
1775.0,9.016433899739884
1775.2,9.203504390724476
1775.4,8.76626897466038
1775.6,8.948530789271897
1775.8,8.727377023927192
1776.0,9.237711450693437
1776.2,9.444814868082215
1776.4,9.828253094316869
1776.6,9.918380170511007
1776.8,9.642865620783137
1777.0,9.971309570481964
1777.2,10.040147696152529
1777.4,9.665363691543746
1777.6,9.936307896156984
1777.8,9.765514138066019
1778.0,9.766081831431189
1778.2,9.87470098272473
1778.4,9.893382837115777
1778.6,9.929050163025616
1778.8,9.494418247942416
1779.0,9.48761368438479
1779.2,9.243810762861507
1779.4,9.564622483166138
1779.6,9.628063983202518
1779.8,9.421442950755756
1780.0,9.566748182632864
1780.2,9.54520217362645
1780.4,9.476260044155518
1780.6,9.463809199216758
1780.8,9.337843037245754
1781.0,9.678962904873483
1781.2,9.56498747166495
1781.4,9.031051649380245
1781.6,9.278859082739718
1781.8,9.222923945233957
1782.0,9.726306761814513
1782.2,9.729630000853122
1782.4,9.60362071390896
1782.6,10.429610482635901
1782.8,10.027663248713694
1783.0,9.9587376512141
1783.2,9.791114927002944
1783.4,9.69451750396994
1783.6,9.706098392417791
1783.8,9.37206719704366
1784.0,9.464535810881767
1784.2,9.553203947131161
1784.4,9.899628336809487
1784.6,10.059001476900306
1784.8,10.195079682843035
1785.0,9.709296325591625
1785.2,10.20398388920649
1785.4,10.291015879874548
1785.6,10.273939432242585
1785.8,10.438883324592108
1786.0,10.522552661310963
1786.2,11.198363856682905
1786.4,10.421714354650522
1786.6,10.29008110335463
1786.8,10.385219808784763
1787.0,10.29633132941645
1787.2,10.562110721186201
1787.4,10.597704386480116
1787.6,10.144283827560962
1787.8,11.410468092608163
1788.0,11.215188300112082
1788.2,10.43949233085598
1788.4,10.587553246717242
1788.6,10.61453107991587
1788.8,10.664848257096299
1789.0,10.963827102211091
1789.2,10.341054289036602
1789.4,10.90855136704242
1789.6,10.881460808806526
1789.8,10.434103481855617
1790.0,10.37913892538726
1790.2,9.96238938981862
1790.4,10.725288300955828
1790.6,10.65758612523614
1790.8,10.36150605253823
1791.0,10.187894332839278
1791.2,10.55219325949855
1791.4,10.638815500024927
1791.6,11.772926378389846
1791.8,11.126528682882405
1792.0,11.07266590627653
1792.2,10.142253613901222
1792.4,10.411463886653596
1792.6,10.452910934523747
1792.8,11.051915600832857
1793.0,11.681655458488562
1793.2,10.599151218658427
1793.4,10.445306033579474
1793.6,10.807124570205538
1793.8,10.981308608406176
1794.0,10.346938506417313
1794.2,9.829601008555054
1794.4,9.9763318205064
1794.6,9.520918755196545
1794.8,9.793798767966313
1795.0,10.023142431019494
1795.2,9.862953202762553
1795.4,10.02523487018667
1795.6,9.981006991224836
1795.8,10.637049510057118
1796.0,10.093294820267806
1796.2,10.239587891616855
1796.4,10.106529725776232
1796.6,10.588599288488815
1796.8,10.149827620091616
1797.0,10.07147985472744
1797.2,9.59880285010977
1797.4,10.184872210503258
1797.6,10.910589043153998
1797.8,11.197268904832855
1798.0,11.427244647440688
1798.2,11.384683532852417
1798.4,11.311353748993376
1798.6,12.175609335058315
1798.8,11.037286376847854
1799.0,11.693787741498287
1799.2,11.255945913918028
1799.4,11.488603783682368
1799.6,11.11245322849447
1799.8,11.169062870428139
1800.0,11.56788040911388
1800.2,11.188201532289952
1800.4,12.142774314772446
1800.6,11.659321951927117
1800.8,10.930827680815122
1801.0,11.712706034352507
1801.2,12.602049339067683
1801.4,12.564429662973964
1801.6,12.387957340317614
1801.8,12.487034862458755
1802.0,12.228250325952043
1802.2,12.591775775369442
1802.4,13.192191655273053
1802.6,13.221197254075292
1802.8,12.556956456378805
1803.0,11.89068998662613
1803.2,11.872880247394539
1803.4,12.663214476727402
1803.6,12.10483555452953
1803.8,12.986480942849832
1804.0,12.993209179666989
1804.2,12.126818761317907
1804.4,11.160983384527368
1804.6,11.135284671669206
1804.8,11.519818414253205
1805.0,12.108522049931413
1805.2,13.00081705666871
1805.4,13.025457991649374
1805.6,13.108847898939155
1805.8,13.063864934262178
1806.0,13.089194134170638
1806.2,12.186449572873347
1806.4,11.434481869443449
1806.6,11.668223898390142
1806.8,12.58733999250984
1807.0,11.083645942562546
1807.2,10.6428664045768
1807.4,11.529762995525621
1807.6,11.518817854895405
1807.8,11.913324069636266
1808.0,12.551756163695238
1808.2,11.842036288323477
1808.4,12.713295985009829
1808.6,12.579453364350497
1808.8,13.322770156604678
1809.0,13.954235646574482
1809.2,13.286555122939161
1809.4,13.335605638800788
1809.6,12.252033667714862
1809.8,11.55813006577338
1810.0,11.39280063933242
1810.2,10.116545842659656
1810.4,9.89016451951784
1810.6,10.043966505672902
1810.8,10.12492968093062
1811.0,10.235557767278088
1811.2,10.050598862527577
1811.4,10.01460272510043
1811.6,9.842718531264037
1811.8,9.634355360090552
1812.0,9.377523283279931
1812.2,9.457689911355153
1812.4,10.195738996006337
1812.6,9.76992645235811
1812.8,9.646334369401613
1813.0,10.430593988565995
1813.2,11.117878951594838
1813.4,11.85116227194995
1813.6,10.878539761988769
1813.8,10.899509525067234
1814.0,11.79714877241701
1814.2,12.372794185270667
1814.4,12.450085313861091
1814.6,10.96368446500808
1814.8,11.06798737903489
1815.0,11.094773617980398
1815.2,10.735622247110134
1815.4,10.800400286913899
1815.6,11.060097521425245
1815.8,10.359409643129327
1816.0,11.32807980349911
1816.2,11.4305201797048
1816.4,10.890731149358022
1816.6,10.236453467887078
1816.8,10.655796542267675
1817.0,10.47649417832788
1817.2,11.108535644135284
1817.4,10.019589152675834
1817.6,10.889840200125384
1817.8,10.972074453704927
1818.0,11.4516773328456
1818.2,10.917239057057188
1818.4,11.428998887733497
1818.6,11.41958668111084
1818.8,11.9601800794734
1819.0,11.914886029564258
1819.2,11.896068990121165
1819.4,12.128993556948409
1819.6,12.144021249727235
1819.8,12.102737249395405
1820.0,12.141125543849586
1820.2,11.765973245990569
1820.4,11.783677129263175
1820.6,11.59821750372225
1820.8,12.136635344808447
1821.0,11.587389217975177
1821.2,11.762129437229401
1821.4,12.949639922633953
1821.6,13.004444469363122
1821.8,12.606180395328712
1822.0,12.82662021207054
1822.2,12.311269045246187
1822.4,12.922056740004006
1822.6,13.178548888619815
1822.8,13.091927908677132
1823.0,12.831995149267764
1823.2,13.475997964838509
1823.4,13.1371479426962
1823.6,12.898342441011328
1823.8,13.023068656312306
1824.0,13.154839226672319
1824.2,12.618109337072461
1824.4,13.416170012612234
1824.6,13.427331408756078
1824.8,13.005754319303737
1825.0,13.863623355932127
1825.2,13.445099624310664
1825.4,12.887664505606928
1825.6,12.465260328323666
1825.8,12.548913235452684
1826.0,13.519678430218011
1826.2,12.77582113454457
1826.4,14.12669394102438
1826.6,13.14226191876587
1826.8,13.89141660426809
1827.0,13.085298223700615
1827.2,13.730093325275929
1827.4,12.378876713475846
1827.6,13.14704318165151
1827.8,12.248573121821236
1828.0,11.700116335597201
1828.2,12.17018954621252
1828.4,11.727691958429041
1828.6,12.094420553508936
1828.8,13.222185507605868
1829.0,12.245852167013132
1829.2,12.422036729758883
1829.4,12.827412806440794
1829.6,12.521871949712564
1829.8,12.272326133449491
1830.0,13.453221722587884
1830.2,13.314819590732496
1830.4,12.799431460874608
1830.6,13.148967690683078
1830.8,13.249132060657756
1831.0,12.410066894603135
1831.2,13.040288550387318
1831.4,12.792126641640149
1831.6,12.398957300222042
1831.8,11.735039596064624
1832.0,12.346013516092526
1832.2,11.885582949532216
1832.4,12.154203188781754
1832.6,11.90015909793913
1832.8,13.006217350733602
1833.0,12.962619502985236
1833.2,11.935084906820524
1833.4,12.04162462362687
1833.6,11.827512531092923
1833.8,10.812680333839753
1834.0,12.14124446353063
1834.2,12.653862666344125
1834.4,12.566351696337252
1834.6,12.458851373365471
1834.8,11.342567767828484
1835.0,11.785556367870358
1835.2,12.085394234783156
1835.4,12.252414360126627
1835.6,12.940764162490808
1835.8,11.940396791979326
1836.0,11.911446186787982
1836.2,12.440317890615738
1836.4,11.993899480656259
1836.6,12.207021774607883
1836.8,12.564392282778842
1837.0,13.22470112260701
1837.2,13.638301082854058
1837.4,13.559600705982465
1837.6,13.937592953428359
1837.8,12.434983174227677
1838.0,12.793934211491386
1838.2,13.413264149952077
1838.4,11.969890421185742
1838.6,12.561865225537641
1838.8,13.390344137093555
1839.0,14.008899542486885
1839.2,13.79802464249918
1839.4,13.614143045244552
1839.6,12.679855177107582
1839.8,12.13965362474027
1840.0,13.351885536212043
1840.2,13.527169026670535
1840.4,13.456503576983259
1840.6,13.96933497118167
1840.8,14.068513196828343
1841.0,13.297943750559638
1841.2,13.308032029009595
1841.4,12.971651325152108
1841.6,13.852576626288451
1841.8,12.945324008308676
1842.0,12.442493976226688
1842.2,12.999227265151541
1842.4,13.309272248336324
1842.6,13.322200300329287
1842.8,13.88010525451268
1843.0,12.75225083998279
1843.2,13.746942573969338
1843.4,13.65281006463447
1843.6,13.298380851040042
1843.8,12.268783476504714
1844.0,12.74048071773161
1844.2,13.920720824206985
1844.4,13.611667841173315
1844.6,13.320790542232444
1844.8,13.244846229014566
1845.0,13.66389030210156
1845.2,13.490345131188636
1845.4,13.923404406354866
1845.6,13.454493981331995
1845.8,13.541075343796997
1846.0,13.287785483937832
1846.2,13.66931424872545
1846.4,13.404940195337048
1846.6,13.5827027011306
1846.8,13.17244223821193
1847.0,12.887044867986024
1847.2,12.706963218729882
1847.4,12.146559393694842
1847.6,12.682663126122865
1847.8,12.29728111335614
1848.0,12.982403064811976
1848.2,13.364203037305082
1848.4,12.864776541415326
1848.6,12.622091723790682
1848.8,11.752551212715243
1849.0,12.054660858259396
1849.2,11.941589011451816
1849.4,12.424552547510878
1849.6,11.523207215151297
1849.8,11.346855648129326
1850.0,10.544421974950048
1850.2,11.820733259253288
1850.4,12.460331207853068
1850.6,11.317801243674868
1850.8,11.716853314441735
1851.0,11.603319619638544
1851.2,11.889270000713655
1851.4,11.856309308048022
1851.6,11.46871718645222
1851.8,12.190788483490369
1852.0,11.823713802727019
1852.2,10.69303791942929
1852.4,10.047943467698621
1852.6,11.384801106619992
1852.8,10.438530670482805
1853.0,11.655608500342293
1853.2,10.815235820578595
1853.4,11.705311468763979
1853.6,11.987364498968143
1853.8,12.359330918687746
1854.0,12.463137305914227
1854.2,12.260225595565515
1854.4,11.94003139714039
1854.6,11.808526218936672
1854.8,12.431645720029751
1855.0,12.513598902361911
1855.2,12.177880360096175
1855.4,12.017036063875368
1855.6,11.965925356166219
1855.8,12.037868619998278
1856.0,11.866535594214307
1856.2,11.393294292457792
1856.4,13.022479531834117
1856.6,13.287428332750348
1856.8,12.770354177808688
1857.0,12.791493274751204
1857.2,13.021946255208771
1857.4,12.426423431319524
1857.6,12.809876665239312
1857.8,12.384088372342587
1858.0,12.420668483385684
1858.2,11.995164957523075
1858.4,12.982677405630232
1858.6,12.925544246226796
1858.8,11.459886240245975
1859.0,11.679271236061656
1859.2,11.713317745027991
1859.4,13.149820754258696
1859.6,13.443059995178109
1859.8,12.692596129596252
1860.0,13.229563446351113
1860.2,12.549963816128901
1860.4,11.906183100862473
1860.6,12.453758294651177
1860.8,11.736763197092221
1861.0,11.83171207733004
1861.2,12.731389534698614
1861.4,12.425113657053341
1861.6,11.942740048383016
1861.8,11.690990266946564
1862.0,12.177600182911457
1862.2,12.703808286461335
1862.4,12.719852939032272
1862.6,12.60734044829698
1862.8,12.665025078877193
1863.0,11.600827932902282
1863.2,11.563672615396785
1863.4,11.662609768097667
1863.6,11.235881946972013
1863.8,10.91309052070746
1864.0,11.826344691261871
1864.2,12.143487323171229
1864.4,12.784103629755217
1864.6,12.371923852594493
1864.8,12.35642989285008
1865.0,12.59422951589379
1865.2,12.44129792473457
1865.4,12.31343260634893
1865.6,11.130237858465613
1865.8,11.851305325318744
1866.0,11.588490634455813
1866.2,11.811286483308969
1866.4,10.782763509076368
1866.6,10.82681647868128
1866.8,11.449559494564681
1867.0,11.441044135701947
1867.2,11.94719736777139
1867.4,12.049337925709036
1867.6,12.052084210741915
1867.8,11.93946213097744
1868.0,12.021916422496759
1868.2,11.873902937113314
1868.4,11.747454316526225
1868.6,11.719917510319506
1868.8,11.686426855374032
1869.0,11.82428774926196
1869.2,12.184234876429482
1869.4,11.714559252241896
1869.6,11.689694087870048
1869.8,11.048255815414354
1870.0,11.712021575541252
1870.2,12.388136733470192
1870.4,12.430284329712578
1870.6,11.689107449337863
1870.8,12.430011434398775
1871.0,12.900431612487369
1871.2,12.8180533473484
1871.4,12.890611064795898
1871.6,12.436948681670026
1871.8,13.062974781446359
1872.0,12.570983995651995
1872.2,11.819757714094933
1872.4,12.40112993618596
1872.6,12.066098834156518
1872.8,12.981755123449366
1873.0,11.50925580421922
1873.2,11.968020699207479
1873.4,12.556007473136361
1873.6,12.412661053654828
1873.8,12.343434492899956
1874.0,11.26990076064288
1874.2,11.840146414285257
1874.4,11.89737265542435
1874.6,11.506539384447375
1874.8,11.968850230179335
1875.0,12.135685281931284
1875.2,11.875639834659715
1875.4,11.923404062665195
1875.6,11.671932971661885
1875.8,12.128401219226943
1876.0,12.259757812642638
1876.2,11.795047877367423
1876.4,12.043760190990652
1876.6,12.185536191540036
1876.8,12.21771769397057
1877.0,11.948229934025134
1877.2,11.92037630087154
1877.4,11.757830807051427
1877.6,11.587713394124677
1877.8,12.019348887627414
1878.0,11.718447065247057
1878.2,11.790758264547867
1878.4,11.870386904910523
1878.6,12.084466361306037
1878.8,11.885599700279602
1879.0,12.135679349151765
1879.2,11.843384215473527
1879.4,12.333531727959757
1879.6,12.130178322090469
1879.8,12.060203520283544
1880.0,12.092164352485113
1880.2,11.989678478384334
1880.4,12.03058421212259
1880.6,11.871409482605737
1880.8,11.802158814827838
1881.0,11.76278244538402
1881.2,11.526929119265528
1881.4,11.641547306814743
1881.6,11.783248879155025
1881.8,11.915807055643475
1882.0,11.247066952267328
1882.2,11.122826301083272
1882.4,11.186317623872824
1882.6,11.851933923262955
1882.8,11.429577064561743
1883.0,11.488162462700526
1883.2,11.722309255694434
1883.4,11.94272465035667
1883.6,11.901591797582324
1883.8,11.997878858541306
1884.0,12.482016619564293
1884.2,11.904348957224196
1884.4,11.807025177068587
1884.6,11.789181859793405
1884.8,12.132552193750996
1885.0,12.451058195921638
1885.2,12.079295014358467
1885.4,12.300563531047153
1885.6,12.659401216999438
1885.8,12.448081307072151
1886.0,11.647688822110567
1886.2,11.108189135688946
1886.4,11.902387388415343
1886.6,11.924409037646058
1886.8,12.534512941532238
1887.0,12.890110044124343
1887.2,12.267697038103018
1887.4,12.340228701682603
1887.6,12.182025473816884
1887.8,12.176867308604889
1888.0,11.90826719336412
1888.2,12.44604706321179
1888.4,11.05553210213657
1888.6,12.287297998066586
1888.8,12.367052745945657
1889.0,13.21975508802291
1889.2,13.12450032281546
1889.4,12.79592627172109
1889.6,12.61879372893006
1889.8,13.046726357145314
1890.0,12.462638428183224
1890.2,12.34118866953006
1890.4,12.605170694196064
1890.6,12.301486954698147
1890.8,12.241493134622264
1891.0,12.514488203689156
1891.2,12.094373185475398
1891.4,11.584711763270048
1891.6,11.846832349019023
1891.8,11.867565154079706
1892.0,11.890484060239556
1892.2,11.65214453288159
1892.4,11.180809668716844
1892.6,11.119832380234016
1892.8,11.359408003679647
1893.0,11.43871765330095
1893.2,10.99682231338305
1893.4,10.762304394109968
1893.6,10.372197254287991
1893.8,10.833311740323852
1894.0,11.919648220797663
1894.2,11.592565788647676
1894.4,12.124235938534564
1894.6,12.219754159955174
1894.8,11.676137011780913
1895.0,11.202693860173705
1895.2,11.407717898592624
1895.4,11.209157544953047
1895.6,11.333117629095224
1895.8,11.95279251361577
1896.0,11.401546237861231
1896.2,11.74267229586792
1896.4,11.764794437627566
1896.6,11.626658731269092
1896.8,11.463179342543103
1897.0,11.888907027515419
1897.2,11.601709006709841
1897.4,12.290981982604478
1897.6,11.157321129088036
1897.8,10.350628568044904
1898.0,10.549249465574794
1898.2,10.652825282577494
1898.4,11.04962652625044
1898.6,10.889923122636542
1898.8,10.98490518549313
1899.0,10.720466525428735
1899.2,10.71917534097884
1899.4,10.914828121981037
1899.6,10.956024931295188
1899.8,11.127642860981544
1900.0,11.621851843435776
1900.2,11.538250516571741
1900.4,11.289294316922591
1900.6,11.235061929862951
1900.8,10.672592528873201
1901.0,10.326860308880264
1901.2,10.376126093324178
1901.4,11.259882534345602
1901.6,11.179317451896786
1901.8,11.355676178446254
1902.0,11.361268638484834
1902.2,10.869090111238936
1902.4,11.03216966065672
1902.6,10.686882154858193
1902.8,10.808910858825506
1903.0,10.69099046214565
1903.2,10.449627594688504
1903.4,10.534984353487486
1903.6,10.632141324356459
1903.8,11.123127635724783
1904.0,10.833098625765054
1904.2,11.126319162065624
1904.4,11.017753872027196
1904.6,11.343368573404698
1904.8,10.92166863683042
1905.0,10.716774920909856
1905.2,10.970377451560193
1905.4,10.699815560067552
1905.6,10.517857086944577
1905.8,10.535007845969151
1906.0,10.653576355969058
1906.2,10.834836589104992
1906.4,11.393536231984381
1906.6,11.497775542311267
1906.8,10.923970838776727
1907.0,10.622352711074583
1907.2,11.287366256082436
1907.4,10.639635228987302
1907.6,10.546335976579165
1907.8,11.01380742575078
1908.0,11.4008657630937
1908.2,11.809600984504375
1908.4,11.614419484007843
1908.6,11.645330606657147
1908.8,11.379527735695502
1909.0,11.632280803396903
1909.2,10.964266811028198
1909.4,11.107731605312397
1909.6,10.857974181155264
1909.8,10.880107199165625
1910.0,10.979326681623874
1910.2,11.03034910650855
1910.4,10.863556062451556
1910.6,10.863920882045758
1910.8,10.610792985046913
1911.0,10.736169131787179
1911.2,10.813412603409393
1911.4,10.606012601548072
1911.6,10.235624010643953
1911.8,9.953473197882124
1912.0,10.22325278661726
1912.2,10.048366835119895
1912.4,9.913533941473428
1912.6,9.926525822487744
1912.8,10.241589956159489
1913.0,9.594858440289732
1913.2,9.925763437424818
1913.4,9.99265259980792
1913.6,9.790822162037756
1913.8,10.1433972554278
1914.0,9.90865336171548
1914.2,9.783846971045392
1914.4,9.7863988343641
1914.6,9.526934025184788
1914.8,9.751113960342236
1915.0,10.111746997010627
1915.2,10.25173349638268
1915.4,10.248360071980876
1915.6,10.547802272229035
1915.8,10.379321623388108
1916.0,10.80655883386487
1916.2,11.079747957569097
1916.4,10.87952005850032
1916.6,9.696471201960398
1916.8,10.144081031626657
1917.0,10.012181695368234
1917.2,9.987695807817419
1917.4,9.633516399420067
1917.6,9.608452233793022
1917.8,9.424952924659024
1918.0,9.698403978280698
1918.2,9.784694542215178
1918.4,9.642376877801592
1918.6,9.988442172094338
1918.8,10.116294889780198
1919.0,10.713628780378828
1919.2,11.489235620217894
1919.4,12.52960230376928
1919.6,12.460410027924514
1919.8,12.425480047150643
1920.0,12.679738850882883
1920.2,12.116344199804804
1920.4,10.348744128835595
1920.6,10.982140771570378
1920.8,10.955878037937392
1921.0,10.729158957081186
1921.2,11.038224507713918
1921.4,10.821972586018768
1921.6,11.604957500581943
1921.8,11.719551916413089
1922.0,11.989355055298237
1922.2,12.03248525168338
1922.4,12.037312835556227
1922.6,11.83710090053152
1922.8,11.573108222131431
1923.0,12.469547911675292
1923.2,12.404404405180781
1923.4,13.559734937660002
1923.6,13.606213483932892
1923.8,13.985841169900324
1924.0,13.497112262923467
1924.2,13.10132758421943
1924.4,13.48908273062909
1924.6,12.811696987018104
1924.8,12.129485244601305
1925.0,11.18654019948773
1925.2,13.254937328268335
1925.4,13.807728556451673
1925.6,13.311709460019268
1925.8,12.09676813420552
1926.0,12.074305479247851
1926.2,11.654328604336639
1926.4,12.438341813967163
1926.6,13.842273789040194
1926.8,12.767397203428828
1927.0,13.15240462314489
1927.2,13.026129946531238
1927.4,13.599350083604765
1927.6,12.724599091373612
1927.8,12.596916034147863
1928.0,11.904570422205595
1928.2,12.384727527979011
1928.4,11.796265064213491
1928.6,12.483608452835984
1928.8,12.965059909096855
1929.0,12.68478352426347
1929.2,12.965436459450896
1929.4,10.997856777450622
1929.6,11.547559290157148
1929.8,10.874935464524814
1930.0,11.1103297297372
1930.2,11.643055807605986
1930.4,11.228309069716591
1930.6,11.260894355815307
1930.8,12.705368352544424
1931.0,11.577775252518743
1931.2,10.755964499381527
1931.4,11.857898522912588
1931.6,12.14286152781405
1931.8,12.551124267730565
1932.0,11.681141619085986
1932.2,11.40106899035727
1932.4,11.5107668680017
1932.6,11.347355950443987
1932.8,11.905035026063043
1933.0,11.776314706037965
1933.2,12.309000709008524
1933.4,11.930495072686252
1933.6,12.036355636485522
1933.8,11.178307717517356
1934.0,12.402031347492112
1934.2,12.133728634180631
1934.4,12.201907745471924
1934.6,12.217899550956403
1934.8,11.692697505992795
1935.0,10.614162438079202
1935.2,10.03714404793783
1935.4,10.241099535878
1935.6,10.001456139288216
1935.8,9.87942159159911
1936.0,10.064049048161339
1936.2,10.182882453868327
1936.4,10.128597173657369
1936.6,10.07041075098889
1936.8,9.782207436024489
1937.0,9.777892176353301
1937.2,9.967285486943418
1937.4,10.334141015659238
1937.6,9.98472099429856
1937.8,9.930170335262876
1938.0,10.115636512451074
1938.2,10.026278720159723
1938.4,9.66996089063804
1938.6,9.263327702263416
1938.8,9.763760969979767
1939.0,9.887949176353617
1939.2,9.655124212904587
1939.4,9.706384179986983
1939.6,10.113632080901876
1939.8,9.9099244217745
1940.0,9.880692263889083
1940.2,9.946238744764974
1940.4,10.944916357422933
1940.6,10.677444080956093
1940.8,11.935118296291263
1941.0,11.900917381320292
1941.2,12.05335058181067
1941.4,10.635131771209883
1941.6,11.196866078101568
1941.8,10.958697277248618
1942.0,10.860938841457095
1942.2,10.765903102100973
1942.4,10.590866948312208
1942.6,11.201423184901484
1942.8,11.584185287233739
1943.0,11.194779430790177
1943.2,10.736163089947189
1943.4,10.988358594263556
1943.6,10.751976035463407
1943.8,10.257273504238828
1944.0,10.622186903229903
1944.2,10.642650709201185
1944.4,11.27540703568306
1944.6,10.753834974071486
1944.8,10.633842041618983
1945.0,10.85066191697713
1945.2,11.737881351798123
1945.4,12.143270259118612
1945.6,11.64761777469364
1945.8,11.731680190779878
1946.0,11.367434197576106
1946.2,11.724002024905893
1946.4,11.350395832208498
1946.6,11.581979907068424
1946.8,10.49822022723635
1947.0,10.51368686659113
1947.2,10.711387047549536
1947.4,12.16730123651281
1947.6,11.672969948527694
1947.8,11.017119853745283
1948.0,10.615762096281308
1948.2,10.845153175162409
1948.4,10.7712989449834
1948.6,11.051942297527098
1948.8,11.919079709268175
1949.0,12.768439519137766
1949.2,12.859240215674015
1949.4,12.13761480747927
1949.6,11.853054089224075
1949.8,12.206640217130062
1950.0,12.613271155387668
1950.2,12.223339428491503
1950.4,12.485316375768551
1950.6,10.954764646902229
1950.8,12.081314100645766
1951.0,11.694450573350931
1951.2,10.984298692771894
1951.4,10.762285888184241
1951.6,10.737076054090235
1951.8,10.437644946050128
1952.0,10.52167112911934
1952.2,10.003553604978473
1952.4,10.311194958430063
1952.6,9.964493086039875
1952.8,10.86338326209625
1953.0,10.000347575565065
1953.2,9.8907768242392
1953.4,10.166443152622094
1953.6,10.229634319127667
1953.8,10.28609128475988
1954.0,10.151455949287076
1954.2,9.990441047100221
1954.4,10.23002791091486
1954.6,9.461722032901427
1954.8,9.149049814357658
1955.0,9.346083560462436
1955.2,9.039145161274188
1955.4,9.377905118764133
1955.6,9.178009500437309
1955.8,9.041366076982367
1956.0,9.3611208461047
1956.2,10.267344246771458
1956.4,9.469805034682091
1956.6,9.383388476466596
1956.8,9.404451038900607
1957.0,10.128836252295041
1957.2,9.391395957398224
1957.4,9.220608704268301
1957.6,9.632630804276694
1957.8,9.657933494965462
1958.0,10.033172396260301
1958.2,9.557170365062994
1958.4,9.692634800505923
1958.6,10.105281531112112
1958.8,9.69481493829885
1959.0,10.16765169001655
1959.2,10.074131152061705
1959.4,9.989540253057429
1959.6,9.76234690167431
1959.8,9.604072432295748
1960.0,9.808735518554276
1960.2,9.7460128012491
1960.4,9.79194772585624
1960.6,9.93938371281606
1960.8,9.623041696354003
1961.0,9.44899598231161
1961.2,9.49418733251228
1961.4,9.829567472720445
1961.6,9.552576620690388
1961.8,9.832150790273072
1962.0,9.497429329866257
1962.2,9.542402448340944
1962.4,9.740749898396595
1962.6,9.818218563135616
1962.8,10.030225615096741
1963.0,10.012107195594274
1963.2,9.799922522199505
1963.4,10.547660512512635
1963.6,10.106516739967503
1963.8,10.11304354496373
1964.0,10.294006268752868
1964.2,10.521565957807667
1964.4,10.997949314574495
1964.6,10.62429588739359
1964.8,10.680997113596897
1965.0,10.303416676329443
1965.2,10.570587232653848
1965.4,10.862028402682427
1965.6,11.41564707158382
1965.8,10.967049389797936
1966.0,11.520179148317432
1966.2,11.999751500522782
1966.4,11.90294851853617
1966.6,11.596952757979162
1966.8,11.484570800457652
1967.0,11.483757470163935
1967.2,11.339358539557587
1967.4,12.002627828640577
1967.6,11.48671454410239
1967.8,11.689404845387246
1968.0,11.630655341892354
1968.2,12.257136757171338
1968.4,11.969823809323373
1968.6,11.61582047995729
1968.8,11.968571945473766
1969.0,11.595572677276847
1969.2,11.652751103306628
1969.4,11.418320797710173
1969.6,11.267201327210024
1969.8,11.258332742860208
1970.0,11.263967879267444
1970.2,11.56018702505147
1970.4,11.59631357351449
1970.6,11.724863451673226
1970.8,11.58807973118849
1971.0,11.391965087135898
1971.2,11.491617672951797
1971.4,11.28674555865552
1971.6,11.246923952552079
1971.8,10.521807283288105
1972.0,11.521471129770802
1972.2,11.944848806349844
1972.4,11.608351744751463
1972.6,11.403446968349629
1972.8,11.561240407075585
1973.0,10.899235307822387
1973.2,11.305941675038415
1973.4,11.379976714653404
1973.6,11.785638825396694
1973.8,11.63057631746571
1974.0,11.883825909711902
1974.2,11.680325678693393
1974.4,12.215248137549239
1974.6,11.679582134858235
1974.8,11.33330763336243
1975.0,11.544209839484028
1975.2,11.972594238456507
1975.4,11.355750556576776
1975.6,11.476604684780922
1975.8,11.394711138772424
1976.0,11.511945645383218
1976.2,11.605999150618837
1976.4,12.019106821236997
1976.6,11.986131422578657
1976.8,11.801483262037944
1977.0,11.122712318246515
1977.2,10.999804193981912
1977.4,11.373689766319515
1977.6,11.332703788573646
1977.8,12.052718344912439
1978.0,11.929884937515762
1978.2,10.99841025674669
1978.4,11.30855020544412
1978.6,10.935243185999827
1978.8,11.077424157210503
1979.0,10.915686095639526
1979.2,11.372256554022782
1979.4,11.177787842885422
1979.6,10.760995187266573
1979.8,11.9299987004766
1980.0,12.401638035704984
1980.2,12.686884100342139
1980.4,12.43420928754839
1980.6,11.410244288343893
1980.8,11.41436795994488
1981.0,11.707179493910418
1981.2,11.261593948349402
1981.4,11.556942777204576
1981.6,11.73294166137415
1981.8,12.062427753866169
1982.0,12.076109274606395
1982.2,11.49489976068941
1982.4,11.499395713903786
1982.6,11.898799120003316
1982.8,11.85785537349467
1983.0,12.796901961561879
1983.2,11.850497677281663
1983.4,11.12336680960928
1983.6,11.299580205784427
1983.8,12.243027906607281
1984.0,12.682476116056257
1984.2,12.41790408757639
1984.4,12.727691821149225
1984.6,13.459285743775123
1984.8,13.036218834439769
1985.0,13.10742155334381
1985.2,12.40567795827108
1985.4,12.728609656537564
1985.6,12.72646431184684
1985.8,12.28584611316484
1986.0,12.12850342944181
1986.2,11.912189304930585
1986.4,12.54038353482053
1986.6,12.416335861893407
1986.8,12.560580526682354
1987.0,11.962621015826365
1987.2,11.7831939208598
1987.4,11.827519504001886
1987.6,11.815319634087597
1987.8,11.980402236254635
1988.0,12.123426204450142
1988.2,11.59507263735415
1988.4,12.608553864510124
1988.6,13.247557703999934
1988.8,12.587374973619998
1989.0,12.264678329672865
1989.2,13.154672976500589
1989.4,12.552486795409163
1989.6,11.732431308109925
1989.8,11.937673137838303
1990.0,11.411954441016439
1990.2,11.837957473136157
1990.4,12.049139117926487
1990.6,11.826076527248294
1990.8,12.763777808270877
1991.0,12.446761633983137
1991.2,12.667025648147304
1991.4,12.42693847959856
1991.6,11.759530472402675
1991.8,12.392027047296013
1992.0,12.205015515094004
1992.2,12.048903293752481
1992.4,11.839564001446263
1992.6,12.124463421046434
1992.8,11.666195399204163
1993.0,10.961177181263068
1993.2,11.599008671065524
1993.4,12.200739057977321
1993.6,11.942183569291505
1993.8,11.761512673487411
1994.0,12.519768367232501
1994.2,11.849350361200937
1994.4,11.877623725761989
1994.6,11.44654075822218
1994.8,11.96956633539477
1995.0,11.927171073754174
1995.2,12.293454918775454
1995.4,11.871470163083673
1995.6,13.077276423822173
1995.8,12.290826617266582
1996.0,11.91968865667021
1996.2,12.661311617510531
1996.4,12.128965450983324
1996.6,12.023800935884877
1996.8,12.156181072852686
1997.0,12.246423381061799
1997.2,13.49822263910344
1997.4,12.43946175272434
1997.6,13.02590094224264
1997.8,13.192573875497626
1998.0,12.564456241079052
1998.2,12.800633955284404
1998.4,12.551476401177691
1998.6,12.987191177635893
1998.8,13.094521444528713
1999.0,12.939590038193394
1999.2,12.311340553352652
1999.4,13.184098443907224
1999.6,12.872158454518415
1999.8,12.116288707840464
2000.0,12.349152979721143
2000.2,12.58833777774067
2000.4,13.175280696220977
2000.6,13.375990375638324
2000.8,13.985358571298168
2001.0,13.696365404528997
2001.2,13.554663307869601
2001.4,12.860628321941942
2001.6,12.853192287280567
2001.8,13.372944278369815
2002.0,13.050252117183657
2002.2,12.983811448294915
2002.4,12.961200311071263
2002.6,13.509624102975742
2002.8,13.426698595293146
2003.0,13.225933462271337
2003.2,13.261281812353662
2003.4,12.818522864610408
2003.6,12.79939602306805
2003.8,11.219641553514549
2004.0,12.112358326449277
2004.2,11.794440877849294
2004.4,12.697074937356163
2004.6,13.180302120055297
2004.8,13.369633299049957
2005.0,12.308917637043521
2005.2,13.229742772829505
2005.4,13.427720143907829
2005.6,13.131238947895138
2005.8,12.652017276892702
2006.0,12.486982786675183
2006.2,12.948208003086979
2006.4,13.16531438090995
2006.6,12.401362669982987
2006.8,13.50334328575913
2007.0,13.17822048018289
2007.2,13.042234714387549
2007.4,11.632491140044161
2007.6,10.39649480437131
2007.8,11.636313995381844
2008.0,12.164053513059411
2008.2,12.103488158388224
2008.4,12.477712549414449
2008.6,12.962493243514446
2008.8,12.621767948336082
2009.0,12.65573255305322
2009.2,12.062340812952197
2009.4,12.620290464382496
2009.6,12.795075285424456
2009.8,13.34417922055831
2010.0,11.964779106434664
2010.2,11.93803216195617
2010.4,11.244947059519975
2010.6,10.784972603131743
2010.8,11.61479487119503
2011.0,11.143645449083902
2011.2,11.07757209210284
2011.4,10.431049587127202
2011.6,11.159189390179215
2011.8,10.509267815987585
2012.0,10.583469604416676
2012.2,9.855131167848857
2012.4,9.872577081557019
2012.6,9.988935656736729
2012.8,9.700851336557145
2013.0,10.008481290956006
2013.2,10.424434250974405
2013.4,9.99102173691971
2013.6,10.959782669129916
2013.8,10.892364959742075
2014.0,10.761141195852302
2014.2,10.877350524516736
2014.4,10.630805140518104
2014.6,9.846315502115822
2014.8,9.478961153752657
2015.0,10.009070829265285
2015.2,9.690391417876345
2015.4,9.895418489284076
2015.6,9.98615530999435
2015.8,10.735812962005266
2016.0,10.754612654144358
2016.2,10.874833304683271
2016.4,10.579051760958428
2016.6,10.41283824776867
2016.8,10.284559789524543
2017.0,9.953438209560607
2017.2,9.642154965300882
2017.4,9.728319344370233
2017.6,9.638639939197867
2017.8,9.629076582660922
2018.0,9.774414037554205
2018.2,9.91675560363413
2018.4,9.638143865660453
2018.6,9.407313368428474
2018.8,9.486975512451837
2019.0,9.650161419708876
2019.2,10.389727031803409
2019.4,10.487645443171411
2019.6,10.507503820819464
2019.8,10.751563964278088
2020.0,10.103424525306073
2020.2,10.6865505939754
2020.4,9.690861248944167
2020.6,9.564098130053218
2020.8,9.568228365272205
2021.0,9.730219814630763
2021.2,9.522041284854021
2021.4,9.92257920573684
2021.6,10.464072204433695
2021.8,10.23883037287501
2022.0,10.990041948597673
2022.2,11.251810603835724
2022.4,11.382401350081313
2022.6,11.817719596196053
2022.8,11.593951716887945
2023.0,11.205072468099754
2023.2,11.822529075011426
2023.4,11.98814266380171
2023.6,12.273853136728093
2023.8,11.979022587653228
2024.0,11.55925109336419
2024.2,11.232302664365303
2024.4,11.576636178635756
2024.6,11.040470552770875
2024.8,11.106989889220547
2025.0,11.030679196552866
2025.2,11.599568123897594
2025.4,11.76868920751289
2025.6,11.336209276837746
2025.8,11.575921077247461
2026.0,11.220320516246296
2026.2,10.791809589095783
2026.4,10.888817718342592
2026.6,10.41102933474676
2026.8,10.310585141986781
2027.0,10.254474705589221
2027.2,11.20321569389378
2027.4,11.510520746481482
2027.6,11.774637423873767
2027.8,11.54318276595018
2028.0,11.747392605577936
2028.2,11.945886816528278
2028.4,11.778336516895301
2028.6,11.67790501721756
2028.8,11.418151884892296
2029.0,11.427206319539184
2029.2,11.869479173075781
2029.4,11.886934492665766
2029.6,11.868761023762815
2029.8,11.311528996882583
2030.0,11.602290848833995
2030.2,12.229730149992296
2030.4,12.203881262648455
2030.6,11.812666724744181
2030.8,11.91012302106911
2031.0,11.32668227788717
2031.2,12.103791291339355
2031.4,11.778917685329342
2031.6,11.881510452565978
2031.8,11.912960668711303
2032.0,11.982745809760226
2032.2,12.095409137491853
2032.4,11.937762762790939
2032.6,12.013365102644794
2032.8,12.18356725117977
2033.0,12.366404350111031
2033.2,11.87138752480271
2033.4,12.15578091628008
2033.6,11.539665288748362
2033.8,11.839838218520406
2034.0,11.185876389477077
2034.2,11.510524323225734
2034.4,11.747768420047604
2034.6,12.279887217617587
2034.8,12.174524221691696
2035.0,12.270166046456678
2035.2,11.829352461979088
2035.4,11.496828547205473
2035.6,11.911182665396854
2035.8,12.358929176383725
2036.0,13.044024736929035
2036.2,12.808510862025866
2036.4,12.437655830371973
2036.6,12.865946947226416
2036.8,12.505926210137709
2037.0,11.337008770240157
2037.2,11.929258125608635
2037.4,11.85413999477772
2037.6,11.820719430490502
2037.8,12.954654745560346
2038.0,13.45122708347419
2038.2,13.870078918035436
2038.4,13.063906223971005
2038.6,13.952360909871578
2038.8,13.48014727217584
2039.0,13.779286961536684
2039.2,12.826598629097107
2039.4,12.211309507767476
2039.6,12.100249849805707
2039.8,12.082623814645334
2040.0,12.249208167946914
2040.2,12.08352475246273
2040.4,12.307216665914497
2040.6,12.67413459451731
2040.8,12.818979135102577
2041.0,12.437804923791166
2041.2,12.476555068821913
2041.4,13.149312770658755
2041.6,12.462114136071058
2041.8,12.177796374378769
2042.0,12.854352211687033
2042.2,12.485322850159177
2042.4,13.426791118132508
2042.6,12.62010881344258
2042.8,13.243934830470842
2043.0,12.7604550339222
2043.2,13.210847892561766
2043.4,12.740671119572745
2043.6,12.07195718868425
2043.8,11.887544331055262
2044.0,12.357427237562252
2044.2,12.192902549160568
2044.4,12.544059588093697
2044.6,12.326937969697859
2044.8,11.808555629736821
2045.0,12.392666402517493
2045.2,12.870550104812885
2045.4,11.973400488942287
2045.6,12.093218553026162
2045.8,13.087678613637978
2046.0,12.958795410441555
2046.2,12.214119631031151
2046.4,12.055644939260324
2046.6,12.667771827926927
2046.8,12.942057378539618
2047.0,12.820092734400138
2047.2,12.628081704028354
2047.4,13.056469890445834
2047.6,13.18496803692611
2047.8,12.908850346720218
2048.0,12.65462226206516
2048.2,12.44895068127976
2048.4,12.845582837589347
2048.6,12.846308061158139
2048.8,12.711219520154938
2049.0,12.278494985367237
2049.2,12.866379183784415
2049.4,12.641973026982708
2049.6,13.914767219550141
2049.8,13.311712141004936
2050.0,13.09197050487281
2050.2,13.68059239317599
2050.4,13.70977465797025
2050.6,13.089101194299108
2050.8,12.940201110640455
2051.0,12.383274814770317
2051.2,12.815992336730606
2051.4,13.348361914381602
2051.6,12.22761012339997
2051.8,11.548339056497682
2052.0,11.618997707254518
2052.2,12.638868311350143
2052.4,11.932176821524102
2052.6,12.486344528255493
2052.8,12.872782891321975
2053.0,13.199721627886385
2053.2,13.000011278487065
2053.4,12.36134490962791
2053.6,12.636311103296414
2053.8,12.969200557883326
2054.0,12.551242976274679
2054.2,12.96775373222663
2054.4,12.048732511506646
2054.6,12.323273612260511
2054.8,11.368425990729738
2055.0,11.969999557397985
2055.2,11.257013732592036
2055.4,10.533193256318716
2055.6,10.44438168543602
2055.8,10.392785992672465
2056.0,11.087854268429655
2056.2,10.708695143355609
2056.4,10.158004018341838
2056.6,10.469735379509162
2056.8,11.379098778654164
2057.0,11.055452926848643
2057.2,11.730658199231307
2057.4,11.02843819710741
2057.6,11.446301702833699
2057.8,11.45808391071772
2058.0,11.413721026783357
2058.2,11.791410995098419
2058.4,10.802282401227592
2058.6,10.722412412296038
2058.8,11.279912138194776
2059.0,11.289977250411045
2059.2,11.513313853268174
2059.4,12.130079029744955
2059.6,11.453544450635011
2059.8,12.896692062324034
2060.0,13.056059429855633
2060.2,12.331621853619206
2060.4,12.482284612088026
2060.6,12.402642850172324
2060.8,12.401198805499272
2061.0,12.099839738830083
2061.2,13.108303229948008
2061.4,12.537360611826722
2061.6,12.057464434459341
2061.8,12.979253482400274
2062.0,12.078410154159105
2062.2,13.033975207387465
2062.4,13.383391127226076
2062.6,12.311708398665402
2062.8,12.854547031343655
2063.0,12.786009939994427
2063.2,11.479028487659908
2063.4,12.576654507798771
2063.6,11.908406300581746
2063.8,12.202179621278539
2064.0,12.005417393066839
2064.2,11.763856640557854
2064.4,11.754753595691819
2064.6,11.403932698763132
2064.8,11.084237653087893
2065.0,10.558850103706462
2065.2,11.242907530560737
2065.4,11.199185264954883
2065.6,10.16872706386357
2065.8,9.978863094750585
2066.0,9.868015725435265
2066.2,10.142342004786098
2066.4,10.134815590714737
2066.6,10.191373413107197
2066.8,10.07099263665773
2067.0,10.041873235063665
2067.2,10.35092802896035
2067.4,10.538032214132631
2067.6,10.12517942846922
2067.8,10.725073304767111
2068.0,10.331095188716947
2068.2,9.603774396329328
2068.4,9.698753975668131
2068.6,9.607812763077769
2068.8,9.747807660800373
2069.0,9.861459794834479
2069.2,10.238438270859271
2069.4,10.850590144451216
2069.6,10.902476138495512
2069.8,11.076095218136095
2070.0,11.967972921924272
2070.2,11.511446223383256
2070.4,11.290271821476319
2070.6,11.52285022870026
2070.8,11.185513786751809
2071.0,10.929478317622795
2071.2,10.792661652248157
2071.4,11.617882069498416
2071.6,11.533153910437932
2071.8,11.570557099109514
2072.0,11.92181234802429
2072.2,11.749947563262868
2072.4,11.672600277875349
2072.6,12.314642216429995
2072.8,13.020480693610835
2073.0,12.070472045982585
2073.2,11.721424921435169
2073.4,11.890452910444967
2073.6,11.271281787989547
2073.8,11.080721150960628
2074.0,10.840962921896072
2074.2,11.544928939215469
2074.4,11.527579356300208
2074.6,11.311080135191588
2074.8,11.707323947715922
2075.0,11.839291131562016
2075.2,11.690724794782623
2075.4,10.96410088738389
2075.6,11.666515656855147
2075.8,11.371639129349
2076.0,12.405791935267862
2076.2,11.81553292711943
2076.4,10.794868121939858
2076.6,10.769037801277083
2076.8,11.694020658808167
2077.0,11.164665019163206
2077.2,10.534112545477134
2077.4,11.026609896023757
2077.6,11.646619536496415
2077.8,11.379080538388367
2078.0,12.501962897615915
2078.2,11.709130029514231
2078.4,11.356791712965475
2078.6,12.467553475403523
2078.8,11.92758208103147
2079.0,11.461644207711533
2079.2,11.226274958314594
2079.4,11.009517317175328
2079.6,11.139610329710187
2079.8,10.402050323175649
2080.0,10.394997752011001
2080.2,10.46842492996149
2080.4,10.806036292223508
2080.6,11.068784040402777
2080.8,11.112463505393421
2081.0,10.953426410733114
2081.2,10.602898868986424
2081.4,10.712346549133922
2081.6,10.198643036000455
2081.8,10.022190842054231
2082.0,10.937650872453792
2082.2,10.83409574571939
2082.4,11.053845770505426
2082.6,11.488598870230891
2082.8,11.580688678639339
2083.0,11.727938321933353
2083.2,11.271508788156918
2083.4,11.393426588355574
2083.6,11.380442738778411
2083.8,11.475803364908614
2084.0,11.486114269999694
2084.2,11.782275169349267
2084.4,11.68515021375911
2084.6,11.53720165212171
2084.8,10.907809436248533
2085.0,11.636653698168685
2085.2,10.556463549391314
2085.4,10.51843871494524
2085.6,11.881778380221053
2085.8,10.875882654218785
2086.0,11.521386692779965
2086.2,10.981908036123553
2086.4,11.255470845442483
2086.6,11.114209107861226
2086.8,11.021193597365905
2087.0,10.710828560846943
2087.2,11.017114352410307
2087.4,10.78751895554085
2087.6,10.828253600766642
2087.8,10.953255902658693
2088.0,11.108823859967904
2088.2,11.069935223217168
2088.4,10.816232665523536
2088.6,10.606097858352577
2088.8,10.678292834905871
2089.0,10.64223323501138
2089.2,9.716130342079495
2089.4,10.03604261786876
2089.6,10.448673170259186
2089.8,10.129646801144215
2090.0,10.280260811183792
2090.2,10.50799270245063
2090.4,10.67670259470075
2090.6,10.659138914098703
2090.8,11.465801147832355
2091.0,12.557842074388068
2091.2,11.637296387961815
2091.4,11.702168419399776
2091.6,12.165837242199046
2091.8,11.641562314885697
2092.0,12.083666099404752
2092.2,12.100360573988596
2092.4,11.724372456046517
2092.6,11.208897262307424
2092.8,10.716957822453239
2093.0,10.467308846937616
2093.2,10.646019514514771
2093.4,10.64723013339838
2093.6,11.129739452225618
2093.8,11.116829784622393
2094.0,11.088853609091752
2094.2,10.746727507905476
2094.4,10.795261217814813
2094.6,10.910624777964122
2094.8,10.607739719954218
2095.0,10.513566787483729
2095.2,10.402457568599068
2095.4,11.65836650530865
2095.6,11.22970069739633
2095.8,10.589786003764557
2096.0,9.851397740863161
2096.2,9.932978793049216
2096.4,9.965223623648928
2096.6,10.96093621063537
2096.8,11.22801328740248
2097.0,11.139766078702744
2097.2,10.649957629494168
2097.4,10.587256470746071
2097.6,10.940382020216726
2097.8,10.932727603904151
2098.0,10.691556947590728
2098.2,11.00676064917364
2098.4,11.04912685531695
2098.6,11.661465581863897
2098.8,11.393578697871607
2099.0,11.424514990038348
2099.2,11.595756013473542
2099.4,11.610825697476159
2099.6,12.173780238230538
2099.8,11.975176567791873
2100.0,11.853649617218956
2100.2,11.252239679972886
2100.4,11.180482787401436
2100.6,11.527797933534023
2100.8,11.398509357614026
2101.0,11.341033335036478
2101.2,11.095503724847921
2101.4,10.675120012073638
2101.6,11.404845115361384
2101.8,11.35880946669209
2102.0,11.092122085518966
2102.2,10.76485133561187
2102.4,10.338102852753623
2102.6,11.442106173022745
2102.8,11.105927378473377
2103.0,10.463023601002774
2103.2,10.600696835937388
2103.4,10.495398059201321
2103.6,10.675979935572425
2103.8,9.826142084651593
2104.0,9.153070617311478
2104.2,10.16730370028114
2104.4,10.461614411661497
2104.6,10.904086501204391
2104.8,11.275265019226246
2105.0,10.569937860429793
2105.2,10.736696566867153
2105.4,11.751807217221428
2105.6,11.74297970449067
2105.8,11.481701700502017
2106.0,11.926185843410217
2106.2,11.662243382662895
2106.4,11.682985037870893
2106.6,11.709130157277336
2106.8,11.904204045262986
2107.0,12.032343681734263
2107.2,12.506529213512149
2107.4,12.173728499732363
2107.6,11.828341495591125
2107.8,12.124448431593082
2108.0,12.218042847279566
2108.2,12.208154144947303
2108.4,11.187044424580357
2108.6,11.037843323205038
2108.8,11.514567765680411
2109.0,11.907558300663846
2109.2,11.823050652033979
2109.4,11.24659327052646
2109.6,10.913757764998746
2109.8,10.943947172629368
2110.0,10.735451081692176
2110.2,10.418820907526658
2110.4,11.05060750024002
2110.6,11.426873522181282
2110.8,11.852830504410585
2111.0,11.734596751352033
2111.2,11.257067025011498
2111.4,11.265964084465232
2111.6,11.24570070918524
2111.8,10.820650784000442
2112.0,11.339588716125014
2112.2,11.70634673320569
2112.4,11.522034234318244
2112.6,11.54212158739137
2112.8,11.729165895138138
2113.0,11.402514349572348
2113.2,11.043349698698531
2113.4,11.610379975329955
2113.6,12.364413022813077
2113.8,11.284502960377946
2114.0,11.953736376967017
2114.2,11.663610465684371
2114.4,11.249492348680645
2114.6,10.746701238208269
2114.8,11.11604940531919
2115.0,11.567400359392934
2115.2,11.48033338320608
2115.4,11.207392712049934
2115.6,11.418924097831685
2115.8,11.401015870803331
2116.0,11.52120201647702
2116.2,10.701149651629676
2116.4,10.523652795876515
2116.6,10.409789687528729
2116.8,10.495982385127187
2117.0,10.357909022939802
2117.2,10.666039267782066
2117.4,10.594164911313603
2117.6,10.749627455797794
2117.8,10.535874316794489
2118.0,10.417512842945435
2118.2,10.779616414761982
2118.4,11.555842432832781
2118.6,10.233746944666173
2118.8,10.553427877790273
2119.0,10.16317764649518
2119.2,10.201487768320705
2119.4,9.97972801532309
2119.6,10.15970396688389
2119.8,10.70955819505203
2120.0,10.504198129853084
2120.2,11.29651302150876
2120.4,10.731096549137146
2120.6,11.2794570720759
2120.8,11.02739962734476
2121.0,11.512270281091093
2121.2,11.206612493992683
2121.4,11.109821997943962
2121.6,10.860906652455322
2121.8,10.966653984975059
2122.0,11.302876957055474
2122.2,11.318127260257198
2122.4,11.254516059631047
2122.6,11.247053208276911
2122.8,11.314294797715599
2123.0,11.278002474942827
2123.2,11.285162181197922
2123.4,11.723384200541542
2123.6,11.50465623978706
2123.8,11.369681319679238
2124.0,11.241052737094394
2124.2,11.151764743552084
2124.4,11.724179979532774
2124.6,11.228899609016455
2124.8,11.078754830585256
2125.0,10.860596411355804
2125.2,10.592624482545435
2125.4,11.138732369160333
2125.6,11.208026103749509
2125.8,11.064035554283581
2126.0,11.060734921731212
2126.2,10.977128540496807
2126.4,11.189564617175723
2126.6,10.819620581546188
2126.8,10.93326947979081
2127.0,10.818683021827525
2127.2,11.065917949144461
2127.4,10.91574371393076
2127.6,10.64495186918519
2127.8,10.827260138285734
2128.0,10.688763076943118
2128.2,10.589493119623938
2128.4,10.777767766817108
2128.6,10.66095150976555
2128.8,10.939881467334418
2129.0,10.999309344706106
2129.2,10.689375709529205
2129.4,10.969957604663174
2129.6,10.431547407818824
2129.8,10.629817349579085
2130.0,10.60929058445906
2130.2,10.56745366892442
2130.4,10.557764050626645
2130.6,10.596175450311968
2130.8,10.862828374860815
2131.0,10.883134325312085
2131.2,10.895097780023482
2131.4,10.59108595776257
2131.6,10.8922840231143
2131.8,10.779275186223519
2132.0,10.68766541009747
2132.2,10.800852107868039
2132.4,10.931288323292446
2132.6,10.76795782561682
2132.8,10.478080342871346
2133.0,10.76682361550164
2133.2,10.82403598748893
2133.4,10.706595520320265
2133.6,10.933170341503441
2133.8,10.786515157300528
2134.0,10.903440421302232
2134.2,10.786354687163819
2134.4,10.87460273487874
2134.6,10.362826096922674
2134.8,10.720607020175994
2135.0,10.30979234858308
2135.2,10.673369989283145
2135.4,10.19190959286112
2135.6,10.495029730502228
2135.8,10.681599175686266
2136.0,10.811559856320772
2136.2,10.848008056626599
2136.4,11.152781204809408
2136.6,10.687547378712877
2136.8,10.898096613406059
2137.0,10.592921848809404
2137.2,10.521458388122142
2137.4,10.674439099373238
2137.6,10.660286417383942
2137.8,10.299586035353677
2138.0,10.846795036958966
2138.2,10.551333375240176
2138.4,10.635676035980655
2138.6,10.92700433272719
2138.8,10.663752203609185
2139.0,10.670057597251091
2139.2,10.600915126710696
2139.4,10.440828188631581
2139.6,10.765851588958565
2139.8,10.562372844079269
2140.0,10.423894806272806
2140.2,10.6841876891514
2140.4,10.874853286031932
2140.6,10.900752631168578
2140.8,10.606651034317444
2141.0,10.880003792574602
2141.2,11.183545993266168
2141.4,10.663584744298527
2141.6,10.595136002727601
2141.8,11.14745533561212
2142.0,11.068721634102376
2142.2,11.13576266414858
2142.4,10.537990411456416
2142.6,10.812491836576935
2142.8,10.791704752256805
2143.0,10.678205787433033
2143.2,10.769063978868527
2143.4,10.737232069118178
2143.6,11.009890654168544
2143.8,10.718539212624261
2144.0,10.934260202883978
2144.2,10.952909620923228
2144.4,11.098206734885652
2144.6,10.661519338063476
2144.8,11.332696014835676
2145.0,10.754698990874127
2145.2,10.7831614514304
2145.4,11.14619066081852
2145.6,10.793745980903749
2145.8,10.959523328031652
2146.0,10.79531575709471
2146.2,10.663047811390165
2146.4,10.886038820364599
2146.6,10.918397568445695
2146.8,10.717321902235524
2147.0,10.61245466156441
2147.2,10.439929655651436
2147.4,10.694327069297776
2147.6,9.948694951181384
2147.8,10.375924595102044
2148.0,10.823357760816652
2148.2,10.318107156382315
2148.4,10.69750429992693
2148.6,10.220070287955764
2148.8,10.485057862446556
2149.0,10.646866652247386
2149.2,10.888848586505063
2149.4,10.654904306473554
2149.6,10.63641541623312
2149.8,10.790349186688445
2150.0,10.816318589238822
2150.2,10.881691834473719
2150.4,10.735488913762122
2150.6,10.912533202979603
2150.8,10.29389267303063
2151.0,10.110887426269572
2151.2,10.406436270250222
2151.4,10.551782361451146
2151.6,10.469548221337748
2151.8,10.627918225055424
2152.0,10.824426852767864
2152.2,10.83331281297815
2152.4,10.928351933613627
2152.6,10.774263800948816
2152.8,10.192976687426272
2153.0,10.308674681998124
2153.2,10.692408710236672
2153.4,10.468480551210398
2153.6,10.465510562599148
2153.8,10.291801760352058
2154.0,10.300746023819283
2154.2,10.34553683268518
2154.4,10.263080905775174
2154.6,10.421245867472662
2154.8,9.886580347182514
2155.0,10.157700594653566
2155.2,9.995851360295681
2155.4,10.116152396271552
2155.6,10.322134583411835
2155.8,10.267146701273798
2156.0,10.303495466260749
2156.2,10.271878129074858
2156.4,10.2746323865677
2156.6,10.303224541454505
2156.8,10.256314809960605
2157.0,10.04115468142906
2157.2,10.03428257418751
2157.4,10.348844024626562
2157.6,10.315164505461528
2157.8,10.026577551334945
2158.0,10.114344022416548
2158.2,10.361974737746758
2158.4,10.310241238307183
2158.6,10.302645639118943
2158.8,9.742974076477408
2159.0,10.208476593999109
2159.2,10.113551976317627
2159.4,10.223306494163769
2159.6,10.485066199640327
2159.8,10.134892935875408
2160.0,10.522225986413762
2160.2,10.281198207273574
2160.4,10.387547810960022
2160.6,10.015059688008348
2160.8,10.429982027978756
2161.0,9.971770098845226
2161.2,9.971591963596177
2161.4,10.34494823757109
2161.6,10.373615005932708
2161.8,10.462993119422803
2162.0,10.285815114387571
2162.2,10.04645487815258
2162.4,10.350074392313807
2162.6,10.014792923430766
2162.8,9.869502565701435
2163.0,10.15329118366066
2163.2,9.88163034066498
2163.4,9.975267168281563
2163.6,10.204605250821592
2163.8,10.47517100625229
2164.0,10.248591827247939
2164.2,10.401058794829211
2164.4,10.36331306945227
2164.6,10.618262827741125
2164.8,10.717901684114558
2165.0,10.52570377807595
2165.2,10.388174202473678
2165.4,10.767168200903374
2165.6,10.093062443015429
2165.8,10.316124522730547
2166.0,10.751338334586908
2166.2,10.344991595126478
2166.4,10.381566449713883
2166.6,10.315570196010109
2166.8,11.396429367706443
2167.0,10.840167238306462
2167.2,11.12857458039731
2167.4,11.06426830001869
2167.6,10.259417025281323
2167.8,10.9282581136357
2168.0,10.542982909040543
2168.2,10.739523473125594
2168.4,10.81135958199958
2168.6,10.571181225479627
2168.8,11.22607169771037
2169.0,10.971228325828271
2169.2,10.75851339216844
2169.4,10.423985509570803
2169.6,10.820157799580505
2169.8,10.277049327703267
2170.0,10.744800703475727
2170.2,11.13356476806139
2170.4,10.543015593983611
2170.6,10.578624533608764
2170.8,10.554119774287043
2171.0,10.824261249689386
2171.2,10.57100882138414
2171.4,10.465574058546679
2171.6,10.744948668112427
2171.8,11.11275208855484
2172.0,10.64769635526773
2172.2,10.534431145036965
2172.4,10.105727041392637
2172.6,10.748244046308255
2172.8,10.256909297268741
2173.0,10.195259173402853
2173.2,9.862120318385863
2173.4,10.345149735785874
2173.6,9.76846678724381
2173.8,9.808476985995409
2174.0,9.895358927143938
2174.2,10.098480448475346
2174.4,10.083895522720475
2174.6,10.183343855658942
2174.8,9.832272377022758
2175.0,9.80545520723757
2175.2,10.331498847757889
2175.4,10.367783566302899
2175.6,10.526228276634146
2175.8,11.087623783434
2176.0,10.519779580539376
2176.2,10.600703438294516
2176.4,10.767260897010223
2176.6,10.6739959086559
2176.8,11.70564824486056
2177.0,10.90059241247392
2177.2,11.019579101428176
2177.4,10.583743023096527
2177.6,10.920971326838675
2177.8,10.94015599812926
2178.0,10.532842791708017
2178.2,10.425428513313433
2178.4,10.177247020809755
2178.6,10.333796009211596
2178.8,10.434480784784778
2179.0,10.416653123005705
2179.2,10.735378512527555
2179.4,11.180433998815275
2179.6,10.618076131056075
2179.8,10.424982327432417
2180.0,10.427580452223594
2180.2,10.712811876304706
2180.4,10.894216769037042
2180.6,10.773577073547214
2180.8,10.461307050316567
2181.0,11.561028350716711
2181.2,11.889354105855567
2181.4,11.629432441075526
2181.6,11.473933641115998
2181.8,11.668117725401824
2182.0,11.371944654301586
2182.2,11.582141774076781
2182.4,11.416984157556776
2182.6,11.597476386195387
2182.8,11.33240198266259
2183.0,11.315008844055068
2183.2,11.850396764200879
2183.4,11.02066243183007
2183.6,11.075553040762605
2183.8,11.541849906076918
2184.0,11.731452660949824
2184.2,11.374247706690133
2184.4,10.81356457942521
2184.6,11.12243901463871
2184.8,11.047390729549868
2185.0,11.012303062522815
2185.2,10.610231973164712
2185.4,10.318550996977345
2185.6,10.009815380753544
2185.8,10.195335150835191
2186.0,10.72875504130863
2186.2,11.55746231986949
2186.4,10.95504385602009
2186.6,10.688961140236213
2186.8,10.563926941735701
2187.0,10.457861322220996
2187.2,10.44812235218087
2187.4,10.665857175229652
2187.6,10.73718679243229
2187.8,10.402877905050925
2188.0,11.240420274379773
2188.2,11.183325968217657
2188.4,11.038269263167034
2188.6,10.85049839702057
2188.8,10.0741896237253
2189.0,9.964934898415974
2189.2,9.88160544995677
2189.4,9.326395576341103
2189.6,9.442788631675981
2189.8,9.160027763894048
2190.0,9.45009911501442
2190.2,9.439452859058505
2190.4,9.543104500581348
2190.6,9.493542180151666
2190.8,9.886299236450517
2191.0,9.82400022206471
2191.2,9.95071395153908
2191.4,9.142150908791711
2191.6,9.461138123127025
2191.8,9.826663081317225
2192.0,9.511726991471928
2192.2,9.996460683450195
2192.4,10.46472001628273
2192.6,9.860208023598005
2192.8,10.484211463084502
2193.0,10.18495450780338
2193.2,10.117169417463698
2193.4,9.836552950696792
2193.6,9.959043171471597
2193.8,10.037832891444168
2194.0,9.32185130866132
2194.2,9.54507197743864
2194.4,9.8133146917904
2194.6,9.356191177518587
2194.8,9.59307015458244
2195.0,10.052795309222066
2195.2,9.919420527803629
2195.4,9.623718620701
2195.6,9.280997957054803
2195.8,9.426348745217165
2196.0,9.944608814275986
2196.2,9.488695069811023
2196.4,9.51636507021076
2196.6,11.110864593287147
2196.8,10.988824419794174
2197.0,10.600893425508557
2197.2,9.771258288702873
2197.4,9.527984355931277
2197.6,9.245480141044867
2197.8,9.23156827818108
2198.0,9.516965772799308
2198.2,8.938995141284364
2198.4,8.842979981571414
2198.6,9.100341775408571
2198.8,8.995348955512316
2199.0,8.878553473043244
2199.2,8.700163673603523
2199.4,8.614749436122421
2199.6,8.85634532498697
2199.8,9.21675656205943
2200.0,9.041267324224911
2200.2,9.093282938310871
2200.4,8.874961915897865
2200.6,9.108838908954743
2200.8,9.044974606594927
2201.0,9.196504242877905
2201.2,8.83586479130916
2201.4,9.081872238261877
2201.6,9.322006926626049
2201.8,9.336643772857308
2202.0,9.090638958365938
2202.2,8.884064071911455
2202.4,8.856243328616696
2202.6,9.260209415155234
2202.8,8.974986939949334
2203.0,9.186231110792493
2203.2,9.050750526364626
2203.4,9.10468351952219
2203.6,9.280039414613169
2203.8,9.950161112440535
2204.0,9.774108425151368
2204.2,10.118956833653483
2204.4,9.383626359218205
2204.6,9.603024991798918
2204.8,9.123321363110824
2205.0,9.691607124769787
2205.2,9.956757956564124
2205.4,9.973758987076371
2205.6,9.681441211266653
2205.8,9.895401798527349
2206.0,9.493953094989475
2206.2,9.767366286964275
2206.4,9.873202779253361
2206.6,10.134782162862692
2206.8,9.601671104102328
2207.0,9.763404790938267
2207.2,10.205530669508756
2207.4,10.247218814923142
2207.6,9.914061442383291
2207.8,9.92229532181522
2208.0,9.163034103998234
2208.2,9.258080175024496
2208.4,8.743177008933372
2208.6,8.782547713171569
2208.8,8.953671715977062
2209.0,9.186664316483029
2209.2,8.745267325589795
2209.4,8.722335876955523
2209.6,8.781876050442312
2209.8,8.768879234967034
2210.0,9.313229899769901
2210.2,9.207491877215801
2210.4,9.177451908845386
2210.6,9.336406941128317
2210.8,9.727899091538864
2211.0,9.509310370843265
2211.2,8.951059051988663
2211.4,9.132088270405458
2211.6,9.426343424882894
2211.8,9.614770852023328
2212.0,9.605276481509788
2212.2,9.53570512446898
2212.4,9.892383472043619
2212.6,9.451927326731825
2212.8,10.234346582094176
2213.0,10.276522687976495
2213.2,10.451871633196719
2213.4,10.223400112361062
2213.6,10.565321349509535
2213.8,11.084220669093776
2214.0,11.694887825447966
2214.2,11.577748203475696
2214.4,11.538079853090025
2214.6,12.017931742908086
2214.8,11.078226424162585
2215.0,10.908943264730741
2215.2,12.306839369539599
2215.4,12.510520856356681
2215.6,12.809432698041604
2215.8,12.384267435124343
2216.0,13.356400114436246
2216.2,12.577080838067216
2216.4,12.788695172221027
2216.6,12.352158066765572
2216.8,12.428341370941903
2217.0,10.826422304349812
2217.2,11.59199457210012
2217.4,12.97200119845397
2217.6,12.073576501940668
2217.8,11.682385264393302
2218.0,12.351741684841581
2218.2,12.69309667590285
2218.4,11.276390737227842
2218.6,10.64603978145007
2218.8,11.316504282641457
2219.0,11.615729367870886
2219.2,12.043356284626443
2219.4,11.208128123126233
2219.6,11.451312895293565
2219.8,11.345990544533764
2220.0,11.703912184254104
2220.2,11.878412051705054
2220.4,11.889305953090691
2220.6,12.123706254482409
2220.8,11.466163255502845
2221.0,12.716713431354217
2221.2,12.455975807511654
2221.4,12.57811951422462
2221.6,12.10988650344795
2221.8,11.263635277987621
2222.0,11.798608575671835
2222.2,11.87941531939676
2222.4,12.483872208682559
2222.6,12.73497970100536
2222.8,12.857823071871676
2223.0,12.446068865032506
2223.2,11.754880821973606
2223.4,11.667652613905751
2223.6,11.457270282092466
2223.8,11.80146547833476
2224.0,12.484904004755158
2224.2,11.716262442384046
2224.4,11.925673455850507
2224.6,11.377081962263958
2224.8,11.869089812661219
2225.0,10.896201113513085
2225.2,11.287219185046933
2225.4,11.144952479517505
2225.6,10.396055604657281
2225.8,10.135469194919136
2226.0,9.706693193717697
2226.2,9.627165350917776
2226.4,10.143380809788447
2226.6,9.558718662506086
2226.8,9.11554323069088
2227.0,9.315944663490164
2227.2,9.111860248197797
2227.4,9.280956750457076
2227.6,9.090727398464306
2227.8,8.866892327582864
2228.0,9.085824362287843
2228.2,9.24566235310504
2228.4,9.748314548479453
2228.6,9.344798267871209
2228.8,9.581201895418884
2229.0,9.326119851705515
2229.2,8.94928346376605
2229.4,9.304456518155462
2229.6,9.46708661751439
2229.8,9.175279682891624
2230.0,9.580645047374693
2230.2,9.004553003706697
2230.4,8.98747380097384
2230.6,9.000217707170945
2230.8,8.967990039707843
2231.0,8.875114637807243
2231.2,8.933915728921894
2231.4,9.00697809435385
2231.6,8.930277048956116
2231.8,9.089782843259036
2232.0,8.82797553012079
2232.2,8.899912689123525
2232.4,8.964439665930456
2232.6,8.848618599035738
2232.8,8.911256034310172
2233.0,8.979260778545937
2233.2,8.92770897052375
2233.4,9.084704253434424
2233.6,8.98837352876236
2233.8,9.152531141855148
2234.0,9.13393771853972
2234.2,9.112254322014877
2234.4,9.104041332737054
2234.6,9.247835466140087
2234.8,9.076268768452513
2235.0,9.106667882609322
2235.2,9.244768400581924
2235.4,9.228766935537646
2235.6,9.233656881481872
2235.8,9.246484996987261
2236.0,9.265026247239787
2236.2,9.195924718862127
2236.4,9.20785232856608
2236.6,9.195293512046387
2236.8,9.163031938989807
2237.0,9.422813386433726
2237.2,9.38962184957309
2237.4,9.353188116848077
2237.6,9.458832539646057
2237.8,9.675004823994659
2238.0,9.400199550037225
2238.2,9.132874980674705
2238.4,9.140072117031572
2238.6,9.0228912174597
2238.8,9.372989571431491
2239.0,9.417955042573913
2239.2,9.288935451288978
2239.4,9.47259397613426
2239.6,9.515364595704268
2239.8,9.188979856720884
2240.0,9.41779220600613
2240.2,9.292339544034126
2240.4,8.858157613482208
2240.6,8.997463849103108
2240.8,8.955443092162959
2241.0,9.029177733985343
2241.2,9.252784380073274
2241.4,9.367457992102876
2241.6,9.327202466981193
2241.8,9.342889661176347
2242.0,9.605385044554287
2242.2,9.496072105884128
2242.4,9.50529061093194
2242.6,9.449439278667072
2242.8,9.363640487704206
2243.0,9.217954301247046
2243.2,9.36661158125846
2243.4,9.302510001581686
2243.6,9.3244774707177
2243.8,9.289952938821932
2244.0,9.236537697295123
2244.2,9.178606126644215
2244.4,9.284121256500947
2244.6,9.264421844730798
2244.8,9.629501979368868
2245.0,9.606761153001388
2245.2,9.396837167783632
2245.4,9.434345385588493
2245.6,9.33688086347453
2245.8,9.647053300638657
2246.0,9.911973485412066
2246.2,9.423638657739998
2246.4,10.086187649889716
2246.6,9.64830706055043
2246.8,9.989943580381604
2247.0,9.412441902446197
2247.2,9.399001717399145
2247.4,9.83520141738334
2247.6,9.573912703338594
2247.8,9.586613267384227
2248.0,9.934496037875215
2248.2,10.059163932713924
2248.4,9.848367378174084
2248.6,9.505303236833397
2248.8,9.756897058826407
2249.0,9.723866204902407
2249.2,9.881143888969877
2249.4,9.569373860074759
2249.6,9.65673335802778
2249.8,10.247985969268514
2250.0,10.271888423693305
2250.2,9.915257739356797
2250.4,9.9452690896791
2250.6,10.632715195868585
2250.8,10.863263628959011
2251.0,10.484428967472388
2251.2,10.62913901243416
2251.4,9.644612519927666
2251.6,9.800026932525055
2251.8,10.416281151330267
2252.0,10.30031909766607
2252.2,9.965153641762477
2252.4,10.125069320251576
2252.6,10.068978587603985
2252.8,10.069633240133257
2253.0,10.294991181907898
2253.2,10.379058933750096
2253.4,10.284611437848543
2253.6,10.604072405289296
2253.8,10.467600982662395
2254.0,10.629042740304238
2254.2,10.327405123564422
2254.4,10.290554041333975
2254.6,10.506642460341634
2254.8,10.516315424296518
2255.0,9.988139968113536
2255.2,10.369219769239992
2255.4,10.16584005989185
2255.6,10.038174551598953
2255.8,10.181190531800809
2256.0,10.150957763689433
2256.2,10.097430412851242
2256.4,10.451187089914262
2256.6,10.480068111510404
2256.8,10.194662572522397
2257.0,10.100103367292325
2257.2,10.10906686177493
2257.4,10.47810727025075
2257.6,10.065159041656798
2257.8,10.37192321841279
2258.0,10.374807383457743
2258.2,10.137891216644183
2258.4,10.537878885362986
2258.6,10.263845296250093
2258.8,9.828711408301317
2259.0,10.193837517894139
2259.2,10.172764382831454
2259.4,9.89683390733856
2259.6,10.102890868039795
2259.8,10.229206072363912
2260.0,9.892790775538687
2260.2,10.27116405643224
2260.4,10.179143856500028
2260.6,10.11569990776489
2260.8,10.44122337336905
2261.0,9.849774346554321
2261.2,9.720826724417803
2261.4,9.728654709880317
2261.6,10.216611144978508
2261.8,9.868946330467542
2262.0,10.341711296249837
2262.2,10.262903229623479
2262.4,10.472144861026315
2262.6,10.153224474796545
2262.8,10.83925962809814
2263.0,10.75558675267996
2263.2,10.93055958402148
2263.4,10.890190653837237
2263.6,10.920031785841271
2263.8,11.154167122553936
2264.0,10.529874573303177
2264.2,10.230066172230854
2264.4,9.827677121689838
2264.6,9.856898405054745
2264.8,10.39591038087764
2265.0,10.67664265596382
2265.2,9.93407046931733
2265.4,10.143624076618858
2265.6,9.934939262738684
2265.8,9.5497604366332
2266.0,10.03702835337846
2266.2,9.50268140419322
2266.4,9.438008552044417
2266.6,9.643009526281086
2266.8,9.745601804385453
2267.0,9.60742338599506
2267.2,9.550148772552761
2267.4,9.652101041246926
2267.6,9.827155949187397
2267.8,9.889137998686152
2268.0,9.878105574354885
2268.2,9.864204895869925
2268.4,9.923353848171855
2268.6,9.825034473635366
2268.8,9.81647504918271
2269.0,10.365019564812902
2269.2,10.080657122288857
2269.4,9.587730325675366
2269.6,9.574619007739223
2269.8,9.896136458930535
2270.0,9.446417177177985
2270.2,9.591930821829479
2270.4,10.264895714488409
2270.6,10.229084763777823
2270.8,9.893133996355205
2271.0,9.723786353106066
2271.2,9.981068900797176
2271.4,9.884047977714308
2271.6,9.860956359663295
2271.8,10.062670892024094
2272.0,9.661660430978044
2272.2,9.863595336567153
2272.4,10.088025014725002
2272.6,9.831324361284153
2272.8,9.986627579093984
2273.0,9.91704039849283
2273.2,10.18626692280005
2273.4,10.394459680717931
2273.6,9.589335696917964
2273.8,10.006351845101616
2274.0,10.056173292134318
2274.2,10.389109480551895
2274.4,9.68143546346231
2274.6,10.015999912799387
2274.8,9.297615805893777
2275.0,9.766139970689986
2275.2,9.897486078060531
2275.4,9.693230309831844
2275.6,9.672777042531802
2275.8,10.037321604316634
2276.0,9.538765767636898
2276.2,10.008960602105459
2276.4,10.30474098821248
2276.6,9.436921110213824
2276.8,9.724680746697764
2277.0,10.202344664280394
2277.2,10.316463925107776
2277.4,10.199451978708968
2277.6,10.111924374629604
2277.8,10.076256713574892
2278.0,10.149102876426298
2278.2,10.179035972688531
2278.4,10.114543270420679
2278.6,10.093603516329841
2278.8,10.166301795726625
2279.0,10.28775098216909
2279.2,10.195491638795819
2279.4,10.084332140076098
2279.6,9.975350710477883
2279.8,9.765118945452578
2280.0,9.94426647726187
2280.2,9.920544377160898
2280.4,9.917281596642942
2280.6,10.388703663762566
2280.8,9.936576533132744
2281.0,9.630219569842458
2281.2,9.678459292658433
2281.4,9.744299090698048
2281.6,9.996567831407194
2281.8,9.489675158470064
2282.0,9.532915328256934
2282.2,10.520850264647821
2282.4,9.713658258107971
2282.6,10.255760970679056
2282.8,9.529061451374265
2283.0,9.458807774101178
2283.2,9.876095931041162
2283.4,9.669959764727915
2283.6,9.791557695451123
2283.8,9.89153523593419
2284.0,9.381169773214266
2284.2,9.861019061445704
2284.4,9.722137254603933
2284.6,9.675648004310503
2284.8,9.69932517214874
2285.0,10.201195329323756
2285.2,9.670968998004444
2285.4,9.923072580420072
2285.6,10.40071918114448
2285.8,11.168151119902898
2286.0,10.93993050729609
2286.2,11.27262214612545
2286.4,11.02630415050353
2286.6,10.703858306262578
2286.8,10.701485218359695
2287.0,11.087388192747634
2287.2,10.899468569527427
2287.4,10.712380939327375
2287.6,10.673599476000927
2287.8,10.939797620968694
2288.0,10.461621364842905
2288.2,10.9269322216431
2288.4,10.866227279034995
2288.6,11.510876051755535
2288.8,10.98233816577201
2289.0,11.199652256276352
2289.2,11.132455074950043
2289.4,10.163683431348025
2289.6,10.758313332828264
2289.8,10.553120065191749
2290.0,9.962343590666539
2290.2,9.71327803739632
2290.4,9.49061064351638
2290.6,9.93646434526977
2290.8,9.63789518159775
2291.0,9.22161909282443
2291.2,10.010773892276353
2291.4,10.518407946752133
2291.6,9.87750587923437
2291.8,9.582855967445035
2292.0,10.085847045138543
2292.2,10.418061413008306
2292.4,11.01688618590725
2292.6,10.69928780294993
2292.8,10.745091638124622
2293.0,10.22867343043264
2293.2,10.20868829349607
2293.4,9.677379666116957
2293.6,10.402269231376843
2293.8,10.689447531252355
2294.0,11.574409414971736
2294.2,10.285199818076078
2294.4,10.544232461833081
2294.6,11.048429053142257
2294.8,11.447767840831576
2295.0,11.490372826672
2295.2,11.800666971360672
2295.4,11.852217337357317
2295.6,11.703916598323962
2295.8,11.48178106171142
2296.0,11.38349102553149
2296.2,12.292370675667229
2296.4,11.90339756888861
2296.6,11.548709597273689
2296.8,12.09982917847952
2297.0,12.121660232747102
2297.2,12.126277717451773
2297.4,12.674262840315782
2297.6,12.102727455992854
2297.8,12.13756572383398
2298.0,12.427931523039453
2298.2,11.981244118555184
2298.4,12.215356476995963
2298.6,12.200950232683374
2298.8,11.750948341740685
2299.0,12.092786857880654
2299.2,12.428151374812025
2299.4,13.124956167202559
2299.6,12.718555658804648
2299.8,13.078549576531442
2300.0,12.5958769752392
2300.2,12.863895090202455
2300.4,12.581520709999804
2300.6,12.745980839547101
2300.8,13.340002541761041
2301.0,13.206670496645458
2301.2,13.323857791030845
2301.4,12.249657609307327
2301.6,11.474886341293992
2301.8,11.70683667865303
2302.0,10.977711749905923
2302.2,12.430269863453134
2302.4,11.781889652135803
2302.6,12.032698302243505
2302.8,12.91206930256246
2303.0,12.67068639362492
2303.2,12.075622054529243
2303.4,12.049034348711185
2303.6,11.455333814314518
2303.8,11.775310663662248
2304.0,12.426550154497376
2304.2,12.398179482819332
2304.4,12.691116987337088
2304.6,12.396734800606513
2304.8,10.648131223289512
2305.0,10.807069926553892
2305.2,11.203231332816062
2305.4,11.438717451070362
2305.6,10.81449465184413
2305.8,11.377723049314412
2306.0,10.866158081295605
2306.2,10.466407911886646
2306.4,11.248695326219963
2306.6,12.11184687122104
2306.8,10.488119296043951
2307.0,10.460405541398652
2307.2,11.375534835292804
2307.4,11.63573393024638
2307.6,11.671780460678217
2307.8,11.820587930313163
2308.0,12.373184563388495
2308.2,11.684605065721813
2308.4,11.579040428921559
2308.6,10.768681643378386
2308.8,10.48023205917895
2309.0,10.248101262892781
2309.2,9.422568378351347
2309.4,9.553768258915468
2309.6,9.907281062845376
2309.8,9.662015104811033
2310.0,9.948420076733571
2310.2,10.008963708760067
2310.4,10.015878618452128
2310.6,10.04498058481484
2310.8,10.277703430867005
2311.0,10.515185548766489
2311.2,10.756059077091109
2311.4,10.211010203981106
2311.6,9.896858654354793
2311.8,9.958219782167392
2312.0,10.625474897778886
2312.2,10.041340679640467
2312.4,10.02763704763556
2312.6,10.379188871763594
2312.8,9.931290492047959
2313.0,11.067094045769124
2313.2,12.002086013589697
2313.4,11.046805479774473
2313.6,10.985847180715261
2313.8,11.119590145199869
2314.0,11.002607417115177
2314.2,10.568160123466814
2314.4,10.89200406095224
2314.6,10.619229226619725
2314.8,10.537422019373885
2315.0,10.905376381915275
2315.2,10.927929275889046
2315.4,10.535598213273463
2315.6,11.150305503229067
2315.8,10.825599752265875
2316.0,10.098229393582232
2316.2,10.318007022883515
2316.4,10.656189949084485
2316.6,11.537866323366028
2316.8,11.711690746003583
2317.0,11.5639369850739
2317.2,11.803090052102984
2317.4,12.082739139558551
2317.6,11.987070953217398
2317.8,11.789567690417078
2318.0,11.973576791964422
2318.2,11.805375745391064
2318.4,12.473594164548622
2318.6,12.01556681986765
2318.8,11.823929228503125
2319.0,11.447943047003879
2319.2,10.669181158736933
2319.4,11.093918863335217
2319.6,10.644050076047973
2319.8,10.568938508937888
2320.0,11.259145079282092
2320.2,10.798560471019528
2320.4,11.037022307908943
2320.6,11.335672253153657
2320.8,11.058636215639158
2321.0,11.502491428611417
2321.2,11.287237599545335
2321.4,11.436247045383785
2321.6,12.098386247934926
2321.8,11.241901358857824
2322.0,11.518968797750254
2322.2,11.061531284487508
2322.4,11.811620069670125
2322.6,12.345232396252152
2322.8,12.235516717054875
2323.0,11.848814560722792
2323.2,12.271507837381275
2323.4,12.74483651094998
2323.6,12.79820136385245
2323.8,13.499984644287242
2324.0,12.626719053225253
2324.2,12.957914469445218
2324.4,12.717548500120726
2324.6,12.521830285399867
2324.8,12.117173973557449
2325.0,12.319518193428515
2325.2,12.589089760029676
2325.4,12.356755972571785
2325.6,12.70913335782835
2325.8,12.533398943885128
2326.0,12.01278807908067
2326.2,12.681566238229557
2326.4,11.313697008921444
2326.6,11.847476897282334
2326.8,11.632317617224873
2327.0,11.840390301588553
2327.2,11.58209598152035
2327.4,11.867135735478431
2327.6,11.856361303603574
2327.8,11.402290131420296
2328.0,11.299648548330959
2328.2,11.946445019992634
2328.4,11.43701325788135
2328.6,11.20305129298265
2328.8,12.249509127652969
2329.0,11.637388428810922
2329.2,12.74775408202898
2329.4,12.125106719079085
2329.6,11.919928940066363
2329.8,12.111756112298433
2330.0,11.030943150343507
2330.2,11.619806926424701
2330.4,11.268765602694298
2330.6,10.944118651101869
2330.8,11.016831566156451
2331.0,10.95331295770684
2331.2,11.041305066899415
2331.4,10.59938796030828
2331.6,10.487308168927868
2331.8,11.430637528681903
2332.0,11.821144930780621
2332.2,11.822454652663643
2332.4,11.010957627177318
2332.6,11.162286558484098
2332.8,11.502799373870616
2333.0,11.256580846902242
2333.2,10.942652090365632
2333.4,11.272224666114077
2333.6,12.121008584387239
2333.8,12.149294360088206
2334.0,11.35851370323798
2334.2,12.140143712160302
2334.4,11.390649378837859
2334.6,11.482481341790374
2334.8,11.472394907226072
2335.0,11.0703088901316
2335.2,10.67786454125666
2335.4,10.989193963111116
2335.6,10.391549978709163
2335.8,10.92723160814079
2336.0,10.530898999892578
2336.2,11.324186493438113
2336.4,11.123469373045758
2336.6,11.287751397287078
2336.8,11.10064710302521
2337.0,11.56995728021389
2337.2,11.606064335194779
2337.4,12.501609403599174
2337.6,12.03739596285839
2337.8,12.079602212079374
2338.0,12.312323550262294
2338.2,12.255320130372315
2338.4,11.572034940036948
2338.6,11.294991273281497
2338.8,12.946356582150763
2339.0,12.917282322593227
2339.2,12.508903616556973
2339.4,12.739106294606762
2339.6,13.088438665867947
2339.8,12.918023585163903
2340.0,12.973026025485687
2340.2,13.08399263365998
2340.4,12.523099094974548
2340.6,12.891782032647676
2340.8,13.178298990562993
2341.0,13.225189533050196
2341.2,12.527048815178343
2341.4,13.03433715587679
2341.6,13.177251970880102
2341.8,12.055547006489402
2342.0,12.600154584152119
2342.2,11.77880858067661
2342.4,12.8918617366482
2342.6,13.529313597511127
2342.8,13.373720921348166
2343.0,12.477988612463893
2343.2,13.167064964834552
2343.4,11.43459195397929
2343.6,11.639186385828367
2343.8,11.635037436732063
2344.0,11.874793112547364
2344.2,12.23090003360399
2344.4,12.378622296130157
2344.6,12.936058335364999
2344.8,13.066846287604514
2345.0,14.900895866116496
2345.2,14.226979537033968
2345.4,15.327823188602876
2345.6,14.019545475829824
2345.8,13.188826694059482
2346.0,12.73348064430078
2346.2,12.581619293332887
2346.4,12.9101863256655
2346.6,13.75754086260789
2346.8,13.98930627380694
2347.0,12.907682584882743
2347.2,13.847359379107377
2347.4,13.057315255207516
2347.6,13.956836483226224
2347.8,13.609661924452682
2348.0,12.666664406869659
2348.2,11.884969747982376
2348.4,11.898733770993609
2348.6,13.253934650551699
2348.8,12.846610996255468
2349.0,11.724819277252452
2349.2,12.350292502622436
2349.4,11.616254429829242
2349.6,10.624540741460251
2349.8,10.484175101607768
2350.0,10.69624200945934
2350.2,10.226701015542908
2350.4,10.297731245306105
2350.6,10.48502542143028
2350.8,10.29579093391414
2351.0,10.07921516092373
2351.2,10.294719130293624
2351.4,10.676292198359862
2351.6,10.155003677889429
2351.8,10.386602009638459
2352.0,10.335464870544621
2352.2,11.377003269555026
2352.4,11.77494455652418
2352.6,12.202515382197074
2352.8,11.867264293881334
2353.0,12.690162839734562
2353.2,13.22761997968522
2353.4,12.595466132621487
2353.6,11.911366518641188
2353.8,11.487985015942028
2354.0,12.313152820844968
2354.2,13.054881180486287
2354.4,12.471497387792256
2354.6,11.985810471892906
2354.8,11.810512856506381
2355.0,11.732127448605794
2355.2,12.649790860667032
2355.4,12.728618275566955
2355.6,12.887965267162798
2355.8,13.66099536185789
2356.0,13.972058015653744
2356.2,14.176533755022467
2356.4,13.654133521154963
2356.6,13.154685178590224
2356.8,14.045467670215873
2357.0,13.627444177187728
2357.2,14.515355579199163
2357.4,13.742604796020965
2357.6,14.166093513912042
2357.8,15.640290986492648
2358.0,14.348818627962313
2358.2,14.67761161743276
2358.4,13.849443557937562
2358.6,13.28269303913906
2358.8,14.170978999507726
2359.0,13.529529356011185
2359.2,14.627182923757209
2359.4,12.97781851616963
2359.6,12.466763557593234
2359.8,11.182907236507756
2360.0,11.942061827701655
2360.2,11.025693266476678
2360.4,10.18717473528518
2360.6,10.59230534434704
2360.8,10.752697496827857
2361.0,10.36873591514748
2361.2,10.364256162227967
2361.4,9.736956440729156
2361.6,10.327337919573523
2361.8,10.563343605942691
2362.0,10.386153184053677
2362.2,10.189590027582796
2362.4,10.638862159102622
2362.6,10.368620045026049
2362.8,10.676664932915457
2363.0,10.504540166508589
2363.2,10.929255537736287
2363.4,10.509669487610438
2363.6,9.617644009625739
2363.8,10.0582570222032
2364.0,9.877947077851895
2364.2,9.820667749979995
2364.4,10.630632841692542
2364.6,10.550144549903491
2364.8,10.519502559585785
2365.0,10.422179086523741
2365.2,10.640708322954598
2365.4,10.05212900953497
2365.6,10.631735048503598
2365.8,11.121517654703876
2366.0,11.086416142187607
2366.2,10.443070703499544
2366.4,10.534981011263877
2366.6,10.402948486846757
2366.8,9.951686208028296
2367.0,9.507937029988726
2367.2,9.877417729025487
2367.4,9.633836708806031
2367.6,9.736079606347214
2367.8,9.607407151830836
2368.0,9.456947547683042
2368.2,9.792754206606059
2368.4,9.522987903166577
2368.6,9.873760589228828
2368.8,9.671199433054557
2369.0,10.130707186054122
2369.2,9.545436866399893
2369.4,9.636679123162338
2369.6,9.727181751397179
2369.8,10.173512036267704
2370.0,9.674179001611366
2370.2,9.801448526731916
2370.4,10.327999512463766
2370.6,9.896485410421429
2370.8,9.709799784588029
2371.0,9.992217608929572
2371.2,10.077731439327577
2371.4,9.6945763857494
2371.6,10.375757293362952
2371.8,10.308025315681832
2372.0,10.41379241690944
2372.2,10.242651262000827
2372.4,11.244608467774198
2372.6,10.80633236019837
2372.8,10.594475383702477
2373.0,9.620362026700791
2373.2,10.323266582635416
2373.4,10.938951136335893
2373.6,10.77992412423146
2373.8,10.302459763026771
2374.0,10.217840496724076
2374.2,10.021710431924573
2374.4,9.91316261420557
2374.6,10.011284756394016
2374.8,10.129945849469813
2375.0,10.373820092902706
2375.2,10.16050848447218
2375.4,9.962127097032216
2375.6,10.292143178573685
2375.8,10.418582848220963
2376.0,10.123902995926692
2376.2,10.564016445622944
2376.4,10.903486967032434
2376.6,11.249322093604269
2376.8,11.714574433293832
2377.0,11.214311082857387
2377.2,12.112018657411959
2377.4,11.23898829366058
2377.6,11.701225304355303
2377.8,12.236283413963037
2378.0,11.442754647841882
2378.2,10.807041429560709
2378.4,11.36103429444159
2378.6,10.702934383284031
2378.8,10.3854110185188
2379.0,10.653742587565457
2379.2,10.082198875948539
2379.4,10.315640642124453
2379.6,10.33523832214045
2379.8,10.86167549235546
2380.0,10.337233562517545
2380.2,10.64000881982267
2380.4,11.165590974296615
2380.6,11.234602696173102
2380.8,11.359393540408169
2381.0,10.301511888922562
2381.2,11.103807732697176
2381.4,10.675197679669708
2381.6,10.420511406640202
2381.8,10.04769538801437
2382.0,10.55718941259633
2382.2,10.390448903188986
2382.4,10.272766430969394
2382.6,10.163771198370107
2382.8,10.69166647655887
2383.0,10.378712424345727
2383.2,10.650640430739147
2383.4,10.109636045124793
2383.6,10.73228110450663
2383.8,10.538491590324131
2384.0,11.734638437060047
2384.2,10.501496059576658
2384.4,11.27187471326395
2384.6,10.945247593818904
2384.8,11.268838802768819
2385.0,11.468821969142322
2385.2,11.871786412411275
2385.4,11.079498276057187
2385.6,10.114802197662804
2385.8,10.146655639094638
2386.0,11.048957134582633
2386.2,11.748220232123325
2386.4,11.334439127593496
2386.6,10.744784719798057
2386.8,10.506340373149783
2387.0,10.566575891989133
2387.2,10.57370862169324
2387.4,10.504724040800204
2387.6,10.716915398949347
2387.8,11.131654831302193
2388.0,11.250033286896382
2388.2,11.141458296210732
2388.4,11.71297491808853
2388.6,12.4684688464891
2388.8,12.698130328566744
2389.0,12.732325500441593
2389.2,13.686260638459089
2389.4,11.500837532223724
2389.6,13.30668545063104
2389.8,13.965485253616226
2390.0,12.949912393493506
2390.2,14.07193651905022
2390.4,13.365779736031493
2390.6,13.403425325493819
2390.8,15.089918867520613
2391.0,14.11310516938752
2391.2,14.213563930128322
2391.4,13.765069474639077
2391.6,14.509249438688661
2391.8,15.12463343613717
2392.0,14.765322527966958
2392.2,16.52681228401828
2392.4,15.203108814094113
2392.6,14.215361119171682
2392.8,13.864841620157343
2393.0,13.368414185416118
2393.2,11.770214760871704
2393.4,10.909481386931816
2393.6,11.689590319843024
2393.8,13.064818987346001
2394.0,13.726128303276417
2394.2,13.593883718219722
2394.4,13.36113111529631
2394.6,12.258878044032146
2394.8,13.392061181740464
2395.0,13.17581699860403
2395.2,14.010231892222173
2395.4,14.761231356523183
2395.6,13.20183297707768
2395.8,14.239612698530443
2396.0,13.438599412560956
2396.2,12.92490545479467
2396.4,11.7733256335285
2396.6,12.321857011689525
2396.8,10.28052992263683
2397.0,10.269336032053332
2397.2,10.526349095369035
2397.4,10.613980459110968
2397.6,10.774126370116335
2397.8,10.883270122275881
2398.0,11.289408855519362
2398.2,11.559318291228912
2398.4,11.421010868549962
2398.6,11.729189156086244
2398.8,11.353780819976713
2399.0,11.757626885099295
2399.2,12.252617504311731
2399.4,11.767827896426958
2399.6,12.066266727029797
2399.8,12.44093516441688
2400.0,11.018770197010802
2400.2,10.444156908944635
2400.4,9.830471111666888
2400.6,10.117231020229369
2400.8,9.872816688260734
2401.0,9.869397583709432
2401.2,9.939149822676828
2401.4,9.420679235185222
2401.6,9.496755849247734
2401.8,9.883491676029694
2402.0,9.920656768174533
2402.2,11.021590618306691
2402.4,9.767951949514647
2402.6,10.581599291492712
2402.8,11.636628550083362
2403.0,12.442322210411907
2403.2,12.961807650190876
2403.4,12.467877723953036
2403.6,11.530006968259915
2403.8,13.443527302468839
2404.0,14.534388930640345
2404.2,15.034998760264461
2404.4,14.372741330672387
2404.6,13.055253496086168
2404.8,12.154907863795852
2405.0,12.699730116589986
2405.2,12.007794437875388
2405.4,12.113629779726935
2405.6,12.451858857866625
2405.8,12.34995706242017
2406.0,11.763866535223933
2406.2,11.09629393405041
2406.4,11.328358636745577
2406.6,12.074701859270148
2406.8,11.706848735295441
2407.0,12.170738194685198
2407.2,11.903873465789562
2407.4,11.718812258632248
2407.6,10.988040020741252
2407.8,11.985620486900064
2408.0,11.352833723823917
2408.2,10.797398342292844
2408.4,11.504212453861214
2408.6,12.36683538544855
2408.8,12.195125322666161
2409.0,12.077075679668468
2409.2,12.245297252137377
2409.4,12.298559384926532
2409.6,12.674086837003046
2409.8,11.955664419789567
2410.0,12.537120536974989
2410.2,13.511346265822429
2410.4,13.428661263698325
2410.6,13.394555209158302
2410.8,14.166430673855604
2411.0,12.151492259032004
2411.2,12.357027243311718
2411.4,12.934286464244977
2411.6,13.998473341715913
2411.8,13.40051010455294
2412.0,13.322204393398051
2412.2,13.13728551817859
2412.4,12.57778901567961
2412.6,14.031719269977422
2412.8,14.470404792839544
2413.0,13.71651059526731
2413.2,12.533261762052115
2413.4,11.94367474097734
2413.6,12.229544622128735
2413.8,12.99927065589176
2414.0,12.321086088966416
2414.2,12.567615560656602
2414.4,13.597046287374075
2414.6,13.026285104362273
2414.8,13.196015364335898
2415.0,12.318379512314053
2415.2,11.55086957605366
2415.4,11.190329870892342
2415.6,11.380843660838206
2415.8,12.009214646403292
2416.0,11.53011524699506
2416.2,10.853775151158505
2416.4,11.015338756035442
2416.6,10.957991958821689
2416.8,11.802268897036258
2417.0,12.927791062662958
2417.2,12.84067121279753
2417.4,13.3610561300259
2417.6,12.72503083175334
2417.8,12.772192556009802
2418.0,11.926110638906506
2418.2,11.967992258838606
2418.4,13.571121291988451
2418.6,14.047199361445841
2418.8,14.46698464935238
2419.0,13.887973467008354
2419.2,12.201161802004028
2419.4,11.777249824603107
2419.6,12.433733592092723
2419.8,13.14774724052761
2420.0,13.057572524896347
2420.2,13.397448963990797
2420.4,13.044038783234393
2420.6,12.890169573203227
2420.8,13.02509976352195
2421.0,12.89632590165673
2421.2,13.057915821560115
2421.4,13.37520503039692
2421.6,14.785700528591718
2421.8,13.551347925815717
2422.0,13.151495429204411
2422.2,13.456319860865664
2422.4,14.370863903473769
2422.6,13.33894520436148
2422.8,14.105181060638877
2423.0,14.018971189694385
2423.2,13.481725330844114
2423.4,13.20432356381384
2423.6,13.333576359865926
2423.8,11.168839217238647
2424.0,12.857925687677609
2424.2,13.349759251089974
2424.4,15.128552012081567
2424.6,15.153867316424673
2424.8,13.485816393064278
2425.0,14.392774605073061
2425.2,14.258104895318382
2425.4,15.048657909473189
2425.6,15.614063591986735
2425.8,14.624755718979392
2426.0,15.246558001376622
2426.2,14.910524707564898
2426.4,15.159022461617127
2426.6,15.872621058615067
2426.8,15.537650015002228
2427.0,14.167060406272807
2427.2,13.105143049505333
2427.4,13.113959174105624
2427.6,12.013310402349584
2427.8,11.905234708212555
2428.0,12.341908509501314
2428.2,12.842557852760564
2428.4,11.975420700288213
2428.6,12.69002437921207
2428.8,13.15544053146553
2429.0,13.81337609277798
2429.2,15.536405110937144
2429.4,15.649392424618316
2429.6,14.370175177107393
2429.8,15.092075637337715
2430.0,14.220658265798562
2430.2,13.76436966130324
2430.4,15.287279176649694
2430.6,14.957975263906802
2430.8,14.445160478714403
2431.0,14.841559064653119
2431.2,15.892117759689043
2431.4,14.873914674368455
2431.6,15.493438502749427
2431.8,17.697152870118945
2432.0,15.579692672535908
2432.2,15.886497274695454
2432.4,17.52976725407819
2432.6,16.711778673834097
2432.8,16.995669060860234
2433.0,17.566497832155086
2433.2,16.95067479435607
2433.4,17.347228392291722
2433.6,17.442094131845753
2433.8,16.36092067806564
2434.0,16.45271917931721
2434.2,16.18566840019915
2434.4,15.363501442742713
2434.6,14.531733792711538
2434.8,15.463919746872074
2435.0,15.818120580423367
2435.2,16.073307125191715
2435.4,16.027695016059507
2435.6,14.077415117131512
2435.8,13.523807154085503
2436.0,14.025148777160577
2436.2,15.054208581408401
2436.4,15.169972951626088
2436.6,16.24938950798545
2436.8,15.202498904161061
2437.0,15.923706973873033
2437.2,14.614858738032488
2437.4,14.57713118441956
2437.6,14.336278191204972
2437.8,16.0547378034344
2438.0,14.85224102442644
2438.2,14.363372850327732
2438.4,12.984606013601024
2438.6,16.00397928519246
2438.8,16.297541756440147
2439.0,15.165631101368211
2439.2,15.344376776472997
2439.4,15.919103865699372
2439.6,17.4412963288059
2439.8,16.43192501402232
2440.0,16.84988514578221
2440.2,16.7243924848485
2440.4,14.891060469250377
2440.6,16.37652952273406
2440.8,16.097152480584086
2441.0,15.511146193081647
2441.2,16.327759568806467
2441.4,17.28616561376297
2441.6,15.82932389438513
2441.8,15.743810176315558
2442.0,17.166910715124256
2442.2,16.883575698439024
2442.4,17.153971617623295
2442.6,16.673248746206248
2442.8,16.47606803620644
2443.0,16.20448102331293
2443.2,16.898518004906627
2443.4,16.818841193671595
2443.6,16.275194374310036
2443.8,15.75351611689804
2444.0,16.92426021503923
2444.2,15.870674086727146
2444.4,16.412435758111034
2444.6,16.89380494657685
2444.8,15.744075774868477
2445.0,14.974344166265901
2445.2,16.394010761190337
2445.4,17.579986906985127
2445.6,17.35416522219865
2445.8,16.559409693378875
2446.0,17.13679807101832
2446.2,16.055023428303322
2446.4,16.892418248544523
2446.6,14.339861081204614
2446.8,14.45313395276893
2447.0,13.92743713554175
2447.2,13.186485642240255
2447.4,13.748987102196526
2447.6,14.013325619232786
2447.8,15.577674032925234
2448.0,16.69509012991537
2448.2,14.001909310060343
2448.4,15.509820383609963
2448.6,16.684989350745262
2448.8,17.001668820879917
2449.0,15.230954257701404
2449.2,15.126576615282126
2449.4,14.91874046377897
2449.6,13.851351777825023
2449.8,11.723465953505146
2450.0,11.645074170775429
2450.2,12.163815138036622
2450.4,12.378659548997163
2450.6,13.010182842242799
2450.8,13.850436142029325
2451.0,12.9405634599794
2451.2,13.754589613733438
2451.4,11.31508111235206
2451.6,12.965575529845982
2451.8,11.954951408124055
2452.0,13.059560526748351
2452.2,13.872508173362956
2452.4,12.440190176219147
2452.6,11.38997319648957
2452.8,11.150825232498693
2453.0,10.999337395745059
2453.2,11.159946995516743
2453.4,10.714278612600685
2453.6,11.982263045074662
2453.8,11.473100637290477
2454.0,10.731767678865257
2454.2,11.95325561532577
2454.4,11.318936426565823
2454.6,11.153592871321464
2454.8,10.519429848815857
2455.0,11.096497614905406
2455.2,11.668682657020813
2455.4,11.666914010164298
2455.6,12.066986471289269
2455.8,11.90478363007654
2456.0,11.47036347505397
2456.2,11.775906814171027
2456.4,11.039508591015997
2456.6,11.099525535487736
2456.8,11.305989812967773
2457.0,10.778770909928234
2457.2,11.891142108441041
2457.4,11.727448383547689
2457.6,11.727457032176824
2457.8,11.983086720157953
2458.0,11.640230396667983
2458.2,11.746068431084344
2458.4,10.970395791967114
2458.6,11.614265780694708
2458.8,11.688864861965245
2459.0,11.993486851165402
2459.2,11.55502466327681
2459.4,10.875896513625223
2459.6,11.811658118636268
2459.8,11.14562851191594
2460.0,11.150103332161086
2460.2,11.558823008945065
2460.4,11.44973420180149
2460.6,11.09297995845947
2460.8,11.625119876133965
2461.0,10.758591690947604
2461.2,10.910892339574952
2461.4,10.707403087129446
2461.6,10.410727310910499
2461.8,10.01450005767628
2462.0,10.483685394167008
2462.2,10.521128476660751
2462.4,10.462714125286253
2462.6,10.256981159954279
2462.8,10.22475275436539
2463.0,10.289221489352032
2463.2,10.270016515555323
2463.4,10.390589399895262
2463.6,10.71943700212961
2463.8,10.825635742157296
2464.0,10.674668195217151
2464.2,10.981827744489534
2464.4,12.473300271460104
2464.6,11.788019426222963
2464.8,11.193752487935416
2465.0,12.320711228472184
2465.2,13.079974225244644
2465.4,12.764966849720924
2465.6,13.10542759212148
2465.8,13.934002223449228
2466.0,13.604794441464021
2466.2,13.752655362815924
2466.4,13.563910317805606
2466.6,13.350379249912482
2466.8,13.348298472566238
2467.0,12.878597763134325
2467.2,12.07919080930698
2467.4,12.620956795105108
2467.6,12.239408669218212
2467.8,11.612129335647106
2468.0,12.314612917233905
2468.2,12.634740734875034
2468.4,12.559124531364077
2468.6,12.857412636148116
2468.8,12.61975180165428
2469.0,11.87465067903031
2469.2,11.328461203511814
2469.4,12.114372197559701
2469.6,11.970657237020939
2469.8,11.94488569753208
2470.0,11.59308349482073
2470.2,11.749933456546648
2470.4,11.234918765754196
2470.6,10.838015017917616
2470.8,10.637063564868253
2471.0,11.20821622903545
2471.2,10.758577251357757
2471.4,11.202898796769096
2471.6,11.295140347272971
2471.8,10.697394896051248
2472.0,10.508545128742528
2472.2,11.143949673452314
2472.4,10.529239199727492
2472.6,10.570708380433649
2472.8,10.456861814306865
2473.0,11.129070489783555
2473.2,10.424439444453778
2473.4,10.355745440808793
2473.6,10.4427750358556
2473.8,10.64677771882413
2474.0,10.163622813230841
2474.2,10.64479775246517
2474.4,10.487397880861984
2474.6,10.533546705086449
2474.8,10.224397200200325
2475.0,10.175612016080532
2475.2,10.293659148722325
2475.4,9.701347755436473
2475.6,10.442892525839651
2475.8,10.153636116433164
2476.0,9.998882983903133
2476.2,10.255811594978496
2476.4,10.509992196843765
2476.6,10.314714102799055
2476.8,10.343617161176654
2477.0,10.23981276704407
2477.2,10.411764757259359
2477.4,10.214442457778201
2477.6,10.36977661434328
2477.8,10.303724289639133
2478.0,11.187506259450792
2478.2,10.710179945100656
2478.4,10.051262912851717
2478.6,9.543801917052686
2478.8,9.641552630003648
2479.0,9.475073833577328
2479.2,10.157712110258723
2479.4,9.832782025730534
2479.6,9.759278479209074
2479.8,9.818995360805767
2480.0,9.932135482214816
2480.2,9.932552868595891
2480.4,10.318843183874096
2480.6,10.057867766680195
2480.8,9.91959603657909
2481.0,10.07315080408035
2481.2,9.812520947089913
2481.4,10.131339868476093
2481.6,9.511430433800221
2481.8,9.710834107047864
2482.0,9.559198696150355
2482.2,9.68863581389084
2482.4,9.51258342851016
2482.6,9.827960967531931
2482.8,9.584190121221933
2483.0,9.917130206671024
2483.2,9.670518595441989
2483.4,9.554685945390727
2483.6,9.604877355938584
2483.8,9.314861549399915
2484.0,9.272902342669969
2484.2,9.23858653031392
2484.4,9.35284727702355
2484.6,9.566022531435527
2484.8,9.486511551291763
2485.0,9.770379756871158
2485.2,9.451027889323697
2485.4,9.747354034542933
2485.6,9.889481597038055
2485.8,9.59989916071923
2486.0,9.19196104838193
2486.2,9.681360597054208
2486.4,9.65277800032295
2486.6,9.527814486261928
2486.8,9.64404245572948
2487.0,9.58359421296414
2487.2,9.667907528742642
2487.4,9.461917476247637
2487.6,9.278039586069827
2487.8,9.450375475678946
2488.0,9.759307334481367
2488.2,9.966629118272555
2488.4,9.624508392234597
2488.6,9.807792025731297
2488.8,9.767041060445543
2489.0,10.298384063631863
2489.2,10.837849742769185
2489.4,10.392408181706434
2489.6,10.264953837253639
2489.8,10.390400131204204
2490.0,10.431178870142283
2490.2,10.708857712989237
2490.4,10.242836151191712
2490.6,10.297606369459004
2490.8,10.136186865141251
2491.0,10.71964959179277
2491.2,10.303220344299913
2491.4,10.836932198577694
2491.6,11.286172068639516
2491.8,10.736172405760183
2492.0,9.54644191163591
2492.2,9.078339980771714
2492.4,9.563051974844047
2492.6,9.352154346191142
2492.8,9.346131484560175
2493.0,9.307404847824248
2493.2,9.130451479520968
2493.4,10.208134874795551
2493.6,11.39750081986045
2493.8,11.446272735644953
2494.0,11.00759474117317
2494.2,11.204417464349268
2494.4,10.958251195370941
2494.6,10.580809798512744
2494.8,10.252670839976183
2495.0,9.938896032757551
2495.2,9.914547782859817
2495.4,10.480944203623482
2495.6,10.779673080706624
2495.8,10.68931745015545
2496.0,10.77510706226849
2496.2,10.295217088380287
2496.4,10.177133127515548
2496.6,9.96574630724327
2496.8,10.547375242346035
2497.0,11.220997638374437
2497.2,10.530999904435895
2497.4,11.122794690013988
2497.6,11.031886900880785
2497.8,11.711007866558894
2498.0,11.635718991672611
2498.2,11.570146266395753
2498.4,11.770989703991528
2498.6,11.231443685069813
2498.8,11.71817385070658
2499.0,11.93164234597019
2499.2,11.940146828117072
2499.4,13.427391766114132
2499.6,13.372550215023608
2499.8,14.028019617851273
2500.0,12.230682243997158
2500.2,12.710578386331049
2500.4,14.13741191406807
2500.6,12.889672451110165
2500.8,12.597239098640255
2501.0,13.400164625814597
2501.2,13.625646687497238
2501.4,14.13308224654095
2501.6,13.023062497406768
2501.8,14.848036136474372
2502.0,15.03000179520479
2502.2,15.356537331722643
2502.4,14.619994955136082
2502.6,16.030610090438454
2502.8,17.58512191641588
2503.0,16.200339477936087
2503.2,14.181032085599208
2503.4,14.738112543866588
2503.6,12.82085086732086
2503.8,13.912235642353393
2504.0,12.937866027578588
2504.2,15.656086183999276
2504.4,16.297345937540374
2504.6,13.808419304976775
2504.8,13.23233710968329
2505.0,13.198318167667422
2505.2,13.003802233572106
2505.4,10.63589730332927
2505.6,10.409320795340477
2505.8,10.130749898003328
2506.0,10.257739040146935
2506.2,10.302719881531404
2506.4,10.44008470499017
2506.6,10.273319850015724
2506.8,10.38548419565656
2507.0,10.327285072272272
2507.2,10.210029965655352
2507.4,10.230138417656322
2507.6,10.461179509736482
2507.8,10.231588391758592
2508.0,10.406162728432559
2508.2,10.867634285641461
2508.4,11.269426880906481
2508.6,10.119618791121859
2508.8,11.05163768835051
2509.0,11.557590438683134
2509.2,10.999311878138291
2509.4,10.535243182590033
2509.6,10.340483460526581
2509.8,10.84858896925356
2510.0,10.898532567664246
2510.2,10.587739603185442
2510.4,11.019986855163255
2510.6,12.689982095989611
2510.8,12.296887200990367
2511.0,13.4461216132782
2511.2,13.608115090439917
2511.4,12.97326275487331
2511.6,13.356362890599069
2511.8,12.813632279538067
2512.0,14.24102038143725
2512.2,15.258895297855915
2512.4,14.643445262127113
2512.6,14.347980375620393
2512.8,13.917215322702475
2513.0,12.730712709322534
2513.2,14.153682070556036
2513.4,14.97257822756614
2513.6,17.66605141510777
2513.8,14.38391506973803
2514.0,14.890667948497748
2514.2,14.826027899188865
2514.4,13.800830088859932
2514.6,14.558284451657475
2514.8,14.798576539775324
2515.0,14.171040101110572
2515.2,14.522544253654402
2515.4,15.911834211622963
2515.6,16.90984710999193
2515.8,17.378416852580308
2516.0,17.349144841470434
2516.2,15.754280001815168
2516.4,14.356274956392062
2516.6,13.698920480134422
2516.8,14.296229064775796
2517.0,14.2107724551997
2517.2,14.3473716242455
2517.4,14.948468733439132
2517.6,15.785605620903718
2517.8,14.560634225471734
2518.0,14.651411345219625
2518.2,15.586109711235503
2518.4,15.560958860498948
2518.6,14.857636297575462
2518.8,14.221493894157645
2519.0,13.072967996273867
2519.2,13.127626301305014
2519.4,14.733422133617808
2519.6,14.011424238444404
2519.8,12.91900101101149
2520.0,14.017000972755593
2520.2,13.924691398829424
2520.4,15.731357303212361
2520.6,14.921491833365899
2520.8,14.476508467242454
2521.0,14.371911880156167
2521.2,15.30777252776044
2521.4,16.20318758883293
2521.6,15.35493142366988
2521.8,14.40986984708751
2522.0,13.468855643502282
2522.2,11.438590723286081
2522.4,12.076433781578558
2522.6,13.170781816356454
2522.8,12.471212800619917
2523.0,13.51687280836918
2523.2,15.481344693532439
2523.4,16.26010315700438
2523.6,17.18430631470767
2523.8,17.00902453768561
2524.0,17.53958413720289
2524.2,18.34460632470594
2524.4,17.07966980075935
2524.6,16.67857096528505
2524.8,13.502993022357728
2525.0,15.350115278330117
2525.2,13.877845864305279
2525.4,13.933548467390182
2525.6,13.798333533510462
2525.8,14.215688937835582
2526.0,12.724385031020432
2526.2,13.183511933904239
2526.4,11.068141002501498
2526.6,12.254625521257424
2526.8,12.585256602350743
2527.0,12.696245854252673
2527.2,11.416942346716265
2527.4,11.735954702875066
2527.6,12.374489490006471
2527.8,11.875020466335243
2528.0,13.35351371261272
2528.2,13.007184021520043
2528.4,12.34604302825139
2528.6,11.55490826224483
2528.8,11.233662724922922
2529.0,11.611808780261214
2529.2,12.067927811255093
2529.4,11.277364648436972
2529.6,11.98329420829318
2529.8,12.393148820977625
2530.0,13.200001515506209
2530.2,12.75532914610851
2530.4,12.174118701862213
2530.6,12.11218165544268
2530.8,12.61983726768586
2531.0,12.664962079510115
2531.2,11.628292711541375
2531.4,12.650266929138585
2531.6,11.29609215736324
2531.8,12.39683143316116
2532.0,12.113630897480906
2532.2,12.241420604685935
2532.4,11.70618866963643
2532.6,11.210089567499393
2532.8,11.761665344920182
2533.0,11.53324131794404
2533.2,11.961904369506001
2533.4,11.613156011911832
2533.6,11.926035752840885
2533.8,11.12557780168536
2534.0,11.468569451924939
2534.2,9.964257133275115
2534.4,10.556265741411657
2534.6,10.221940083130223
2534.8,10.093069027791904
2535.0,10.6565940308268
2535.2,11.555031846984011
2535.4,11.55095687883791
2535.6,12.455526107880077
2535.8,10.932801924866332
2536.0,10.143828235212757
2536.2,10.510503902085153
2536.4,11.218287255883917
2536.6,10.143710935355228
2536.8,9.708171732971216
2537.0,10.123858137300154
2537.2,10.982122508595676
2537.4,10.946464728137105
2537.6,10.986364415398244
2537.8,11.464066210259569
2538.0,12.858053774246741
2538.2,11.665389076465683
2538.4,11.600265774525298
2538.6,12.435174224821237
2538.8,12.281331783765363
2539.0,12.641796218144616
2539.2,11.039069097009143
2539.4,11.088274386428687
2539.6,11.425082341323137
2539.8,11.463342447181386
2540.0,12.085794734881993
2540.2,11.83377665538888
2540.4,11.813801879570267
2540.6,12.076770143218301
2540.8,11.638421489306133
2541.0,11.264148381343013
2541.2,10.735793490646298
2541.4,10.749419080403229
2541.6,11.848623404068977
2541.8,12.428543139318148
2542.0,12.226976456861511
2542.2,11.732646673808915
2542.4,12.43938802426271
2542.6,12.332860812911212
2542.8,12.556837385178907
2543.0,11.742167228158376
2543.2,11.827040953482474
2543.4,12.30752622973666
2543.6,12.482856785902873
2543.8,12.484126364870017
2544.0,11.739560307330493
2544.2,12.43602695123472
2544.4,12.075327232343218
2544.6,11.942686765611985
2544.8,11.969823607137124
2545.0,12.006171537945352
2545.2,12.192397580898577
2545.4,12.262089503436469
2545.6,12.448017165822234
2545.8,13.061466720981647
2546.0,15.207570771274368
2546.2,14.978047550817665
2546.4,14.247358674267797
2546.6,14.914944467140119
2546.8,14.94417295309985
2547.0,15.030959859274667
2547.2,14.468218189238417
2547.4,13.734879631322869
2547.6,13.889100973249082
2547.8,13.152609159514945
2548.0,12.36389872651771
2548.2,12.845607914193378
2548.4,12.0195706153715
2548.6,13.687843457259255
2548.8,13.674143918070964
2549.0,14.598682396082365
2549.2,13.180563334753865
2549.4,12.214951261699806
2549.6,13.116857163822772
2549.8,11.478768256265486
2550.0,11.712094352384758
2550.2,13.231413726714392
2550.4,11.974437107675968
2550.6,11.548651961789314
2550.8,11.139256757718805
2551.0,11.508604086911847
2551.2,11.226801310037015
2551.4,12.293898638971587
2551.6,11.433747972437104
2551.8,11.520712214399389
2552.0,11.270652343942766
2552.2,11.144764892406247
2552.4,11.227701690703642
2552.6,11.239618030823566
2552.8,10.716996508881715
2553.0,11.50906579096315
2553.2,11.731633520815912
2553.4,11.01764941868003
2553.6,10.208551257769088
2553.8,10.947445728188583
2554.0,10.207556967890705
2554.2,10.439964149840426
2554.4,9.497637199444464
2554.6,9.861239350296291
2554.8,10.24793085911342
2555.0,10.17589034837314
2555.2,11.501618083395954
2555.4,11.558578984033769
2555.6,12.038742561304845
2555.8,11.675290950078505
2556.0,11.526575045534047
2556.2,13.578733360290755
2556.4,12.242887062825039
2556.6,11.786553461057403
2556.8,12.577668754594258
2557.0,11.870431082523801
2557.2,12.278646738326596
2557.4,13.4205812408687
2557.6,13.756234742497144
2557.8,13.588022294430296
2558.0,12.566107140183199
2558.2,12.487168005128433
2558.4,11.449572345116172
2558.6,12.37839261031234
2558.8,12.53876351963811
2559.0,13.038218413395084
2559.2,12.087859693089007
2559.4,11.392719029869362
2559.6,11.041703615985135
2559.8,11.227162250417129
2560.0,11.019643640995426
2560.2,11.384226999334926
2560.4,11.417466298271739
2560.6,11.782040950745857
2560.8,11.242166827421185
2561.0,11.917260120519346
2561.2,11.781843467256177
2561.4,11.28420644260588
2561.6,11.310885084091126
2561.8,11.641357183169411
2562.0,11.301676155951057
2562.2,10.936904606680834
2562.4,10.852755621884054
2562.6,11.290862089450016
2562.8,10.873033454218252
2563.0,10.601231012541168
2563.2,10.66021196262269
2563.4,11.199240495739232
2563.6,10.81663762548673
2563.8,10.996004088438022
2564.0,10.920832236427707
2564.2,11.101824462959776
2564.4,11.194468443594861
2564.6,10.903285856934467
2564.8,11.150846015002681
2565.0,10.708279522146116
2565.2,10.731370894089016
2565.4,10.504701613760135
2565.6,10.652702559731818
2565.8,11.478586289940466
2566.0,11.440705408311436
2566.2,11.000832022861033
2566.4,11.8328233377431
2566.6,13.091115788657692
2566.8,13.86869497808722
2567.0,13.161567822649094
2567.2,11.732595256366132
2567.4,13.761104878206691
2567.6,14.05270840221133
2567.8,12.840380480009582
2568.0,13.98646383799688
2568.2,15.357199954177073
2568.4,13.19633003226757
2568.6,12.503444951965987
2568.8,12.915401863676717
2569.0,13.604673277017989
2569.2,14.140220558233931
2569.4,13.598993804139221
2569.6,12.693164444993359
2569.8,11.845379315481848
2570.0,12.097112254499029
2570.2,10.753344684954993
2570.4,11.14923580905785
2570.6,11.806378066776432
2570.8,12.45789016155774
2571.0,14.766283078737683
2571.2,14.445625346343778
2571.4,15.98480141684644
2571.6,16.29733546071922
2571.8,15.198865966872344
2572.0,16.588551102787378
2572.2,15.741834208110214
2572.4,14.39775642016161
2572.6,14.170031928827866
2572.8,13.730418015578767
2573.0,12.58057719033615
2573.2,13.569765928430659
2573.4,13.412656144382524
2573.6,13.820900316619479
2573.8,13.131737683290732
2574.0,12.45734813139478
2574.2,13.790358454387949
2574.4,13.450011517738474
2574.6,12.876260805880431
2574.8,12.295833714094858
2575.0,11.0938294902923
2575.2,12.515639703016397
2575.4,12.788557342101337
2575.6,14.014342275102173
2575.8,13.3480137944087
2576.0,13.340452484686121
2576.2,13.794210138420453
2576.4,12.544868560564371
2576.6,12.212345441359808
2576.8,11.853516374775111
2577.0,11.61481385412497
2577.2,10.854851237716318
2577.4,11.996947848660941
2577.6,11.104400040853522
2577.8,11.287707807336613
2578.0,11.846096282982053
2578.2,11.689332045726097
2578.4,12.162325148116953
2578.6,12.534808862887267
2578.8,10.973097618993805
2579.0,11.657936512171778
2579.2,13.414490117467679
2579.4,13.898658332966482
2579.6,13.686545462494502
2579.8,13.102590715066466
2580.0,13.050580292023803
2580.2,12.64659990441746
2580.4,12.786913338875149
2580.6,12.633301405847714
2580.8,13.732652358670748
2581.0,12.536052729083739
2581.2,12.893910452096897
2581.4,14.41634919490831
2581.6,15.502170829774178
2581.8,14.598497184060728
2582.0,15.828871227709044
2582.2,15.629573910760593
2582.4,15.152174369512718
2582.6,14.326727771312084
2582.8,14.835535591277953
2583.0,15.267299006445858
2583.2,15.462720568744233
2583.4,15.035942638364595
2583.6,14.70846607417543
2583.8,14.819452226124117
2584.0,15.151650117166025
2584.2,15.14515721564786
2584.4,15.131159147926414
2584.6,14.932470400957968
2584.8,15.183817320772242
2585.0,15.328561228203906
2585.2,17.097679482829257
2585.4,17.180134117682723
2585.6,16.905108793102062
2585.8,17.79332622389177
2586.0,17.75051494554042
2586.2,17.76444408610425
2586.4,17.99621589602242
2586.6,16.160518033251616
2586.8,17.102731407359563
2587.0,15.799201588849193
2587.2,18.032400874825925
2587.4,17.01928893778681
2587.6,18.653533308258922
2587.8,18.568736943979065
2588.0,17.467394444253664
2588.2,15.611329416498824
2588.4,16.352817460863093
2588.6,15.58742583419913
2588.8,16.3653849977971
2589.0,16.538286950284395
2589.2,15.049738416568516
2589.4,15.9859033967019
2589.6,16.68187554977139
2589.8,16.123515057458757
2590.0,16.718659499937505
2590.2,15.323869745916689
2590.4,16.12582174759389
2590.6,13.94071965471042
2590.8,14.602222233349014
2591.0,15.705090664046208
2591.2,14.96962949931916
2591.4,13.117786887074521
2591.6,14.120536334101176
2591.8,14.678451622135377
2592.0,14.998848180558461
2592.2,13.83140182583972
2592.4,14.718173303539668
2592.6,14.5387654052406
2592.8,15.280079666275677
2593.0,13.902514811638422
2593.2,13.890862198781377
2593.4,13.473059513344396
2593.6,13.568102017349243
2593.8,13.968969124955429
2594.0,14.6209718995128
2594.2,15.509381374440416
2594.4,14.368028241633755
2594.6,15.13675355082471
2594.8,16.378396889250396
2595.0,15.469953893302776
2595.2,15.726372880687014
2595.4,15.497797521328401
2595.6,14.74455024629307
2595.8,15.47234007646784
2596.0,17.67405685830052
2596.2,17.404179380119388
2596.4,17.24065667688222
2596.6,15.677922225318529
2596.8,16.90062167314722
2597.0,15.94865247102348
2597.2,15.84991540083607
2597.4,15.764401175007944
2597.6,15.301494738364639
2597.8,15.08182486508889
2598.0,15.382277340306267
2598.2,14.414797794490804
2598.4,15.790775770325382
2598.6,14.938284232321575
2598.8,17.514691336684123
2599.0,18.15623470318775
2599.2,16.5133834751099
2599.4,16.227613837175184
2599.6,17.054783626442635
2599.8,16.78109815780465
2600.0,17.324864228072915
2600.2,16.080288446004154
2600.4,15.60374282870148
2600.6,15.50002349372539
2600.8,14.278455524877288
2601.0,15.109375967171594
2601.2,16.168166558579465
2601.4,16.35251560362262
2601.6,16.89163227364934
2601.8,16.521793155910835
2602.0,17.194410332979558
2602.2,17.104476169220575
2602.4,15.065768902465402
2602.6,15.848188589443312
2602.8,16.207553099362457
2603.0,14.84827172613777
2603.2,15.55884350535554
2603.4,15.41096299711533
2603.6,15.164775210883448
2603.8,15.424355607497935
2604.0,15.297825413410855
2604.2,14.70700294541622
2604.4,14.482421378149777
2604.6,15.178957682625141
2604.8,14.324470378893103
2605.0,14.01898829142671
2605.2,14.604052736496069
2605.4,15.080142150406363
2605.6,15.990159652878903
2605.8,16.754821922308793
2606.0,15.835226486256818
2606.2,15.359594975978219
2606.4,15.087755090768853
2606.6,14.115173507748018
2606.8,13.472266441835156
2607.0,15.082623963830095
2607.2,17.514185664768448
2607.4,16.522866641813238
2607.6,16.00174781373433
2607.8,16.83242328485202
2608.0,17.542917900128373
2608.2,18.278347512480416
2608.4,20.169313593873323
2608.6,18.685607586523737
2608.8,18.246194577972116
2609.0,16.756932789892762
2609.2,16.821480544314966
2609.4,16.721133536019234
2609.6,18.203306255481316
2609.8,18.12661905870687
2610.0,19.016753695385052
2610.2,19.7833886898901
2610.4,19.0606573513489
2610.6,18.63704132031925
2610.8,18.935883025955427
2611.0,18.3144981857275
2611.2,18.351280391735163
2611.4,18.43414667531292
2611.6,17.638965788062656
2611.8,19.140117562828706
2612.0,19.47584231206362
2612.2,18.209941470048594
2612.4,18.510991662286976
2612.6,19.074986927457257
2612.8,18.514203911634723
2613.0,16.85617920760495
2613.2,18.884721048635438
2613.4,19.212429867984888
2613.6,17.55062438662765
2613.8,15.634988005207742
2614.0,15.939108486801722
2614.2,15.174066644722355
2614.4,15.286837672608339
2614.6,15.710927802689955
2614.8,16.659551264981204
2615.0,16.057391353577298
2615.2,16.969595928289504
2615.4,17.20441255624891
2615.6,16.52786653277541
2615.8,14.923788079890059
2616.0,14.488318072326758
2616.2,15.415685674965289
2616.4,14.753509983007845
2616.6,16.195969275767148
2616.8,17.044563299114042
2617.0,16.468419390117898
2617.2,15.67370724724512
2617.4,15.294781469553993
2617.6,14.657121369434865
2617.8,14.302747279888251
2618.0,16.162104393041275
2618.2,16.790212018979446
2618.4,17.571515146037903
2618.6,17.76795870508488
2618.8,18.459827676341796
2619.0,16.57762523896705
2619.2,16.124091800271476
2619.4,15.932202783827126
2619.6,15.684545136541669
2619.8,14.717592957881557
2620.0,15.7026056077122
2620.2,16.363833398628017
2620.4,14.092091803057103
2620.6,12.477799120391836
2620.8,13.295438166397709
2621.0,12.308069263846237
2621.2,11.425724633587963
2621.4,12.183464091373882
2621.6,13.238676488401165
2621.8,12.42953606424543
2622.0,12.423009019072605
2622.2,12.293470760650765
2622.4,13.480932025927476
2622.6,12.887971616370418
2622.8,12.769571550908072
2623.0,13.32262617930496
2623.2,13.220020004879858
2623.4,12.617919591762593
2623.6,13.260958439066508
2623.8,12.013401117334727
2624.0,11.386722483101172
2624.2,12.191930488934071
2624.4,12.468073251386432
2624.6,13.776070934243066
2624.8,14.937672403387921
2625.0,14.394293353392369
2625.2,14.85334651141196
2625.4,14.631280771462096
2625.6,15.111451736724158
2625.8,14.21034035493996
2626.0,13.865740203156546
2626.2,14.609064561152337
2626.4,15.880444178109821
2626.6,15.283888653587905
2626.8,15.912698848375621
2627.0,15.44901019025587
2627.2,15.0519988895967
2627.4,14.571813028362106
2627.6,15.016198625665423
2627.8,12.962122665655274
2628.0,14.104125784488303
2628.2,13.979518263007298
2628.4,14.075402433155261
2628.6,13.06665916360812
2628.8,12.745091691552881
2629.0,13.320977971419968
2629.2,12.009760496095902
2629.4,12.746150442383327
2629.6,12.902513073067537
2629.8,12.50964959962477
2630.0,13.013084953704324
2630.2,13.243075062781536
2630.4,12.400249078185112
2630.6,12.425003794482226
2630.8,11.734518971064798
2631.0,11.603017420525763
2631.2,12.703773544446353
2631.4,11.029914050399746
2631.6,11.06301926819187
2631.8,10.77032656702568
2632.0,12.096395827666287
2632.2,12.501310151743139
2632.4,11.820522462934957
2632.6,11.64119197420344
2632.8,12.056527177133496
2633.0,13.462526181878122
2633.2,12.933280824322711
2633.4,12.590373110899534
2633.6,11.500216196139313
2633.8,11.253973523445676
2634.0,10.75567196356408
2634.2,11.05558534447336
2634.4,10.80419038046676
2634.6,10.348240429560175
2634.8,11.053513285093217
2635.0,10.774697254998815
2635.2,10.5299837349843
2635.4,10.973208643571859
2635.6,10.754983412711603
2635.8,10.724196514013691
2636.0,11.042123836872841
2636.2,12.070436877990485
2636.4,11.537076006829867
2636.6,11.722813031918268
2636.8,11.389266025575964
2637.0,11.667015627952775
2637.2,11.181264943037592
2637.4,13.234714375376269
2637.6,12.273629067765041
2637.8,12.034311790289733
2638.0,12.246931268049277
2638.2,13.281398736373777
2638.4,13.002895809045015
2638.6,13.191886523738457
2638.8,14.067000778882013
2639.0,13.839669512031303
2639.2,13.679601525164177
2639.4,13.456536902723737
2639.6,13.910146019521488
2639.8,14.322521879291797
2640.0,14.491438956662135
2640.2,13.95900995816321
2640.4,12.13446507963296
2640.6,12.54893579580173
2640.8,15.45280139779898
2641.0,13.711161382905537
2641.2,12.300712430642847
2641.4,13.076736701541025
2641.6,13.654203020745076
2641.8,13.276880853195198
2642.0,13.286395185261895
2642.2,13.049259757308178
2642.4,13.55668147084444
2642.6,12.557301363202146
2642.8,12.212620704769936
2643.0,11.522066074122224
2643.2,11.253027739290493
2643.4,11.759405075562038
2643.6,11.180727441407953
2643.8,10.463436803097881
2644.0,10.692383826992263
2644.2,10.82426659717791
2644.4,11.352685423995997
2644.6,10.693462131359828
2644.8,10.717652074965635
2645.0,10.328665999348228
2645.2,10.593177200192311
2645.4,10.186251663682455
2645.6,10.308951644447543
2645.8,9.986502317326579
2646.0,10.79765784313503
2646.2,10.954574698065255
2646.4,10.883272114106525
2646.6,11.57717077557432
2646.8,11.015755725991948
2647.0,11.546517173560318
2647.2,10.824077292909566
2647.4,11.433047477236897
2647.6,11.210246131070402
2647.8,10.651438079721348
2648.0,10.649178035483542
2648.2,10.435983710069753
2648.4,10.914287171298051
2648.6,10.50771356698079
2648.8,11.233202386824729
2649.0,10.559174886551428
2649.2,10.046187773546416
2649.4,10.422149294322754
2649.6,10.551743135131817
2649.8,10.888433081673497
2650.0,9.704639567559127
2650.2,9.861583793674157
2650.4,10.766915709694988
2650.6,10.64467573527492
2650.8,9.998180621521819
2651.0,10.227550344066927
2651.2,10.724629941734499
2651.4,10.55312671290885
2651.6,10.953587988785547
2651.8,10.872735746619124
2652.0,10.902652478218569
2652.2,10.416422141690333
2652.4,9.812939779366518
2652.6,10.19964213944637
2652.8,10.059857884627817
2653.0,10.148314278133078
2653.2,11.011024712930979
2653.4,10.905383942072548
2653.6,10.95791822131972
2653.8,11.416080717154093
2654.0,11.546941326456095
2654.2,11.228515464616828
2654.4,10.663637274967417
2654.6,12.276479741676491
2654.8,14.736127754549637
2655.0,14.636362421779502
2655.2,15.612955175389633
2655.4,14.89855936363432
2655.6,14.663223715378482
2655.8,14.182617376963497
2656.0,12.713875540935668
2656.2,12.804265749550973
2656.4,14.105222110659092
2656.6,13.41217622518739
2656.8,13.45636601357784
2657.0,14.646268307935035
2657.2,12.963370097535162
2657.4,12.799384041794092
2657.6,14.134282668734281
2657.8,14.05237934823087
2658.0,12.736128207323032
2658.2,12.136679984646829
2658.4,13.146099039809016
2658.6,12.201846927119899
2658.8,12.22167914028744
2659.0,13.13757492479458
2659.2,12.672895235636869
2659.4,12.52119373521073
2659.6,13.500151604293878
2659.8,11.946417685379004
2660.0,11.623111024447168
2660.2,12.844028002391658
2660.4,12.944745988035958
2660.6,13.913155568161859
2660.8,13.40748861022941
2661.0,13.232845436077492
2661.2,15.089864338638586
2661.4,14.044383098808497
2661.6,13.897690271792163
2661.8,14.401512723883103
2662.0,14.366961741045737
2662.2,14.387395960319932
2662.4,14.408229994356006
2662.6,14.769614861312855
2662.8,14.306441708964089
2663.0,13.409121953599854
2663.2,13.327572798486113
2663.4,14.383472141362397
2663.6,14.66028513127087
2663.8,13.47688031378815
2664.0,13.563778147763765
2664.2,14.540010354838255
2664.4,13.375213100734463
2664.6,14.430581642868525
2664.8,14.76671049870193
2665.0,16.828235376007076
2665.2,16.300912429929678
2665.4,15.293706541788781
2665.6,14.258735900652875
2665.8,13.413564065163786
2666.0,12.697002931456211
2666.2,12.004095832811313
2666.4,14.630065739517876
2666.6,14.306478878275168
2666.8,12.77618363152208
2667.0,14.464191040970245
2667.2,15.202371089147665
2667.4,15.649817470056195
2667.6,15.375559081623821
2667.8,17.249379210715887
2668.0,16.63171058278969
2668.2,16.345146914155226
2668.4,15.78243919163267
2668.6,16.33121243229233
2668.8,16.838935903775784
2669.0,16.95213720166825
2669.2,15.05625973964312
2669.4,13.755719144631545
2669.6,14.913789545012824
2669.8,13.872755277829231
2670.0,14.03612292163379
2670.2,15.005182311398059
2670.4,15.798588944738626
2670.6,14.626190669247245
2670.8,13.553859451572244
2671.0,11.986044801813684
2671.2,11.386338734236967
2671.4,13.228240782619453
2671.6,13.352816364589732
2671.8,12.503479050086039
2672.0,12.701634102680124
2672.2,13.390123833771824
2672.4,13.469729959114796
2672.6,12.237468205683601
2672.8,11.947293024010596
2673.0,13.213431871415409
2673.2,14.396992918669163
2673.4,14.187421472182004
2673.6,14.717186507223916
2673.8,14.247762342061733
2674.0,13.91716436132835
2674.2,13.848009960851002
2674.4,15.487293126520479
2674.6,13.64678021143031
2674.8,14.307692502262018
2675.0,13.728756305146332
2675.2,13.854752315725325
2675.4,15.242225207310064
2675.6,16.31291604587091
2675.8,18.273409378679094
2676.0,16.500043097857663
2676.2,16.627754878861484
2676.4,14.762683383518354
2676.6,16.86102603903702
2676.8,14.827203233933295
2677.0,15.550701872962238
2677.2,15.056771948596735
2677.4,13.81491234729661
2677.6,13.471290822190507
2677.8,12.422915388406393
2678.0,13.000252438906825
2678.2,13.61413054049458
2678.4,12.856018435255432
2678.6,12.8008880427471
2678.8,12.912545879805128
2679.0,13.786178356623093
2679.2,12.779692617072055
2679.4,13.552567266003681
2679.6,13.898838684962005
2679.8,12.759404847614524
2680.0,12.776119491659426
2680.2,13.060026495396473
2680.4,12.856576054607512
2680.6,12.468245163515403
2680.8,11.575186440009722
2681.0,11.372392760071047
2681.2,11.17454690725011
2681.4,11.059703296259809
2681.6,11.020331647090284
2681.8,10.976468535532742
2682.0,12.193144568480127
2682.2,11.49139832705481
2682.4,13.249473759164434
2682.6,13.407456117139965
2682.8,13.642056559329488
2683.0,11.859454955990358
2683.2,11.70489027796997
2683.4,13.114728585055113
2683.6,14.429753849432622
2683.8,13.854257453205962
2684.0,13.903050596744366
2684.2,13.756658127928263
2684.4,14.214185693638052
2684.6,14.947658897242114
2684.8,14.812171240182273
2685.0,14.514691083185651
2685.2,15.412950593008734
2685.4,14.186917641780138
2685.6,15.717842115522702
2685.8,16.685403788571417
2686.0,16.178941518176167
2686.2,15.825764400961276
2686.4,15.54806871651519
2686.6,16.225354700244612
2686.8,16.29427171019286
2687.0,16.87717273991891
2687.2,15.957663947326921
2687.4,16.63525342222357
2687.6,16.914979663970563
2687.8,16.947691054671914
2688.0,17.45120679843123
2688.2,16.29054856844065
2688.4,15.964930761562021
2688.6,14.89682407122324
2688.8,13.835581397895494
2689.0,12.714606268445742
2689.2,13.101341840649887
2689.4,12.2361809450965
2689.6,12.75900213658927
2689.8,12.289207081325033
2690.0,11.812392903594402
2690.2,12.1492296643972
2690.4,12.969618472305402
2690.6,12.765912913375995
2690.8,12.28811605583804
2691.0,13.461732763041962
2691.2,15.87691125228881
2691.4,15.529693534707613
2691.6,17.17340697526804
2691.8,16.932304165523547
2692.0,16.971869386079383
2692.2,16.072502227315407
2692.4,17.26040867141783
2692.6,16.710679205528145
2692.8,13.845677388823823
2693.0,15.564781223810293
2693.2,15.122317399800185
2693.4,15.432268375371553
2693.6,15.440519423297626
2693.8,16.94332047647914
2694.0,15.029683240872298
2694.2,15.537703601076132
2694.4,14.987269126446126
2694.6,13.67642461463645
2694.8,14.060482568356624
2695.0,15.976406908400136
2695.2,14.653222478687573
2695.4,13.088348671465567
2695.6,11.906099475284345
2695.8,14.971241195042433
2696.0,14.209829424264255
2696.2,14.625616317832232
2696.4,13.459292864781817
2696.6,12.81116231932565
2696.8,13.725817046024325
2697.0,13.236444496001297
2697.2,14.127499540449854
2697.4,13.710575139406345
2697.6,14.432928610140827
2697.8,12.965130585415176
2698.0,13.262922638450112
2698.2,12.376005217575312
2698.4,12.366839021152332
2698.6,13.151553021296598
2698.8,11.318997711063894
2699.0,12.530610408261547
2699.2,14.036424673586547
2699.4,12.279189319446571
2699.6,13.666305193878504
2699.8,13.955633763976259
2700.0,13.46670213738815
2700.2,12.36801352834007
2700.4,13.020213001862471
2700.6,12.098463290557797
2700.8,11.336705449680654
2701.0,12.018411530887654
2701.2,11.704462618516441
2701.4,11.72980523010963
2701.6,11.919136058521714
2701.8,11.037744609184168
2702.0,11.62821717738183
2702.2,11.789034831257364
2702.4,11.583305530034876
2702.6,11.588382283064004
2702.8,11.963102964157441
2703.0,11.605501584909891
2703.2,11.043733525716329
2703.4,12.696067115283206
2703.6,12.741081660378859
2703.8,11.410836374699635
2704.0,11.136469220217709
2704.2,11.652729393369787
2704.4,13.906951487191805
2704.6,12.491654894759609
2704.8,13.921249708500794
2705.0,14.381291922440312
2705.2,13.292232466997556
2705.4,13.138195197078442
2705.6,13.883467703290695
2705.8,14.48973792067524
2706.0,13.473104065777378
2706.2,14.342326019990072
2706.4,15.087950066579568
2706.6,14.422122722506634
2706.8,14.402844051307103
2707.0,14.425803328155002
2707.2,14.380520386939644
2707.4,13.01065521756891
2707.6,14.741845839629635
2707.8,13.974023006388368
2708.0,13.906417924030448
2708.2,12.742743456674559
2708.4,12.325432400089888
2708.6,12.217594778982356
2708.8,12.917328704459088
2709.0,12.92606640999036
2709.2,10.832096493951877
2709.4,11.975534314565568
2709.6,11.04590631530096
2709.8,11.850940539246796
2710.0,11.243766484217634
2710.2,10.53633305685636
2710.4,11.401829800076825
2710.6,11.783593511626083
2710.8,11.596506726667258
2711.0,11.140826673203033
2711.2,10.633293905097753
2711.4,10.107036683302484
2711.6,11.203972700968905
2711.8,10.565646089101882
2712.0,10.481001145165576
2712.2,11.025513845888181
2712.4,12.255691117388693
2712.6,11.789643958780143
2712.8,11.143264355913708
2713.0,10.50205670358746
2713.2,10.952693439200335
2713.4,10.296382614419496
2713.6,10.777669966130032
2713.8,11.558823266649252
2714.0,11.554810950694074
2714.2,13.28080484803598
2714.4,12.526310058211958
2714.6,13.471394309578557
2714.8,13.322916508288285
2715.0,14.830336704009488
2715.2,14.905772191158418
2715.4,15.80399847488274
2715.6,14.170357643072153
2715.8,15.213144863583455
2716.0,14.439934338787214
2716.2,14.746415668803696
2716.4,16.154762935254734
2716.6,17.12505338268891
2716.8,15.930536743381625
2717.0,14.551449764416738
2717.2,16.762563181741232
2717.4,14.602018861428192
2717.6,12.826222733132074
2717.8,12.90517963001017
2718.0,13.818465495700305
2718.2,13.104997451554208
2718.4,11.976854520826768
2718.6,12.472721245022731
2718.8,12.861184444349327
2719.0,14.34985977262036
2719.2,14.156042990877811
2719.4,12.194760735716697
2719.6,12.207518456268708
2719.8,10.976682632503449
2720.0,10.313894684454745
2720.2,10.719498081105069
2720.4,11.576414877312244
2720.6,13.758557759404297
2720.8,15.032968419375216
2721.0,16.197202364875768
2721.2,16.896440002954034
2721.4,15.383352071612213
2721.6,14.621279110196966
2721.8,16.538973524911633
2722.0,16.757373161633147
2722.2,14.026211857347155
2722.4,14.58470092583739
2722.6,12.723963028471502
2722.8,13.501381137338056
2723.0,13.037619000059264
2723.2,12.967439827557039
2723.4,12.22506432245222
2723.6,11.770287366979183
2723.8,12.127455728120971
2724.0,11.89333721744048
2724.2,12.109651130286213
2724.4,12.269895601948752
2724.6,12.488542779731313
2724.8,11.407562159292732
2725.0,11.408015228033602
2725.2,11.32788555948407
2725.4,11.922833059116822
2725.6,12.019602163487065
2725.8,11.141262987769242
2726.0,11.28704667234503
2726.2,11.858025090998376
2726.4,11.361860794972925
2726.6,11.783829211203361
2726.8,12.521266010344323
2727.0,13.264875291255958
2727.2,12.19673005641296
2727.4,11.82056742884847
2727.6,11.832815725792905
2727.8,12.97858706527232
2728.0,12.800274799035742
2728.2,14.38406188779899
2728.4,11.778947007788258
2728.6,12.102796558526649
2728.8,10.445358273273245
2729.0,11.203058094299035
2729.2,11.823396475222445
2729.4,14.254114401854263
2729.6,15.332341030907484
2729.8,13.812662761748339
2730.0,15.21688741727136
2730.2,14.425684619258599
2730.4,15.285426047433404
2730.6,16.57695356000438
2730.8,13.807424869009031
2731.0,14.912513322497315
2731.2,15.6560647603106
2731.4,14.091063030795162
2731.6,12.561080480274525
2731.8,12.614739397250963
2732.0,12.378484510492465
2732.2,12.131424973788107
2732.4,10.66574355256325
2732.6,11.46031444554631
2732.8,13.893631120892827
2733.0,13.620715948967446
2733.2,13.787238196569158
2733.4,14.419484324722822
2733.6,12.910515071030066
2733.8,13.917464490716814
2734.0,14.26577736404159
2734.2,14.14182949554624
2734.4,12.264583313005033
2734.6,13.391337935667718
2734.8,12.482000602930894
2735.0,12.338192930571019
2735.2,11.763794872869793
2735.4,11.219167066355787
2735.6,9.998834890709182
2735.8,10.519798197281904
2736.0,11.61432241215419
2736.2,10.772791264946305
2736.4,10.729440097220861
2736.6,10.769062030409174
2736.8,9.874715193941261
2737.0,10.136269278992323
2737.2,9.945294446001409
2737.4,11.560632596793738
2737.6,12.720433865933616
2737.8,12.24902117017098
2738.0,10.638256931299114
2738.2,10.79645018018298
2738.4,10.6424942639262
2738.6,11.113241456929792
2738.8,10.302046576204196
2739.0,10.05200664837477
2739.2,11.004907746859743
2739.4,10.049967754559164
2739.6,9.960219918221448
2739.8,10.570440321208634
2740.0,10.414103109605783
2740.2,10.065239831604744
2740.4,10.668981421133976
2740.6,10.158237825992085
2740.8,9.995785557571411
2741.0,9.974095946721413
2741.2,10.592772939139161
2741.4,10.773139058147141
2741.6,10.015188011714544
2741.8,10.82402830588874
2742.0,11.047483755322205
2742.2,11.651734656220054
2742.4,12.104897019076384
2742.6,12.319225101682765
2742.8,11.823877914402523
2743.0,12.499725076987323
2743.2,13.249591073315115
2743.4,14.791702037027036
2743.6,14.512103892165431
2743.8,13.237076192507253
2744.0,13.3538011376321
2744.2,13.988042450228216
2744.4,12.357370208251401
2744.6,13.001530526073438
2744.8,11.988400937065688
2745.0,12.048454459314822
2745.2,10.8604031869959
2745.4,10.931379507508364
2745.6,11.411566437545947
2745.8,12.234363443977706
2746.0,13.712725345232357
2746.2,13.453743871466912
2746.4,13.397882438294324
2746.6,12.36243957034095
2746.8,14.01476296430111
2747.0,11.68239141408616
2747.2,12.735897581005194
2747.4,13.227027817153436
2747.6,14.047790572199467
2747.8,13.738398604469976
2748.0,13.060373868372663
2748.2,13.196591613858583
2748.4,14.444806891972545
2748.6,13.565385679568037
2748.8,12.696873319631178
2749.0,12.12448808758269
2749.2,13.245478833301279
2749.4,12.342318305200976
2749.6,12.021779909966144
2749.8,12.412813640202733
2750.0,12.56080898302929
2750.2,11.818592738129837
2750.4,10.524949101997612
2750.6,11.075711571092725
2750.8,10.860388459891038
2751.0,10.47224118937577
2751.2,10.729157724435828
2751.4,9.992202671902254
2751.6,9.967940724805622
2751.8,10.061309841911935
2752.0,10.728707314496756
2752.2,10.756016595670328
2752.4,11.701828554397553
2752.6,12.271379940504499
2752.8,12.36562485882712
2753.0,10.531699162888962
2753.2,10.809793472307199
2753.4,10.85330293289376
2753.6,10.780328319093282
2753.8,10.887010675662932
2754.0,10.54932187037711
2754.2,10.883029091940022
2754.4,11.779749058548743
2754.6,10.328523799364909
2754.8,10.468093353190325
2755.0,10.399704841968191
2755.2,9.425044977680955
2755.4,9.429628256130172
2755.6,9.680544831550018
2755.8,8.832425326851668
2756.0,8.947978857054087
2756.2,9.120202966954626
2756.4,8.864404472992774
2756.6,9.011955770607319
2756.8,9.455498535933156
2757.0,9.488342119553026
2757.2,9.218315583043866
2757.4,9.335013722910357
2757.6,9.075917583896688
2757.8,9.156013043729947
2758.0,9.05272455890708
2758.2,9.271254067611533
2758.4,9.183834978511879
2758.6,9.230188650382189
2758.8,9.219265920801707
2759.0,9.247407321935087
2759.2,9.525782856162929
2759.4,9.201042812323992
2759.6,9.640789082493884
2759.8,9.463128510981099
2760.0,9.292133542345788
2760.2,9.476669697031227
2760.4,9.311657889518779
2760.6,9.40892122158585
2760.8,9.833578852751003
2761.0,9.551722463334265
2761.2,9.749047447514943
2761.4,9.405319085251516
2761.6,9.256124745188897
2761.8,9.364435943221105
2762.0,9.346505638008217
2762.2,9.967007615620574
2762.4,9.456911427822451
2762.6,9.68088844908671
2762.8,9.427120930705094
2763.0,9.527522588818298
2763.2,9.696616817667966
2763.4,9.653930279114501
2763.6,9.368641017718462
2763.8,9.911233506348523
2764.0,9.62724820266813
2764.2,10.492592279563697
2764.4,10.347259911613646
2764.6,10.178925196338744
2764.8,10.222029891022242
2765.0,9.691886786323014
2765.2,9.855072165927893
2765.4,9.533601269611822
2765.6,9.863621194267427
2765.8,10.246518080209079
2766.0,10.213423068926845
2766.2,10.080641761753524
2766.4,9.689748506421322
2766.6,10.232957165290301
2766.8,9.950719186324836
2767.0,9.74076582676797
2767.2,10.068279860030424
2767.4,9.897869993358544
2767.6,10.056054065394607
2767.8,10.163094729942566
2768.0,9.730820261531715
2768.2,10.376273261231585
2768.4,10.47935403229838
2768.6,10.087979976393761
2768.8,10.159900428771325
2769.0,10.386073003476039
2769.2,9.940506844966185
2769.4,9.912489759177848
2769.6,10.187551334893612
2769.8,10.184535786326576
2770.0,9.653352869317246
2770.2,9.796189081413875
2770.4,9.81915423877249
2770.6,9.999058600321582
2770.8,9.754992978194615
2771.0,9.825352921807543
2771.2,10.105359874036514
2771.4,9.92262463226557
2771.6,10.461151794808675
2771.8,10.028771908617156
2772.0,9.844939983762458
2772.2,9.652200745879028
2772.4,9.98944170689715
2772.6,9.946799854396389
2772.8,10.285247074317967
2773.0,10.360750997083276
2773.2,11.159474139217672
2773.4,12.18001370224162
2773.6,11.806540916685575
2773.8,12.099016326988444
2774.0,13.303335838827767
2774.2,14.078244738135703
2774.4,13.824872013847198
2774.6,14.412470814359484
2774.8,12.06715769821688
2775.0,12.784136493805052
2775.2,13.067447235163463
2775.4,13.654206819773673
2775.6,14.68841277366128
2775.8,14.875877914307713
2776.0,14.974298218003613
2776.2,13.390532275335147
2776.4,14.782005345074259
2776.6,12.945614811422658
2776.8,12.624416630332613
2777.0,14.71941177837121
2777.2,15.099925546887027
2777.4,16.967956338991918
2777.6,15.284645364285254
2777.8,15.778762296687583
2778.0,14.897962186578733
2778.2,16.19482894940618
2778.4,15.228074739695696
2778.6,16.796966203367603
2778.8,15.865354781735677
2779.0,15.806428243482562
2779.2,14.715012318701788
2779.4,13.734395985106783
2779.6,13.997663201950779
2779.8,13.191476886995941
2780.0,12.81973410227614
2780.2,12.569188120177872
2780.4,12.849212701035878
2780.6,12.086267427900017
2780.8,12.66546363031312
2781.0,11.171048130321289
2781.2,12.196922656501318
2781.4,13.033061550526448
2781.6,12.891002914735164
2781.8,14.123443254178119
2782.0,14.440052227426035
2782.2,13.497454040845332
2782.4,13.64395639574202
2782.6,12.16338439501284
2782.8,13.340872034333639
2783.0,14.132929206972806
2783.2,13.793582128571675
2783.4,15.010561469268595
2783.6,13.94846255981701
2783.8,14.307693863422383
2784.0,13.436250506023805
2784.2,15.305381430565642
2784.4,13.923263267820076
2784.6,14.453237692240128
2784.8,14.758062049767615
2785.0,14.394259475724077
2785.2,14.609534660793262
2785.4,13.825780409191111
2785.6,13.314550049427432
2785.8,14.203370160682656
2786.0,14.01371898405994
2786.2,14.51445308901153
2786.4,15.168723388814946
2786.6,14.252037906437865
2786.8,15.052945412032457
2787.0,14.062309825450999
2787.2,13.92870068839002
2787.4,13.625907113656837
2787.6,13.428598902615661
2787.8,12.97293885276462
2788.0,15.046637114360383
2788.2,15.038695899308284
2788.4,14.22666999926934
2788.6,12.60693528270581
2788.8,12.34072648318393
2789.0,11.98443498715585
2789.2,13.823793545480676
2789.4,14.34199749570115
2789.6,14.999359602543665
2789.8,13.081766498878807
2790.0,14.18868319432944
2790.2,14.826008802132053
2790.4,14.383674654506411
2790.6,13.252718451372086
2790.8,12.886695196723462
2791.0,12.725684218307423
2791.2,12.259536302013705
2791.4,12.645641161353659
2791.6,11.945179100069826
2791.8,11.916985225234884
2792.0,12.5901615601913
2792.2,12.942954091895086
2792.4,12.532108036817117
2792.6,12.064930685058366
2792.8,12.727043743169734
2793.0,13.428416841638764
2793.2,14.109591474170017
2793.4,14.197646730267035
2793.6,13.931212605345682
2793.8,13.488463586859824
2794.0,11.94942969732901
2794.2,12.338287240707436
2794.4,11.05832066261997
2794.6,11.921911628006532
2794.8,10.54501930447948
2795.0,10.638423217765835
2795.2,10.694037345840375
2795.4,10.572181971576573
2795.6,10.52218742273238
2795.8,11.860062060243173
2796.0,12.760083979438823
2796.2,11.78291155094579
2796.4,11.950343867643697
2796.6,11.483785203535176
2796.8,11.190903501527723
2797.0,11.262020224727973
2797.2,11.493282905002422
2797.4,11.090841839847464
2797.6,10.929391798265225
2797.8,10.44059152496515
2798.0,10.383860383894215
2798.2,10.4571710438928
2798.4,10.087008391507176
2798.6,10.252443245839476
2798.8,10.45653743453699
2799.0,10.583478534795688
2799.2,10.742577108978864
2799.4,11.120824991307467
2799.6,10.78929210519137
2799.8,10.02678013638532
2800.0,10.35210678798042
2800.2,11.068388429233234
2800.4,11.380814992844403
2800.6,10.92270433995232
2800.8,10.738646521082426
2801.0,11.142310407681627
2801.2,10.573006780763663
2801.4,10.87616869515028
2801.6,10.767573693392338
2801.8,10.901666448562239
2802.0,10.964499507676512
2802.2,10.75600794475486
2802.4,11.052042857712351
2802.6,10.85850206454426
2802.8,10.94435381034483
2803.0,11.406044946767004
2803.2,10.76712854021431
2803.4,10.81567796446663
2803.6,11.752475735070806
2803.8,11.275089862790855
2804.0,11.033759273982547
2804.2,10.978594381663527
2804.4,10.130642810414152
2804.6,10.868378965602245
2804.8,10.711763449052409
2805.0,10.62884593892714
2805.2,10.843011047515231
2805.4,11.049807685422524
2805.6,11.428118614450844
2805.8,10.111139457313417
2806.0,10.428005412789911
2806.2,10.171760304436042
2806.4,10.664616281283603
2806.6,11.115664040763631
2806.8,11.261918860509176
2807.0,11.174483587739644
2807.2,10.943014357108101
2807.4,10.792835315170265
2807.6,10.617217395071341
2807.8,10.457107517699297
2808.0,11.087670437410743
2808.2,10.619376138472225
2808.4,10.110762395012733
2808.6,10.493817571551425
2808.8,10.49224056933899
2809.0,10.871977786728236
2809.2,10.265017977360909
2809.4,11.003073839607339
2809.6,10.641794421146479
2809.8,10.850941897755934
2810.0,11.245540720659939
2810.2,10.832011519405638
2810.4,10.47338139135505
2810.6,10.772201278855231
2810.8,11.068672917765117
2811.0,11.505947268887633
2811.2,11.42096497031956
2811.4,11.006737348589313
2811.6,11.249185810582123
2811.8,10.454874174281164
2812.0,10.676301625529359
2812.2,10.469715576134087
2812.4,10.798938045765423
2812.6,10.821828766823348
2812.8,10.82304135430772
2813.0,10.645458882736579
2813.2,9.851948746835074
2813.4,9.594017997470758
2813.6,10.72188809538456
2813.8,11.099595069389697
2814.0,11.572034975092379
2814.2,11.942970613617167
2814.4,11.541556040206796
2814.6,10.62679528589592
2814.8,11.291948673168417
2815.0,11.236888668434519
2815.2,11.677933431424314
2815.4,11.4703495471678
2815.6,11.8836395739959
2815.8,10.957451297989989
2816.0,11.216544409426255
2816.2,11.128875018391325
2816.4,12.23215983295985
2816.6,11.748141514640924
2816.8,10.31392786981158
2817.0,11.340956468309644
2817.2,10.867319118074565
2817.4,11.65994842330344
2817.6,11.624364384167208
2817.8,10.901807375584937
2818.0,10.213851513650473
2818.2,9.981367687102171
2818.4,9.412257810164231
2818.6,10.786680640226546
2818.8,10.48156553967743
2819.0,11.0569764131065
2819.2,11.224993078707218
2819.4,11.01078672188103
2819.6,11.024383465980955
2819.8,10.984956789623759
2820.0,10.629660575543188
2820.2,10.261744036439083
2820.4,10.213933852821132
2820.6,10.638920256929655
2820.8,10.417172320199793
2821.0,9.930283697952024
2821.2,10.387965629565716
2821.4,10.567838326891241
2821.6,10.70241895891108
2821.8,10.440024664017454
2822.0,10.734372149962594
2822.2,10.925997275444457
2822.4,10.69341405162409
2822.6,10.212373261061401
2822.8,9.685798847220058
2823.0,10.027407292726568
2823.2,10.821688233997248
2823.4,10.316053349781955
2823.6,10.473878042194418
2823.8,10.395812234247654
2824.0,10.39558457179886
2824.2,10.574161690678558
2824.4,10.58022735408046
2824.6,10.401213529607173
2824.8,10.51549681714786
2825.0,10.557455798890551
2825.2,10.63610231508887
2825.4,10.18454585484694
2825.6,10.311049601257443
2825.8,9.82598342052529
2826.0,11.18944339187058
2826.2,9.806371524034104
2826.4,10.665331174772172
2826.6,11.231354577416237
2826.8,9.843441195666516
2827.0,10.062437068042449
2827.2,10.398415208588913
2827.4,10.687416331151836
2827.6,10.714121386166088
2827.8,10.732796089388989
2828.0,10.643959887402756
2828.2,10.926787102412273
2828.4,10.690485978843967
2828.6,10.839577265461713
2828.8,10.051689673635238
2829.0,10.17039378554937
2829.2,9.993886415683649
2829.4,9.895490434359237
2829.6,10.216815596001176
2829.8,10.30597046411261
2830.0,10.15422636746661
2830.2,10.31657857472913
2830.4,10.35355161808819
2830.6,10.359714250246517
2830.8,10.50042699528449
2831.0,10.312185658712181
2831.2,10.235630499782506
2831.4,10.076105607065589
2831.6,11.08893090902124
2831.8,10.049510999499603
2832.0,9.724237402296152
2832.2,9.903092251441343
2832.4,10.538100125513822
2832.6,10.10800679081876
2832.8,10.712986509362567
2833.0,10.612172509087895
2833.2,10.045697307638331
2833.4,9.609862249788181
2833.6,9.50636842639208
2833.8,9.671126721621794
2834.0,9.571281127101882
2834.2,9.805239307016157
2834.4,9.988363076244198
2834.6,10.577680825493289
2834.8,10.712880110914465
2835.0,10.477180514811424
2835.2,10.4781538343689
2835.4,9.863948225257541
2835.6,10.713145461938062
2835.8,10.777329204420905
2836.0,10.54431339546397
2836.2,10.759441588508032
2836.4,11.069326921424336
2836.6,10.3809382911884
2836.8,10.088977293426538
2837.0,10.57937342308808
2837.2,10.664304889545056
2837.4,10.774838003880213
2837.6,10.700124412988053
2837.8,10.18191311775428
2838.0,9.771770536956433
2838.2,10.088362697137844
2838.4,10.731257673013559
2838.6,10.331518985136567
2838.8,10.78999121915129
2839.0,11.718332595205132
2839.2,11.935825729429453
2839.4,10.980819968436933
2839.6,11.81585916776893
2839.8,12.109224763190962
2840.0,11.542005740868799
2840.2,10.363935660685632
2840.4,10.415040414640977
2840.6,10.393538971241039
2840.8,11.064043099424605
2841.0,10.868823647840248
2841.2,10.15240700495282
2841.4,10.687892106068249
2841.6,10.655047170002817
2841.8,10.990045569032706
2842.0,10.106650624562421
2842.2,10.424366791433942
2842.4,9.975746814416267
2842.6,10.416999806149018
2842.8,10.670195612936247
2843.0,11.197292900220447
2843.2,10.654323835160856
2843.4,10.975143870404835
2843.6,11.282813952555147
2843.8,11.11225866545184
2844.0,10.803539918128449
2844.2,10.939709932765718
2844.4,11.021199893801573
2844.6,10.462359153819644
2844.8,10.814270012437694
2845.0,10.453714723061955
2845.2,10.449682351326512
2845.4,9.845257379391597
2845.6,10.594229177137667
2845.8,10.775896918904529
2846.0,11.062373078369003
2846.2,10.836341226278845
2846.4,11.233762891191201
2846.6,11.187147279338603
2846.8,10.612509684610492
2847.0,10.525937550142167
2847.2,11.132853246369
2847.4,10.777959434108531
2847.6,11.109354863417085
2847.8,10.522201931607942
2848.0,10.475190010684772
2848.2,9.717859353377067
2848.4,9.572668058908278
2848.6,10.14335706423196
2848.8,9.737663810831908
2849.0,10.655021722591297
2849.2,10.427133539268398
2849.4,10.705371934550845
2849.6,9.787766493734066
2849.8,10.703561748523743
2850.0,10.495367408974424
2850.2,10.480008876464312
2850.4,10.802115356226306
2850.6,10.747827081061764
2850.8,10.715687913140428
2851.0,10.932408609661495
2851.2,10.951677614244293
2851.4,10.307886805059109
2851.6,11.064503417865561
2851.8,10.658425839146467
2852.0,10.526689636285905
2852.2,10.398073436524296
2852.4,10.54193321154198
2852.6,10.801044186527477
2852.8,10.39440816504348
2853.0,9.547590201288468
2853.2,9.737932743890935
2853.4,9.265811220758618
2853.6,9.642165948038668
2853.8,9.634536165041283
2854.0,9.666243742507065
2854.2,10.403003669371776
2854.4,10.493423839194842
2854.6,10.303431431574117
2854.8,10.177951332431501
2855.0,9.839174356629238
2855.2,9.438490101132759
2855.4,10.319665552387075
2855.6,10.420947705941286
2855.8,10.156972802417869
2856.0,10.010685063979869
2856.2,9.993957428032228
2856.4,10.03607432505381
2856.6,9.413072093735845
2856.8,9.52116115836472
2857.0,8.851951948617732
2857.2,9.092357523861267
2857.4,9.519209549727837
2857.6,9.652978698735748
2857.8,9.72929333981012
2858.0,9.930629215449045
2858.2,9.808790551816182
2858.4,9.254233264397408
2858.6,9.022418738786948
2858.8,8.969089985034653
2859.0,8.952216044096154
2859.2,9.000689182577318
2859.4,8.740859137289936
2859.6,8.872916912974055
2859.8,8.744153137806881
2860.0,9.10434464055591
2860.2,9.341862793126017
2860.4,9.073359808813304
2860.6,9.033950349562959
2860.8,8.805141911516037
2861.0,8.937957311597003
2861.2,9.047832891080303
2861.4,9.425527070157255
2861.6,9.067181359148043
2861.8,9.446807073716734
2862.0,9.167613085038107
2862.2,8.976430042254254
2862.4,9.15005637578204
2862.6,9.020678713880901
2862.8,9.332021498189967
2863.0,9.209886442124803
2863.2,9.621451035694498
2863.4,9.782842667696668
2863.6,9.643823918074979
2863.8,10.0529310651815
2864.0,10.661158572272845
2864.2,11.006301165925924
2864.4,11.230013356953028
2864.6,11.564471590979759
2864.8,10.630561655598544
2865.0,10.971370747804738
2865.2,11.52347157801811
2865.4,11.027184398928577
2865.6,10.558627465208147
2865.8,10.526141494884381
2866.0,10.469322811062439
2866.2,10.466991932277578
2866.4,10.485012178666482
2866.6,10.816137265151248
2866.8,9.947439549584717
2867.0,10.30267281112981
2867.2,11.048770044871345
2867.4,10.585501773507293
2867.6,10.49022956385824
2867.8,10.231546873818022
2868.0,9.67072487211225
2868.2,10.198323092178319
2868.4,10.114158847786538
2868.6,10.022578714193795
2868.8,9.945946670970741
2869.0,10.346910926289684
2869.2,10.363740718333892
2869.4,10.217498119552243
2869.6,10.728431544858875
2869.8,10.554164908557864
2870.0,10.454158378717317
2870.2,10.25144788116253
2870.4,10.296431195987335
2870.6,10.316575485122964
2870.8,10.222129144090315
2871.0,10.151237146452726
2871.2,10.011183695018904
2871.4,10.532657150623987
2871.6,10.139536154240192
2871.8,10.390165455993827
2872.0,9.950965597399243
2872.2,9.558382369932222
2872.4,10.008313308997517
2872.6,9.706045609526159
2872.8,10.039791892111259
2873.0,9.256920407459273
2873.2,9.659601388142898
2873.4,9.516730616992193
2873.6,9.639054952146015
2873.8,9.868384135579994
2874.0,9.50557368836535
2874.2,9.779687009002917
2874.4,9.455335451864638
2874.6,9.703702473721322
2874.8,9.570511159915295
2875.0,9.648233306710015
2875.2,9.410684177722718
2875.4,9.690887109382786
2875.6,9.539154853645561
2875.8,9.555199494306517
2876.0,9.76613618955195
2876.2,10.106909539745704
2876.4,9.934389013094838
2876.6,9.961113836784122
2876.8,9.591766286790307
2877.0,9.693293550028839
2877.2,9.774907317195078
2877.4,10.19128609956725
2877.6,10.826535974289238
2877.8,10.68410239921265
2878.0,10.577427890077573
2878.2,10.27318718246895
2878.4,10.131785165169326
2878.6,11.045949875045975
2878.8,10.385792087641423
2879.0,9.788925724775604
2879.2,10.01944774650569
2879.4,10.02252034519161
2879.6,10.62246965088388
2879.8,10.284316195234718
2880.0,10.504295971548759
2880.2,11.039989452369802
2880.4,10.887179656473094
2880.6,10.203027745949171
2880.8,10.540250020632465
2881.0,10.717266718773894
2881.2,10.588526060345862
2881.4,10.550249942701315
2881.6,10.284983980624869
2881.8,10.510651649289732
2882.0,10.343689139838993
2882.2,9.806938051800614
2882.4,10.619400535270644
2882.6,10.224780926909194
2882.8,10.570969541130635
2883.0,10.531935182226915
2883.2,10.564266441931043
2883.4,10.347186208786797
2883.6,10.33381308558881
2883.8,10.450794261171668
2884.0,10.485088440243487
2884.2,10.258620611199108
2884.4,10.224591550329109
2884.6,10.320343055147344
2884.8,10.262347745428444
2885.0,10.347785844101125
2885.2,10.405409310544059
2885.4,10.229425819524145
2885.6,11.004418374407095
2885.8,10.929717100651292
2886.0,11.129205530977197
2886.2,10.64031336006266
2886.4,10.119123818694408
2886.6,9.963932331444129
2886.8,10.208427201191183
2887.0,10.180602948486062
2887.2,9.746389989013624
2887.4,10.294759256109568
2887.6,10.725143928160959
2887.8,10.703099952096133
2888.0,10.233471332707092
2888.2,10.742009286284553
2888.4,10.440235430647228
2888.6,9.913921787921595
2888.8,10.577115170442298
2889.0,10.68739795195502
2889.2,10.208428236052516
2889.4,10.266291122255659
2889.6,10.90083178546042
2889.8,10.952051235548737
2890.0,10.274089781640951
2890.2,9.644651353458976
2890.4,9.98127406738478
2890.6,10.047983338074813
2890.8,10.770629298018735
2891.0,10.24961900504666
2891.2,10.47072656708435
2891.4,10.629337365346052
2891.6,10.778842127499583
2891.8,10.370560430408297
2892.0,10.05035318009181
2892.2,10.458831070838407
2892.4,9.944910053358774
2892.6,9.91532929491055
2892.8,9.790398007659407
2893.0,10.556077487381542
2893.2,10.644219186186202
2893.4,11.007585977297065
2893.6,10.666451764420117
2893.8,10.094079558533366
2894.0,10.286816959135345
2894.2,10.076308562124332
2894.4,10.785021490989944
2894.6,10.858018204490756
2894.8,10.255646174013913
2895.0,10.733496602021837
2895.2,10.24159233054598
2895.4,10.874120079445822
2895.6,10.724783228969272
2895.8,10.739480603471259
2896.0,10.754882530605968
2896.2,11.14809309328901
2896.4,11.079433974596517
2896.6,10.522271735320421
2896.8,10.306016610718206
2897.0,10.580827791937093
2897.2,10.217590353163077
2897.4,10.352247232120495
2897.6,10.052714813581984
2897.8,10.659120443674555
2898.0,9.71781745091601
2898.2,10.314154215594725
2898.4,10.689793526840777
2898.6,10.544638971227648
2898.8,11.083031636615818
2899.0,11.663220814391373
2899.2,10.723500970066016
2899.4,10.845147796689014
2899.6,9.690457074936125
2899.8,10.884170501395793
2900.0,10.960289356138151
2900.2,10.412805477611812
2900.4,10.864068274724307
2900.6,10.157470105712083
2900.8,9.89444521598382
2901.0,9.346016093975836
2901.2,9.537958418511568
2901.4,10.027836419039016
2901.6,9.517678964678801
2901.8,9.106154063100428
2902.0,9.691860245216509
2902.2,9.224997265249756
2902.4,8.808431246433816
2902.6,8.984224520356303
2902.8,9.329976457985069
2903.0,9.038369178906837
2903.2,9.324934890824046
2903.4,8.912197253734403
2903.6,9.087314163610875
2903.8,9.122406528887534
2904.0,9.122130320510509
2904.2,9.197518110805094
2904.4,8.724637890970277
2904.6,8.891157607113895
2904.8,8.720801845149452
2905.0,8.756873775353595
2905.2,8.79829908555937
2905.4,8.822680243081129
2905.6,8.931837188500394
2905.8,8.925760358774168
2906.0,8.99765463070782
2906.2,8.812260744308752
2906.4,8.88803025630667
2906.6,9.185034577177863
2906.8,8.82283597214913
2907.0,8.9388196069056
2907.2,9.028704663101847
2907.4,8.9717562373573
2907.6,8.97287395888679
2907.8,9.030889498590533
2908.0,8.895756003809911
2908.2,9.00867682817585
2908.4,9.141269729912633
2908.6,8.97228825621083
2908.8,8.831257811215606
2909.0,9.027081615959426
2909.2,9.029516730327114
2909.4,9.036894643443317
2909.6,9.26356301101291
2909.8,9.231773085854355
2910.0,9.45460828468556
2910.2,8.82441002496911
2910.4,8.730463809451521
2910.6,8.915272897827863
2910.8,9.19107988440848
2911.0,9.020310652736095
2911.2,8.971997576980892
2911.4,8.817571828954168
2911.6,8.714892202329526
2911.8,8.584581664954095
2912.0,8.702901411962712
2912.2,8.850334601922574
2912.4,8.890332114964911
2912.6,9.27067471715321
2912.8,8.922082570468886
2913.0,8.834299580558536
2913.2,8.829310979756487
2913.4,9.04972655206712
2913.6,9.313042410820056
2913.8,8.803224208809656
2914.0,9.09447526089289
2914.2,8.999765561594325
2914.4,8.71993488617991
2914.6,8.74700268888877
2914.8,8.68628909753792
2915.0,8.652405753664334
2915.2,8.802463195884812
2915.4,9.336822892938008
2915.6,9.754808336477973
2915.8,9.438446380166331
2916.0,9.129412681085816
2916.2,9.443334839198158
2916.4,8.945293646771697
2916.6,8.884434362550518
2916.8,9.257734042244595
2917.0,9.576813135754733
2917.2,10.770273029520949
2917.4,9.499595621768464
2917.6,9.663465887085971
2917.8,9.579722118273809
2918.0,9.489358429630277
2918.2,9.498938820511222
2918.4,9.803667256674249
2918.6,10.751249599209316
2918.8,10.922778496384813
2919.0,10.37887131701746
2919.2,10.987506156952344
2919.4,10.250017763479171
2919.6,9.27656966367544
2919.8,10.293537213407873
2920.0,9.758683434059968
2920.2,9.854614609125395
2920.4,10.371936019040408
2920.6,9.960687068797428
2920.8,9.224013863891502
2921.0,8.941649083915483
2921.2,8.883930990504084
2921.4,8.808889182664597
2921.6,8.716343131920345
2921.8,8.92557692842949
2922.0,9.325914628745522
2922.2,8.896912919464729
2922.4,8.954797290377304
2922.6,9.090422328774597
2922.8,9.097257603716045
2923.0,9.073441541120859
2923.2,8.84546598307444
2923.4,8.837086915955805
2923.6,8.937121325705291
2923.8,8.923225803116107
2924.0,9.058847607499224
2924.2,8.94193362903416
2924.4,9.123621949956904
2924.6,9.02214591732994
2924.8,9.01131921114194
2925.0,8.9090153162679
2925.2,9.070691971149161
2925.4,8.822139456505907
2925.6,8.927510591741209
2925.8,8.97192705101651
2926.0,9.086925995800213
2926.2,8.959733545396526
2926.4,8.900928545051984
2926.6,8.79238957005956
2926.8,8.92091263915978
2927.0,9.126446722187794
2927.2,8.925877582762658
2927.4,8.931142801794259
2927.6,8.977146980075222
2927.8,9.150217555576152
2928.0,9.056135021243465
2928.2,8.990626614198545
2928.4,8.926181573665293
2928.6,8.943361539467492
2928.8,9.050780713514277
2929.0,8.997024992458947
2929.2,9.152783686015695
2929.4,9.209117856503402
2929.6,9.07156363103936
2929.8,9.171722444848601
2930.0,9.253741182072286
2930.2,9.21659408879777
2930.4,9.277229261695197
2930.6,9.353346112269898
2930.8,9.11952747078957
2931.0,8.915020090274293
2931.2,9.13795512809509
2931.4,9.189462451043589
2931.6,9.310063443986213
2931.8,9.096732662737534
2932.0,9.211863823996465
2932.2,9.284028121096252
2932.4,9.084397283588174
2932.6,8.934745114856492
2932.8,9.214535937054517
2933.0,9.014981484857788
2933.2,9.021799344539685
2933.4,9.025686084167415
2933.6,9.145685858361794
2933.8,9.149722772698984
2934.0,9.188673044546766
2934.2,9.112651704933532
2934.4,8.81478109518557
2934.6,9.006303679927182
2934.8,8.922767856338043
2935.0,9.088696020379066
2935.2,9.145571918102261
2935.4,9.190007281566611
2935.6,9.056703712028956
2935.8,9.015253827038247
2936.0,9.243586693274889
2936.2,9.619296037687628
2936.4,9.724669594121082
2936.6,9.827672712724581
2936.8,10.251388666595636
2937.0,10.63977506448158
2937.2,9.742579205869873
2937.4,9.943108454083868
2937.6,9.954707151596937
2937.8,9.647229928173234
2938.0,9.91242475632729
2938.2,9.622623450318242
2938.4,9.603468481087363
2938.6,9.872810141404292
2938.8,10.168641478401899
2939.0,10.163917020137621
2939.2,10.307531004025208
2939.4,9.62997491942817
2939.6,9.291878820969718
2939.8,10.004871941528851
2940.0,9.811316812709887
2940.2,10.993296620428005
2940.4,10.593108384892025
2940.6,12.098177187647337
2940.8,11.923523220711129
2941.0,12.26083591776585
2941.2,11.500892071738349
2941.4,12.410285935917997
2941.6,11.412682872677385
2941.8,11.705501665892628
2942.0,11.57385032634278
2942.2,12.724926964449663
2942.4,11.90162009884273
2942.6,11.37920583615875
2942.8,12.036229952880952
2943.0,10.837634750974928
2943.2,10.851970335399095
2943.4,11.223248751956591
2943.6,10.941302946101425
2943.8,11.20425413576411
2944.0,11.886853106321023
2944.2,12.152909106816752
2944.4,12.207882580490999
2944.6,12.255421660856411
2944.8,12.98809022946714
2945.0,12.404681700457585
2945.2,12.49743298631325
2945.4,12.346386661898103
2945.6,12.051131922971663
2945.8,12.025970686636494
2946.0,12.5352003428073
2946.2,11.93957585516963
2946.4,11.796873955157466
2946.6,12.241664206636987
2946.8,11.605234916901892
2947.0,11.531387582656244
2947.2,12.107933553870415
2947.4,11.907728548530745
2947.6,11.084343624047644
2947.8,10.275205132744672
2948.0,9.827363210124423
2948.2,10.274531311118206
2948.4,9.718067457585686
2948.6,9.68994290299598
2948.8,9.37888773767608
2949.0,9.642332498666095
2949.2,9.494990360508835
2949.4,10.155108889415892
2949.6,10.276293474827401
2949.8,9.978945166404714
2950.0,10.253304272157333
2950.2,10.57565081796001
2950.4,11.080567251792544
2950.6,10.764107073255131
2950.8,9.885341362078236
2951.0,10.49007802440143
2951.2,11.113709008810247
2951.4,12.004176126609988
2951.6,11.56385034727385
2951.8,10.638058687884511
2952.0,10.47198899401941
2952.2,10.79561987191697
2952.4,11.517524198502691
2952.6,11.629680300321843
2952.8,11.386169069893104
2953.0,11.513239583441372
2953.2,11.771758412109072
2953.4,12.096178405725643
2953.6,11.347541056638171
2953.8,11.515906229753536
2954.0,11.506359554482072
2954.2,10.61312854559067
2954.4,10.67934658419013
2954.6,10.755588121311387
2954.8,11.562645885644123
2955.0,11.057929007775043
2955.2,11.014655441778178
2955.4,11.80985946191635
2955.6,12.528850497661645
2955.8,12.197661855046842
2956.0,11.432118844213669
2956.2,11.003959564537087
2956.4,11.393108451323341
2956.6,11.606831758155137
2956.8,11.161935679088666
2957.0,12.044704869927315
2957.2,12.0144007599239
2957.4,11.655238067837923
2957.6,11.905127200201724
2957.8,12.008998443052912
2958.0,12.013826407449908
2958.2,11.777440260835746
2958.4,12.359193771055914
2958.6,12.814387102153484
2958.8,12.887703752366361
2959.0,13.428805319763228
2959.2,12.644858020833045
2959.4,12.692935276159714
2959.6,13.852960644869288
2959.8,13.357640492321694
2960.0,12.340819786277377
2960.2,14.544894636427001
2960.4,13.721600807398364
2960.6,16.39300077236265
2960.8,13.403817243507362
2961.0,14.79704788660156
2961.2,15.646427215864868
2961.4,14.631968307520362
2961.6,15.049813509182561
2961.8,13.938018852828053
2962.0,14.123619488104655
2962.2,15.728855994246757
2962.4,14.637104876064287
2962.6,14.261790894785396
2962.8,14.68319144613302
2963.0,14.232313918996757
2963.2,15.129764992159242
2963.4,15.217989133243163
2963.6,13.491575698700293
2963.8,14.734216377876345
2964.0,14.126973549581054
2964.2,14.224032338445243
2964.4,15.497356625499283
2964.6,15.96462780086863
2964.8,15.178788681298753
2965.0,14.066512189604248
2965.2,13.230904755701875
2965.4,14.331008283428865
2965.6,14.007882146636154
2965.8,14.148110578764872
2966.0,15.836443755045156
2966.2,16.75090500146917
2966.4,16.42539351609405
2966.6,16.050245622493456
2966.8,14.767082376115807
2967.0,12.55228953665303
2967.2,12.289511747414803
2967.4,13.106970796323463
2967.6,14.069661509440607
2967.8,14.766463372257153
2968.0,13.575558815512604
2968.2,15.980213724130643
2968.4,15.649697215194628
2968.6,14.409141440868122
2968.8,13.701474115952077
2969.0,14.872908220952896
2969.2,13.54073594064927
2969.4,13.502726601247714
2969.6,13.556667901830313
2969.8,14.52357637829487
2970.0,14.24290488687252
2970.2,15.105259193211747
2970.4,14.529610837743693
2970.6,15.111660484923275
2970.8,16.5218789119575
2971.0,15.749399589934445
2971.2,15.672140774075372
2971.4,16.763776009146934
2971.6,17.13615464939586
2971.8,15.63318506939291
2972.0,15.642589482931005
2972.2,15.875860569491792
2972.4,13.092582889839102
2972.6,12.476239003340448
2972.8,11.950354386708726
2973.0,11.658762757846848
2973.2,12.064010596205225
2973.4,13.3094738349048
2973.6,13.084322884286106
2973.8,13.605135266588489
2974.0,14.217950905913376
2974.2,14.665134672585365
2974.4,14.212417745443272
2974.6,13.916742193525309
2974.8,12.314812008984365
2975.0,13.217081915231399
2975.2,15.06631171091721
2975.4,15.54286023806866
2975.6,14.57265756926191
2975.8,13.841574138885687
2976.0,14.360120005473542
2976.2,14.355052429381427
2976.4,15.134370378122142
2976.6,14.400827919742728
2976.8,14.166047835847056
2977.0,14.667417998411986
2977.2,15.000154083273019
2977.4,15.415045256663635
2977.6,15.279951356712669
2977.8,16.37966259976455
2978.0,16.122959126877024
2978.2,16.340846336349458
2978.4,15.298782361372433
2978.6,15.170184868035202
2978.8,13.279963862443322
2979.0,13.707685202852876
2979.2,14.168639714062849
2979.4,12.781213497894612
2979.6,12.557308923049783
2979.8,11.662022545583202
2980.0,10.908362018368216
2980.2,12.50709144729331
2980.4,11.389456071719481
2980.6,11.421950000474432
2980.8,10.75798537176867
2981.0,10.67570530913837
2981.2,10.572896631093705
2981.4,11.535920792071249
2981.6,11.349841584182702
2981.8,11.549756379339549
2982.0,10.558173102153624
2982.2,11.180060071344563
2982.4,11.130622827438646
2982.6,10.758252061722157
2982.8,10.74747009662657
2983.0,11.758390171696902
2983.2,12.767390475352451
2983.4,13.647172795347249
2983.6,12.392453891255833
2983.8,12.780897222355286
2984.0,12.545814349519036
2984.2,13.077809452455236
2984.4,13.039107898148838
2984.6,14.15982650633932
2984.8,13.603926380660383
2985.0,13.441254500441806
2985.2,12.848147437787878
2985.4,13.185618914918562
2985.6,13.13707083181434
2985.8,14.068987385403775
2986.0,14.258509381319977
2986.2,13.779173061286905
2986.4,14.326210759884692
2986.6,14.148291158576402
2986.8,13.785178557941657
2987.0,14.044355224881492
2987.2,13.43129711114547
2987.4,14.147970940717405
2987.6,14.59681265964708
2987.8,15.378820917349802
2988.0,14.580353626733968
2988.2,15.573797331719597
2988.4,16.24627239887832
2988.6,15.312258960322884
2988.8,13.907500152077459
2989.0,13.666573484317535
2989.2,14.11065381000891
2989.4,14.174549576388726
2989.6,14.212914062922831
2989.8,13.164041832709131
2990.0,14.313606040758797
2990.2,13.619997158311579
2990.4,14.554800126165304
2990.6,14.427693159508419
2990.8,15.136789815805137
2991.0,15.390131725401808
2991.2,13.775307845837565
2991.4,14.477963178928954
2991.6,13.19669991544724
2991.8,14.032564842644703
2992.0,14.530298771031877
2992.2,14.063037264567788
2992.4,14.651398812267033
2992.6,14.828995937447306
2992.8,14.16575473699061
2993.0,13.679878947753124
2993.2,13.271505445849623
2993.4,13.47246993695581
2993.6,12.799110860658665
2993.8,14.86914564934394
2994.0,15.630855546477477
2994.2,14.340704734869046
2994.4,15.534430284126381
2994.6,15.899565502068814
2994.8,15.658091723895106
2995.0,13.095460923350764
2995.2,14.156557647567158
2995.4,13.309671204725792
2995.6,14.038195852964988
2995.8,13.229896063435426
2996.0,13.363667462902885
2996.2,13.078734059812206
2996.4,12.624024202891924
2996.6,13.060951131891287
2996.8,14.71174863566844
2997.0,15.669480203252153
2997.2,14.807002299503813
2997.4,13.3059836121097
2997.6,12.658693279022515
2997.8,13.300951408229897
2998.0,13.47901165622742
2998.2,12.929812672064884
2998.4,12.631407900453521
2998.6,12.424476262900203
2998.8,11.895001527953003
2999.0,12.779567162616996
2999.2,12.097062783402988
2999.4,11.86181398890392
2999.6,12.540132047792863
2999.8,12.142939046898935
3000.0,11.984483768652652
3000.2,11.598249168057455
3000.4,10.843149106205852
3000.6,11.361320789842942
3000.8,13.536663562681275
3001.0,14.146023459025015
3001.2,14.454505492427144
3001.4,15.970095749094849
3001.6,14.85731085760436
3001.8,13.77255244494943
3002.0,12.950092644152079
3002.2,12.921054601133036
3002.4,14.16276823822403
3002.6,14.437543249647685
3002.8,16.946169550802352
3003.0,16.039253398142076
3003.2,16.159605946571467
3003.4,15.651246078968262
3003.6,15.941920454074012
3003.8,16.81358326819708
3004.0,16.99181034020761
3004.2,16.09234068829125
3004.4,16.848830413766414
3004.6,15.457428080026162
3004.8,16.297470393141346
3005.0,16.120001899021794
3005.2,15.871426626084604
3005.4,15.262264655292814
3005.6,15.733794712965015
3005.8,15.69093656322769
3006.0,15.050102273872799
3006.2,15.270641786408634
3006.4,16.410903023513708
3006.6,16.578480414866085
3006.8,16.264465065289315
3007.0,15.5005844122209
3007.2,15.79747456212624
3007.4,15.659889867264777
3007.6,14.29290599540085
3007.8,15.5282162205637
3008.0,16.20069913463408
3008.2,15.104892006868944
3008.4,16.056686151590934
3008.6,15.763588031318953
3008.8,15.996983131440777
3009.0,16.940968982303545
3009.2,15.412555830919468
3009.4,15.931912427267934
3009.6,16.78316117703812
3009.8,16.812337256668705
3010.0,15.808340870440405
3010.2,15.10220750223006
3010.4,16.657640910167228
3010.6,14.755153281248122
3010.8,13.340924276170064
3011.0,14.141509005122021
3011.2,14.552160863500866
3011.4,12.891628173608435
3011.6,14.098476852508197
3011.8,14.047444657637723
3012.0,14.942433257723117
3012.2,16.91308808883855
3012.4,15.904646547263217
3012.6,15.155183246473108
3012.8,15.500162659389943
3013.0,13.590025193927458
3013.2,12.745467218485476
3013.4,12.470907032419177
3013.6,13.023037162534553
3013.8,12.767696246879543
3014.0,14.186007427057916
3014.2,15.219565417700782
3014.4,15.136916509510876
3014.6,16.115688213566283
3014.8,14.873292057124686
3015.0,15.948824183737928
3015.2,15.827525055298594
3015.4,15.983566263296474
3015.6,16.013698876933255
3015.8,15.635278905135534
3016.0,15.348987881769302
3016.2,15.141007574668775
3016.4,15.442076623537087
3016.6,15.937351919311224
3016.8,14.115467859763122
3017.0,15.441917036330734
3017.2,15.139900083098714
3017.4,16.18747788630255
3017.6,15.803858935597892
3017.8,16.846054705046665
3018.0,14.773455948505818
3018.2,13.716059847873472
3018.4,14.803464310065035
3018.6,14.153769210750227
3018.8,14.826401063314288
3019.0,12.96270210138748
3019.2,11.697894459598784
3019.4,12.887689032064882
3019.6,13.666673321748828
3019.8,14.689181313204987
3020.0,14.433233378042276
3020.2,14.461130993248739
3020.4,13.468547296601319
3020.6,14.118051453753397
3020.8,14.483096264288625
3021.0,15.301683863270606
3021.2,15.174838199869992
3021.4,14.487905962297855
3021.6,14.824072204895163
3021.8,16.36811280284046
3022.0,15.828090081338825
3022.2,17.08991058278134
3022.4,15.3431764962506
3022.6,15.018464788813136
3022.8,15.440435787693138
3023.0,14.976674212445882
3023.2,14.922923715047576
3023.4,14.10061892668353
3023.6,14.314793060686089
3023.8,13.624052081548728
3024.0,13.455644192438692
3024.2,14.40447776508978
3024.4,14.138019147879575
3024.6,15.4026236257251
3024.8,14.442806373600177
3025.0,16.0394307224886
3025.2,14.831323025828272
3025.4,14.72890078289727
3025.6,15.879071545994506
3025.8,15.592334109527016
3026.0,15.469745636252917
3026.2,14.895448113643576
3026.4,15.098128256425134
3026.6,15.073363329152835
3026.8,14.973325179268029
3027.0,15.749852950441687
3027.2,16.140755811478478
3027.4,14.966993079121666
3027.6,14.987156326646826
3027.8,14.445855176118997
3028.0,14.802678382312688
3028.2,15.622653009251712
3028.4,15.41290834369933
3028.6,14.378635601817058
3028.8,14.299897228562378
3029.0,15.389593889168324
3029.2,14.578361089718735
3029.4,15.179716254004651
3029.6,15.100669613242042
3029.8,15.137996750207769
3030.0,15.973492759690252
3030.2,15.201253519108857
3030.4,15.3044445247336
3030.6,15.971668801063448
3030.8,14.444251422296414
3031.0,14.021372056991972
3031.2,15.570485868602688
3031.4,15.468607753605358
3031.6,14.959826850264069
3031.8,16.344588102678447
3032.0,16.631454458462663
3032.2,15.264985770414167
3032.4,14.354706490872227
3032.6,14.400788810725677
3032.8,14.589773634771708
3033.0,13.307974190628567
3033.2,12.996376352031396
3033.4,13.869574901987335
3033.6,13.38944918623723
3033.8,13.48289305377719
3034.0,12.382767276366964
3034.2,13.290294694265572
3034.4,13.568842073013368
3034.6,14.554105474097053
3034.8,13.732114567357947
3035.0,13.856167704871378
3035.2,13.069763354633572
3035.4,14.070116369657201
3035.6,14.24491769667437
3035.8,14.205264585344942
3036.0,14.716596403641269
3036.2,13.015815893412146
3036.4,11.796687480509572
3036.6,11.52183410504782
3036.8,12.383797555234128
3037.0,12.26989511320449
3037.2,13.045850751434294
3037.4,14.244972003888067
3037.6,16.31773556210121
3037.8,15.29261508017937
3038.0,14.783374282744717
3038.2,13.17841717661077
3038.4,14.858052970492926
3038.6,15.39973096543555
3038.8,15.20171618911295
3039.0,14.929301269840769
3039.2,16.18326879548354
3039.4,16.18572087190753
3039.6,13.540279700270885
3039.8,13.078027369350787
3040.0,12.817899787427343
3040.2,12.641999776120066
3040.4,12.021478501991318
3040.6,11.654020673052635
3040.8,11.004839624843559
3041.0,11.97634647652121
3041.2,12.520425715450095
3041.4,12.37684224967768
3041.6,12.073419842747946
3041.8,10.67082153962237
3042.0,11.042793573926172
3042.2,11.903376231985307
3042.4,11.678463926715315
3042.6,9.901649122111841
3042.8,10.84639238317255
3043.0,11.0231772795915
3043.2,10.172224461354137
3043.4,10.104321805714358
3043.6,10.698493818909135
3043.8,10.068022925722513
3044.0,11.579954355619929
3044.2,11.885444792585716
3044.4,11.98615937738153
3044.6,12.059323705146028
3044.8,12.412300782502976
3045.0,11.76115946739656
3045.2,12.793612675496991
3045.4,12.294097881039782
3045.6,11.744709357209722
3045.8,10.784062169438315
3046.0,11.347043480280028
3046.2,11.21651963595805
3046.4,12.327255201299725
3046.6,11.245286351806543
3046.8,11.000212789380413
3047.0,10.13151036151509
3047.2,10.748502383365736
3047.4,10.668174418677022
3047.6,10.053872497603543
3047.8,11.350955437039643
3048.0,10.910490114527748
3048.2,11.112221489407368
3048.4,10.687250240560902
3048.6,11.295817798752996
3048.8,11.743655612770658
3049.0,12.087862014725669
3049.2,11.38072406901627
3049.4,11.102759938654831
3049.6,11.423106545795479
3049.8,11.358250022508127
3050.0,10.933470517410361
3050.2,10.906687259781497
3050.4,10.951238049389826
3050.6,10.967525811251198
3050.8,10.772980361506832
3051.0,10.982821689044362
3051.2,10.884077105977807
3051.4,10.704147038249765
3051.6,10.846577013212498
3051.8,10.587213483032533
3052.0,11.985062136231443
3052.2,11.030201027029296
3052.4,11.046419310650377
3052.6,10.755011313558306
3052.8,10.853021412662951
3053.0,10.900082709175202
3053.2,11.303625203707961
3053.4,11.473308613539766
3053.6,11.031956929215394
3053.8,11.23772408230109
3054.0,12.425482340686823
3054.2,13.941565313756898
3054.4,13.317139320844229
3054.6,14.374909688444584
3054.8,15.741760005401382
3055.0,15.897381891545315
3055.2,15.716638946615053
3055.4,14.448844982127394
3055.6,15.206394650326448
3055.8,16.736318461177508
3056.0,15.265332362493291
3056.2,16.219406866207464
3056.4,16.875992634633118
3056.6,17.577138705727762
3056.8,17.76171809185117
3057.0,17.825820176746046
3057.2,17.63784343063602
3057.4,17.484136598992098
3057.6,18.490926268624733
3057.8,18.636158931535977
3058.0,17.01720132669425
3058.2,18.123109782048086
3058.4,17.122015790267536
3058.6,16.41075958189354
3058.8,16.73501227157597
3059.0,16.77311924750596
3059.2,14.021147723202947
3059.4,12.093802209867054
3059.6,12.485451717326177
3059.8,13.209946081205835
3060.0,14.927009294779566
3060.2,15.75009959656942
3060.4,15.074438412477969
3060.6,14.777795448290338
3060.8,12.535333163802251
3061.0,13.006739742227598
3061.2,13.196099830667388
3061.4,12.470592038449935
3061.6,12.384131753800368
3061.8,13.50353205439979
3062.0,13.919419828434386
3062.2,13.725793710354399
3062.4,13.695585000625787
3062.6,13.958833717101836
3062.8,12.188211691052766
3063.0,12.121361971628392
3063.2,12.081488001853947
3063.4,12.077332967963269
3063.6,11.456379297297232
3063.8,13.190994122813349
3064.0,13.35188056232461
3064.2,12.842650066463277
3064.4,11.982719093130452
3064.6,12.705526659033277
3064.8,13.007252403917832
3065.0,11.039384612970984
3065.2,10.852753436830127
3065.4,10.584400167870552
3065.6,10.635293326606977
3065.8,11.285527535151047
3066.0,10.759245346988136
3066.2,10.819918615200553
3066.4,11.312056648040087
3066.6,12.153110139216032
3066.8,12.738141767571985
3067.0,12.571358644945605
3067.2,13.882869915254552
3067.4,14.304314202818784
3067.6,13.454107353330942
3067.8,13.58847335650623
3068.0,13.86922043720853
3068.2,14.432116044798075
3068.4,14.881348487354021
3068.6,15.940780832874683
3068.8,14.464892039633707
3069.0,12.885876052623148
3069.2,15.084863842931039
3069.4,15.212599846687176
3069.6,13.97578919943207
3069.8,13.424112811642113
3070.0,14.324648429151885
3070.2,14.076387982575781
3070.4,14.095047743230019
3070.6,13.63116394492768
3070.8,14.696737348297223
3071.0,15.059787450513788
3071.2,14.116524489355921
3071.4,14.757891062305262
3071.6,14.581943325713082
3071.8,15.975673578267443
3072.0,16.183893684662625
3072.2,16.040018701888677
3072.4,15.385526248153575
3072.6,13.859530025212328
3072.8,15.267932810602279
3073.0,15.85007110935404
3073.2,16.799684391020268
3073.4,15.879588325603468
3073.6,15.6710022875178
3073.8,17.10099555465763
3074.0,17.04960440516687
3074.2,16.507381761491125
3074.4,17.20010646684407
3074.6,16.68372280056977
3074.8,16.82823001730259
3075.0,15.96585004331946
3075.2,14.946709314791349
3075.4,15.559055725741489
3075.6,16.00738091278073
3075.8,15.13773185328346
3076.0,15.174251474296396
3076.2,14.391961503303767
3076.4,13.414736246009102
3076.6,13.974603131963905
3076.8,13.684921709080047
3077.0,13.441184485097457
3077.2,14.63781228611145
3077.4,15.259255854255391
3077.6,13.804660022818824
3077.8,14.633191418779054
3078.0,15.673301616333008
3078.2,17.039962947087844
3078.4,18.14342542676836
3078.6,17.007160104874306
3078.8,16.516183524290607
3079.0,16.730501234708527
3079.2,16.53000203366362
3079.4,15.009716821004627
3079.6,15.861896859485107
3079.8,15.625744923512546
3080.0,17.017623811249955
3080.2,16.548060018389254
3080.4,17.45882683715981
3080.6,17.64868615465189
3080.8,16.362496334580168
3081.0,13.84329942628964
3081.2,17.094778898965433
3081.4,17.110477822794834
3081.6,17.846706691106665
3081.8,19.21686815692031
3082.0,18.573471617212324
3082.2,17.289534626379695
3082.4,14.53019964927032
3082.6,15.06225686664099
3082.8,14.518436436246542
3083.0,14.111744088518668
3083.2,15.880712681243235
3083.4,16.181960372093187
3083.6,14.730581098898611
3083.8,14.67046407686118
3084.0,13.55146883236989
3084.2,13.402929488419218
3084.4,13.528012228680774
3084.6,13.765513836111868
3084.8,14.736778651274921
3085.0,13.807451053956774
3085.2,14.146578994205797
3085.4,14.378456983491336
3085.6,14.56231374720684
3085.8,14.238125846089282
3086.0,13.725999766480086
3086.2,14.474866033522165
3086.4,14.02284125275602
3086.6,13.975177930430611
3086.8,14.045610620130391
3087.0,14.01202669117917
3087.2,14.441268443856586
3087.4,14.136695283821865
3087.6,13.52277498642728
3087.8,13.096678065113291
3088.0,13.812493897803035
3088.2,12.473049579023412
3088.4,12.399441759938302
3088.6,12.60923293956309
3088.8,12.869965735355384
3089.0,13.848182626476937
3089.2,14.222832547439497
3089.4,13.29993657480548
3089.6,14.228829654864885
3089.8,13.695142544427592
3090.0,13.84419824581678
3090.2,12.82862073590141
3090.4,15.050544279203152
3090.6,16.321788229659724
3090.8,18.146427573806847
3091.0,17.516832443973858
3091.2,17.039618837925566
3091.4,17.08778246858397
3091.6,17.038465523148982
3091.8,16.677041558264627
3092.0,16.12746876836883
3092.2,16.964811663108378
3092.4,17.4540650780254
3092.6,17.977213047096317
3092.8,17.551963884595445
3093.0,16.38365196151824
3093.2,15.804366047660546
3093.4,15.785987895637149
3093.6,16.57115773451141
3093.8,17.626913192119165
3094.0,17.063113251590472
3094.2,18.40085987149928
3094.4,16.566764761544952
3094.6,18.32806572471948
3094.8,18.14751004670322
3095.0,18.4732896174511
3095.2,18.890381982348295
3095.4,18.18590938229895
3095.6,18.17279694250915
3095.8,17.245429281259984
3096.0,18.185307591663907
3096.2,19.02955189813444
3096.4,17.966587964267116
3096.6,18.099762078671635
3096.8,16.39791423409661
3097.0,16.782033447272063
3097.2,16.881037427808078
3097.4,16.766031708545576
3097.6,17.944383480400155
3097.8,14.759431845370695
3098.0,17.148237543540347
3098.2,15.614623946487455
3098.4,15.21446476637939
3098.6,16.654870357120824
3098.8,18.77594467566327
3099.0,18.66368962174147
3099.2,16.976445107373237
3099.4,17.18848334910932
3099.6,17.637531470727993
3099.8,19.723845806978748
3100.0,18.92714025544026
3100.2,14.210189505719255
3100.4,15.43446745996027
3100.6,13.469017544154484
3100.8,13.629485753791545
3101.0,15.198972444998377
3101.2,14.361452382504197
3101.4,12.635467075476942
3101.6,13.037259721684835
3101.8,12.57549659088915
3102.0,11.70506551116797
3102.2,11.697245311447539
3102.4,12.330858875392
3102.6,14.767492516948531
3102.8,14.138978271173254
3103.0,12.811750300914383
3103.2,13.407088292803879
3103.4,12.721854294922357
3103.6,14.448209411158842
3103.8,15.115930772804397
3104.0,14.542404151876536
3104.2,15.715932552969727
3104.4,15.003691396795825
3104.6,15.574793569457253
3104.8,14.36719407978995
3105.0,15.370644823187291
3105.2,15.77269302949368
3105.4,14.741696189807916
3105.6,13.250012874542032
3105.8,15.957987129935313
3106.0,17.47693178366967
3106.2,17.042504984108046
3106.4,16.05005848864976
3106.6,17.504704022848152
3106.8,15.236311578951035
3107.0,15.750822490363177
3107.2,15.742624055416982
3107.4,14.914130298751997
3107.6,15.870993959474252
3107.8,14.540077040674273
3108.0,13.94256970145319
3108.2,13.606469188371726
3108.4,13.413286668144128
3108.6,12.17006884558133
3108.8,14.466226668918027
3109.0,12.991906917794843
3109.2,13.89812132483302
3109.4,16.27745959887917
3109.6,15.23596177135255
3109.8,14.867064935387207
3110.0,17.542574974712984
3110.2,18.17506829296165
3110.4,17.018449598027875
3110.6,15.545068398731338
3110.8,16.23831230592508
3111.0,17.1664072181384
3111.2,19.11689779224078
3111.4,17.514682949798065
3111.6,18.247394535736223
3111.8,17.438355116753314
3112.0,18.165127740832595
3112.2,16.97931125150475
3112.4,18.750196689604863
3112.6,16.53804251119843
3112.8,16.332892526686738
3113.0,16.276255095640973
3113.2,13.90363456384774
3113.4,13.106925279806019
3113.6,12.900868557633853
3113.8,15.283812220631564
3114.0,15.238787670101479
3114.2,16.05146991711018
3114.4,16.13672951787915
3114.6,16.09553743287992
3114.8,16.0077905298653
3115.0,15.338900144705633
3115.2,18.229965627831515
3115.4,18.680031403264792
3115.6,18.757886105262024
3115.8,18.59793995435226
3116.0,16.382857650588807
3116.2,16.22615969646149
3116.4,16.572716093761308
3116.6,15.92406993112288
3116.8,17.365445874048994
3117.0,17.44277707608191
3117.2,18.49581895994078
3117.4,18.92741374947764
3117.6,17.93069452233756
3117.8,19.175073326306343
3118.0,18.295560194551285
3118.2,17.02955778371145
3118.4,17.99057116911987
3118.6,16.340419316135748
3118.8,16.53962070562799
3119.0,17.992715505281282
3119.2,16.709880757775426
3119.4,17.195176916826334
3119.6,16.302667673504217
3119.8,17.743142516293048
3120.0,17.31034977455939
3120.2,18.5925364090731
3120.4,16.67518855735918
3120.6,16.22238836703048
3120.8,14.587754782407167
3121.0,14.459113817443704
3121.2,16.43309330239548
3121.4,16.28735336961842
3121.6,17.32481596689451
3121.8,17.1998481959644
3122.0,17.896491923808078
3122.2,16.497695641147395
3122.4,15.3177009855876
3122.6,15.486746368839368
3122.8,17.400476906880513
3123.0,17.99587390209941
3123.2,16.844610521596874
3123.4,17.498920560271372
3123.6,18.871518525619333
3123.8,19.60458121087081
3124.0,19.368742592726665
3124.2,19.50171353570305
3124.4,19.61919326927689
3124.6,20.702077149831656
3124.8,18.680378804346834
3125.0,18.782538069773874
3125.2,19.87765856701799
3125.4,17.952309365634623
3125.6,17.970474986554173
3125.8,18.282345425380985
3126.0,18.490758054790927
3126.2,17.954139153838526
3126.4,16.074204492603002
3126.6,12.815604168800892
3126.8,12.349649956214897
3127.0,10.832361605120038
3127.2,11.308150585111868
3127.4,11.558012450224515
3127.6,12.118899422551612
3127.8,12.549139803739225
3128.0,15.11553870997755
3128.2,14.528203179948708
3128.4,14.724927998600686
3128.6,14.663209350183756
3128.8,17.140633533762443
3129.0,18.30511599230247
3129.2,17.21063691349417
3129.4,15.474504421508898
3129.6,14.085816463002399
3129.8,13.530281890244671
3130.0,14.919896766999027
3130.2,13.321358729440856
3130.4,13.424671085414806
3130.6,13.767126313945266
3130.8,13.50357794308961
3131.0,13.892505859329596
3131.2,14.147123680050637
3131.4,14.208717923893374
3131.6,14.4161847460316
3131.8,12.983325243995505
3132.0,14.427042552699538
3132.2,15.72552794962941
3132.4,16.68865162503082
3132.6,16.09638423671376
3132.8,15.970911006266386
3133.0,17.432929194621455
3133.2,18.02495098708734
3133.4,18.647557971866927
3133.6,18.88501302756994
3133.8,19.417018554679014
3134.0,18.565661599282276
3134.2,18.83092606252973
3134.4,19.954652005602323
3134.6,20.015316190098197
3134.8,20.715975524026653
3135.0,20.340471521009018
3135.2,18.104187829237986
3135.4,19.006909627268108
3135.6,18.513663495877196
3135.8,18.575559253493292
3136.0,17.138469744878584
3136.2,18.566402921467
3136.4,17.942502563222735
3136.6,18.81725178689897
3136.8,17.97622527377678
3137.0,18.892505880644233
3137.2,18.137257619098826
3137.4,18.244142861259114
3137.6,16.9429874425065
3137.8,15.287953990026313
3138.0,14.642724995159915
3138.2,14.555270845093977
3138.4,14.288574704037043
3138.6,13.817986760600602
3138.8,14.517446463069863
3139.0,14.426318248272567
3139.2,15.44516176682351
3139.4,16.20517437702037
3139.6,14.651681972529602
3139.8,15.71950863870623
3140.0,16.305874937961416
3140.2,16.811790661302773
3140.4,16.340548022844796
3140.6,15.89668216139039
3140.8,18.3030438606102
3141.0,17.882854954514706
3141.2,17.209933908756167
3141.4,16.91146805416316
3141.6,17.719762947885954
3141.8,17.686624566966497
3142.0,17.85359396365116
3142.2,15.807305272484871
3142.4,18.731516197520794
3142.6,16.25187882007844
3142.8,15.1195380348198
3143.0,17.30279720243798
3143.2,19.023936596221493
3143.4,18.70069893694414
3143.6,17.7225009863457
3143.8,19.347297224076538
3144.0,17.896843055498127
3144.2,18.30649065000908
3144.4,19.30784532588534
3144.6,20.781150783480662
3144.8,18.874855591730956
3145.0,17.308051234732133
3145.2,17.027109948858538
3145.4,16.381127500999114
3145.6,16.497583124141507
3145.8,17.53265967955086
3146.0,18.388563948037874
3146.2,19.969249015011073
3146.4,19.913041677934405
3146.6,19.500819167249542
3146.8,18.853702259787756
3147.0,20.743782908144937
3147.2,18.42570913493733
3147.4,19.74278837306347
3147.6,18.641324673069796
3147.8,20.619570185101676
3148.0,19.257825939969297
3148.2,18.51770427191944
3148.4,19.296985028951422
3148.6,19.66882522025934
3148.8,19.07042326201928
3149.0,20.045491038084027
3149.2,19.802977738576267
3149.4,19.856869100003244
3149.6,18.832209413759035
3149.8,19.99696742546871
3150.0,20.886751611069187
3150.2,21.56183303976038
3150.4,19.79915217029422
3150.6,18.62076185771701
3150.8,18.5262706731333
3151.0,19.822884567625355
3151.2,19.477170266680076
3151.4,17.150389807809372
3151.6,16.431062253064475
3151.8,15.363911407668171
3152.0,16.04613122785394
3152.2,16.78107047109567
3152.4,16.93121857966276
3152.6,18.361377319003232
3152.8,19.16639846152975
3153.0,17.087110617394746
3153.2,15.43433248482418
3153.4,17.15090414690607
3153.6,16.43093250693626
3153.8,16.640528161841438
3154.0,16.141342377171995
3154.2,16.626740335647337
3154.4,17.226114831996867
3154.6,17.890524908346
3154.8,16.345410808231353
3155.0,18.276699647005632
3155.2,17.114730882312784
3155.4,17.16433137172626
3155.6,17.54739120799109
3155.8,16.487110221265084
3156.0,18.772955819516913
3156.2,17.738008367337898
3156.4,15.600979172613052
3156.6,16.81929103036268
3156.8,17.02810112075971
3157.0,14.086597160885736
3157.2,15.640558977263462
3157.4,16.840342807451385
3157.6,17.427089879942812
3157.8,17.11085653343886
3158.0,17.42788466043511
3158.2,17.720452763417452
3158.4,17.373456072690026
3158.6,17.653367923352064
3158.8,18.42307942134768
3159.0,17.595864344560866
3159.2,17.939422247379568
3159.4,19.18815608667601
3159.6,18.160670721753554
3159.8,16.960379056981733
3160.0,17.75317405621213
3160.2,17.348934952091675
3160.4,16.014041450031655
3160.6,17.116347068425647
3160.8,18.527285005893976
3161.0,17.208383390835955
3161.2,18.191569974286153
3161.4,18.713014779090333
3161.6,17.33373370627102
3161.8,18.28906142088054
3162.0,17.911163408263956
3162.2,17.61244608200996
3162.4,18.381432199703205
3162.6,17.71037500799087
3162.8,16.94847333067837
3163.0,18.84057293956994
3163.2,17.573799952384345
3163.4,17.835880230009636
3163.6,18.018742883121348
3163.8,17.482107951918742
3164.0,17.745140175527276
3164.2,17.69960956691364
3164.4,15.92173294676872
3164.6,15.833800122510235
3164.8,16.921632289385265
3165.0,16.016062900644943
3165.2,17.284936321758828
3165.4,16.11219788210776
3165.6,17.139267026900622
3165.8,18.429361572940117
3166.0,17.489627389328586
3166.2,16.541710983876904
3166.4,17.35150229853177
3166.6,17.479945653242403
3166.8,17.863959843236422
3167.0,17.72897846644097
3167.2,17.286676846051513
3167.4,17.163465661240775
3167.6,16.98969006609085
3167.8,16.867176677807052
3168.0,17.296969232503375
3168.2,17.398194530048464
3168.4,17.05838972613796
3168.6,16.410055135659814
3168.8,17.82324658962609
3169.0,16.662079477300786
3169.2,16.199333528107463
3169.4,17.353926778553635
3169.6,16.589825233209616
3169.8,15.848842386918065
3170.0,14.774867515363416
3170.2,14.86778589054605
3170.4,14.772365805101437
3170.6,14.402835363893413
3170.8,15.246264856609502
3171.0,14.55015273008483
3171.2,15.191885070385961
3171.4,15.936305822718515
3171.6,13.798239999617488
3171.8,14.170446829158402
3172.0,13.570284821443156
3172.2,14.425909866433734
3172.4,16.214516532297168
3172.6,15.649757255971387
3172.8,14.60372452428414
3173.0,14.522675821098021
3173.2,15.017163040757755
3173.4,16.992656164852896
3173.6,16.511074054760144
3173.8,15.786197725435478
3174.0,15.392982338297701
3174.2,15.405809829758606
3174.4,15.957680706808027
3174.6,17.115249174074172
3174.8,17.878127427722806
3175.0,17.159244930723165
3175.2,16.337140075646616
3175.4,17.347720642266097
3175.6,16.234294351129066
3175.8,15.524941735752819
3176.0,15.025686681758529
3176.2,14.246245645898416
3176.4,14.581086883891782
3176.6,14.895257700438098
3176.8,14.803536391911363
3177.0,14.435220281513432
3177.2,15.021146770194347
3177.4,14.914736831864012
3177.6,15.933581179522992
3177.8,15.671575250658769
3178.0,15.181823126636848
3178.2,15.001277570433118
3178.4,15.607972837310857
3178.6,15.875641249973754
3178.8,16.267091347434295
3179.0,17.36239849837308
3179.2,16.825846270755488
3179.4,18.229510064481037
3179.6,19.231145642680293
3179.8,18.49383027341582
3180.0,18.724208031915385
3180.2,18.142329582164205
3180.4,17.931933744181357
3180.6,15.959498969426404
3180.8,15.982831666256077
3181.0,16.588336498950582
3181.2,18.13506492216495
3181.4,18.32277457506875
3181.6,16.989421661332816
3181.8,16.87358156894413
3182.0,14.429629751582997
3182.2,15.729330312625681
3182.4,14.955589336350474
3182.6,14.124661585488438
3182.8,15.323629172827882
3183.0,13.689812484165815
3183.2,12.046927618848045
3183.4,13.08797857780535
3183.6,11.335802659492408
3183.8,11.682132541108404
3184.0,11.36462095747192
3184.2,11.244138064222684
3184.4,11.730373552602613
3184.6,15.02862994587935
3184.8,15.788940181411533
3185.0,16.477956485296787
3185.2,15.723711014636306
3185.4,16.608427361571565
3185.6,16.70605292165199
3185.8,15.932131742137887
3186.0,16.28443667567109
3186.2,16.644991400082294
3186.4,17.022581547519135
3186.6,16.992695702321047
3186.8,16.195671403992172
3187.0,16.699159756436398
3187.2,15.659620644913783
3187.4,15.906447765469494
3187.6,16.14172173621712
3187.8,16.742461767963675
3188.0,16.806488170100316
3188.2,17.590301260521134
3188.4,16.201732024618206
3188.6,15.993717041568296
3188.8,16.39651769999912
3189.0,16.547066462137877
3189.2,16.161307459625707
3189.4,16.45194674764931
3189.6,14.546971070182144
3189.8,15.636801522618661
3190.0,15.8032464153196
3190.2,16.735462850597003
3190.4,14.03772937913633
3190.6,13.975716254131266
3190.8,14.432654564547835
3191.0,13.577666199967457
3191.2,12.993231568973693
3191.4,14.456171564799629
3191.6,13.700852432553457
3191.8,12.469909723819315
3192.0,12.803121434077521
3192.2,12.326247704595483
3192.4,12.909828568878188
3192.6,13.143084125609693
3192.8,12.969992562683466
3193.0,12.009607968999456
3193.2,13.635392595809794
3193.4,13.481383397654664
3193.6,13.695404225087772
3193.8,12.93145142818956
3194.0,13.316485728261904
3194.2,16.128972809618663
3194.4,14.906030788246365
3194.6,16.40795522927499
3194.8,17.842080062085603
3195.0,16.217453302116688
3195.2,14.617815011337509
3195.4,15.227925856828026
3195.6,14.312567955609534
3195.8,14.69637086250138
3196.0,16.618366453601855
3196.2,16.48528089241711
3196.4,16.081829675190793
3196.6,14.666353998396113
3196.8,13.053522169357965
3197.0,12.393440392681496
3197.2,12.194807124827795
3197.4,12.980841063572617
3197.6,13.872154043026928
3197.8,13.777625633775992
3198.0,15.702731882956487
3198.2,13.727703473821272
3198.4,13.168535027504713
3198.6,14.869247446195192
3198.8,15.932779417165
3199.0,16.37969178683965
3199.2,17.397553986931324
3199.4,16.94489994339371
3199.6,16.31579906662556
3199.8,15.97074430289303
3200.0,13.983660593650512
3200.2,14.435119077052263
3200.4,15.954519206787172
3200.6,14.548019933800067
3200.8,15.982911444850194
3201.0,17.697421658369418
3201.2,19.34228519067307
3201.4,17.630851388849297
3201.6,17.41477101821266
3201.8,17.017997911057584
3202.0,17.361877111747685
3202.2,16.13117823342578
3202.4,14.653295536325569
3202.6,14.950599589926743
3202.8,16.000726984666173
3203.0,14.970687550341966
3203.2,15.15489092132781
3203.4,14.90694410068076
3203.6,15.546631746183238
3203.8,16.012001468925526
3204.0,14.434175091607145
3204.2,16.200262814928234
3204.4,14.958973004901438
3204.6,14.513224424784493
3204.8,13.027305399665812
3205.0,13.793778563352976
3205.2,12.332016852216691
3205.4,12.35771997933071
3205.6,13.88358590866976
3205.8,13.77780173976082
3206.0,14.359409129405282
3206.2,14.852769727936737
3206.4,13.092005993177017
3206.6,14.140559923706775
3206.8,13.850096896047976
3207.0,14.978831798152202
3207.2,14.215495486217051
3207.4,13.877002993417253
3207.6,15.868796448103685
3207.8,16.866704366058805
3208.0,15.05283006974858
3208.2,13.877224361562801
3208.4,17.015230296367456
3208.6,15.899186379861563
3208.8,17.69875376166179
3209.0,15.000648780102265
3209.2,16.817935363316384
3209.4,16.51111748796969
3209.6,14.867306228203693
3209.8,15.710837527588556
3210.0,15.229750381569316
3210.2,15.75918349882638
3210.4,16.255066471745604
3210.6,15.793919697493015
3210.8,15.699562189329662
3211.0,12.082603661665095
3211.2,12.099716789799334
3211.4,11.612716858325886
3211.6,11.941994942168373
3211.8,11.878108266522984
3212.0,11.103558169940582
3212.2,11.69859692326763
3212.4,12.383201503691495
3212.6,11.164751994783739
3212.8,12.081751925843543
3213.0,11.975874695023563
3213.2,13.04724245685325
3213.4,13.08566412753008
3213.6,12.573792139737376
3213.8,12.13046258435565
3214.0,12.021844951480855
3214.2,10.688835174117157
3214.4,11.11051884196361
3214.6,10.912965174082663
3214.8,11.027059748163206
3215.0,11.614345993372496
3215.2,11.86192156379576
3215.4,11.007844833212397
3215.6,11.409246370957646
3215.8,11.187193607903493
3216.0,10.659922963713004
3216.2,10.470588995580597
3216.4,12.695711862494992
3216.6,12.125262903037356
3216.8,12.436278680267918
3217.0,11.69797034521919
3217.2,12.78605180581728
3217.4,12.917902627736744
3217.6,12.589581553061699
3217.8,13.251141559153334
3218.0,13.164558833181752
3218.2,13.563556349266204
3218.4,13.167597557058851
3218.6,14.79886350858404
3218.8,15.920255082738057
3219.0,17.198386933939712
3219.2,14.16800439255015
3219.4,15.311094366326945
3219.6,15.786850144551083
3219.8,14.422779190542244
3220.0,15.063898399823463
3220.2,15.601604603457389
3220.4,14.861417775918387
3220.6,14.250071726519016
3220.8,14.817793076548911
3221.0,14.427575122968895
3221.2,16.489134857698808
3221.4,14.432254773180773
3221.6,15.057892048213334
3221.8,16.807069382914698
3222.0,14.361477416580806
3222.2,14.067724057931395
3222.4,16.18905472382467
3222.6,15.005443628407368
3222.8,13.619794683006447
3223.0,14.117008518025763
3223.2,13.793478314419223
3223.4,13.695030401552302
3223.6,12.743564509439192
3223.8,12.500999439386984
3224.0,12.182845518608353
3224.2,10.747796820761033
3224.4,11.327551500484528
3224.6,12.14335713560516
3224.8,12.578287907160355
3225.0,12.543815075115283
3225.2,11.247980677511451
3225.4,11.075340309456765
3225.6,10.617223405820992
3225.8,10.942485753851436
3226.0,12.053985197645314
3226.2,11.220744307835135
3226.4,10.683759325665832
3226.6,10.840137249230493
3226.8,11.354264235866236
3227.0,11.198450487819096
3227.2,10.687422926000574
3227.4,10.40708088632017
3227.6,10.810052594630662
3227.8,10.227540282474902
3228.0,11.385406566422269
3228.2,11.197529592603036
3228.4,11.784482171449422
3228.6,11.589169073647083
3228.8,11.440479445259943
3229.0,11.874394201058214
3229.2,11.844293639145898
3229.4,11.967573023756357
3229.6,12.665624459442316
3229.8,12.835948179534693
3230.0,13.332068622666888
3230.2,12.688544102298376
3230.4,11.98049097658573
3230.6,12.704570787532457
3230.8,11.95816132829094
3231.0,11.698246374062089
3231.2,11.294623615709636
3231.4,11.255918232473277
3231.6,11.97088972695617
3231.8,12.03984657580376
3232.0,12.78926707784243
3232.2,12.018439207862667
3232.4,12.578022664008923
3232.6,12.459591340252983
3232.8,12.098510990695763
3233.0,13.833846337155563
3233.2,14.941789758819722
3233.4,14.138005398642877
3233.6,15.473634884690826
3233.8,14.289005607848553
3234.0,13.957663569516605
3234.2,15.475707994580745
3234.4,15.885217071215422
3234.6,15.47631422805785
3234.8,15.346449148621533
3235.0,14.87431543366096
3235.2,16.52125861339433
3235.4,16.661887596275587
3235.6,17.358990572201325
3235.8,15.583548946168222
3236.0,15.85041226630171
3236.2,15.660923916326997
3236.4,16.404747363776977
3236.6,13.545623189099382
3236.8,12.354809275715368
3237.0,13.544949622194197
3237.2,14.613832102702464
3237.4,13.624628536763217
3237.6,14.884181442891876
3237.8,15.716405245548764
3238.0,15.761779862077756
3238.2,15.540240553512266
3238.4,17.86113126657859
3238.6,18.082707255571798
3238.8,18.159243271180877
3239.0,17.547541899100526
3239.2,17.525464752310587
3239.4,17.657970166037764
3239.6,15.57437580331122
3239.8,16.243626633844023
3240.0,16.222063490168257
3240.2,16.934768676260447
3240.4,17.711060010739267
3240.6,15.827291805073232
3240.8,16.67659875212641
3241.0,16.11913518566253
3241.2,17.170487531621788
3241.4,17.620134204168956
3241.6,17.49763059136007
3241.8,17.22143256840584
3242.0,17.474149950401134
3242.2,15.054769844528995
3242.4,15.316660664192398
3242.6,15.990007337060867
3242.8,15.438268423109623
3243.0,16.052256930063994
3243.2,15.695529324117057
3243.4,15.331079479744897
3243.6,14.981207294691226
3243.8,14.31703377818241
3244.0,14.784112989604397
3244.2,16.02022032124173
3244.4,17.18157166812029
3244.6,16.9245340363982
3244.8,13.046525592296593
3245.0,13.974987490915403
3245.2,12.364507452779831
3245.4,13.101261904477168
3245.6,12.873732395184783
3245.8,11.934901818014188
3246.0,11.432902957239481
3246.2,11.656527797588192
3246.4,10.611949166445251
3246.6,10.953790636921642
3246.8,10.292633945824512
3247.0,10.531501632243753
3247.2,10.561325993794968
3247.4,10.574931179612495
3247.6,10.796454278959802
3247.8,11.598608981202233
3248.0,11.191942150567705
3248.2,10.97081708601529
3248.4,11.48423664181794
3248.6,10.708762312976123
3248.8,10.81306871792644
3249.0,10.872609402697314
3249.2,11.527176604359052
3249.4,11.91112657179193
3249.6,11.343591993163141
3249.8,11.30685646838581
3250.0,10.681749253727506
3250.2,11.986981220394274
3250.4,11.776850352738485
3250.6,11.98414533021281
3250.8,10.94625551850097
3251.0,10.753931106522593
3251.2,11.01240621138913
3251.4,11.28582584268784
3251.6,11.609794731773931
3251.8,12.57364314888224
3252.0,11.42830779244468
3252.2,10.359196904409139
3252.4,11.690321613610983
3252.6,12.919878265919738
3252.8,12.509289906962547
3253.0,12.634726514693257
3253.2,12.312471261996167
3253.4,12.408174137521176
3253.6,12.396852701562505
3253.8,12.801277157137083
3254.0,13.568609743475209
3254.2,13.74802224727823
3254.4,12.82834751963464
3254.6,13.229863958204255
3254.8,13.771275479741673
3255.0,13.429863764645734
3255.2,13.403604454086908
3255.4,12.618433007774692
3255.6,12.388852337499543
3255.8,11.773443491775657
3256.0,11.73338134607244
3256.2,11.243092856850812
3256.4,11.294982719492035
3256.6,13.156020445101987
3256.8,12.756073421169582
3257.0,12.6652497285086
3257.2,12.405372097315787
3257.4,11.940045949629653
3257.6,11.6295800081448
3257.8,11.455256516775682
3258.0,11.841053714142923
3258.2,12.659459348944536
3258.4,13.099104992054825
3258.6,13.846396324058967
3258.8,15.152975042942005
3259.0,15.729426612084012
3259.2,14.093550219772322
3259.4,13.952645246653441
3259.6,12.851563637100966
3259.8,11.753162799349992
3260.0,11.816244641977447
3260.2,12.792828787954251
3260.4,13.107613470284846
3260.6,11.754389643946235
3260.8,11.877797742279913
3261.0,11.289012415652525
3261.2,11.295890698953102
3261.4,11.91552174742646
3261.6,11.625948442222533
3261.8,11.138598533714713
3262.0,12.17378785584351
3262.2,10.687478223503796
3262.4,10.819550910030289
3262.6,11.112603384646185
3262.8,10.715553331183829
3263.0,10.958576323817029
3263.2,11.135466343226872
3263.4,10.732054283727397
3263.6,10.666733740204178
3263.8,10.698511228355844
3264.0,10.670003700215107
3264.2,11.033801873769812
3264.4,10.764780285638349
3264.6,11.161108580323527
3264.8,10.32292253288759
3265.0,10.588316122041622
3265.2,10.533716901662963
3265.4,10.514063423363165
3265.6,10.207934767952445
3265.8,9.984851353759971
3266.0,10.613074371752266
3266.2,10.702021394398125
3266.4,10.799195704640054
3266.6,10.707847358792124
3266.8,10.687590473921658
3267.0,10.890357091977874
3267.2,10.351011739757519
3267.4,11.039022842574777
3267.6,10.169280226804096
3267.8,9.905975967250583
3268.0,9.773315045169312
3268.2,10.269125304218123
3268.4,10.088846525530577
3268.6,9.272241209294217
3268.8,9.577429454789225
3269.0,9.55013613016291
3269.2,10.650184573884582
3269.4,9.97930683660083
3269.6,10.212422407865418
3269.8,9.824716714834022
3270.0,10.47509831936144
3270.2,10.005523310350465
3270.4,9.959004874933113
3270.6,10.463069346025256
3270.8,10.530113419722886
3271.0,10.13935116417976
3271.2,10.431224819064703
3271.4,10.855510793204248
3271.6,11.023147226077338
3271.8,10.878387761382342
3272.0,10.73293594597326
3272.2,9.998938946315102
3272.4,11.425851097134332
3272.6,11.040339998933032
3272.8,10.893044788458777
3273.0,11.155703623049734
3273.2,11.369675714548924
3273.4,10.80027059524779
3273.6,11.379520458324826
3273.8,11.540400750000297
3274.0,11.860827249149317
3274.2,11.573790480386544
3274.4,10.989396467217123
3274.6,11.121661122761049
3274.8,11.39579441143386
3275.0,12.333695428461976
3275.2,13.313974227310679
3275.4,13.163191867050406
3275.6,13.081647530620224
3275.8,13.271399012706489
3276.0,13.05251924518365
3276.2,12.438975398614069
3276.4,13.673704647198768
3276.6,13.366903628197626
3276.8,13.59755819189757
3277.0,13.108523040661531
3277.2,13.142914816934272
3277.4,13.62218002316095
3277.6,13.74961200648187
3277.8,12.854396384555255
3278.0,12.796589505583704
3278.2,14.850308683388025
3278.4,15.130404198132343
3278.6,15.490400448841521
3278.8,15.29091575510056
3279.0,14.432703166436626
3279.2,13.971127450489366
3279.4,13.351846571296734
3279.6,12.38003792044604
3279.8,11.992896250785288
3280.0,11.908567676698372
3280.2,11.702530165369287
3280.4,11.135159053282656
3280.6,11.420100261176607
3280.8,12.468438702230651
3281.0,12.76739937188598
3281.2,12.607623439662888
3281.4,11.149915516391822
3281.6,11.171462499345584
3281.8,10.98506728651463
3282.0,10.831680682971655
3282.2,10.920104330093812
3282.4,10.628298534896851
3282.6,11.174410886272073
3282.8,10.684133485685287
3283.0,10.639488819589072
3283.2,10.184285438003435
3283.4,10.774008348041487
3283.6,11.132533557296476
3283.8,11.702220148158133
3284.0,11.781227500409361
3284.2,11.114527543312985
3284.4,11.24748952342275
3284.6,11.030522680718907
3284.8,10.765570458713773
3285.0,11.035054642790625
3285.2,11.465696947902856
3285.4,11.206900880868647
3285.6,11.132297186174027
3285.8,10.570575011998372
3286.0,10.607071179357934
3286.2,10.328106564333698
3286.4,10.214611909306456
3286.6,9.993307973874932
3286.8,10.42714438314558
3287.0,10.238035688723766
3287.2,10.429854661832245
3287.4,10.5899226254186
3287.6,10.91259246964549
3287.8,10.514519961884346
3288.0,10.54101029844877
3288.2,10.739541948926561
3288.4,10.56355370700995
3288.6,10.30621123146425
3288.8,10.220689071125355
3289.0,10.682614969295594
3289.2,10.231891646297086
3289.4,10.132564024491796
3289.6,10.57193378994268
3289.8,10.292552088395793
3290.0,11.440123031679928
3290.2,11.08786127440965
3290.4,10.222427524701672
3290.6,10.057482671447413
3290.8,10.215279761052154
3291.0,10.751552969387872
3291.2,10.516032028707848
3291.4,9.97374126531949
3291.6,10.097713709066657
3291.8,10.070221344767027
3292.0,10.259819105881622
3292.2,10.243523526122702
3292.4,10.791823946856141
3292.6,10.445344442578925
3292.8,10.227529548509334
3293.0,10.061104913416068
3293.2,10.01635898904256
3293.4,9.915063445952384
3293.6,9.961154979838566
3293.8,9.585639388420793
3294.0,10.009876090752387
3294.2,9.873555208986643
3294.4,9.936487071258975
3294.6,9.697252104714716
3294.8,9.648868859263418
3295.0,9.490421811451222
3295.2,9.711301562445087
3295.4,10.077871814033262
3295.6,9.439433219095374
3295.8,9.759607021180726
3296.0,9.828463824097879
3296.2,9.957137682212732
3296.4,10.049929701033298
3296.6,9.723148881765729
3296.8,9.758718910701935
3297.0,9.802112778530612
3297.2,10.23668921173934
3297.4,10.015499861789506
3297.6,10.121196481793394
3297.8,10.206657880320435
3298.0,10.235781354287628
3298.2,10.308375585313911
3298.4,10.831293604998137
3298.6,10.583323141464158
3298.8,10.763400617529769
3299.0,10.815616180320509
3299.2,11.092191309270891
3299.4,10.715762917425044
3299.6,11.355228072821921
3299.8,11.69665781826551
3300.0,12.175210589306399
3300.2,12.429041146880287
3300.4,12.391569702191408
3300.6,13.094549996460254
3300.8,13.32554962436401
3301.0,14.735478158606515
3301.2,12.579723221012193
3301.4,13.039710927864716
3301.6,13.852191819099042
3301.8,13.507573535830662
3302.0,13.984074001382865
3302.2,13.759004526121132
3302.4,13.224112652891215
3302.6,13.00350867948579
3302.8,12.519985404450045
3303.0,12.428982843111964
3303.2,12.640273708818947
3303.4,12.567764417079122
3303.6,12.183034308375946
3303.8,12.45583896825531
3304.0,13.16646190958177
3304.2,12.413291117515454
3304.4,12.799308581337614
3304.6,12.694672219487273
3304.8,12.255854221653472
3305.0,12.396008230810644
3305.2,11.715172167715702
3305.4,12.69718474981155
3305.6,12.892469990915682
3305.8,13.099084984439136
3306.0,12.623162153649313
3306.2,13.460267771072903
3306.4,12.784294860523973
3306.6,11.824327040828651
3306.8,11.03461104638539
3307.0,11.716207644406364
3307.2,12.086917618449927
3307.4,12.259976304131568
3307.6,11.852692290974433
3307.8,12.30164972882597
3308.0,12.561546753207132
3308.2,12.964194183073069
3308.4,11.87420050430825
3308.6,12.842866063816206
3308.8,13.682274812764412
3309.0,15.174912325609215
3309.2,15.831134788734214
3309.4,16.446962013922946
3309.6,14.448859767899997
3309.8,15.54714328822495
3310.0,15.000470212017017
3310.2,14.156096018653635
3310.4,12.814915285786284
3310.6,12.18322993721727
3310.8,12.992836380905556
3311.0,13.258323467807049
3311.2,12.648917622427723
3311.4,14.397122664421559
3311.6,14.00007470238914
3311.8,13.667075113234404
3312.0,14.082613398580035
3312.2,13.312814487831373
3312.4,12.938049298472706
3312.6,12.657256470633527
3312.8,13.186915865531388
3313.0,13.207396623735342
3313.2,14.472753988417615
3313.4,14.647564688693704
3313.6,13.0774297768513
3313.8,13.895339061966315
3314.0,14.953066994801299
3314.2,15.482345982147931
3314.4,14.775848627673525
3314.6,15.353370181453265
3314.8,17.036638229701722
3315.0,17.284641767473474
3315.2,18.129202776014253
3315.4,17.17747008488899
3315.6,18.52822202949873
3315.8,17.929131970167177
3316.0,15.990907365699435
3316.2,16.04552843260948
3316.4,16.62974622250896
3316.6,17.55224705059439
3316.8,16.927649632939726
3317.0,16.849202578166015
3317.2,16.259188571339507
3317.4,17.180984761192665
3317.6,15.922028234786339
3317.8,15.32505815321802
3318.0,15.44009039033005
3318.2,15.84833449789887
3318.4,14.050750955643496
3318.6,16.56476856198354
3318.8,17.14997905045616
3319.0,18.31315194366067
3319.2,18.87613986165285
3319.4,18.718514500659754
3319.6,16.988229239946055
3319.8,17.24565329713788
3320.0,17.00620553812397
3320.2,17.106613181030006
3320.4,16.75807152416418
3320.6,15.172166899351954
3320.8,16.523532968466917
3321.0,16.118379873392367
3321.2,15.097038085708498
3321.4,15.00827306121731
3321.6,13.820470119421246
3321.8,13.66490069303027
3322.0,13.143544599784683
3322.2,13.536706205579472
3322.4,12.033628279569012
3322.6,12.638714998685344
3322.8,12.066834148518456
3323.0,12.766461074562319
3323.2,13.394627679288003
3323.4,14.24092599831553
3323.6,15.423991607185041
3323.8,15.686957831660218
3324.0,16.520142390263302
3324.2,15.445620225899406
3324.4,16.190086539157495
3324.6,14.204583433172722
3324.8,13.607563733677813
3325.0,14.047177466753364
3325.2,13.799475101778683
3325.4,14.3619842250469
3325.6,13.295817695340782
3325.8,13.721520933908955
3326.0,14.747597752556409
3326.2,16.42638800278132
3326.4,17.287977109800863
3326.6,15.955905410672433
3326.8,15.511126381233414
3327.0,15.201830777970812
3327.2,16.13682516965376
3327.4,18.235747899666585
3327.6,17.491098837450544
3327.8,16.76317866100201
3328.0,16.74893140880301
3328.2,15.512425817777629
3328.4,15.557902436373164
3328.6,14.668205612188274
3328.8,13.911186109669382
3329.0,14.298279267619844
3329.2,15.003044190342203
3329.4,14.56323150739786
3329.6,13.55985525933059
3329.8,15.148659464470606
3330.0,14.721473392450923
3330.2,15.95537469389177
3330.4,16.382129808670914
3330.6,16.80264390874735
3330.8,15.758540865265914
3331.0,15.071922606034189
3331.2,16.290263470041012
3331.4,15.787781562201191
3331.6,14.244327331421063
3331.8,14.640518606613407
3332.0,13.924780193481556
3332.2,12.000059537188077
3332.4,12.313888001951272
3332.6,11.798353047738408
3332.8,11.099363294183993
3333.0,12.013436462556921
3333.2,12.977968887617994
3333.4,11.098594154699297
3333.6,10.684165955492047
3333.8,11.467600546465826
3334.0,13.079368274986063
3334.2,13.121277228396416
3334.4,14.550643170611865
3334.6,15.229457666790285
3334.8,15.192047700014125
3335.0,13.782140246906675
3335.2,16.214352372095306
3335.4,14.806118745137407
3335.6,14.572021940341447
3335.8,15.021435791056652
3336.0,15.74138714323955
3336.2,15.778298194117003
3336.4,17.21858612649153
3336.6,18.198744499824834
3336.8,17.828972171731483
3337.0,16.946913792488385
3337.2,15.951989585778435
3337.4,17.503002454461402
3337.6,15.044816981086566
3337.8,16.960624373336188
3338.0,15.926409109809631
3338.2,13.8203356100209
3338.4,13.478689510372657
3338.6,13.01848759464324
3338.8,14.777450690369196
3339.0,16.511961900543312
3339.2,14.366094458247034
3339.4,14.977410391553633
3339.6,14.139325734378996
3339.8,14.230860958279841
3340.0,15.510854325620013
3340.2,14.694103532285503
3340.4,14.006379263384483
3340.6,13.551280113859015
3340.8,11.446866379269016
3341.0,13.203180397853874
3341.2,13.811805999227548
3341.4,13.948405633471491
3341.6,14.351422543934953
3341.8,14.008772934416031
3342.0,13.39646799867065
3342.2,11.673942467065821
3342.4,14.701285026143335
3342.6,15.583454397664035
3342.8,14.930393124830868
3343.0,15.144768759384927
3343.2,16.570012893124286
3343.4,16.368405751078395
3343.6,16.977920157235715
3343.8,17.19564367405742
3344.0,17.5899919636318
3344.2,17.637691740825886
3344.4,17.243851281957483
3344.6,15.77852839818117
3344.8,15.495707593810277
3345.0,17.118313124598163
3345.2,17.076737171215434
3345.4,16.896475957088068
3345.6,17.24748861728145
3345.8,15.53919276390841
3346.0,14.300004371193944
3346.2,14.389042237413632
3346.4,15.778639533361966
3346.6,15.036210231213026
3346.8,16.572950640138085
3347.0,16.6084369146153
3347.2,16.340461584608622
3347.4,16.747840704678126
3347.6,17.284962785302607
3347.8,15.163191875099605
3348.0,17.095150253257795
3348.2,15.216174876823164
3348.4,15.090783949282747
3348.6,14.284037313473046
3348.8,14.378065264655664
3349.0,15.044588361902916
3349.2,15.308160210381567
3349.4,15.898766160196283
3349.6,13.85729204061208
3349.8,15.171009917261959
3350.0,15.074222546136502
3350.2,15.473215487077843
3350.4,13.952542100877563
3350.6,15.374011676603674
3350.8,13.931420455510654
3351.0,14.590367409181834
3351.2,14.039415123122136
3351.4,14.021452969366122
3351.6,13.19706645069828
3351.8,13.060825667500641
3352.0,12.82558338385238
3352.2,13.246719969225536
3352.4,14.308171789165815
3352.6,14.659838867562247
3352.8,14.830901265678706
3353.0,14.193244508634656
3353.2,13.159213764110177
3353.4,12.794719577543521
3353.6,13.892646960567197
3353.8,13.128556451019183
3354.0,12.736510679402723
3354.2,12.237659126512595
3354.4,13.333190285030362
3354.6,14.345873086586646
3354.8,12.567371524664146
3355.0,13.813400754324618
3355.2,14.614161683117565
3355.4,14.322002596176663
3355.6,13.877671583176872
3355.8,13.497896544239051
3356.0,13.099899184592108
3356.2,14.497662928528925
3356.4,15.695396080631348
3356.6,15.050788610664753
3356.8,15.757493072219733
3357.0,14.958346469223384
3357.2,14.866400524814189
3357.4,16.087665060307753
3357.6,15.232080806123205
3357.8,13.863662513278632
3358.0,13.552153892620957
3358.2,14.000700285406504
3358.4,13.67467215636686
3358.6,14.893688241868023
3358.8,14.45354813788606
3359.0,14.253067086979277
3359.2,13.71373595744565
3359.4,14.146416146316623
3359.6,16.08199882479208
3359.8,14.957172588375812
3360.0,15.710089489411668
3360.2,15.70522441377049
3360.4,15.106316977046792
3360.6,14.549161791896667
3360.8,14.915832888446417
3361.0,15.143082995145246
3361.2,15.430382221959213
3361.4,15.659979292568023
3361.6,15.59292256643565
3361.8,15.462189842044964
3362.0,13.751833166596818
3362.2,12.47920845972554
3362.4,13.774403395694435
3362.6,13.51369770942949
3362.8,14.678581719656677
3363.0,13.6792620275681
3363.2,13.488277273113308
3363.4,12.9197815215577
3363.6,11.172039167040138
3363.8,11.241931620794785
3364.0,11.085164924573007
3364.2,11.06111597374599
3364.4,10.74984620980633
3364.6,10.264022524315893
3364.8,10.198037974755387
3365.0,10.582989900547062
3365.2,11.080125349800774
3365.4,11.001903998983273
3365.6,10.64737549092336
3365.8,10.924157010804818
3366.0,10.884638279018315
3366.2,11.114025556108373
3366.4,11.361389962331563
3366.6,11.223099635732257
3366.8,13.038947709616465
3367.0,12.419055258963645
3367.2,11.243088262856922
3367.4,13.82602015365816
3367.6,14.57529661775104
3367.8,13.435666071750434
3368.0,15.132800528743555
3368.2,15.794392594759067
3368.4,13.40471647371037
3368.6,13.636352124722231
3368.8,13.943474029360342
3369.0,13.282780534728673
3369.2,13.003020770953519
3369.4,13.731450176794715
3369.6,14.949879129132464
3369.8,14.51600076202483
3370.0,14.071621509810196
3370.2,12.798830020641933
3370.4,12.88051672208705
3370.6,11.810928875409923
3370.8,12.506091248106806
3371.0,12.868490552258125
3371.2,13.301732840805432
3371.4,12.617759299526483
3371.6,13.256302336275915
3371.8,13.494627470838045
3372.0,15.412684340170394
3372.2,15.107069923429297
3372.4,14.501501736313042
3372.6,15.141493484794452
3372.8,14.270728113571774
3373.0,13.460445590670318
3373.2,13.68382078066147
3373.4,13.305914156146217
3373.6,12.237033167788924
3373.8,13.01794603381345
3374.0,12.048160379726877
3374.2,12.648927743921048
3374.4,12.739140024850336
3374.6,12.585395951146474
3374.8,12.313601417647973
3375.0,13.234868263057313
3375.2,12.90916851382368
3375.4,12.920512495640182
3375.6,11.952478272874673
3375.8,13.337267705964319
3376.0,12.632257703813423
3376.2,13.580371750942266
3376.4,13.676309445866435
3376.6,12.831481074895803
3376.8,13.21595751903577
3377.0,11.726935611524002
3377.2,12.861113979339631
3377.4,12.311503915247963
3377.6,10.349287779482603
3377.8,13.210332516450112
3378.0,13.029986774437452
3378.2,11.881086587855442
3378.4,12.374952166843267
3378.6,12.417244040232895
3378.8,12.260741133750138
3379.0,11.18565490334814
3379.2,11.669909070776534
3379.4,12.453537280138384
3379.6,12.433777074194248
3379.8,12.9046115112628
3380.0,11.747452581052961
3380.2,11.494279206554495
3380.4,11.84303764890667
3380.6,12.16285208525711
3380.8,12.010845681541433
3381.0,12.490934039865841
3381.2,12.629805806849896
3381.4,11.7159142026109
3381.6,11.898634419474776
3381.8,11.514854025064645
3382.0,11.273960187522485
3382.2,11.643488010736164
3382.4,11.193080966466669
3382.6,11.54638433214625
3382.8,11.316082003551797
3383.0,11.262814020858405
3383.2,11.171777753379148
3383.4,11.354152754959934
3383.6,11.171626211679847
3383.8,11.526234321814243
3384.0,11.648752973429113
3384.2,11.768389797131375
3384.4,11.83102700357172
3384.6,14.016899984772078
3384.8,12.520451339623236
3385.0,12.6918521534388
3385.2,13.04500199065
3385.4,12.62193256495851
3385.6,12.937208080417948
3385.8,13.049725257285871
3386.0,12.538877038698818
3386.2,12.240724876078747
3386.4,13.249213991136317
3386.6,12.027482564280374
3386.8,12.431809532187831
3387.0,11.958249236087553
3387.2,10.557171315845366
3387.4,10.543779511662114
3387.6,10.591990862944773
3387.8,10.60973004732177
3388.0,10.412325257555954
3388.2,10.639793602955779
3388.4,10.71526977479602
3388.6,11.98356796948705
3388.8,12.77584278466092
3389.0,13.132486187640183
3389.2,12.372861268702728
3389.4,12.774376532118612
3389.6,12.676950366160016
3389.8,12.883570981987013
3390.0,13.420215797053434
3390.2,12.603931411647117
3390.4,13.14883997647107
3390.6,14.102568486090082
3390.8,14.847945834504717
3391.0,16.059015387400027
3391.2,16.13702698366955
3391.4,14.643970377462024
3391.6,14.35242178269112
3391.8,16.547239856166133
3392.0,16.671981962951293
3392.2,14.97635824293372
3392.4,15.947785951601553
3392.6,14.260146343294565
3392.8,15.067681682087796
3393.0,13.395708853436144
3393.2,13.956581216465372
3393.4,13.760776812910319
3393.6,13.877309400227102
3393.8,15.26160462982042
3394.0,16.55185052060569
3394.2,17.319603028769336
3394.4,15.438736246353193
3394.6,13.102641620793174
3394.8,13.947031636002173
3395.0,13.241618504025015
3395.2,13.710163559093726
3395.4,12.584640272356253
3395.6,12.117218281870963
3395.8,11.945002345229899
3396.0,11.066912248062213
3396.2,11.168612053754202
3396.4,12.499396604945588
3396.6,13.114116724278308
3396.8,13.441735586501299
3397.0,14.473197658466619
3397.2,13.693177152541915
3397.4,15.185529375455179
3397.6,15.135346196376062
3397.8,13.824582386068426
3398.0,12.183572290850691
3398.2,14.834887717519468
3398.4,13.85851384810233
3398.6,14.946328049866155
3398.8,13.190575025106435
3399.0,12.830636100768862
3399.2,14.400114813921936
3399.4,14.647556075024319
3399.6,14.316912669789586
3399.8,13.380307300428328
3400.0,12.983087106155528
3400.2,12.20716671488294
3400.4,12.712440755607053
3400.6,13.418978399403835
3400.8,13.211995435702997
3401.0,14.011052336226742
3401.2,17.315561444458293
3401.4,15.654672634487586
3401.6,15.926156691608266
3401.8,15.399776711516278
3402.0,14.733860570593649
3402.2,13.998924773626074
3402.4,15.07055616465471
3402.6,15.17026508613035
3402.8,15.588509953391881
3403.0,14.854153424356715
3403.2,13.405463479626912
3403.4,14.891188530680742
3403.6,14.535632700929042
3403.8,13.720777380346082
3404.0,13.490492210181724
3404.2,13.37569495983927
3404.4,14.096015092390257
3404.6,14.963853940380126
3404.8,14.462168531648631
3405.0,15.070341853415236
3405.2,13.814634376641772
3405.4,13.423061785273925
3405.6,14.273053750493254
3405.8,14.30213574940441
3406.0,13.368454237402819
3406.2,14.487018994596106
3406.4,14.452712797812804
3406.6,14.552249507698452
3406.8,14.840631554893829
3407.0,16.52419822155113
3407.2,13.876714854106993
3407.4,16.061662409471438
3407.6,14.34476640075539
3407.8,14.065700689053982
3408.0,14.728963298460773
3408.2,13.813784323764517
3408.4,14.931625071724362
3408.6,14.250427624806008
3408.8,15.621881652464495
3409.0,15.929211106581276
3409.2,15.374453328434594
3409.4,16.015112511419897
3409.6,15.369535166621892
3409.8,16.85881610373047
3410.0,16.61337173452918
3410.2,17.15687652287279
3410.4,17.70707825826405
3410.6,17.626871118165244
3410.8,16.194106924893653
3411.0,16.768282412166677
3411.2,16.741588355885312
3411.4,16.820567453382257
3411.6,15.042736582248272
3411.8,14.985486183696501
3412.0,17.38302083621259
3412.2,13.80472740445745
3412.4,14.496618339332134
3412.6,16.81135896528771
3412.8,16.31211763788609
3413.0,15.272389829082355
3413.2,14.897785023661438
3413.4,14.696680376816722
3413.6,13.535789294633052
3413.8,12.889553818896712
3414.0,13.88631538254846
3414.2,13.729677257520459
3414.4,15.148204604272292
3414.6,15.955034049448216
3414.8,15.314689236593107
3415.0,14.70223940033118
3415.2,13.954656159396329
3415.4,16.745500128348464
3415.6,16.383538427123963
3415.8,17.353228684828814
3416.0,18.396289358535014
3416.2,16.995698492412078
3416.4,16.885402560786915
3416.6,18.524569431312692
3416.8,18.51088213195655
3417.0,17.897899057598828
3417.2,18.032726344574122
3417.4,14.953819144005847
3417.6,15.718486059466361
3417.8,14.470331896654
3418.0,14.832094303832555
3418.2,15.811278512683764
3418.4,13.751125783931528
3418.6,13.221371958761015
3418.8,13.720347020645695
3419.0,14.639657509691702
3419.2,13.852858978387072
3419.4,14.41707821186956
3419.6,13.170082797621367
3419.8,13.395271951413756
3420.0,14.181100404510312
3420.2,14.541897460940223
3420.4,14.401520284220537
3420.6,15.566896271262516
3420.8,14.773879085577995
3421.0,17.180973337745492
3421.2,18.238810254097913
3421.4,18.81470164892486
3421.6,17.175625164085766
3421.8,16.582019198051185
3422.0,17.23874128817129
3422.2,20.17627875811482
3422.4,18.901410700196113
3422.6,18.769759774611952
3422.8,17.14910669452167
3423.0,17.165499676202927
3423.2,16.652575219016942
3423.4,18.264796983702617
3423.6,18.60356985780116
3423.8,17.52008224805786
3424.0,17.230987961859224
3424.2,16.944529160763523
3424.4,16.131875138415463
3424.6,18.104472534504396
3424.8,19.526270663421446
3425.0,16.91139238077951
3425.2,15.21411769713184
3425.4,17.697837466957182
3425.6,16.72342728626017
3425.8,14.778438197423062
3426.0,14.064813990680836
3426.2,14.27727416067463
3426.4,16.662724439812603
3426.6,15.627459687629937
3426.8,15.824780530159634
3427.0,15.219340278467502
3427.2,14.829480980768256
3427.4,12.983919418453706
3427.6,11.938748528130468
3427.8,12.601456569658412
3428.0,11.197297021252894
3428.2,12.473817369311586
3428.4,15.099044174717209
3428.6,14.501152862393202
3428.8,15.920222589781481
3429.0,15.899125557824474
3429.2,17.09525062641858
3429.4,16.603602285800356
3429.6,15.262198354059926
3429.8,13.533551298204223
3430.0,12.256227730022767
3430.2,14.504048367567764
3430.4,18.421989958106803
3430.6,17.07832875561519
3430.8,16.782315227848795
3431.0,17.109484097741344
3431.2,17.451495498763776
3431.4,16.034989841848276
3431.6,15.442517083570529
3431.8,17.799134132036006
3432.0,16.104612321603287
3432.2,14.963495154572978
3432.4,14.11531010814651
3432.6,16.224666946548247
3432.8,16.473964808179723
3433.0,15.179555529300938
3433.2,16.01634057863055
3433.4,16.26893506557041
3433.6,16.264821215508633
3433.8,15.851893004722244
3434.0,16.92844642096625
3434.2,19.37064283954189
3434.4,19.272838445245906
3434.6,18.32731461331099
3434.8,19.85595062189167
3435.0,18.860312525960648
3435.2,19.833311791667185
3435.4,17.930337836881343
3435.6,17.30454899286291
3435.8,16.409587433611136
3436.0,17.15240887575305
3436.2,16.39360230834354
3436.4,16.87957054968689
3436.6,17.49097503404024
3436.8,14.58383705598331
3437.0,16.089395645257838
3437.2,17.276448194029076
3437.4,16.0754309831178
3437.6,16.16973305536971
3437.8,15.941569581849928
3438.0,15.19788727168196
3438.2,16.66095744228453
3438.4,17.755069332104163
3438.6,17.188277930546704
3438.8,15.467147776964351
3439.0,16.889187490346565
3439.2,14.12490883409494
3439.4,14.105236707480042
3439.6,16.552713751674478
3439.8,15.466344601083097
3440.0,14.962358046486413
3440.2,14.281722074369066
3440.4,14.34791374255953
3440.6,15.166493841689725
3440.8,14.091933388893409
3441.0,14.584908887577033
3441.2,15.31716652794109
3441.4,13.904546353993902
3441.6,13.536942209226874
3441.8,13.72185019243078
3442.0,13.307518332615665
3442.2,13.760699943035872
3442.4,13.630067157044639
3442.6,13.608144219467944
3442.8,13.395284984895364
3443.0,13.892457730111405
3443.2,14.349801542130844
3443.4,12.729338272120307
3443.6,12.003255956550065
3443.8,12.18402880872182
3444.0,12.340397236444247
3444.2,11.965127096634006
3444.4,11.752126417290008
3444.6,11.485212239896505
3444.8,10.95117991472549
3445.0,10.327299051922514
3445.2,10.04619073190571
3445.4,10.11936502974356
3445.6,10.195177317818587
3445.8,10.563371944848043
3446.0,10.338261559723707
3446.2,10.098974903974671
3446.4,11.286162939893389
3446.6,11.356011937552264
3446.8,11.218193082507788
3447.0,11.450691776288174
3447.2,10.56502271261744
3447.4,10.452696026783803
3447.6,11.27748000048271
3447.8,10.672143970069747
3448.0,10.859612893720428
3448.2,10.688589916353129
3448.4,10.268941852186952
3448.6,10.897971315000252
3448.8,10.940527983798061
3449.0,11.426413762886323
3449.2,10.535398564305044
3449.4,11.685105048382516
3449.6,11.143056082275201
3449.8,12.195864135058033
3450.0,12.83398283238947
3450.2,13.270873938031922
3450.4,12.116551972181831
3450.6,11.622376218080099
3450.8,13.204530303438125
3451.0,13.692080184029312
3451.2,12.62498126953293
3451.4,11.758231740171292
3451.6,11.798175396350064
3451.8,11.19152418688797
3452.0,11.120131871288361
3452.2,11.725080119208195
3452.4,10.830931506276436
3452.6,10.860941506652793
3452.8,11.026915591251809
3453.0,11.70926296220012
3453.2,10.280317608694858
3453.4,9.513268304983962
3453.6,9.821290221604995
3453.8,9.964270702128315
3454.0,9.973220604551285
3454.2,9.739783746181443
3454.4,9.492824756209687
3454.6,9.611164987365791
3454.8,9.607476096841582
3455.0,9.492851272662785
3455.2,9.870103343788285
3455.4,9.892003202384949
3455.6,11.896111976844452
3455.8,10.153091646154147
3456.0,10.603500198991211
3456.2,10.619626350917692
3456.4,10.232750056320295
3456.6,10.212369566090507
3456.8,10.184942121040594
3457.0,10.898945113881878
3457.2,10.202094710622925
3457.4,10.63344118451969
3457.6,11.685404481821685
3457.8,11.125509847663873
3458.0,11.429085510197858
3458.2,11.646194900668828
3458.4,10.872874561865828
3458.6,10.975281609999968
3458.8,11.612382322095133
3459.0,11.436737863229563
3459.2,10.771450901900819
3459.4,10.497029733770134
3459.6,9.870338155810767
3459.8,9.220932713305135
3460.0,9.73237891350874
3460.2,10.345652379079427
3460.4,10.545401618429732
3460.6,11.125636370588923
3460.8,11.346046018161717
3461.0,10.621404403172598
3461.2,10.565620700639762
3461.4,11.585781284677093
3461.6,10.447074961466434
3461.8,10.19974387532998
3462.0,10.661960236596233
3462.2,10.468653222187992
3462.4,10.530719606307313
3462.6,11.369373179107313
3462.8,11.341572647047471
3463.0,11.597559353848759
3463.2,11.696903599501402
3463.4,11.9022549405312
3463.6,12.395866322035754
3463.8,11.723750101491802
3464.0,10.6531265560457
3464.2,11.891498783034642
3464.4,11.534407674702278
3464.6,11.805078702946027
3464.8,12.183374389763896
3465.0,12.723763910349579
3465.2,12.187977807586917
3465.4,13.106197688722203
3465.6,12.16453544039049
3465.8,11.990969752764524
3466.0,11.74790273286569
3466.2,11.637385410865019
3466.4,11.39034703227911
3466.6,11.739069172892032
3466.8,11.929384759182993
3467.0,11.091483880707468
3467.2,10.837914782513895
3467.4,10.184778940049597
3467.6,10.08822654020273
3467.8,9.773688002644642
3468.0,9.52094232395729
3468.2,10.34512338909992
3468.4,10.814628295247065
3468.6,10.452250736637449
3468.8,10.46412148980556
3469.0,10.521150979734422
3469.2,10.193899101407977
3469.4,10.815090237214676
3469.6,10.80257194519201
3469.8,10.294217628594025
3470.0,11.147421715096817
3470.2,11.23137623855653
3470.4,11.927771325895513
3470.6,11.140221059297277
3470.8,11.184850484769244
3471.0,11.265431213726831
3471.2,11.446549677110148
3471.4,10.42640365130917
3471.6,10.275017650608852
3471.8,9.791086725692736
3472.0,10.078086635946075
3472.2,11.23357013723827
3472.4,10.76935437602109
3472.6,10.106721529628125
3472.8,10.194642263964997
3473.0,10.567766275694908
3473.2,9.917947813268755
3473.4,9.91106738045532
3473.6,9.781463684684555
3473.8,10.053401643488996
3474.0,10.401607297096929
3474.2,10.720068033164068
3474.4,10.233260938059129
3474.6,10.129894138935871
3474.8,10.729632185774907
3475.0,10.577453228730683
3475.2,10.457629330038202
3475.4,9.919740201747121
3475.6,10.094601007701714
3475.8,10.977042152667227
3476.0,10.507652897280082
3476.2,11.605988544879029
3476.4,11.099500474891999
3476.6,12.246583293914
3476.8,12.537908546918839
3477.0,12.328322674879983
3477.2,12.160201251662588
3477.4,12.61517349680448
3477.6,12.228917085365792
3477.8,12.412767338504851
3478.0,11.462623796182331
3478.2,11.443674506492448
3478.4,12.199357645873011
3478.6,10.457606636320778
3478.8,11.577698066939119
3479.0,11.941191278208807
3479.2,11.687609269310071
3479.4,11.60814300680402
3479.6,11.056036424455499
3479.8,11.08446856959425
3480.0,11.992436920564328
3480.2,11.817283650167115
3480.4,12.10084767245373
3480.6,10.707990855152518
3480.8,10.230241083851093
3481.0,9.96256467741723
3481.2,9.608917725482218
3481.4,10.502804585757932
3481.6,10.607636333979373
3481.8,10.261381890447556
3482.0,10.320605016352742
3482.2,10.4642232673395
3482.4,10.326805059760938
3482.6,10.89005776746055
3482.8,10.534761645919016
3483.0,10.095038478341573
3483.2,9.898480089185998
3483.4,9.892416755618404
3483.6,9.707718566342173
3483.8,9.959642875280377
3484.0,9.821680615078646
3484.2,10.130733369041174
3484.4,10.084116778831117
3484.6,10.153298852676752
3484.8,9.621368315038016
3485.0,10.319734211199913
3485.2,10.355988902127525
3485.4,10.144070493176368
3485.6,10.282499226650048
3485.8,10.090345705562989
3486.0,9.979727521711531
3486.2,9.773189041185669
3486.4,10.050024022929051
3486.6,10.235420803631046
3486.8,9.902251303307807
3487.0,10.12703824301222
3487.2,9.965416315804669
3487.4,9.945745126263448
3487.6,10.483888590761417
3487.8,10.3763825415901
3488.0,10.477984085005293
3488.2,10.37351343543004
3488.4,10.437277659017488
3488.6,10.18219942620934
3488.8,10.481809280115879
3489.0,10.224453343404868
3489.2,10.451434885038683
3489.4,10.53608232215925
3489.6,10.425648898937322
3489.8,10.289895006368695
3490.0,10.112421384470201
3490.2,10.256474855509154
3490.4,10.539317924359308
3490.6,10.174555403046408
3490.8,10.163001174408926
3491.0,10.46320359796967
3491.2,9.946380429815251
3491.4,9.982773914349597
3491.6,9.893561716592039
3491.8,9.867258670195
3492.0,10.331524704585572
3492.2,9.855156378144658
3492.4,9.778060578969342
3492.6,9.393697583512585
3492.8,9.164570101130522
3493.0,9.386522136880204
3493.2,9.470037307416439
3493.4,9.586495613911195
3493.6,9.453418215332661
3493.8,9.235667896768422
3494.0,10.021975562715593
3494.2,9.73445296088374
3494.4,10.157462956698655
3494.6,10.014880012680889
3494.8,10.034024944644692
3495.0,9.674994417392783
3495.2,9.613288018217315
3495.4,9.304696364327201
3495.6,9.605862057726112
3495.8,9.633034105241912
3496.0,9.85120682574964
3496.2,9.375945191433768
3496.4,9.137645718293738
3496.6,9.591119596802116
3496.8,9.582109218054367
3497.0,9.671838683557013
3497.2,9.465435172947108
3497.4,9.640775010036052
3497.6,9.636675559051445
3497.8,9.705213433816027
3498.0,9.307346424951955
3498.2,9.632809048338796
3498.4,9.358254647900804
3498.6,9.15438842251339
3498.8,9.033392234877178
3499.0,9.23055079389694
3499.2,9.287479664237946
3499.4,9.16523871889652
3499.6,9.33004312719054
3499.8,9.135170737784144
3500.0,9.403521020647856
3500.2,9.485769466401202
3500.4,9.587193682774634
3500.6,9.260347598502154
3500.8,9.401857988487965
3501.0,9.55115169096475
3501.2,9.20392605093558
3501.4,9.088473180105682
3501.6,9.339840397322384
3501.8,9.169755437485904
3502.0,9.186676406337932
3502.2,9.095344577873263
3502.4,9.075792088666113
3502.6,9.325760581760093
3502.8,9.251665109750224
3503.0,9.581735504719767
3503.2,10.170839805518789
3503.4,10.819261959619102
3503.6,10.427330152381007
3503.8,10.515545686147593
3504.0,10.486400308772597
3504.2,10.771983087321326
3504.4,10.704709288159385
3504.6,10.447571109414099
3504.8,10.70331876613695
3505.0,10.414803378034847
3505.2,10.612417532712929
3505.4,10.503470998210103
3505.6,10.85413592954623
3505.8,9.936160132076775
3506.0,9.859739745630494
3506.2,10.344218617543703
3506.4,9.744546208607465
3506.6,10.356752229444716
3506.8,10.299915575457259
3507.0,11.396062837932648
3507.2,11.578962055325343
3507.4,11.433880075251764
3507.6,11.366141653889997
3507.8,11.082640964840124
3508.0,10.398745035077841
3508.2,9.702922662060374
3508.4,9.58885428530985
3508.6,10.234961378981943
3508.8,10.177542632730876
3509.0,10.711301632060737
3509.2,10.781692171454864
3509.4,10.413850505145243
3509.6,10.023835027086914
3509.8,10.289176737548708
3510.0,9.928042404860598
3510.2,9.675851638396532
3510.4,9.895634208061395
3510.6,9.798075960122372
3510.8,9.84741278065614
3511.0,9.964981623237376
3511.2,10.449222898445594
3511.4,10.220248892164832
3511.6,10.739977949071946
3511.8,10.966198884429792
3512.0,11.155932068876007
3512.2,10.40515595558233
3512.4,10.28230192098855
3512.6,10.17429179217302
3512.8,9.985976348478033
3513.0,9.92406322663421
3513.2,10.323664638248427
3513.4,9.806765576238272
3513.6,10.950213430549624
3513.8,10.16431614327945
3514.0,9.463925673442308
3514.2,9.828972991620788
3514.4,10.761215499955641
3514.6,10.249516595041452
3514.8,10.470323380302178
3515.0,10.343291670040987
3515.2,10.95035722010309
3515.4,10.470655438448606
3515.6,10.769420709093072
3515.8,9.823378831947755
3516.0,9.188183643952364
3516.2,9.521259305516676
3516.4,8.923157908600462
3516.6,9.355092938873593
3516.8,9.475239816270234
3517.0,9.082732735472796
3517.2,9.202031124887732
3517.4,9.553875585654076
3517.6,9.555491759180438
3517.8,9.835364020022496
3518.0,10.005468857904027
3518.2,10.374901677458897
3518.4,10.762011285098867
3518.6,10.53094083338297
3518.8,10.908938772054954
3519.0,11.390450328126185
3519.2,10.78957411797232
3519.4,10.13793842690857
3519.6,10.29394420426768
3519.8,10.162668120866172
3520.0,10.825022756835335
3520.2,11.96612259500677
3520.4,11.55431423452554
3520.6,11.057459068895145
3520.8,11.242814061157434
3521.0,10.4454164986534
3521.2,9.793981950442262
3521.4,10.272110081683358
3521.6,9.73574348612159
3521.8,9.95116259277705
3522.0,10.596004532593374
3522.2,10.21503254859266
3522.4,10.138254618680522
3522.6,10.11508302603759
3522.8,9.883624252728255
3523.0,9.67295333983509
3523.2,9.483878385208705
3523.4,9.567937898808571
3523.6,9.606523620448646
3523.8,9.653180342506506
3524.0,9.508457989311216
3524.2,9.788836165962117
3524.4,9.698957387578194
3524.6,9.881564019418857
3524.8,11.17343259682956
3525.0,11.481965730628065
3525.2,11.27225069960295
3525.4,11.199411681547032
3525.6,12.563704781843745
3525.8,12.219482904894836
3526.0,11.862344540190184
3526.2,11.84077407566907
3526.4,12.791341201629841
3526.6,11.994980443627306
3526.8,11.240013312489625
3527.0,10.81656901401879
3527.2,11.597935422721541
3527.4,11.03261012981626
3527.6,10.9212574910035
3527.8,11.02644999412276
3528.0,11.749302049546358
3528.2,12.231722289635565
3528.4,10.90872268001072
3528.6,11.671056127434412
3528.8,11.887086643025636
3529.0,11.045095371696078
3529.2,11.838408153001271
3529.4,11.165438160639976
3529.6,10.65407148146007
3529.8,11.424653610365091
3530.0,12.539567066026072
3530.2,11.794674947397715
3530.4,11.326516260285482
3530.6,11.329781369443523
3530.8,11.688252738503284
3531.0,12.32759743439843
3531.2,12.495879978037582
3531.4,12.920573905693754
3531.6,11.680776705744426
3531.8,11.786997899519232
3532.0,12.390984746335363
3532.2,12.589060602676383
3532.4,11.84837405057013
3532.6,11.545049754356798
3532.8,11.254590245305858
3533.0,12.006654808115918
3533.2,12.242691587656541
3533.4,12.007652589785629
3533.6,11.023154685120806
3533.8,11.51078568574816
3534.0,11.859791008440297
3534.2,11.97856248254664
3534.4,11.819779688344855
3534.6,11.416709396858465
3534.8,11.573432544542847
3535.0,11.549159513567142
3535.2,10.870844869482577
3535.4,10.380047767009387
3535.6,10.900193048078801
3535.8,10.828752199191866
3536.0,10.013706826197277
3536.2,11.111895984062643
3536.4,10.765670139007055
3536.6,11.23400627718427
3536.8,11.180552560380159
3537.0,10.804659548295364
3537.2,11.279725891621506
3537.4,10.443477137928399
3537.6,10.821063697113152
3537.8,11.276078577105304
3538.0,11.643006858750768
3538.2,12.470638844900018
3538.4,11.403431600102794
3538.6,13.147028358499174
3538.8,11.3469857056095
3539.0,12.514188919555437
3539.2,11.577845829955312
3539.4,12.794687652334268
3539.6,11.680270576262464
3539.8,12.24962524069814
3540.0,13.233649965363432
3540.2,13.32305666378665
3540.4,12.678291241541565
3540.6,13.781909982809395
3540.8,13.379066097789407
3541.0,12.110846054416307
3541.2,12.24858004601861
3541.4,12.910259785925533
3541.6,13.21972024402394
3541.8,13.360768904172621
3542.0,13.771967793116213
3542.2,13.034128713637333
3542.4,13.67955261637042
3542.6,13.370419918290636
3542.8,13.466431004520665
3543.0,12.74739984486896
3543.2,12.22169517415929
3543.4,11.565204311540644
3543.6,13.279716517970597
3543.8,13.121542940186671
3544.0,13.287009908903755
3544.2,12.970426412472595
3544.4,13.29000329459647
3544.6,13.793746226164938
3544.8,14.004056252722464
3545.0,14.0066470536621
3545.2,14.10647770041267
3545.4,14.093935244832787
3545.6,12.05699737715335
3545.8,13.758496519165694
3546.0,13.734211938085892
3546.2,13.13348194394038
3546.4,13.179854073971352
3546.6,13.144275683814215
3546.8,13.29726416357624
3547.0,13.81748008513597
3547.2,13.404896536001674
3547.4,13.65379890099309
3547.6,13.391625552397128
3547.8,13.176771477005945
3548.0,12.94771112086094
3548.2,13.292291147640668
3548.4,13.187102242837001
3548.6,12.280438865598482
3548.8,13.920044912965832
3549.0,12.973667014694474
3549.2,12.285699305234726
3549.4,12.260968112134197
3549.6,12.823294919031238
3549.8,11.958567968096922
3550.0,12.549778172464164
3550.2,12.444350702182192
3550.4,12.647539407831399
3550.6,13.104530783956307
3550.8,12.708611599041525
3551.0,13.364648379938986
3551.2,12.915577395073212
3551.4,13.75564294214832
3551.6,14.086365007448428
3551.8,13.830134995392386
3552.0,13.363519609588888
3552.2,14.119590530099984
3552.4,13.337826079070624
3552.6,13.953135340502687
3552.8,13.707922629651536
3553.0,13.356174884194413
3553.2,13.328948007870371
3553.4,13.298232350727373
3553.6,13.03377711417155
3553.8,11.577507196185273
3554.0,12.374249423892119
3554.2,12.80261440770836
3554.4,11.883605672413431
3554.6,11.318048898002303
3554.8,11.236893011845847
3555.0,12.017178826415897
3555.2,12.527504621969168
3555.4,11.83835390609504
3555.6,11.563311429252677
3555.8,12.511786461868974
3556.0,12.635905562738948
3556.2,13.286060260606279
3556.4,12.95801600085008
3556.6,12.21722815737159
3556.8,11.542559556000027
3557.0,12.105150889231561
3557.2,12.237361151133157
3557.4,12.308671025769673
3557.6,11.692586655898545
3557.8,12.522249113209039
3558.0,11.687449447784113
3558.2,12.753617777226676
3558.4,11.557245266870595
3558.6,12.837198927942417
3558.8,13.132704095802792
3559.0,12.783996255434822
3559.2,12.538340874069288
3559.4,12.556672533044717
3559.6,12.413363211472108
3559.8,12.474539461476805
3560.0,12.320591724831262
3560.2,13.385867048378097
3560.4,12.415731301022038
3560.6,11.877701798167857
3560.8,12.0023111494932
3561.0,10.858720071711424
3561.2,10.786700252498711
3561.4,11.46977169692626
3561.6,11.414217363480997
3561.8,11.025901788379874
3562.0,12.108968785829877
3562.2,11.859247903599151
3562.4,11.335633100191354
3562.6,11.78317059629279
3562.8,12.021829776601301
3563.0,11.81797488213018
3563.2,11.919530290840004
3563.4,11.703550220841914
3563.6,12.04724409138092
3563.8,11.575912364902122
3564.0,10.399375981733945
3564.2,11.220615577464752
3564.4,12.471168127671186
3564.6,12.013565382827178
3564.8,12.76903165207486
3565.0,12.111169345706047
3565.2,12.241918136930195
3565.4,12.05687550976389
3565.6,11.071078674995405
3565.8,11.252628460831083
3566.0,10.536048260367325
3566.2,10.85757240099513
3566.4,11.301235163791683
3566.6,10.495831001163861
3566.8,10.875436990793624
3567.0,10.930998962447298
3567.2,12.024130290696057
3567.4,11.99209499815995
3567.6,11.888057865812815
3567.8,10.256739528418656
3568.0,10.189540602345787
3568.2,10.57263193508071
3568.4,10.965567124566519
3568.6,11.274963938894164
3568.8,10.586181063728057
3569.0,10.499152008385522
3569.2,11.014637266082051
3569.4,11.382981284948333
3569.6,12.151388746105788
3569.8,12.131530251675875
3570.0,11.55602576967592
3570.2,11.758695464570293
3570.4,11.653871056127977
3570.6,11.200337580033313
3570.8,10.363562632086472
3571.0,10.547308421094941
3571.2,10.626598931987042
3571.4,10.692615403705602
3571.6,10.447601789890928
3571.8,10.507302632390195
3572.0,10.828813495590841
3572.2,10.690388673727183
3572.4,10.476806349300272
3572.6,10.555990769429723
3572.8,11.074001381260333
3573.0,10.367447210231163
3573.2,10.62040421528793
3573.4,10.608333860343606
3573.6,10.700673878077708
3573.8,10.55775247587
3574.0,12.064948681235212
3574.2,11.278541396095159
3574.4,11.56098237913099
3574.6,11.367337440391026
3574.8,12.016576451167666
3575.0,11.786603221271951
3575.2,11.23324670929424
3575.4,11.448153838239566
3575.6,11.447687998505842
3575.8,11.663289627299813
3576.0,11.536251699170437
3576.2,11.689274408234926
3576.4,12.414207030725237
3576.6,11.815617139588612
3576.8,12.157837659056607
3577.0,11.517425082875182
3577.2,10.87039618146166
3577.4,11.0879358492286
3577.6,10.466591308643265
3577.8,10.361070573291006
3578.0,11.159515973688931
3578.2,10.38809187872183
3578.4,10.756007275342183
3578.6,10.45285864530284
3578.8,10.253723409007108
3579.0,10.579711364755022
3579.2,11.01489833859371
3579.4,10.716551294867923
3579.6,11.046824453428192
3579.8,10.695703507000129
3580.0,10.04883733215338
3580.2,9.83127351186958
3580.4,10.27044741218845
3580.6,9.891368294006114
3580.8,9.818295894714376
3581.0,10.411937557786095
3581.2,10.611792128365224
3581.4,10.343872061781124
3581.6,10.275211388274442
3581.8,9.481439836522515
3582.0,9.584677303249777
3582.2,9.59269890369571
3582.4,9.621410451776027
3582.6,9.620960776753645
3582.8,9.703759953741006
3583.0,10.19292475997058
3583.2,10.320284205267543
3583.4,10.156539919655152
3583.6,10.583630729561644
3583.8,10.708533466113547
3584.0,10.381713133299444
3584.2,10.148086122304132
3584.4,10.244974524644057
3584.6,10.181326372675167
3584.8,9.397752324459203
3585.0,9.841579750997063
3585.2,10.193522825728662
3585.4,10.068403505432757
3585.6,10.326922867960196
3585.8,10.141476886731732
3586.0,10.33523503626158
3586.2,10.167828790292461
3586.4,10.146216472651206
3586.6,11.339464138454897
3586.8,12.421571789793209
3587.0,11.531049095864162
3587.2,12.009252068480645
3587.4,11.76043180660362
3587.6,12.15097512563186
3587.8,11.363012987724584
3588.0,11.48105956331367
3588.2,11.933550968119137
3588.4,11.36957914819547
3588.6,12.364167581507008
3588.8,11.857225421091911
3589.0,11.974421836484094
3589.2,13.102789401664992
3589.4,12.517871183712824
3589.6,13.31505940451654
3589.8,13.678145892775964
3590.0,12.80510237746773
3590.2,12.17446388894917
3590.4,12.789847285213451
3590.6,12.601055722346182
3590.8,13.41020480853786
3591.0,13.664889350670656
3591.2,13.369010138613355
3591.4,14.48467412410979
3591.6,14.107566903573257
3591.8,12.640386542651285
3592.0,11.71933293467647
3592.2,10.969110542277111
3592.4,11.374390885236474
3592.6,12.121390947564999
3592.8,10.76203931154591
3593.0,10.540210944691434
3593.2,10.779493164452168
3593.4,12.453022319556
3593.6,12.145541372610168
3593.8,11.607952471997727
3594.0,11.560545642711409
3594.2,12.85257121287096
3594.4,13.294092668785627
3594.6,14.649355096543138
3594.8,15.59274206423342
3595.0,15.969017384096688
3595.2,14.595650420888372
3595.4,15.118124574520905
3595.6,13.233040248810159
3595.8,14.275114489588518
3596.0,13.68650234325136
3596.2,13.775340016530661
3596.4,12.989602892329952
3596.6,13.19282659480147
3596.8,13.367801801721935
3597.0,14.96126915122813
3597.2,14.225329367981088
3597.4,13.478325356352503
3597.6,14.328935308666788
3597.8,15.388584835879131
3598.0,14.01419357951194
3598.2,14.568629884294044
3598.4,13.695331936143354
3598.6,12.781821001865952
3598.8,11.52042324030421
3599.0,11.74443921515187
3599.2,12.461994091361753
3599.4,12.668895319894588
3599.6,12.97967270693795
3599.8,12.211633997553417
3600.0,12.46259633733278
3600.2,12.74536944485842
3600.4,12.315862271352975
3600.6,13.24355960386562
3600.8,12.68206644860728
3601.0,12.870921839586256
3601.2,13.36448858674711
3601.4,13.452017329028418
3601.6,12.46130992399596
3601.8,11.823692719486871
3602.0,12.370053398290716
3602.2,11.859072894821876
3602.4,12.316420158429832
3602.6,13.021955521912517
3602.8,13.672503010174903
3603.0,13.625254114217004
3603.2,13.988045446361898
3603.4,13.21439491900134
3603.6,12.533192680540369
3603.8,11.869043395842844
3604.0,11.348705600256936
3604.2,11.356117126286641
3604.4,13.449673836791158
3604.6,12.2325680033086
3604.8,11.76745131163559
3605.0,11.938719654280431
3605.2,11.729034209579925
3605.4,12.44634864390419
3605.6,11.576941241864242
3605.8,12.346909259635833
3606.0,12.917733998600863
3606.2,13.046332548115727
3606.4,13.275686705057295
3606.6,14.546466567282737
3606.8,12.986600693009905
3607.0,13.035710956384484
3607.2,12.944690366396095
3607.4,13.642640004149065
3607.6,12.886363496650704
3607.8,13.377537977442346
3608.0,13.417617950393005
3608.2,13.951938118009373
3608.4,14.888808868775032
3608.6,12.829088734465984
3608.8,13.480196917639176
3609.0,11.317707207818046
3609.2,11.169460162137632
3609.4,11.209726521814416
3609.6,11.912679203895209
3609.8,11.332507858360152
3610.0,11.211222595804191
3610.2,12.339591459997443
3610.4,12.583594757122125
3610.6,11.930848989753231
3610.8,11.613369247031093
3611.0,11.445573180365578
3611.2,11.388968294492106
3611.4,11.233743753038919
3611.6,10.711663591326879
3611.8,11.308542321562312
3612.0,12.298480980797438
3612.2,12.318607249053992
3612.4,11.509794935526767
3612.6,11.302333331123691
3612.8,11.62824045869042
3613.0,11.218986568069113
3613.2,11.700655783720435
3613.4,11.346169697136865
3613.6,10.763691255344357
3613.8,11.06379252236719
3614.0,11.08732206231842
3614.2,10.79668342773198
3614.4,10.880453683086513
3614.6,10.614760742342668
3614.8,10.8191828677596
3615.0,10.992916363838816
3615.2,10.821574758130879
3615.4,11.031993985812198
3615.6,11.152395448811252
3615.8,10.937371724598586
3616.0,10.763523284906276
3616.2,11.446723096934834
3616.4,11.081919811595842
3616.6,11.87864339308848
3616.8,11.351533674498885
3617.0,11.874905314888798
3617.2,11.978631008831726
3617.4,12.211559903640232
3617.6,12.756288885477433
3617.8,11.831282336346247
3618.0,12.13707049836066
3618.2,11.501869920137235
3618.4,11.523691729404863
3618.6,10.830252406150514
3618.8,10.991117650438705
3619.0,11.179055256362052
3619.2,10.95751277476123
3619.4,10.844703790092767
3619.6,10.8055110773486
3619.8,10.214703997034553
3620.0,10.686853191812107
3620.2,10.804010916452057
3620.4,10.721689180719373
3620.6,10.234224103812616
3620.8,10.509506337346416
3621.0,10.958100849333176
3621.2,10.649173840690322
3621.4,10.396027592556681
3621.6,10.092493365036944
3621.8,10.565709024803878
3622.0,10.947367966010654
3622.2,11.527973109006282
3622.4,12.03505820995771
3622.6,13.063633268731659
3622.8,13.508457130163066
3623.0,15.152504886890735
3623.2,14.150126719916985
3623.4,13.041001240485476
3623.6,14.153204321318507
3623.8,14.014475216923312
3624.0,14.322493104368412
3624.2,12.886193107514464
3624.4,14.557440035183877
3624.6,14.261658941441663
3624.8,14.064644727498504
3625.0,13.095977465605362
3625.2,14.271195487411703
3625.4,15.702099353895214
3625.6,16.003772626886498
3625.8,14.62394234590912
3626.0,13.664525004376804
3626.2,13.4696153944903
3626.4,13.060579327559406
3626.6,12.961299998291093
3626.8,13.392436016946549
3627.0,12.783012402676778
3627.2,12.551426108353018
3627.4,12.496536512940564
3627.6,12.588930987096287
3627.8,12.401513698284294
3628.0,13.461348244261433
3628.2,13.504125774829525
3628.4,12.91093801723765
3628.6,13.882037926525166
3628.8,13.365023505920357
3629.0,13.058008629668167
3629.2,12.566000008502112
3629.4,12.055843343188782
3629.6,11.299785552032384
3629.8,11.048688827775113
3630.0,10.026937258827893
3630.2,10.955447448377342
3630.4,10.901837575968562
3630.6,11.300133937444375
3630.8,12.201707765827095
3631.0,11.943143358800485
3631.2,12.32524452722121
3631.4,12.566137891966546
3631.6,12.416008827236414
3631.8,12.49903447856406
3632.0,12.54924039413411
3632.2,11.806797559792564
3632.4,10.84050866046363
3632.6,11.80064596908119
3632.8,12.326501938118042
3633.0,12.70371362582141
3633.2,12.090611921078265
3633.4,12.209971522540805
3633.6,12.08648549935975
3633.8,12.552400854799146
3634.0,12.459181600075437
3634.2,12.093233804376112
3634.4,12.24096389368694
3634.6,12.407725213228009
3634.8,11.918281759074521
3635.0,12.600419660534268
3635.2,12.622890196036971
3635.4,11.786192028043363
3635.6,11.513612548633319
3635.8,11.783295317851096
3636.0,11.743677035725701
3636.2,11.609417453824793
3636.4,12.682448934755833
3636.6,12.470147452495095
3636.8,11.898035774639766
3637.0,12.504594602785783
3637.2,12.520657716470376
3637.4,12.384409461166143
3637.6,12.079145519314007
3637.8,12.65813359846035
3638.0,12.249225388076049
3638.2,11.678887609619068
3638.4,12.11119835759902
3638.6,12.686361330826326
3638.8,12.046173012471508
3639.0,12.861043729948317
3639.2,12.98770963658432
3639.4,13.239162210322126
3639.6,13.447961674533545
3639.8,14.020489664856557
3640.0,16.302405545933564
3640.2,15.703139859643748
3640.4,15.823633899451156
3640.6,15.441648597115114
3640.8,13.405869441193525
3641.0,13.05691938521269
3641.2,14.04175610839086
3641.4,13.453163899082746
3641.6,14.19749882301194
3641.8,13.98205256270083
3642.0,14.921430561023023
3642.2,18.199611852266038
3642.4,17.846314067527246
3642.6,15.83155506549927
3642.8,14.988474019816655
3643.0,15.072538145316965
3643.2,15.45993053019279
3643.4,15.377892159271994
3643.6,16.810243523058773
3643.8,17.041204007231478
3644.0,16.29216680761645
3644.2,16.669663143231578
3644.4,17.344048627838596
3644.6,17.165468669038045
3644.8,16.595561491005775
3645.0,18.01695807548978
3645.2,17.67854723255857
3645.4,17.695976059143266
3645.6,16.6094784259372
3645.8,15.948570820974574
3646.0,18.468834741452675
3646.2,18.621705330571857
3646.4,19.385818393688716
3646.6,18.52044839500651
3646.8,18.747235449872367
3647.0,18.081263842713803
3647.2,18.45043099475528
3647.4,17.566005768920235
3647.6,16.868729667432277
3647.8,17.799750570152945
3648.0,15.76824064192277
3648.2,16.81354701795359
3648.4,17.315523086371027
3648.6,17.01806755683554
3648.8,18.045774221636673
3649.0,18.122424718124776
3649.2,17.024105787736662
3649.4,18.079383336701444
3649.6,16.46000110428505
3649.8,16.150363344531947
3650.0,16.26590242166699
3650.2,15.221474704318052
3650.4,15.307888916793388
3650.6,15.9139075998372
3650.8,17.0723990726838
3651.0,14.357129533564184
3651.2,13.818053375505578
3651.4,14.811599503570115
3651.6,14.942076732772762
3651.8,17.69143745120572
3652.0,15.381081696683239
3652.2,15.146977833556114
3652.4,14.295482459115663
3652.6,13.368675480180052
3652.8,13.181750876411968
3653.0,13.898030156710659
3653.2,14.575248474794487
3653.4,16.205215514660004
3653.6,15.640335898282064
3653.8,14.608840862357301
3654.0,14.75639645085187
3654.2,13.034219580370337
3654.4,13.244660776099868
3654.6,13.4310275841917
3654.8,14.011647779226308
3655.0,13.103076460388213
3655.2,13.090496110524985
3655.4,12.690485093151729
3655.6,13.344474507293496
3655.8,13.307111315917677
3656.0,14.58522053357039
3656.2,14.388335514666679
3656.4,13.64996191439661
3656.6,12.235122687686191
3656.8,11.881667485560623
3657.0,12.757085776608879
3657.2,14.199935955128018
3657.4,13.511286333713759
3657.6,13.317213653795385
3657.8,13.619474074276843
3658.0,13.784754749932532
3658.2,12.411316624308498
3658.4,11.665969705908307
3658.6,10.986549082625572
3658.8,13.137571960422292
3659.0,13.486253927837415
3659.2,14.839335594272889
3659.4,13.51599819669956
3659.6,12.682648832128438
3659.8,13.883620107352074
3660.0,14.0804424362683
3660.2,15.981533520228165
3660.4,16.448682230426254
3660.6,16.4189137608033
3660.8,17.067465271803876
3661.0,17.848870212240783
3661.2,17.32773378215043
3661.4,17.995912332486053
3661.6,16.39447437926018
3661.8,15.06743477349475
3662.0,16.100196318779687
3662.2,15.990034481350365
3662.4,15.967442662698527
3662.6,15.276727435536886
3662.8,13.59739189255438
3663.0,14.7485733786578
3663.2,14.584665271269891
3663.4,16.400733991325577
3663.6,18.409378943716
3663.8,17.026469730343685
3664.0,14.327812538834994
3664.2,15.377979834285004
3664.4,15.533998367256824
3664.6,15.882823001479132
3664.8,15.312604669069405
3665.0,15.946850419851772
3665.2,16.235286061308038
3665.4,16.688230311544213
3665.6,16.526697529716515
3665.8,15.897247728404484
3666.0,16.42857780239605
3666.2,17.482648955163683
3666.4,16.026523787438162
3666.6,15.152257202804966
3666.8,16.24902817007411
3667.0,15.85668919474103
3667.2,15.177039881586884
3667.4,14.919329397499151
3667.6,15.749808359966433
3667.8,16.0476721736434
3668.0,15.445814973742625
3668.2,15.320445915989636
3668.4,14.909068815101456
3668.6,15.428789460144117
3668.8,14.433644956273808
3669.0,15.039783200130927
3669.2,15.528658873954962
3669.4,14.904324830819052
3669.6,13.83171959179468
3669.8,14.046129524459712
3670.0,14.634854111503552
3670.2,14.03734194226435
3670.4,13.399992988558676
3670.6,14.470243193035728
3670.8,13.949394144118001
3671.0,13.327313977658061
3671.2,14.529762986015946
3671.4,13.660660756140174
3671.6,14.00139026345833
3671.8,13.806833894628616
3672.0,12.7817459781817
3672.2,14.454258960223878
3672.4,15.554803029747298
3672.6,15.452080068842712
3672.8,15.5798735171029
3673.0,15.056765689039684
3673.2,16.19336185471438
3673.4,17.04879927141796
3673.6,16.240358324714204
3673.8,15.242289295742333
3674.0,13.982356232373112
3674.2,13.93077699629556
3674.4,14.090229894459274
3674.6,14.158112447365713
3674.8,17.169019932504895
3675.0,14.907328205857642
3675.2,15.509541722590406
3675.4,15.860115928644396
3675.6,15.25520662000751
3675.8,15.525078243364252
3676.0,14.724277535490852
3676.2,13.63048446441825
3676.4,12.359076135803239
3676.6,12.382612499965974
3676.8,12.821467406212669
3677.0,13.043365573347806
3677.2,17.280086422809358
3677.4,16.81858795802356
3677.6,17.52713680709055
3677.8,17.201499096985323
3678.0,17.542317707837775
3678.2,16.681714771907014
3678.4,16.532223169287118
3678.6,14.793915621667717
3678.8,15.790152189016878
3679.0,15.98116124067419
3679.2,15.271834409597606
3679.4,14.139930876759463
3679.6,13.979084065586687
3679.8,14.295025327699925
3680.0,13.759608856880902
3680.2,14.023591949446763
3680.4,13.046308448941899
3680.6,13.209457875815323
3680.8,13.494601778673037
3681.0,13.802278659960162
3681.2,13.408439096257938
3681.4,13.196142325788474
3681.6,13.381411520006992
3681.8,13.406121307680507
3682.0,13.383105714168684
3682.2,13.28604444753143
3682.4,12.885831473155026
3682.6,13.460695838799579
3682.8,11.587469752295691
3683.0,11.819963608298156
3683.2,12.835936035118811
3683.4,12.766685621487389
3683.6,13.451012611029649
3683.8,12.074001004542206
3684.0,11.781621024766732
3684.2,12.319725830582653
3684.4,12.45332379858903
3684.6,11.725251691100976
3684.8,12.197988369177716
3685.0,12.444151362019337
3685.2,11.9051450592646
3685.4,11.745458309350674
3685.6,12.998497425451166
3685.8,12.562552153010877
3686.0,11.966364067971975
3686.2,12.774999827974503
3686.4,13.933012208839344
3686.6,13.8662066955491
3686.8,13.497024674351367
3687.0,13.497706176178085
3687.2,12.276135621774616
3687.4,10.811331467764326
3687.6,11.714208771225339
3687.8,10.943425387573155
3688.0,10.554577188376978
3688.2,9.843605038815818
3688.4,9.894888548678326
3688.6,10.835259939211678
3688.8,10.396272133213548
3689.0,10.738295372716005
3689.2,11.507981297020462
3689.4,11.608469419759551
3689.6,11.033122249351548
3689.8,11.134848353126404
3690.0,10.93322346508515
3690.2,10.076088010529563
3690.4,9.907277873808159
3690.6,9.806986202756674
3690.8,10.482947897652227
3691.0,11.195707400940103
3691.2,11.279258191560817
3691.4,11.18136966091389
3691.6,10.695576991316269
3691.8,11.544324474449992
3692.0,12.901684806998013
3692.2,12.380088358466404
3692.4,13.04669656473893
3692.6,12.730525504556088
3692.8,13.147381507077336
3693.0,11.969712038842502
3693.2,11.426666899563404
3693.4,11.624715188358856
3693.6,11.70189336310215
3693.8,12.385778970428658
3694.0,11.206474951268143
3694.2,11.909981103933145
3694.4,11.006215539012265
3694.6,11.361453899161493
3694.8,11.355043477674911
3695.0,10.245085472586029
3695.2,10.239527396628255
3695.4,10.407947332522774
3695.6,10.048491295369208
3695.8,9.592941416579636
3696.0,9.376247566722897
3696.2,9.296190509480496
3696.4,9.492619906248159
3696.6,9.423998837426911
3696.8,10.037445832249006
3697.0,9.730866884007423
3697.2,9.953003050102904
3697.4,10.03192262787506
3697.6,10.092365374789566
3697.8,10.543789495302223
3698.0,11.000935137297152
3698.2,10.49396794137718
3698.4,11.468722255723865
3698.6,12.030611009448403
3698.8,12.97181538377828
3699.0,13.188765695600233
3699.2,13.27217264258252
3699.4,13.308708185056975
3699.6,11.30660529848365
3699.8,11.765939148061806
3700.0,11.996797461771623
3700.2,13.659652311401127
3700.4,14.423696099629133
3700.6,12.090747041955334
3700.8,12.228381784096946
3701.0,11.2782018871413
3701.2,10.675253315641948
3701.4,10.302321967138774
3701.6,11.060685190064355
3701.8,12.079393135614787
3702.0,12.09930320811482
3702.2,11.879297290136346
3702.4,11.561521941685392
3702.6,11.421095099335439
3702.8,12.896530474999102
3703.0,12.94678240905747
3703.2,11.949461795389603
3703.4,10.641078171442935
3703.6,10.897446584112165
3703.8,12.110067544986222
3704.0,12.429083957315468
3704.2,11.857627189207264
3704.4,11.691751918424993
3704.6,11.429035536766046
3704.8,11.544243214999842
3705.0,11.637617600359198
3705.2,11.581314805876657
3705.4,11.09751746318538
3705.6,11.195154871737893
3705.8,12.571736129665293
3706.0,14.276911991285825
3706.2,14.838195285145861
3706.4,12.892899438825868
3706.6,13.238924494750586
3706.8,12.158935555888066
3707.0,12.811023731623228
3707.2,11.35142622977038
3707.4,11.564567561089255
3707.6,12.225740824104097
3707.8,13.536179425000066
3708.0,13.852454249944186
3708.2,14.894363975199097
3708.4,14.341937380772807
3708.6,14.190874739641037
3708.8,13.862671425007749
3709.0,13.004798778352566
3709.2,12.507721050345298
3709.4,12.99845478249302
3709.6,13.575266133790944
3709.8,14.18112183811944
3710.0,13.51683859295317
3710.2,14.290825063546244
3710.4,15.448240467302837
3710.6,14.128291434400516
3710.8,13.459598447258506
3711.0,13.820917577152684
3711.2,15.35821463863536
3711.4,15.897111057727976
3711.6,16.655660591880526
3711.8,18.009628538767032
3712.0,18.59583853485419
3712.2,19.030463085309815
3712.4,19.221412040113893
3712.6,19.466555075466488
3712.8,18.174344332346404
3713.0,18.076041740902134
3713.2,16.95138277489876
3713.4,17.58315649159748
3713.6,15.780136489664109
3713.8,17.50687999118169
3714.0,17.52615068947588
3714.2,16.49098040867965
3714.4,16.190644633627706
3714.6,14.659505442101324
3714.8,17.263665427437502
3715.0,17.36862426869876
3715.2,16.36995455098742
3715.4,16.34596100962695
3715.6,15.583079729495903
3715.8,17.344897392831644
3716.0,18.27270147150811
3716.2,17.11030538654414
3716.4,15.554455800651121
3716.6,16.693844386894657
3716.8,14.597401787906536
3717.0,13.055061296424864
3717.2,12.948444720447782
3717.4,13.562263043376488
3717.6,13.179107889072291
3717.8,14.69683222116634
3718.0,15.586174001201645
3718.2,15.580139403246333
3718.4,16.293380162811633
3718.6,17.36299941870678
3718.8,14.907310571048075
3719.0,15.431892192287641
3719.2,15.112713098852868
3719.4,16.55345367363205
3719.6,16.457789593772333
3719.8,17.464162025152277
3720.0,16.11532355949491
3720.2,15.502698188570374
3720.4,16.554857685086038
3720.6,16.983633246801364
3720.8,16.336045053103298
3721.0,17.535586776499898
3721.2,16.933978473812456
3721.4,15.627681151974443
3721.6,16.86261936546546
3721.8,16.373732446028512
3722.0,17.518809895139892
3722.2,17.16472626185829
3722.4,17.88357940394801
3722.6,16.805783871214878
3722.8,15.341584589409226
3723.0,15.28417271287033
3723.2,14.229234857244782
3723.4,13.949007970200158
3723.6,13.482075688789145
3723.8,13.233145424384038
3724.0,12.276209946307922
3724.2,11.158903344105495
3724.4,12.153535499371156
3724.6,11.538823888707782
3724.8,11.479143154878964
3725.0,12.314533037396364
3725.2,12.30732263049858
3725.4,12.406921401629688
3725.6,14.480629489359004
3725.8,13.110827604989177
3726.0,13.351813940099582
3726.2,14.163233841945095
3726.4,13.775089775292946
3726.6,16.390539397989656
3726.8,15.789678231599247
3727.0,15.004130888733819
3727.2,15.861376956523756
3727.4,14.72110794894012
3727.6,14.451049648663876
3727.8,15.863498955717727
3728.0,16.201605715264677
3728.2,14.57927574436212
3728.4,15.920754629271164
3728.6,14.764309091216488
3728.8,14.946094791098885
3729.0,13.709339064324183
3729.2,15.90630076039703
3729.4,14.896604418551638
3729.6,15.999768915774908
3729.8,16.050997594147084
3730.0,16.820537790797687
3730.2,16.64343181685436
3730.4,16.65977488676927
3730.6,17.257873358775747
3730.8,16.40056055253475
3731.0,16.88717172615329
3731.2,15.799016405902421
3731.4,14.994292770221204
3731.6,14.871961764266645
3731.8,16.404490611214065
3732.0,16.795399586342214
3732.2,16.77089424626671
3732.4,16.811708331524358
3732.6,17.560362192554543
3732.8,16.44608696597441
3733.0,15.325091157495464
3733.2,14.179930664359649
3733.4,14.353637677296216
3733.6,16.242650996627802
3733.8,15.638837965833904
3734.0,15.978274717793735
3734.2,13.81492733086606
3734.4,15.217072912142992
3734.6,15.471666321298361
3734.8,16.05960870196068
3735.0,15.566835674265684
3735.2,13.91336851906986
3735.4,14.451457421446602
3735.6,12.662012874598659
3735.8,12.166516422888314
3736.0,13.296405968562041
3736.2,13.456947122871796
3736.4,14.420470320736225
3736.6,13.605929433961258
3736.8,13.418768404953072
3737.0,15.521024994011247
3737.2,16.055638607273785
3737.4,15.767766724194017
3737.6,14.245449729194748
3737.8,14.101171631943568
3738.0,14.17298210978737
3738.2,12.59964702521351
3738.4,13.448197297093934
3738.6,13.90913201823875
3738.8,16.27920522405774
3739.0,13.481550223712519
3739.2,14.467684073012265
3739.4,15.79866401172399
3739.6,14.670251522768673
3739.8,14.609718204549058
3740.0,15.041996293244837
3740.2,12.911340005028201
3740.4,12.79838663841865
3740.6,11.997811224388517
3740.8,11.116027446248903
3741.0,11.058879044646472
3741.2,11.403863865678396
3741.4,10.715862376653234
3741.6,12.143551612120639
3741.8,13.413254598391394
3742.0,12.773411831907293
3742.2,12.650971748378561
3742.4,11.265167518443832
3742.6,10.994228081680543
3742.8,10.00434876736718
3743.0,10.610470698484002
3743.2,11.009496762442224
3743.4,10.278809433034423
3743.6,11.141450534369934
3743.8,11.798203941039848
3744.0,11.977052532522144
3744.2,11.598869422459932
3744.4,12.501352531336662
3744.6,12.74419817955269
3744.8,12.487119927813758
3745.0,12.359473890553016
3745.2,13.614465016869664
3745.4,12.951954821208387
3745.6,13.60048718972199
3745.8,11.516325518126266
3746.0,11.944256271139576
3746.2,11.649679141724365
3746.4,11.171967434443623
3746.6,11.74236032586945
3746.8,11.399337439110106
3747.0,10.638789454180733
3747.2,9.74524132295626
3747.4,9.71649103339704
3747.6,9.675238891877424
3747.8,10.025746137260338
3748.0,10.008026715668642
3748.2,10.08817049792645
3748.4,9.643512302237253
3748.6,9.877791234690891
3748.8,10.361525026922846
3749.0,11.527269421014342
3749.2,11.009395611025203
3749.4,11.244662609471508
3749.6,11.09063034597532
3749.8,11.44924573297464
3750.0,10.92815613900299
3750.2,10.95126799427904
3750.4,10.986215927426283
3750.6,11.506048224771455
3750.8,11.213104192421133
3751.0,12.061776904585546
3751.2,12.500913353797788
3751.4,12.15943578742811
3751.6,13.354436702370332
3751.8,14.218243625620586
3752.0,14.428810645089204
3752.2,14.750119974882201
3752.4,14.214559649592363
3752.6,12.047199756941595
3752.8,12.121800531669528
3753.0,14.945978046056913
3753.2,13.898689687688638
3753.4,14.598242639019423
3753.6,14.580437876843886
3753.8,13.728663117501444
3754.0,13.045279511090484
3754.2,13.388193562591756
3754.4,13.417994191880698
3754.6,12.49805122946029
3754.8,13.671086119833651
3755.0,13.540692319299392
3755.2,13.610664947400428
3755.4,12.488070007528345
3755.6,12.452413205303582
3755.8,12.33070983744421
3756.0,13.888184591649285
3756.2,13.537315557290846
3756.4,13.53452840677273
3756.6,13.54681353717741
3756.8,13.80043936286669
3757.0,14.260959341005233
3757.2,13.779718451522683
3757.4,14.87096665146324
3757.6,14.488949237312873
3757.8,15.328528861220878
3758.0,15.88372768270569
3758.2,15.495976134629661
3758.4,14.905428843071288
3758.6,16.189313625672234
3758.8,14.981529519787502
3759.0,13.879624040187093
3759.2,14.805354866393678
3759.4,15.634512759934386
3759.6,14.267085715685052
3759.8,12.739015568005865
3760.0,14.36943017527669
3760.2,14.351917748445809
3760.4,13.90944829736905
3760.6,14.640415476847782
3760.8,13.051933901388935
3761.0,14.833416310485358
3761.2,13.827141553630408
3761.4,16.087437218363533
3761.6,16.09964920204232
3761.8,15.49931720305213
3762.0,16.477090093560715
3762.2,16.404038356231773
3762.4,17.28734982074019
3762.6,14.378831403442057
3762.8,15.95924064082974
3763.0,16.899064639050263
3763.2,17.011496798524803
3763.4,16.43609582083617
3763.6,15.09195789196271
3763.8,14.226692675908247
3764.0,14.92852531677009
3764.2,15.196295122179848
3764.4,15.661423796524653
3764.6,14.80008295298421
3764.8,15.75432363440707
3765.0,14.515401196177551
3765.2,15.046253924684297
3765.4,15.752580628832062
3765.6,15.382592834475295
3765.8,15.69296883302107
3766.0,16.193549663955274
3766.2,16.451060711444924
3766.4,17.097454247645025
3766.6,15.061715367641657
3766.8,17.550406805240986
3767.0,17.329965224908467
3767.2,16.8365483971659
3767.4,16.409862134253565
3767.6,16.36185531576753
3767.8,17.02810544080999
3768.0,16.019806845548043
3768.2,15.519733151692316
3768.4,16.6638607961438
3768.6,15.73324690500269
3768.8,14.237510588377717
3769.0,13.032088079983865
3769.2,12.989691652908844
3769.4,12.297713638915672
3769.6,13.100371836899228
3769.8,13.028062625658423
3770.0,14.044314995093657
3770.2,12.913871625673552
3770.4,12.303732916629965
3770.6,11.734867549466454
3770.8,12.826115465822706
3771.0,13.7202463247307
3771.2,13.753735905936042
3771.4,13.912936679879948
3771.6,14.171745297801744
3771.8,13.8115965607184
3772.0,13.585445914876662
3772.2,14.394063370321845
3772.4,14.195895064944535
3772.6,15.086607323699939
3772.8,15.123779962170323
3773.0,17.4572334583952
3773.2,16.371851437000565
3773.4,16.76969553112311
3773.6,14.687784234961791
3773.8,14.99136856595413
3774.0,14.304895181747865
3774.2,15.266782895756005
3774.4,15.244188774329112
3774.6,14.809451220388194
3774.8,14.204966841089782
3775.0,15.017725855166006
3775.2,14.511570334442307
3775.4,15.306667797027247
3775.6,13.899464587694633
3775.8,15.769131629291518
3776.0,13.186509325422778
3776.2,11.182759240219898
3776.4,11.963712800054932
3776.6,11.18888526799585
3776.8,10.91174958439722
3777.0,11.391233236539906
3777.2,11.07535291814312
3777.4,11.610555490408503
3777.6,11.556578086277462
3777.8,11.605146557333896
3778.0,12.581925400748581
3778.2,11.772558536435536
3778.4,12.85821921697691
3778.6,11.58042818849781
3778.8,11.388281924868407
3779.0,10.810064950828997
3779.2,10.86718071337031
3779.4,10.988748150425256
3779.6,10.084304777725258
3779.8,10.454339663860903
3780.0,10.236546807818703
3780.2,11.482366546747865
3780.4,11.817167598706188
3780.6,11.285059552165343
3780.8,11.667505251214132
3781.0,11.632743096270179
3781.2,12.477083189214468
3781.4,12.702116911800175
3781.6,11.66990141847771
3781.8,12.181582639119856
3782.0,12.93813282414278
3782.2,13.370452961177854
3782.4,14.165956437322727
3782.6,13.523364241411906
3782.8,13.26707946286766
3783.0,13.736093604696123
3783.2,14.103274494603841
3783.4,13.29920245086261
3783.6,14.152058823938278
3783.8,13.9491958154985
3784.0,13.170947825147783
3784.2,13.025638642796748
3784.4,13.693433594765274
3784.6,15.027199402869618
3784.8,14.718880258947351
3785.0,16.02809344225245
3785.2,17.196056103747303
3785.4,16.86184086394625
3785.6,16.181117216596526
3785.8,15.447488845959409
3786.0,14.306111423074894
3786.2,14.763240453344224
3786.4,14.758394221072468
3786.6,15.048128519125395
3786.8,12.855210007172154
3787.0,12.248869306579833
3787.2,12.174985592339127
3787.4,13.16047637878263
3787.6,13.857392305786483
3787.8,15.411442693743009
3788.0,16.13320347614493
3788.2,15.240749570909655
3788.4,16.739775415124264
3788.6,15.805470387342158
3788.8,15.776648268178645
3789.0,14.749113311582766
3789.2,15.181409758773132
3789.4,14.844790673462294
3789.6,15.635344822842821
3789.8,14.17602020317367
3790.0,14.844263766502007
3790.2,14.336863663454045
3790.4,14.36753068418264
3790.6,13.24839647444108
3790.8,12.908495306125676
3791.0,12.824026085198534
3791.2,13.155085476931099
3791.4,12.623671635457061
3791.6,12.699997639959104
3791.8,12.724275113588375
3792.0,12.246684534638266
3792.2,13.887214902198053
3792.4,12.774033508245727
3792.6,12.389726757121984
3792.8,11.443851659739536
3793.0,10.825016739290136
3793.2,11.82642835930312
3793.4,12.363836024489352
3793.6,12.764296868911442
3793.8,13.496937522538628
3794.0,11.945248351822713
3794.2,13.596352376237595
3794.4,14.967017534264873
3794.6,17.03070851239405
3794.8,15.203813956735857
3795.0,14.439950527930401
3795.2,14.916987217764316
3795.4,15.628791317823556
3795.6,14.982462044501164
3795.8,15.384011156310677
3796.0,13.80583053053023
3796.2,15.795765163964518
3796.4,18.375760401221367
3796.6,18.314760897242557
3796.8,15.772937469304228
3797.0,15.600465191434472
3797.2,17.759722447902767
3797.4,16.986338791661645
3797.6,13.704466771762881
3797.8,14.735034267791626
3798.0,16.603249835324796
3798.2,15.319002640608861
3798.4,15.297855024802733
3798.6,16.364448711750036
3798.8,14.375122184859713
3799.0,15.046513243029793
3799.2,14.286079118611516
3799.4,14.086037538603737
3799.6,13.59816889347769
3799.8,13.777531861682586
3800.0,14.281386866621572
3800.2,14.410912673499467
3800.4,14.82208191287822
3800.6,15.290923684989258
3800.8,15.679071787038922
3801.0,14.402192314589914
3801.2,13.703091627112547
3801.4,15.743499181103518
3801.6,15.528222708160461
3801.8,16.867034307104575
3802.0,16.070967226068
3802.2,16.518136491934413
3802.4,18.83972360326803
3802.6,17.378966782296796
3802.8,17.458244129062514
3803.0,18.456669365786183
3803.2,17.35515632445005
3803.4,17.645932574267086
3803.6,18.9884457377164
3803.8,18.18544463644369
3804.0,17.024767965286852
3804.2,17.224506515484308
3804.4,15.896052476434237
3804.6,18.972278872366708
3804.8,17.240589935609048
3805.0,15.292230642250225
3805.2,16.7216254185344
3805.4,16.768272173179888
3805.6,17.08750762904844
3805.8,18.262462396831072
3806.0,18.583491392303987
3806.2,17.808612277879128
3806.4,19.03605558120194
3806.6,17.556855480069938
3806.8,18.609019477667317
3807.0,19.19003087360077
3807.2,18.729810148124976
3807.4,17.890719250086036
3807.6,17.443322773765853
3807.8,18.548339914236635
3808.0,18.13913763092315
3808.2,17.388313283468825
3808.4,18.656687945836143
3808.6,18.43616902365965
3808.8,17.55750012760241
3809.0,17.307610771088036
3809.2,13.688401043112696
3809.4,15.094759820297089
3809.6,13.601097064622534
3809.8,14.099317252701924
3810.0,13.371019192962109
3810.2,13.334549259858267
3810.4,12.797665963241089
3810.6,11.711903847421958
3810.8,13.229944661656239
3811.0,13.452071660683256
3811.2,14.42119250257148
3811.4,15.839304397358099
3811.6,17.196958434728188
3811.8,14.761693741627933
3812.0,15.360057335133263
3812.2,14.71512679942414
3812.4,14.73277609626119
3812.6,15.640817045469843
3812.8,16.602667315924638
3813.0,17.00059819964289
3813.2,17.06587373939733
3813.4,17.099974276444236
3813.6,18.279785084202892
3813.8,17.189889907657506
3814.0,18.07898922315346
3814.2,18.602459151052763
3814.4,16.540141952100367
3814.6,16.712097677675793
3814.8,16.69176932661847
3815.0,16.547500876002708
3815.2,14.520783452765105
3815.4,15.256648166083373
3815.6,14.819916291292738
3815.8,14.816145621374407
3816.0,13.79608001694572
3816.2,14.658664296714864
3816.4,14.466442420025789
3816.6,14.16879908501642
3816.8,13.182251763001503
3817.0,13.46890778142196
3817.2,15.698200501648794
3817.4,15.590859758592012
3817.6,16.590978193729285
3817.8,16.995302873120362
3818.0,16.812526586720388
3818.2,15.9669200477653
3818.4,17.413406130619016
3818.6,17.286258257346432
3818.8,17.41019911715569
3819.0,16.82870787050337
3819.2,15.942645464427109
3819.4,16.04715530773835
3819.6,15.466420740650161
3819.8,16.11086358207831
3820.0,15.419392353317347
3820.2,15.606614880992895
3820.4,14.77299822204202
3820.6,14.686147187115296
3820.8,14.795352151023572
3821.0,15.047596535641581
3821.2,15.303859446426038
3821.4,13.656166242547599
3821.6,16.114057968822113
3821.8,14.381394535642023
3822.0,15.390511867980411
3822.2,15.527127647462946
3822.4,15.82454492871543
3822.6,14.915141432171321
3822.8,16.94871044081314
3823.0,15.691414291379612
3823.2,16.274625218273993
3823.4,17.05154224540768
3823.6,17.742123978072858
3823.8,16.24804012262666
3824.0,16.908849391787278
3824.2,17.69450264782032
3824.4,16.32063408126693
3824.6,15.657060848770163
3824.8,15.73778144478445
3825.0,19.14137428205419
3825.2,19.01451435764569
3825.4,18.345338456934755
3825.6,17.419937313295655
3825.8,16.300707112558943
3826.0,16.616920866061204
3826.2,15.85472695988557
3826.4,15.83452354779694
3826.6,14.101769318670645
3826.8,16.079940010300422
3827.0,16.87595595957267
3827.2,15.320388025556593
3827.4,15.544529054122547
3827.6,16.785945468051867
3827.8,16.355103673728276
3828.0,14.362332936424984
3828.2,14.80311252620873
3828.4,14.028801576388751
3828.6,14.101340358971935
3828.8,14.041622377950738
3829.0,13.222036271140926
3829.2,12.353419090466442
3829.4,11.765424597982628
3829.6,12.026023914609375
3829.8,11.850688871336224
3830.0,12.933663313489978
3830.2,12.547363893740247
3830.4,13.095688001597079
3830.6,13.076217410938753
3830.8,14.232893148368156
3831.0,14.251168564411149
3831.2,13.159950265787725
3831.4,12.964150645404725
3831.6,13.120087257999423
3831.8,13.401771496267742
3832.0,12.489719348434518
3832.2,11.947970550161655
3832.4,11.707799319699571
3832.6,12.535952166424218
3832.8,12.058922084733135
3833.0,12.226572570408047
3833.2,11.294411305729607
3833.4,11.443357325724238
3833.6,12.685618521553693
3833.8,11.792823479284651
3834.0,11.83016639492094
3834.2,11.78711025470193
3834.4,11.999863758490019
3834.6,13.183506770484597
3834.8,13.036298787936026
3835.0,12.584776050490165
3835.2,12.612903699744196
3835.4,14.08215960636304
3835.6,12.803728614797766
3835.8,12.979123418127969
3836.0,13.948077670802428
3836.2,13.997565144141838
3836.4,14.27844973073629
3836.6,13.508882746863533
3836.8,14.118078166392818
3837.0,14.22045094752197
3837.2,14.10872205276075
3837.4,14.049215682952909
3837.6,13.446297858609874
3837.8,13.426993166887693
3838.0,14.014321575437933
3838.2,13.64104889163742
3838.4,13.504228224541501
3838.6,13.904943615016098
3838.8,12.625863088582971
3839.0,11.269897098923035
3839.2,11.175117685435422
3839.4,10.837662108751454
3839.6,12.440212820378944
3839.8,13.336228966052522
3840.0,13.581312073783929
3840.2,13.267324242588643
3840.4,14.177335866305283
3840.6,13.877094006832964
3840.8,13.79663891357321
3841.0,13.982008023338018
3841.2,12.639152345821197
3841.4,11.554318599167743
3841.6,11.721554492342081
3841.8,11.205555927011002
3842.0,12.167874714686846
3842.2,12.642875500922495
3842.4,11.174415104509352
3842.6,11.4518561198281
3842.8,10.7703546960172
3843.0,10.247001184293465
3843.2,10.38420058069101
3843.4,10.213910132271455
3843.6,10.690258550080525
3843.8,11.0114177593248
3844.0,10.894947326066672
3844.2,11.108202561006573
3844.4,11.644287479739733
3844.6,11.926056658285738
3844.8,12.725941159678374
3845.0,13.669941002701515
3845.2,13.665001090956972
3845.4,12.526090256619762
3845.6,11.373367026846319
3845.8,11.7563545222465
3846.0,13.186712778050948
3846.2,12.35697418581922
3846.4,12.631735864601898
3846.6,13.022385522095021
3846.8,12.723434645215455
3847.0,11.583128394548874
3847.2,11.624560948360479
3847.4,10.878172786127616
3847.6,11.302880740370094
3847.8,11.260322558299842
3848.0,11.358507686719117
3848.2,12.192787323454702
3848.4,11.194264827191837
3848.6,10.480348648414727
3848.8,11.464465088302017
3849.0,11.376462641444519
3849.2,10.976495476624152
3849.4,10.975363303402158
3849.6,11.453525807956701
3849.8,11.197198337055509
3850.0,10.23105580148333
3850.2,10.387411393409774
3850.4,10.715152651233563
3850.6,11.036805876419782
3850.8,11.49614241527085
3851.0,11.760373728871429
3851.2,12.093521106830575
3851.4,12.17767567649769
3851.6,11.709292617742955
3851.8,12.27988089874668
3852.0,11.64977608938007
3852.2,11.441500461475664
3852.4,11.32072387548259
3852.6,11.40507450640564
3852.8,11.119533014496234
3853.0,11.452745424463341
3853.2,11.610976334884427
3853.4,11.999128999123185
3853.6,12.268609508729655
3853.8,14.100149318079755
3854.0,14.021762895159915
3854.2,13.63449294948381
3854.4,14.569797672835389
3854.6,14.833342570927655
3854.8,15.172842585280417
3855.0,15.38328304674485
3855.2,15.132202187472014
3855.4,14.105834582100558
3855.6,15.008525046529115
3855.8,13.044419320248803
3856.0,13.430102112872591
3856.2,12.201438009201668
3856.4,11.438232211028412
3856.6,10.65280500649427
3856.8,12.127845217209094
3857.0,12.76635241094467
3857.2,11.676195333124042
3857.4,12.55845182524418
3857.6,12.553803172418423
3857.8,12.510157556343675
3858.0,12.008721556844355
3858.2,12.324850783867005
3858.4,11.055255101980734
3858.6,11.856905250977757
3858.8,12.223256056070555
3859.0,11.69379789086892
3859.2,11.69925662050548
3859.4,11.473024082848438
3859.6,10.691192862831095
3859.8,11.999558808167379
3860.0,12.153500566872026
3860.2,11.559504917413337
3860.4,11.546120665567436
3860.6,11.33604194324648
3860.8,10.97089472254532
3861.0,11.236088180828496
3861.2,11.692287366378299
3861.4,12.340479343932145
3861.6,10.932991581961758
3861.8,12.4204388604402
3862.0,12.660762246519045
3862.2,12.924586581444128
3862.4,13.146116500526768
3862.6,12.07976391327952
3862.8,12.666416207313063
3863.0,11.997532983229384
3863.2,12.573009590877053
3863.4,12.015764323536436
3863.6,11.480463681801501
3863.8,11.406494776248291
3864.0,11.956766252677193
3864.2,12.343911557142697
3864.4,11.908658031106894
3864.6,12.462525343518635
3864.8,13.61768105399858
3865.0,13.673826678359703
3865.2,13.613071062670926
3865.4,13.056811073440041
3865.6,12.871378159542848
3865.8,11.494684612236332
3866.0,12.000519351826648
3866.2,12.332167706191337
3866.4,12.511704522331602
3866.6,11.42990072309718
3866.8,11.138510154952224
3867.0,10.903903434831154
3867.2,11.667257955245326
3867.4,13.22247869400552
3867.6,12.833553627655107
3867.8,12.967210646568816
3868.0,14.208710345552271
3868.2,14.675379061430185
3868.4,13.83279418447913
3868.6,13.539900269247514
3868.8,12.887011805693591
3869.0,13.340767307674575
3869.2,13.207140492695435
3869.4,13.009613278527794
3869.6,13.880911717838613
3869.8,13.593464318445818
3870.0,12.330659697837723
3870.2,14.302640283442623
3870.4,12.481318731250541
3870.6,12.341572654599368
3870.8,12.565493632329904
3871.0,10.673174319485017
3871.2,12.09473918633124
3871.4,12.331423159848846
3871.6,12.953012395922594
3871.8,12.595444530528967
3872.0,13.75311520396487
3872.2,12.59318459069357
3872.4,12.981385200335511
3872.6,13.160422221621427
3872.8,13.269857468015346
3873.0,12.235675402988788
3873.2,11.26249481237831
3873.4,13.47865032433933
3873.6,14.17275585892261
3873.8,13.181596054911216
3874.0,12.682890041401727
3874.2,12.918603554665811
3874.4,13.701371673995057
3874.6,14.60167094517357
3874.8,13.58763227050691
3875.0,14.1483479856352
3875.2,11.763534344696948
3875.4,12.86184583999981
3875.6,12.808488807723108
3875.8,12.570065804794769
3876.0,13.193940852533109
3876.2,14.544649558559557
3876.4,12.743430632368637
3876.6,13.775424223406318
3876.8,14.175135433625364
3877.0,13.475990480195613
3877.2,12.833619175738436
3877.4,13.541115802308322
3877.6,12.757991876653467
3877.8,12.354884908435825
3878.0,12.321552662083949
3878.2,12.210309816418714
3878.4,13.449953271253797
3878.6,14.396855467103642
3878.8,14.870117015574314
3879.0,14.339587520827504
3879.2,13.064959359023918
3879.4,13.007199545222313
3879.6,12.550641822633501
3879.8,11.299095163070652
3880.0,11.121084357962584
3880.2,10.804052268457006
3880.4,11.09947405901777
3880.6,12.449384711847333
3880.8,12.80453735155046
3881.0,12.062663155817098
3881.2,12.399125416780501
3881.4,13.620649453058292
3881.6,10.565729447643353
3881.8,10.352597418029518
3882.0,11.554639473153006
3882.2,11.212974600582795
3882.4,10.89589962737239
3882.6,10.486768446701946
3882.8,10.78323169653357
3883.0,10.870247107096656
3883.2,10.147131140168838
3883.4,10.255617179207606
3883.6,11.474388189405275
3883.8,11.117111355852902
3884.0,11.008706209922908
3884.2,10.684652075845309
3884.4,11.665992792825765
3884.6,11.145573503605604
3884.8,11.427671283273765
3885.0,12.783274593481453
3885.2,11.294824243479688
3885.4,10.461621453584112
3885.6,12.043407394293215
3885.8,10.812594235819855
3886.0,10.596085812704068
3886.2,11.928566496625674
3886.4,12.247179551069074
3886.6,12.095401733647549
3886.8,12.62435306976445
3887.0,12.025787438259963
3887.2,11.660661778521389
3887.4,10.460006562148312
3887.6,10.672127726818808
3887.8,12.115967117989532
3888.0,12.190055312509706
3888.2,11.602072663076008
3888.4,13.242785475178662
3888.6,11.730561300611537
3888.8,12.108458347735539
3889.0,11.804386811726788
3889.2,11.710184344920233
3889.4,12.860926659790167
3889.6,11.686415143391468
3889.8,10.922963516741653
3890.0,11.815515540158966
3890.2,11.110876233471487
3890.4,12.414926600962083
3890.6,10.34080383510933
3890.8,10.763396220224896
3891.0,11.765452877439769
3891.2,12.865518697353695
3891.4,13.442829875523291
3891.6,13.3986414978991
3891.8,12.721245856648313
3892.0,12.004150458957767
3892.2,11.342224215839874
3892.4,10.293192059044298
3892.6,9.80111904208492
3892.8,9.859346798583779
3893.0,9.859903530727461
3893.2,9.848123040954976
3893.4,9.717944992908794
3893.6,10.444308818053386
3893.8,11.041822720534922
3894.0,12.363865359920927
3894.2,13.111680082764485
3894.4,12.434718551497356
3894.6,11.981611926019715
3894.8,11.959234396764153
3895.0,13.010489026393092
3895.2,13.25652574403479
3895.4,12.669076837234494
3895.6,13.079664673135818
3895.8,13.851038792810979
3896.0,12.231263691995357
3896.2,11.994885618687372
3896.4,11.204261660564024
3896.6,10.875159008418924
3896.8,11.628141864224144
3897.0,11.35249174404648
3897.2,12.37067136943888
3897.4,11.86344763660693
3897.6,13.80527841377868
3897.8,11.326352790362629
3898.0,10.967057469410474
3898.2,11.486180478541645
3898.4,11.620794553930242
3898.6,10.759365726258036
3898.8,11.42241494857677
3899.0,10.490600327203715
3899.2,10.299725057711166
3899.4,10.05212412817588
3899.6,10.876844594764947
3899.8,11.098126131177143
3900.0,10.671393119901344
3900.2,11.752225429347858
3900.4,11.04843883835345
3900.6,10.64875755848405
3900.8,11.57683235001327
3901.0,10.62337662366609
3901.2,11.076207221452703
3901.4,11.15543510461486
3901.6,10.912681175657283
3901.8,9.6182826880241
3902.0,11.221274518407522
3902.2,12.567252841474048
3902.4,12.853248159012093
3902.6,12.173616437270198
3902.8,10.522992011719
3903.0,10.099069686842705
3903.2,10.162767506933992
3903.4,9.995256907745935
3903.6,9.563732074740633
3903.8,10.832866504949784
3904.0,10.61159030555769
3904.2,10.09509122422094
3904.4,10.160373579078382
3904.6,10.792135816902562
3904.8,9.798553430604947
3905.0,9.953837863122105
3905.2,9.853105491765529
3905.4,10.004054138510025
3905.6,10.009031815705175
3905.8,10.683818009018626
3906.0,10.735771644345286
3906.2,10.784181080627611
3906.4,11.408633111622844
3906.6,11.702473998612158
3906.8,12.089695828529667
3907.0,11.537556879173671
3907.2,11.469329334153173
3907.4,12.410749079010897
3907.6,11.338195713385941
3907.8,12.124291966793223
3908.0,11.43167079553338
3908.2,11.682926367931623
3908.4,11.836146576263314
3908.6,12.616214453172514
3908.8,12.532513577424647
3909.0,12.393522639671549
3909.2,11.074489179723788
3909.4,13.316769689301744
3909.6,13.676999031353397
3909.8,15.47458377711382
3910.0,14.039463633598523
3910.2,12.056162376542028
3910.4,11.669409210589372
3910.6,12.037770555881494
3910.8,13.239577083257943
3911.0,12.210108574824599
3911.2,12.247625982456045
3911.4,12.657202473474577
3911.6,12.406846406570288
3911.8,12.931942096361324
3912.0,13.169415691097976
3912.2,12.689390508967284
3912.4,13.929523428526075
3912.6,11.849594572370332
3912.8,12.514954331781748
3913.0,10.610710752983914
3913.2,10.189315206272154
3913.4,11.726489090385124
3913.6,11.546554554784132
3913.8,10.577445728002877
3914.0,10.995591844745293
3914.2,10.562056807877791
3914.4,10.71390947186089
3914.6,11.763232221691613
3914.8,11.399950964840963
3915.0,11.869330880042025
3915.2,11.600846757062659
3915.4,12.246976427370758
3915.6,12.317884426242504
3915.8,12.3081611371572
3916.0,12.047236805686904
3916.2,11.65648818081232
3916.4,13.874670087222293
3916.6,14.11640878381576
3916.8,13.340450803712526
3917.0,12.322150551025068
3917.2,13.630544090982259
3917.4,13.242343644626537
3917.6,13.798197341820265
3917.8,13.013226818353974
3918.0,12.64118971131355
3918.2,13.468705113311053
3918.4,13.40862766839081
3918.6,12.445172403302147
3918.8,11.283070848399301
3919.0,13.243698732488195
3919.2,13.12279682510352
3919.4,13.00986013619929
3919.6,11.670106393754654
3919.8,13.6918432052534
3920.0,13.514403108020801
3920.2,13.195644029451277
3920.4,14.259022048418474
3920.6,13.502362562548115
3920.8,11.913760460162777
3921.0,11.211732049229843
3921.2,11.331080598188741
3921.4,11.619273192963377
3921.6,11.983570928486134
3921.8,13.043383522560516
3922.0,13.479683500341208
3922.2,11.573246568046402
3922.4,10.888901266319104
3922.6,12.95988240263258
3922.8,11.504612929893307
3923.0,10.529599016716926
3923.2,10.42831640328293
3923.4,10.905859563391473
3923.6,12.79614964619869
3923.8,13.19560938322997
3924.0,13.402701132380962
3924.2,13.1067586492232
3924.4,13.295669698672995
3924.6,13.226690611138288
3924.8,13.776798134262858
3925.0,13.919916936725645
3925.2,13.167540596363267
3925.4,12.780963437205543
3925.6,13.127802517172913
3925.8,12.501249235155392
3926.0,11.318561302244737
3926.2,12.485349268760004
3926.4,10.722336917501128
3926.6,10.931622924710469
3926.8,10.640003826551387
3927.0,11.078744946381311
3927.2,10.895689697910884
3927.4,10.29103254424858
3927.6,10.269396237380924
3927.8,11.214237471971282
3928.0,10.52285540387436
3928.2,11.047767908954878
3928.4,10.814739604300364
3928.6,10.332059896808305
3928.8,10.596658475896398
3929.0,10.276074582490208
3929.2,10.657015154547496
3929.4,10.041339415447316
3929.6,10.386914565060316
3929.8,11.129859877906476
3930.0,10.998660771795219
3930.2,11.307777701209528
3930.4,11.59524717339782
3930.6,11.325618962878696
3930.8,10.74876956935098
3931.0,11.769819948261606
3931.2,11.882309520682476
3931.4,11.484843905809647
3931.6,11.628989481712651
3931.8,11.77788553344728
3932.0,12.08585860271623
3932.2,12.756156068210277
3932.4,13.049065314026896
3932.6,12.709741044453473
3932.8,11.880663967450042
3933.0,13.88306992385857
3933.2,14.218573610937161
3933.4,13.635329845747126
3933.6,12.948603139964147
3933.8,13.121160329856579
3934.0,11.853201018650854
3934.2,12.512376696189875
3934.4,12.81619279953362
3934.6,12.28851372114866
3934.8,12.593320925646589
3935.0,12.418757579827322
3935.2,13.006941948173804
3935.4,12.6800818064244
3935.6,12.965515625708226
3935.8,13.504922232437055
3936.0,13.02500715743137
3936.2,13.168440618617176
3936.4,12.624932379697775
3936.6,12.667894172893693
3936.8,11.974644408850754
3937.0,11.689303907439214
3937.2,13.425347619524095
3937.4,13.303463466985876
3937.6,13.461275037408303
3937.8,12.889769016227495
3938.0,13.205823240614599
3938.2,12.478108749964015
3938.4,12.243878975371135
3938.6,12.070239990078633
3938.8,13.282899832919332
3939.0,14.407713098539316
3939.2,13.189588244079623
3939.4,12.230407284132996
3939.6,12.183384045003612
3939.8,12.075064195670112
3940.0,11.612272897152033
3940.2,12.64151834135468
3940.4,13.324189575869113
3940.6,13.251368730771944
3940.8,12.881374501556966
3941.0,12.022482424325652
3941.2,11.587714669822457
3941.4,12.771285904649847
3941.6,13.537541446618953
3941.8,13.779048662086895
3942.0,13.591219036487342
3942.2,14.16320771332622
3942.4,14.753771372766284
3942.6,13.458799562115107
3942.8,14.272848846543901
3943.0,14.285207453109978
3943.2,13.416289398037621
3943.4,13.654472998515534
3943.6,13.271905379427363
3943.8,11.187480929184055
3944.0,12.27381712067893
3944.2,12.000101026950361
3944.4,12.72788615772113
3944.6,13.498262385379352
3944.8,12.38882171767235
3945.0,11.229112316590072
3945.2,11.493899908884655
3945.4,11.183432497771522
3945.6,10.995139131826239
3945.8,10.929036172295639
3946.0,11.053314231925988
3946.2,10.303864772559892
3946.4,10.820672483578486
3946.6,10.338632236624843
3946.8,10.320340716985806
3947.0,10.550865115120871
3947.2,10.523134184429232
3947.4,10.879771310899127
3947.6,10.606942513422952
3947.8,11.282529251031601
3948.0,11.368744606334648
3948.2,10.673342018644451
3948.4,10.793511505272805
3948.6,10.420787922291147
3948.8,10.175759347325554
3949.0,10.340806320584594
3949.2,10.151402055996055
3949.4,10.335365932076954
3949.6,10.369597231584935
3949.8,10.161114941601316
3950.0,10.288926356095072
3950.2,10.061101402904534
3950.4,10.284308478086414
3950.6,10.300386549631327
3950.8,10.878112271514151
3951.0,10.638519762093937
3951.2,10.287674520899095
3951.4,10.38110567181426
3951.6,10.456267894242163
3951.8,10.634600831157552
3952.0,10.176143455093742
3952.2,10.492826363432293
3952.4,10.21864247736718
3952.6,10.208212382781872
3952.8,10.248523501238232
3953.0,10.098202146778608
3953.2,9.909727478329813
3953.4,9.623198639890516
3953.6,10.081743160987324
3953.8,10.410755756876178
3954.0,10.355099468286992
3954.2,10.036584771267965
3954.4,10.36279181165046
3954.6,10.267278406564033
3954.8,10.704565718968455
3955.0,10.86363154590287
3955.2,10.31962952087816
3955.4,10.52016084485662
3955.6,10.40407397947455
3955.8,10.186630333403794
3956.0,10.26076753828416
3956.2,10.058123725352067
3956.4,10.738071026256403
3956.6,10.318176979094398
3956.8,10.63342202664888
3957.0,9.980632863850484
3957.2,9.31083510832594
3957.4,9.160855930426688
3957.6,9.218902200080032
3957.8,9.298050741181484
3958.0,10.025792703328078
3958.2,9.338953900005224
3958.4,9.505009116775039
3958.6,10.476084324062867
3958.8,10.356825316005757
3959.0,10.261262730636371
3959.2,10.031483676540034
3959.4,9.957887749012919
3959.6,10.105923132290089
3959.8,10.506854394046513
3960.0,9.714235023875567
3960.2,9.791392515519927
3960.4,10.005715976775363
3960.6,9.942778855027047
3960.8,10.697441405512908
3961.0,10.177980341534534
3961.2,9.562660956916018
3961.4,9.79550713377661
3961.6,9.739185783854902
3961.8,9.82434976011416
3962.0,10.105186402123605
3962.2,9.80396214822747
3962.4,10.107704152458862
3962.6,10.582359943385324
3962.8,9.92361436249551
3963.0,10.465039718057978
3963.2,10.793829009333907
3963.4,10.752309759346058
3963.6,10.884058130466848
3963.8,10.293106001492522
3964.0,11.209003393164949
3964.2,11.394513335943676
3964.4,11.082814860600042
3964.6,11.126837323995007
3964.8,10.947868438864843
3965.0,11.363981663803147
3965.2,11.589586725062812
3965.4,11.371313126008815
3965.6,11.51516647592624
3965.8,11.479830006001324
3966.0,11.339156414039962
3966.2,10.936681467913408
3966.4,11.099539305633755
3966.6,10.785767952476938
3966.8,10.518525944358291
3967.0,11.079580955119717
3967.2,10.889898719969324
3967.4,10.972810439985158
3967.6,11.33289412861495
3967.8,10.947101689272715
3968.0,10.29648577262309
3968.2,10.834211131968365
3968.4,10.326015444853201
3968.6,10.376771636272785
3968.8,10.95851836974541
3969.0,10.893878679540778
3969.2,10.505469522148838
3969.4,10.381903383952679
3969.6,10.701874022004375
3969.8,10.746508637340426
3970.0,10.290958128496051
3970.2,10.633729342693321
3970.4,11.187168048040789
3970.6,10.379713289720314
3970.8,10.353078570799248
3971.0,10.454656063604533
3971.2,10.07842528078151
3971.4,10.684443710444299
3971.6,10.614062291825494
3971.8,10.088709089061709
3972.0,10.51380692482809
3972.2,10.054495222107587
3972.4,10.163816469927703
3972.6,9.572600526621576
3972.8,9.992644660162483
3973.0,10.696467384273438
3973.2,10.100006893104753
3973.4,10.05399681229008
3973.6,10.340976065361826
3973.8,10.413516172297946
3974.0,11.011703448187529
3974.2,11.131972835142815
3974.4,10.519265932368558
3974.6,11.069127386426425
3974.8,10.681802002226966
3975.0,11.252378843413995
3975.2,10.92823824017049
3975.4,11.196958344307221
3975.6,10.651762978083026
3975.8,10.893849560064195
3976.0,10.338295711660496
3976.2,10.577973527603852
3976.4,10.475316236222177
3976.6,10.927362819187824
3976.8,10.40392581840144
3977.0,10.533741860558996
3977.2,10.462519807511574
3977.4,10.775853060906638
3977.6,11.00435901188387
3977.8,11.119324353705961
3978.0,11.049989245530412
3978.2,11.088872052455656
3978.4,11.1480735968981
3978.6,11.51003166716521
3978.8,11.620169915213355
3979.0,11.693753210364745
3979.2,11.376665063167604
3979.4,11.115019664806171
3979.6,10.926227100937695
3979.8,11.205371072031989
3980.0,11.371730495275983
3980.2,11.0057590452792
3980.4,11.021418054345295
3980.6,11.02011894365244
3980.8,11.69191834585228
3981.0,10.944125589218416
3981.2,10.50841705438395
3981.4,10.802561577893783
3981.6,10.869301906480919
3981.8,10.530594975806673
3982.0,10.866650800141457
3982.2,11.061141949456665
3982.4,11.497115169262297
3982.6,11.501005054436735
3982.8,11.317522776982425
3983.0,10.97627442439391
3983.2,11.339742943934477
3983.4,10.460973303885908
3983.6,10.973015258000935
3983.8,10.762168855426964
3984.0,11.137405500755955
3984.2,11.319046920711415
3984.4,11.075663287090034
3984.6,11.146969038986407
3984.8,10.787954463713698
3985.0,11.042289327781866
3985.2,10.688354570789375
3985.4,10.81892528844083
3985.6,10.712785348450627
3985.8,10.489946574415734
3986.0,10.066154626504172
3986.2,10.35563180166407
3986.4,9.610558657872335
3986.6,9.864186404428901
3986.8,9.393022790824011
3987.0,9.168710766586228
3987.2,10.221710726936804
3987.4,10.087763399231587
3987.6,9.685141352703035
3987.8,9.718317687646868
3988.0,9.61514187405956
3988.2,9.543234847667962
3988.4,9.833072444363834
3988.6,9.939809094775557
3988.8,10.145085745508297
3989.0,9.974445691836989
3989.2,10.075053791707177
3989.4,9.670401477145488
3989.6,9.603006412385573
3989.8,9.429529456632354
3990.0,10.413698612871157
3990.2,9.879502847586675
3990.4,10.649920993176952
3990.6,10.425488277155193
3990.8,11.395179840908991
3991.0,10.94720875089921
3991.2,11.510443726574861
3991.4,11.417461427634352
3991.6,11.05535658682471
3991.8,11.373918726055908
3992.0,10.806153657665156
3992.2,10.624799794273683
3992.4,10.50094315114362
3992.6,10.335665697710585
3992.8,9.95989376380156
3993.0,10.911434242510419
3993.2,10.02817528343902
3993.4,9.744356642606819
3993.6,10.329587907345868
3993.8,10.411627095703382
3994.0,10.295179196999358
3994.2,10.174878758260583
3994.4,10.04986800570473
3994.6,10.12079006587599
3994.8,10.007756777372528
3995.0,10.210087145432746
3995.2,10.733686821473764
3995.4,10.863005555845529
3995.6,11.644934786686514
3995.8,10.590392680003845
3996.0,10.538897762467425
3996.2,10.611292999270727
3996.4,10.497538381329228
3996.6,10.483320705699049
3996.8,11.054688248415301
3997.0,10.580484816124667
3997.2,10.654736383144916
3997.4,10.96957996898692
3997.6,10.481248260780188
3997.8,10.730468499501162
3998.0,11.318831478760988
3998.2,10.998482109524561
3998.4,11.18037879506156
3998.6,11.138216672699881
3998.8,11.293011676246596
3999.0,11.173837484460229
3999.2,11.938747572092794
3999.4,12.909370900560686
3999.6,11.533621105095715
3999.8,13.622662385418172
4000.0,12.855903918796576
4000.2,12.513065142340054
4000.4,12.68616011668617
4000.6,11.934050724092568
4000.8,11.877492341043617
4001.0,12.233733001991691
4001.2,11.734870341239672
4001.4,12.147082356295497
4001.6,11.429622109125539
4001.8,10.854346490311801
4002.0,11.586067097351805
4002.2,11.889168124488448
4002.4,12.175561831759637
4002.6,11.30759428076088
4002.8,11.040130152378655
4003.0,12.229141829991697
4003.2,11.128202802756487
4003.4,10.823701842687614
4003.6,10.987158012009566
4003.8,10.776774257911688
4004.0,10.88734631001708
4004.2,11.015686284955478
4004.4,11.153779960423776
4004.6,11.234655805925
4004.8,10.208566742867838
4005.0,10.83075293867299
4005.2,10.800922911259843
4005.4,11.835496545567105
4005.6,10.951708112172298
4005.8,11.279964836741287
4006.0,11.27864796355835
4006.2,11.404154680503309
4006.4,10.910732929559106
4006.6,11.228910593984624
4006.8,11.522381173731521
4007.0,12.631791790017248
4007.2,12.18350867107095
4007.4,11.728662383078671
4007.6,11.426760953632115
4007.8,11.634227782765631
4008.0,12.20511361933804
4008.2,12.183855497771914
4008.4,12.805057539560686
4008.6,12.660310484608617
4008.8,11.917054429297405
4009.0,11.554216132064024
4009.2,11.304777526098267
4009.4,11.054400986749396
4009.6,11.664181984261411
4009.8,10.702409725440521
4010.0,11.778487541999903
4010.2,11.145916917881028
4010.4,11.186499051358824
4010.6,10.453076077027102
4010.8,10.676982596774192
4011.0,10.226473805273548
4011.2,10.811650737446088
4011.4,10.518765045181855
4011.6,11.017869002323582
4011.8,10.532656438551594
4012.0,10.510454138386159
4012.2,10.712950332306745
4012.4,11.124861283367004
4012.6,10.392425223947619
4012.8,11.03273247460346
4013.0,11.584941545220905
4013.2,11.193319437064325
4013.4,11.361223439612258
4013.6,11.653684918490505
4013.8,11.402236698212816
4014.0,11.39481815706162
4014.2,10.89084647744003
4014.4,11.81899219996754
4014.6,11.434822289498154
4014.8,11.773021804130169
4015.0,11.072466498353954
4015.2,10.784454468344611
4015.4,11.32453852548388
4015.6,11.744572826728408
4015.8,11.29947719049512
4016.0,11.459193634087118
4016.2,12.003353526062003
4016.4,11.652849417391224
4016.6,11.985362276754682
4016.8,11.92561281532003
4017.0,12.50243865161239
4017.2,11.359017476082236
4017.4,11.239819911980467
4017.6,11.098783020570195
4017.8,10.613058663320507
4018.0,11.05636626024435
4018.2,11.619693012895167
4018.4,11.599324075968727
4018.6,11.960814930296685
4018.8,12.062282813832754
4019.0,11.5656729078488
4019.2,10.877313032822144
4019.4,10.295706122933224
4019.6,11.038457039487831
4019.8,11.248168542210468
4020.0,10.623473626379473
4020.2,11.325488035572226
4020.4,11.052482557218484
4020.6,11.03582449549506
4020.8,10.785792662577492
4021.0,10.528693072741452
4021.2,10.83999738274024
4021.4,10.620467995137247
4021.6,10.243213600762433
4021.8,10.389487642234052
4022.0,10.575384969611253
4022.2,11.482535156189828
4022.4,12.04786189782967
4022.6,12.029368277226073
4022.8,11.930333853352025
4023.0,11.537023244052655
4023.2,12.281719879824355
4023.4,12.84888149554324
4023.6,11.453098113319022
4023.8,11.721840364858075
4024.0,11.416539331131512
4024.2,12.213358292644696
4024.4,11.876533161250062
4024.6,11.447275999429937
4024.8,11.477453306366609
4025.0,12.02613891989934
4025.2,12.129618087345545
4025.4,11.528682486024033
4025.6,11.527983598583806
4025.8,11.778702679992708
4026.0,11.163082912194579
4026.2,11.338689568342337
4026.4,12.75670128898635
4026.6,12.099333313183926
4026.8,10.811021241336691
4027.0,11.017756804875592
4027.2,10.312805668085591
4027.4,11.24150191282694
4027.6,10.864773583446654
4027.8,11.145430009258865
4028.0,11.435691066447614
4028.2,11.3933025792858
4028.4,11.904743403511954
4028.6,11.88107158626205
4028.8,11.645516827931342
4029.0,12.086021587084732
4029.2,11.136080974515226
4029.4,10.512122815185363
4029.6,10.81096023801613
4029.8,10.543188272830763
4030.0,11.51401643960442
4030.2,11.469011201163521
4030.4,11.089041694017016
4030.6,11.601791345472796
4030.8,11.16926565747374
4031.0,10.840264664053452
4031.2,10.172346325692516
4031.4,10.321723142984089
4031.6,10.205728307417798
4031.8,9.960311162859627
4032.0,9.410811710701868
4032.2,9.90900079126319
4032.4,10.329614869725912
4032.6,10.033755898585323
4032.8,9.64983622461639
4033.0,9.739341331280446
4033.2,9.68608856665708
4033.4,10.295837413508869
4033.6,10.276582905411384
4033.8,9.733361278345267
4034.0,9.956466938414156
4034.2,9.914656091430682
4034.4,9.57593090220655
4034.6,9.477026436728357
4034.8,9.854008148747393
4035.0,9.786464811644707
4035.2,9.829126696349334
4035.4,9.643658598190724
4035.6,9.80594064956681
4035.8,9.856868073303795
4036.0,9.105769840701164
4036.2,9.23116136667624
4036.4,9.490827008305464
4036.6,9.539838255360056
4036.8,9.612747542269586
4037.0,10.153687968773465
4037.2,10.14624709986868
4037.4,9.732077154805108
4037.6,9.661044378978655
4037.8,9.97187476718944
4038.0,9.85596369327924
4038.2,9.37936603626845
4038.4,9.555347584746407
4038.6,10.11853300173131
4038.8,10.324626550777174
4039.0,10.481964612621425
4039.2,10.213355367152786
4039.4,9.689454130428253
4039.6,10.073990783719111
4039.8,9.915258494278948
4040.0,10.018600623289274
4040.2,10.130576359782298
4040.4,10.007477253303051
4040.6,9.4165943673328
4040.8,9.434299145489174
4041.0,9.599357832516214
4041.2,9.707291071061345
4041.4,9.48767258651963
4041.6,9.922285042771975
4041.8,9.498760216507533
4042.0,10.243158756679755
4042.2,10.041649334142695
4042.4,9.950459961898105
4042.6,10.151128210557134
4042.8,10.138973544297023
4043.0,10.189441981955383
4043.2,9.71871851068064
4043.4,10.043372320655916
4043.6,9.896104795591214
4043.8,9.93242229935782
4044.0,9.994665193604884
4044.2,10.260711756736553
4044.4,9.878722709883336
4044.6,9.85571753101999
4044.8,10.010295693489713
4045.0,9.917908561999273
4045.2,9.809211453335786
4045.4,10.230051444536537
4045.6,10.349453929005271
4045.8,10.353865734453054
4046.0,9.916552892827069
4046.2,9.912610809278151
4046.4,10.249795811770415
4046.6,10.082472390660378
4046.8,9.823390275340946
4047.0,9.988065614599172
4047.2,10.117667291848447
4047.4,9.911799649024397
4047.6,10.169667943474067
4047.8,10.188167225651885
4048.0,10.358817908931515
4048.2,10.620788039853474
4048.4,9.763000692854186
4048.6,9.865005205311014
4048.8,10.404572303239416
4049.0,10.099648641046645
4049.2,9.97297304335145
4049.4,9.94809051970449
4049.6,9.985487974407075
4049.8,10.131218471783011
4050.0,10.1281130789954
4050.2,10.328537917890115
4050.4,10.54011558198903
4050.6,10.413268521745591
4050.8,10.191760023285967
4051.0,10.116319390547051
4051.2,10.130060512231152
4051.4,10.101622836757604
4051.6,10.27823125063129
4051.8,10.123674434136438
4052.0,9.635125291339408
4052.2,9.903276103654635
4052.4,9.47805262768344
4052.6,10.00384668844027
4052.8,9.804151028660232
4053.0,9.875741759862219
4053.2,9.653333736320338
4053.4,9.94826920182312
4053.6,10.014562901532436
4053.8,10.332807218220259
4054.0,9.439372238755201
4054.2,9.82902333202556
4054.4,9.85060413038824
4054.6,10.625443270636223
4054.8,9.851344642304966
4055.0,9.318941286332503
4055.2,10.024558094236784
4055.4,10.012133809375426
4055.6,9.71593643398951
4055.8,9.936683611938646
4056.0,9.67278273079034
4056.2,9.67464343291929
4056.4,9.828597153465847
4056.6,10.074912995734133
4056.8,9.853533796323386
4057.0,9.89323804828858
4057.2,9.833056801512255
4057.4,10.047694923872905
4057.6,10.021774419391413
4057.8,10.179522592876229
4058.0,9.919553489495543
4058.2,9.879900773920697
4058.4,9.828254927269333
4058.6,9.948595751427208
4058.8,10.012554799822995
4059.0,10.45407049024136
4059.2,9.928298059538104
4059.4,9.698266658654179
4059.6,9.592308211524132
4059.8,9.333299133299143
4060.0,9.382465844521944
4060.2,9.476482989743355
4060.4,9.125825300628753
4060.6,9.135500515995146
4060.8,8.824310549911376
4061.0,8.758450837780213
4061.2,8.846392484258033
4061.4,9.099735025658308
4061.6,9.201057771791564
4061.8,9.418918640901527
4062.0,9.772052703682398
4062.2,10.026559894935815
4062.4,10.134333713381036
4062.6,10.08857806099597
4062.8,9.737709696239339
4063.0,9.647043761432085
4063.2,9.784613784446085
4063.4,9.966279319254449
4063.6,9.589464279080108
4063.8,9.850805419924324
4064.0,9.613919416457511
4064.2,9.753092981603587
4064.4,10.337339257543599
4064.6,10.10304197150239
4064.8,9.814114033601353
4065.0,9.73216700240627
4065.2,9.857571880319982
4065.4,10.122335434749361
4065.6,9.84106291100151
4065.8,9.785582057643067
4066.0,9.949236850881908
4066.2,10.104847391973774
4066.4,10.241221431769347
4066.6,9.706086245730818
4066.8,10.255526753711665
4067.0,9.783426271903963
4067.2,9.849892912725824
4067.4,9.90727723448958
4067.6,9.932740080139338
4067.8,9.849930574257883
4068.0,9.495093961457234
4068.2,9.267147570337958
4068.4,9.431641832338823
4068.6,9.965708559053862
4068.8,9.491523200799342
4069.0,9.445556394440656
4069.2,9.302826313265989
4069.4,9.299330813528211
4069.6,9.458844259074478
4069.8,9.339534338755545
4070.0,9.267275667343688
4070.2,9.415656087527871
4070.4,9.708341649075393
4070.6,9.646719908769958
4070.8,9.31587014519085
4071.0,9.73968625298142
4071.2,9.500522323843546
4071.4,9.607272421636345
4071.6,9.330871436046342
4071.8,9.780678288150654
4072.0,10.273181096735469
4072.2,9.72971250558556
4072.4,9.495819890344677
4072.6,9.47929471410584
4072.8,10.135321619811272
4073.0,10.387527605824069
4073.2,10.858908502656092
4073.4,11.809458707739628
4073.6,11.084515825020965
4073.8,11.245958152816094
4074.0,11.59095693072153
4074.2,11.341276269261044
4074.4,10.801392058329156
4074.6,9.85063608799131
4074.8,9.305635354749732
4075.0,9.781827088302546
4075.2,9.363920193284972
4075.4,9.235973782427573
4075.6,9.168259384962745
4075.8,9.426395053551893
4076.0,9.974354516097936
4076.2,9.803495948680128
4076.4,11.11853321253008
4076.6,10.181362416344564
4076.8,10.081726435743867
4077.0,9.490454155765505
4077.2,9.648711864099743
4077.4,10.13687839067066
4077.6,10.352782185827667
4077.8,10.520944330792709
4078.0,10.826409083902508
4078.2,10.850295293939244
4078.4,10.195290656583694
4078.6,11.027085795343282
4078.8,11.537843348400017
4079.0,11.180699417677237
4079.2,11.969334909708513
4079.4,10.151377726023549
4079.6,10.137483797413282
4079.8,9.764595210906768
4080.0,9.900381195260508
4080.2,10.327318425765286
4080.4,10.650662400855683
4080.6,10.434564850004515
4080.8,10.921389875017695
4081.0,11.796203121584528
4081.2,10.962884980299075
4081.4,10.276161742846988
4081.6,10.25535697560244
4081.8,11.3268628114106
4082.0,11.605571918103992
4082.2,10.712172670703186
4082.4,11.139877592467553
4082.6,11.39195006257425
4082.8,11.331357939525304
4083.0,11.188670338916554
4083.2,11.486198778190506
4083.4,11.412795346647277
4083.6,11.14615734583998
4083.8,11.71363632613011
4084.0,11.494881116814135
4084.2,11.365683421060638
4084.4,10.690590956116978
4084.6,10.365212139532606
4084.8,11.58362088583528
4085.0,12.244151195551146
4085.2,11.803859867822528
4085.4,11.896105510266127
4085.6,11.815997308128557
4085.8,11.356165505894836
4086.0,11.356929017195123
4086.2,10.754753115673045
4086.4,10.631192979792317
4086.6,10.874701100520054
4086.8,11.690868695768843
4087.0,11.79889873091879
4087.2,10.793168032591447
4087.4,11.01945411532278
4087.6,11.715561588685787
4087.8,12.184217963033506
4088.0,11.774882147068437
4088.2,10.818540130686813
4088.4,11.89419377638882
4088.6,12.188469845079243
4088.8,12.301405566727599
4089.0,12.359921001549495
4089.2,12.254686591617416
4089.4,12.542121650674469
4089.6,10.751098120981936
4089.8,11.242607712353676
4090.0,12.261028727643817
4090.2,11.99441653496259
4090.4,11.489606651451261
4090.6,11.531627215965969
4090.8,12.051293234883278
4091.0,12.250303531084946
4091.2,13.074693681228453
4091.4,12.113774622881923
4091.6,12.953619239637073
4091.8,12.148308661616188
4092.0,11.677816603130864
4092.2,11.33106476430349
4092.4,11.781552988836602
4092.6,11.711629009362417
4092.8,11.539894101511141
4093.0,12.717027464462731
4093.2,12.960698947012064
4093.4,12.194264528009462
4093.6,10.715221927998957
4093.8,9.965964978915679
4094.0,10.901036150397887
4094.2,10.438566582143983
4094.4,9.720018597677512
4094.6,10.009515512494282
4094.8,10.178672156098598
4095.0,11.132541891243758
4095.2,12.644683045010048
4095.4,12.227221901433815
4095.6,13.235463929722151
4095.8,15.346972488363129
4096.0,14.753200674007957
4096.2,15.487826593586716
4096.4,14.486711583595934
4096.6,14.037859592474238
4096.8,13.616099296659034
4097.0,14.381072041443566
4097.2,13.681541895934204
4097.4,13.99649831694919
4097.6,14.178724626548751
4097.8,14.381523071176389
4098.0,14.859155224438204
4098.2,14.465043998655025
4098.4,14.037003603622114
4098.6,15.55228172370082
4098.8,16.105686408802455
4099.0,15.849237479342213
4099.2,15.357228217573624
4099.4,15.025568929964646
4099.6,15.150668346630198
4099.8,14.217879371405173
4100.0,13.47469949204048
4100.2,13.307834679689407
4100.4,13.545448244304385
4100.6,14.939017019257403
4100.8,13.946357462754488
4101.0,12.94482847448452
4101.2,13.894771953208203
4101.4,14.465373309413536
4101.6,14.88834760275828
4101.8,14.18140400749174
4102.0,14.57474980759481
4102.2,13.163138754514188
4102.4,13.903802236375725
4102.6,14.989281176600649
4102.8,14.496691485714944
4103.0,14.937982367332216
4103.2,15.684845806185661
4103.4,14.515294985380072
4103.6,14.304590727187716
4103.8,15.234928025287108
4104.0,14.71212972884052
4104.2,15.36086776184366
4104.4,14.898857865239865
4104.6,14.4175526565572
4104.8,13.002888163053129
4105.0,13.025539565500281
4105.2,13.557338607549354
4105.4,12.282078286793116
4105.6,12.328474968974579
4105.8,10.922159489287305
4106.0,12.35595873003696
4106.2,12.06303093702047
4106.4,12.087029808894673
4106.6,11.773898677309925
4106.8,11.565629809778073
4107.0,11.76443149015742
4107.2,12.701409408707065
4107.4,12.806585408541961
4107.6,12.086151939785317
4107.8,10.879912781855685
4108.0,10.829379938780361
4108.2,10.537567560844227
4108.4,10.258442237851703
4108.6,10.776665630723627
4108.8,10.694319032177678
4109.0,10.583911384265619
4109.2,10.798524105140805
4109.4,10.180230583279616
4109.6,10.127744835449636
4109.8,11.54184788675986
4110.0,9.380910307705976
4110.2,10.30675000740671
4110.4,10.02926499411862
4110.6,10.209606372227602
4110.8,10.152146537573842
4111.0,10.295308823252423
4111.2,10.537009913067996
4111.4,11.763735715074205
4111.6,12.000762494589338
4111.8,12.266124147034896
4112.0,13.346391487804947
4112.2,14.037853890627073
4112.4,13.823313947706804
4112.6,12.677595682172328
4112.8,13.366861686563498
4113.0,12.354138550836796
4113.2,11.557731961744384
4113.4,11.638933871389307
4113.6,13.92873965921407
4113.8,14.318398762102598
4114.0,13.334538216142073
4114.2,13.950916789360168
4114.4,13.129741410723542
4114.6,14.580106437548146
4114.8,14.36507208112376
4115.0,13.737943535029087
4115.2,14.0061485321225
4115.4,14.294399194469793
4115.6,14.421593072867049
4115.8,14.269615605402123
4116.0,11.515098254226144
4116.2,13.302243944722914
4116.4,12.440509552319075
4116.6,12.170790771540839
4116.8,13.377845820914507
4117.0,14.756915828852978
4117.2,13.990133011144746
4117.4,13.126798943251604
4117.6,13.316072072432553
4117.8,12.894396292282114
4118.0,12.802922143296879
4118.2,12.796232031440207
4118.4,12.01054162208399
4118.6,13.573813322001765
4118.8,12.908534022104499
4119.0,14.000458394885925
4119.2,13.539629722231146
4119.4,13.341186048500397
4119.6,13.603040531791757
4119.8,13.481362737199023
4120.0,12.857604590698893
4120.2,13.844298985688809
4120.4,14.525221973532613
4120.6,12.386802034307742
4120.8,13.856339856822062
4121.0,12.474557260590583
4121.2,14.94038649832062
4121.4,13.987042375651148
4121.6,16.885121197805148
4121.8,16.50502592314005
4122.0,14.442529775947408
4122.2,13.185456247465222
4122.4,13.814375984060272
4122.6,14.244231182198192
4122.8,13.374190915155829
4123.0,14.725491309011801
4123.2,15.202940463235873
4123.4,15.120994720627575
4123.6,12.973782167595704
4123.8,12.429000978546327
4124.0,11.789021539300549
4124.2,11.422200636976829
4124.4,13.436793228312263
4124.6,14.618628120011705
4124.8,13.742802053007896
4125.0,13.517259469515562
4125.2,13.454143526837072
4125.4,13.276214584600423
4125.6,14.91036634874288
4125.8,11.868013828542388
4126.0,13.689177970322264
4126.2,16.37503783731599
4126.4,15.574678458249764
4126.6,15.12529129920011
4126.8,16.283019684652793
4127.0,15.113431071797132
4127.2,15.499915707969665
4127.4,15.758882634404884
4127.6,15.270617745079232
4127.8,17.149534627016035
4128.0,15.860217487216314
4128.2,14.888532069538925
4128.4,14.847283367522952
4128.6,14.657260498450846
4128.8,14.578356902899257
4129.0,12.322901184295823
4129.2,12.409877153991395
4129.4,13.607474026818844
4129.6,13.386590434726827
4129.8,13.07258807591861
4130.0,11.173260459898717
4130.2,10.649110005622353
4130.4,10.829969237310275
4130.6,10.938340351615912
4130.8,10.151678390956313
4131.0,10.550092238181424
4131.2,10.799262314431555
4131.4,10.896701102156248
4131.6,10.843218719052155
4131.8,10.903266029857004
4132.0,11.340748130481835
4132.2,10.982705027351354
4132.4,10.913963936785438
4132.6,10.801320133954492
4132.8,11.612909283722495
4133.0,10.80161766011722
4133.2,11.765843686738709
4133.4,11.275027520396872
4133.6,10.715746247087628
4133.8,10.553585500120118
4134.0,10.413548035257225
4134.2,10.847820685350237
4134.4,11.63856959518023
4134.6,11.259178723718009
4134.8,11.043540247010903
4135.0,11.010988916914
4135.2,11.01048867595809
4135.4,11.018622282641974
4135.6,11.154102052031941
4135.8,10.707233542448545
4136.0,10.568505665235326
4136.2,10.713387772213476
4136.4,10.657369661434231
4136.6,10.967274776968178
4136.8,10.663866467155785
4137.0,11.103190157881542
4137.2,10.526566975855427
4137.4,10.973581182222663
4137.6,10.949114467195265
4137.8,10.86753420878545
4138.0,10.783667516637172
4138.2,11.464893620643
4138.4,10.745442511521322
4138.6,10.440950044391993
4138.8,11.097957436947778
4139.0,11.202032175003536
4139.2,11.08074949745075
4139.4,10.771296625922332
4139.6,11.287152160802735
4139.8,10.395116775756641
4140.0,10.688282567928905
4140.2,10.38638908054866
4140.4,9.88602777885948
4140.6,10.887417645849848
4140.8,10.7086106473582
4141.0,11.608897501808977
4141.2,11.314835204582554
4141.4,11.423297458421288
4141.6,10.840894868940987
4141.8,10.798273059091423
4142.0,10.69508667763003
4142.2,10.187197491735356
4142.4,10.277893449238961
4142.6,11.366513455468318
4142.8,10.598163954975536
4143.0,10.382720247288482
4143.2,11.261817022126937
4143.4,10.933855373154152
4143.6,10.595903531017646
4143.8,11.086899758518552
4144.0,10.496589482949936
4144.2,10.5610681878803
4144.4,10.551195909090627
4144.6,10.321580083643262
4144.8,10.569817446315346
4145.0,10.402074044560411
4145.2,10.49870222498738
4145.4,10.865176216060108
4145.6,10.608037662072014
4145.8,10.90268671017915
4146.0,11.518676003686409
4146.2,10.926767036604996
4146.4,10.901695598983721
4146.6,11.401241416905162
4146.8,10.83196400714854
4147.0,11.069270828866106
4147.2,10.270882722912216
4147.4,9.712344635498704
4147.6,10.38603959562682
4147.8,12.073988201657448
4148.0,11.994918196013955
4148.2,11.919985889769602
4148.4,12.325968495745723
4148.6,11.26518164064386
4148.8,11.608521902507682
4149.0,11.104635440364362
4149.2,10.90563314573772
4149.4,12.944655908093374
4149.6,13.516432218323358
4149.8,13.21475820463603
4150.0,14.125139067149373
4150.2,15.029694392306617
4150.4,13.94767004118906
4150.6,12.530773854924703
4150.8,12.69712317569093
4151.0,14.065097364952177
4151.2,14.25545550141509
4151.4,14.391505502156134
4151.6,14.604578035863634
4151.8,13.866520682550618
4152.0,14.075747779327221
4152.2,13.644200132293687
4152.4,13.362083431822466
4152.6,12.931096046907777
4152.8,15.344799157940518
4153.0,15.727582489210207
4153.2,13.441047992858184
4153.4,13.949316471110325
4153.6,13.59329071576363
4153.8,13.802916595086073
4154.0,14.434491608947164
4154.2,14.687925924555255
4154.4,15.359661653469605
4154.6,16.538028558083894
4154.8,14.908259339686765
4155.0,15.333129988594031
4155.2,15.844817565564451
4155.4,15.39107980112798
4155.6,17.005632479127254
4155.8,16.683923337838948
4156.0,16.372013664097643
4156.2,15.969012573960288
4156.4,17.046868983893997
4156.6,16.515301379298716
4156.8,15.969953425370571
4157.0,14.350632238183996
4157.2,15.930617573089922
4157.4,13.868444652679976
4157.6,12.66670681095336
4157.8,13.755071723300809
4158.0,13.48714034036294
4158.2,15.779149132471428
4158.4,15.170395476845826
4158.6,15.413352997466948
4158.8,15.389955757603552
4159.0,14.046632645711703
4159.2,13.19961421455593
4159.4,13.868504788458779
4159.6,13.234113657734081
4159.8,12.150251387819328
4160.0,12.679822501659675
4160.2,13.12315776153488
4160.4,13.065137284770213
4160.6,14.71623200311308
4160.8,14.817497977425184
4161.0,14.376572135001428
4161.2,12.424927009018472
4161.4,12.162744048859826
4161.6,13.078928422942617
4161.8,12.177076072650726
4162.0,13.97867893704814
4162.2,13.517604107552913
4162.4,11.238692493620599
4162.6,12.472001836637343
4162.8,12.764958943386215
4163.0,12.532492731660078
4163.2,13.82681190785341
4163.4,12.867968500620893
4163.6,12.543997770512163
4163.8,13.626763927051513
4164.0,15.732829517390108
4164.2,15.16016918195934
4164.4,15.34486080831434
4164.6,13.533733418655494
4164.8,12.625633098319069
4165.0,12.804616612922942
4165.2,13.945029682848016
4165.4,15.537280319274362
4165.6,14.973495096548033
4165.8,14.749011977502937
4166.0,14.883781296047658
4166.2,16.09286149721065
4166.4,14.149400065513557
4166.6,12.79041165134566
4166.8,14.137844613415284
4167.0,13.64024899559994
4167.2,15.69293508133037
4167.4,14.563576129334079
4167.6,14.095085051039204
4167.8,12.474987744026176
4168.0,13.637455606385219
4168.2,13.762900026133266
4168.4,13.718840111580512
4168.6,13.835658792810312
4168.8,12.282141286538417
4169.0,12.726252098017115
4169.2,14.653284615060471
4169.4,15.09048947328915
4169.6,14.401871840207097
4169.8,12.893080770068803
4170.0,14.845754827491056
4170.2,13.005649994860741
4170.4,12.92548083617405
4170.6,12.123605231859129
4170.8,11.522961350030378
4171.0,11.392634346620316
4171.2,10.7554002667091
4171.4,11.402653695164018
4171.6,12.679102629431043
4171.8,11.988334827253848
4172.0,13.18677152073648
4172.2,12.73129652540983
4172.4,12.953097074201064
4172.6,13.315862444828868
4172.8,11.820988713933971
4173.0,11.604780710838904
4173.2,11.772982909256788
4173.4,10.980228368519217
4173.6,11.104979408367834
4173.8,11.22092065557775
4174.0,12.007008296490834
4174.2,12.154673751908726
4174.4,11.526878401349776
4174.6,11.476196110417515
4174.8,11.095886265769359
4175.0,11.359651934701251
4175.2,11.161840718986484
4175.4,11.128378913924701
4175.6,10.907794662127479
4175.8,11.47568590128763
4176.0,11.781621563895861
4176.2,11.83520499139641
4176.4,12.633805611906773
4176.6,12.72119600839385
4176.8,12.055204508914484
4177.0,12.72842849566701
4177.2,11.851525078924967
4177.4,12.802204154976966
4177.6,11.399999061452469
4177.8,13.084758067074935
4178.0,13.211985628515686
4178.2,12.969568963059535
4178.4,12.920351308165078
4178.6,12.406481318851242
4178.8,12.749242313466102
4179.0,11.658871943439891
4179.2,13.18079067144727
4179.4,14.21463481179517
4179.6,14.337657966663077
4179.8,13.833570019421835
4180.0,13.14631940339228
4180.2,12.809452470097272
4180.4,12.873879869577793
4180.6,12.544819357220282
4180.8,11.356964202030662
4181.0,14.395626171813372
4181.2,13.994741107286753
4181.4,12.927213308737777
4181.6,12.647938684266897
4181.8,12.90049674000758
4182.0,11.600858950206366
4182.2,11.255033100449497
4182.4,11.367717547684716
4182.6,12.290956433685267
4182.8,12.4478220312634
4183.0,12.599701279102417
4183.2,12.698360912586352
4183.4,12.052137366741633
4183.6,10.978676621135286
4183.8,11.225309269848944
4184.0,11.65078614001869
4184.2,11.011874169685527
4184.4,11.221541894710434
4184.6,11.88045404057908
4184.8,12.084122377219957
4185.0,12.199781999770693
4185.2,12.741794913878351
4185.4,12.729859026199792
4185.6,12.417897862906752
4185.8,12.868538633048674
4186.0,12.111246184429266
4186.2,12.025451765192
4186.4,10.854083609793397
4186.6,10.703563414266299
4186.8,11.552056398798676
4187.0,12.433004559911446
4187.2,14.639108165885172
4187.4,13.912336777963137
4187.6,13.513070060795172
4187.8,13.103495392740832
4188.0,15.71377210904543
4188.2,15.209882497497825
4188.4,13.691256372078616
4188.6,13.792444564182498
4188.8,12.962132656065746
4189.0,12.368867091038824
4189.2,11.86568907578004
4189.4,13.087443271489171
4189.6,14.421083120280223
4189.8,13.302722331569075
4190.0,12.467550407722578
4190.2,12.199045385004368
4190.4,11.645499934604471
4190.6,12.765104903447295
4190.8,11.259442324849221
4191.0,12.180941736942062
4191.2,10.84474424829497
4191.4,11.205420672378617
4191.6,11.504814839772173
4191.8,11.649108396610837
4192.0,11.786398022646388
4192.2,12.512813164368929
4192.4,11.128262314039583
4192.6,11.25105880372159
4192.8,11.666263780764634
4193.0,10.656576597080857
4193.2,10.4635664061255
4193.4,12.19507485227572
4193.6,12.03920322796024
4193.8,12.542918973522779
4194.0,12.650275729608474
4194.2,14.070033322286335
4194.4,14.73160772102538
4194.6,14.870088386422044
4194.8,15.781915513677555
4195.0,12.303081594641377
4195.2,12.376722772866785
4195.4,13.020854234229022
4195.6,13.096478110868667
4195.8,13.11635278328518
4196.0,13.191901575704232
4196.2,12.77188955111303
4196.4,13.853731287008573
4196.6,13.430150804265782
4196.8,13.319412988670752
4197.0,13.17571778646472
4197.2,13.467758581243077
4197.4,12.516409475384984
4197.6,12.667469263890931
4197.8,13.605854290482284
4198.0,13.847113924461144
4198.2,12.835438702659623
4198.4,12.461132688028343
4198.6,12.530803536447133
4198.8,12.909570030334299
4199.0,13.121829238879139
4199.2,13.054343865033019
4199.4,12.952427603748367
4199.6,13.019284851700801
4199.8,12.325042354122264
4200.0,13.9059707568439
4200.2,13.728901837977979
4200.4,12.498998614104696
4200.6,12.334409120030783
4200.8,14.184326417004556
4201.0,14.456619067854957
4201.2,14.488067950433184
4201.4,14.400617416763652
4201.6,13.825573802570172
4201.8,12.539328863926203
4202.0,13.157186951906683
4202.2,12.220807866923522
4202.4,12.247727173557397
4202.6,12.400412155904858
4202.8,12.709933973612316
4203.0,12.429754089663707
4203.2,13.185417749340298
4203.4,13.194516375205925
4203.6,12.148775909217996
4203.8,11.923166857006727
4204.0,11.955091333826607
4204.2,11.688846294976035
4204.4,12.799502578956183
4204.6,12.188067149113538
4204.8,11.726300686471117
4205.0,13.261574644819923
4205.2,12.882128888189206
4205.4,13.605370995434553
4205.6,12.65410091443151
4205.8,12.751694626081786
4206.0,12.3388493872875
4206.2,13.474832037213417
4206.4,12.797090646325513
4206.6,12.735056271484506
4206.8,11.684975353378764
4207.0,12.529096484768585
4207.2,13.596826199954767
4207.4,14.167004658768134
4207.6,12.676931345825906
4207.8,12.198422944053746
4208.0,12.868436811263695
4208.2,11.960664286799553
4208.4,12.34675166474152
4208.6,12.184270401917201
4208.8,12.790658629215919
4209.0,12.42957401793403
4209.2,13.056445144405963
4209.4,12.29407351069639
4209.6,12.179861998314607
4209.8,13.057852417650082
4210.0,13.502296354129511
4210.2,13.234464751811178
4210.4,13.1234115950619
4210.6,13.939818118638282
4210.8,12.333458506323185
4211.0,13.008409923046854
4211.2,13.024225687077507
4211.4,13.84536896384562
4211.6,13.694807091341659
4211.8,13.123337470265819
4212.0,13.008058430324482
4212.2,12.430835349307381
4212.4,13.225728173635504
4212.6,12.9295068462105
4212.8,13.464401365495313
4213.0,12.800733667443783
4213.2,13.023868999682557
4213.4,12.226155580908273
4213.6,12.29730774764798
4213.8,12.776128461458377
4214.0,12.567622753944791
4214.2,12.829573395052805
4214.4,13.551027201452193
4214.6,11.532164799038195
4214.8,12.047490932530543
4215.0,11.578514772893548
4215.2,11.466493745058388
4215.4,11.970519694040798
4215.6,11.65296062158512
4215.8,13.450522704775649
4216.0,13.152373234291268
4216.2,12.954840631316264
4216.4,12.27489974211451
4216.6,12.375779848308749
4216.8,12.922335212487335
4217.0,13.46016658684768
4217.2,13.382387094913907
4217.4,13.82446509707444
4217.6,13.52706896002189
4217.8,13.206100185216037
4218.0,14.682867798281773
4218.2,14.671380615820418
4218.4,14.995776069749585
4218.6,15.456674525023256
4218.8,14.335600545018707
4219.0,15.333384838098493
4219.2,13.656870090863581
4219.4,15.442039363853366
4219.6,15.466114615869802
4219.8,14.589153308519784
4220.0,14.198487580327875
4220.2,13.826842677524809
4220.4,14.370966739204398
4220.6,13.978653790202415
4220.8,12.574056802846531
4221.0,11.894304483609924
4221.2,12.635341668105134
4221.4,12.789899257518691
4221.6,13.59179137069021
4221.8,16.62984261165446
4222.0,14.958798963403614
4222.2,15.771022283296261
4222.4,15.928132443798098
4222.6,17.211046994180002
4222.8,16.616537221269706
4223.0,16.42110567294797
4223.2,16.745819458499327
4223.4,16.88005788519896
4223.6,15.846758841717214
4223.8,16.431037367516687
4224.0,16.782791478760817
4224.2,18.77937338441814
4224.4,17.58684114595187
4224.6,19.18372386768954
4224.8,19.216894904222908
4225.0,18.256141903444323
4225.2,19.06767880648378
4225.4,18.86597341278603
4225.6,18.380616423244685
4225.8,18.251474583986557
4226.0,16.996620422217656
4226.2,17.561133293385474
4226.4,18.605032601218078
4226.6,17.385152372389637
4226.8,18.085756374957576
4227.0,17.969158312034526
4227.2,16.704767910307186
4227.4,15.26578598111052
4227.6,15.316938958957518
4227.8,16.47664951953709
4228.0,17.3687186292302
4228.2,16.40855540288465
4228.4,15.356673966260477
4228.6,14.409920236301534
4228.8,14.914178452545944
4229.0,14.463093683521198
4229.2,13.745501732806575
4229.4,12.962907534498964
4229.6,11.455462694500934
4229.8,13.08168064342512
4230.0,12.796032790149992
4230.2,12.442158673691019
4230.4,13.578041436310226
4230.6,11.937990592099156
4230.8,12.427814838732784
4231.0,11.278365885022772
4231.2,10.86687782637627
4231.4,11.821592797393041
4231.6,12.185131431608518
4231.8,12.186402486333932
4232.0,13.061279453219655
4232.2,12.858564263976715
4232.4,11.274368142522997
4232.6,11.416949844563945
4232.8,10.49348203793624
4233.0,10.955269520523123
4233.2,11.317229494791043
4233.4,11.47993149428748
4233.6,11.173655974645257
4233.8,10.41612009841262
4234.0,11.57873768055917
4234.2,11.078766469843318
4234.4,9.894391349393416
4234.6,10.13552130673247
4234.8,10.937877922506889
4235.0,10.728403594423472
4235.2,10.623918382136146
4235.4,10.479850634628118
4235.6,10.774967429616291
4235.8,11.149826206568855
4236.0,10.70022452255921
4236.2,10.814641446118936
4236.4,11.102036421843627
4236.6,10.764877026355194
4236.8,11.124547332479725
4237.0,11.695531877039047
4237.2,11.081583166984226
4237.4,10.393658923710396
4237.6,10.967853236608665
4237.8,11.383437223428135
4238.0,11.428134248110851
4238.2,11.489453935314828
4238.4,12.113112813698962
4238.6,12.256669601179777
4238.8,11.112924837564586
4239.0,11.651967518474443
4239.2,11.13014686947535
4239.4,12.505370057033998
4239.6,13.250082081229506
4239.8,13.876220539502755
4240.0,12.248927633708227
4240.2,11.703128624992033
4240.4,11.137772354153482
4240.6,10.792493554640714
4240.8,11.090726427749484
4241.0,10.957052977416467
4241.2,10.709740488006387
4241.4,11.218510312678792
4241.6,10.690984623655053
4241.8,11.396485421909027
4242.0,11.00556895614532
4242.2,10.548413040987652
4242.4,9.834023097720415
4242.6,10.09251802025696
4242.8,10.525631577884557
4243.0,10.723485529833871
4243.2,11.015006559089802
4243.4,10.511387223229697
4243.6,10.348794426875148
4243.8,11.278083794796343
4244.0,12.098725800824141
4244.2,12.951934014542697
4244.4,11.297313900490247
4244.6,12.000123488030782
4244.8,11.665324928115915
4245.0,12.433045277602442
4245.2,11.836660858321737
4245.4,12.336105116666081
4245.6,11.67715248551351
4245.8,13.549667271390994
4246.0,12.598999989416953
4246.2,13.426359010394268
4246.4,14.826818425635793
4246.6,15.86688299880709
4246.8,14.03142937569587
4247.0,13.212867160200837
4247.2,14.317927724629403
4247.4,15.127308213186204
4247.6,14.803277831114855
4247.8,14.852203216031361
4248.0,15.514431109229596
4248.2,16.214507543173575
4248.4,15.657264181738732
4248.6,15.168762233721074
4248.8,16.420233312936855
4249.0,15.943739266734605
4249.2,14.693118156348826
4249.4,14.881754925617383
4249.6,15.729480743267123
4249.8,15.325910849016232
4250.0,14.957104802794758
4250.2,15.017659847431315
4250.4,14.901956397301191
4250.6,14.324690338850122
4250.8,15.38457551428957
4251.0,16.120752236329498
4251.2,15.880420914989429
4251.4,15.724878009422838
4251.6,14.894065963929892
4251.8,15.105166374461447
4252.0,14.06468439734745
4252.2,15.209923823616895
4252.4,12.765926110254098
4252.6,14.511090819237996
4252.8,14.058960031658367
4253.0,13.635894822043667
4253.2,14.36992028143707
4253.4,14.481321281449972
4253.6,15.036164258794248
4253.8,14.164213679399573
4254.0,15.07370509756905
4254.2,15.03625235862561
4254.4,15.661741017813778
4254.6,14.770496346532024
4254.8,15.224386901233782
4255.0,15.611443941759793
4255.2,16.193698051914588
4255.4,15.451002240666462
4255.6,15.873455736159343
4255.8,15.89223242295246
4256.0,15.525315981176151
4256.2,16.1563973229957
4256.4,15.175995092694397
4256.6,15.535041796725789
4256.8,15.698195758179077
4257.0,15.012058787019804
4257.2,14.35014763448833
4257.4,13.784224924948807
4257.6,14.172655188405713
4257.8,15.650196150677683
4258.0,14.845701665728143
4258.2,14.03423953476426
4258.4,12.927879630696475
4258.6,14.480393698876092
4258.8,12.7078739838145
4259.0,12.531356204107961
4259.2,12.658723458823909
4259.4,13.4853234353986
4259.6,12.729585578587654
4259.8,12.450103566673718
4260.0,12.562221685570341
4260.2,14.416345638253665
4260.4,14.42002512333591
4260.6,15.177766859129665
4260.8,14.741544937517052
4261.0,14.910773875998768
4261.2,14.512010218073335
4261.4,14.981607240127433
4261.6,13.200932316008572
4261.8,13.40916118133557
4262.0,13.80479602585269
4262.2,13.287589802610656
4262.4,14.18903809238506
4262.6,15.484055293849998
4262.8,15.727742585972768
4263.0,15.512563139098173
4263.2,13.480687856495804
4263.4,13.841836477081134
4263.6,14.249203945767814
4263.8,13.26025238679231
4264.0,12.195611436758648
4264.2,13.647356853729828
4264.4,13.847813948630307
4264.6,14.040829819084381
4264.8,14.326813404286938
4265.0,14.170159969630724
4265.2,15.844244057361506
4265.4,13.16432850482702
4265.6,13.898092344448258
4265.8,13.685645225588258
4266.0,12.363844184784867
4266.2,11.927277989516064
4266.4,12.472375660559408
4266.6,10.629684914579808
4266.8,10.77675462739316
4267.0,9.806894697264717
4267.2,10.763539949619062
4267.4,10.583483945506224
4267.6,11.063736793847333
4267.8,12.060284259896152
4268.0,12.556296237515031
4268.2,12.53146803200022
4268.4,11.298327907360813
4268.6,11.901881217074743
4268.8,13.555574383987008
4269.0,13.80285679588307
4269.2,11.490963335108397
4269.4,13.216116767516496
4269.6,13.664955345872174
4269.8,13.088984707232811
4270.0,13.14745130489079
4270.2,12.570514998383572
4270.4,11.543817275429271
4270.6,12.24634044309121
4270.8,11.900042022650991
4271.0,11.827358407456163
4271.2,11.666295919334289
4271.4,11.085129200049785
4271.6,12.239577390356304
4271.8,12.351950005650941
4272.0,12.357007033104733
4272.2,11.64336203927314
4272.4,11.56112389799075
4272.6,11.851585999331496
4272.8,12.027327243891826
4273.0,12.005944434214621
4273.2,11.655395746469468
4273.4,12.338242880828075
4273.6,12.87413896031902
4273.8,12.955746160239698
4274.0,12.716464145692676
4274.2,12.732620669927847
4274.4,12.765215078170662
4274.6,12.317825539401344
4274.8,11.888991543767485
4275.0,11.503730892630182
4275.2,12.173243604922003
4275.4,11.97678042183745
4275.6,11.725646770729934
4275.8,11.547293160497498
4276.0,11.74870132359777
4276.2,11.507353880597705
4276.4,11.001523559027031
4276.6,12.393825375782681
4276.8,11.854711190857639
4277.0,11.072024097395488
4277.2,11.284335892489384
4277.4,11.643020578660499
4277.6,11.28309334095068
4277.8,11.310594901540043
4278.0,11.930841843977696
4278.2,11.705489358452237
4278.4,12.851318311216978
4278.6,12.246058883840618
4278.8,11.83240084681831
4279.0,12.486746184821554
4279.2,11.438601261590884
4279.4,11.6672668596933
4279.6,11.46468020471104
4279.8,10.946723163528533
4280.0,12.738658193336995
4280.2,13.204808375531638
4280.4,11.535349024486948
4280.6,12.437555409448555
4280.8,11.946937410453796
4281.0,13.118772508562806
4281.2,12.53199840974236
4281.4,13.489534634233083
4281.6,13.520155610145848
4281.8,13.546174098068764
4282.0,14.862611594623512
4282.2,14.39663058092959
4282.4,13.00856398316399
4282.6,13.89589157516143
4282.8,13.210113427872876
4283.0,14.763962719018043
4283.2,15.344347995267126
4283.4,14.667115453063433
4283.6,14.104545875143081
4283.8,14.525321188883897
4284.0,12.886154265171877
4284.2,13.055241353079168
4284.4,12.13092785648991
4284.6,12.66356425668101
4284.8,13.593964624296863
4285.0,12.545621747062082
4285.2,13.021292790018338
4285.4,12.654240136244363
4285.6,12.580433087113613
4285.8,13.119098015295465
4286.0,12.275474445135421
4286.2,12.964956366880209
4286.4,11.852797723969557
4286.6,10.115917319734795
4286.8,10.257454285268262
4287.0,10.553539029740701
4287.2,10.302457830208171
4287.4,10.661686731960833
4287.6,10.545464143051111
4287.8,10.621247312448094
4288.0,10.6138816476705
4288.2,11.23572365016241
4288.4,11.030481585192273
4288.6,11.621460715217331
4288.8,11.858444295919384
4289.0,13.874090205574971
4289.2,13.476352805818145
4289.4,14.559771497885706
4289.6,13.848089863924935
4289.8,12.684187458856668
4290.0,13.620030774875115
4290.2,13.954457799130289
4290.4,14.359916153080476
4290.6,11.279768915405592
4290.8,11.198154534634586
4291.0,11.478224607523158
4291.2,14.452631287779237
4291.4,14.760267131778724
4291.6,14.167700950790751
4291.8,13.147847764822666
4292.0,14.475930268039166
4292.2,15.19281613305068
4292.4,14.329783380999203
4292.6,15.046893134654514
4292.8,15.157535525023222
4293.0,16.6623301532891
4293.2,14.933821238338652
4293.4,14.7648009762692
4293.6,14.18286807723003
4293.8,13.326257845032776
4294.0,12.576240495346333
4294.2,13.086784524104294
4294.4,12.182714121915478
4294.6,10.925952489429472
4294.8,11.163978835143642
4295.0,11.547487218235762
4295.2,11.413213163643379
4295.4,11.23850526682676
4295.6,11.916784668589766
4295.8,12.537439536894324
4296.0,13.95818863961585
4296.2,13.476231318206812
4296.4,13.677037818906868
4296.6,14.215641109040044
4296.8,14.82029743121629
4297.0,14.905623928471307
4297.2,15.884181544123221
4297.4,14.40667942549471
4297.6,14.175102521724462
4297.8,15.359462656872482
4298.0,14.883285630167775
4298.2,14.919608745116923
4298.4,15.416529805713765
4298.6,14.38861939985243
4298.8,14.835342476642131
4299.0,16.398551191664914
4299.2,16.693083204805873
4299.4,15.793204022151755
4299.6,15.331962142953422
4299.8,17.92634770152854
4300.0,18.336349320464855
4300.2,18.009597260901327
4300.4,15.74403156372216
4300.6,16.116799444198918
4300.8,15.079693630000557
4301.0,15.011633519983347
4301.2,14.852970295416739
4301.4,14.991856713394572
4301.6,15.467634168838092
4301.8,15.313853935089558
4302.0,15.594080034411773
4302.2,14.551633072440652
4302.4,15.387031406391738
4302.6,16.427532114121018
4302.8,14.641038780145756
4303.0,15.567942591251498
4303.2,14.681920379144067
4303.4,15.026971725231693
4303.6,13.840514309167283
4303.8,13.425625968700707
4304.0,14.478342631907616
4304.2,12.996014308630805
4304.4,14.025410884627174
4304.6,13.192119340977529
4304.8,14.208265699073358
4305.0,14.855930893464711
4305.2,14.216249764102734
4305.4,14.584907046663378
4305.6,13.116178573739965
4305.8,14.028586513348811
4306.0,14.450623496518382
4306.2,14.763927578685074
4306.4,14.996946320591661
4306.6,14.89144603846202
4306.8,14.619150601702247
4307.0,15.032225983125429
4307.2,13.776543402397321
4307.4,15.07698345808548
4307.6,15.402051337822085
4307.8,15.697620640322423
4308.0,16.638897438318175
4308.2,16.59978948166969
4308.4,16.243401928892617
4308.6,15.449991618466123
4308.8,17.305620719345217
4309.0,15.422407763268822
4309.2,16.051254205400852
4309.4,16.863221806234222
4309.6,17.07269095382809
4309.8,18.449025242400758
4310.0,18.23348987144972
4310.2,18.72152236496695
4310.4,18.186075486903125
4310.6,18.11388642751256
4310.8,17.644246812393003
4311.0,16.7921766721621
4311.2,17.483048228551326
4311.4,17.469683452100256
4311.6,17.089683012519213
4311.8,15.603623376066267
4312.0,15.08820442359271
4312.2,15.060517021439653
4312.4,15.084942440549398
4312.6,15.191833866268087
4312.8,14.595447056637026
4313.0,14.670638220831778
4313.2,13.750947690821393
4313.4,13.315020907056518
4313.6,13.602532919119605
4313.8,13.609835092044658
4314.0,14.15565856210332
4314.2,13.537190388109915
4314.4,12.886564085258172
4314.6,12.953356563307455
4314.8,12.050953092294161
4315.0,11.501402473216471
4315.2,11.117131673573095
4315.4,11.188210547343488
4315.6,12.10782306698756
4315.8,11.262431607667917
4316.0,12.176451162973965
4316.2,12.420077864567613
4316.4,12.51026541183942
4316.6,12.103437077287023
4316.8,11.86850731664231
4317.0,11.491595465820797
4317.2,10.952110816635798
4317.4,10.738747800567312
4317.6,11.082927736475057
4317.8,11.475774022101437
4318.0,11.677665043489135
4318.2,11.607227622142279
4318.4,11.844788359588215
4318.6,12.295515122711091
4318.8,12.837368053879628
4319.0,12.072434541356472
4319.2,11.351617450255954
4319.4,11.698954884978294
4319.6,11.877234859887517
4319.8,13.654399997759496
4320.0,12.685932588934776
4320.2,12.84642855201977
4320.4,12.273726660069713
4320.6,13.136980813999992
4320.8,13.981769965905112
4321.0,14.77932586945972
4321.2,14.803672014041274
4321.4,13.677798487667909
4321.6,13.062550130900092
4321.8,13.452887556088612
4322.0,13.47358822133864
4322.2,13.78861877398121
4322.4,13.398458613623083
4322.6,14.942123047785378
4322.8,14.277054076956633
4323.0,15.422942686124205
4323.2,14.909480709788985
4323.4,13.494613890497105
4323.6,14.064438575198002
4323.8,14.550033979607376
4324.0,14.392441097575565
4324.2,12.724832403667781
4324.4,13.120729332770972
4324.6,14.433499295760805
4324.8,13.724060871391258
4325.0,11.617836873090203
4325.2,12.439419836502152
4325.4,12.646849271255915
4325.6,13.454540915034448
4325.8,13.163419696583919
4326.0,12.064615770446537
4326.2,13.618836458927426
4326.4,12.65941356517729
4326.6,13.173197704550487
4326.8,12.062197147400644
4327.0,11.820692272777135
4327.2,12.550811923320403
4327.4,13.056573381127105
4327.6,12.800468780067195
4327.8,13.002878386105913
4328.0,11.772556685086535
4328.2,13.703426049565383
4328.4,13.124841061012532
4328.6,13.136076216775157
4328.8,13.425845949708453
4329.0,14.301234462486958
4329.2,14.899987591531573
4329.4,12.892003047905805
4329.6,13.25429716869767
4329.8,12.930420886693986
4330.0,12.542577892583221
4330.2,13.346538696091681
4330.4,14.934698312173245
4330.6,15.187023084814966
4330.8,15.29674143052083
4331.0,15.910685126173576
4331.2,14.094559154137851
4331.4,14.006893939173391
4331.6,12.511340232647019
4331.8,13.729621528383522
4332.0,13.161237756172028
4332.2,13.932351056034442
4332.4,14.240117971545462
4332.6,13.399966049377415
4332.8,14.857955314134447
4333.0,14.449129798391507
4333.2,15.216620992087101
4333.4,13.130275154832935
4333.6,12.002980876228754
4333.8,12.672149614891907
4334.0,13.494127394493802
4334.2,11.171179493076895
4334.4,11.269188208704229
4334.6,12.037226946631762
4334.8,11.476064622516507
4335.0,12.00832280481923
4335.2,13.07770695830393
4335.4,13.174876489762188
4335.6,13.969850851664244
4335.8,12.62467603126794
4336.0,12.52511643698265
4336.2,11.236517287232964
4336.4,12.366289794786468
4336.6,11.637393339581534
4336.8,11.913740093920943
4337.0,13.57883455732482
4337.2,11.73485071634695
4337.4,11.86779116525349
4337.6,11.426440918216354
4337.8,13.236033812357084
4338.0,11.752422159464492
4338.2,12.203005724326129
4338.4,10.987843699949043
4338.6,11.111571536479799
4338.8,11.409255911787914
4339.0,11.602509208958873
4339.2,13.43311792182337
4339.4,12.050992402625958
4339.6,12.3208331074236
4339.8,12.12630877482787
4340.0,12.42573782905552
4340.2,13.18461978340749
4340.4,13.653077845242812
4340.6,11.85246958624191
4340.8,12.771257812817192
4341.0,11.931649289447995
4341.2,12.650402466640923
4341.4,13.212417008779047
4341.6,12.011963678288291
4341.8,11.366471047553503
4342.0,12.459620857619214
4342.2,12.662087747879342
4342.4,11.856745543913945
4342.6,12.715092945572904
4342.8,11.743009419381385
4343.0,11.74538567258898
4343.2,12.514018414313252
4343.4,13.254973412376918
4343.6,13.805070399648478
4343.8,15.016495582936034
4344.0,13.547779191809543
4344.2,12.979872914932265
4344.4,13.054304906034865
4344.6,12.824753497386736
4344.8,11.928126210460503
4345.0,13.185853943227055
4345.2,12.758057804844698
4345.4,13.004223795970464
4345.6,12.911236702513913
4345.8,12.949305404388209
4346.0,13.038088047353646
4346.2,11.943460290624992
4346.4,12.657213556136206
4346.6,12.031313603544207
4346.8,12.18262856090659
4347.0,12.326589278450506
4347.2,11.75324248307535
4347.4,11.69141023530022
4347.6,12.646601781098338
4347.8,13.448560684803052
4348.0,12.0588936890765
4348.2,12.98690123936813
4348.4,14.265551318912259
4348.6,12.774562071190129
4348.8,11.092066210982551
4349.0,12.965548921850871
4349.2,12.13933733872307
4349.4,14.502851461091751
4349.6,12.99739155285063
4349.8,12.605996712941467
4350.0,12.64015651724449
4350.2,13.933698582394207
4350.4,12.820192938543201
4350.6,13.931191226219678
4350.8,13.885714351310606
4351.0,12.558663526337364
4351.2,14.089074323731442
4351.4,13.464875803767317
4351.6,13.724396286005803
4351.8,13.385408380696262
4352.0,12.489136970870236
4352.2,12.323681006577509
4352.4,13.43238930614965
4352.6,12.67470369397802
4352.8,15.132234506523467
4353.0,16.57156780736707
4353.2,13.928576021387954
4353.4,13.650583657598085
4353.6,13.006100601265286
4353.8,12.255374921291477
4354.0,11.146812853789134
4354.2,10.750749813653913
4354.4,10.75825535284781
4354.6,11.53472586020962
4354.8,12.070712555455119
4355.0,11.324792963074566
4355.2,11.37987388695077
4355.4,10.829224225461765
4355.6,11.424660246959057
4355.8,10.371752297010946
4356.0,9.99248603869335
4356.2,9.323630257314067
4356.4,10.001951774061897
4356.6,10.385064007891556
4356.8,10.147277103080697
4357.0,10.686150469574526
4357.2,10.111669161705654
4357.4,9.934191280913838
4357.6,11.201768068055467
4357.8,10.220127547301445
4358.0,9.855800771392085
4358.2,10.349941399200723
4358.4,9.499846678897043
4358.6,9.506059004840223
4358.8,9.571041132084273
4359.0,9.149462167347032
4359.2,9.750641282832527
4359.4,9.49794960491133
4359.6,9.461719408247728
4359.8,9.742336470079945
4360.0,9.49592430166002
4360.2,9.352246536625033
4360.4,9.42714867398233
4360.6,9.22867509547396
4360.8,9.210937034461967
4361.0,9.467706559141554
4361.2,9.646124772862859
4361.4,9.762815223056577
4361.6,9.603292901019016
4361.8,9.988576965934111
4362.0,10.743095330835931
4362.2,10.178826627186998
4362.4,10.502971754180976
4362.6,11.345041196337586
4362.8,10.929707321586248
4363.0,10.842664228996021
4363.2,11.499985358615035
4363.4,11.34360000722506
4363.6,11.06972972576588
4363.8,11.154827000103971
4364.0,10.531153018811919
4364.2,10.41908331682942
4364.4,9.929520555218822
4364.6,9.804964858473802
4364.8,9.925975111543332
4365.0,9.477985810830104
4365.2,9.576845979417282
4365.4,9.887610524451306
4365.6,9.719846363735753
4365.8,9.55609983946285
4366.0,9.592583073754579
4366.2,9.172657357576702
4366.4,9.2378735091172
4366.6,9.377146715678077
4366.8,9.161976299908003
4367.0,9.701965313917517
4367.2,9.748714442245076
4367.4,9.737145308399901
4367.6,9.833927946172231
4367.8,9.874385340534142
4368.0,9.830695922356403
4368.2,9.632796441677629
4368.4,9.319550541625386
4368.6,9.655365926898627
4368.8,9.108855179579487
4369.0,9.822614426250812
4369.2,9.655110532340125
4369.4,9.319318228080606
4369.6,9.450174742345803
4369.8,9.518300102186643
4370.0,9.728469157930043
4370.2,9.555559255262793
4370.4,9.80920854036874
4370.6,9.500042357850534
4370.8,9.773143375439213
4371.0,9.481674477053582
4371.2,9.548805934022791
4371.4,9.984885422982227
4371.6,9.897364609412609
4371.8,9.812640666791324
4372.0,9.514784316764231
4372.2,9.055166100947377
4372.4,9.410950799916684
4372.6,9.390637146240762
4372.8,9.742593813495255
4373.0,10.283189950089607
4373.2,10.41198994580342
4373.4,12.45452004210059
4373.6,10.051200706495782
4373.8,10.651796474247037
4374.0,10.549590750053015
4374.2,10.574094584077686
4374.4,10.819562644736093
4374.6,10.648559305907552
4374.8,10.47461935535124
4375.0,10.524475629947554
4375.2,10.472648186047156
4375.4,10.915773341487505
4375.6,10.777824715972086
4375.8,10.799344247542617
4376.0,10.381278829560205
4376.2,11.050160552355816
4376.4,11.251927251166054
4376.6,10.95801832675381
4376.8,12.53675099968358
4377.0,12.315554438967611
4377.2,11.555507847601342
4377.4,11.706139639850921
4377.6,11.97031707949769
4377.8,10.546377335705692
4378.0,9.992550718392666
4378.2,9.905196462180875
4378.4,9.830296009898419
4378.6,10.184802945469354
4378.8,9.865851697720295
4379.0,10.289573950302632
4379.2,9.937853785004162
4379.4,10.40416594838483
4379.6,10.268107313135914
4379.8,10.188095993808748
4380.0,10.123458751451471
4380.2,10.08096423395461
4380.4,9.792979736745034
4380.6,10.860315183813132
4380.8,12.855242558155282
4381.0,11.435234174903652
4381.2,12.532666026912892
4381.4,11.407123102472854
4381.6,11.940465592035729
4381.8,11.790648002169565
4382.0,12.97675765947227
4382.2,12.762336880626478
4382.4,12.50769155698162
4382.6,11.137534923057167
4382.8,10.8192287523413
4383.0,11.834113447792367
4383.2,11.95835061474269
4383.4,12.5315368794877
4383.6,13.67918244864679
4383.8,12.78428767311587
4384.0,12.581672362325838
4384.2,12.001960448476192
4384.4,12.701349876045906
4384.6,11.733940506298437
4384.8,12.1070609079335
4385.0,12.739543448161246
4385.2,12.10927623452969
4385.4,12.281076127591836
4385.6,12.628754607963588
4385.8,13.315771649992861
4386.0,11.855919007588586
4386.2,11.703782678873964
4386.4,11.886995626044477
4386.6,13.353081078487852
4386.8,13.615788829445815
4387.0,13.332024394007917
4387.2,14.627930764034865
4387.4,14.687527609296167
4387.6,16.2660755039704
4387.8,18.07844410453677
4388.0,17.914064613595144
4388.2,18.396914083529193
4388.4,16.4451001638097
4388.6,16.196092668198187
4388.8,16.40231493113872
4389.0,16.67194664956853
4389.2,15.994463665010992
4389.4,16.948811318091416
4389.6,17.495035318451922
4389.8,17.813573129334493
4390.0,16.450997622647996
4390.2,17.299287304146485
4390.4,18.64305549498636
4390.6,16.785251877373955
4390.8,17.51163551811937
4391.0,16.970652603240705
4391.2,17.622352926489853
4391.4,17.89071804804083
4391.6,18.520187906046722
4391.8,17.699905417761755
4392.0,17.462537634886374
4392.2,17.970809095246942
4392.4,17.11870248534624
4392.6,15.994588337794987
4392.8,12.671285105606206
4393.0,15.817358442822414
4393.2,15.926322669719113
4393.4,16.249677945370742
4393.6,15.163263666241605
4393.8,14.9785358568996
4394.0,15.078860258121251
4394.2,15.387332801307561
4394.4,15.407368573099362
4394.6,13.590620558174267
4394.8,13.754669569261903
4395.0,14.791095349307755
4395.2,15.813380889792668
4395.4,16.044027655239194
4395.6,15.493362007635799
4395.8,14.46485943301808
4396.0,14.261954852253853
4396.2,13.984969163770831
4396.4,13.023265500797269
4396.6,12.333006432982872
4396.8,12.31568359888499
4397.0,14.364723796965011
4397.2,15.623878160328191
4397.4,14.831409198218408
4397.6,16.803392174591167
4397.8,16.61891580537877
4398.0,15.726200520886099
4398.2,16.098436451855896
4398.4,16.70435222658408
4398.6,15.328140214454846
4398.8,15.917202814633324
4399.0,16.023901773154236
4399.2,14.867837931909182
4399.4,15.07602285719561
4399.6,14.700828778042077
4399.8,14.86131165553784
4400.0,15.194914849025675
4400.2,15.076269337605087
4400.4,14.653147775670378
4400.6,13.986753039458025
4400.8,13.85717509578499
4401.0,15.14304691716817
4401.2,14.949903101899784
4401.4,14.380206235626705
4401.6,14.184181695525353
4401.8,16.23179180293634
4402.0,17.170008417008667
4402.2,18.226607271794336
4402.4,16.72580002683371
4402.6,16.349655539865676
4402.8,16.770095468978806
4403.0,17.306644418503986
4403.2,15.302503870770822
4403.4,14.283227563049119
4403.6,14.829825008803788
4403.8,16.52357876296561
4404.0,15.607162447246301
4404.2,14.113491264136076
4404.4,13.615816957231335
4404.6,14.183833611949384
4404.8,13.82443275793603
4405.0,14.220218963713522
4405.2,13.498949965841518
4405.4,13.322058888023552
4405.6,13.457383098943286
4405.8,12.943240742582795
4406.0,12.18015559937645
4406.2,12.010561810024562
4406.4,13.463217542601356
4406.6,16.517677076547045
4406.8,15.872273479596057
4407.0,16.366278271157228
4407.2,16.30008811822137
4407.4,17.070510625330023
4407.6,15.9609341056749
4407.8,15.455436659436643
4408.0,16.123046024411344
4408.2,14.623927801840363
4408.4,16.651136220982124
4408.6,15.75778423422134
4408.8,16.018107817396828
4409.0,14.343804520386707
4409.2,13.747789195355553
4409.4,15.812777904222807
4409.6,15.832357270107309
4409.8,15.147681223105343
4410.0,16.064483900194368
4410.2,16.712289623100904
4410.4,14.318245147895997
4410.6,16.08519177159146
4410.8,15.0448512562871
4411.0,15.802416270518687
4411.2,16.010999620926174
4411.4,13.977787812136896
4411.6,13.016878150875842
4411.8,12.72654357328407
4412.0,11.258434798820545
4412.2,12.65922061653703
4412.4,11.493208994662883
4412.6,11.11661296590983
4412.8,10.951559700939946
4413.0,10.830094936777714
4413.2,10.430483872380474
4413.4,9.924652445674315
4413.6,9.822330482018671
4413.8,9.647185503116248
4414.0,10.348101729446173
4414.2,10.103864766212329
4414.4,9.812267108460356
4414.6,9.946383727115125
4414.8,10.851898278693682
4415.0,10.576606728737069
4415.2,10.036313401824394
4415.4,10.659427169818956
4415.6,10.704680599275777
4415.8,10.99384388015652
4416.0,10.362667128122133
4416.2,10.315576332109249
4416.4,9.872731745596056
4416.6,10.45221772553333
4416.8,11.009305795495974
4417.0,12.257605323340035
4417.2,11.824375699384538
4417.4,12.537945237322418
4417.6,12.30249930017682
4417.8,12.73486534983781
4418.0,12.109935184044819
4418.2,12.739311430412531
4418.4,13.639926988266387
4418.6,12.169460155751402
4418.8,11.181199670003759
4419.0,10.595552047920215
4419.2,9.921789345834975
4419.4,9.658679285857353
4419.6,10.583250456990264
4419.8,10.760679722879111
4420.0,11.910372262256356
4420.2,11.186200760148079
4420.4,11.417795776146434
4420.6,11.48351570156221
4420.8,12.171095973405034
4421.0,12.710581587206848
4421.2,13.443360684010603
4421.4,12.833033135502978
4421.6,13.135875740108446
4421.8,13.664390705983141
4422.0,13.831727333576723
4422.2,14.29315621000976
4422.4,12.584397715467635
4422.6,13.053517982060836
4422.8,13.766752994769114
4423.0,13.035862684333608
4423.2,14.247293168938068
4423.4,13.72687570863673
4423.6,13.415330071613766
4423.8,13.14226778688357
4424.0,14.36130257025849
4424.2,14.66030437209406
4424.4,14.829374180532163
4424.6,14.474546194664468
4424.8,15.064702098670345
4425.0,14.371919666366828
4425.2,14.650399770154097
4425.4,13.789673259699098
4425.6,13.826050402872722
4425.8,12.933523434005448
4426.0,13.243752262527707
4426.2,13.31435175561918
4426.4,13.789423741585846
4426.6,13.678390583368161
4426.8,14.378514782099233
4427.0,14.265715786175683
4427.2,13.309234707754957
4427.4,14.465447914777258
4427.6,14.266728398551896
4427.8,13.39786666929376
4428.0,14.178392768747539
4428.2,12.961358847532932
4428.4,13.062818197610216
4428.6,13.455959739911627
4428.8,13.017649697249007
4429.0,13.272038891157592
4429.2,13.544276335264314
4429.4,13.858525036232752
4429.6,12.946513413355085
4429.8,13.73215728493959
4430.0,12.638149778792867
4430.2,12.376950350479445
4430.4,12.301664372743264
4430.6,12.477638898499757
4430.8,11.843838786927101
4431.0,11.991737622299663
4431.2,12.009376489998676
4431.4,11.921795491274024
4431.6,12.485362214188012
4431.8,11.622144470910335
4432.0,11.68784882211728
4432.2,12.184959802068141
4432.4,11.781399012632773
4432.6,11.714576172055502
4432.8,11.858963332928687
4433.0,11.813759262798575
4433.2,12.2411365398096
4433.4,10.607986947905594
4433.6,11.312416965779502
4433.8,12.323603158724454
4434.0,12.785716729967493
4434.2,12.438549984942117
4434.4,12.890109906496981
4434.6,12.014805968986641
4434.8,11.72206404712427
4435.0,12.395316668128375
4435.2,12.078730167812475
4435.4,12.235943390418033
4435.6,11.540178921306659
4435.8,12.571777275526317
4436.0,12.251989364118849
4436.2,12.215420885963777
4436.4,11.803525125333515
4436.6,12.533849589364099
4436.8,11.30713549625574
4437.0,11.836120889899817
4437.2,10.733128739335857
4437.4,11.312777605532748
4437.6,10.132805335735778
4437.8,10.426676003182733
4438.0,10.616799686280999
4438.2,9.714333411319739
4438.4,10.165624175223307
4438.6,10.094570660430795
4438.8,11.399682602495771
4439.0,10.350505689521919
4439.2,10.277901168378298
4439.4,11.183104472031927
4439.6,11.490731862297201
4439.8,11.668446392656321
4440.0,11.457255251631928
4440.2,12.463402316257504
4440.4,11.268106637971417
4440.6,11.12789116740954
4440.8,12.153809594848163
4441.0,12.06424571151855
4441.2,11.729327552444586
4441.4,12.100581809911862
4441.6,12.700361020868776
4441.8,13.750295367771763
4442.0,11.233583595629128
4442.2,10.950124944535524
4442.4,11.037966683015206
4442.6,10.991068277052335
4442.8,11.512640154372688
4443.0,11.548568669613278
4443.2,12.124526290514686
4443.4,12.106791373172605
4443.6,11.132514102611824
4443.8,10.923430499301087
4444.0,11.012677750741759
4444.2,11.102568599728485
4444.4,10.634883314541444
4444.6,10.282903178023084
4444.8,9.667381866060023
4445.0,10.040321319027365
4445.2,10.17755325848989
4445.4,10.120596933519217
4445.6,10.015116838443479
4445.8,9.767365066381164
4446.0,9.073240468466002
4446.2,9.759306909587563
4446.4,10.76111050230477
4446.6,10.070580224172174
4446.8,10.09052924356553
4447.0,9.938593897293256
4447.2,10.651253408613911
4447.4,9.894958287691892
4447.6,9.990545897457755
4447.8,10.393732032988254
4448.0,9.797419112087308
4448.2,10.988037451887777
4448.4,9.601466779511895
4448.6,9.635284475903216
4448.8,10.204862444767988
4449.0,9.792421621079049
4449.2,10.12427142533639
4449.4,10.375028860016835
4449.6,9.812017696861709
4449.8,10.241314618340915
4450.0,9.880007573644804
4450.2,9.68328959680033
4450.4,10.00733468692147
4450.6,10.127435163002556
4450.8,9.658878361972613
4451.0,9.534829815404638
4451.2,9.488692433037029
4451.4,9.070799514455043
4451.6,9.230477129650827
4451.8,9.788972222398582
4452.0,9.746880614774838
4452.2,10.04587197429066
4452.4,9.383066777572452
4452.6,8.903834351944681
4452.8,8.991298804108474
4453.0,8.807366574226608
4453.2,9.35286038280876
4453.4,9.006820791721946
4453.6,8.902874959819897
4453.8,9.226632356067508
4454.0,9.08900597350619
4454.2,9.613069309665827
4454.4,9.730069823935505
4454.6,9.509233987343466
4454.8,9.682210030305992
4455.0,10.073619293751799
4455.2,9.784311406552685
4455.4,10.007262929072201
4455.6,9.83649199713669
4455.8,11.043336859864626
4456.0,10.714275448335398
4456.2,11.31110729642434
4456.4,10.837070870686736
4456.6,11.528044001477367
4456.8,12.065441125910606
4457.0,11.705531277265464
4457.2,11.508006618608164
4457.4,11.905076332581645
4457.6,11.148479812352083
4457.8,10.757439586330058
4458.0,11.270240051382839
4458.2,10.779868545095129
4458.4,10.519342818968987
4458.6,10.927100116942244
4458.8,10.840821346763963
4459.0,11.579625801852135
4459.2,11.647907453402471
4459.4,11.573145479666305
4459.6,12.537819281764289
4459.8,12.921967353394665
4460.0,12.861979376366534
4460.2,12.587036074405232
4460.4,12.65807104010638
4460.6,12.88294404306148
4460.8,12.650250027461542
4461.0,12.269278749429668
4461.2,11.84505210480567
4461.4,12.303752324049533
4461.6,12.117166437745645
4461.8,11.520999697006891
4462.0,10.947779073217102
4462.2,12.560276497952641
4462.4,11.23920740407186
4462.6,11.151327875046228
4462.8,11.819080347163409
4463.0,11.869055615675306
4463.2,11.801258896500952
4463.4,11.698943827272
4463.6,11.517074162798073
4463.8,11.655250978546901
4464.0,11.356304390907837
4464.2,10.53098007805932
4464.4,10.394279105293357
4464.6,10.714808421453556
4464.8,9.975029311983189
4465.0,10.230129168906782
4465.2,10.407899712513398
4465.4,12.23580987816759
4465.6,14.103577379107596
4465.8,13.196177272787821
4466.0,13.115108068977133
4466.2,13.822483844528524
4466.4,12.33730723755077
4466.6,12.270132460310448
4466.8,11.489649958982774
4467.0,11.324340178613161
4467.2,11.817070263163895
4467.4,11.844760784324711
4467.6,11.952714246552016
4467.8,11.730579895678312
4468.0,10.65273474978174
4468.2,11.282701485660912
4468.4,10.92010733488542
4468.6,10.51522216904659
4468.8,10.75235163558574
4469.0,10.830898691813351
4469.2,10.931593915295046
4469.4,11.148970454442876
4469.6,11.63515431267643
4469.8,12.465799611285028
4470.0,12.279948775155427
4470.2,12.947460646580202
4470.4,13.458085324462077
4470.6,13.472148539167126
4470.8,13.338108653103884
4471.0,14.363507560191302
4471.2,15.100904877535637
4471.4,15.510702357355362
4471.6,15.462828400983442
4471.8,17.19974757759167
4472.0,15.817304037650269
4472.2,14.016642899117524
4472.4,14.490704694449574
4472.6,14.600249662513143
4472.8,14.156774834466741
4473.0,14.918596327310452
4473.2,13.013989317029225
4473.4,13.897034697100315
4473.6,13.834617382311123
4473.8,13.999472989680314
4474.0,12.131719234914124
4474.2,13.41949692587402
4474.4,12.766938093048728
4474.6,12.661507907383683
4474.8,13.131441682822377
4475.0,13.405993388276126
4475.2,13.453884332911457
4475.4,12.816983328602298
4475.6,13.074446527075505
4475.8,13.169502709568661
4476.0,12.62686005805396
4476.2,12.138727476690987
4476.4,11.222015710781273
4476.6,13.439685520615717
4476.8,14.443302217097711
4477.0,14.097270449500215
4477.2,14.077022138197211
4477.4,14.682809412775754
4477.6,15.30619477990511
4477.8,15.771351888058652
4478.0,17.069990568336113
4478.2,16.892865872170304
4478.4,17.29460263608872
4478.6,15.715906163457491
4478.8,14.793302777071835
4479.0,15.92440644700777
4479.2,15.641639887062764
4479.4,18.59837103132407
4479.6,17.59870895949148
4479.8,16.85639456825625
4480.0,14.96268978132212
4480.2,16.127203877017816
4480.4,17.07115661679277
4480.6,17.40974437937758
4480.8,15.397240962879833
4481.0,14.60759789172086
4481.2,13.842426317264733
4481.4,15.107622523820448
4481.6,15.561786240077087
4481.8,13.5529384799612
4482.0,15.186723907881348
4482.2,14.109169924423641
4482.4,13.305646454004254
4482.6,15.09510110983384
4482.8,14.85498091650297
4483.0,14.702991759369588
4483.2,14.070739264247479
4483.4,13.70741482021863
4483.6,14.85750407752934
4483.8,15.421701142600865
4484.0,14.82174363586348
4484.2,15.762163131090713
4484.4,17.425024559097174
4484.6,18.867666163652242
4484.8,17.265082913801322
4485.0,16.655858522604476
4485.2,16.627577993200415
4485.4,15.870583742643099
4485.6,16.062664883090587
4485.8,17.686917869397362
4486.0,16.13046043256698
4486.2,16.58723524655659
4486.4,17.48448047558135
4486.6,17.15485204680976
4486.8,18.118230639312152
4487.0,15.975692213960233
4487.2,16.802430904463648
4487.4,16.085307307673208
4487.6,16.00857891878022
4487.8,14.224663194655278
4488.0,14.755063168466398
4488.2,16.476412282318833
4488.4,16.683569352471718
4488.6,17.33042224358442
4488.8,15.39816096295948
4489.0,14.985563839567622
4489.2,15.313731388667886
4489.4,14.96969294886677
4489.6,14.299907351130889
4489.8,13.538368857878794
4490.0,13.827696870146216
4490.2,12.692527504619086
4490.4,12.628920248918137
4490.6,13.161808288682817
4490.8,12.647968962565395
4491.0,12.965072873706756
4491.2,12.160103421960693
4491.4,11.233637889415133
4491.6,11.533539475751889
4491.8,11.886786996892562
4492.0,11.328622676519482
4492.2,11.891623728028058
4492.4,12.835815999622632
4492.6,14.001546989668789
4492.8,16.13221097752305
4493.0,14.659751268742081
4493.2,14.10579463698981
4493.4,14.413177451881925
4493.6,13.590065578941612
4493.8,14.207587769566048
4494.0,15.07901376793674
4494.2,14.356576322795382
4494.4,14.32097677740292
4494.6,15.071924071668386
4494.8,15.883409178286076
4495.0,14.94888307422338
4495.2,14.445241228548053
4495.4,13.944078161584345
4495.6,13.371312909579782
4495.8,12.70340455683032
4496.0,15.746416875555628
4496.2,15.293929845172494
4496.4,15.439056547242735
4496.6,15.716395282411506
4496.8,16.43301779158306
4497.0,17.374014131326433
4497.2,19.63809292139374
4497.4,18.05711646282536
4497.6,18.29796924464556
4497.8,18.035054903595753
4498.0,18.62958937436368
4498.2,18.994958714289353
4498.4,15.514953493631404
4498.6,15.345369574287865
4498.8,15.269132787839188
4499.0,16.23286324246578
4499.2,15.74594965098437
4499.4,15.52474533101903
4499.6,15.320549416949628
4499.8,13.872264022936116
4500.0,15.490104042991423
4500.2,15.373142813701332
4500.4,14.541665126860256
4500.6,12.95027602273364
4500.8,13.011664625265325
4501.0,13.745413571844809
4501.2,15.602959340037884
4501.4,15.13305735031253
4501.6,15.985831737188455
4501.8,15.614364233272669
4502.0,15.46036382029074
4502.2,16.171368687693658
4502.4,18.076747367014843
4502.6,17.458269858756402
4502.8,18.65172375566464
4503.0,18.32555328361125
4503.2,16.563219659548448
4503.4,16.468787546028047
4503.6,16.57417232320704
4503.8,16.238803363285356
4504.0,15.076782020593296
4504.2,14.31808352993854
4504.4,13.74688288899896
4504.6,12.600887448629175
4504.8,12.743245885022898
4505.0,13.4365145706598
4505.2,13.188543441820764
4505.4,14.915392621716856
4505.6,17.06313022952256
4505.8,17.680822224895216
4506.0,17.095064987811124
4506.2,14.637229238378758
4506.4,15.489871618243251
4506.6,15.92015281795986
4506.8,17.299905781789175
4507.0,14.9997392524412
4507.2,16.399895691333793
4507.4,15.901227847132045
4507.6,16.881710419717866
4507.8,16.592834848911156
4508.0,16.103638373653798
4508.2,16.18834844869951
4508.4,15.778476157757964
4508.6,15.618089736225059
4508.8,15.296823417121743
4509.0,16.00419405662232
4509.2,14.694030615562406
4509.4,14.853175991753673
4509.6,13.72366824140871
4509.8,15.344668842237505
4510.0,14.592385130216734
4510.2,14.736683040137697
4510.4,13.949416632612264
4510.6,13.492480808331598
4510.8,14.388926706275527
4511.0,13.886562638425318
4511.2,14.367833048276017
4511.4,14.465127774617708
4511.6,14.699893085116443
4511.8,13.402358935493858
4512.0,12.657845728247652
4512.2,14.118033158217486
4512.4,13.648856476672313
4512.6,13.447571495308255
4512.8,13.641051687528405
4513.0,13.1470073605718
4513.2,13.312734135456505
4513.4,13.376958311356184
4513.6,13.911281046864278
4513.8,13.661848199161433
4514.0,11.644727722846923
4514.2,12.2934710993244
4514.4,12.832409496739267
4514.6,12.072884003528209
4514.8,12.247883932483132
4515.0,12.14926583404548
4515.2,11.892799951201543
4515.4,12.580228801207532
4515.6,12.738340011180425
4515.8,14.158923971139831
4516.0,14.201596333525341
4516.2,14.379458036214764
4516.4,14.117123043534978
4516.6,15.041837514265614
4516.8,15.175954673759941
4517.0,14.64541225340204
4517.2,15.180331936429265
4517.4,14.910132289566366
4517.6,14.910028277336307
4517.8,14.791968240987362
4518.0,13.713891963089157
4518.2,14.219036076767486
4518.4,15.241545584098672
4518.6,16.415524433705972
4518.8,14.494205924341024
4519.0,13.558142894616495
4519.2,13.953959190433377
4519.4,14.448421674169456
4519.6,13.733538192985556
4519.8,13.067721854630815
4520.0,13.234746633420801
4520.2,14.17008412225713
4520.4,14.518770522277315
4520.6,12.753108139706455
4520.8,12.911407590319612
4521.0,14.033913807043888
4521.2,14.02044250922071
4521.4,13.082433670293447
4521.6,11.759412276821525
4521.8,11.275649151371475
4522.0,11.048555548079651
4522.2,10.899657492791771
4522.4,10.404734883381446
4522.6,10.908631000390951
4522.8,10.667233086700351
4523.0,11.074263533096396
4523.2,12.731112321505197
4523.4,12.619427887556549
4523.6,13.527238454200798
4523.8,14.46169513725608
4524.0,13.113379781633231
4524.2,13.59994187667377
4524.4,13.772867678288215
4524.6,13.144784149289988
4524.8,14.460735218602405
4525.0,13.408539153828958
4525.2,13.614721928564466
4525.4,12.006412442689848
4525.6,12.662872410136565
4525.8,12.84798049535292
4526.0,13.159039918113935
4526.2,13.5232167209927
4526.4,12.111794178607823
4526.6,11.492595235137808
4526.8,11.215302966598573
4527.0,12.312631770503447
4527.2,14.37241479828631
4527.4,14.981360979290137
4527.6,14.562532703285349
4527.8,15.66857212964223
4528.0,15.085740829558487
4528.2,15.004231917924947
4528.4,15.559769786062656
4528.6,15.014006167850678
4528.8,14.028618749452894
4529.0,13.746307601751731
4529.2,14.688758628994467
4529.4,15.081938166076377
4529.6,15.586009619939427
4529.8,14.381817391466027
4530.0,13.445615284200635
4530.2,12.187028773901194
4530.4,10.74360094486556
4530.6,10.303505939618166
4530.8,11.380851972177386
4531.0,11.697792622105403
4531.2,12.31352931239673
4531.4,12.616525825362823
4531.6,11.200281433605568
4531.8,11.391180641765327
4532.0,13.09239120002318
4532.2,11.452851498125714
4532.4,11.768995271799955
4532.6,12.588523744006856
4532.8,12.465393735053317
4533.0,14.265812157671915
4533.2,15.672992331617365
4533.4,17.30307728680554
4533.6,15.558532195227448
4533.8,15.690155362438103
4534.0,14.795261428107317
4534.2,14.413142892793624
4534.4,15.789977282118501
4534.6,15.292676136464422
4534.8,16.845472017610557
4535.0,17.0181271079335
4535.2,18.36092486640996
4535.4,16.922500423048227
4535.6,16.401403565952574
4535.8,16.650870159521315
4536.0,15.72628747071496
4536.2,16.325672641729195
4536.4,15.786422975070415
4536.6,14.3961662938232
4536.8,14.714071014071894
4537.0,13.806461646652043
4537.2,14.243448793055613
4537.4,14.334450970516324
4537.6,13.582617135184243
4537.8,14.50069648405265
4538.0,14.189511019010347
4538.2,15.906954314627669
4538.4,15.012844620900976
4538.6,14.559517904350916
4538.8,15.969054668897048
4539.0,16.23014400581134
4539.2,14.519390850994025
4539.4,12.880789690813469
4539.6,13.697589239453414
4539.8,14.91987310322732
4540.0,14.293926250241435
4540.2,12.037666297265744
4540.4,12.341138140558556
4540.6,12.047650880678589
4540.8,12.90366636632615
4541.0,13.520924934499458
4541.2,13.560176304644827
4541.4,15.409675474679073
4541.6,15.711446519171785
4541.8,12.591990108610204
4542.0,12.763743950191564
4542.2,13.63829051804407
4542.4,12.860077200321884
4542.6,12.430684142641056
4542.8,13.210935202850603
4543.0,13.516834217837141
4543.2,12.215275019217147
4543.4,12.497628292879053
4543.6,10.761547441246455
4543.8,10.985162480383257
4544.0,11.386913872802955
4544.2,11.843670583267677
4544.4,11.065447092031677
4544.6,10.783883493736774
4544.8,12.272023474014809
4545.0,12.002913223201574
4545.2,11.901816708257908
4545.4,11.641992767331256
4545.6,11.946889421152257
4545.8,11.498269689297985
4546.0,10.645556519846897
4546.2,11.327679241668957
4546.4,11.150611919256976
4546.6,11.581357904830158
4546.8,13.343102601571864
4547.0,12.859987984290353
4547.2,11.681954523236278
4547.4,11.963974053054166
4547.6,11.984341532563326
4547.8,12.607002207540734
4548.0,14.350778867298645
4548.2,13.520341342850637
4548.4,12.476955681808676
4548.6,11.784941857590933
4548.8,12.182086368547552
4549.0,14.387077022139431
4549.2,14.803015291368826
4549.4,15.560456425160867
4549.6,16.138616160958474
4549.8,16.783085352720978
4550.0,13.857344713191203
4550.2,14.685562704241303
4550.4,17.296580355842735
4550.6,16.23482924482779
4550.8,15.90749921935567
4551.0,15.642944134412494
4551.2,16.232714767570336
4551.4,15.662502306317807
4551.6,14.721595799506469
4551.8,13.415448020573915
4552.0,14.950041410020427
4552.2,13.400473250580243
4552.4,14.701830423390913
4552.6,12.691988472637597
4552.8,11.951003649996712
4553.0,12.625554449721474
4553.2,11.872792179816255
4553.4,12.060231565279327
4553.6,10.805143845181275
4553.8,12.040171222509642
4554.0,12.729059329011026
4554.2,11.629031709464314
4554.4,12.325548625679406
4554.6,12.49418739406667
4554.8,13.092139094087639
4555.0,12.888838256807194
4555.2,12.85870231257369
4555.4,13.194794265790225
4555.6,13.48262620338302
4555.8,12.953158649910206
4556.0,15.501597688942638
4556.2,13.784748731081581
4556.4,13.713613691007374
4556.6,13.426423061334688
4556.8,12.836501166691232
4557.0,11.295607366424836
4557.2,11.200661913830013
4557.4,10.567380209078863
4557.6,9.922497784243266
4557.8,11.00250114027186
4558.0,11.25994396616794
4558.2,11.738426233125757
4558.4,10.655827803062351
4558.6,10.599242963155087
4558.8,10.682087982292515
4559.0,10.783027258831632
4559.2,10.667204202198448
4559.4,10.953294825796826
4559.6,11.077131104725611
4559.8,11.411404909124796
4560.0,10.68743625991631
4560.2,10.787581340893361
4560.4,12.136695977562788
4560.6,12.156081639578186
4560.8,11.959619344780956
4561.0,11.805980099771553
4561.2,10.971323402295726
4561.4,11.42562396065945
4561.6,11.835236463173517
4561.8,11.443530309541236
4562.0,11.896985926135555
4562.2,12.194087150582316
4562.4,12.138150076433355
4562.6,11.29371081139606
4562.8,11.001839168121684
4563.0,10.512081741729018
4563.2,11.625319473500774
4563.4,11.377477416550576
4563.6,10.361242495382786
4563.8,10.88111142258498
4564.0,10.106535456523636
4564.2,10.515594201947069
4564.4,10.475508982126641
4564.6,9.656346113718467
4564.8,10.006788651691101
4565.0,9.910798382597672
4565.2,9.961209724743979
4565.4,10.22464481680495
4565.6,9.767090550686042
4565.8,10.224509169309805
4566.0,10.274008182650778
4566.2,10.181568768349702
4566.4,9.865588660689738
4566.6,10.889218774823341
4566.8,10.783002985834058
4567.0,10.00792626105821
4567.2,10.619389288874325
4567.4,9.906984602781307
4567.6,9.869980665800782
4567.8,10.357697555694026
4568.0,9.879203573003606
4568.2,10.22079563631419
4568.4,10.002795511906967
4568.6,10.274852902648593
4568.8,10.104044731876787
4569.0,9.912007584092212
4569.2,9.564240331903221
4569.4,10.027361260884122
4569.6,10.237095556149306
4569.8,10.385359209990382
4570.0,10.165586726564586
4570.2,9.30310407597447
4570.4,9.614317798773218
4570.6,9.266628642799253
4570.8,9.39322948058529
4571.0,9.098129587264907
4571.2,9.057036738087067
4571.4,9.220749064436959
4571.6,9.194996323279467
4571.8,8.949053620085225
4572.0,9.206604680806885
4572.2,9.64732414450505
4572.4,9.285549969166398
4572.6,10.069209216718406
4572.8,10.239647569990506
4573.0,9.878862674178691
4573.2,9.486693357516906
4573.4,10.068797476632207
4573.6,10.124270493077923
4573.8,10.036506258923792
4574.0,10.04996343741086
4574.2,9.527436029561716
4574.4,9.065278502673268
4574.6,9.26051254814669
4574.8,9.427786755392395
4575.0,9.040400083081977
4575.2,9.60214223733647
4575.4,9.936588650793441
4575.6,10.48515786362451
4575.8,9.639807100876203
4576.0,10.186109931563863
4576.2,10.829002381696451
4576.4,10.502336859505467
4576.6,10.219985195858595
4576.8,9.818444038915215
4577.0,9.909041003223036
4577.2,9.90198053816592
4577.4,9.587080266910966
4577.6,10.803547223234219
4577.8,10.483248160162503
4578.0,10.67470759428421
4578.2,10.672140715377731
4578.4,9.905919422889454
4578.6,10.39472438433448
4578.8,10.728682173652953
4579.0,9.999911390972255
4579.2,11.210159363260349
4579.4,10.883305311464
4579.6,10.59570327242506
4579.8,10.255701810692013
4580.0,10.320335590652078
4580.2,9.822466382180119
4580.4,9.807209156340962
4580.6,9.830359126434278
4580.8,9.89961273657782
4581.0,9.382826850488483
4581.2,9.628325376860852
4581.4,9.998800808748483
4581.6,9.519288561471699
4581.8,10.015655542786844
4582.0,10.013331025339143
4582.2,9.960884410482272
4582.4,9.996055329006975
4582.6,9.385629979828611
4582.8,9.582685543359975
4583.0,9.87087314913063
4583.2,10.614622791996144
4583.4,9.848327114797916
4583.6,9.675949555805195
4583.8,10.195792683169378
4584.0,10.21135501983599
4584.2,10.288068908609215
4584.4,10.216611783221225
4584.6,11.192952872082728
4584.8,11.056627388429137
4585.0,10.81858347320195
4585.2,11.323438008733985
4585.4,11.684570881955805
4585.6,11.613438440785695
4585.8,11.537327181289239
4586.0,10.740935611091164
4586.2,11.242088015366376
4586.4,10.62091944801056
4586.6,10.66563630412476
4586.8,10.926495174405794
4587.0,11.670527114739627
4587.2,10.96604253520981
4587.4,11.341767665799482
4587.6,11.209132557572755
4587.8,11.213233393206991
4588.0,11.312694712160825
4588.2,11.61168261095779
4588.4,12.102403187124871
4588.6,11.86072353995398
4588.8,11.308166745422994
4589.0,10.885361887863459
4589.2,10.6434918764966
4589.4,11.61684926348067
4589.6,10.8559281976874
4589.8,10.694177719754773
4590.0,10.706168492022359
4590.2,11.044360439045102
4590.4,10.587037645929989
4590.6,10.2647927592192
4590.8,10.885331229231191
4591.0,10.521837427878731
4591.2,11.09328943426371
4591.4,11.498321622973464
4591.6,10.72103814514438
4591.8,10.565760593783459
4592.0,10.018294146332334
4592.2,10.125891778934884
4592.4,10.67641281545127
4592.6,11.153425225646448
4592.8,10.344644569505366
4593.0,10.546680494821626
4593.2,10.396663491221684
4593.4,10.633258120302811
4593.6,10.289505513707146
4593.8,9.453660191910249
4594.0,10.288918639992977
4594.2,10.205046383474079
4594.4,9.883312157738589
4594.6,10.997628684768898
4594.8,10.286841173690519
4595.0,10.038160246109143
4595.2,10.796132290642888
4595.4,11.009518022814316
4595.6,11.082790266365734
4595.8,10.997620238914694
4596.0,10.776336573806642
4596.2,11.083524236603186
4596.4,11.360781222935453
4596.6,11.166222628529077
4596.8,10.531940749861256
4597.0,10.046966614854448
4597.2,10.408754791537154
4597.4,10.757358898685297
4597.6,10.571406521930722
4597.8,11.821189250108802
4598.0,10.46928521433825
4598.2,9.818374185066418
4598.4,9.887359834083897
4598.6,10.408155385523262
4598.8,10.972936194141482
4599.0,11.1207632361936
4599.2,11.576039828156198
4599.4,10.894955748403014
4599.6,10.887197325489959
4599.8,10.20283309013297
4600.0,9.89494403289332
4600.2,9.640485432893167
4600.4,10.318925472138547
4600.6,10.345888395079662
4600.8,10.50487309149588
4601.0,10.871369145464147
4601.2,11.078373963605998
4601.4,10.473505988422705
4601.6,10.079751071636682
4601.8,10.133804470624321
4602.0,10.559713037897026
4602.2,10.147201997295667
4602.4,9.920834750290421
4602.6,10.258846086331276
4602.8,9.468365906102852
4603.0,9.587042474200185
4603.2,9.714209905294286
4603.4,9.353596338861808
4603.6,9.391014062632197
4603.8,9.635214292669014
4604.0,8.989729004845767
4604.2,9.461741303891753
4604.4,9.681106648008829
4604.6,9.657955148332626
4604.8,10.025300503225722
4605.0,10.623742710258172
4605.2,10.608433423928192
4605.4,10.677929810531088
4605.6,10.269756392581053
4605.8,10.417084073075074
4606.0,11.035818477531032
4606.2,10.577503642750766
4606.4,10.8732799219843
4606.6,10.52006773177566
4606.8,10.854198959795946
4607.0,10.540331478443154
4607.2,10.089038922163919
4607.4,10.524286617920012
4607.6,11.01308879407691
4607.8,10.927416072681309
4608.0,10.278728960549797
4608.2,10.489531667599511
4608.4,11.294242606767735
4608.6,11.806994840615337
4608.8,11.341812964869549
4609.0,11.680254196745638
4609.2,11.847849009743765
4609.4,11.546776945978594
4609.6,10.60251451437277
4609.8,10.195830798411494
4610.0,10.506232599786973
4610.2,10.475563215059328
4610.4,10.942440424001239
4610.6,11.018189677710675
4610.8,11.283620179636667
4611.0,11.642385623523975
4611.2,11.128943767521697
4611.4,12.185190686016051
4611.6,12.273926635561656
4611.8,11.470775278176376
4612.0,11.660472699501028
4612.2,11.788402297189911
4612.4,11.719637677317372
4612.6,11.15177569422741
4612.8,11.25700008754321
4613.0,12.19918760792455
4613.2,11.188822100789643
4613.4,11.61320042552206
4613.6,12.97157872902045
4613.8,11.93531278452274
4614.0,12.595671082938294
4614.2,11.908559490881892
4614.4,12.21016102237689
4614.6,12.853147539559684
4614.8,12.568821789349103
4615.0,13.950222737433355
4615.2,13.629660501437627
4615.4,14.306180694520949
4615.6,14.61212443549213
4615.8,13.884634631455572
4616.0,13.150770713332893
4616.2,13.840529173743821
4616.4,13.412466504911302
4616.6,11.525804709122918
4616.8,11.507178008071946
4617.0,11.08871003924676
4617.2,10.91563696341036
4617.4,11.644865658755934
4617.6,12.487725490284951
4617.8,11.510487740551188
4618.0,12.042081353289058
4618.2,12.495571508309451
4618.4,11.84391672697129
4618.6,12.793737265148641
4618.8,13.333674595348741
4619.0,13.845654632962843
4619.2,13.63650455957196
4619.4,12.48901135230383
4619.6,12.280125478871572
4619.8,12.347362231821775
4620.0,13.26155313634041
4620.2,13.349278665159986
4620.4,14.401274326830094
4620.6,14.696184366533258
4620.8,14.532493390424385
4621.0,14.69129877351692
4621.2,16.136220852164694
4621.4,16.36319104698991
4621.6,16.633268650496543
4621.8,14.837485205482254
4622.0,14.371052825948425
4622.2,15.666078406689461
4622.4,15.494423912741482
4622.6,14.41646227882481
4622.8,14.54875490199015
4623.0,15.209393977959637
4623.2,12.886219505977834
4623.4,14.500853815320998
4623.6,12.793452519137121
4623.8,16.249849644732702
4624.0,17.39086278144474
4624.2,16.930995610231506
4624.4,16.84576874232726
4624.6,16.64689177160351
4624.8,13.961028616039394
4625.0,15.542627679600734
4625.2,16.055380282593198
4625.4,15.189061146420904
4625.6,13.942496881285775
4625.8,15.624906812380699
4626.0,17.038539296776356
4626.2,16.595059667226945
4626.4,16.14433145050084
4626.6,16.251788927726892
4626.8,17.36665883940821
4627.0,14.973451454504316
4627.2,15.127287424175131
4627.4,15.26594151021176
4627.6,16.421971965625595
4627.8,17.355052500231206
4628.0,17.55570088240885
4628.2,15.206487014291202
4628.4,15.310066873614648
4628.6,15.873839999303394
4628.8,15.433477996947836
4629.0,15.238060955696923
4629.2,14.237724186992441
4629.4,13.972280882475
4629.6,14.54125146753676
4629.8,13.649186421426158
4630.0,12.674156568626458
4630.2,13.234813157991635
4630.4,13.950750153193695
4630.6,13.814325030810082
4630.8,13.308336761524775
4631.0,15.90015797771359
4631.2,14.585581248541022
4631.4,14.820958771672874
4631.6,15.798188011690097
4631.8,15.034895574720055
4632.0,16.73189261673276
4632.2,17.058041769443363
4632.4,16.06760852479831
4632.6,16.568268366169747
4632.8,15.944308083288048
4633.0,15.928916612236169
4633.2,14.953884992911044
4633.4,14.755606937965684
4633.6,15.75342093303415
4633.8,16.689153349893278
4634.0,16.510091813521672
4634.2,18.49911382110675
4634.4,17.87831038534251
4634.6,18.201423797625125
4634.8,16.6078219749211
4635.0,18.992565959442224
4635.2,17.51591195290686
4635.4,16.295073513545987
4635.6,15.667772933583976
4635.8,15.988505280355845
4636.0,15.343348894246912
4636.2,15.89332274138156
4636.4,17.345446325174823
4636.6,16.78039269941131
4636.8,15.994895173993386
4637.0,16.782638293654948
4637.2,17.225670723195382
4637.4,17.006185169624366
4637.6,16.04450830381311
4637.8,16.5999805485631
4638.0,15.511653765519087
4638.2,16.89303320120491
4638.4,15.992650162491842
4638.6,14.380396568805109
4638.8,12.712157258639273
4639.0,12.517804395067976
4639.2,12.614695660733195
4639.4,12.393282125995192
4639.6,13.147206798828597
4639.8,12.838106988060398
4640.0,12.707253421419454
4640.2,12.905739206930155
4640.4,13.086638044666723
4640.6,12.995589488108488
4640.8,13.090047594624117
4641.0,13.047288587759734
4641.2,13.849441992543223
4641.4,14.430291546040472
4641.6,14.732207551379673
4641.8,15.097521722524785
4642.0,14.439048922526057
4642.2,13.920074741010355
4642.4,14.241093491963742
4642.6,13.496755218209453
4642.8,12.634199803946935
4643.0,13.420623685082958
4643.2,12.117660098160947
4643.4,11.547595503651424
4643.6,11.747385109037808
4643.8,12.725352628008649
4644.0,11.225971094925677
4644.2,11.807155766565533
4644.4,11.704665901170861
4644.6,10.83947698063098
4644.8,11.540377124925156
4645.0,11.40795088222323
4645.2,10.549103049131263
4645.4,10.707071342220921
4645.6,10.153273393833022
4645.8,10.054211920542471
4646.0,9.876652506519095
4646.2,9.760698635078347
4646.4,9.509445103844996
4646.6,9.833715396726223
4646.8,10.204127143650613
4647.0,10.047022305876554
4647.2,10.10136946227092
4647.4,9.98786175011756
4647.6,10.100062178509205
4647.8,9.924613085665122
4648.0,9.50563921277531
4648.2,9.697608579882846
4648.4,9.86868926522616
4648.6,9.908039662924923
4648.8,10.137443203204695
4649.0,10.229339298529665
4649.2,10.157065396799887
4649.4,10.32384405996443
4649.6,10.051314935176281
4649.8,10.158683065123412
4650.0,10.541256907316958
4650.2,10.755318785141606
4650.4,10.10673300765684
4650.6,10.421327022863034
4650.8,9.875920308597035
4651.0,10.252391777134545
4651.2,10.428316300010485
4651.4,9.813240669983358
4651.6,10.080139530204871
4651.8,10.490821221880527
4652.0,9.972494952471692
4652.2,9.07295554653732
4652.4,9.353263984262632
4652.6,9.31061684737437
4652.8,9.337990906648118
4653.0,9.19247255673684
4653.2,9.733402984174056
4653.4,9.505877191203654
4653.6,9.806712111274601
4653.8,10.078102157807486
4654.0,10.080563132277971
4654.2,10.537189277282327
4654.4,10.27544533734148
4654.6,9.922363670245101
4654.8,9.937238193722887
4655.0,10.03873828528012
4655.2,10.454261463669548
4655.4,10.13769355916607
4655.6,9.824058294439107
4655.8,10.08269013988534
4656.0,10.104374032423015
4656.2,9.584198480244517
4656.4,9.953683770108015
4656.6,10.05235929139167
4656.8,9.75242835933778
4657.0,9.816514273465678
4657.2,9.653727986471042
4657.4,9.63360955445699
4657.6,9.693559157929588
4657.8,9.615540770106483
4658.0,9.510077777804606
4658.2,9.63536653170419
4658.4,10.351219833027427
4658.6,10.863990668002234
4658.8,12.668089602330568
4659.0,12.166217827984791
4659.2,12.844869298394082
4659.4,11.853491692199805
4659.6,13.394052987373959
4659.8,12.821548155201539
4660.0,12.223773099621042
4660.2,12.789905010375008
4660.4,12.232999726483227
4660.6,11.978528674301835
4660.8,12.055573852012056
4661.0,12.189321629526248
4661.2,12.970951436715051
4661.4,12.132460079087101
4661.6,13.347600500623734
4661.8,11.676902560094668
4662.0,11.882277521534538
4662.2,11.690302682736434
4662.4,10.767303820199912
4662.6,10.064757362748606
4662.8,10.322003676477376
4663.0,10.569177449010105
4663.2,10.434679470997601
4663.4,10.581779258378479
4663.6,10.401441687720112
4663.8,10.704544263187877
4664.0,10.377123646048696
4664.2,10.910695235006662
4664.4,10.241106093842182
4664.6,10.391701614950854
4664.8,10.679977591686978
4665.0,10.434704620072521
4665.2,10.806393406807352
4665.4,10.524292560063348
4665.6,11.255489793259358
4665.8,12.756480092067
4666.0,13.864730957649027
4666.2,14.304605131802495
4666.4,12.971072947715356
4666.6,13.667005455863945
4666.8,13.350564441843346
4667.0,13.968314572870351
4667.2,13.412372440643887
4667.4,12.884900291414647
4667.6,12.6818570043865
4667.8,14.27955814184222
4668.0,13.850368996918432
4668.2,14.590459547940815
4668.4,13.609557655006657
4668.6,14.180145847176448
4668.8,13.848980652337307
4669.0,14.215882023102697
4669.2,14.840742898960155
4669.4,14.585345863509541
4669.6,15.327279921705728
4669.8,15.71418137916467
4670.0,14.993831651454173
4670.2,14.449473283480502
4670.4,15.081503451599845
4670.6,16.770342424909096
4670.8,16.535909312156623
4671.0,15.161323049014177
4671.2,13.80138336368363
4671.4,14.124484474114752
4671.6,11.882147524340152
4671.8,12.347081095909978
4672.0,12.32073070078323
4672.2,12.334548745236667
4672.4,14.73231920121074
4672.6,15.363959872185685
4672.8,15.5191407819288
4673.0,14.752619656022022
4673.2,15.096742400149381
4673.4,17.00936451254525
4673.6,17.19831772921417
4673.8,16.18232733637068
4674.0,16.083132479699557
4674.2,17.680846223252455
4674.4,17.246626412014866
4674.6,16.783099196285416
4674.8,15.720985769438753
4675.0,16.494815665613515
4675.2,16.45084999934768
4675.4,16.26545084778665
4675.6,15.404808819022103
4675.8,16.639921252643017
4676.0,17.123415352067056
4676.2,16.998593931038176
4676.4,18.107523887745586
4676.6,15.51915274015618
4676.8,15.747887055976665
4677.0,14.28289179709
4677.2,14.882594949871029
4677.4,15.439829472386348
4677.6,17.54505093457523
4677.8,15.92008621482198
4678.0,14.439911272651052
4678.2,14.233375933232079
4678.4,15.140472494640026
4678.6,14.437371658660997
4678.8,15.51351011971375
4679.0,16.83191828721261
4679.2,16.901152245061613
4679.4,15.18633836882965
4679.6,15.740532628170431
4679.8,16.102514561901444
4680.0,13.59079848074331
4680.2,13.399485149643034
4680.4,15.067031816852605
4680.6,16.564736309647216
4680.8,16.263724733639712
4681.0,16.79862110897215
4681.2,17.467480830731365
4681.4,16.984574523972388
4681.6,16.417703513057656
4681.8,18.67989729747455
4682.0,18.037778191251938
4682.2,18.223846291525813
4682.4,18.549031619257235
4682.6,17.33849798888584
4682.8,16.054789122332732
4683.0,15.09558398936689
4683.2,13.837479050707714
4683.4,11.445233125502465
4683.6,12.184672775770704
4683.8,11.968899156471817
4684.0,12.524279945765084
4684.2,13.121412655659482
4684.4,13.47224154057331
4684.6,13.471089777450178
4684.8,11.23259013642282
4685.0,11.197116547617627
4685.2,12.618497715259014
4685.4,12.441503125728302
4685.6,12.275653435499542
4685.8,12.639655166029533
4686.0,14.166974245037494
4686.2,14.688385472303708
4686.4,14.668821834548478
4686.6,15.543951986592706
4686.8,14.668604000733618
4687.0,14.511083284795216
4687.2,15.612165783121611
4687.4,16.723334093949568
4687.6,14.605960834652695
4687.8,14.35426858917128
4688.0,12.738719117016387
4688.2,13.780972839868843
4688.4,11.74051995090245
4688.6,13.602331840148093
4688.8,14.280532474462088
4689.0,14.141689393695927
4689.2,14.714308537026792
4689.4,16.040834871407878
4689.6,15.867694654099868
4689.8,15.81292196316725
4690.0,15.408667479764993
4690.2,15.180521867273423
4690.4,16.163183280567544
4690.6,16.515276695557056
4690.8,16.062541171135102
4691.0,17.206911920097248
4691.2,16.091954029455838
4691.4,18.14479050388057
4691.6,17.63466000039237
4691.8,15.647152147982377
4692.0,15.763650235890282
4692.2,15.435519867547923
4692.4,15.795378590244137
4692.6,15.012943015664355
4692.8,14.161920934601309
4693.0,17.353220561599674
4693.2,16.365227721195637
4693.4,17.9688946378846
4693.6,16.366217508643985
4693.8,16.30284002695159
4694.0,15.516166946214744
4694.2,16.607906690487805
4694.4,17.514936605586346
4694.6,15.963174592105274
4694.8,15.508111457461675
4695.0,16.01058063744783
4695.2,15.18644654501899
4695.4,16.54679148601418
4695.6,15.964528829423237
4695.8,17.548875847018827
4696.0,16.60495003987439
4696.2,16.623772393243186
4696.4,15.781891451688562
4696.6,16.21096882749573
4696.8,16.132982465905116
4697.0,14.768805002906602
4697.2,15.636602132306166
4697.4,16.29180794207709
4697.6,15.417895434019169
4697.8,16.617530617983768
4698.0,15.36763944894658
4698.2,15.634595036447362
4698.4,15.980973043881594
4698.6,16.033382451315923
4698.8,14.131163457218134
4699.0,13.02222010439074
4699.2,13.773531714020013
4699.4,12.186616955141854
4699.6,11.794476432571798
4699.8,12.488235770225582
4700.0,13.873225458231166
4700.2,14.692140331264667
4700.4,13.983227550143152
4700.6,14.173960378652328
4700.8,13.798004944352245
4701.0,13.780936962818163
4701.2,13.397490941636875
4701.4,14.170293590447233
4701.6,14.25998598792452
4701.8,13.626661451129937
4702.0,14.592833384683646
4702.2,14.283650034223239
4702.4,13.532832370417653
4702.6,13.545843458420983
4702.8,13.69325749613954
4703.0,12.89764858735639
4703.2,12.815889108942661
4703.4,13.731200247468456
4703.6,13.223188549509219
4703.8,13.183720332320252
4704.0,12.668589127755695
4704.2,13.377218095551305
4704.4,13.607016938270519
4704.6,13.267664796747155
4704.8,13.958798654920164
4705.0,13.474222819846723
4705.2,13.137858366009441
4705.4,13.765952913427672
4705.6,14.167205562097207
4705.8,13.00745507515769
4706.0,13.922657012104267
4706.2,13.723924006327188
4706.4,13.281154906529256
4706.6,13.10968686961968
4706.8,14.061218518522418
4707.0,13.645760330555714
4707.2,13.892457452152744
4707.4,13.987275088035197
4707.6,13.130700262394775
4707.8,12.592342808280787
4708.0,11.86458082912462
4708.2,11.606369823863929
4708.4,13.338213750366714
4708.6,13.551034460035554
4708.8,13.12825698748821
4709.0,12.348811972975916
4709.2,12.807555925073792
4709.4,12.621881547788139
4709.6,12.453289685735793
4709.8,12.416909521038203
4710.0,11.792676153639919
4710.2,12.813691597692616
4710.4,12.473689317377746
4710.6,12.346628104346035
4710.8,12.975057080349703
4711.0,11.741717525858157
4711.2,13.109433013157684
4711.4,13.164941875447614
4711.6,12.436784216330565
4711.8,13.05566098304708
4712.0,11.46568248572751
4712.2,10.713147911458904
4712.4,10.649425071727922
4712.6,10.307744877122989
4712.8,10.327113343516245
4713.0,10.790476432687582
4713.2,9.760759501118377
4713.4,10.124250432093206
4713.6,11.362615599244696
4713.8,11.882043104625087
4714.0,11.499443377026168
4714.2,10.88853015590719
4714.4,10.873268708608295
4714.6,12.835257073945002
4714.8,11.251273111089333
4715.0,12.73364127022317
4715.2,11.95024028499699
4715.4,13.566952138219346
4715.6,13.422146838074553
4715.8,14.348602830014624
4716.0,13.666812512205471
4716.2,13.056699339386997
4716.4,12.473924162459102
4716.6,13.985155851186228
4716.8,13.157326292255666
4717.0,13.952901687307289
4717.2,13.72894636528325
4717.4,13.514817873166338
4717.6,13.789449035282267
4717.8,13.84758025743274
4718.0,12.85087840170335
4718.2,13.207893991278834
4718.4,14.975599692089816
4718.6,14.839673249005545
4718.8,14.036250666874972
4719.0,15.28038510375632
4719.2,14.54814303502474
4719.4,14.056010595436348
4719.6,15.006028765503157
4719.8,12.633599403038996
4720.0,14.791125068216974
4720.2,15.922565059152827
4720.4,15.018898245908598
4720.6,14.44502525812875
4720.8,14.286642115017363
4721.0,14.323129586981585
4721.2,14.298968487505935
4721.4,12.73408619114581
4721.6,11.623519958837754
4721.8,11.521726054125946
4722.0,11.720296750504167
4722.2,11.995956143486875
4722.4,12.346235975622964
4722.6,12.114474431967555
4722.8,12.19405685096765
4723.0,12.31402165979205
4723.2,12.796767583448563
4723.4,12.628214491779275
4723.6,12.310388712007388
4723.8,10.55980194624124
4724.0,11.3256204763446
4724.2,10.932061631612074
4724.4,12.487288583682986
4724.6,11.724179394690541
4724.8,12.250446634437434
4725.0,11.192515232886118
4725.2,11.279144070651546
4725.4,9.948333708951246
4725.6,10.271012685700674
4725.8,10.4136834244059
4726.0,11.417809892641195
4726.2,11.074134920380171
4726.4,11.345015318853758
4726.6,11.055442590410571
4726.8,11.745866766748014
4727.0,11.090828523157564
4727.2,11.314953549077263
4727.4,11.090810543879465
4727.6,11.179966573664524
4727.8,11.383551170621747
4728.0,11.13299630523513
4728.2,11.658821753077904
4728.4,10.853510273836132
4728.6,10.953162851166447
4728.8,10.245519532975996
4729.0,9.732781563814491
4729.2,9.533296597635664
4729.4,10.33726296388188
4729.6,10.375709874071271
4729.8,9.715837089486632
4730.0,9.592178268443346
4730.2,9.925310051436314
4730.4,9.985314929392286
4730.6,9.979983960849802
4730.8,9.84753368082883
4731.0,10.218348862887964
4731.2,10.272377528140451
4731.4,10.109275914199888
4731.6,10.076668991182975
4731.8,10.123790018401206
4732.0,9.862699911290548
4732.2,9.73018971577864
4732.4,9.780663750747898
4732.6,9.885510916145682
4732.8,9.601942673274182
4733.0,9.82104479773174
4733.2,9.878747661947076
4733.4,9.868105102352455
4733.6,9.672665455732945
4733.8,9.464860809259322
4734.0,9.566813086680774
4734.2,9.618636022358746
4734.4,10.040304292366006
4734.6,9.604585554389052
4734.8,9.581350310654367
4735.0,10.632179665883879
4735.2,9.916923399915236
4735.4,9.720044270413815
4735.6,9.442673440521055
4735.8,10.056140304189709
4736.0,10.543173581058172
4736.2,11.243895089991616
4736.4,11.03209116028566
4736.6,11.871751744444692
4736.8,11.351101823252694
4737.0,10.538709615313538
4737.2,10.074362881238027
4737.4,9.872001189319809
4737.6,10.465331389196395
4737.8,9.890586621995398
4738.0,10.06113434090253
4738.2,10.132968808311455
4738.4,10.807742953669644
4738.6,11.555555408353928
4738.8,10.664603278360145
4739.0,10.160401958575818
4739.2,10.211806162961391
4739.4,9.937676927412824
4739.6,10.767476299254945
4739.8,10.018336451461465
4740.0,11.177630680109687
4740.2,9.593102593481353
4740.4,9.983672151584454
4740.6,9.721062351403607
4740.8,9.874406844550332
4741.0,10.036689131615077
4741.2,9.560292139151501
4741.4,9.903842842152804
4741.6,11.071401527736446
4741.8,10.787909089799538
4742.0,10.804028238710648
4742.2,10.685026756965684
4742.4,11.069715897056048
4742.6,10.979295724480718
4742.8,10.547570100735697
4743.0,10.583420577365104
4743.2,10.656014125585038
4743.4,11.47772924254105
4743.6,11.233951143740004
4743.8,11.149506674667364
4744.0,10.709371154835614
4744.2,10.523208159488181
4744.4,10.206955989525678
4744.6,11.627501695269872
4744.8,10.57369443359963
4745.0,10.520056523998914
4745.2,11.41325329309118
4745.4,10.772017491824371
4745.6,10.81324931585625
4745.8,10.548206805980879
4746.0,10.55597321094295
4746.2,11.21762838530977
4746.4,10.706074618625001
4746.6,9.605015906024146
4746.8,9.773036019599965
4747.0,9.855086511833298
4747.2,9.779326579013164
4747.4,9.726222844807939
4747.6,9.596927012075735
4747.8,9.258363021441077
4748.0,9.072785014484586
4748.2,9.218373276129068
4748.4,9.095660085659663
4748.6,8.931106377652625
4748.8,9.413772059145861
4749.0,9.449759518670561
4749.2,9.287573947706697
4749.4,9.341986279751627
4749.6,9.557152441632338
4749.8,9.534611658025323
4750.0,9.909526877654631
4750.2,9.961494517751209
4750.4,10.328983974237943
4750.6,10.27021766202415
4750.8,10.284631197417804
4751.0,10.361807738720179
4751.2,9.601906616363063
4751.4,9.57268648440496
4751.6,9.895522110349344
4751.8,9.722414694758164
4752.0,9.515954499635765
4752.2,9.889707470058882
4752.4,10.748960576162979
4752.6,10.430137962753005
4752.8,11.17692159907174
4753.0,10.533248418556463
4753.2,10.488371236684223
4753.4,9.878660514020584
4753.6,10.813246184688603
4753.8,11.102300830672078
4754.0,11.213029653688228
4754.2,11.940983884065332
4754.4,10.86950782205443
4754.6,11.291239127794828
4754.8,12.081669460778313
4755.0,13.000373600385162
4755.2,12.079507277008766
4755.4,12.211788113961447
4755.6,12.446245486452005
4755.8,12.254384997111494
4756.0,11.749905062709027
4756.2,11.739138222912102
4756.4,12.653481315148142
4756.6,13.61080258966153
4756.8,14.090185737007413
4757.0,14.873976635686299
4757.2,13.734177807999568
4757.4,15.11603324926567
4757.6,13.431100930605899
4757.8,11.690421325452572
4758.0,13.378450163805443
4758.2,14.265716014817457
4758.4,16.329656265258784
4758.6,14.74014800185307
4758.8,16.38107736809016
4759.0,15.937870244843344
4759.2,15.23342595216057
4759.4,14.957161327571654
4759.6,16.95108754708595
4759.8,15.270339301977057
4760.0,14.397167792695718
4760.2,15.249858445923536
4760.4,14.312574085919827
4760.6,14.008642655243788
4760.8,13.591628844850536
4761.0,13.04132423610249
4761.2,13.229073457055913
4761.4,13.559572025935374
4761.6,12.806092726399282
4761.8,12.475924114009466
4762.0,14.537339637028852
4762.2,12.744426098928187
4762.4,12.48400253483557
4762.6,13.077977008861355
4762.8,12.578238220420294
4763.0,13.104169455845799
4763.2,12.88509549247874
4763.4,13.378277872682752
4763.6,13.867676901601488
4763.8,12.888454839393084
4764.0,13.654818676408343
4764.2,14.79200520714967
4764.4,14.765906800732406
4764.6,14.335892859347421
4764.8,14.05875108954384
4765.0,13.806785130105315
4765.2,12.222917938574989
4765.4,13.163006514788476
4765.6,13.311808500359666
4765.8,12.800952815867623
4766.0,12.694364708761585
4766.2,12.809082788007931
4766.4,13.76719578845102
4766.6,13.503044422055353
4766.8,14.484726132579924
4767.0,14.199117634999004
4767.2,12.981901568637292
4767.4,13.19417106874117
4767.6,12.90137722126885
4767.8,13.476218607360163
4768.0,13.298037761857803
4768.2,13.252956062249577
4768.4,13.924491029021098
4768.6,13.119502796603742
4768.8,12.735859176459606
4769.0,13.067637099293375
4769.2,14.452972026720856
4769.4,14.572578627305774
4769.6,14.123507168059302
4769.8,13.453503328522654
4770.0,13.164785970310977
4770.2,13.460309753443658
4770.4,13.203297761218344
4770.6,12.978051837353474
4770.8,13.51884160427767
4771.0,13.897286273014974
4771.2,13.077556708185785
4771.4,12.111004207603678
4771.6,13.547892274400704
4771.8,12.057479943861802
4772.0,12.497130049729911
4772.2,13.064147012968553
4772.4,13.609278863395742
4772.6,14.633981034613928
4772.8,13.653674182600293
4773.0,13.152107503348816
4773.2,13.779822966517756
4773.4,13.540460277179555
4773.6,13.921780028124097
4773.8,14.387343639899887
4774.0,15.041301806008978
4774.2,14.994696811453958
4774.4,14.586906925407332
4774.6,15.63290424449762
4774.8,15.290419752072676
4775.0,15.13949770029804
4775.2,14.886426824606428
4775.4,14.270929961730975
4775.6,13.906300310645168
4775.8,14.708496958639985
4776.0,13.310926322275776
4776.2,12.675296036556873
4776.4,13.07819983551112
4776.6,14.118437981600165
4776.8,13.323645574984553
4777.0,12.765273299439357
4777.2,13.81750628126839
4777.4,13.025448335867472
4777.6,13.804133041181439
4777.8,14.087271311521015
4778.0,13.84110572250789
4778.2,13.487643403591242
4778.4,13.023490300397375
4778.6,13.864453017304129
4778.8,11.406429335051653
4779.0,12.18563858591277
4779.2,11.831435686755787
4779.4,11.839268577838272
4779.6,12.75874263546211
4779.8,12.352159375743813
4780.0,12.936763042467227
4780.2,12.82444274604953
4780.4,12.635978650434259
4780.6,12.27684782830027
4780.8,12.54269175460182
4781.0,11.809624498756637
4781.2,12.34594450610848
4781.4,11.676042464552928
4781.6,10.494059504121903
4781.8,12.283160993247137
4782.0,11.290400175523951
4782.2,12.340971119807378
4782.4,12.103948649853981
4782.6,11.167581166366682
4782.8,11.067805996532684
4783.0,12.82448832160795
4783.2,11.687081897249865
4783.4,10.776980154973412
4783.6,10.421336238635535
4783.8,10.899927423199667
4784.0,11.686580426733517
4784.2,11.205404419722027
4784.4,12.037782089221388
4784.6,11.219530286441948
4784.8,11.284406577622658
4785.0,10.24088677071131
4785.2,10.327483123547594
4785.4,10.488608600871942
4785.6,10.399243218473728
4785.8,10.572773521205281
4786.0,10.327614000761773
4786.2,11.25415610042994
4786.4,11.84615916348032
4786.6,13.42658670050598
4786.8,11.456618849559032
4787.0,10.59429404533574
4787.2,11.641906470723331
4787.4,11.412942641143712
4787.6,11.09081583674164
4787.8,11.415077310391792
4788.0,12.063684179134365
4788.2,11.738962360386129
4788.4,12.283956420455219
4788.6,11.752891134974352
4788.8,11.691703144997588
4789.0,13.12220566799651
4789.2,13.74268297308699
4789.4,13.623920257559485
4789.6,14.058928147505455
4789.8,13.981058594446168
4790.0,12.882547804405846
4790.2,11.899241839267527
4790.4,14.466301293497354
4790.6,14.77298164643419
4790.8,13.097692888965133
4791.0,12.764938372102526
4791.2,13.575323114244522
4791.4,12.940653384057622
4791.6,12.874501576884633
4791.8,11.953897205894059
4792.0,11.872615570168598
4792.2,11.386954253936167
4792.4,11.483498661856654
4792.6,10.970877559599373
4792.8,10.947348086494115
4793.0,12.851168890980883
4793.2,12.808718523727748
4793.4,12.431932654820923
4793.6,13.567282377753564
4793.8,13.713336807410684
4794.0,14.324722999793106
4794.2,14.270548839182675
4794.4,13.55282661170381
4794.6,12.455572590570533
4794.8,13.443254347207109
4795.0,12.553791305926591
4795.2,13.171068297011157
4795.4,12.99988368000314
4795.6,12.98741466762513
4795.8,14.28765679542116
4796.0,13.38904602575634
4796.2,14.36167721352684
4796.4,13.352485887652932
4796.6,13.07016617069452
4796.8,13.330831713782857
4797.0,14.488268136096334
4797.2,14.310484610239202
4797.4,13.357490260830087
4797.6,12.718097019305043
4797.8,12.28155470554103
4798.0,12.622740545066291
4798.2,12.872127549108365
4798.4,13.7932537904307
4798.6,12.868028318825008
4798.8,12.235398965756472
4799.0,10.727800723308542
4799.2,11.634364347915549
4799.4,12.07402829048846
4799.6,13.132352372536612
4799.8,12.913918577297084
4800.0,13.971044372386967
4800.2,14.26535291882966
4800.4,13.608622651069286
4800.6,12.65968209202417
4800.8,12.540672383675112
4801.0,14.579311916704436
4801.2,14.022027596653837
4801.4,14.483388368013658
4801.6,14.456586982427062
4801.8,14.902772244551869
4802.0,14.684527759511429
4802.2,14.90761625336221
4802.4,15.126834904131062
4802.6,15.711820954613705
4802.8,16.693904384484167
4803.0,16.657843152727963
4803.2,16.372627197324118
4803.4,15.225176686770395
4803.6,16.785145613238342
4803.8,17.693690345954657
4804.0,15.855320093106972
4804.2,17.23629682702285
4804.4,17.30950169037293
4804.6,17.00553275394839
4804.8,16.009831174573954
4805.0,15.467657758878468
4805.2,15.905426889101197
4805.4,15.416367984565934
4805.6,16.624774779067234
4805.8,15.319718773610214
4806.0,15.828508413289564
4806.2,15.534155499455334
4806.4,14.636611002065445
4806.6,14.689494315068215
4806.8,16.075468820310142
4807.0,15.539078945718268
4807.2,17.541911182083826
4807.4,18.247974047277214
4807.6,16.659760466834182
4807.8,14.975068398484714
4808.0,16.205856227970703
4808.2,17.619958619936153
4808.4,16.281068641597
4808.6,15.376109412558097
4808.8,15.796728496819103
4809.0,14.392889288334246
4809.2,14.237456098318336
4809.4,14.810888479261939
4809.6,15.73595035226421
4809.8,15.431963990556554
4810.0,14.386203850248842
4810.2,14.678057138718707
4810.4,14.870459542162243
4810.6,15.335553373001737
4810.8,13.854658144654223
4811.0,14.444931443622211
4811.2,15.397285356119193
4811.4,15.42320242556981
4811.6,16.712059615905066
4811.8,15.669639273457268
4812.0,14.705874200775096
4812.2,15.395184585889156
4812.4,15.02560610623224
4812.6,14.898780711153814
4812.8,14.815459451149145
4813.0,14.018143583620514
4813.2,14.731862373926294
4813.4,14.035294957560343
4813.6,15.03846533181072
4813.8,15.851774564144227
4814.0,14.600365875401389
4814.2,15.794392514120062
4814.4,15.3175480243126
4814.6,13.27952309591243
4814.8,12.463242066743538
4815.0,14.23540513378997
4815.2,15.131955211197983
4815.4,11.612224639330414
4815.6,11.594181078115096
4815.8,13.374037873669735
4816.0,13.271383096608645
4816.2,14.51195655968675
4816.4,15.147349038526418
4816.6,13.392867934589816
4816.8,13.622722987826625
4817.0,14.198915173402856
4817.2,14.628695491133294
4817.4,14.43877877745612
4817.6,14.53193448713109
4817.8,13.860730223309607
4818.0,15.015728711826082
4818.2,16.026949473175872
4818.4,15.482763776487939
4818.6,16.029687832780258
4818.8,16.246078536969478
4819.0,15.620695288964857
4819.2,15.041839305580893
4819.4,12.617613293495964
4819.6,12.46571201174463
4819.8,14.342789712569196
4820.0,14.837118760295843
4820.2,15.730217074930879
4820.4,13.94652889068028
4820.6,13.621524340894473
4820.8,11.830110550729035
4821.0,12.813116926528604
4821.2,13.72743054903038
4821.4,12.161101129837249
4821.6,13.59922832520648
4821.8,14.430431363638036
4822.0,16.216673286953952
4822.2,13.338792445036699
4822.4,13.941456479441904
4822.6,15.854661744121472
4822.8,16.024937891285308
4823.0,15.180332296434688
4823.2,15.523083983601786
4823.4,15.92000370369248
4823.6,15.177579054267271
4823.8,15.71389593142779
4824.0,14.139607469441927
4824.2,15.046489968484
4824.4,13.870836998166983
4824.6,13.80337809420723
4824.8,13.015712019472392
4825.0,12.682618553989752
4825.2,12.155941667174144
4825.4,12.364392986348614
4825.6,11.26035041912828
4825.8,12.402812567272054
4826.0,13.54526376664464
4826.2,14.57232515669956
4826.4,14.723348981857098
4826.6,15.616110939854003
4826.8,15.995416730833947
4827.0,14.554884571850772
4827.2,13.897752651822849
4827.4,15.492704498730827
4827.6,15.706635161816385
4827.8,14.872115656737082
4828.0,14.669950223534771
4828.2,14.194179412515995
4828.4,14.593964051409657
4828.6,13.476389972767642
4828.8,15.098007654265189
4829.0,14.318171438690605
4829.2,13.36089118674414
4829.4,13.864561933842001
4829.6,14.56502860824614
4829.8,14.928159996731464
4830.0,15.13989082577556
4830.2,13.470030067557717
4830.4,12.908960686022796
4830.6,14.514179953965394
4830.8,13.221484321928456
4831.0,12.695430886256355
4831.2,12.494992232844272
4831.4,13.092885052264476
4831.6,13.098556438947522
4831.8,14.170952634921072
4832.0,14.687144431773678
4832.2,14.39650485981224
4832.4,12.58716773504862
4832.6,12.996471029356012
4832.8,13.62867500169549
4833.0,12.748493569140805
4833.2,12.710387380352245
4833.4,15.087620363702934
4833.6,15.491647411277917
4833.8,14.719962958901158
4834.0,14.155995090326371
4834.2,13.57382507995386
4834.4,14.494035136750904
4834.6,13.263869818522815
4834.8,13.941897817183314
4835.0,14.382625846462071
4835.2,14.648510129253854
4835.4,14.12559304653503
4835.6,15.254584377095423
4835.8,15.171584037688469
4836.0,15.511280257480442
4836.2,15.406230550399494
4836.4,16.18032127314825
4836.6,15.850296592403893
4836.8,15.741914676032438
4837.0,14.956582341614208
4837.2,13.759677943451967
4837.4,12.98015872214847
4837.6,12.543767139707256
4837.8,12.565165609173604
4838.0,13.932984209259342
4838.2,13.811209294131256
4838.4,13.524837064152106
4838.6,13.59719236688071
4838.8,13.172566137993073
4839.0,13.193080100467014
4839.2,13.164937296939668
4839.4,10.928559321183455
4839.6,12.449582952609132
4839.8,12.185839328357638
4840.0,11.896269858809367
4840.2,11.059796582271646
4840.4,12.663218957274607
4840.6,13.773594511482132
4840.8,13.29133320987831
4841.0,11.956633508459152
4841.2,12.54285919259
4841.4,12.024292463914303
4841.6,12.855590927678422
4841.8,13.270835981618417
4842.0,11.77263087755138
4842.2,12.468359233456784
4842.4,11.381996272638144
4842.6,10.91158186701473
4842.8,11.218166575556776
4843.0,11.616398772915677
4843.2,11.591442627921722
4843.4,11.47548519630618
4843.6,11.050840267516111
4843.8,11.068460676625758
4844.0,12.826538874080216
4844.2,11.461123905262351
4844.4,12.452314245773813
4844.6,13.690912470385106
4844.8,14.547796260347177
4845.0,14.148988968130237
4845.2,14.76738605652254
4845.4,14.02823353946902
4845.6,13.948643465037376
4845.8,13.587769705517863
4846.0,14.098018244206791
4846.2,13.964402817614
4846.4,13.105543243432706
4846.6,14.239459195847123
4846.8,14.301176872376027
4847.0,12.109008571727493
4847.2,11.937088237537104
4847.4,10.893138296404592
4847.6,11.51791476973287
4847.8,13.044845160622065
4848.0,14.964567408182734
4848.2,14.322699401431592
4848.4,13.565762303546327
4848.6,13.097727069982113
4848.8,13.524870368959693
4849.0,13.819929980396813
4849.2,14.349079311538148
4849.4,14.6411458397114
4849.6,14.200874824812626
4849.8,13.855851539696445
4850.0,14.468568227416299
4850.2,13.884016824454253
4850.4,14.431918372157838
4850.6,14.637004030120607
4850.8,14.14283942377353
4851.0,14.330344709812765
4851.2,15.357228960367376
4851.4,16.251830358857113
4851.6,15.45689815914062
4851.8,15.589270039236622
4852.0,16.6430404775565
4852.2,15.721495563799603
4852.4,14.748072720022371
4852.6,14.429468017552916
4852.8,14.291419381085504
4853.0,15.11585273673936
4853.2,13.669091094428175
4853.4,12.97279498350705
4853.6,13.595528072999322
4853.8,13.272616685320086
4854.0,11.513542112017767
4854.2,11.357197257305529
4854.4,13.774827848987371
4854.6,13.254983976654502
4854.8,13.858367121293131
4855.0,12.745748089095141
4855.2,11.332825881153152
4855.4,12.584988090168848
4855.6,11.685741339658723
4855.8,13.840938489580672
4856.0,14.249212114073417
4856.2,14.202370074934716
4856.4,14.361992896059139
4856.6,14.899805972817731
4856.8,15.512306492303704
4857.0,14.66252088549063
4857.2,14.272604273765948
4857.4,14.557228078718893
4857.6,15.538683647676141
4857.8,14.694771627437381
4858.0,13.391781722342198
4858.2,13.813613362804382
4858.4,13.948533272352106
4858.6,13.252400718911053
4858.8,12.923435686462305
4859.0,12.935982613811738
4859.2,12.930999263209573
4859.4,14.461751169001323
4859.6,12.1182909106602
4859.8,11.187098883597793
4860.0,11.390728382769726
4860.2,11.19384710788777
4860.4,12.537130504303915
4860.6,11.945362976754533
4860.8,13.663268575789617
4861.0,14.964801012337393
4861.2,15.141125888836527
4861.4,14.048453609666044
4861.6,15.788592871905145
4861.8,14.71446305386123
4862.0,16.25438693687878
4862.2,15.335577392111146
4862.4,18.17803748348064
4862.6,15.263887579553579
4862.8,15.396386731335724
4863.0,15.765753508602776
4863.2,14.58558180321898
4863.4,14.634119451257906
4863.6,15.863897682320223
4863.8,16.261364676189395
4864.0,16.76764308191354
4864.2,16.916405626180293
4864.4,14.680678290351814
4864.6,14.774991725188777
4864.8,14.314880475558665
4865.0,13.73713089906947
4865.2,13.18664377338606
4865.4,14.010784175274617
4865.6,14.189414713497861
4865.8,14.404021451414886
4866.0,14.811563104045327
4866.2,14.976925783586388
4866.4,13.945323712592684
4866.6,13.41885547088106
4866.8,13.86168584487472
4867.0,13.062690414282079
4867.2,13.150835848191031
4867.4,12.562657376544681
4867.6,14.191841911752102
4867.8,13.410147188811818
4868.0,11.97553638834447
4868.2,12.480158456216994
4868.4,11.78359195744694
4868.6,11.635751022626625
4868.8,12.038879989660883
4869.0,11.623619728779458
4869.2,11.679469772167188
4869.4,13.90450306454518
4869.6,13.480381110728777
4869.8,13.753904503528481
4870.0,13.863927824551478
4870.2,13.472803265818216
4870.4,13.70930381257638
4870.6,14.178681902754963
4870.8,14.154558456990198
4871.0,14.34312007047414
4871.2,14.453321348673416
4871.4,14.638914456381919
4871.6,15.717642330943239
4871.8,13.552891169570865
4872.0,14.940549201412736
4872.2,13.050951217926377
4872.4,13.11569278579407
4872.6,14.093987744368437
4872.8,13.756854134528027
4873.0,12.019346248233356
4873.2,12.50014026342008
4873.4,14.27480914710872
4873.6,14.040203201134345
4873.8,14.253897351196073
4874.0,14.407814408932527
4874.2,16.152367137604635
4874.4,13.97323106083892
4874.6,11.757048148214867
4874.8,12.332015205212974
4875.0,11.373545339576712
4875.2,11.3487820624939
4875.4,11.338534158134443
4875.6,11.783881516675327
4875.8,13.285490234434793
4876.0,12.69130707282163
4876.2,13.2433026997643
4876.4,13.108404651655395
4876.6,13.292673327139372
4876.8,13.905258012537702
4877.0,14.041262852297631
4877.2,14.066615697541089
4877.4,15.289157513641685
4877.6,14.850898205438696
4877.8,13.90221114151884
4878.0,14.892701344870375
4878.2,14.199385475123723
4878.4,14.107194637594107
4878.6,13.153403926698369
4878.8,12.318172677308857
4879.0,13.734984231802125
4879.2,14.533550608695938
4879.4,15.176850263428117
4879.6,15.020181005152565
4879.8,12.857455116381333
4880.0,13.607009928489264
4880.2,14.409265515965537
4880.4,15.840550917694376
4880.6,16.57683135822461
4880.8,15.556117258523297
4881.0,15.698021874265496
4881.2,15.742778967718483
4881.4,16.730801527041372
4881.6,16.228195309666514
4881.8,16.26015576389143
4882.0,17.48018015502568
4882.2,16.824036133569813
4882.4,15.62904447196342
4882.6,16.663950717114282
4882.8,16.968670998225207
4883.0,14.780748658119299
4883.2,14.492523515554902
4883.4,16.32518155953531
4883.6,16.319797789811663
4883.8,15.773727853627499
4884.0,15.13262353290994
4884.2,15.000459737383922
4884.4,13.898686183342896
4884.6,15.01905903467231
4884.8,14.499184986628745
4885.0,16.381654456498303
4885.2,15.696971411202128
4885.4,17.762219778667266
4885.6,16.12765292741915
4885.8,16.544439658804706
4886.0,16.894612205608304
4886.2,17.411185724617695
4886.4,16.06945030364736
4886.6,17.31641223901008
4886.8,17.60529903414337
4887.0,15.316895025605636
4887.2,17.700561376584282
4887.4,18.529893049958073
4887.6,17.106841355993396
4887.8,16.929798008728227
4888.0,15.24503304404133
4888.2,16.130961757556978
4888.4,16.476777817470417
4888.6,16.611344898213833
4888.8,15.507752476467209
4889.0,16.249185904944152
4889.2,15.86277415701861
4889.4,17.601979893959914
4889.6,16.930390766247083
4889.8,15.93675296691923
4890.0,14.8927329856294
4890.2,14.981280541417128
4890.4,14.990049048651994
4890.6,15.343489242445177
4890.8,14.971902750710576
4891.0,15.332835479017405
4891.2,14.02922934702633
4891.4,15.528251396887429
4891.6,14.459096246502694
4891.8,15.299611484499456
4892.0,16.529050851119354
4892.2,15.723710718379245
4892.4,15.024457653044008
4892.6,15.77753629358218
4892.8,16.85619569630383
4893.0,16.45439806513947
4893.2,15.5226217141861
4893.4,15.962255338057734
4893.6,15.20250091957041
4893.8,14.135543806198514
4894.0,14.955057896436166
4894.2,14.161310577227948
4894.4,16.023262752547346
4894.6,14.533160665604663
4894.8,16.234544323366684
4895.0,16.041886926051603
4895.2,15.491632180200956
4895.4,16.10734884280635
4895.6,16.075177149446876
4895.8,17.289924308796845
4896.0,17.94368527175222
4896.2,15.867218867201597
4896.4,14.715340175814006
4896.6,14.39254061608829
4896.8,15.684303838228118
4897.0,14.684962420099147
4897.2,14.769513783747017
4897.4,14.546379013347092
4897.6,16.12916963906079
4897.8,14.238902864584126
4898.0,14.254786458741972
4898.2,14.815036822361796
4898.4,14.769035595922446
4898.6,16.117242441690788
4898.8,16.137805631222683
4899.0,16.935269765905737
4899.2,17.54095787422567
4899.4,17.345423677570494
4899.6,17.11689607671944
4899.8,16.747274167001272
4900.0,15.765924250220367
4900.2,15.451889099218706
4900.4,14.994209991092564
4900.6,14.604274831580213
4900.8,14.065155558334784
4901.0,15.071382940272152
4901.2,14.559087962435553
4901.4,15.251347760905281
4901.6,14.750846406966474
4901.8,15.651524580432328
4902.0,15.977891351088214
4902.2,17.011780803496073
4902.4,14.038280405098448
4902.6,15.414094653626016
4902.8,14.939613929575184
4903.0,16.341766473910123
4903.2,15.488126245038066
4903.4,15.775392442421268
4903.6,15.935392215837378
4903.8,15.611305876108155
4904.0,15.158196854767233
4904.2,15.191414314053183
4904.4,15.262967768005204
4904.6,16.661018020988884
4904.8,16.56599182532565
4905.0,16.86701338712275
4905.2,15.10954782184431
4905.4,16.04418219057943
4905.6,16.72757077614123
4905.8,16.01837866711191
4906.0,14.363226697200169
4906.2,16.324511747016267
4906.4,15.948054382551684
4906.6,16.313551582164173
4906.8,17.031494532304336
4907.0,18.64619293080444
4907.2,18.038978519980922
4907.4,17.132839060706356
4907.6,17.87547458246226
4907.8,16.606041737415797
4908.0,15.96136048352993
4908.2,15.368752142006576
4908.4,13.551366877765858
4908.6,13.956542308560497
4908.8,14.40518568279532
4909.0,15.972866102958523
4909.2,15.0350248259571
4909.4,15.152279224846536
4909.6,15.70916191289377
4909.8,16.54710740883204
4910.0,14.982368713011883
4910.2,15.245600391968118
4910.4,14.929486544072041
4910.6,16.068569922046095
4910.8,16.285380126164227
4911.0,14.463449955849402
4911.2,12.478034583354685
4911.4,13.272999965496467
4911.6,14.256720993931962
4911.8,13.278687273641891
4912.0,13.943997325504519
4912.2,13.821117441404336
4912.4,14.110779433863893
4912.6,15.14281316123181
4912.8,15.922457902234267
4913.0,14.933103046343057
4913.2,16.25086808433038
4913.4,14.344483829299747
4913.6,14.746550294974924
4913.8,14.154456579736918
4914.0,14.502561692063878
4914.2,15.722278108847267
4914.4,15.423806198101913
4914.6,15.583520814016708
4914.8,15.379294085423936
4915.0,13.625088025265535
4915.2,11.46783074216414
4915.4,12.610277736487864
4915.6,14.614064860927598
4915.8,16.88641840980238
4916.0,15.848000668256779
4916.2,15.425125355474801
4916.4,14.931432850116535
4916.6,15.34425033635191
4916.8,16.55083635010342
4917.0,16.191543346431892
4917.2,15.84184031722832
4917.4,14.590693717897649
4917.6,14.286259160841388
4917.8,13.888556331435169
4918.0,14.060601920121773
4918.2,14.76549299010998
4918.4,16.2984400277074
4918.6,15.717533430485663
4918.8,15.635560808014207
4919.0,17.19419726602123
4919.2,16.157750291477267
4919.4,14.56995722748889
4919.6,16.87838734921606
4919.8,16.134636510745427
4920.0,15.80163665473751
4920.2,15.841094893669606
4920.4,14.886147165797418
4920.6,13.879375620913844
4920.8,15.074959467665543
4921.0,16.26992911666776
4921.2,15.773481274434047
4921.4,16.23125019364147
4921.6,15.570376872096395
4921.8,15.631741702393578
4922.0,14.488893549556991
4922.2,15.631311185596994
4922.4,16.400889992815276
4922.6,17.62773559160775
4922.8,16.13150232979365
4923.0,16.660428015839905
4923.2,17.023274656960737
4923.4,16.47426039525193
4923.6,16.1960279985854
4923.8,17.075192109457408
4924.0,18.684970624194314
4924.2,18.94769841914188
4924.4,19.004512930581335
4924.6,19.21220452893357
4924.8,19.281543350850463
4925.0,18.495210604396384
4925.2,18.83390280556396
4925.4,18.982935887904258
4925.6,19.04549927386858
4925.8,19.148820868846055
4926.0,16.484456836867942
4926.2,16.071574962455554
4926.4,16.938638217247775
4926.6,17.21876478936594
4926.8,18.8099763392557
4927.0,18.755711352015027
4927.2,18.316631546708585
4927.4,18.972753052403075
4927.6,17.448398816927366
4927.8,16.349855217180146
4928.0,13.985944364761064
4928.2,15.491210859679681
4928.4,17.344656929630744
4928.6,15.533963279530541
4928.8,16.84932278228906
4929.0,17.36602901689694
4929.2,18.876390201195967
4929.4,18.8879902150165
4929.6,17.765644293805085
4929.8,16.606849786481625
4930.0,14.347637772240345
4930.2,15.075681088498587
4930.4,13.639623030410581
4930.6,13.616786655405326
4930.8,14.757596192840046
4931.0,16.566531102936782
4931.2,18.869759106713726
4931.4,20.727590155724243
4931.6,18.817291589525848
4931.8,19.414774464314085
4932.0,20.11429793332514
4932.2,19.999166946228733
4932.4,19.87418296461437
4932.6,18.549996959695783
4932.8,17.89939217202733
4933.0,15.875636484009254
4933.2,18.11155378169496
4933.4,18.983747831584722
4933.6,17.05662620256287
4933.8,17.366186108365813
4934.0,18.416308549766896
4934.2,17.355394888513683
4934.4,17.678800983506587
4934.6,18.117587949504795
4934.8,17.258620507408168
4935.0,16.436619814653465
4935.2,16.007571688489804
4935.4,16.50319922247759
4935.6,16.92115339106019
4935.8,15.777332605056493
4936.0,14.121791442710713
4936.2,15.91119576574557
4936.4,15.511224266949226
4936.6,16.80354630499838
4936.8,15.434324298995602
4937.0,15.281712378417469
4937.2,16.061365462835987
4937.4,16.48808239963076
4937.6,17.558327619829754
4937.8,15.919532672643106
4938.0,14.789744545651832
4938.2,14.394972235819912
4938.4,15.08671967529456
4938.6,15.709061704224535
4938.8,16.340488674861046
4939.0,16.882107339690464
4939.2,18.293535727163608
4939.4,17.208274241968805
4939.6,17.786272590229512
4939.8,16.78256738742703
4940.0,16.85494997368323
4940.2,18.729808875173212
4940.4,17.462147480138228
4940.6,17.68429519893961
4940.8,17.714615379629734
4941.0,16.07253537089908
4941.2,17.172218355691836
4941.4,17.883228688207776
4941.6,17.507667852120647
4941.8,17.548209822669754
4942.0,18.769634303784567
4942.2,17.855406083288933
4942.4,16.793497700431946
4942.6,16.825484953117435
4942.8,15.561960342214828
4943.0,16.48315882964506
4943.2,17.022132742169795
4943.4,16.883997222208727
4943.6,16.737719686831745
4943.8,17.03849540596513
4944.0,16.921448672278615
4944.2,15.750636397782127
4944.4,17.051619096841183
4944.6,15.767744303452053
4944.8,15.963154725997216
4945.0,13.743618150983583
4945.2,13.850427703887593
4945.4,12.474446069181804
4945.6,11.77343676328012
4945.8,12.871933448015138
4946.0,13.192391003199164
4946.2,13.787798366824555
4946.4,14.27090683258631
4946.6,13.370660163974348
4946.8,13.794802741850216
4947.0,12.881768485988536
4947.2,13.443638155603495
4947.4,13.53887411425611
4947.6,12.261322596084128
4947.8,12.362583665578985
4948.0,10.904908229775668
4948.2,11.094015499905696
4948.4,11.151742651624385
4948.6,11.022454946311655
4948.8,10.790017946371869
4949.0,11.518907711378901
4949.2,11.503650643952014
4949.4,12.013577965908276
4949.6,11.652787835452006
4949.8,12.095157824714898
4950.0,11.628060338320703
4950.2,12.053991771190834
4950.4,11.142952531486953
4950.6,11.825516281357151
4950.8,11.727406770476316
4951.0,12.658365184173979
4951.2,13.24925781290904
4951.4,11.207910808836596
4951.6,11.143095989479775
4951.8,11.43016582438927
4952.0,11.68924294411842
4952.2,12.13901464557466
4952.4,11.61503309284366
4952.6,11.970978429760812
4952.8,12.753063084247188
4953.0,11.246496350828384
4953.2,11.840499496566927
4953.4,11.869389766527906
4953.6,10.76588531003477
4953.8,11.745881494754332
4954.0,11.148526069798237
4954.2,11.442335921554944
4954.4,11.248955685880514
4954.6,11.67332596780253
4954.8,11.277981536800691
4955.0,11.180244249383218
4955.2,10.69663677782943
4955.4,12.462581088740556
4955.6,12.967772645260663
4955.8,13.653195071499184
4956.0,13.283335673655191
4956.2,14.531173614281577
4956.4,12.250950071756307
4956.6,12.403168872964873
4956.8,11.092207101502812
4957.0,11.824056584660308
4957.2,14.025807818876077
4957.4,13.766932608728073
4957.6,14.593661858325838
4957.8,13.09492865171218
4958.0,13.709888036046298
4958.2,12.87509819452432
4958.4,14.079835966874716
4958.6,12.864574766814616
4958.8,12.965321742394984
4959.0,14.564656024037134
4959.2,13.561967982690932
4959.4,14.503236766701157
4959.6,14.096605048268476
4959.8,13.418942221095593
4960.0,13.9843500876513
4960.2,13.151192802737173
4960.4,13.36234811071871
4960.6,13.184223969028908
4960.8,13.143207610933166
4961.0,13.89778012742929
4961.2,15.027530120731212
4961.4,14.848092731274825
4961.6,13.604069036641963
4961.8,13.859227575344615
4962.0,13.922805672646039
4962.2,12.958503071155828
4962.4,13.152986323276652
4962.6,13.002994567478854
4962.8,13.261335475255997
4963.0,11.728483120381307
4963.2,12.707452348573856
4963.4,12.356779559601257
4963.6,12.589871612813255
4963.8,13.016203906814411
4964.0,12.728099277843084
4964.2,12.116447614061407
4964.4,12.678570180131354
4964.6,12.661235149735933
4964.8,13.383751003395496
4965.0,14.586264297610443
4965.2,13.246090221066327
4965.4,12.33116850110796
4965.6,13.018241186895663
4965.8,14.091124463565388
4966.0,14.178401852360082
4966.2,13.664813782452445
4966.4,14.420763011497304
4966.6,14.522998750294974
4966.8,13.876764473657769
4967.0,14.460805454812837
4967.2,13.951818201583334
4967.4,13.849745631086787
4967.6,12.357513415324261
4967.8,12.644726864424204
4968.0,12.43587576440456
4968.2,13.139270363038802
4968.4,12.933921605940144
4968.6,13.132742510877113
4968.8,12.61346833583644
4969.0,12.821973303300707
4969.2,13.231496192418534
4969.4,13.606005416609603
4969.6,13.598362086157119
4969.8,13.969148232473291
4970.0,13.488095760865068
4970.2,14.355380246151343
4970.4,13.216494540130046
4970.6,13.104752317596613
4970.8,12.634408513937114
4971.0,12.760705435341874
4971.2,12.670092122945082
4971.4,12.252398346281872
4971.6,11.63562854161134
4971.8,12.895228186000962
4972.0,13.452584831745732
4972.2,13.757907300747533
4972.4,11.477229856907815
4972.6,12.023883425769828
4972.8,11.760483689963298
4973.0,11.923353630342003
4973.2,12.889526984279108
4973.4,13.5216530414602
4973.6,14.496139060815638
4973.8,13.015654967699712
4974.0,13.863833107964755
4974.2,12.764372942656866
4974.4,12.42040079553227
4974.6,12.704478245222239
4974.8,12.95985140788443
4975.0,12.90438354437974
4975.2,13.859337482254062
4975.4,13.441439906229924
4975.6,13.404470201485982
4975.8,13.558853747593517
4976.0,13.020888934544981
4976.2,13.117601643296135
4976.4,12.884052501810398
4976.6,12.674532195775466
4976.8,12.98816199710592
4977.0,13.5623389377779
4977.2,14.162394003839289
4977.4,13.759643074606663
4977.6,13.260370307194806
4977.8,13.305657762339006
4978.0,13.048891198052992
4978.2,13.761893610732766
4978.4,13.748596426294903
4978.6,13.436224969236964
4978.8,12.36349587111876
4979.0,12.376700024740181
4979.2,12.595620560116956
4979.4,11.996876070116604
4979.6,11.92612968093929
4979.8,12.21561474983198
4980.0,11.580575365615838
4980.2,11.810777056260571
4980.4,11.68949261142544
4980.6,12.791212067672976
4980.8,12.697743153067167
4981.0,13.157939269543048
4981.2,13.091089839616256
4981.4,11.959873766142453
4981.6,12.240261573421407
4981.8,12.397229731979962
4982.0,12.425129359712834
4982.2,14.066590854995134
4982.4,14.170906430011772
4982.6,12.950801282682242
4982.8,13.491360869518214
4983.0,13.817251210257194
4983.2,14.732546644257994
4983.4,15.207261447099043
4983.6,14.751463422155272
4983.8,15.793218911664319
4984.0,15.813828099893186
4984.2,14.997524326593348
4984.4,15.580923185276577
4984.6,15.312922396410766
4984.8,15.101555587874646
4985.0,15.128335735192923
4985.2,14.586806519296946
4985.4,14.296425123273824
4985.6,13.959738210777799
4985.8,13.580008823428752
4986.0,15.571587553741072
4986.2,14.517690546930243
4986.4,15.544006035212226
4986.6,16.673958288089253
4986.8,16.53173895163295
4987.0,15.51612120338632
4987.2,15.583554665722527
4987.4,17.42428933204212
4987.6,17.399645581478765
4987.8,16.95085481574448
4988.0,15.62379495212358
4988.2,15.232700981825502
4988.4,15.86405420044323
4988.6,17.118583559629357
4988.8,17.716109173538445
4989.0,18.409917441149293
4989.2,15.866723465726125
4989.4,17.135507387102006
4989.6,17.521415494300275
4989.8,17.687197898819132
4990.0,17.279609115094434
4990.2,14.554685832898734
4990.4,15.63976098143314
4990.6,15.907550392666971
4990.8,16.374101241810855
4991.0,16.71513334024395
4991.2,16.48104919401011
4991.4,16.664834856910925
4991.6,16.534895261881026
4991.8,16.608185592000762
4992.0,18.00237285748261
4992.2,17.06581318593145
4992.4,17.199536153668102
4992.6,18.472013761647947
4992.8,17.64120548023859
4993.0,15.94579785879647
4993.2,14.739134265740876
4993.4,16.42686552511963
4993.6,14.69685743118022
4993.8,15.465419525386013
4994.0,15.092225665561907
4994.2,15.833672803391332
4994.4,16.34856380059271
4994.6,15.95757546611816
4994.8,17.031361710204024
4995.0,16.92092419333415
4995.2,16.457101335683145
4995.4,15.862710060453932
4995.6,17.004457393420015
4995.8,16.0521267330104
4996.0,15.845422824338826
4996.2,15.4676747282306
4996.4,16.395266441729998
4996.6,14.963471613213748
4996.8,14.422786774158869
4997.0,14.230663045977964
4997.2,16.326911633532454
4997.4,15.795436424572705
4997.6,15.023775964003791
4997.8,13.640591234122809
4998.0,14.055868465471331
4998.2,13.767835226994071
4998.4,13.42420667069716
4998.6,16.11561767125937
4998.8,15.124785470734267
4999.0,14.917706033510076
4999.2,15.875875582829488
4999.4,13.043684537663776
4999.6,11.635105250021052
4999.8,11.672495291780132
5000.0,11.83525915016837
