time,rg
0.0,12.380597219737169
0.2,11.250388303782273
0.4,10.968872281876132
0.6,11.182469426686856
0.8,11.142119927610084
1.0,11.16121346107584
1.2,11.14111450863822
1.4,10.901286493256109
1.6,11.31806530578887
1.8,10.99395479679302
2.0,11.153899504529408
2.2,11.263116892571611
2.4,10.979579533508934
2.6,11.051925534515544
2.8,11.09478155842709
3.0,11.45443654848643
3.2,11.378803522417495
3.4,11.293513601696162
3.6,11.110507234966194
3.8,11.385166686924453
4.0,10.884505381993709
4.2,11.206459971028872
4.4,11.1357958698199
4.6,11.155400317375925
4.8,11.184247735469981
5.0,11.081447155402198
5.2,11.063144604843611
5.4,11.226869526653365
5.6,11.062376383367948
5.8,10.984529352444536
6.0,11.020058783604618
6.2,10.965172444425937
6.4,10.784237186914737
6.6,11.073831782757068
6.8,10.957909199646137
7.0,10.686824810944223
7.2,10.744368180490564
7.4,10.741733416570314
7.6,10.932918061789952
7.8,10.967832062505646
8.0,10.931631708278637
8.2,10.785132117952402
8.4,10.939190788775795
8.6,11.089023718479238
8.8,11.089473540833065
9.0,11.207840678438327
9.2,10.956228291123422
9.4,11.21417841320236
9.6,11.149656882983459
9.8,11.225075340913977
10.0,11.07402379870958
10.2,11.1014402569759
10.4,11.061247705879039
10.6,11.124188970287847
10.8,10.93545921548692
11.0,11.04450030940166
11.2,11.195684361166677
11.4,10.983520072922788
11.6,11.092213208288552
11.8,10.758773983955578
12.0,10.779452468774904
12.2,10.896004884607134
12.4,11.388620768500635
12.6,11.129367085875701
12.8,11.275828275005079
13.0,11.271278956508706
13.2,11.297749167217088
13.4,11.71636884124441
13.6,11.620914653672505
13.8,11.630193834006926
14.0,11.321037537793273
14.2,11.58711599586976
14.4,11.394784804236458
14.6,11.693530382219654
14.8,11.348728347820533
15.0,11.759900093092746
15.2,11.553340436780353
15.4,11.888016474508083
15.6,11.828644092198317
15.8,11.938585144147213
16.0,11.69935097568986
16.2,11.567550379785432
16.4,11.487119002583952
16.6,11.51351285946804
16.8,11.765947340239254
17.0,11.881039937637482
17.2,11.553848516841771
17.4,11.7276885187648
17.6,11.97007416070402
17.8,12.005208678626012
18.0,11.864080639533984
18.2,11.660995077220171
18.4,12.006305169809345
18.6,11.790579468354734
18.8,11.841604862311545
19.0,11.60921915556843
19.2,11.867288840848023
19.4,12.103373674691815
19.6,11.493167724689336
19.8,11.321565680780271
20.0,10.95735617450747
20.2,11.161707544827035
20.4,11.059081882214087
20.6,11.316604171070228
20.8,11.37175862705365
21.0,11.57619473201106
21.2,11.699578836977768
21.4,11.803726546085828
21.6,11.45426297893264
21.8,11.294065497037234
22.0,11.516901066529307
22.2,11.406594031361122
22.4,11.199158980964953
22.6,11.001381671838335
22.8,11.331137510305172
23.0,11.998695926491463
23.2,11.953401692153525
23.4,11.86510893601742
23.6,11.743416759309731
23.8,12.067410080040158
24.0,11.720034840821727
24.2,12.319877613641095
24.4,12.195338024441282
24.6,11.752116648897214
24.8,11.498801162877639
25.0,11.56065700232971
25.2,11.29570401395586
25.4,11.612808967359584
25.6,11.393378457852164
25.8,11.55189902546584
26.0,11.671689000497603
26.2,11.877150967493929
26.4,11.056170361105623
26.6,10.996489688039237
26.8,10.4816168748996
27.0,10.70238183713251
27.2,10.556637695706852
27.4,10.675923663411552
27.6,10.874759657638187
27.8,10.612578421252113
28.0,10.70019840810472
28.2,10.64792507561556
28.4,10.246942767024471
28.6,10.819290279136677
28.8,11.047566335516187
29.0,11.230503123258384
29.2,10.741757271126861
29.4,11.422110722879516
29.6,11.242270128843284
29.8,10.873710547303492
30.0,10.425198567996786
30.2,10.488062005399568
30.4,9.956435996955362
30.6,9.651197326718146
30.8,10.440790812887055
31.0,10.972530591562258
31.2,11.234479993598104
31.4,11.108436469436322
31.6,10.972552104197204
31.8,11.172840500736482
32.0,10.596738303644148
32.2,10.923047304342248
32.4,11.271122753029326
32.6,11.088108144550812
32.8,10.65663396517265
33.0,10.669553266197912
33.2,10.511848566352748
33.4,10.849589526074457
33.6,10.23730817079889
33.8,10.392676153038856
34.0,10.611507914320242
34.2,10.531388975375144
34.4,10.588126504299005
34.6,10.283405873289222
34.8,10.259315317333702
35.0,10.427000105053155
35.2,10.535555457913473
35.4,11.083735455390094
35.6,10.749162717681191
35.8,10.505783213148582
36.0,10.640330731653165
36.2,10.617151439038661
36.4,10.655287930677982
36.6,10.321685932525348
36.8,10.365768876799464
37.0,10.383717020479988
37.2,10.333162880849363
37.4,9.974527604936815
37.6,10.205389948294915
37.8,10.130792985343454
38.0,10.293358237302396
38.2,10.421814665368617
38.4,10.373173313938747
38.6,10.482814880333411
38.8,10.455388855889701
39.0,10.713267644034023
39.2,10.72169813818979
39.4,10.483352501877931
39.6,10.312892837335873
39.8,10.820805789819142
40.0,10.60896677714817
40.2,10.29414971320488
40.4,10.596449024187267
40.6,11.006943691198144
40.8,10.808727405431197
41.0,11.444328290844867
41.2,10.668782560890499
41.4,10.540197855709385
41.6,10.60655785672072
41.8,10.413242646739
42.0,10.481076693438023
42.2,10.601193631380612
42.4,10.489760693108748
42.6,10.372903254505626
42.8,10.49315681028606
43.0,10.519961405216398
43.2,10.477223227916053
43.4,10.440447630611354
43.6,10.409733998785866
43.8,10.483619605730734
44.0,10.372301150437606
44.2,10.500569518374835
44.4,10.556713091329552
44.6,10.690905602730584
44.8,10.360460637493627
45.0,10.698591514929557
45.2,10.962520236376028
45.4,10.632114052746932
45.6,10.841213725318674
45.8,10.761197832802743
46.0,10.638174428667892
46.2,10.64389546549436
46.4,10.681182925545416
46.6,10.777309543300099
46.8,10.698846943639406
47.0,10.398603822976364
47.2,10.335406184213166
47.4,10.270352273527184
47.6,10.414298147370369
47.8,11.200776303335424
48.0,11.005922784452851
48.2,11.102166105272905
48.4,10.518295714029335
48.6,11.109350177475454
48.8,11.298757916879463
49.0,11.298561692131345
49.2,11.233096510751125
49.4,11.015915726297491
49.6,11.301685372240456
49.8,10.910244087844612
50.0,10.677908324927735
50.2,11.595076484036165
50.4,10.997767238517165
50.6,11.463251152431624
50.8,10.911348081531518
51.0,10.927312850155245
51.2,10.972317475068788
51.4,11.064704234743804
51.6,11.127428680923025
51.8,10.761087388364803
52.0,10.742990237282141
52.2,10.326046697343559
52.4,10.755181045566783
52.6,10.586939513710256
52.8,10.876612675354568
53.0,11.082524294706602
53.2,11.44407271102908
53.4,10.934016048773508
53.6,11.366356686090871
53.8,11.08451000994183
54.0,10.504061194479474
54.2,10.413787679341626
54.4,11.497205989008563
54.6,11.503015032934199
54.8,11.554407335085973
55.0,11.306796069015615
55.2,11.365063263386661
55.4,10.879733707817573
55.6,10.587304526362292
55.8,11.271578321602192
56.0,11.442312056250072
56.2,11.465377628774267
56.4,11.246181615743119
56.6,11.183155687455294
56.8,11.317622098465367
57.0,11.175009071910667
57.2,11.150120355194673
57.4,10.83748431858848
57.6,10.817920400785553
57.8,11.621475274060684
58.0,11.008108773359602
58.2,11.36418553173019
58.4,10.603637546794644
58.6,10.941967545480875
58.8,11.027061261955327
59.0,11.241591411884206
59.2,10.74143300919921
59.4,10.898966037845955
59.6,10.494020188568573
59.8,11.027277626855787
60.0,11.268951539518046
60.2,10.673586697654024
60.4,10.734390147075729
60.6,10.75338141558994
60.8,10.541516010473448
61.0,10.656680897107675
61.2,10.535723615007209
61.4,10.68280196989103
61.6,10.566978950426538
61.8,10.73222856774889
62.0,11.015014394879836
62.2,10.825630848652583
62.4,10.668284314355434
62.6,11.25228573356634
62.8,10.936223326140466
63.0,10.99731091963826
63.2,10.799257100572383
63.4,10.651578930083899
63.6,10.6833828476766
63.8,11.006046378784244
64.0,11.236533384769697
64.2,11.36830344842987
64.4,11.094145699179474
64.6,11.248236795397599
64.8,11.422626006251267
65.0,10.940481962310223
65.2,10.87791624996865
65.4,10.889876173257651
65.6,11.017801489741483
65.8,11.09323797012103
66.0,10.91107509944048
66.2,10.822390436883282
66.4,11.155453395127587
66.6,11.685587516252356
66.8,11.198155251108254
67.0,11.409510429666819
67.2,11.731637015845628
67.4,11.961011287280112
67.6,11.511135197263087
67.8,11.507943704590197
68.0,11.221949741718582
68.2,11.579437090033329
68.4,11.236208009478702
68.6,11.024662541967128
68.8,11.075384947974582
69.0,11.335777994489781
69.2,11.366639774088753
69.4,11.656040971791384
69.6,11.541998972427534
69.8,11.635114189798305
70.0,11.583183922395753
70.2,11.445070743521885
70.4,11.498099590390058
70.6,11.167569415842284
70.8,10.903909448937918
71.0,11.020345131455457
71.2,11.041904940561707
71.4,11.165557076707993
71.6,11.373419732711866
71.8,11.114142353837453
72.0,11.243620974127522
72.2,11.212208866225543
72.4,11.148185015414942
72.6,11.277839678714475
72.8,11.415736942114854
73.0,11.500800212780513
73.2,11.329123322952508
73.4,11.41740190203919
73.6,11.185865333409604
73.8,11.045478387796388
74.0,11.225019843979776
74.2,11.090444558871887
74.4,11.144215979082334
74.6,11.362917201788495
74.8,11.101814704483102
75.0,11.363380695112209
75.2,11.185646653504326
75.4,11.229603466424045
75.6,11.239652126708805
75.8,10.985188571132623
76.0,11.388716563043316
76.2,11.175130065582117
76.4,11.426472647711115
76.6,11.641162720271478
76.8,11.703415386252473
77.0,11.74348201479367
77.2,11.475694858908142
77.4,11.454371479677942
77.6,11.253541986745997
77.8,11.210984796628228
78.0,11.147360250272895
78.2,11.471108039268032
78.4,11.06735548025059
78.6,11.174085884423663
78.8,10.982808545390519
79.0,10.964029754912026
79.2,11.102566159960022
79.4,11.167825051309938
79.6,11.264023389263878
79.8,11.320789319232853
80.0,11.224556411549358
80.2,11.39830725667096
80.4,11.329375334278923
80.6,11.444094724462339
80.8,11.669266927542807
81.0,11.545046575307676
81.2,11.296636111405807
81.4,11.621696179065616
81.6,11.737529888428686
81.8,11.486283093865108
82.0,11.567180265340173
82.2,11.6203262704558
82.4,11.459319184205725
82.6,11.338598598080448
82.8,11.48919987098677
83.0,11.406523839908076
83.2,11.249277142965939
83.4,11.161178479605738
83.6,11.178427819857685
83.8,11.204006514847563
84.0,11.167096081079658
84.2,11.31876163082948
84.4,11.27556222064215
84.6,11.28745660284711
84.8,11.208382912528627
85.0,11.109643084028649
85.2,11.322012985549945
85.4,11.139254510706403
85.6,11.137857091131774
85.8,11.124133507959847
86.0,11.040237480931603
86.2,11.00147463723802
86.4,11.365321034493858
86.6,11.240371954613902
86.8,11.16611876602102
87.0,11.307917400717693
87.2,11.136807528691355
87.4,10.895896317842846
87.6,10.759857986732143
87.8,10.73594075648101
88.0,10.706398111440807
88.2,10.765181904536902
88.4,10.990775526929433
88.6,10.778719204302954
88.8,10.719674788499754
89.0,10.686276724160212
89.2,10.839831872440993
89.4,10.604615273939245
89.6,10.702834378779704
89.8,10.84894537783656
90.0,10.521152261438274
90.2,10.995052896366165
90.4,10.89920262623209
90.6,10.852998436461807
90.8,10.666578053508482
91.0,10.922579515747671
91.2,10.811955170613404
91.4,10.922240683349756
91.6,10.944472172752423
91.8,10.861518088637784
92.0,10.807106413907972
92.2,11.040034180666467
92.4,10.819424283385919
92.6,10.709550890977047
92.8,11.201921354251121
93.0,10.984893135038142
93.2,11.244437793618774
93.4,10.671090420689103
93.6,10.575027558313138
93.8,10.864005392747906
94.0,10.9019223821475
94.2,10.768586881786321
94.4,10.783324346424747
94.6,10.703228421444859
94.8,10.726685636304614
95.0,10.760604228394294
95.2,11.1089387565889
95.4,11.137852747902768
95.6,11.393721953754316
95.8,11.46577251180277
96.0,11.578399768023562
96.2,11.41996502280863
96.4,11.097938306685602
96.6,11.188152833100967
96.8,11.181015316235289
97.0,11.27230013246734
97.2,11.081233299395016
97.4,10.841539208532588
97.6,11.256114381995264
97.8,11.224927392130969
98.0,11.551104601623214
98.2,11.246166698358916
98.4,11.18034320452608
98.6,11.125475665312031
98.8,11.206955628912223
99.0,11.351045330889617
99.2,11.357487060752764
99.4,11.230577810195275
99.6,11.544356856133737
99.8,11.526430621457562
100.0,11.521674119235232
100.2,11.402199491106003
100.4,11.326098065674211
100.6,10.778687664793654
100.8,11.119774044570045
101.0,11.15225892735073
101.2,11.142525254168829
101.4,11.108930763546418
101.6,11.04656739439222
101.8,11.282873685894966
102.0,11.35783865291337
102.2,11.372704216158436
102.4,11.794577913257971
102.6,11.864942816202992
102.8,11.593448188207711
103.0,11.727014930141134
103.2,11.98535377973055
103.4,12.303202466210985
103.6,11.895934054999614
103.8,11.378155635570831
104.0,11.441075786112139
104.2,11.432024312662183
104.4,11.298063465126502
104.6,11.417055549474412
104.8,11.41464162421791
105.0,11.277564948442805
105.2,11.15479265881772
105.4,11.200588453990095
105.6,11.244047720885689
105.8,10.91787017210198
106.0,10.660589518474652
106.2,10.699975902590843
106.4,10.950093018083248
106.6,10.422295632084497
106.8,10.5844154159333
107.0,10.752919829784933
107.2,10.463483234134326
107.4,10.527785661337965
107.6,10.428808574931486
107.8,10.7195081429683
108.0,10.607165284082328
108.2,10.63474502753988
108.4,10.665188381200355
108.6,10.79479400489243
108.8,10.69910770035564
109.0,10.551791167136301
109.2,10.65484150502638
109.4,10.72345171379692
109.6,10.5195213236785
109.8,10.664617844878082
110.0,10.519582855006108
110.2,10.568626358443975
110.4,10.545139641429364
110.6,10.574204517352166
110.8,10.54424673043938
111.0,10.999086907434625
111.2,10.66921583461021
111.4,10.68288832752054
111.6,10.879780178410986
111.8,10.706755219552361
112.0,10.688588605668691
112.2,10.813171214745816
112.4,10.95123655415196
112.6,11.346711660921029
112.8,11.196519124481334
113.0,11.035731647709335
113.2,11.180663224811656
113.4,11.0178130165876
113.6,11.052933948633704
113.8,10.91836987563192
114.0,11.118150663785766
114.2,10.911649074587755
114.4,10.655720036522808
114.6,10.811158069946181
114.8,10.788880748807607
115.0,10.865325392783088
115.2,10.84019181475041
115.4,11.00824974280344
115.6,10.618009107107714
115.8,11.345812748428937
116.0,10.733825256750812
116.2,11.035763753912985
116.4,11.109758295859955
116.6,10.899859737689459
116.8,10.7226607979666
117.0,11.032672435315636
117.2,10.740784160773485
117.4,10.01904213098695
117.6,10.52534295331413
117.8,10.325099152999114
118.0,10.358445032368715
118.2,10.385216227808044
118.4,10.014301077545431
118.6,9.778237501640582
118.8,10.112729202320427
119.0,9.91484042360581
119.2,9.810240313275497
119.4,9.671530627260237
119.6,9.612853098447383
119.8,9.877441267439119
120.0,9.81964426228912
120.2,9.892187218753811
120.4,9.619900598881436
120.6,9.567513553948418
120.8,9.684660016169348
121.0,9.530040840796541
121.2,9.479229959521234
121.4,9.576305155596351
121.6,9.79460791437684
121.8,9.990503773207053
122.0,9.917427129348935
122.2,9.96638566315419
122.4,9.851437735237043
122.6,9.582467801957234
122.8,9.513109793163858
123.0,9.77488389738934
123.2,10.322293464358923
123.4,9.948707345776956
123.6,10.673609764774874
123.8,10.813221299474682
124.0,9.604163274517791
124.2,9.311079968529713
124.4,9.47833515289399
124.6,9.326370076837428
124.8,9.259492304819766
125.0,9.472787049666639
125.2,9.124328655469764
125.4,9.459047352165737
125.6,9.223457144696246
125.8,9.525015488284659
126.0,9.465056792656037
126.2,9.929993111748754
126.4,9.616620539435253
126.6,9.4560871965327
126.8,9.205891305746807
127.0,9.186547554063658
127.2,9.247030977133825
127.4,9.661085390721496
127.6,9.751719224605925
127.8,9.687317226184971
128.0,10.072412809818317
128.2,9.5969852511221
128.4,9.2476977135413
128.6,9.468906164742249
128.8,9.4603007979192
129.0,9.625234508390372
129.2,9.79935745440563
129.4,9.233843104245329
129.6,10.29026234780007
129.8,9.921134866058143
130.0,10.040478715839814
130.2,9.620938796629977
130.4,9.488484527902523
130.6,9.391938346875095
130.8,9.010158617006375
131.0,9.001345590441504
131.2,9.185624902668886
131.4,9.094363151965803
131.6,9.016651108339497
131.8,9.063958348166768
132.0,9.623185556281477
132.2,9.518953063535866
132.4,9.287387432223506
132.6,9.333784244839123
132.8,9.600333572482144
133.0,10.03431405147581
133.2,9.168165816151642
133.4,9.119050691933737
133.6,9.775759653600245
133.8,9.102597688230647
134.0,9.710464093918679
134.2,9.668593920154976
134.4,9.494656823304968
134.6,9.608123744856448
134.8,9.523546373605734
135.0,9.354728122639994
135.2,9.198680328772245
135.4,9.5470409223057
135.6,9.784570541622365
135.8,9.648539959153432
136.0,9.86098754937002
136.2,9.659806578437305
136.4,10.097504008997838
136.6,9.540534215159097
136.8,9.463765821719829
137.0,9.963330912041604
137.2,9.906577098994093
137.4,9.662145839873858
137.6,9.504407756907444
137.8,9.948168564930093
138.0,10.051099574400112
138.2,10.245559876401027
138.4,10.389444226529392
138.6,10.616702164385776
138.8,10.59526379041105
139.0,10.895736890124542
139.2,10.258613460069023
139.4,10.04106774831782
139.6,10.554987424697895
139.8,10.038460639372227
140.0,9.669060822110943
140.2,9.338618826490766
140.4,9.31306949156247
140.6,9.446932751775496
140.8,9.79625620902606
141.0,9.334884716952978
141.2,9.444173472507966
141.4,9.529802831771137
141.6,9.494422596745652
141.8,9.55735462253315
142.0,9.65914009609465
142.2,10.339643401607981
142.4,10.091343309270142
142.6,10.25651935350397
142.8,9.838647310268176
143.0,10.469878252604056
143.2,10.019117661696182
143.4,9.989179400654521
143.6,9.693021100896846
143.8,10.095611943561948
144.0,9.867481019769006
144.2,10.326461109213469
144.4,10.454605950864453
144.6,10.587219545988606
144.8,10.140009666553556
145.0,10.643965875997372
145.2,10.673212682996063
145.4,10.546667004685515
145.6,10.449620157012367
145.8,10.377955869858162
146.0,10.240613722641898
146.2,9.925847532506548
146.4,10.410345730010436
146.6,10.248204164268373
146.8,10.414176242839492
147.0,10.349181871996231
147.2,10.51513529420112
147.4,9.99573984356249
147.6,10.276208727233566
147.8,10.08139489963025
148.0,10.131044186683296
148.2,10.36123496745784
148.4,10.135838117475904
148.6,10.410519925879427
148.8,10.680493960424776
149.0,10.816310956758448
149.2,10.687487977865848
149.4,10.478676538988566
149.6,10.016080666750076
149.8,10.136863787795573
150.0,9.863045322178793
150.2,9.967438055327662
150.4,9.271992747298688
150.6,9.468803095387607
150.8,9.56227600608351
151.0,9.441108924716834
151.2,9.411245805982613
151.4,9.332523911070657
151.6,9.766975202806648
151.8,9.724658171203403
152.0,9.15893209948066
152.2,9.96087663666213
152.4,9.840447825924594
152.6,9.645309042059383
152.8,9.756193497947063
153.0,9.62043516641433
153.2,10.095543770959285
153.4,9.623006892936642
153.6,9.709591261033877
153.8,9.312775899906551
154.0,9.147646935106021
154.2,9.289065045857438
154.4,9.19228118253578
154.6,9.109896574108877
154.8,8.813990035365054
155.0,8.769591268584882
155.2,8.876508961047035
155.4,8.915525615947548
155.6,8.95750355481015
155.8,9.234867194863504
156.0,9.244648308199604
156.2,8.882759601157154
156.4,9.115117033465301
156.6,9.602472250480576
156.8,9.566946293578322
157.0,9.143852337472559
157.2,9.558090463346238
157.4,9.690585312827837
157.6,9.244198649075381
157.8,9.509811342149177
158.0,9.857277578381611
158.2,9.264675685401414
158.4,9.312689862591327
158.6,9.943484944955372
158.8,10.296038672885835
159.0,9.743426748535647
159.2,9.111484943555986
159.4,9.154078079803407
159.6,9.797209048393068
159.8,9.899456507266052
160.0,9.215252943615539
160.2,9.816540185285492
160.4,9.522856187291795
160.6,8.816438422262019
160.8,9.496396299655913
161.0,9.136981291633791
161.2,9.624038979762885
161.4,9.47210839830561
161.6,10.107982688008796
161.8,9.721293429094345
162.0,9.799214192080122
162.2,9.67449101101298
162.4,9.65925849752897
162.6,9.598721852579192
162.8,9.474984581819903
163.0,9.02826968629779
163.2,8.924453933190339
163.4,8.66888782296627
163.6,8.886618005472691
163.8,9.427874499528327
164.0,9.563505279867167
164.2,9.62337027670168
164.4,9.131353804190288
164.6,8.946871838063347
164.8,9.503561037868074
165.0,9.604827867001557
165.2,9.467565695239747
165.4,9.872628622796585
165.6,9.383613967068559
165.8,9.292769990315419
166.0,9.48457322719369
166.2,9.279558167676303
166.4,9.853476464746386
166.6,10.204378930139892
166.8,9.918954571387356
167.0,9.5182169642756
167.2,9.47786288331151
167.4,9.426871457568588
167.6,9.313951649377495
167.8,9.017785643249521
168.0,9.134002125428653
168.2,9.444516674885737
168.4,9.58293595021194
168.6,9.623491403372714
168.8,9.395864266085805
169.0,9.174514256124397
169.2,9.240283778323686
169.4,9.472902368584924
169.6,10.0206096830518
169.8,9.480619723316728
170.0,9.023296113047163
170.2,9.156664023075235
170.4,9.183247677974146
170.6,9.10919605317276
170.8,9.221740918077842
171.0,9.316350954102143
171.2,9.332418599228765
171.4,9.330426280560602
171.6,9.2636829122014
171.8,9.127961062425168
172.0,9.402394352350315
172.2,9.343060486064674
172.4,9.447202092287794
172.6,9.382920788491656
172.8,9.428273226492637
173.0,9.868980092586517
173.2,9.161487818265108
173.4,9.31551087495063
173.6,10.495320838561334
173.8,10.969093037662788
174.0,11.362268599095916
174.2,11.436809009028252
174.4,11.265789048801746
174.6,11.523190196134216
174.8,11.674783618509776
175.0,11.649001737471123
175.2,11.74207817244029
175.4,11.810902367921884
175.6,11.110699763318852
175.8,11.193119368845386
176.0,10.433791438512564
176.2,10.5111837397734
176.4,10.42133851022083
176.6,10.58888360082749
176.8,10.696335474504103
177.0,10.464219559548905
177.2,11.086122449621023
177.4,10.823627251549837
177.6,11.241317184970141
177.8,10.632996158655468
178.0,11.386204529318489
178.2,10.766924516464943
178.4,10.76271674623827
178.6,11.028751103160497
178.8,10.79124057672787
179.0,11.015805604994606
179.2,10.776762082035859
179.4,10.482666753669807
179.6,10.644691433722492
179.8,10.565347099900686
180.0,11.157639891952787
180.2,10.426111033651647
180.4,10.917283602875505
180.6,10.683992339252926
180.8,10.717158395958952
181.0,10.837946994202845
181.2,10.768861088848166
181.4,10.981163622872339
181.6,10.925082204393766
181.8,10.847539563398085
182.0,10.524384133231743
182.2,10.795298496412249
182.4,10.332845125242851
182.6,10.686995376229188
182.8,11.162347431103655
183.0,11.286431127808223
183.2,10.925322398133748
183.4,11.191801409457604
183.6,10.812334304963896
183.8,10.523279962517124
184.0,10.379898235621017
184.2,10.0778536023114
184.4,10.522820016073908
184.6,10.834069189255118
184.8,10.600175737148161
185.0,10.611732668172172
185.2,10.69866984159804
185.4,10.50511777618179
185.6,10.601031590864894
185.8,10.296480267821252
186.0,10.339320895520762
186.2,10.168792339632018
186.4,10.612817589813648
186.6,10.414030174500649
186.8,10.71281965322524
187.0,10.456527777780362
187.2,10.377157971455333
187.4,10.970209675267098
187.6,10.745477097116396
187.8,11.042266381261523
188.0,10.47725524324678
188.2,10.339507125307772
188.4,10.39976329345512
188.6,10.552552196139773
188.8,10.49867124469522
189.0,10.154862439912744
189.2,10.40714735717975
189.4,10.875222579499997
189.6,10.404353197432615
189.8,10.021451708182898
190.0,10.555926543643233
190.2,10.29831903570604
190.4,10.32492498588531
190.6,11.582647811301637
190.8,10.736703227767038
191.0,11.06065863797176
191.2,11.07074462126514
191.4,10.525838084772552
191.6,10.690167465884421
191.8,10.659035950142599
192.0,10.35948983423152
192.2,10.768978731685577
192.4,10.665138180945997
192.6,10.619058799694736
192.8,10.490767531743625
193.0,10.373904795270523
193.2,10.483290648210508
193.4,10.648647552775753
193.6,11.115681421885128
193.8,11.092741630049689
194.0,10.883674668374459
194.2,10.981432420109698
194.4,11.114584063663306
194.6,10.169188537560657
194.8,10.738277042441947
195.0,11.065147793542355
195.2,10.272563402805607
195.4,10.696908934394509
195.6,10.402204229852789
195.8,10.421118654663744
196.0,10.634894870659572
196.2,10.063196035611481
196.4,10.155055939015769
196.6,10.32715792307381
196.8,10.545125350218406
197.0,10.573202394828218
197.2,9.853602813985752
197.4,10.53795943861134
197.6,10.295684566793831
197.8,10.398462911497244
198.0,10.732866942154365
198.2,10.016823847753418
198.4,10.479043690390181
198.6,10.66411357613326
198.8,10.593584058096363
199.0,10.198412455607855
199.2,10.25768288013688
199.4,10.429188822568252
199.6,10.65814518159857
199.8,10.207326635084877
200.0,10.726605194762506
200.2,10.810120696891072
200.4,10.426374325803227
200.6,10.653498176488352
200.8,10.627960928475616
201.0,10.54681637983605
201.2,10.440209044421447
201.4,10.676770508408639
201.6,10.774085863928208
201.8,10.445144881756526
202.0,10.248528872806972
202.2,11.281206616613382
202.4,10.256103682144875
202.6,10.63671674707815
202.8,10.423420552818051
203.0,10.969708539699422
203.2,10.663207028906532
203.4,11.446865340735119
203.6,11.364814359306381
203.8,11.370928582485927
204.0,11.750603745679904
204.2,11.636535068094922
204.4,11.455231107546652
204.6,11.797948535282307
204.8,12.211392390969367
205.0,11.398504059763876
205.2,11.77676840221422
205.4,11.543828994096966
205.6,11.607184451687004
205.8,11.137573787312473
206.0,11.778000497419242
206.2,11.035411014630913
206.4,10.494575588813493
206.6,10.959036761156511
206.8,10.60006652927578
207.0,10.52471984768605
207.2,10.247018303302152
207.4,10.496616055937693
207.6,10.688896044869358
207.8,10.09873357970669
208.0,10.323405468073757
208.2,10.180845557079344
208.4,10.288384435978546
208.6,10.236713791499682
208.8,10.496697592985084
209.0,10.248522210864712
209.2,10.180137067054321
209.4,10.369476502972386
209.6,10.479109329635412
209.8,10.872083566855475
210.0,10.660183335302225
210.2,10.569382919767385
210.4,11.006208286346894
210.6,11.084227526059877
210.8,10.694918127943211
211.0,10.496902224819323
211.2,10.425903111863713
211.4,10.575145932287578
211.6,10.64978438963963
211.8,10.379094497561283
212.0,10.23967237076166
212.2,10.528466626429854
212.4,10.397336557730732
212.6,10.488232995887392
212.8,9.911224102710802
213.0,10.196201633518193
213.2,10.543120518081434
213.4,10.34479128889722
213.6,10.070192500009956
213.8,10.437405251398834
214.0,10.340905820985313
214.2,10.319415586800327
214.4,10.162668379804646
214.6,10.10519618577829
214.8,10.768291185197986
215.0,10.342766065588336
215.2,10.620872273764995
215.4,10.586112459257997
215.6,10.433031608212065
215.8,10.595230616684209
216.0,10.580349741112443
216.2,10.438337820572576
216.4,10.768517821066151
216.6,10.78996827972648
216.8,10.401025184801432
217.0,10.36915795687852
217.2,10.738129232292934
217.4,10.47276855484365
217.6,10.436310491497567
217.8,10.109330826683836
218.0,10.362930228730997
218.2,10.52262675103449
218.4,10.433179287630566
218.6,10.505144421194814
218.8,10.274780301407091
219.0,10.20434133887285
219.2,10.575785966480527
219.4,11.05346744045181
219.6,10.553067606006978
219.8,10.739768809758111
220.0,10.43395804135605
220.2,10.493245871421774
220.4,10.567870313787587
220.6,10.412943974543651
220.8,10.435021220301428
221.0,10.267176581650418
221.2,10.342051361215418
221.4,10.297952983284437
221.6,10.546264681566482
221.8,10.294471344102767
222.0,10.395048789009495
222.2,10.242367480604335
222.4,10.363116161521482
222.6,10.180986430758626
222.8,10.670398405550031
223.0,10.323395133349166
223.2,10.54882205968006
223.4,10.380240565781918
223.6,10.305038289172048
223.8,10.57267345875729
224.0,10.638354521624189
224.2,10.50063011436289
224.4,10.164913943442821
224.6,10.474344641169557
224.8,10.514192823339247
225.0,10.628210703436686
225.2,10.628921204767863
225.4,10.758562835650165
225.6,10.503325738996667
225.8,10.636648536869416
226.0,10.833997772871562
226.2,10.428962988856679
226.4,10.63034548980852
226.6,10.871450569766566
226.8,10.717853236949864
227.0,10.8028756650532
227.2,10.55357104130912
227.4,10.5706598479771
227.6,10.562692897831528
227.8,10.60148649415353
228.0,10.693472519954824
228.2,10.723801978623733
228.4,10.771511998223552
228.6,10.61975174831945
228.8,10.811717270393117
229.0,11.047428579488251
229.2,11.218935919891743
229.4,10.947339155309406
229.6,10.962421214960813
229.8,10.89929215113709
230.0,10.924305249368178
230.2,11.026324155058326
230.4,10.977033916978762
230.6,11.287707662351696
230.8,11.07441748951205
231.0,10.920009102488834
231.2,10.890890279149003
231.4,10.539248044131819
231.6,10.700149602639089
231.8,10.55631531574755
232.0,10.971818194716956
232.2,10.715050748373873
232.4,10.743220026678701
232.6,11.00384799745939
232.8,10.861917792238678
233.0,10.932628555463497
233.2,10.915275638151662
233.4,11.255701171139787
233.6,10.973998649937036
233.8,10.817994512185871
234.0,10.600390368447698
234.2,10.752437835368342
234.4,10.562612076354592
234.6,10.818217434988522
234.8,10.638471091216566
235.0,10.865550444421865
235.2,10.79691739432796
235.4,10.930905506983468
235.6,10.869052125580831
235.8,10.911717838617305
236.0,10.858669206980487
236.2,11.059918249031496
236.4,10.96462405231284
236.6,10.92000596755918
236.8,10.795602018659416
237.0,10.834684803399988
237.2,10.747763633920396
237.4,10.838292573978844
237.6,10.69791483949863
237.8,10.668440466706109
238.0,10.856936937375574
238.2,10.687787852060657
238.4,10.770261920934505
238.6,10.755481318661095
238.8,10.838554836452586
239.0,10.506782353057705
239.2,10.665862325270787
239.4,10.506447756495117
239.6,10.463622617942942
239.8,10.595188444187198
240.0,10.48455177407456
240.2,10.418055870398394
240.4,10.478680065513348
240.6,10.498282715838847
240.8,10.328699391700777
241.0,10.259807866853475
241.2,10.138581597589877
241.4,10.324440873533728
241.6,10.18405432741474
241.8,10.408565756163693
242.0,10.172575767637358
242.2,10.294781181247368
242.4,10.095141708758163
242.6,10.226669287412042
242.8,10.316278297170566
243.0,10.455835541342111
243.2,10.509060331162106
243.4,10.41109622238749
243.6,10.416798619987585
243.8,10.431091303151272
244.0,10.426101015407623
244.2,10.409312368508525
244.4,10.599506751755
244.6,10.308010567456572
244.8,10.380750519909194
245.0,10.612879970027901
245.2,10.436666833330113
245.4,10.574032995331262
245.6,10.782606558117605
245.8,10.356693564736354
246.0,10.522882166001072
246.2,11.011963602207565
246.4,10.635929986743669
246.6,10.23996048107892
246.8,10.493294928656807
247.0,10.70620635959427
247.2,11.049638160745252
247.4,10.459239006615984
247.6,10.525132364050911
247.8,10.64226107910203
248.0,10.764852177911859
248.2,11.20806019730763
248.4,10.967055836359085
248.6,10.895921016061989
248.8,11.16351777046211
249.0,10.950231227176463
249.2,10.38189203900226
249.4,10.671050455146622
249.6,10.68584953141592
249.8,10.753545190604205
250.0,11.134312870217041
250.2,10.591311705777386
250.4,10.561333985571586
250.6,10.517172535919476
250.8,10.313524406870552
251.0,10.243601526479233
251.2,10.47761166897663
251.4,10.50962990930647
251.6,10.46091136919441
251.8,10.51655178983361
252.0,10.16690733842614
252.2,10.372465824571538
252.4,10.403440237702753
252.6,10.55187325261181
252.8,10.74901580281228
253.0,10.531667839352002
253.2,10.508391314014741
253.4,10.545830262664106
253.6,10.510053004167075
253.8,10.862126503179006
254.0,10.43734341912969
254.2,10.446162957810412
254.4,10.221357706805742
254.6,10.182072544036577
254.8,10.559513339517272
255.0,10.401477857549917
255.2,10.261971508164978
255.4,10.033346752094523
255.6,10.962734526044649
255.8,10.841397183361783
256.0,10.304166699028514
256.2,10.513368833596836
256.4,10.576590982987359
256.6,10.374471614981953
256.8,10.617133693341167
257.0,10.509337367793519
257.2,10.364355550468687
257.4,10.381694743430778
257.6,10.281364538662022
257.8,10.674721166009068
258.0,10.460990807188598
258.2,10.971862730472445
258.4,10.549628403407985
258.6,10.655561734138386
258.8,10.98095930617393
259.0,11.009810640259012
259.2,11.098868677217812
259.4,10.77200511944281
259.6,10.59066524360166
259.8,10.796823858259515
260.0,10.754972313297088
260.2,10.551300323526284
260.4,10.663274740570436
260.6,10.624209819477223
260.8,10.731621623509351
261.0,10.675522981028056
261.2,10.625597882879338
261.4,10.72021815273305
261.6,10.56500348411481
261.8,10.86475879668485
262.0,10.55628987012998
262.2,10.73851759906741
262.4,10.55071382143818
262.6,10.713194824070966
262.8,10.45925523483832
263.0,10.762428061987205
263.2,10.840233361655367
263.4,10.863705357456954
263.6,10.682963714537966
263.8,10.934473365017318
264.0,11.110696158203705
264.2,10.873672116861773
264.4,11.12325783417087
264.6,11.085301385869922
264.8,11.054148508456814
265.0,11.006256204986878
265.2,11.34632795301863
265.4,11.197145846308139
265.6,11.123277600326066
265.8,11.13362589754857
266.0,11.247144597950578
266.2,11.559572856229375
266.4,11.44241621433454
266.6,11.071332494803606
266.8,11.118973351978067
267.0,11.34251894948579
267.2,11.081793655500187
267.4,11.101104024950336
267.6,11.373266066917003
267.8,11.249107155507492
268.0,11.20204354472553
268.2,11.147510722353795
268.4,11.144843636479182
268.6,11.517035956497079
268.8,11.306789005621491
269.0,10.981886774627085
269.2,11.088294062163646
269.4,11.169625442702083
269.6,11.151313682884908
269.8,11.12427419598025
270.0,11.201338186894152
270.2,10.992864564754196
270.4,11.18790577042355
270.6,11.161083113479242
270.8,11.133024901643566
271.0,11.223571774067377
271.2,11.48157011824734
271.4,11.218621043400878
271.6,11.411374551285256
271.8,11.759083112112226
272.0,11.557086741050146
272.2,11.36384901515795
272.4,11.694030512549604
272.6,10.936430418506653
272.8,11.658657616284438
273.0,11.301992065255913
273.2,11.15952261875244
273.4,10.935298658504323
273.6,10.824882322649543
273.8,11.272571746973707
274.0,11.588213875842825
274.2,11.643902151486536
274.4,10.962830449140926
274.6,10.880497450065654
274.8,11.111854869627894
275.0,11.200989452932944
275.2,11.50686007162002
275.4,11.071930725217076
275.6,10.794910737536528
275.8,10.703074419998881
276.0,10.867873210491013
276.2,10.97331020856278
276.4,10.893960977067572
276.6,11.072235686924383
276.8,11.095409568498518
277.0,11.432581518887588
277.2,11.150380478666541
277.4,10.923251703674378
277.6,11.00202305496709
277.8,11.050091845650288
278.0,11.265402192275904
278.2,10.970511578195106
278.4,10.231823016370683
278.6,11.047080215243385
278.8,11.207582402559758
279.0,11.131560422525862
279.2,10.659152455230462
279.4,10.947490778853048
279.6,11.120680433831787
279.8,10.868622154822184
280.0,10.88930837965151
280.2,11.23857582272992
280.4,11.007560982515097
280.6,11.067689668444661
280.8,10.74478819796793
281.0,11.014176777371102
281.2,11.067518467389926
281.4,10.885846498735196
281.6,11.07590889950334
281.8,10.62909603255504
282.0,10.869839838715409
282.2,11.114206218357456
282.4,10.9109385766109
282.6,10.889397045970917
282.8,10.576190237814844
283.0,10.678140102613146
283.2,10.919928556533392
283.4,10.716162239742966
283.6,10.917429050572105
283.8,10.542344024879416
284.0,11.3316509268439
284.2,11.698411364668836
284.4,11.550992335641688
284.6,10.966627597777423
284.8,10.687837121490249
285.0,11.66785012635147
285.2,10.986707146206442
285.4,11.11948793956406
285.6,10.713979283272533
285.8,10.815974357820275
286.0,10.90158854082128
286.2,10.992606337664025
286.4,10.694701499219029
286.6,11.063686122982922
286.8,11.01300770307197
287.0,10.769867619052224
287.2,10.940554338206969
287.4,10.969509584700257
287.6,11.01295585172104
287.8,10.949303388045236
288.0,10.703561060880764
288.2,10.893356735622763
288.4,11.206606387879
288.6,10.988464897588532
288.8,10.958419504919538
289.0,11.042667917465646
289.2,11.031236416143582
289.4,11.083760579598334
289.6,11.085451461421144
289.8,10.921657256219943
290.0,11.116511770987563
290.2,11.088042990902512
290.4,10.966711933628218
290.6,11.002448151871626
290.8,10.968525016774711
291.0,11.196209260121037
291.2,10.872891767020853
291.4,11.633344615146825
291.6,11.304970418046366
291.8,10.917412240979111
292.0,10.882883251470188
292.2,10.873221019472313
292.4,10.892138370162339
292.6,11.079195913303842
292.8,11.065211793090475
293.0,11.310063251320821
293.2,10.95540128361102
293.4,10.884710000184404
293.6,10.820201548706859
293.8,10.85733903541537
294.0,10.828814500467969
294.2,10.757296089468426
294.4,10.833658408588304
294.6,10.895750447882344
294.8,10.815397534037565
295.0,10.684423434942707
295.2,11.046947044837994
295.4,11.055512930409911
295.6,11.021806327652321
295.8,11.063157342678736
296.0,10.964783725555176
296.2,10.92501661749633
296.4,10.996878175654803
296.6,10.927605436098473
296.8,11.0531701102009
297.0,10.891916840851344
297.2,11.00188974390668
297.4,11.077463230114015
297.6,11.017409488360755
297.8,10.821892750610989
298.0,11.059596317183598
298.2,11.115028823008544
298.4,11.3564468150563
298.6,10.903022487251132
298.8,11.226912019123853
299.0,11.088449852877872
299.2,10.698735535593393
299.4,10.742330342932751
299.6,11.319655925886611
299.8,11.453477329204752
300.0,11.12170020644858
300.2,11.156013081212388
300.4,11.04869632627686
300.6,10.753085634175932
300.8,10.88028425450149
301.0,11.211573393667214
301.2,10.997865784910406
301.4,11.285748822274444
301.6,11.170799183911004
301.8,11.049035990349674
302.0,10.87237184883061
302.2,11.072269913165748
302.4,10.97000162408214
302.6,10.8704244557522
302.8,10.859702956398994
303.0,10.949939829122993
303.2,10.916574596620006
303.4,11.01865647570025
303.6,11.120618327881635
303.8,10.867919486517067
304.0,11.152283818668653
304.2,10.945418865016052
304.4,11.241762715889056
304.6,11.035863598124628
304.8,11.13168039841391
305.0,11.165464728538332
305.2,10.922198141188122
305.4,10.883843828428532
305.6,11.125471867299549
305.8,11.216581336472036
306.0,11.261211908964839
306.2,11.566078289187583
306.4,11.173685319447177
306.6,10.95190123089462
306.8,11.11853262505207
307.0,11.1352356445288
307.2,11.15684719211008
307.4,11.028265711038447
307.6,10.909631219546318
307.8,10.818694667124971
308.0,11.171420060860072
308.2,10.899299050497877
308.4,11.009171451225106
308.6,10.87710384584662
308.8,11.032768663238153
309.0,10.798545034116371
309.2,10.896107037447116
309.4,10.773676664923194
309.6,10.667983672786
309.8,11.137580596515246
310.0,10.907369870525535
310.2,11.114449103940444
310.4,10.95602610532689
310.6,10.78446381984768
310.8,10.909998851692208
311.0,11.156438588171476
311.2,11.090942422074496
311.4,11.149979108885237
311.6,11.001053432320766
311.8,10.95190395259327
312.0,11.08388365928147
312.2,11.002387969945122
312.4,11.283138952426647
312.6,11.183461908377016
312.8,11.087973852517496
313.0,10.795108891912335
313.2,11.15971640707281
313.4,10.92546456756115
313.6,11.044863673670065
313.8,11.299430618725804
314.0,10.952876769764154
314.2,10.89329763839396
314.4,10.880293647828196
314.6,10.954309206465352
314.8,11.169541894065034
315.0,11.369054799607534
315.2,11.011820905005642
315.4,11.18805701269638
315.6,11.317863084758288
315.8,11.482711400160046
316.0,11.623995324377134
316.2,11.342357888608937
316.4,11.331601210168088
316.6,11.531084790497045
316.8,11.551101289529832
317.0,11.335607676929197
317.2,11.514889564272096
317.4,11.443913511539188
317.6,11.517091998670452
317.8,11.458752791740883
318.0,11.379676286748362
318.2,11.639352426206738
318.4,11.528295854485709
318.6,11.56259446149225
318.8,11.465720116667482
319.0,11.675583240385148
319.2,11.421940658975576
319.4,11.491280248647758
319.6,11.34404955749811
319.8,11.064333782387408
320.0,10.944654584407163
320.2,11.168852678410865
320.4,11.03230557035543
320.6,11.136420456954628
320.8,11.33452092779299
321.0,11.265714027091388
321.2,11.51861171499067
321.4,11.529112866109909
321.6,11.452854795642367
321.8,11.56015296248066
322.0,10.986473194844631
322.2,10.764295758100445
322.4,10.822381846889517
322.6,10.97730147936568
322.8,10.738050132363558
323.0,10.70270132097294
323.2,10.892300816701203
323.4,11.290011460078663
323.6,10.902557282405834
323.8,11.258533761560475
324.0,11.316087569495627
324.2,12.166101571486362
324.4,11.89016716127072
324.6,12.796245726610124
324.8,11.864378925445394
325.0,11.678729877754193
325.2,11.446399978677526
325.4,11.46529892041883
325.6,11.791507772944517
325.8,11.48615930627496
326.0,12.098098850094631
326.2,11.410366521275773
326.4,12.477526997528498
326.6,13.009557507070182
326.8,12.311124544962144
327.0,12.085753416798656
327.2,11.648515285593405
327.4,12.116908814951925
327.6,12.221545908660579
327.8,11.823117306526793
328.0,11.762443694135849
328.2,11.733543023007545
328.4,11.826925253956887
328.6,11.834912631448898
328.8,12.338895681921153
329.0,11.906744998109408
329.2,11.780116084553583
329.4,12.195086074959182
329.6,11.768209725891444
329.8,11.313319351592344
330.0,11.324941099745558
330.2,11.255814912712566
330.4,11.385187320063455
330.6,11.302780748219964
330.8,11.116141480382852
331.0,11.694822000865948
331.2,11.239730488969837
331.4,11.643494494101596
331.6,11.215373731530118
331.8,11.026008977864654
332.0,11.245805132568336
332.2,11.491436008749815
332.4,11.352492174801787
332.6,11.641274101244015
332.8,11.754286209948857
333.0,11.555858633750201
333.2,11.561538034310782
333.4,11.39112593628948
333.6,11.273062182751216
333.8,11.42140996245617
334.0,11.268429176836708
334.2,11.686413474642833
334.4,11.37770359159116
334.6,11.658319006021905
334.8,11.672933086000876
335.0,11.81944410976401
335.2,11.730370309944224
335.4,11.565432397377249
335.6,11.667276170334675
335.8,11.909334136585347
336.0,11.853727561656653
336.2,11.42636960985963
336.4,11.675992180067983
336.6,12.021956212293553
336.8,11.72499542817905
337.0,11.800740774867354
337.2,12.052269811973842
337.4,11.603412164899265
337.6,11.383197159595609
337.8,11.641636637204272
338.0,11.761385638025764
338.2,11.749587577037648
338.4,11.734812136200592
338.6,11.911962241282012
338.8,11.751286774171
339.0,11.645972049310455
339.2,11.610724475478504
339.4,11.521680103034257
339.6,11.655719092997082
339.8,11.792683907886365
340.0,11.832613402699536
340.2,11.607640436029287
340.4,11.783257878892288
340.6,11.795446221083154
340.8,11.743304796335694
341.0,11.277834228024897
341.2,11.325887468975257
341.4,11.460580599966644
341.6,11.412766503809724
341.8,11.341451575313123
342.0,11.341156880868537
342.2,11.245375050579408
342.4,11.340609216399688
342.6,11.543201613371508
342.8,11.321391264248742
343.0,11.559031156146645
343.2,11.425461461094377
343.4,11.83356018428231
343.6,12.09399901544575
343.8,11.704857474594693
344.0,12.26549938528642
344.2,12.18328573164311
344.4,12.106396058964888
344.6,11.975581541348411
344.8,12.384980697019488
345.0,11.87682281220926
345.2,12.092538872637114
345.4,12.081166991262505
345.6,11.981311861037678
345.8,11.755741050507634
346.0,11.495744056731922
346.2,12.117684599827133
346.4,12.31030501283829
346.6,12.394710958146218
346.8,12.403215191862591
347.0,11.788171875146556
347.2,12.394497024170521
347.4,12.210363477141108
347.6,11.963986779536118
347.8,12.095964467580442
348.0,12.55567565749339
348.2,12.292654906164842
348.4,12.2693325967857
348.6,11.703584074396868
348.8,12.39922622670992
349.0,12.0429811052022
349.2,11.910367395662833
349.4,11.291823681257892
349.6,12.011811214401252
349.8,11.953075364923665
350.0,11.475231860983637
350.2,11.959761118097452
350.4,11.606475874473531
350.6,12.28241138625937
350.8,12.048363993012465
351.0,12.091179530056026
351.2,12.139631917902953
351.4,12.209764076017077
351.6,12.173705386567523
351.8,11.8838258001597
352.0,12.317400992661568
352.2,12.024013471353411
352.4,12.058085160683172
352.6,11.882482919742714
352.8,11.874571775299568
353.0,11.880526413388035
353.2,11.781817597674191
353.4,11.87582587740307
353.6,11.28677350074322
353.8,11.469786680659935
354.0,11.285598132062267
354.2,11.37637352694316
354.4,11.26190932156745
354.6,11.333643642152182
354.8,11.81490857717904
355.0,11.319346367892475
355.2,12.070950873845375
355.4,12.30760434291994
355.6,11.906082078450062
355.8,11.811530937337249
356.0,11.24339293472401
356.2,11.141532858363217
356.4,11.107457969117565
356.6,11.141781863865116
356.8,10.907599858604248
357.0,11.405497906552736
357.2,12.28661100088991
357.4,11.65155600158155
357.6,11.53744788220279
357.8,11.780428278477274
358.0,12.10354754869636
358.2,11.931308258342755
358.4,12.149083746140237
358.6,12.112229477114031
358.8,12.249833757622126
359.0,12.492112337363732
359.2,12.244698883753774
359.4,12.445935534758338
359.6,12.445316949845752
359.8,12.454852788304464
360.0,12.214706158917913
360.2,12.003819581387356
360.4,12.343920014896717
360.6,12.385404180873593
360.8,12.229475184284146
361.0,12.431985761373724
361.2,12.467779211741874
361.4,12.309137041363517
361.6,12.516167850447385
361.8,12.189349521337846
362.0,12.266607858120032
362.2,12.349780691238196
362.4,12.068744079601036
362.6,12.46335419359125
362.8,12.342333064410028
363.0,11.958407695036872
363.2,12.214661945492134
363.4,12.087667803006104
363.6,12.360508266911996
363.8,12.33642327581345
364.0,12.200834127320126
364.2,12.02554276849237
364.4,11.971764570601922
364.6,12.229294531895397
364.8,12.314675251052677
365.0,12.271781757901277
365.2,12.097561144201787
365.4,12.736042846293302
365.6,12.270419352130503
365.8,12.372079270257823
366.0,12.65342814626111
366.2,12.47543245057425
366.4,12.451829036031757
366.6,12.07092843418707
366.8,12.264929158793304
367.0,11.686780374384107
367.2,11.659427651163476
367.4,11.819957938614483
367.6,11.732066546754648
367.8,11.20033161267992
368.0,11.94847147219236
368.2,11.809243373853366
368.4,11.938237736533193
368.6,11.487658725008687
368.8,11.667316130689242
369.0,11.259237881430963
369.2,11.662934840375641
369.4,11.775076622849374
369.6,12.148022364940449
369.8,12.189394387315733
370.0,12.045704053695651
370.2,11.67346992909871
370.4,11.72957406799603
370.6,12.043208556046912
370.8,11.572525146945704
371.0,11.834821264150497
371.2,12.262171649548495
371.4,11.472906670388703
371.6,11.438929950379018
371.8,11.847587359386216
372.0,11.479395061755602
372.2,10.687741957307534
372.4,11.573725187133178
372.6,12.1080974218205
372.8,11.966381230028073
373.0,12.988789728344978
373.2,12.798355338038993
373.4,12.81099838927143
373.6,12.673630563673864
373.8,12.477652150264603
374.0,12.886284718491595
374.2,12.886365100166064
374.4,12.268729012494733
374.6,11.996942171922427
374.8,12.757557902031838
375.0,12.834792748985723
375.2,12.76164085346429
375.4,12.723604774429651
375.6,11.76853039585395
375.8,12.34417973882963
376.0,11.746165510283133
376.2,11.481561337658142
376.4,11.78438228427254
376.6,11.121584780821518
376.8,10.816855501500937
377.0,12.536260104524263
377.2,12.333400142061596
377.4,12.1405352513715
377.6,11.968863527077545
377.8,11.136363486867381
378.0,12.193239514532541
378.2,12.387394536738805
378.4,12.28476360297469
378.6,11.81108659750156
378.8,11.083259181689423
379.0,10.789146000571765
379.2,10.6010193775385
379.4,10.96707657504975
379.6,11.046922912861671
379.8,10.68387828955437
380.0,11.94507501606773
380.2,11.814911141837088
380.4,12.138398053649762
380.6,12.768762951743408
380.8,11.974207731356666
381.0,11.659574840747915
381.2,11.314695353279166
381.4,11.218623908773536
381.6,11.128244797449396
381.8,11.340082679187395
382.0,11.392657988526434
382.2,11.920231669663295
382.4,11.529951293284737
382.6,11.185683196062147
382.8,11.361881981486633
383.0,11.299936451720505
383.2,10.804962989960893
383.4,10.791288556287446
383.6,10.577964904573049
383.8,10.351416546184765
384.0,10.18264652006376
384.2,10.116356688835605
384.4,11.074206351176395
384.6,10.837654655322755
384.8,11.249889139700155
385.0,11.070772510627796
385.2,11.117601994011634
385.4,10.862868418045482
385.6,10.747078343346628
385.8,11.132265491354726
386.0,11.03617036429493
386.2,10.555058626010743
386.4,11.063242010551155
386.6,11.132446284259942
386.8,10.578812095928512
387.0,10.885098703831101
387.2,10.801554193014237
387.4,10.359025559416297
387.6,10.250506724996683
387.8,10.904674868128762
388.0,10.351982107413813
388.2,11.091754225679622
388.4,10.740707093663072
388.6,11.106554219547409
388.8,10.628037891258838
389.0,10.840835716798683
389.2,11.28560703009843
389.4,10.782130302749877
389.6,11.500788103456257
389.8,11.454833976685222
390.0,11.467752245204126
390.2,11.57286298715787
390.4,10.806616461507002
390.6,10.84935468419548
390.8,11.744180009338493
391.0,11.495130972220554
391.2,11.266259297501382
391.4,10.800269841049053
391.6,11.891532683897463
391.8,11.777775971151945
392.0,11.193348675138427
392.2,10.814839266350367
392.4,11.36009086921911
392.6,11.844087042840286
392.8,11.863029339311314
393.0,11.385063671572041
393.2,11.891441421072756
393.4,11.69046161631999
393.6,12.55399752935203
393.8,12.063217307187363
394.0,11.878088604490443
394.2,12.485205507847287
394.4,11.870159001366734
394.6,11.606669948203583
394.8,11.48060522767061
395.0,11.684018398293823
395.2,11.663139863638985
395.4,11.483154265277902
395.6,10.816924701032951
395.8,10.655806115328572
396.0,10.888553700481612
396.2,10.652446590135929
396.4,11.29155615322832
396.6,11.690011793725755
396.8,11.777088145113037
397.0,11.889568266616822
397.2,11.843608332476396
397.4,12.066234055575704
397.6,11.577880388958018
397.8,11.574693840483842
398.0,11.892007915238757
398.2,12.09719098329157
398.4,11.904073626523719
398.6,11.897391015170323
398.8,11.901945600994537
399.0,11.712793724915374
399.2,11.959927808936703
399.4,12.141969901902709
399.6,12.315016280904054
399.8,12.246951679718094
400.0,11.453151906742455
400.2,12.311464309956905
400.4,12.3751399630555
400.6,12.228509691837214
400.8,12.534009055530822
401.0,12.889549599909007
401.2,12.150895774519803
401.4,12.948199891990605
401.6,11.858357497930765
401.8,12.04624437588372
402.0,12.169884092619284
402.2,10.271493369312006
402.4,10.18827311278933
402.6,10.173130406375662
402.8,10.024803597022089
403.0,10.405950761932898
403.2,10.151647608564796
403.4,10.646305770540621
403.6,10.47191459075853
403.8,10.261466175417697
404.0,10.33274720193183
404.2,10.42764772052214
404.4,10.223795672645402
404.6,10.571103241637704
404.8,10.677247435165551
405.0,11.122132587255361
405.2,12.101607726053103
405.4,12.56135798617714
405.6,12.506977704622686
405.8,12.55814235805529
406.0,12.309027492979684
406.2,13.460851744529723
406.4,13.455374905325137
406.6,12.452113852597833
406.8,12.113450024217345
407.0,12.32071034660832
407.2,12.112116258956886
407.4,12.49650114151625
407.6,11.944025832017932
407.8,12.33506835888612
408.0,11.964181976871348
408.2,12.350185096411913
408.4,12.662325040105946
408.6,12.703384551086693
408.8,12.47420485773442
409.0,11.743345770098873
409.2,12.18831951166808
409.4,12.220864903155707
409.6,13.03457239600808
409.8,12.235411242236442
410.0,11.793763998467114
410.2,13.346022679340464
410.4,12.89562734144014
410.6,11.953632781237324
410.8,11.05858300266008
411.0,11.200851820238427
411.2,11.385421620948255
411.4,11.250857371656704
411.6,11.617457554782158
411.8,13.310528242250587
412.0,12.404793440716267
412.2,11.873314215308234
412.4,11.944192395615215
412.6,12.313802617952259
412.8,12.381401394274999
413.0,12.419134494333102
413.2,12.321895617897416
413.4,12.390370771744895
413.6,11.690149721583742
413.8,11.898688321043075
414.0,12.12978045021088
414.2,11.799774771137422
414.4,11.811053424172842
414.6,12.216242326537337
414.8,12.390355507883442
415.0,12.19031114283677
415.2,11.866819494602849
415.4,12.252608520541559
415.6,11.998587868602403
415.8,11.073892984985454
416.0,11.806915638526757
416.2,12.207892863950958
416.4,12.137187324319472
416.6,12.094965570434939
416.8,11.57758207063711
417.0,11.610106858460368
417.2,12.167100281951235
417.4,12.069648432872032
417.6,12.135002901445446
417.8,11.548714726702066
418.0,11.990059816020572
418.2,12.169782942572018
418.4,11.91490638360779
418.6,11.90819015931069
418.8,12.399253671626806
419.0,12.217421109388392
419.2,12.362822851580994
419.4,12.065470484914695
419.6,12.049249855837196
419.8,12.368325860662877
420.0,12.110803519718642
420.2,12.495718496867973
420.4,12.285884982642887
420.6,11.746755893181666
420.8,12.100605950499904
421.0,12.433518527569552
421.2,12.380123516805204
421.4,12.305128082365108
421.6,12.372053488602479
421.8,12.146162358321188
422.0,12.13787098742193
422.2,12.383253143064897
422.4,11.669111779862991
422.6,12.524282670542766
422.8,12.20125004938889
423.0,12.39483601974149
423.2,12.191839181103457
423.4,12.398314285169747
423.6,12.465541355608153
423.8,12.062744188744146
424.0,12.215907073843981
424.2,12.326686452851632
424.4,11.596917069610042
424.6,11.838328639169212
424.8,11.963974877533952
425.0,11.863173807872272
425.2,11.602786830305895
425.4,11.443265667859158
425.6,11.718329896092726
425.8,11.63275998357356
426.0,11.671012195942032
426.2,11.76417307733603
426.4,11.91760104613008
426.6,11.8479677898308
426.8,11.737943668901202
427.0,11.410349038978271
427.2,11.382415986349985
427.4,11.41316865694812
427.6,11.74062432680156
427.8,11.451038577685642
428.0,11.791758786917267
428.2,11.634106228581938
428.4,12.001079465738291
428.6,11.922135350501817
428.8,11.44879402830881
429.0,11.309920240472422
429.2,11.58080961259315
429.4,11.541712698211587
429.6,11.814016949757962
429.8,10.92496380874363
430.0,11.610367178214853
430.2,11.425381387793838
430.4,11.713291110040874
430.6,11.746333470287237
430.8,11.660158351500877
431.0,11.893450967054914
431.2,11.687662611786267
431.4,11.37338549935964
431.6,12.76053713415365
431.8,12.03690086462605
432.0,12.19418355123361
432.2,12.13998306328903
432.4,12.380419525974098
432.6,12.044385193331289
432.8,12.204861864771242
433.0,12.161789931549919
433.2,12.344941285059065
433.4,11.714988368678092
433.6,12.245005607874933
433.8,12.231798859980767
434.0,11.891541251780762
434.2,12.367498614115648
434.4,12.092228073355393
434.6,12.296750980198453
434.8,11.927793263882833
435.0,12.146804717709287
435.2,12.251032094004108
435.4,12.098600396028253
435.6,11.930338962541807
435.8,11.763759994306856
436.0,12.227390407810608
436.2,12.26655892102263
436.4,11.806722628237269
436.6,12.563356308113079
436.8,12.175751627552403
437.0,11.577245005841927
437.2,11.07256527340433
437.4,11.15028294023902
437.6,11.188775948379403
437.8,10.862604609950626
438.0,10.932769300543004
438.2,11.151760893510174
438.4,10.96314916810772
438.6,10.766723627456729
438.8,11.125515427657891
439.0,11.058899421789913
439.2,10.782303027213569
439.4,10.902830107310075
439.6,10.146218938306589
439.8,10.783107391747935
440.0,10.589162037120596
440.2,10.323347161341307
440.4,10.450899312918697
440.6,10.483757161886773
440.8,10.24835267613611
441.0,10.202400772212163
441.2,10.201005287011666
441.4,10.171621621828207
441.6,10.081613417036603
441.8,10.318561982201373
442.0,10.169336312697823
442.2,10.252210501729923
442.4,10.367466053555606
442.6,10.575871194217104
442.8,10.384439219120454
443.0,10.404106810393492
443.2,10.426300765776595
443.4,10.628397107983512
443.6,10.161210331920786
443.8,10.431380482136605
444.0,10.94437536166449
444.2,11.795519096268519
444.4,11.886548441014774
444.6,11.528630746318678
444.8,11.147691104211553
445.0,11.566643222461629
445.2,10.98034800591578
445.4,11.044359642016431
445.6,11.239548233978645
445.8,11.255689638631694
446.0,11.534932455687766
446.2,11.750554909310942
446.4,11.761129021529548
446.6,11.988960063766676
446.8,11.615655488280963
447.0,11.585952078528274
447.2,12.279311330634368
447.4,12.087802790461053
447.6,12.144235450024317
447.8,12.241551520359888
448.0,12.074771845027392
448.2,12.224986986788641
448.4,11.608881817741155
448.6,11.635812366975847
448.8,11.909717898875776
449.0,11.71818821552149
449.2,12.127549531709665
449.4,11.815493108690461
449.6,12.079293591881633
449.8,11.784870330462
450.0,12.118523545462898
450.2,11.584512949637961
450.4,11.209777710855693
450.6,11.256831662341511
450.8,10.881354874118527
451.0,11.165984218091252
451.2,11.313087317689568
451.4,11.188506954721865
451.6,10.953553899797033
451.8,11.72055940082656
452.0,11.311776079947355
452.2,11.569072135462356
452.4,11.320387297954868
452.6,11.497783580539851
452.8,11.447513073827318
453.0,11.431390698091974
453.2,10.849521590383034
453.4,11.295835235307255
453.6,11.076786770698344
453.8,10.734002555133536
454.0,10.989948220070975
454.2,11.332309027827591
454.4,11.606286920133531
454.6,11.27082374945173
454.8,11.139789469867239
455.0,11.28907974812439
455.2,11.209304439143516
455.4,11.61775307659922
455.6,11.219246438292318
455.8,11.416082041307504
456.0,11.35389874256406
456.2,10.978769786746646
456.4,11.857712820757227
456.6,11.788214297423853
456.8,10.854021175266144
457.0,11.251086702313353
457.2,11.510802699448927
457.4,11.660087761149319
457.6,11.331576129802485
457.8,11.426964703229148
458.0,11.151632122378185
458.2,12.08381732971115
458.4,11.713688247718213
458.6,11.779911454447106
458.8,11.787874317764068
459.0,11.805095902497484
459.2,11.569329986970176
459.4,11.11704041061438
459.6,11.104519199273879
459.8,11.568592154146035
460.0,11.02055210005969
460.2,10.910316362933393
460.4,12.333654017216517
460.6,11.620642720214002
460.8,11.18153312796857
461.0,11.423505155785179
461.2,12.666205938023952
461.4,11.266481585724307
461.6,10.861390493920165
461.8,11.192430349646266
462.0,10.930125239003432
462.2,11.035780295051019
462.4,10.916570153089127
462.6,10.984986559131688
462.8,11.681994145027799
463.0,11.92970837965435
463.2,11.422098357399413
463.4,11.791289573550294
463.6,11.739102524256555
463.8,12.203121149218356
464.0,12.011362785495074
464.2,11.65992986613838
464.4,12.189305385855405
464.6,12.032625581591274
464.8,12.236493241533895
465.0,11.913210818105318
465.2,12.366327377996761
465.4,12.155694225625759
465.6,12.442879680356613
465.8,12.34624262236679
466.0,12.227912576466448
466.2,12.072899268238995
466.4,12.360792990472536
466.6,12.334109304330521
466.8,12.45719794095336
467.0,11.958183008228534
467.2,12.055871795134008
467.4,12.45039139244071
467.6,11.742954115776438
467.8,12.383830094537625
468.0,11.843363673184083
468.2,12.184789939556385
468.4,12.108744440514608
468.6,12.023628329828124
468.8,11.549411899184655
469.0,12.021654793266661
469.2,11.798713195589581
469.4,12.192837805074706
469.6,12.064458373695002
469.8,12.21712402259538
470.0,11.494799350514624
470.2,11.55537568328368
470.4,12.001119795607472
470.6,11.902116263525047
470.8,12.117835713792912
471.0,12.343262710177296
471.2,12.237598244744557
471.4,12.151402038924067
471.6,12.231523786834067
471.8,11.74436654985702
472.0,11.492489942666719
472.2,11.406146690231784
472.4,11.41161676843005
472.6,10.928029460011675
472.8,10.993291154846474
473.0,11.078031399758315
473.2,11.293149174852335
473.4,11.25955811743735
473.6,11.36187601837303
473.8,11.527491188273284
474.0,11.017301021360693
474.2,10.810947707171168
474.4,12.084858941418357
474.6,12.00112776311373
474.8,11.877759973970953
475.0,12.147988240053744
475.2,12.282285838022522
475.4,11.86559412547966
475.6,11.777275585540906
475.8,11.13595474142134
476.0,11.732953767442211
476.2,12.282332284612599
476.4,11.562519094259356
476.6,11.59167351735526
476.8,11.711186477181162
477.0,12.122994475132439
477.2,12.337634888710657
477.4,12.342511349917933
477.6,13.310579541615638
477.8,12.041542382863463
478.0,12.292116780891424
478.2,12.454332934571674
478.4,11.439425851713853
478.6,10.396655603210991
478.8,10.924429567795556
479.0,10.513882148302978
479.2,10.403900681102982
479.4,10.67029798936225
479.6,11.381741004016233
479.8,13.028141821854344
480.0,13.11011061758698
480.2,12.809051739014933
480.4,12.118364477931943
480.6,11.991492637989813
480.8,12.04245386053589
481.0,11.808407961012886
481.2,11.853020146104212
481.4,11.975737025445905
481.6,12.324867262039948
481.8,12.671793434453276
482.0,12.322174542442632
482.2,11.794658339092503
482.4,11.54171688219326
482.6,11.94198519433392
482.8,11.760663593547644
483.0,11.725060256553162
483.2,11.57455471594675
483.4,11.696885653385866
483.6,11.666708574580401
483.8,11.475574665563757
484.0,11.906731813249724
484.2,9.918519806447401
484.4,10.264668223134986
484.6,10.876073337595109
484.8,10.042417407992234
485.0,9.451206752632121
485.2,9.726731605890725
485.4,9.511828500755733
485.6,10.007687789859695
485.8,9.627237789573345
486.0,9.551446519971062
486.2,9.49378861908639
486.4,9.229469764639077
486.6,9.203778040087268
486.8,9.413796620188004
487.0,9.165620667657143
487.2,9.672735895949426
487.4,9.58870792797989
487.6,9.328298451866619
487.8,9.298333097205996
488.0,9.575533083007016
488.2,9.486163636215764
488.4,9.54973145120152
488.6,9.451711750805988
488.8,9.48692269110732
489.0,9.670984561945703
489.2,9.542873295584837
489.4,9.427076219059797
489.6,9.500316086357861
489.8,9.631314721455196
490.0,9.792221295540243
490.2,9.418950779854207
490.4,9.611712153974523
490.6,9.633459919186922
490.8,10.196185081249103
491.0,9.830265810244255
491.2,9.7058091886787
491.4,9.64872585107395
491.6,10.444597246731258
491.8,10.136068888285507
492.0,10.18965224576521
492.2,10.582849779011305
492.4,10.735436004623239
492.6,11.346604854133936
492.8,10.598990878763994
493.0,10.652066855766414
493.2,10.07587412783528
493.4,10.653299296085944
493.6,9.992780440207309
493.8,10.468461755303931
494.0,10.833258013791106
494.2,10.342349273526807
494.4,10.424929225748752
494.6,10.828833606762235
494.8,10.978617187634455
495.0,10.614184501332574
495.2,10.234546562427365
495.4,10.54110112696215
495.6,11.234804765692159
495.8,11.4500066488685
496.0,10.988572200288708
496.2,10.38609754228013
496.4,11.220273004365993
496.6,11.329460078199018
496.8,11.135944008646243
497.0,11.123088669006728
497.2,11.398682640032733
497.4,11.439027604628366
497.6,11.243546952263465
497.8,11.313082758692058
498.0,11.260644312558945
498.2,10.699826182551984
498.4,11.311885870732985
498.6,11.571563594305328
498.8,11.436285451789796
499.0,11.047012209789537
499.2,11.411551539729903
499.4,11.570920097316886
499.6,11.316297904141475
499.8,11.612691341447881
500.0,11.2931404571801
500.2,11.809670583005193
500.4,11.503523570985333
500.6,11.098819687954798
500.8,11.377839836297083
501.0,11.508721701435993
501.2,11.689377657778483
501.4,11.37985552400751
501.6,11.880690163970884
501.8,11.604998393847573
502.0,11.869633848084202
502.2,11.438621913888765
502.4,11.461881695575222
502.6,11.575967220520742
502.8,11.24464357425132
503.0,11.105660034728466
503.2,10.879548068950829
503.4,10.77249932404479
503.6,11.488921618782037
503.8,11.760587337025555
504.0,10.823960197816657
504.2,10.924188983431664
504.4,10.852609409448519
504.6,11.118394394678257
504.8,11.244754472165736
505.0,10.055021709197685
505.2,10.577891226752435
505.4,10.463809581387162
505.6,10.845221601484438
505.8,11.499790497033924
506.0,11.230771622128554
506.2,10.763963961220036
506.4,11.07572399730403
506.6,10.430847387906326
506.8,10.969461866872365
507.0,10.839931857867995
507.2,11.307030991587022
507.4,10.558405164409718
507.6,10.703494973904025
507.8,10.86753879703273
508.0,11.283252343643007
508.2,11.280462399618214
508.4,11.329392142768022
508.6,11.635285684574994
508.8,11.482053038777833
509.0,11.784214996533516
509.2,11.862249642870283
509.4,11.587531597243121
509.6,11.287142212875676
509.8,11.48100062870104
510.0,11.862708841064926
510.2,11.405625611647936
510.4,12.087725971048881
510.6,11.303439530606614
510.8,10.601709785582889
511.0,11.14478726248435
511.2,10.62119243434193
511.4,10.8631895372948
511.6,11.084579287138252
511.8,10.687976506590978
512.0,10.724142413176027
512.2,11.02904217539254
512.4,10.892452428888927
512.6,10.505094008467001
512.8,10.484866594649521
513.0,10.525033520484596
513.2,10.525391461401634
513.4,10.436568623969771
513.6,10.178372356958317
513.8,10.362077451185748
514.0,10.552343830059975
514.2,10.677656826185597
514.4,10.695909407036881
514.6,10.9740293358525
514.8,10.907403321612891
515.0,10.437621804290762
515.2,10.84485900557738
515.4,10.709668646140942
515.6,10.53415320703758
515.8,10.828852701028316
516.0,10.536825992719427
516.2,10.226035750588673
516.4,10.359579027312112
516.6,11.17720710899233
516.8,10.568869410365734
517.0,10.549174125585028
517.2,10.503861758883733
517.4,10.90875940368079
517.6,10.90640636856171
517.8,10.616983918081509
518.0,11.097652945928012
518.2,11.888365246761817
518.4,11.076749393588592
518.6,11.85555694041814
518.8,11.694484389688576
519.0,12.225321612994154
519.2,11.478818569728498
519.4,11.356475854829293
519.6,11.649768835650406
519.8,11.79540675760622
520.0,11.957290490370752
520.2,11.966874273272063
520.4,12.300737585769173
520.6,12.844798543156358
520.8,12.659739362912585
521.0,12.715151400414557
521.2,12.537261158525087
521.4,12.596865097081205
521.6,10.497162169563424
521.8,10.152998984647208
522.0,11.631625096218452
522.2,11.192832258285568
522.4,12.74776817301462
522.6,11.523491420344037
522.8,11.196327256079922
523.0,12.005654299881027
523.2,12.41042763839641
523.4,12.749782270091545
523.6,12.44336408063484
523.8,12.690375609506152
524.0,12.800606805748062
524.2,13.109357866386858
524.4,13.250724569264428
524.6,12.375320820598862
524.8,13.214612207155449
525.0,13.157271562415902
525.2,12.844721511560596
525.4,11.664663017634435
525.6,11.36724568668653
525.8,10.776656342851723
526.0,11.284310774090745
526.2,10.581006258007204
526.4,10.95213147353655
526.6,10.870535976449087
526.8,11.840446337165098
527.0,11.757900527568948
527.2,12.392203165999923
527.4,10.726834737301424
527.6,11.22001930816767
527.8,12.12297608039431
528.0,11.674009861321961
528.2,12.5710024380819
528.4,11.883834923222656
528.6,11.711737025244757
528.8,11.835725101247899
529.0,12.90552424263229
529.2,11.217357913058093
529.4,12.457856729758749
529.6,10.254849247707387
529.8,10.30901988991065
530.0,10.622042545296924
530.2,10.378492142148055
530.4,10.790753056800737
530.6,10.730878143241938
530.8,10.838658255037995
531.0,10.610716609808886
531.2,11.89595802614355
531.4,12.162128818858033
531.6,11.730543168684635
531.8,12.781688450700887
532.0,12.331719762999667
532.2,12.365934914769728
532.4,13.056031710914933
532.6,12.654702641648477
532.8,12.812852769727758
533.0,11.700291535990297
533.2,12.082071932971028
533.4,11.309692422691167
533.6,12.014669310102624
533.8,11.59083652983007
534.0,12.507314862295711
534.2,11.544110526954386
534.4,11.498975595996946
534.6,11.855583052438515
534.8,11.444343844471529
535.0,10.629421120616309
535.2,10.327750658005407
535.4,10.400966919578051
535.6,10.386372336486113
535.8,11.104114078993153
536.0,11.871462969768302
536.2,12.686554557213194
536.4,11.885894985028552
536.6,11.5384335762449
536.8,11.321755424278148
537.0,11.647974939897045
537.2,11.835949848842946
537.4,11.638694580696642
537.6,10.603297234721445
537.8,11.737354660396328
538.0,11.472504212159025
538.2,11.411714203643735
538.4,12.652847592533343
538.6,10.959189904128818
538.8,11.553193416842479
539.0,11.559240414922943
539.2,11.309243894111473
539.4,12.771533215349551
539.6,12.603425672569468
539.8,13.471576988910654
540.0,13.594682270528475
540.2,12.686103584533283
540.4,12.604970392490955
540.6,12.421482181190047
540.8,12.974858670201122
541.0,12.45558485550372
541.2,12.420263389920194
541.4,12.68235384039897
541.6,12.579656974318905
541.8,13.413310389255335
542.0,13.735451020852839
542.2,14.095298735368477
542.4,14.167194898275223
542.6,13.625624604907042
542.8,13.280601670920573
543.0,13.217957031330286
543.2,12.451891236511495
543.4,12.238755713486206
543.6,11.87693266316706
543.8,12.904384009920012
544.0,12.445091673292495
544.2,12.697284092609022
544.4,12.236690248606472
544.6,12.625756466026363
544.8,12.973497257988083
545.0,12.507525249433929
545.2,12.336481443997503
545.4,12.431108007331328
545.6,11.921222982548327
545.8,12.5667792705862
546.0,12.194891003344967
546.2,12.210089316755912
546.4,12.708290564230966
546.6,12.74089637271312
546.8,12.639466541314246
547.0,12.653961122015644
547.2,12.504944833695081
547.4,12.139103021819192
547.6,11.871404137800571
547.8,12.245041941908221
548.0,11.858315080941322
548.2,12.71261307916998
548.4,12.250559772407213
548.6,12.809794455481915
548.8,12.735474674652504
549.0,13.7082821401059
549.2,13.721671499341976
549.4,13.99038307467581
549.6,11.993983386419346
549.8,12.044028582007218
550.0,12.061585424937512
550.2,12.39323551616905
550.4,11.14822653845392
550.6,12.807324365810658
550.8,12.918296248901209
551.0,13.820899212356482
551.2,13.86497462634984
551.4,13.020828869822967
551.6,12.783113446896905
551.8,13.0460952442525
552.0,13.506016206621709
552.2,13.72341449979977
552.4,13.975746709176608
552.6,13.640303765920427
552.8,13.924669293221735
553.0,12.889987423044644
553.2,11.894492506694112
553.4,13.437370730460426
553.6,12.801067213816983
553.8,12.208436183894182
554.0,12.742711664700114
554.2,12.226696581536308
554.4,13.328722454252766
554.6,13.454004526910563
554.8,13.453717240418273
555.0,13.284452228102106
555.2,12.294201711019454
555.4,12.534278816374151
555.6,13.365319435140632
555.8,13.516054784336887
556.0,13.131507717867272
556.2,12.948210925744167
556.4,13.63885446500571
556.6,13.810952936605155
556.8,13.424979084260602
557.0,12.411474232450226
557.2,12.201071778137324
557.4,12.0931967649379
557.6,13.04005025388318
557.8,11.99801248167586
558.0,13.049723391325823
558.2,12.345367725810295
558.4,13.699370576254577
558.6,13.722062608898813
558.8,12.064856517921124
559.0,13.115517505996625
559.2,13.282455090914114
559.4,12.545748550676763
559.6,13.728654597352218
559.8,13.180851021753721
560.0,12.665341733428674
560.2,13.269503917295145
560.4,13.056517594897759
560.6,13.816573007447797
560.8,13.752483690423357
561.0,14.241906336329627
561.2,13.349194044841045
561.4,14.0576972368032
561.6,13.124545639808234
561.8,13.53224636146062
562.0,12.960966512883829
562.2,12.894907788262914
562.4,12.826230887164655
562.6,12.672919030610675
562.8,12.536636145731583
563.0,11.995912605185639
563.2,12.523641192570622
563.4,12.419227039457075
563.6,12.64450210130886
563.8,12.7012108623118
564.0,12.450064192291748
564.2,12.549561897675881
564.4,12.82392621444095
564.6,13.245077837292946
564.8,12.459992616028156
565.0,13.511674560576324
565.2,12.772490853219043
565.4,12.672222832416242
565.6,12.199617468330457
565.8,12.26515432267304
566.0,12.843052071911426
566.2,12.21154021410933
566.4,10.967594571501788
566.6,11.342863727214127
566.8,11.395603184451646
567.0,10.498769862064476
567.2,13.05825773074899
567.4,12.83473632890818
567.6,12.866062752491798
567.8,12.889626677893926
568.0,12.936533958633031
568.2,12.460226332378795
568.4,13.495832838989717
568.6,13.332747517302167
568.8,13.056787975590096
569.0,12.320519340444607
569.2,11.801072646668207
569.4,11.757681462368124
569.6,11.267310471863079
569.8,11.510411944870906
570.0,12.357710639050241
570.2,11.964035809089653
570.4,11.854896717348957
570.6,11.540409711510582
570.8,11.665411681659322
571.0,12.902273940671478
571.2,13.47441529988977
571.4,13.9551736620027
571.6,12.87547236971643
571.8,12.899424445025158
572.0,12.56538955044258
572.2,12.969471073474331
572.4,11.975334295753758
572.6,12.726682032434022
572.8,12.134805055038388
573.0,11.662818932247161
573.2,11.269539834608175
573.4,11.627535300090369
573.6,12.319134521874872
573.8,12.570563725750855
574.0,12.049220655790362
574.2,12.487145390737087
574.4,10.302092247612627
574.6,10.879241931398154
574.8,10.641765813244914
575.0,11.091726373161709
575.2,11.386011214328528
575.4,11.000432477499324
575.6,10.581018558758558
575.8,11.597187745023863
576.0,10.95750370223945
576.2,10.574247862782773
576.4,10.675062681251458
576.6,10.820595483198645
576.8,10.091776549764964
577.0,10.738639254394144
577.2,11.256386018710717
577.4,10.906904069635825
577.6,11.076848348959608
577.8,10.76246252619617
578.0,10.923315931532562
578.2,9.915759714385633
578.4,10.56691240444162
578.6,11.122152852521968
578.8,10.67820061455
579.0,11.54165222184061
579.2,11.91392477784813
579.4,10.552609520762452
579.6,10.603413878809352
579.8,10.216527436602423
580.0,9.983252463456697
580.2,9.962541093253696
580.4,9.907987441058717
580.6,9.789848580757024
580.8,9.817973833964738
581.0,11.15108941809093
581.2,10.730672145421469
581.4,10.904201878131456
581.6,11.504872465345343
581.8,10.936717273665481
582.0,10.357780372312813
582.2,9.936945652373385
582.4,9.993031871328107
582.6,9.994253973630784
582.8,10.237044688192267
583.0,9.883963591870218
583.2,9.719308232157234
583.4,9.642810053041087
583.6,10.043857903821134
583.8,9.773842217506587
584.0,9.881793160618532
584.2,9.777969992033062
584.4,9.80076344889522
584.6,9.72767160142565
584.8,9.56583776426281
585.0,9.894092626959694
585.2,10.023344495617192
585.4,9.695739324425986
585.6,9.579815322298726
585.8,9.677051932522788
586.0,9.743368940047755
586.2,9.654526415967794
586.4,9.946353229378555
586.6,10.746178443542558
586.8,10.435094491470027
587.0,10.11806592138
587.2,10.43338538302926
587.4,9.948146620519488
587.6,10.113054884444264
587.8,10.168787733053827
588.0,9.532447212368172
588.2,9.902299542592448
588.4,10.33902862485704
588.6,10.112779883703285
588.8,10.713280872502107
589.0,10.203593587144494
589.2,10.601136224893285
589.4,10.233586533366918
589.6,10.548199575698439
589.8,9.8637322952538
590.0,10.540044603064114
590.2,10.815519418076285
590.4,10.27229191438006
590.6,9.77312010276145
590.8,9.573793453350318
591.0,9.545460671253513
591.2,9.510389640321426
591.4,9.590290681219377
591.6,10.17108330011144
591.8,9.463395331078381
592.0,9.501022570348365
592.2,9.809658611691246
592.4,9.588461337912289
592.6,9.908435218487583
592.8,10.163127812278299
593.0,9.982757540998257
593.2,9.812501890264691
593.4,9.712846433000289
593.6,9.864138872662311
593.8,10.153895461120822
594.0,9.860371956017456
594.2,9.909201579784009
594.4,9.815096928179742
594.6,9.993789522217202
594.8,10.665172398546252
595.0,10.422653632572468
595.2,10.285780116646555
595.4,10.456048740302464
595.6,10.843966655603538
595.8,10.847711814996774
596.0,10.567074546621223
596.2,9.839560718589473
596.4,9.850015843725368
596.6,9.979902564736213
596.8,10.50565881463066
597.0,9.817821075398491
597.2,9.930439389365818
597.4,10.023094963934383
597.6,9.509315301806204
597.8,9.897095960937706
598.0,9.790729626641813
598.2,9.907297752701927
598.4,10.250815185615757
598.6,9.735562786596889
598.8,9.622592512115244
599.0,9.606934849514307
599.2,9.726265978410087
599.4,9.745188482612502
599.6,9.321381605292121
599.8,9.38391701106505
600.0,9.240760501716196
600.2,9.45642253841217
600.4,9.441447521131083
600.6,9.505732004812764
600.8,9.494949026869897
601.0,9.390051650084382
601.2,9.634271983092987
601.4,9.877447546383227
601.6,9.745744026325324
601.8,9.314963650937356
602.0,9.426115563345762
602.2,9.452749039675005
602.4,10.192912850708119
602.6,10.129447334500345
602.8,9.650675313016718
603.0,9.466208238262134
603.2,9.961292741474603
603.4,9.99142819801177
603.6,9.869473652507985
603.8,10.16990946625376
604.0,10.193205515672174
604.2,9.889898538185996
604.4,10.35907165167295
604.6,10.323708363638065
604.8,10.506974604595989
605.0,10.434148175522935
605.2,10.23121564087409
605.4,10.182428755360283
605.6,10.233387474908511
605.8,10.51287481564255
606.0,9.947920363521893
606.2,9.849989350337328
606.4,9.651549924105412
606.6,10.098797886734275
606.8,9.55573872267981
607.0,9.803683824985358
607.2,9.965093557150109
607.4,9.632171945294948
607.6,10.117670947165077
607.8,10.117774548691818
608.0,10.269573308387006
608.2,9.856084181530013
608.4,9.549355228861216
608.6,9.988762840028434
608.8,9.77918264294227
609.0,10.51679841675149
609.2,10.349014166722565
609.4,10.490074237519757
609.6,9.84729164006321
609.8,10.083410717389267
610.0,10.32530384193695
610.2,10.254653596910366
610.4,10.126021115696362
610.6,10.259379400614609
610.8,10.83856107184657
611.0,10.197902059265589
611.2,10.315443149269822
611.4,10.007182027486499
611.6,10.452565577529626
611.8,10.489753420989823
612.0,10.47847152103775
612.2,10.197578153179741
612.4,10.63708802470508
612.6,10.729160649280782
612.8,10.999005287613425
613.0,10.557084194440707
613.2,10.43897527869462
613.4,9.775427393540587
613.6,9.628020180062148
613.8,9.771844309159336
614.0,9.664293020172456
614.2,9.405714201106514
614.4,9.884470426782727
614.6,9.644372068987977
614.8,9.773038563922858
615.0,9.661764514718577
615.2,9.675220374643253
615.4,9.895405841180718
615.6,10.021684781640452
615.8,9.799019404050354
616.0,9.989563855395518
616.2,9.625714820487266
616.4,9.860918184862225
616.6,9.689878563595018
616.8,9.645144347870195
617.0,9.449064212514728
617.2,9.41599006560726
617.4,9.664327970107937
617.6,10.204072346057938
617.8,9.794992782991558
618.0,9.511171476922794
618.2,9.32288970779845
618.4,9.229648918415945
618.6,9.36176449526663
618.8,9.346638847641305
619.0,9.540098771761343
619.2,10.168808163760277
619.4,10.15071682907523
619.6,10.636314121055898
619.8,9.856138400428947
620.0,10.492918843044128
620.2,10.184674718599949
620.4,10.810646296910916
620.6,10.675455772429876
620.8,9.70469943712026
621.0,10.34183316971761
621.2,10.38750550293339
621.4,10.928383877861048
621.6,10.551595049668773
621.8,10.875813020398311
622.0,10.525398260867536
622.2,10.134331744552473
622.4,10.660601220305226
622.6,10.825104749690617
622.8,11.307948440418354
623.0,11.239789679040477
623.2,11.203688032083958
623.4,10.479876631440304
623.6,11.276103819232535
623.8,11.356722590276696
624.0,11.159349854183302
624.2,11.27009452502448
624.4,11.111353984572979
624.6,11.318829619211279
624.8,11.17163250365355
625.0,11.543864571773215
625.2,11.821277078971356
625.4,11.443875352261067
625.6,11.244432134225672
625.8,11.100563209035148
626.0,10.988798709635649
626.2,11.039366477167063
626.4,11.469864746831906
626.6,11.06064348548378
626.8,11.045797801266017
627.0,10.98788987487412
627.2,11.634372231535885
627.4,11.197655967302964
627.6,10.764440900704052
627.8,11.04875705917416
628.0,10.918875824221043
628.2,10.65232795622262
628.4,11.586409125890466
628.6,11.676723612728292
628.8,10.865644255928045
629.0,10.752965841351486
629.2,11.36323973792506
629.4,10.887900825849503
629.6,11.19247057766291
629.8,10.874631334460565
630.0,10.893197597726958
630.2,10.822984828512956
630.4,11.338250932392647
630.6,11.06225153435443
630.8,10.787827562117085
631.0,11.096312711640389
631.2,11.066646574308894
631.4,11.335121819367897
631.6,11.10097924850372
631.8,10.732373458711779
632.0,10.488321326692635
632.2,10.54780997391762
632.4,10.568958536106777
632.6,10.145780327966055
632.8,10.123745171546023
633.0,10.06650937375905
633.2,10.795790010800205
633.4,10.28107657461544
633.6,10.39362163484735
633.8,9.965239977628617
634.0,9.83343322705602
634.2,9.596544633727724
634.4,9.87530151711894
634.6,9.943556395108539
634.8,10.101508173670144
635.0,10.178344110214177
635.2,10.376438917077026
635.4,10.484369641243678
635.6,10.418235878210197
635.8,10.63638626226751
636.0,10.586464442829202
636.2,10.495001612342383
636.4,11.053237307761172
636.6,11.378396795854107
636.8,11.65433313265405
637.0,11.466810001548533
637.2,11.449352113164718
637.4,11.21638466864231
637.6,10.786567672810953
637.8,10.338481935401804
638.0,10.205140195575169
638.2,10.365405517071789
638.4,10.557502388348317
638.6,10.0321308157802
638.8,9.960412420532506
639.0,9.95767351036762
639.2,9.961195618262424
639.4,10.207627834929847
639.6,10.231736441777306
639.8,10.408137680332622
640.0,10.190174019455826
640.2,10.391588893004213
640.4,10.266428583581709
640.6,10.304938515184984
640.8,10.058064836163538
641.0,10.16874022437263
641.2,10.03831530440247
641.4,9.90536636332359
641.6,10.298380911852638
641.8,10.652861112324361
642.0,10.727844182074861
642.2,10.210803398050448
642.4,10.320113954286956
642.6,10.100752011610844
642.8,10.561527980902586
643.0,10.619915319301544
643.2,10.78430607832594
643.4,11.131566221238874
643.6,10.505662308909224
643.8,10.889385966457429
644.0,10.68069924078216
644.2,10.909560550227852
644.4,10.402946351249852
644.6,10.751154125801714
644.8,10.925902843178042
645.0,10.548579948234236
645.2,10.851395095573011
645.4,10.460832348643113
645.6,10.354387871179377
645.8,10.64132621633524
646.0,10.730630128696337
646.2,10.968864389373552
646.4,10.341709461394062
646.6,9.851263833816745
646.8,10.305541494909878
647.0,10.563282070234957
647.2,10.590173067384722
647.4,10.462014586170403
647.6,10.354167367429522
647.8,10.0332966176992
648.0,9.756786703969976
648.2,9.444134827225637
648.4,9.56645109026108
648.6,9.735523496622049
648.8,9.815624962365769
649.0,9.94968636530983
649.2,9.819960577754143
649.4,9.955376910320565
649.6,10.106591013378598
649.8,9.977536086972647
650.0,9.758516685678694
650.2,9.858873000724152
650.4,9.95919652572826
650.6,9.86258807504406
650.8,9.684782505906643
651.0,9.790932399076434
651.2,9.777032705381671
651.4,9.860781773234423
651.6,10.021299388022522
651.8,9.915103435999029
652.0,10.084725109865449
652.2,9.787640773529287
652.4,9.7045371503599
652.6,9.851131852614015
652.8,9.975818393401108
653.0,10.169808462281937
653.2,9.813732979740934
653.4,10.286216782082452
653.6,10.621340473287121
653.8,10.618843875657811
654.0,10.59934405798642
654.2,10.708993064327522
654.4,10.090185982548384
654.6,10.257180006821184
654.8,9.809906447179122
655.0,10.621783296749314
655.2,10.603860090999236
655.4,10.481680778957973
655.6,10.766474180524284
655.8,10.646951134526166
656.0,11.699759101910733
656.2,11.456663272389964
656.4,11.369180263789989
656.6,10.110500944167498
656.8,10.011032262182145
657.0,10.445190392919788
657.2,10.738303801507955
657.4,10.316490757531101
657.6,10.59228821015368
657.8,9.796167562796656
658.0,10.889114803797344
658.2,10.534195530853708
658.4,11.064594929733207
658.6,11.436126659603435
658.8,10.399258397346802
659.0,10.3800730348243
659.2,9.972278180469232
659.4,9.526295826592687
659.6,9.414932112976656
659.8,9.307629993927874
660.0,9.183885509966265
660.2,8.981120040786173
660.4,9.204439971163989
660.6,9.462978825064702
660.8,9.754247535636717
661.0,9.688111612996721
661.2,9.646170833928542
661.4,9.955166535940007
661.6,10.10353454545722
661.8,10.588865389151811
662.0,10.75583841026128
662.2,10.631453687061951
662.4,11.437168716752959
662.6,11.58797293427946
662.8,11.349672945993134
663.0,11.832046792511333
663.2,11.442436344849945
663.4,11.630765538066843
663.6,10.943772416620765
663.8,10.629225071596535
664.0,11.18918639603486
664.2,10.9870407035479
664.4,11.035042765265231
664.6,11.148562571334304
664.8,11.006761223533427
665.0,11.012750900936892
665.2,10.561633175319132
665.4,10.784426911904285
665.6,10.899853677087128
665.8,10.719589250878618
666.0,10.261396114427532
666.2,10.426609474821099
666.4,10.435593944574133
666.6,10.354231643032243
666.8,10.636235941783657
667.0,10.581690122310224
667.2,10.573099861970523
667.4,10.676892116531143
667.6,10.762565122514653
667.8,10.753142404553937
668.0,10.849169147768423
668.2,10.783159675570477
668.4,10.591280433828423
668.6,10.862712388613577
668.8,10.325626634023454
669.0,10.69337141214933
669.2,10.459277778502237
669.4,10.827522394516158
669.6,10.532343491352716
669.8,10.627394318422066
670.0,10.458531231260897
670.2,10.924404492661484
670.4,10.951763550208293
670.6,10.68453855971278
670.8,10.46232704950966
671.0,10.59991469915847
671.2,10.633005369353956
671.4,10.613860315374136
671.6,11.090777500123616
671.8,10.850552193811806
672.0,10.861425508605327
672.2,10.746825059524381
672.4,10.491171890838126
672.6,10.70438092032989
672.8,10.97762543061782
673.0,10.800855654637303
673.2,10.544714326160467
673.4,10.61377132323565
673.6,10.478286193184172
673.8,10.693921807516096
674.0,10.814749425820802
674.2,10.496927178991605
674.4,10.813385745645906
674.6,10.89198061207345
674.8,10.758710534890065
675.0,10.747515279580051
675.2,10.777854514633008
675.4,11.001680844225515
675.6,10.793577156156076
675.8,10.8131470040518
676.0,10.578586851164303
676.2,10.943703104274121
676.4,11.297620722764059
676.6,11.163761434880344
676.8,11.178826043460916
677.0,10.708824522415908
677.2,10.96419747857274
677.4,10.410592870386177
677.6,10.632256117942
677.8,10.964650063423175
678.0,10.835909503323421
678.2,11.207921336129543
678.4,11.683201950928341
678.6,11.507345201550285
678.8,11.525675762146914
679.0,11.482799943607962
679.2,11.10250894880779
679.4,10.628316133864521
679.6,10.738139950795407
679.8,11.078266397886852
680.0,11.13740036008112
680.2,10.527072575435525
680.4,10.632075162446402
680.6,10.780800757707844
680.8,10.956612502745307
681.0,11.219101106462077
681.2,10.514879570569082
681.4,10.806763009392725
681.6,11.163664891683279
681.8,10.860399180159312
682.0,10.65654599973408
682.2,10.41459784794835
682.4,10.79691955302793
682.6,11.30177398014859
682.8,10.980381469240097
683.0,10.762252808808439
683.2,10.846401691112334
683.4,10.017674373787756
683.6,10.866615186789208
683.8,10.95041561489987
684.0,10.924653601063227
684.2,10.984086785237556
684.4,10.932022652331824
684.6,10.83560027711747
684.8,11.34372024729103
685.0,10.633929086903516
685.2,10.110148029344078
685.4,11.183459813338885
685.6,10.374060514483093
685.8,10.751505116015123
686.0,11.64399580252075
686.2,11.867407393499299
686.4,10.883084502846954
686.6,11.298359568470477
686.8,11.237027219915657
687.0,10.846983232182208
687.2,10.797076023342932
687.4,10.126888725534858
687.6,11.747152540190257
687.8,11.17757716458752
688.0,11.501447210357687
688.2,11.09309004010932
688.4,11.83113139989561
688.6,11.265086866809867
688.8,11.53734336139726
689.0,10.891608440830991
689.2,11.099614210627193
689.4,10.782640563313397
689.6,10.586880764636783
689.8,11.363286432568291
690.0,11.044839375551268
690.2,10.687282151994886
690.4,11.13943562046811
690.6,10.923884332426342
690.8,10.918810650102198
691.0,10.827267026339422
691.2,10.956294741308632
691.4,10.649775875707386
691.6,10.752781829021902
691.8,10.11851358132377
692.0,10.852215333500059
692.2,10.723217888524676
692.4,10.632267489837613
692.6,10.820904700894069
692.8,10.610897315533352
693.0,10.58600394573194
693.2,10.536514121895909
693.4,10.834969004098811
693.6,10.829084402422978
693.8,10.942036993553526
694.0,10.706213814566736
694.2,10.614009849398442
694.4,10.916967741206737
694.6,10.698575972679635
694.8,10.585552805579265
695.0,10.683224204405114
695.2,10.50319369439478
695.4,10.460237095910994
695.6,10.376447609410079
695.8,10.325699916971548
696.0,11.211009233397009
696.2,11.406974151667438
696.4,11.363618799312857
696.6,10.762504411307104
696.8,10.30571348621053
697.0,10.19615895945929
697.2,10.528138348237047
697.4,10.285108924636146
697.6,11.193024978325317
697.8,10.555199304721084
698.0,10.297674878716279
698.2,10.383351530374341
698.4,10.624047018898333
698.6,10.79676251772888
698.8,10.577340067927556
699.0,10.860600920868762
699.2,10.332938446022922
699.4,10.282492013114933
699.6,10.703653710883415
699.8,10.603047497386031
700.0,10.67189501107407
700.2,10.865362847258137
700.4,10.694387753994317
700.6,11.624424732178921
700.8,11.418812991746421
701.0,10.7226519790164
701.2,10.99769047597016
701.4,10.692781427869836
701.6,11.000000609803472
701.8,10.532445561312926
702.0,10.85137468722948
702.2,11.08150266161813
702.4,11.413503814409543
702.6,11.211844156829747
702.8,11.295697034766317
703.0,11.340662755706518
703.2,10.735012261470596
703.4,11.017066168199236
703.6,10.606337225940464
703.8,10.298257600944329
704.0,10.702539506699402
704.2,11.487019483155436
704.4,11.39306564798616
704.6,11.41360428892433
704.8,11.246009643474222
705.0,11.108230698191477
705.2,11.149748634077037
705.4,11.006136333949355
705.6,10.797247430153586
705.8,10.981553786101077
706.0,10.839053188819348
706.2,10.977132439666601
706.4,10.82074670567972
706.6,10.953158657810837
706.8,10.69957318239025
707.0,11.00907312121539
707.2,11.652977447013344
707.4,12.00739824706778
707.6,11.775949574475355
707.8,11.589240199552119
708.0,11.776252615322644
708.2,11.71192984030992
708.4,11.814838430851648
708.6,12.109665687430445
708.8,11.982841330660873
709.0,12.615145719683593
709.2,11.787798280201399
709.4,11.417079945435722
709.6,11.65595170096126
709.8,11.373550033773117
710.0,11.65198637063099
710.2,11.81547846372168
710.4,11.802827853209843
710.6,12.712689743072573
710.8,12.021471228181685
711.0,13.056432535230233
711.2,12.583986680604822
711.4,11.896284584352994
711.6,12.032180953602388
711.8,12.06622983894327
712.0,11.683327558314762
712.2,11.08753437594032
712.4,11.006914193798245
712.6,11.05969448825227
712.8,10.95193117411271
713.0,11.133886070710712
713.2,11.723267235326722
713.4,11.804209475459269
713.6,11.673432142820769
713.8,11.999799483018608
714.0,11.730255763537444
714.2,11.69658629722283
714.4,11.253848607850486
714.6,11.119954876453495
714.8,10.761638502634852
715.0,10.52172851963121
715.2,11.29257776358308
715.4,10.805398875221366
715.6,11.234505920913078
715.8,10.632407580081125
716.0,11.04410712316704
716.2,9.457123223617005
716.4,9.738429547226758
716.6,9.805330763570769
716.8,10.351553331862693
717.0,11.304702166068608
717.2,10.749383707345777
717.4,10.933880677192722
717.6,10.745678631841134
717.8,10.66871710746398
718.0,10.906923410034546
718.2,10.557095503105396
718.4,10.613228803293499
718.6,11.221274606776303
718.8,11.030441852204955
719.0,11.241073855409343
719.2,10.636176472593657
719.4,10.449527159400168
719.6,10.573872427069642
719.8,10.355841932123994
720.0,9.733928424799068
720.2,9.879776643363847
720.4,10.335121000359734
720.6,10.561631670628834
720.8,10.580315571263695
721.0,11.086517505539168
721.2,10.743198460434055
721.4,10.240338002003762
721.6,10.487537816662524
721.8,10.347899954343468
722.0,10.620211603852102
722.2,10.013198642731208
722.4,9.823945579741286
722.6,10.892038830834004
722.8,10.320940195140116
723.0,10.67353943412908
723.2,10.682066366263903
723.4,10.889682686405859
723.6,11.276568980235176
723.8,10.939976799272088
724.0,10.73931256282886
724.2,10.73332472584812
724.4,11.272773766257005
724.6,11.272802750931469
724.8,11.205792870951228
725.0,11.727228982171361
725.2,12.143027370450701
725.4,12.099305853670622
725.6,12.290274965002947
725.8,12.93704521883675
726.0,12.985759557752655
726.2,14.014940103417896
726.4,13.979618681602703
726.6,13.399776962344884
726.8,14.221538907794226
727.0,13.969161080591883
727.2,14.370852933958997
727.4,13.778704857719902
727.6,14.28673826615568
727.8,13.14357855931691
728.0,13.720146090326393
728.2,13.174331438115892
728.4,13.918256689414932
728.6,13.569390213726322
728.8,14.014142908186232
729.0,13.546912751001107
729.2,13.559541728874898
729.4,14.252505119458059
729.6,13.162688230074561
729.8,13.057225172812696
730.0,13.119050233655571
730.2,13.581613079844617
730.4,13.982285952395214
730.6,14.07375245179685
730.8,14.27371899447455
731.0,13.707996646096712
731.2,13.110789246699323
731.4,13.4360321286296
731.6,13.254706612650402
731.8,13.100818402965714
732.0,12.3758262758658
732.2,12.162135151273798
732.4,12.58367255351121
732.6,12.651422087459284
732.8,12.462101444855232
733.0,12.727428955364832
733.2,13.64621420920993
733.4,13.571168215231788
733.6,12.838463597551435
733.8,11.336797319061144
734.0,11.791788204178676
734.2,12.712195824628703
734.4,12.589273324612304
734.6,13.140737262947862
734.8,12.95475450539259
735.0,12.780047454252282
735.2,11.397098445136493
735.4,10.81517150904358
735.6,11.182409560972177
735.8,11.05868379415899
736.0,11.45564835430932
736.2,11.183596988376088
736.4,11.502175963274908
736.6,11.416317398947553
736.8,11.339818620224895
737.0,11.767833148234265
737.2,12.122646297840811
737.4,12.310012535078238
737.6,12.35421103998705
737.8,12.030554757064722
738.0,11.873938387520308
738.2,12.897323712725042
738.4,12.348113130630727
738.6,11.542976313118945
738.8,12.196773358285114
739.0,11.204956341233869
739.2,11.698341245500854
739.4,11.662991090661588
739.6,10.650794621916678
739.8,11.220846101719342
740.0,11.31764736411894
740.2,11.347905777278292
740.4,11.205067347706912
740.6,11.211110959960466
740.8,10.83633648495651
741.0,11.065159559458312
741.2,10.9643523971147
741.4,11.249261735220006
741.6,11.103224233472888
741.8,11.340782356973287
742.0,11.212055712531503
742.2,9.912385005721928
742.4,10.9061321512546
742.6,10.84127455688748
742.8,10.89853900421372
743.0,10.586289844035582
743.2,10.823401521632032
743.4,10.963817154089991
743.6,10.525475605687049
743.8,10.779044039380762
744.0,11.523001017133778
744.2,11.667965930293743
744.4,11.434454254015701
744.6,11.481829867729061
744.8,12.559694736677752
745.0,11.805264635272742
745.2,11.581035598347363
745.4,11.429944930690807
745.6,12.159530568438441
745.8,11.454124364530356
746.0,11.131159913454486
746.2,11.568500188428239
746.4,11.144792209219199
746.6,11.59816577515855
746.8,11.644479054305547
747.0,10.34924931514449
747.2,11.256520699281724
747.4,9.741280367499348
747.6,10.164570771797663
747.8,10.253037524021371
748.0,9.44146002510142
748.2,9.470300837272255
748.4,9.435605320326937
748.6,9.75481462579803
748.8,9.787038898149568
749.0,9.844738878789212
749.2,9.351435993673181
749.4,9.172661742427463
749.6,9.08725146143617
749.8,9.532107674815308
750.0,9.166728616543745
750.2,9.220010141293969
750.4,9.031397533823109
750.6,9.462741717017577
750.8,9.60569445972376
751.0,9.253107599537792
751.2,9.36408808242676
751.4,9.650718554404722
751.6,9.40240454113696
751.8,8.90672614359012
752.0,9.463527822789906
752.2,9.558415004265497
752.4,9.749240012822503
752.6,9.796816995231426
752.8,9.791371726984641
753.0,9.861805411457393
753.2,9.900926902144464
753.4,9.786195524325565
753.6,10.931408434089146
753.8,11.551137978385189
754.0,10.61099703983979
754.2,10.148728293368253
754.4,10.50251993803196
754.6,10.074976431088395
754.8,10.377866771730222
755.0,9.93968075873745
755.2,10.288168323090261
755.4,10.257772172887767
755.6,10.64295607838418
755.8,10.488168386671832
756.0,10.38012980516164
756.2,10.140352324682794
756.4,9.975494892694044
756.6,10.034686651415292
756.8,9.958571889615218
757.0,10.279929479471479
757.2,10.398083869517658
757.4,10.052838342372914
757.6,10.069089656394834
757.8,10.20400518339355
758.0,9.921743701541914
758.2,9.865121361003569
758.4,10.289656113770212
758.6,9.710520238566453
758.8,10.23618962397791
759.0,9.678301708928029
759.2,9.906593446405193
759.4,10.004075644960134
759.6,10.0003718848545
759.8,9.608889800955273
760.0,9.548784015155533
760.2,9.718379351614573
760.4,9.686493578180484
760.6,9.406720215054206
760.8,9.205939949087893
761.0,9.212447791409506
761.2,9.008603689928457
761.4,9.232486833431647
761.6,9.805054972737464
761.8,9.959010087657902
762.0,10.283853239196086
762.2,9.879767440865331
762.4,10.168735233984279
762.6,11.242262433026317
762.8,10.556989171208626
763.0,9.95489946965983
763.2,10.107526109715133
763.4,9.669588121422603
763.6,10.082375367283017
763.8,10.023763015021176
764.0,10.491872092043513
764.2,9.489087343878362
764.4,9.971250695125004
764.6,9.941245863124168
764.8,9.557732484756063
765.0,9.897217964933821
765.2,9.678806844576961
765.4,9.71519626596909
765.6,10.343205034826422
765.8,10.329020146788237
766.0,10.537853854880714
766.2,10.841241579672596
766.4,11.197022769350376
766.6,11.490627723006678
766.8,10.994372203362637
767.0,11.001644102127617
767.2,10.850724026398277
767.4,10.44661489775947
767.6,10.820051538142907
767.8,10.449588185136605
768.0,10.887175876456613
768.2,10.784799449488577
768.4,11.061213510689992
768.6,10.863268456906
768.8,10.191293748139161
769.0,11.08300728126212
769.2,10.644365240789245
769.4,11.41871251659256
769.6,11.170343701919457
769.8,10.854902659757332
770.0,11.137802397650088
770.2,11.377651321250754
770.4,10.865051863530919
770.6,10.633342841762918
770.8,11.25969458924931
771.0,11.287842108009281
771.2,10.715796041647982
771.4,10.86150223098505
771.6,10.617652064132553
771.8,10.39445642856407
772.0,10.765281293025698
772.2,10.944278784559184
772.4,10.72071645789536
772.6,10.429042977313612
772.8,10.129320319452031
773.0,10.225713883670338
773.2,10.336029014276885
773.4,10.951821698998543
773.6,11.240144011455639
773.8,10.997771212424606
774.0,10.93592291930439
774.2,10.281448621679361
774.4,11.053462779100363
774.6,11.310840405162892
774.8,10.504108064594105
775.0,9.915612002838198
775.2,9.568452172232405
775.4,10.275779781676329
775.6,10.610115270540286
775.8,10.307294304650236
776.0,11.21941039915521
776.2,10.833396312916946
776.4,10.158568979935414
776.6,10.821763381877446
776.8,10.54712598912823
777.0,10.696246463714015
777.2,10.380429087327146
777.4,11.1727110451178
777.6,11.243923721575296
777.8,11.48929057003356
778.0,11.071074438511044
778.2,11.873086494945248
778.4,11.125304255267167
778.6,11.41069342777957
778.8,11.61721591588899
779.0,12.1124631133898
779.2,12.429445834231014
779.4,12.630039448361611
779.6,12.9589148312396
779.8,12.338918055713226
780.0,13.763761283794624
780.2,13.014943903877455
780.4,12.369980222443504
780.6,12.554101759745635
780.8,11.484756140953463
781.0,10.967679757889265
781.2,10.248694939019106
781.4,10.038560477603639
781.6,9.603983882724958
781.8,10.17618521650725
782.0,11.105222287022048
782.2,10.842168823761275
782.4,10.255754895646376
782.6,11.292417947689128
782.8,11.31444267020671
783.0,11.321222888863351
783.2,12.232793530980368
783.4,11.824878482235743
783.6,12.416326986977232
783.8,11.324404255402037
784.0,10.643591530818892
784.2,11.641458788476607
784.4,12.802269593594286
784.6,12.772019359100957
784.8,12.703873787976148
785.0,13.193030367172256
785.2,13.360817633298828
785.4,12.999405714067445
785.6,12.675306144539755
785.8,13.435746875504613
786.0,13.109493538295391
786.2,13.75599214689027
786.4,13.041997284735876
786.6,12.765895917421027
786.8,12.435295998026108
787.0,12.754866760375494
787.2,12.048796997940155
787.4,12.405729227143201
787.6,13.301858132987928
787.8,12.732961757825196
788.0,12.303349873882333
788.2,12.503885856744644
788.4,12.135255936767035
788.6,12.622195533334377
788.8,13.641392961181474
789.0,13.248561449749829
789.2,12.866283109918186
789.4,10.982504620090541
789.6,11.53800874951305
789.8,12.616839111994281
790.0,12.969561107082384
790.2,13.011830424379484
790.4,13.32196206757768
790.6,13.465910593637203
790.8,12.684638895951675
791.0,13.203596043272878
791.2,14.036990402092869
791.4,13.408957166781422
791.6,13.17142789869052
791.8,13.473984677220463
792.0,13.344547910816411
792.2,13.96869365490141
792.4,12.096454800672765
792.6,11.887880343342797
792.8,12.581501822746375
793.0,11.731457731761068
793.2,11.37517215026673
793.4,11.325196723705584
793.6,11.977809719038381
793.8,12.59993092137243
794.0,12.754604215142484
794.2,12.547748087290504
794.4,11.425352079543876
794.6,11.881535690367087
794.8,11.295499789097843
795.0,12.113765310053413
795.2,11.378723469054927
795.4,12.105203202442038
795.6,11.894368001310784
795.8,11.68770314564356
796.0,11.850714961499653
796.2,12.69387162686435
796.4,12.14432620743819
796.6,11.4677224083564
796.8,10.41247052230474
797.0,9.700072181296708
797.2,10.000217280209984
797.4,9.935560946689652
797.6,9.352115118709605
797.8,10.459603188472196
798.0,10.747494972441471
798.2,12.157491823094395
798.4,12.39930792850798
798.6,12.342550004417905
798.8,12.295266073379807
799.0,10.828266924642822
799.2,11.523704638754172
799.4,11.025013756609528
799.6,10.527964978237552
799.8,10.248697419979848
800.0,11.091928234493514
800.2,11.93151881575676
800.4,11.848275416836074
800.6,12.178627360885649
800.8,11.517928597113789
801.0,11.643154504045658
801.2,11.89091732823124
801.4,11.2540598652311
801.6,10.80314693345663
801.8,11.26045732439826
802.0,11.286799421725796
802.2,11.267311399486463
802.4,12.368514634373266
802.6,11.716074159709773
802.8,12.662382696889885
803.0,11.259342584713474
803.2,10.574405100633895
803.4,11.198379453391045
803.6,10.566178878849179
803.8,11.180829464443743
804.0,10.179090825086147
804.2,11.21504054567529
804.4,10.819268846928697
804.6,10.810382490616472
804.8,11.20424199532298
805.0,10.882702566603404
805.2,10.890718976747404
805.4,10.327998011237414
805.6,10.549664860749141
805.8,10.429276397352288
806.0,10.51680408203194
806.2,10.714885577527388
806.4,11.07752357768276
806.6,11.009412456268521
806.8,11.152219629377722
807.0,10.892961215845315
807.2,10.321091361748223
807.4,10.429735923301763
807.6,10.09670952557286
807.8,10.189376236416066
808.0,10.388260256685646
808.2,10.470359122953285
808.4,11.278655918729443
808.6,11.492711922375612
808.8,11.119530403021951
809.0,11.540763316853702
809.2,11.209905071754175
809.4,11.242547728020202
809.6,11.776791057703083
809.8,11.550248132283246
810.0,11.274388014329826
810.2,11.134969179121523
810.4,11.494778049630431
810.6,11.485200834147971
810.8,11.659733904949231
811.0,11.08380159691443
811.2,11.302319191314673
811.4,11.24718827523907
811.6,10.971378696593606
811.8,10.758880894951801
812.0,11.439482011376452
812.2,11.41482984130331
812.4,11.83302550321523
812.6,10.685123780940366
812.8,11.871582255458108
813.0,11.626575576177867
813.2,11.018760851001668
813.4,11.044872547707039
813.6,10.476273601793295
813.8,10.669118605972884
814.0,11.616007363516163
814.2,11.116563930985615
814.4,10.763715884518177
814.6,10.944806974292582
814.8,11.651745093611119
815.0,11.131557805229725
815.2,10.718047666360597
815.4,11.099736617383321
815.6,9.854706544697905
815.8,9.498991216499928
816.0,10.375867596023818
816.2,10.146866208109998
816.4,11.002196329950582
816.6,11.040416440564316
816.8,10.453196851789839
817.0,10.097636257858369
817.2,9.653981441898239
817.4,9.380237824788638
817.6,9.76721243701527
817.8,9.639657213659259
818.0,9.958318243444772
818.2,10.783981435146758
818.4,11.19617625552453
818.6,10.62018415758378
818.8,9.70784699138105
819.0,10.185291116977984
819.2,10.88046841459072
819.4,11.070646888801697
819.6,11.543877057066448
819.8,11.096440816145382
820.0,10.116886708048245
820.2,11.174643864241956
820.4,11.500920844107833
820.6,11.485781340148842
820.8,10.541344874331564
821.0,10.735616169903787
821.2,9.957379229165554
821.4,9.937503524804733
821.6,9.58445034262193
821.8,9.550460511313187
822.0,9.49047383836169
822.2,9.21333639758034
822.4,9.1282909602186
822.6,9.24923282134852
822.8,8.855316340596211
823.0,9.31890059019697
823.2,9.523363595464918
823.4,10.022770614324813
823.6,9.93572129784698
823.8,9.887407427840483
824.0,9.915014206606328
824.2,10.980141224139055
824.4,10.044875764996167
824.6,10.064322156671269
824.8,10.4571478629748
825.0,10.516880546491716
825.2,10.727318682144594
825.4,9.910911796381445
825.6,9.407181950595575
825.8,8.887492777359876
826.0,9.40933540563233
826.2,9.406374425932594
826.4,9.738996633367634
826.6,9.740174123295171
826.8,10.269538857246053
827.0,10.620720440119717
827.2,9.936924527149962
827.4,10.10153504396348
827.6,9.866413755940314
827.8,10.93086582955631
828.0,9.943941092110457
828.2,9.505497497527024
828.4,10.166360501174108
828.6,9.912526484809836
828.8,9.194680304462468
829.0,9.42359373527249
829.2,9.528703006549609
829.4,10.441573149359458
829.6,9.628411776783198
829.8,9.846561853139043
830.0,9.265653970382377
830.2,9.036423209023212
830.4,9.203725886521433
830.6,9.236091399039012
830.8,9.081059716899611
831.0,9.11843390165616
831.2,9.20865102370267
831.4,9.189564765229267
831.6,9.249238517202336
831.8,9.474482050615558
832.0,9.2314513550437
832.2,9.85897711117016
832.4,9.880909229022725
832.6,10.612729861636815
832.8,10.379977005481786
833.0,10.828938552430081
833.2,11.331702925859373
833.4,10.095494651661035
833.6,11.118756608073985
833.8,10.86441614965298
834.0,10.461180862307751
834.2,11.650264556831564
834.4,11.361249994458616
834.6,10.356665942736107
834.8,10.430088805106845
835.0,9.981664984639615
835.2,9.996959568970098
835.4,9.194925687549267
835.6,9.46084591641303
835.8,9.5961112729193
836.0,9.570056428937917
836.2,9.314651131926464
836.4,9.466303116185722
836.6,9.936482396428039
836.8,8.848387842308776
837.0,8.976926544206279
837.2,9.110387115498916
837.4,9.401299352679274
837.6,9.75491968111008
837.8,9.064632676640025
838.0,10.224664658619302
838.2,9.621247999281117
838.4,10.343754329166874
838.6,9.720415117911857
838.8,9.882879179007128
839.0,10.296011991717116
839.2,10.258757923077928
839.4,10.858495774834626
839.6,11.524311004967249
839.8,11.697264747927596
840.0,12.01618204781102
840.2,11.458252393703326
840.4,11.441772755449799
840.6,10.912524724659301
840.8,11.158009259045434
841.0,11.329915871722298
841.2,11.818352550034348
841.4,11.347762576917745
841.6,11.436783097533564
841.8,10.612779482509707
842.0,11.863724116144033
842.2,11.579109246342401
842.4,11.053387870427652
842.6,11.735911642072166
842.8,11.148647493692955
843.0,11.417187580952767
843.2,10.764315327301183
843.4,11.263704683321798
843.6,11.907084226676652
843.8,11.64175166248637
844.0,11.723818733899453
844.2,12.053082431183542
844.4,12.322469309595657
844.6,11.907648970349154
844.8,12.064245322683417
845.0,12.108697908225674
845.2,11.641182677534927
845.4,11.526220505401113
845.6,11.170753242212136
845.8,10.758117105690868
846.0,11.371778354549003
846.2,12.122076375423278
846.4,11.049293652578882
846.6,11.324953842035699
846.8,11.339671271942034
847.0,11.440975246141587
847.2,11.898765167392389
847.4,11.370220281147729
847.6,11.332413884899548
847.8,10.62950799741557
848.0,11.45333922108321
848.2,10.458063882184002
848.4,9.989635017186414
848.6,10.613747897949093
848.8,10.771710199029776
849.0,11.532446769910907
849.2,11.852864623191902
849.4,11.535765162144296
849.6,11.342283238422828
849.8,11.637263105047948
850.0,11.317690012407386
850.2,11.455837985597164
850.4,10.979249550173808
850.6,11.379871666141305
850.8,11.182800127039865
851.0,11.600333792666591
851.2,11.231418281652747
851.4,11.003102112574883
851.6,10.293123072700753
851.8,10.169798792949752
852.0,10.690729793892471
852.2,10.068609852907883
852.4,10.540211919174382
852.6,10.936108288015213
852.8,10.408274535931813
853.0,10.695331344596482
853.2,11.539799816460409
853.4,10.83410088999959
853.6,10.014358625358073
853.8,11.495379283344068
854.0,11.653604544382375
854.2,11.473568274460098
854.4,11.396603766510049
854.6,11.093513281698453
854.8,11.317354662322234
855.0,11.246224651070523
855.2,10.792593975157551
855.4,11.65322527239988
855.6,11.271087118731671
855.8,11.760100769994002
856.0,11.306973140292165
856.2,10.722412509492427
856.4,11.190130475938187
856.6,10.261274967684063
856.8,11.374506345290792
857.0,10.493671892025578
857.2,10.001368539413383
857.4,10.21968608634828
857.6,9.678882508550249
857.8,9.916769328296057
858.0,10.675119347856551
858.2,10.100864045109573
858.4,10.621149389175589
858.6,10.568112113574141
858.8,10.056200326646215
859.0,10.622972970309004
859.2,11.05846840142086
859.4,11.05486681150537
859.6,11.905795543332019
859.8,11.71192690154996
860.0,11.361681806258105
860.2,11.815125024011326
860.4,10.876844471493921
860.6,10.43564586337129
860.8,10.13902934844323
861.0,10.691281191117245
861.2,10.395206463640495
861.4,10.789834154327618
861.6,11.715467111375277
861.8,10.839223865819589
862.0,11.233323072549657
862.2,11.300191012132995
862.4,11.33070855605365
862.6,11.359737662441841
862.8,11.460932705668583
863.0,11.137536495910007
863.2,11.362216810902195
863.4,11.227136282137751
863.6,11.196723500717397
863.8,11.080247490551747
864.0,10.95603199932487
864.2,11.034774440477932
864.4,10.938261992261896
864.6,11.420102530661163
864.8,10.419623371837039
865.0,9.874243229405646
865.2,11.040005480411061
865.4,11.573737888899219
865.6,10.397793950145147
865.8,10.438193994864285
866.0,10.314323693401938
866.2,10.639030435994437
866.4,10.445154794888383
866.6,10.241743291799901
866.8,11.111663851202408
867.0,10.870626900041259
867.2,12.138372881958512
867.4,11.605607211599375
867.6,11.04148683982766
867.8,10.490547805760071
868.0,11.217389466774346
868.2,11.20001261274493
868.4,10.733660748021938
868.6,10.40671526270428
868.8,9.671799704415996
869.0,9.88150425405549
869.2,9.447920197111664
869.4,9.956875816948095
869.6,10.856043235577541
869.8,11.236708027484706
870.0,11.911355273802036
870.2,11.134335929885793
870.4,11.257222664554565
870.6,12.266034015155988
870.8,11.76080329335031
871.0,12.610472066389914
871.2,11.753146650278941
871.4,12.013791806635751
871.6,11.130407295535615
871.8,10.492257073913795
872.0,11.475856969247406
872.2,11.155593779068534
872.4,11.01029912558997
872.6,12.111472500183357
872.8,11.374892320673125
873.0,11.504933952160883
873.2,12.730701548605355
873.4,13.989146894544122
873.6,12.540022494688383
873.8,13.142355251908436
874.0,13.433289833681727
874.2,13.151212940220706
874.4,13.605161173335613
874.6,13.584753012688221
874.8,13.260456550517848
875.0,13.190809180281203
875.2,12.498683268459065
875.4,12.620733509793604
875.6,13.574328223253305
875.8,13.196398424023126
876.0,13.061642079427447
876.2,12.511808799283115
876.4,13.535828578420162
876.6,12.793762608979907
876.8,13.682328371648962
877.0,12.234095720963294
877.2,11.69880431704237
877.4,11.92277785721685
877.6,12.745706483448057
877.8,13.249816528769694
878.0,12.477685405733999
878.2,13.051906152559132
878.4,10.567380429615138
878.6,10.581348488381686
878.8,12.009085312976087
879.0,12.013597150368312
879.2,11.73837302645878
879.4,11.723114337704619
879.6,12.722579250784944
879.8,12.583559731164648
880.0,12.455094463169702
880.2,13.440663444280904
880.4,12.706311747416187
880.6,13.31368771899992
880.8,14.280625577363317
881.0,15.012245389454142
881.2,15.201669100996638
881.4,14.370701629820495
881.6,14.094561957638303
881.8,15.457719163532882
882.0,14.945187793548715
882.2,15.297990511202864
882.4,14.57590647943249
882.6,14.59900657811474
882.8,13.649237478340304
883.0,13.529364513649549
883.2,13.170048449693947
883.4,11.942727444272387
883.6,11.592069342012
883.8,11.423027579059994
884.0,11.00248617315174
884.2,11.579640860487277
884.4,12.326834856177484
884.6,13.28996066263641
884.8,13.345221590090475
885.0,12.375194905575517
885.2,14.208733226126913
885.4,13.690572539169647
885.6,13.733815008834371
885.8,12.968162712088795
886.0,12.314212287814893
886.2,12.59972642418602
886.4,13.140735980705141
886.6,12.692019239091177
886.8,12.806499791503605
887.0,12.93313973092956
887.2,11.536354363853293
887.4,12.248491390496133
887.6,12.593542702231993
887.8,12.375043239612806
888.0,12.758688018668048
888.2,11.942269220562803
888.4,12.850499731867021
888.6,13.052410416620408
888.8,12.085909688161514
889.0,12.18720915866111
889.2,12.291681918772746
889.4,12.657815523378895
889.6,12.001096431819018
889.8,12.683117762897236
890.0,12.134629401393855
890.2,12.039023496858333
890.4,11.276421464666456
890.6,11.112450207669243
890.8,12.106994444615182
891.0,11.879584872229191
891.2,10.649155981641016
891.4,11.079796177080512
891.6,12.511176125294774
891.8,12.389292248833655
892.0,11.987310531722763
892.2,13.270121904647812
892.4,12.155263937506444
892.6,11.83223706731567
892.8,12.501094444764252
893.0,12.31025429729437
893.2,13.230822923700462
893.4,13.354436319017713
893.6,12.083119824622017
893.8,12.384883350124804
894.0,12.436748464554341
894.2,10.767344703097034
894.4,10.862333109628938
894.6,10.616535799499323
894.8,10.984619132767143
895.0,11.007292636835134
895.2,11.237603184709116
895.4,11.45391356301988
895.6,10.806723959501825
895.8,11.798348938077527
896.0,10.665949762508358
896.2,10.507362615631388
896.4,10.870448835220062
896.6,10.320422499349085
896.8,10.635518559819266
897.0,10.947029386250666
897.2,11.055900918179926
897.4,11.696404486995121
897.6,11.552825871769503
897.8,11.628074584872266
898.0,12.661517446113198
898.2,13.378136237521314
898.4,12.522468534901792
898.6,12.975853128396349
898.8,13.369492615900578
899.0,12.322843462103798
899.2,11.45873646591764
899.4,12.449344067004835
899.6,11.363962881981015
899.8,11.049860753859662
900.0,11.155582629744123
900.2,11.533142684400591
900.4,11.051171290898443
900.6,11.434045706149455
900.8,10.956147680992153
901.0,11.692001579900644
901.2,11.26327408743349
901.4,10.943692315169875
901.6,10.81652549850115
901.8,12.09111643414293
902.0,13.183367801407988
902.2,12.395517812596024
902.4,11.832629036573927
902.6,13.378937965534185
902.8,13.357250394154232
903.0,11.61017313119659
903.2,11.35565918782115
903.4,11.705587905201751
903.6,11.149899345983286
903.8,12.350133687890278
904.0,13.256830168280429
904.2,14.38367491599313
904.4,13.820904830632566
904.6,14.018823116279002
904.8,13.034132132479524
905.0,13.916510017820045
905.2,14.182381688407574
905.4,13.66953978404597
905.6,14.144551938768053
905.8,12.24809071052671
906.0,12.707839232966464
906.2,12.541009580228682
906.4,12.853546535021561
906.6,11.967998174949404
906.8,11.381587518411758
907.0,10.829469439845186
907.2,11.08503130120324
907.4,11.231266060598431
907.6,10.318345830072968
907.8,9.988898374225954
908.0,10.603963420628567
908.2,10.599613957792497
908.4,10.522188158309477
908.6,10.427679451658133
908.8,10.855520804648645
909.0,10.659834144794416
909.2,11.076030187566214
909.4,10.680120147127393
909.6,10.928314544603545
909.8,10.560720394623358
910.0,9.695354905593245
910.2,9.82369598068894
910.4,9.750778799658889
910.6,10.592225982222711
910.8,10.034322959290318
911.0,9.820908158821183
911.2,9.586230169795222
911.4,9.900446817105461
911.6,9.74007164072501
911.8,9.790447497874304
912.0,9.920253281695262
912.2,9.811656741792344
912.4,9.864217674768096
912.6,9.840220260090533
912.8,9.77572127692633
913.0,9.790939275013278
913.2,9.860461269410095
913.4,10.423256470324816
913.6,10.09060234882841
913.8,10.004378954814177
914.0,9.743395329466251
914.2,9.452969464743205
914.4,9.170547989238461
914.6,9.49180520256057
914.8,9.341350963120604
915.0,9.258033841169716
915.2,9.60017004376665
915.4,9.483763142372872
915.6,9.208738736037024
915.8,9.638539414413614
916.0,9.49773348718939
916.2,9.350468235678626
916.4,9.939828954396345
916.6,9.947166092803581
916.8,9.958897081508367
917.0,10.3654657198582
917.2,10.126409504424394
917.4,9.9393243396694
917.6,9.59435242873067
917.8,10.06154372237362
918.0,10.002830641696999
918.2,10.094847439531868
918.4,9.8611082501594
918.6,9.318201340757998
918.8,9.761019515003493
919.0,9.738658932975156
919.2,9.598555699788285
919.4,9.272846238525965
919.6,9.764234754393259
919.8,9.67056064763431
920.0,9.506536652261317
920.2,9.377895694542357
920.4,9.677176330598874
920.6,9.684930053982042
920.8,9.555659237797045
921.0,9.660093568017365
921.2,9.855902176164173
921.4,9.63668898474751
921.6,9.624193501658013
921.8,9.637538481077776
922.0,9.71750573578991
922.2,9.541006723319397
922.4,9.416128753788234
922.6,9.502173315948674
922.8,9.58613321214516
923.0,9.47914288243513
923.2,9.52304356498395
923.4,9.527929292953706
923.6,9.47702492910771
923.8,9.570219257669375
924.0,9.424179776983983
924.2,9.691946040856267
924.4,9.763440263350647
924.6,9.629256389110786
924.8,9.28092790970714
925.0,9.514158713648808
925.2,9.585837026956666
925.4,9.905009633814629
925.6,9.641968999720426
925.8,9.83659174897659
926.0,9.753610332658432
926.2,9.446733217146457
926.4,9.934993923882843
926.6,9.95558335914084
926.8,9.461631458402543
927.0,9.282600777044433
927.2,9.66008147469992
927.4,9.666358437265634
927.6,9.522103951436812
927.8,9.79656515640487
928.0,9.40871208726716
928.2,9.38884015347251
928.4,9.331999522991921
928.6,9.618885373355786
928.8,9.817247963587098
929.0,9.638069063445972
929.2,9.655361033881443
929.4,9.531136008241345
929.6,9.671540653064918
929.8,9.66673022230112
930.0,9.709410078798957
930.2,9.38833219487053
930.4,9.61001917547742
930.6,9.516697831791909
930.8,9.332790620212908
931.0,9.47057413333012
931.2,9.555520663339788
931.4,9.641576426830106
931.6,9.414182357051708
931.8,9.358191127247661
932.0,9.384982471456611
932.2,9.456871202640492
932.4,9.361415965567412
932.6,9.201535378686199
932.8,9.482387256535251
933.0,9.382588308905504
933.2,9.622186578588835
933.4,9.320313239604705
933.6,9.546887689294149
933.8,9.454889743529892
934.0,9.400683727765585
934.2,9.752034442968732
934.4,9.65571853019593
934.6,10.051153946828302
934.8,10.087749355484112
935.0,10.680295674967347
935.2,10.518731458646176
935.4,11.526157299470663
935.6,10.800337814794371
935.8,10.690537715040286
936.0,10.507161665342501
936.2,10.31137852753914
936.4,10.527427113486432
936.6,10.142118942014555
936.8,10.19234554562145
937.0,9.976599750577446
937.2,9.969027400068361
937.4,10.098550122297222
937.6,9.591704322700723
937.8,9.453820971735048
938.0,9.703490083451214
938.2,9.825566541067461
938.4,9.714892662141658
938.6,9.583050236331719
938.8,9.271804111592571
939.0,9.492155975362385
939.2,9.417608203150444
939.4,10.234428337961992
939.6,9.838572596477293
939.8,9.943020993224424
940.0,10.068949354118285
940.2,9.243554140918398
940.4,10.17402168736919
940.6,9.666193662952484
940.8,9.766692344434414
941.0,10.623632569224545
941.2,10.805376762850072
941.4,11.289696427574967
941.6,10.4701486274303
941.8,11.224416683834841
942.0,12.427648847613803
942.2,10.826019879691888
942.4,11.21425446466078
942.6,11.357781434356756
942.8,10.117578248116576
943.0,10.169835796630514
943.2,11.241300792325857
943.4,10.684755753229823
943.6,10.58403211988413
943.8,11.423922179341577
944.0,11.348008824971226
944.2,10.49341955981193
944.4,10.321149114007904
944.6,10.829873557990037
944.8,12.00845203858129
945.0,11.458206630196186
945.2,11.325938344151362
945.4,11.88672656376407
945.6,11.515731407099103
945.8,11.504209156882698
946.0,10.71364418836982
946.2,10.964896152414138
946.4,10.781199271081618
946.6,9.879957228090326
946.8,10.537026346487568
947.0,10.870558928478458
947.2,10.365547008433367
947.4,10.698240375135633
947.6,9.726272626391365
947.8,9.486622382346487
948.0,9.574249854083304
948.2,9.479473865053782
948.4,9.437636661431236
948.6,9.351370970578706
948.8,9.373246378397258
949.0,9.63715217580854
949.2,9.33681959095135
949.4,9.114633307596577
949.6,9.15559873114509
949.8,9.38038295722948
950.0,9.605266799938025
950.2,9.639650846042603
950.4,9.444394362080736
950.6,9.251134136646467
950.8,9.096927412178884
951.0,9.159142629545844
951.2,9.314356216835098
951.4,8.884466664623439
951.6,9.149885723040438
951.8,9.16701513665775
952.0,9.300213557305767
952.2,9.595819599554323
952.4,9.903754318088815
952.6,10.393909556829247
952.8,10.631386962207978
953.0,9.734623620979256
953.2,9.411328887252438
953.4,9.38008667557104
953.6,9.707843434338233
953.8,9.597517375273469
954.0,10.145150670265192
954.2,10.34240023752531
954.4,10.487700750467354
954.6,9.625614619747854
954.8,9.958174425552853
955.0,9.613576100755067
955.2,10.052267762394242
955.4,9.854576388167036
955.6,9.351480421006098
955.8,9.151706108456567
956.0,10.53271422998024
956.2,9.821310814242318
956.4,9.207889734882816
956.6,9.920880272577719
956.8,10.24359856049082
957.0,11.19444165738158
957.2,11.512963083234224
957.4,10.049712015575256
957.6,9.843120715623403
957.8,10.22255501953647
958.0,10.015708151924425
958.2,10.003611007175957
958.4,9.688284477727683
958.6,9.669062920064961
958.8,10.113297386181124
959.0,10.234832880090734
959.2,10.011201346162654
959.4,9.919908677460253
959.6,9.776999776464185
959.8,11.027898241817777
960.0,10.045392493737864
960.2,9.45263271775598
960.4,9.900957586084477
960.6,10.028795675819811
960.8,9.839389007997013
961.0,9.987958682958194
961.2,9.868583980120293
961.4,9.813087163465553
961.6,10.254079783727379
961.8,9.874732450854346
962.0,10.54142866050479
962.2,9.897963931113209
962.4,9.984729790731242
962.6,9.806974649024102
962.8,9.914383425080919
963.0,9.51743502358365
963.2,9.338198356968912
963.4,9.832583922712933
963.6,9.485859026300243
963.8,9.3293202751202
964.0,9.76430877817274
964.2,9.576660889161419
964.4,9.346670687728958
964.6,9.895769414485354
964.8,9.611193448525846
965.0,9.70082153497366
965.2,9.772517341220274
965.4,9.92603855022651
965.6,9.767619479208985
965.8,9.77219560177016
966.0,9.582697709249729
966.2,9.581776135890127
966.4,9.539592119450917
966.6,9.558319931110857
966.8,9.717080378395345
967.0,9.523373647661618
967.2,9.62903421458838
967.4,9.35953074735277
967.6,9.024841781448853
967.8,9.237079162237048
968.0,8.980643887835223
968.2,9.35640376143091
968.4,9.551957655978372
968.6,9.232959922056994
968.8,9.364948938799648
969.0,9.568466445859729
969.2,9.382768932002207
969.4,9.665761447762192
969.6,9.725387095339123
969.8,9.944267923031134
970.0,9.754281390864573
970.2,9.407915617239578
970.4,9.357550154615373
970.6,9.871382952875598
970.8,9.866725312172024
971.0,9.583580601570102
971.2,9.637269933043777
971.4,9.576525776745479
971.6,9.974112117798175
971.8,9.569659451611946
972.0,9.709697944531644
972.2,9.649244030618405
972.4,9.868837034783542
972.6,9.691358982968664
972.8,9.708523176327716
973.0,9.470218597816464
973.2,9.645919435074937
973.4,9.420545610766863
973.6,9.386522101480914
973.8,9.749941186961674
974.0,9.54042238985635
974.2,9.29763905414454
974.4,9.18675440900956
974.6,9.727919004255735
974.8,9.308252344046187
975.0,9.469229046461168
975.2,8.908812072418801
975.4,9.04855631876975
975.6,9.554922803086933
975.8,9.778274024685858
976.0,9.48042034240814
976.2,9.418821526637455
976.4,9.945949974574948
976.6,9.631448610129725
976.8,9.358916295745939
977.0,9.585822409628864
977.2,9.684141702603789
977.4,9.705677053258405
977.6,9.494797470240158
977.8,9.779552097784082
978.0,9.695135646162429
978.2,9.521228379360306
978.4,9.310272031021888
978.6,9.657128763295157
978.8,9.734415313203277
979.0,9.65782622638225
979.2,9.568978476589725
979.4,9.674561103962413
979.6,9.736314009186627
979.8,9.303366979651672
980.0,9.711770948837634
980.2,10.107487926855153
980.4,9.663052408581471
980.6,9.341428786421211
980.8,9.320327973896577
981.0,9.496988168889164
981.2,9.182146402171332
981.4,9.471375472519895
981.6,9.815093355198544
981.8,9.414904328134345
982.0,9.474224196300927
982.2,9.397537405776237
982.4,9.468194688272211
982.6,9.548757314651477
982.8,9.247913245278383
983.0,9.591548686004176
983.2,9.310717776011725
983.4,9.535691611285449
983.6,9.325440509236882
983.8,8.984351650111131
984.0,9.72946604999646
984.2,9.622558091210518
984.4,9.120081524514209
984.6,9.068039653836525
984.8,9.460263133177998
985.0,9.55490768571315
985.2,9.487833756067642
985.4,9.01312359752854
985.6,8.839816704061157
985.8,8.669795032316255
986.0,9.170674781989732
986.2,8.865074668758941
986.4,9.267719720235178
986.6,9.323026120547608
986.8,8.888801851400705
987.0,9.340623571968141
987.2,9.610092502134492
987.4,9.911655737859542
987.6,9.694772472366651
987.8,10.24542584748647
988.0,9.927933018489975
988.2,9.26332290209842
988.4,9.261533054306737
988.6,9.917481771663152
988.8,9.482259874934906
989.0,9.559473021923674
989.2,9.830264695837677
989.4,9.670057533231786
989.6,9.621369573091421
989.8,9.608566864837552
990.0,9.81869952342105
990.2,9.33508533719717
990.4,9.788900370518645
990.6,9.128650833800332
990.8,9.482863765781204
991.0,9.853220773049074
991.2,9.867612896550629
991.4,9.260938000615486
991.6,9.566084527509108
991.8,9.362155156342455
992.0,9.227924901493186
992.2,9.480042483560542
992.4,9.516227239292617
992.6,9.079434265337529
992.8,9.319525291283785
993.0,9.413603731078663
993.2,9.790838844430795
993.4,9.696060770193508
993.6,9.627308884449311
993.8,9.436104734036263
994.0,9.509248128967638
994.2,9.82246693745558
994.4,9.54303752159027
994.6,9.487056757989002
994.8,9.434276261199749
995.0,8.950829594507232
995.2,9.419052096960222
995.4,10.01797373164122
995.6,9.723470785627663
995.8,9.428959926923394
996.0,9.633539320378459
996.2,9.537128430233384
996.4,9.151587029044892
996.6,9.350322410289694
996.8,9.714539071974723
997.0,9.39241646080204
997.2,8.868840433123182
997.4,9.423441182311826
997.6,9.23619524794519
997.8,9.568236108797999
998.0,9.254271686271805
998.2,9.418690669321553
998.4,9.332642956834968
998.6,9.238045166840784
998.8,9.161210737365423
999.0,9.024633443735118
999.2,9.119575031381963
999.4,9.244058988407042
999.6,9.32175981545582
999.8,9.497138341608231
1000.0,9.23102489337827
1000.2,9.533977026958178
1000.4,9.269307068840355
1000.6,9.312974893208718
1000.8,9.355065864228768
1001.0,9.281903422679768
1001.2,9.254295728391282
1001.4,9.408628878816748
1001.6,9.266403678704693
1001.8,9.231053973027079
1002.0,9.099219439458334
1002.2,9.185900978964028
1002.4,9.336923937821508
1002.6,9.272439709993195
1002.8,9.319743575471978
1003.0,9.468522153935337
1003.2,9.661333331318914
1003.4,9.347527600884753
1003.6,9.269444127170688
1003.8,9.440930208139285
1004.0,9.412189330863054
1004.2,9.604995149652664
1004.4,9.628465856801618
1004.6,9.518988252188114
1004.8,9.192260311217034
1005.0,9.27284931582096
1005.2,9.174071171178792
1005.4,9.282881768973986
1005.6,9.419923669332205
1005.8,9.218799116668865
1006.0,9.601929207888281
1006.2,9.466706382176097
1006.4,9.549982737564141
1006.6,9.408515285178606
1006.8,9.589558736243147
1007.0,9.444425669171983
1007.2,9.650716718839659
1007.4,9.553291470259186
1007.6,9.437188321495087
1007.8,9.129930959969256
1008.0,9.337695176555634
1008.2,9.552369636842315
1008.4,9.640018848980983
1008.6,9.499769425139098
1008.8,9.273167562533693
1009.0,9.361601268092683
1009.2,9.298458541401626
1009.4,9.159549383905564
1009.6,9.10016250108571
1009.8,9.1842376105453
1010.0,9.244010504553536
1010.2,9.840492487474634
1010.4,9.558208105272119
1010.6,9.515824412224102
1010.8,9.224475777550241
1011.0,9.291008966512786
1011.2,9.44651050131563
1011.4,9.656868712053976
1011.6,9.727944131355184
1011.8,9.37050360938963
1012.0,9.577720804816419
1012.2,9.583728489553247
1012.4,9.842748872245162
1012.6,9.499759265772386
1012.8,9.962020104547664
1013.0,9.92335100842758
1013.2,10.10246165343782
1013.4,9.942032770700918
1013.6,9.54248557568375
1013.8,9.837212906583572
1014.0,10.333480364886592
1014.2,9.946605262130731
1014.4,10.090867846112477
1014.6,9.853887476436476
1014.8,9.849559804269317
1015.0,10.181763139256228
1015.2,9.737940364648649
1015.4,9.834488346727744
1015.6,9.851138046931428
1015.8,9.767952911969509
1016.0,9.206652494249134
1016.2,9.623704150416016
1016.4,9.650284934176117
1016.6,9.544768509124122
1016.8,9.49170905646384
1017.0,9.638819158438244
1017.2,9.456929859723191
1017.4,9.512958030055895
1017.6,9.326617720410978
1017.8,9.220075970966503
1018.0,9.225653655983361
1018.2,9.179311750269312
1018.4,9.185061661577548
1018.6,9.553735672020542
1018.8,9.262361536976533
1019.0,9.189104964545349
1019.2,9.451986185642248
1019.4,9.310524471807502
1019.6,9.071018771164336
1019.8,9.386562994694982
1020.0,9.46462004119684
1020.2,9.361949059389907
1020.4,8.922234920549654
1020.6,9.233478128478405
1020.8,9.84229672755512
1021.0,9.278165008995238
1021.2,9.214460235054071
1021.4,9.361323509937714
1021.6,9.365970722122348
1021.8,9.149049707373095
1022.0,9.043610210479047
1022.2,9.143185331638053
1022.4,9.172634262279933
1022.6,9.376209301259358
1022.8,9.541660588220516
1023.0,9.370183608853736
1023.2,9.374503110521417
1023.4,9.42297157135873
1023.6,9.580057737287039
1023.8,9.526440837236231
1024.0,9.542079018270535
1024.2,9.712659875640352
1024.4,9.9032850304532
1024.6,9.521709068207802
1024.8,9.461265411848391
1025.0,9.2663141681641
1025.2,9.741621222382564
1025.4,9.371097475801168
1025.6,9.490577733979649
1025.8,9.621770109254005
1026.0,9.687712075393943
1026.2,9.562556500026664
1026.4,9.285357929233088
1026.6,9.563077131119226
1026.8,9.508722716503726
1027.0,9.329962889652906
1027.2,9.55771226443236
1027.4,9.66955391686036
1027.6,9.714290325438885
1027.8,9.603065860534944
1028.0,9.448068121839635
1028.2,9.20279598098058
1028.4,9.558174269831548
1028.6,9.959999547996102
1028.8,9.533803922767584
1029.0,9.681775727416184
1029.2,9.541945113272266
1029.4,9.575186411710714
1029.6,9.638535676269203
1029.8,9.524068460645816
1030.0,9.562864287281414
1030.2,9.37292802413613
1030.4,9.505868798961561
1030.6,9.715358945590957
1030.8,9.637268034733554
1031.0,9.387260560080072
1031.2,9.29091978896661
1031.4,9.562125878639717
1031.6,9.386567685728352
1031.8,9.872271166214428
1032.0,9.905161282680437
1032.2,9.686625984783353
1032.4,9.54008002695802
1032.6,9.246140536071552
1032.8,9.412134219947163
1033.0,9.413209282466838
1033.2,9.43894205267247
1033.4,9.40531207336804
1033.6,9.350914144504229
1033.8,9.431783388028645
1034.0,9.352363774098173
1034.2,9.58724495856062
1034.4,9.563681646424268
1034.6,9.329025255293912
1034.8,9.405567415187008
1035.0,9.5625708116455
1035.2,9.57378271738683
1035.4,9.513639635423548
1035.6,9.654651106653109
1035.8,9.462622591787074
1036.0,9.598739128064807
1036.2,9.590779485904276
1036.4,9.549816203852892
1036.6,9.510618778935827
1036.8,9.675174897749201
1037.0,9.558348592790335
1037.2,9.6432704938309
1037.4,9.552231774366655
1037.6,9.480051458037218
1037.8,9.33537529567592
1038.0,9.486029939725544
1038.2,9.569173693101728
1038.4,9.652819929211619
1038.6,9.384656198042288
1038.8,9.576811930898184
1039.0,9.640608322663542
1039.2,9.368732719779059
1039.4,9.435901236199118
1039.6,9.316806133897561
1039.8,9.31367703368428
1040.0,9.471458789439971
1040.2,9.35172409478829
1040.4,9.37299086874034
1040.6,9.110448077308845
1040.8,9.456169606684314
1041.0,9.522773747026228
1041.2,9.51567963395122
1041.4,9.832339606855095
1041.6,10.254182294217136
1041.8,9.563592357664856
1042.0,9.317043229111526
1042.2,9.155568170484779
1042.4,9.692154381109766
1042.6,9.200158197109996
1042.8,9.363389080364758
1043.0,9.729885632257037
1043.2,9.605067822387447
1043.4,9.220839332015332
1043.6,9.549327341148539
1043.8,9.474814649885955
1044.0,9.327865939150119
1044.2,9.376643285810754
1044.4,9.892756774287362
1044.6,9.025544364796577
1044.8,9.475781107125275
1045.0,9.525567237679368
1045.2,9.788333893145781
1045.4,9.551234277297857
1045.6,9.46801006255554
1045.8,9.574876061521975
1046.0,9.640770777188006
1046.2,9.510850675571959
1046.4,9.446862409267856
1046.6,9.738962521068755
1046.8,9.63698590071616
1047.0,9.384594011340985
1047.2,9.514508780332573
1047.4,9.43871358987628
1047.6,9.567272568790449
1047.8,9.638823801561914
1048.0,9.630290851796238
1048.2,9.649959690211055
1048.4,9.74458981464174
1048.6,9.336971337780437
1048.8,9.459526568273583
1049.0,9.846315040045903
1049.2,9.635829885894847
1049.4,9.400192486755083
1049.6,9.474736145854463
1049.8,9.528883304165966
1050.0,9.512909865601786
1050.2,9.272687440702835
1050.4,9.224717091067568
1050.6,9.302244775766512
1050.8,9.477864837005614
1051.0,9.221446271409825
1051.2,9.325267935038946
1051.4,9.171959238934596
1051.6,9.248373905960953
1051.8,9.551967112114015
1052.0,9.533832311984714
1052.2,9.608139141904477
1052.4,9.313108943884723
1052.6,9.51272461744807
1052.8,9.607110090763092
1053.0,9.450658194674281
1053.2,9.890478664148914
1053.4,9.53378240642545
1053.6,9.206968621856571
1053.8,9.47702604639384
1054.0,9.501371457008753
1054.2,9.306670403889385
1054.4,9.751650602538074
1054.6,9.651919620136855
1054.8,9.763440448772776
1055.0,9.667263485167329
1055.2,9.91627344423449
1055.4,9.967257975561495
1055.6,9.870011175315547
1055.8,9.795309588157533
1056.0,9.432832324675301
1056.2,9.683371091562275
1056.4,9.499799014243832
1056.6,9.50696650004217
1056.8,9.64000748046177
1057.0,9.20311393571085
1057.2,9.556333540668092
1057.4,9.04378689328239
1057.6,9.699724749280023
1057.8,9.46642949939331
1058.0,9.08898342513824
1058.2,9.21448575327639
1058.4,8.810704875991199
1058.6,9.102136441618473
1058.8,8.822775451281563
1059.0,8.637922853416349
1059.2,8.766417190749474
1059.4,8.859407542351429
1059.6,8.738740825421527
1059.8,8.604616665907784
1060.0,8.757545080425574
1060.2,8.842434823414042
1060.4,8.785069622885393
1060.6,8.670270904779972
1060.8,9.020513882677724
1061.0,8.824408647158078
1061.2,8.709254977235013
1061.4,8.680927988805971
1061.6,8.524138146379439
1061.8,8.895071197709644
1062.0,8.781786830493786
1062.2,8.906895532832804
1062.4,8.982755174545137
1062.6,8.669361089054844
1062.8,8.553440135403942
1063.0,8.566044764565026
1063.2,8.546705893638922
1063.4,8.35218187958583
1063.6,8.695234480798504
1063.8,8.659494780693942
1064.0,8.427091479320604
1064.2,8.538419716171472
1064.4,8.582561883073828
1064.6,8.791701772261359
1064.8,8.764071306395966
1065.0,8.764320958678312
1065.2,8.789522530067122
1065.4,8.576245854528683
1065.6,8.681173334313923
1065.8,8.76660657863854
1066.0,8.710047784729744
1066.2,8.833629942429674
1066.4,9.07830454403632
1066.6,8.939227761501023
1066.8,8.942172328798886
1067.0,8.691714304850967
1067.2,8.877025598058236
1067.4,8.791025946699142
1067.6,8.791478271888016
1067.8,8.593499972614003
1068.0,8.491624885080816
1068.2,8.564839227948047
1068.4,8.549218207466804
1068.6,8.620143956341176
1068.8,8.608138983655328
1069.0,8.64038322487766
1069.2,8.666442218212572
1069.4,8.720990951526625
1069.6,8.869970264417375
1069.8,8.604205082632173
1070.0,8.731971767251512
1070.2,8.774191050635363
1070.4,8.536222515870152
1070.6,8.727944390109348
1070.8,8.80945177255449
1071.0,8.861431699952098
1071.2,8.78063278681339
1071.4,8.557959150327846
1071.6,8.67321087264533
1071.8,8.66385243893533
1072.0,8.736846785214707
1072.2,8.633244255071727
1072.4,8.599561319799943
1072.6,8.679430122454779
1072.8,8.762389490090252
1073.0,8.659701249275095
1073.2,8.666689383966506
1073.4,8.803714522816607
1073.6,8.77552217356415
1073.8,8.787631084764863
1074.0,8.628843586545894
1074.2,8.697584756923481
1074.4,8.75332855581806
1074.6,8.775181700481232
1074.8,8.73562772433533
1075.0,8.63608662607136
1075.2,8.690197475249276
1075.4,8.791212603672143
1075.6,8.65793282015747
1075.8,8.615203138474302
1076.0,8.600937323610388
1076.2,8.921014624669843
1076.4,8.850815110057315
1076.6,8.684329491901078
1076.8,8.784887336683791
1077.0,8.784720112883312
1077.2,8.908465286193598
1077.4,8.761094357224806
1077.6,8.83439385214056
1077.8,8.797662971897337
1078.0,8.573697767587872
1078.2,8.662730480698961
1078.4,8.79074771973402
1078.6,8.794910655090673
1078.8,8.744952405814765
1079.0,8.88474064603651
1079.2,8.668220378662731
1079.4,8.709411673952589
1079.6,8.644688915956847
1079.8,8.689050368686889
1080.0,8.781708092398663
1080.2,8.604547282729563
1080.4,8.730623709422096
1080.6,8.79995290560596
1080.8,8.892772788848418
1081.0,8.663296037049474
1081.2,8.664845233687577
1081.4,8.620580071457802
1081.6,8.616434226852995
1081.8,8.730444411310746
1082.0,8.43721113285197
1082.2,8.500321366852535
1082.4,8.381625891042662
1082.6,8.39068040259237
1082.8,8.548767965396541
1083.0,8.728821156263418
1083.2,8.614722414653807
1083.4,8.582935768786657
1083.6,8.433895604203396
1083.8,8.565755367599396
1084.0,8.545970910271633
1084.2,8.417060468891966
1084.4,8.474883937049931
1084.6,8.604323889766807
1084.8,8.503422314915941
1085.0,8.50991181128838
1085.2,8.556223206667482
1085.4,8.67145185146966
1085.6,8.787486843197717
1085.8,8.515958535047794
1086.0,8.642442348008665
1086.2,8.654740776570657
1086.4,8.549923828955517
1086.6,8.723267972925232
1086.8,8.584771185516487
1087.0,8.539849753588372
1087.2,8.64208288510259
1087.4,8.616107639847591
1087.6,8.471293408160147
1087.8,8.662783712214225
1088.0,9.118724071900612
1088.2,9.135149074591009
1088.4,9.11584268094002
1088.6,9.112542998755673
1088.8,9.06985797702753
1089.0,9.051064856135385
1089.2,9.034639271355301
1089.4,9.109620278866483
1089.6,9.100102157009772
1089.8,9.13944984363149
1090.0,9.2058356988213
1090.2,9.033489547691062
1090.4,8.983672936082339
1090.6,9.114885978182574
1090.8,9.308866460048987
1091.0,9.197429741496991
1091.2,9.305070469393224
1091.4,9.21010225377563
1091.6,9.059823607179196
1091.8,8.96931410843219
1092.0,9.04952394290736
1092.2,8.962229480957847
1092.4,8.888147675828943
1092.6,9.168020287086426
1092.8,8.83682117911743
1093.0,8.956484206303935
1093.2,9.089672690782963
1093.4,8.91918433129539
1093.6,8.824842778038558
1093.8,9.083505467333449
1094.0,8.991498859916623
1094.2,8.85418745859092
1094.4,8.811581087589559
1094.6,9.079822796546862
1094.8,8.923359843338298
1095.0,9.177061672230886
1095.2,8.945578334169415
1095.4,9.012591927742822
1095.6,8.861018518121684
1095.8,9.078451886250459
1096.0,9.177578082884613
1096.2,8.940912515448016
1096.4,9.127049341032032
1096.6,9.131416689231402
1096.8,8.989358265405036
1097.0,9.038050592433809
1097.2,9.009491596874769
1097.4,8.985962489200718
1097.6,8.94294977194787
1097.8,8.783394224945537
1098.0,9.478865882462204
1098.2,8.905619389951376
1098.4,9.42844051012774
1098.6,9.512184149664325
1098.8,9.822503322709933
1099.0,9.73425686505323
1099.2,9.612736293585982
1099.4,9.711719942854383
1099.6,9.568588088948026
1099.8,9.574499337699274
1100.0,9.122334933887469
1100.2,8.761427884182686
1100.4,9.210316087753629
1100.6,9.180900291376151
1100.8,9.17790736176326
1101.0,9.359340697286004
1101.2,9.248919779972605
1101.4,9.073740864041739
1101.6,9.05135925427077
1101.8,8.558867465957661
1102.0,8.716862323564085
1102.2,8.79024860655581
1102.4,8.964650057585004
1102.6,8.79744667406369
1102.8,8.782685742753255
1103.0,8.765022032960111
1103.2,8.915645502050983
1103.4,8.657072530914029
1103.6,8.715240939515697
1103.8,9.21976648862653
1104.0,8.916251336021375
1104.2,8.653080649837122
1104.4,8.751607198456385
1104.6,8.811231221121833
1104.8,8.93479344610975
1105.0,8.883941006119953
1105.2,8.953451327245574
1105.4,9.553077404704576
1105.6,9.081645663744181
1105.8,9.048673925838136
1106.0,9.806816742167467
1106.2,9.229551125533904
1106.4,9.304474478665021
1106.6,9.301004844441525
1106.8,9.93136147135455
1107.0,9.41172485234343
1107.2,9.611293972267585
1107.4,9.831496810808735
1107.6,9.074906074825957
1107.8,9.148409377580947
1108.0,9.513383252064386
1108.2,9.077952023142586
1108.4,9.740788875762892
1108.6,9.440751165276893
1108.8,9.433561327531159
1109.0,9.433981582642952
1109.2,9.268207594300293
1109.4,9.343664687554377
1109.6,9.076481703390758
1109.8,9.169739344221199
1110.0,9.202120102719322
1110.2,9.052052871693457
1110.4,9.43728486377093
1110.6,9.58857664800724
1110.8,9.037470849133289
1111.0,9.090581572341597
1111.2,9.265435824039123
1111.4,9.094875685410708
1111.6,9.1344485878892
1111.8,8.786586712572612
1112.0,9.213246161656024
1112.2,9.226622053805357
1112.4,9.427763861248273
1112.6,9.380088477915464
1112.8,9.095949613389237
1113.0,9.228012879287435
1113.2,10.190577770240887
1113.4,10.119076276908032
1113.6,10.33650048901614
1113.8,10.48531049818185
1114.0,10.047324588457027
1114.2,10.67237872078132
1114.4,10.556778899130347
1114.6,10.59900344564827
1114.8,10.499936088300387
1115.0,10.649472731006304
1115.2,10.511920969234614
1115.4,10.697098471664493
1115.6,9.967852352469928
1115.8,10.443584474704124
1116.0,10.218890841021452
1116.2,10.67147816307519
1116.4,10.705141107137141
1116.6,10.459052325334916
1116.8,11.20475284187615
1117.0,10.873451108936294
1117.2,11.133452186295493
1117.4,10.524071816757012
1117.6,10.97814346991717
1117.8,10.487030216553743
1118.0,10.645913093049852
1118.2,10.290413123609483
1118.4,10.381235010444026
1118.6,10.336337900095671
1118.8,10.488102258318685
1119.0,10.409488743989401
1119.2,10.87921016926175
1119.4,11.173803277717635
1119.6,11.12856016045874
1119.8,10.952981521314761
1120.0,10.927832228005435
1120.2,10.972420224289
1120.4,10.585617716977758
1120.6,10.435556418536665
1120.8,10.808666555276618
1121.0,10.686435941274286
1121.2,10.886096301041242
1121.4,10.904961956095393
1121.6,10.828456604060948
1121.8,11.006049840585344
1122.0,11.189404485252574
1122.2,11.20457004238981
1122.4,10.7507509964016
1122.6,10.349987249716953
1122.8,10.306337155164982
1123.0,10.642187980600532
1123.2,10.42235898436669
1123.4,10.743837291284335
1123.6,10.922820265872524
1123.8,11.199147491048153
1124.0,11.748887808712743
1124.2,11.426891469415168
1124.4,11.508897948554239
1124.6,11.447736246141991
1124.8,11.151922285999108
1125.0,11.902030891301472
1125.2,11.092104638011712
1125.4,10.879162253419778
1125.6,10.710120621738817
1125.8,11.624529015314524
1126.0,11.836769942478732
1126.2,11.987941474585746
1126.4,11.154333382366431
1126.6,10.549108835931664
1126.8,10.666261239707914
1127.0,10.847193826005256
1127.2,11.269110346620497
1127.4,11.027206164793297
1127.6,10.337300235855142
1127.8,11.075446881782465
1128.0,10.169022218277075
1128.2,10.022245717026337
1128.4,10.959148581296766
1128.6,11.203468247508466
1128.8,10.636421583419837
1129.0,10.681286875907183
1129.2,10.395999080907888
1129.4,10.670670046470365
1129.6,10.93807779868488
1129.8,10.975059844418489
1130.0,11.215633776467236
1130.2,10.665421428662786
1130.4,10.418155215751996
1130.6,10.122290460382079
1130.8,10.548663753320524
1131.0,11.798667313077864
1131.2,11.651068186509594
1131.4,10.885102312919692
1131.6,10.92833534024885
1131.8,10.696055705368169
1132.0,10.710702370748626
1132.2,10.153092734875123
1132.4,11.237233661401254
1132.6,10.474141982262372
1132.8,10.348040457494832
1133.0,10.713777347767815
1133.2,10.776731806455258
1133.4,11.163479810947694
1133.6,11.400638980281514
1133.8,10.467138982014104
1134.0,11.711770020931437
1134.2,11.737455900049712
1134.4,11.851135183708823
1134.6,11.91686187114874
1134.8,11.425730595490094
1135.0,11.834176630166942
1135.2,11.678111111581455
1135.4,11.517939502172903
1135.6,11.526970286588325
1135.8,11.42983172609435
1136.0,11.894200238391441
1136.2,11.944090983385562
1136.4,11.652473440792232
1136.6,10.647964244063727
1136.8,10.025036202352634
1137.0,11.825027056105233
1137.2,11.221031713983825
1137.4,10.610930587123015
1137.6,11.916868500869757
1137.8,11.544602217636108
1138.0,10.98261207046027
1138.2,10.661843186499546
1138.4,10.271570956950223
1138.6,11.024804233588144
1138.8,12.039769968588116
1139.0,10.574703564553205
1139.2,11.558447673351067
1139.4,10.896544041711715
1139.6,11.007603554688004
1139.8,11.190628008721815
1140.0,11.50196045744405
1140.2,12.202436717054777
1140.4,11.805557784771388
1140.6,12.15729776476877
1140.8,13.303197876946824
1141.0,11.138808775394063
1141.2,11.055632671507578
1141.4,10.812193912781602
1141.6,11.13837871696095
1141.8,12.260683477271135
1142.0,11.706247428694542
1142.2,11.11381563921938
1142.4,10.768416972449762
1142.6,11.748629361996613
1142.8,11.992063611033398
1143.0,11.809887031898956
1143.2,12.250772378736796
1143.4,10.782965483728821
1143.6,11.249533549865712
1143.8,10.605148335125001
1144.0,11.184491669081035
1144.2,10.830839106455134
1144.4,10.639073261659775
1144.6,9.550910691415229
1144.8,9.571448298339813
1145.0,9.653791965795227
1145.2,9.769589678481932
1145.4,10.109664213683176
1145.6,9.673967536407769
1145.8,10.31976996902358
1146.0,11.308282125274014
1146.2,10.561370758750112
1146.4,10.571258480744426
1146.6,9.947515224049564
1146.8,10.179290199190179
1147.0,9.929714667258242
1147.2,8.896154921316414
1147.4,9.25124146622239
1147.6,9.540752958256283
1147.8,9.31713577117166
1148.0,9.198752451704623
1148.2,9.031657752494798
1148.4,9.162950311673624
1148.6,9.384369222650356
1148.8,9.441113418711478
1149.0,9.507021098758424
1149.2,10.13752240958808
1149.4,9.51583947957957
1149.6,9.773792251947826
1149.8,9.015235315165125
1150.0,9.474266247319731
1150.2,9.069902214115647
1150.4,9.964194499872743
1150.6,11.419738900150815
1150.8,10.889381594190057
1151.0,11.19647210447527
1151.2,11.068662975447563
1151.4,10.712852368120984
1151.6,10.902290713265288
1151.8,10.683841846665585
1152.0,11.387663176240137
1152.2,11.674684824945052
1152.4,10.853188796544229
1152.6,10.505287575785928
1152.8,11.010808094411287
1153.0,11.837321772858171
1153.2,11.08269532308924
1153.4,10.542118761802984
1153.6,10.909582558676696
1153.8,10.474999043147339
1154.0,10.054885259214947
1154.2,10.605629330867107
1154.4,10.052465930812897
1154.6,10.20691664702204
1154.8,10.854214046350272
1155.0,11.34471075870242
1155.2,11.696007773545228
1155.4,12.555172077378083
1155.6,11.464870979398034
1155.8,11.28874483690841
1156.0,10.662893446910058
1156.2,10.003863381469726
1156.4,9.649551766877234
1156.6,10.682080995495248
1156.8,10.360685320108317
1157.0,10.46918735783212
1157.2,10.478970017740119
1157.4,10.974784918895331
1157.6,10.676156822644568
1157.8,10.207230810245312
1158.0,10.863791881716352
1158.2,10.076273160789803
1158.4,10.371609526157531
1158.6,9.96351307874076
1158.8,10.542366670524181
1159.0,10.087967103823285
1159.2,10.027488346478105
1159.4,10.775100336227467
1159.6,11.376245843412978
1159.8,11.051877452496113
1160.0,11.48980912502411
1160.2,10.991035896220618
1160.4,10.530058145380657
1160.6,11.1217263956833
1160.8,11.523233381517038
1161.0,10.84661091609201
1161.2,11.279218318763737
1161.4,10.678323250425487
1161.6,10.412355392029069
1161.8,10.679511865479123
1162.0,10.427265042902478
1162.2,10.781056108328368
1162.4,11.005312311397224
1162.6,11.075631866377588
1162.8,11.011891553541899
1163.0,11.242854600335479
1163.2,11.449753666789622
1163.4,11.637380259452918
1163.6,11.641577716504168
1163.8,11.217985508082089
1164.0,11.098745830679732
1164.2,10.503372150126246
1164.4,10.902836202022854
1164.6,11.229476884068635
1164.8,11.321210612948446
1165.0,10.71122096237302
1165.2,10.759656868027792
1165.4,11.250572534087764
1165.6,11.053209584259719
1165.8,11.609784387292375
1166.0,11.59485564894098
1166.2,11.530720292886427
1166.4,11.142878235625776
1166.6,11.766896675280128
1166.8,11.615932987120459
1167.0,12.05614442988147
1167.2,11.873886012555744
1167.4,11.299828247815162
1167.6,10.589090545655226
1167.8,10.86734533577353
1168.0,10.442442248157233
1168.2,11.680071877053864
1168.4,11.272765426786487
1168.6,11.915355602883345
1168.8,12.067540486159862
1169.0,11.996926976319
1169.2,12.115315858305799
1169.4,11.941193986801263
1169.6,11.676892597325123
1169.8,11.126974633354443
1170.0,11.454011001361852
1170.2,11.179515484654539
1170.4,11.100285277504419
1170.6,11.558302016840754
1170.8,12.489817793049191
1171.0,11.49142870647708
1171.2,11.873043438220707
1171.4,11.392110547834534
1171.6,11.412354298893721
1171.8,11.781159109433423
1172.0,11.473624658012966
1172.2,11.380426706318625
1172.4,12.050654014902369
1172.6,11.994398843830718
1172.8,11.720295011764115
1173.0,11.463174473248529
1173.2,12.311372968699212
1173.4,12.285001292978713
1173.6,11.723774206484961
1173.8,10.578244381048023
1174.0,11.801406151673376
1174.2,12.009807384425716
1174.4,12.319172682801929
1174.6,11.384596837602064
1174.8,10.865856776272487
1175.0,11.366624481958088
1175.2,13.173431541327174
1175.4,13.020577478986198
1175.6,12.277184062018572
1175.8,12.660279334691232
1176.0,11.949930046114938
1176.2,11.596845272166629
1176.4,12.655967219736032
1176.6,11.661016451785542
1176.8,11.29108030420518
1177.0,13.559309659407495
1177.2,13.455477439900891
1177.4,13.104156210366828
1177.6,13.543548832736034
1177.8,13.660502728039944
1178.0,14.072075611640898
1178.2,13.72931885398615
1178.4,12.453457589920022
1178.6,13.57316870994416
1178.8,13.958523674415872
1179.0,13.823106508077682
1179.2,13.74418498956981
1179.4,12.28530903875284
1179.6,14.130991240628795
1179.8,12.849512236367557
1180.0,12.83283573782154
1180.2,13.27666665035668
1180.4,12.120741806019279
1180.6,13.181731628336435
1180.8,13.809958580501691
1181.0,13.150512612015017
1181.2,14.871122065277218
1181.4,14.604961447579354
1181.6,15.223436868594211
1181.8,15.392676223674293
1182.0,14.933517681653026
1182.2,14.967037407670903
1182.4,16.20072873773381
1182.6,16.680864981921914
1182.8,14.957414156672248
1183.0,16.041614739865665
1183.2,15.70048109443251
1183.4,15.949681628542278
1183.6,14.488354910802313
1183.8,15.508428469544903
1184.0,14.93914905609991
1184.2,16.275550969846535
1184.4,15.19697505226606
1184.6,14.911117981592126
1184.8,14.298918681310473
1185.0,13.496817324803256
1185.2,14.841329064148272
1185.4,16.014783372135412
1185.6,14.861490556232972
1185.8,13.95699373893821
1186.0,13.50882305290895
1186.2,15.273387458119942
1186.4,16.04055259704601
1186.6,15.225655426579422
1186.8,13.809564234136392
1187.0,13.599814549641609
1187.2,12.35574209827133
1187.4,12.937162395998277
1187.6,12.44409506392574
1187.8,12.080806986702843
1188.0,11.027538095637288
1188.2,10.596007515550918
1188.4,10.70179287833885
1188.6,11.06602545428978
1188.8,12.415066492296333
1189.0,12.38099805450827
1189.2,12.42719519175033
1189.4,11.714251889666869
1189.6,10.728912268997671
1189.8,10.583989348719316
1190.0,10.367827645414692
1190.2,10.741837521127735
1190.4,10.277836599212298
1190.6,11.293457121971258
1190.8,11.974204802452771
1191.0,11.27070254269391
1191.2,11.637237916211937
1191.4,10.771740434234768
1191.6,11.63275027320654
1191.8,11.317588525898438
1192.0,10.8345625229841
1192.2,11.219648672510676
1192.4,9.888037457358411
1192.6,9.939754565977898
1192.8,9.817296344829336
1193.0,10.683260474256864
1193.2,11.097816328788673
1193.4,10.979826772517074
1193.6,10.822550081039235
1193.8,10.394269892844154
1194.0,11.229529187656656
1194.2,10.69057513301729
1194.4,11.212109718593071
1194.6,10.266430082859067
1194.8,10.133721662633421
1195.0,10.61267045365016
1195.2,10.603164526773837
1195.4,10.470353169602493
1195.6,9.956385273855355
1195.8,10.419125370614736
1196.0,9.753481029013653
1196.2,9.804292232793664
1196.4,10.125979258705557
1196.6,10.066148979220578
1196.8,10.467629446373646
1197.0,10.66619970802443
1197.2,9.921802892458281
1197.4,10.169833265514647
1197.6,9.741872250550811
1197.8,9.47842263836065
1198.0,9.09915971585977
1198.2,9.6278735276904
1198.4,9.369760646768801
1198.6,9.22036298260391
1198.8,9.005857554243889
1199.0,9.224335971459201
1199.2,9.09849897581592
1199.4,9.109965088494453
1199.6,9.13025803971147
1199.8,9.27837236355176
1200.0,9.051185659378401
1200.2,8.91828569695588
1200.4,9.459068073262834
1200.6,9.790306218436317
1200.8,9.748209772911636
1201.0,9.290492680891209
1201.2,9.338941921998162
1201.4,8.935567750977285
1201.6,9.040188461900506
1201.8,9.244084330413028
1202.0,9.209247644535811
1202.2,9.0651861509983
1202.4,9.226960042157557
1202.6,9.195340773740357
1202.8,9.538522129411708
1203.0,9.294297397984222
1203.2,9.256565629557837
1203.4,8.68037661586677
1203.6,8.687249255638594
1203.8,8.832415263378405
1204.0,8.815106899298996
1204.2,8.768865323167649
1204.4,8.839209148043896
1204.6,8.907935630262166
1204.8,8.852579274423455
1205.0,8.955007627046225
1205.2,9.027784676744432
1205.4,8.976746420030013
1205.6,8.976701140572613
1205.8,9.061256623880723
1206.0,9.045503957322381
1206.2,9.237993086686611
1206.4,9.211401973376828
1206.6,9.429320397261856
1206.8,9.11750352767115
1207.0,8.981590678694241
1207.2,9.235819722851227
1207.4,8.7794445430808
1207.6,9.211791211689087
1207.8,8.92265594246409
1208.0,9.135762471656088
1208.2,9.047291631351573
1208.4,8.927221644734898
1208.6,9.061403330136908
1208.8,9.05584913381442
1209.0,9.141234271852458
1209.2,9.31700329843278
1209.4,9.497694521615134
1209.6,9.591296759166513
1209.8,9.530061902871465
1210.0,9.817785180654761
1210.2,9.967396504658518
1210.4,9.617274415257928
1210.6,9.519472402000684
1210.8,9.946603267385106
1211.0,9.434765908075283
1211.2,9.519181008135458
1211.4,9.10382402293335
1211.6,9.757797341459845
1211.8,9.388926765117679
1212.0,9.733535454132173
1212.2,9.68829395964731
1212.4,9.892516456206174
1212.6,9.63011496612786
1212.8,10.163878885883506
1213.0,10.639881736515317
1213.2,11.111321514524208
1213.4,11.718912552047737
1213.6,11.75046488151769
1213.8,12.176707090093641
1214.0,11.80929662945321
1214.2,12.216660658983153
1214.4,11.611632598821949
1214.6,11.640939882622213
1214.8,12.493440405415303
1215.0,12.475378792354148
1215.2,12.595076713012109
1215.4,11.698707476886547
1215.6,12.055617521918933
1215.8,12.61391580571767
1216.0,11.01678644082169
1216.2,11.202297263694717
1216.4,11.321951639973456
1216.6,12.562587290347452
1216.8,13.508285619118341
1217.0,13.352900298940348
1217.2,12.002623207321498
1217.4,12.328765169009081
1217.6,12.293765280522424
1217.8,11.842577985740807
1218.0,11.443593284898999
1218.2,10.98560556881409
1218.4,11.662862529410605
1218.6,9.800576154659659
1218.8,9.732904810837576
1219.0,10.247313131999402
1219.2,12.227847096348508
1219.4,12.3654609001597
1219.6,11.396804195471164
1219.8,11.14177829459348
1220.0,11.87823490853206
1220.2,10.598661329286546
1220.4,12.60944666402396
1220.6,12.244754405520277
1220.8,10.828577697878814
1221.0,11.510797379987869
1221.2,10.591863633884577
1221.4,10.315452874929466
1221.6,11.179132165421796
1221.8,9.88234595791273
1222.0,10.227803044808043
1222.2,10.261359244852045
1222.4,10.8796622570891
1222.6,10.354428628775645
1222.8,11.286632081687555
1223.0,10.663327528339892
1223.2,10.706919743287944
1223.4,11.440302765038446
1223.6,11.031416919382465
1223.8,10.28296155505069
1224.0,10.653162614935813
1224.2,10.148866312064577
1224.4,11.604752840721451
1224.6,12.524318484321931
1224.8,12.210551030706087
1225.0,11.590091823362215
1225.2,11.239042277345142
1225.4,10.773270918642705
1225.6,10.255104629956818
1225.8,11.769424910170718
1226.0,10.503357731362344
1226.2,10.898142726608725
1226.4,10.929238208151382
1226.6,11.351938425561421
1226.8,11.309909655057929
1227.0,9.768939757120577
1227.2,9.846501726191192
1227.4,9.917824139219828
1227.6,9.43167206170976
1227.8,10.030263136456927
1228.0,9.36618399381173
1228.2,10.292313639423416
1228.4,10.875911631182353
1228.6,10.920224454902709
1228.8,9.844204961994233
1229.0,10.750363287099542
1229.2,11.55368300425522
1229.4,11.958431695045924
1229.6,10.941420069508148
1229.8,10.60085517314535
1230.0,9.829837292008676
1230.2,10.02013168192002
1230.4,10.50256654090906
1230.6,9.906486232465742
1230.8,10.144523948602949
1231.0,10.59184051132824
1231.2,10.371629879394149
1231.4,10.963727349263694
1231.6,10.798264515361716
1231.8,10.814301929594663
1232.0,12.26628728017732
1232.2,12.043567035991796
1232.4,12.93311732494211
1232.6,12.648878115172238
1232.8,12.145139942737098
1233.0,12.247678497926696
1233.2,11.850191163380302
1233.4,12.356103969952956
1233.6,12.109510029208682
1233.8,10.686653992525486
1234.0,9.990503156058207
1234.2,9.87938358954451
1234.4,9.522005013238617
1234.6,9.539887929819347
1234.8,9.581341069553208
1235.0,9.26910445928581
1235.2,9.853020143634755
1235.4,10.92679821471297
1235.6,10.074286720966928
1235.8,9.730573856816944
1236.0,11.154803182050756
1236.2,10.549516074830185
1236.4,12.535401385577963
1236.6,11.633827423436834
1236.8,11.721446039140762
1237.0,11.63018340830033
1237.2,10.928901364450606
1237.4,11.87094104528432
1237.6,12.006270084144276
1237.8,10.900408700140504
1238.0,10.110609521331712
1238.2,10.593098337330781
1238.4,11.078063891882714
1238.6,11.022246247390687
1238.8,11.753420780409336
1239.0,11.80568270243784
1239.2,11.021516639955246
1239.4,10.408498141491213
1239.6,12.04192838956102
1239.8,10.93299037077349
1240.0,11.28577741086746
1240.2,11.88414756328002
1240.4,11.807929496029416
1240.6,11.970589597637131
1240.8,11.940995720563572
1241.0,11.96368996116438
1241.2,11.16713515998576
1241.4,10.827396351541129
1241.6,11.42222819156424
1241.8,11.668100042205333
1242.0,10.612042729663012
1242.2,11.078938428814084
1242.4,12.518364577359458
1242.6,11.811731660605195
1242.8,12.881793190599387
1243.0,12.72054539278068
1243.2,12.927708235580113
1243.4,13.129408356087186
1243.6,13.034429077895842
1243.8,12.649960959366117
1244.0,13.393366822000798
1244.2,12.704828492632888
1244.4,13.353468968545062
1244.6,12.995384880338959
1244.8,12.415751647589575
1245.0,13.669805965776812
1245.2,12.5568612220939
1245.4,13.203757393219496
1245.6,12.355142579657386
1245.8,12.58134386853176
1246.0,13.252139755375332
1246.2,12.761399339967046
1246.4,13.087666501824064
1246.6,12.998150690858242
1246.8,12.5000923540468
1247.0,12.821603938152311
1247.2,13.227534270624544
1247.4,12.212230777327056
1247.6,12.130452017369983
1247.8,12.536511323859527
1248.0,12.802283157579328
1248.2,12.745459961876982
1248.4,12.795167227036401
1248.6,13.843809277331815
1248.8,15.854769591687322
1249.0,15.327408497240928
1249.2,13.829155190263126
1249.4,13.601791933450018
1249.6,13.473952010931733
1249.8,12.76215717232068
1250.0,11.620786242707325
1250.2,12.935042708532977
1250.4,12.4921511492967
1250.6,11.551819310468844
1250.8,12.623226836397132
1251.0,12.115824700406666
1251.2,11.081016485692263
1251.4,10.644144945713201
1251.6,11.33883067186108
1251.8,11.381365993352619
1252.0,11.454088899534883
1252.2,12.34323136327167
1252.4,13.506475671176634
1252.6,13.12363865633417
1252.8,13.044901129003941
1253.0,13.648558384032526
1253.2,13.35208175538269
1253.4,13.632652762601236
1253.6,12.73224362299613
1253.8,12.87548891347729
1254.0,13.755516175673234
1254.2,13.524303891951849
1254.4,12.74850049628208
1254.6,13.05799380658633
1254.8,11.663366341003716
1255.0,12.105968702654247
1255.2,13.413602918200663
1255.4,12.851699421846057
1255.6,13.626159208851849
1255.8,12.793881928316381
1256.0,12.606553546240661
1256.2,13.727281221049243
1256.4,12.792438930208085
1256.6,13.428935498238141
1256.8,11.698221427570111
1257.0,11.705106062758915
1257.2,12.135216828171732
1257.4,11.16583201803985
1257.6,11.764887114754677
1257.8,11.383192368658616
1258.0,10.868370523532601
1258.2,12.390474391437012
1258.4,12.838971867172136
1258.6,12.864350800348399
1258.8,11.950796990120313
1259.0,10.96273651403392
1259.2,10.981275433826427
1259.4,10.642720455025106
1259.6,10.83679400799009
1259.8,11.988402012328658
1260.0,12.034103365611184
1260.2,11.889610250357576
1260.4,12.026722546508545
1260.6,11.910252589777794
1260.8,11.715646854616095
1261.0,12.083354940805071
1261.2,12.236765864292938
1261.4,12.95970694791562
1261.6,12.672358838804795
1261.8,13.274954642377722
1262.0,12.679772059390713
1262.2,12.828660253457635
1262.4,13.665037123029764
1262.6,13.287357489870326
1262.8,13.625587356225711
1263.0,11.776568961141422
1263.2,11.96024329924208
1263.4,12.853298903995647
1263.6,12.647778864733915
1263.8,12.390760555165425
1264.0,13.463108366679092
1264.2,13.343151190519421
1264.4,14.21007747042448
1264.6,14.144716583174606
1264.8,14.657631404814357
1265.0,13.149963763058603
1265.2,13.899095322456462
1265.4,13.844214434630043
1265.6,13.609818158587487
1265.8,14.808149215734964
1266.0,14.301621714091954
1266.2,13.321068135030762
1266.4,14.617244235841415
1266.6,14.381576863377159
1266.8,14.233416740286582
1267.0,13.40683156273452
1267.2,13.509302668494685
1267.4,13.37655638183171
1267.6,12.657687759395394
1267.8,13.642735507843508
1268.0,14.431170075218356
1268.2,13.180132752788225
1268.4,13.084984693374151
1268.6,14.133938394382417
1268.8,12.644909827056651
1269.0,13.10418486775678
1269.2,12.999441271404246
1269.4,13.779190710118526
1269.6,13.509102098968572
1269.8,14.710983990337294
1270.0,13.230098315433299
1270.2,12.179851539621486
1270.4,13.574326556701447
1270.6,13.657997874089725
1270.8,13.362550720630699
1271.0,13.01677300588974
1271.2,14.17557994475769
1271.4,14.155803288080842
1271.6,14.520138352362384
1271.8,13.372823877414797
1272.0,13.45063787897857
1272.2,13.843150266358546
1272.4,15.147347393381699
1272.6,14.33683806913097
1272.8,15.440034772236015
1273.0,15.861613439638912
1273.2,15.788394569171118
1273.4,13.986787496521448
1273.6,13.776409775534281
1273.8,14.411596621916068
1274.0,14.77216215142844
1274.2,15.895532514785714
1274.4,15.566924060419527
1274.6,14.487004710785534
1274.8,13.78942906302331
1275.0,13.800819404887402
1275.2,14.44173931821041
1275.4,12.893841508821014
1275.6,12.981796346137848
1275.8,11.631156415560229
1276.0,11.826595990057744
1276.2,10.897517533795115
1276.4,10.541512670914436
1276.6,12.551733715331563
1276.8,13.420046693016857
1277.0,14.044407346958783
1277.2,14.960303694658174
1277.4,14.50337579708403
1277.6,13.007397534845648
1277.8,12.597790891522394
1278.0,14.29979972417394
1278.2,14.477517726853362
1278.4,14.9028577407753
1278.6,14.181228003812356
1278.8,13.568954657020424
1279.0,12.956586240982768
1279.2,13.338407322818247
1279.4,14.402325340852453
1279.6,14.202477916315113
1279.8,12.826169956862199
1280.0,12.63341530069691
1280.2,12.495587698805128
1280.4,13.926001549765864
1280.6,13.148342664747599
1280.8,13.822232169467657
1281.0,13.914687917715213
1281.2,11.886184774711435
1281.4,11.545136318561104
1281.6,10.82095109620957
1281.8,11.217163070979876
1282.0,10.967644684443158
1282.2,11.84176988852241
1282.4,11.252228937681313
1282.6,11.665048533904239
1282.8,11.838921413279575
1283.0,11.839505599553595
1283.2,11.5608866670743
1283.4,12.214793429037803
1283.6,11.747511999491984
1283.8,12.022488955405478
1284.0,11.397986562084482
1284.2,12.21479979399454
1284.4,12.717939448060873
1284.6,11.92814957232273
1284.8,12.311389060848777
1285.0,12.061882684693666
1285.2,12.961403361779107
1285.4,12.96843854872572
1285.6,11.512489342597519
1285.8,12.623266094594781
1286.0,12.459897678017347
1286.2,11.877643261465725
1286.4,11.532486000935009
1286.6,11.074154221451797
1286.8,12.058684295937478
1287.0,12.651488753728637
1287.2,12.63992472766055
1287.4,10.66736189767214
1287.6,10.381795864735192
1287.8,10.785643080525801
1288.0,9.94474267580851
1288.2,10.340790843697613
1288.4,10.24105350394972
1288.6,11.269654775151654
1288.8,11.540058339512369
1289.0,11.671930300096356
1289.2,11.592482319848347
1289.4,11.070893503045024
1289.6,11.785062999482578
1289.8,11.871496529157033
1290.0,10.966764952243338
1290.2,11.051084280817918
1290.4,11.29091216416515
1290.6,11.384954803631882
1290.8,11.672161620714068
1291.0,12.135657402213837
1291.2,11.765306440194438
1291.4,11.472689612760409
1291.6,12.17101403961647
1291.8,11.639155284214969
1292.0,12.221228427264577
1292.2,11.50464300386756
1292.4,11.07760725698366
1292.6,11.069507207246252
1292.8,11.76659361698639
1293.0,11.902568616702112
1293.2,12.206687125836684
1293.4,11.390503654483581
1293.6,11.123456940764935
1293.8,10.697966612391578
1294.0,11.36914654212152
1294.2,11.06975147280345
1294.4,11.9393807762592
1294.6,11.74000805143589
1294.8,10.714225160586128
1295.0,11.232484845782789
1295.2,12.02931679888438
1295.4,10.232051453732435
1295.6,12.46982635187952
1295.8,10.82328395715567
1296.0,10.914729266940679
1296.2,11.148034048237692
1296.4,10.753566620871556
1296.6,10.555323567238617
1296.8,10.508303797580407
1297.0,10.731233852223195
1297.2,11.76293214001759
1297.4,11.566563265544413
1297.6,11.849485504703399
1297.8,11.429057121419133
1298.0,11.728931601472443
1298.2,12.80878363188519
1298.4,11.731774448743685
1298.6,11.322708227302043
1298.8,10.683947448007608
1299.0,10.7598464385445
1299.2,10.386655249124717
1299.4,10.825199746122937
1299.6,11.26147191055578
1299.8,9.53021878385083
1300.0,10.091806010355375
1300.2,11.064560841798926
1300.4,10.625083659000472
1300.6,10.012972322528373
1300.8,10.181165524993709
1301.0,9.903284180494875
1301.2,10.066974260319885
1301.4,9.815100806272653
1301.6,9.489957099841641
1301.8,9.262469797089391
1302.0,9.6564874546609
1302.2,9.57579776215286
1302.4,9.536387552121635
1302.6,9.314152812102082
1302.8,9.73205172652894
1303.0,9.474922119154805
1303.2,9.812266266809043
1303.4,9.795241544941575
1303.6,9.743643826374164
1303.8,9.915986338225691
1304.0,9.71021753415659
1304.2,9.608581528684073
1304.4,9.580855655162924
1304.6,9.694462939516024
1304.8,9.421417138415556
1305.0,9.838416695847528
1305.2,9.837789191926152
1305.4,9.663950069991266
1305.6,9.847648292925061
1305.8,10.425572050675198
1306.0,10.655604944566688
1306.2,10.585025923359488
1306.4,10.921775585053116
1306.6,11.042431234883509
1306.8,10.756915086906936
1307.0,10.290252455455997
1307.2,10.081699068038898
1307.4,9.707894711161469
1307.6,10.575776301682712
1307.8,10.097354712794298
1308.0,9.859369881407185
1308.2,10.02874027310636
1308.4,9.84021146545728
1308.6,9.67240751743614
1308.8,9.660309278994692
1309.0,10.27351963271808
1309.2,10.674805555687062
1309.4,10.569073624456745
1309.6,10.041580918661028
1309.8,10.434429894152167
1310.0,9.90728166531709
1310.2,9.744681994879576
1310.4,9.83329759788919
1310.6,9.943767299735903
1310.8,9.490367818108629
1311.0,9.614077892147565
1311.2,9.342478173827951
1311.4,9.298068871957932
1311.6,9.43438218384985
1311.8,9.330346116951583
1312.0,9.454138112574311
1312.2,9.804249632065423
1312.4,9.540987391757433
1312.6,9.097280042004474
1312.8,9.389256806393556
1313.0,9.612127793539065
1313.2,9.76290809281031
1313.4,9.852731202414816
1313.6,9.854918538132411
1313.8,9.69419473127842
1314.0,9.619649152519404
1314.2,9.60549344807571
1314.4,9.178667509720333
1314.6,9.331740056388714
1314.8,9.179920221160259
1315.0,9.540098963968427
1315.2,9.046887576636934
1315.4,9.453079948535406
1315.6,9.147998385944328
1315.8,9.2136636243239
1316.0,9.299819483852692
1316.2,9.043209880561376
1316.4,8.998026045886139
1316.6,9.064263769220366
1316.8,9.156448945257248
1317.0,9.138782294225031
1317.2,9.478318822673119
1317.4,9.928064278594208
1317.6,9.761837843362393
1317.8,9.750341105739887
1318.0,9.574805898321493
1318.2,10.235674248054334
1318.4,10.39247641266405
1318.6,10.050330408271176
1318.8,10.338648042239264
1319.0,10.182301641329401
1319.2,10.988780031332205
1319.4,10.34067727705203
1319.6,10.40122795174149
1319.8,9.978743033850732
1320.0,10.113462659865242
1320.2,10.73636707139958
1320.4,10.690588455231762
1320.6,10.735962799505323
1320.8,11.132243104891739
1321.0,10.995880621551278
1321.2,11.773351057699406
1321.4,11.777855664161848
1321.6,11.788676343241804
1321.8,11.84161026218689
1322.0,11.621274478732133
1322.2,11.321605625308331
1322.4,11.199589757284992
1322.6,10.987652728325994
1322.8,11.606728993278708
1323.0,11.554621173735969
1323.2,11.583540891700647
1323.4,11.980345018593784
1323.6,12.833471978705841
1323.8,12.532072076428333
1324.0,12.929544218755877
1324.2,13.22781649534345
1324.4,12.597530326340232
1324.6,11.716605679050474
1324.8,12.503756549215295
1325.0,11.052668744441698
1325.2,11.23531384883046
1325.4,10.747678658805897
1325.6,11.057241729839866
1325.8,11.446688938747956
1326.0,11.933715946414818
1326.2,10.588402886095798
1326.4,10.518061539216845
1326.6,10.06463161355878
1326.8,10.070225030248292
1327.0,10.878498517843099
1327.2,11.007313951016615
1327.4,10.68352271812338
1327.6,10.553388327981377
1327.8,10.591414223254487
1328.0,10.31779646748973
1328.2,10.644583992435589
1328.4,10.807103235092598
1328.6,11.389236580720123
1328.8,11.648736648976453
1329.0,11.728686010165358
1329.2,11.411529803121834
1329.4,11.591803929911304
1329.6,12.555609566322568
1329.8,12.094868869526403
1330.0,12.076110851208313
1330.2,11.803736174058413
1330.4,11.252172893568577
1330.6,11.5163919488431
1330.8,11.750623481300714
1331.0,11.412290404814428
1331.2,11.483649458689747
1331.4,12.328196736200143
1331.6,11.81546944385244
1331.8,11.904301363897275
1332.0,11.840074694738178
1332.2,11.893380652517251
1332.4,11.80761500825383
1332.6,11.61245340904535
1332.8,11.642570679371676
1333.0,12.132669413142645
1333.2,11.856768393234535
1333.4,11.447451646226433
1333.6,11.309423071813411
1333.8,10.863555400069107
1334.0,11.14736028930948
1334.2,10.995629418288019
1334.4,10.811069543838832
1334.6,10.767144859035946
1334.8,10.997228199442562
1335.0,10.51937038616824
1335.2,10.334124017387452
1335.4,10.754660473748833
1335.6,10.664746803583832
1335.8,10.626315047234826
1336.0,10.552154118311384
1336.2,10.825902214773613
1336.4,10.808327929993283
1336.6,10.961175804250962
1336.8,10.612070861463046
1337.0,10.715715362271883
1337.2,10.48270091725988
1337.4,9.867160598479451
1337.6,9.93690415549493
1337.8,9.54309626603784
1338.0,9.937029666265982
1338.2,9.655580109668758
1338.4,9.619253607991737
1338.6,9.850518215383278
1338.8,9.494911162466122
1339.0,9.557895685258357
1339.2,9.812046182749231
1339.4,10.127695432793955
1339.6,9.449415339540636
1339.8,10.040779626835972
1340.0,10.181723228897653
1340.2,10.408055756262621
1340.4,10.105315397203904
1340.6,10.335178172819395
1340.8,10.483054593361826
1341.0,10.134389082859492
1341.2,9.718910796529569
1341.4,9.867589698305215
1341.6,10.107194306147964
1341.8,9.8666699630867
1342.0,9.85803921943467
1342.2,10.210102954152461
1342.4,10.016448389410655
1342.6,10.00834416464119
1342.8,10.163851350953472
1343.0,10.442300713833468
1343.2,10.149120390608902
1343.4,10.050906370191692
1343.6,10.350656700509893
1343.8,10.023667696279809
1344.0,9.638420511820797
1344.2,10.305096272497584
1344.4,10.579532968618706
1344.6,10.30190089576607
1344.8,10.852137636370616
1345.0,10.890575499545527
1345.2,10.939278094400029
1345.4,10.11478809505579
1345.6,9.942008702052737
1345.8,9.780433064356135
1346.0,9.792654206598755
1346.2,9.622626284189042
1346.4,9.519612554399275
1346.6,9.68097765840319
1346.8,9.831302913910017
1347.0,9.899210643478384
1347.2,9.881439253752312
1347.4,9.77939558867282
1347.6,9.764621764075434
1347.8,9.773524725330184
1348.0,9.67836513610692
1348.2,9.964456903593407
1348.4,9.955190342685816
1348.6,9.9353963722906
1348.8,10.104720273414161
1349.0,9.817540657657343
1349.2,10.247701865248278
1349.4,11.88069359475648
1349.6,11.466059860904913
1349.8,12.184554391634277
1350.0,12.70790854032854
1350.2,12.893352229641273
1350.4,12.823475239679105
1350.6,12.622462892197726
1350.8,13.587126724284843
1351.0,12.418072593992742
1351.2,11.315462061296884
1351.4,11.751742440024904
1351.6,12.678068526138128
1351.8,11.605454562756046
1352.0,11.664277052773285
1352.2,11.516240330017878
1352.4,11.746746775782304
1352.6,11.067417529174664
1352.8,11.38106851051578
1353.0,10.383683140243985
1353.2,11.189055276827144
1353.4,11.2449553452696
1353.6,12.308043912676322
1353.8,11.45790806902843
1354.0,11.517337286373053
1354.2,11.81671436218809
1354.4,11.61916118530743
1354.6,11.100752612405714
1354.8,11.705625814856083
1355.0,11.79635922812659
1355.2,11.697831738552916
1355.4,11.111288345060675
1355.6,11.522260336400723
1355.8,11.152360690282602
1356.0,11.033637377238136
1356.2,10.84051380774997
1356.4,10.64702513835483
1356.6,11.259885853029914
1356.8,11.211152388749825
1357.0,10.873556087776935
1357.2,11.935698565944062
1357.4,12.332053218938402
1357.6,12.021215032490142
1357.8,11.88475852586267
1358.0,12.268677138942078
1358.2,12.030754431406525
1358.4,11.35012542376338
1358.6,11.633296049269957
1358.8,12.416417385513228
1359.0,13.330120839021857
1359.2,15.442433177476369
1359.4,16.81152846824792
1359.6,15.485682628914567
1359.8,14.834881847474284
1360.0,16.609365600693696
1360.2,17.643629987668692
1360.4,17.132805987731796
1360.6,16.743843008051652
1360.8,17.610340112540946
1361.0,16.09282825665452
1361.2,15.690042582083155
1361.4,17.26441152712873
1361.6,17.84717753490558
1361.8,18.352520658116003
1362.0,18.855477068186172
1362.2,19.566741634975113
1362.4,21.608847263539758
1362.6,21.056422936925987
1362.8,21.74043176821511
1363.0,21.09844601954049
1363.2,19.31587784288593
1363.4,18.865083102290985
1363.6,18.720130472981477
1363.8,17.68100807900786
1364.0,15.087434257880831
1364.2,16.184334792285103
1364.4,16.072171474939633
1364.6,17.657695230684837
1364.8,18.144992773978686
1365.0,17.983360937726378
1365.2,16.25321203573769
1365.4,15.630996211118983
1365.6,15.19533806384051
1365.8,16.66779061213708
1366.0,18.233193222331924
1366.2,18.02080529062791
1366.4,19.551608940725686
1366.6,18.95747054426587
1366.8,18.99894487746362
1367.0,17.512194057831557
1367.2,17.21281789703721
1367.4,17.156341893240562
1367.6,16.77203615444663
1367.8,15.295187004297325
1368.0,16.8828925243123
1368.2,17.349661666760078
1368.4,17.935725238221675
1368.6,17.27017110589052
1368.8,17.17161528404629
1369.0,18.180558594079063
1369.2,17.357491065200836
1369.4,16.87999021422444
1369.6,15.159489568591125
1369.8,15.470965873793418
1370.0,14.07995951609647
1370.2,14.563233645235606
1370.4,14.583061980049113
1370.6,13.05065358832228
1370.8,13.298616793319146
1371.0,13.483445001995245
1371.2,13.693527169208604
1371.4,15.009592975732746
1371.6,14.42785365272819
1371.8,14.056171473052167
1372.0,14.6091092394666
1372.2,14.017573012959602
1372.4,14.152917860073513
1372.6,14.75934642816506
1372.8,14.032109770762402
1373.0,14.953299249739826
1373.2,13.958970828544619
1373.4,13.121056152645977
1373.6,12.839428183744076
1373.8,12.70184681848586
1374.0,13.16689892394194
1374.2,13.158945358541377
1374.4,13.125571486263148
1374.6,13.392808442234402
1374.8,13.058509832326134
1375.0,13.510986286211583
1375.2,14.263330887131593
1375.4,14.279553969744489
1375.6,13.122727161076423
1375.8,13.124371415938981
1376.0,12.063506290028998
1376.2,11.250345881341895
1376.4,10.673488478311238
1376.6,12.892015517100637
1376.8,12.487313053520229
1377.0,13.5918352000809
1377.2,13.466294733356856
1377.4,12.574252780309132
1377.6,11.354567158208981
1377.8,11.21450906480918
1378.0,10.841941169280274
1378.2,10.945823522960183
1378.4,11.363277802064673
1378.6,10.732343107379755
1378.8,9.824442526395137
1379.0,10.324933972089894
1379.2,10.549748276602614
1379.4,10.633932534083108
1379.6,11.996802009998342
1379.8,11.633988883051153
1380.0,11.182073556580248
1380.2,10.817734535484325
1380.4,10.512803427573685
1380.6,11.142214069373303
1380.8,10.645065947008474
1381.0,11.080718425774037
1381.2,11.164685165244306
1381.4,10.94126436674528
1381.6,10.234411799803036
1381.8,10.268792968671088
1382.0,10.440341170133237
1382.2,10.122145506075068
1382.4,9.972742168630152
1382.6,10.76318144445077
1382.8,10.688638608992829
1383.0,10.369939227234433
1383.2,10.356886918780205
1383.4,9.971036966519964
1383.6,10.057537099158296
1383.8,10.052914080167826
1384.0,10.763371512095382
1384.2,11.262047820265156
1384.4,11.042316203114604
1384.6,11.216980437619162
1384.8,11.873406057061256
1385.0,11.656115798197053
1385.2,11.601309838413783
1385.4,11.817638866751519
1385.6,11.498614408614634
1385.8,11.89291586864292
1386.0,11.738616030064613
1386.2,11.66253959547483
1386.4,11.192121942050512
1386.6,10.95802735952043
1386.8,10.842363327607426
1387.0,11.670809180572121
1387.2,11.185166290861076
1387.4,11.285641934087174
1387.6,11.890974193248688
1387.8,11.9125061783228
1388.0,11.017229244675901
1388.2,11.242428531621929
1388.4,10.735815534019084
1388.6,10.486366604811028
1388.8,11.066479757455262
1389.0,10.64261121653642
1389.2,11.07490565316278
1389.4,10.910178993240178
1389.6,11.010781179874652
1389.8,10.726996898657166
1390.0,10.899961206995737
1390.2,10.756598340816215
1390.4,10.752767653417571
1390.6,10.493332258394815
1390.8,11.092261107559338
1391.0,11.354433897479106
1391.2,11.718351774198918
1391.4,11.062730566654464
1391.6,11.584757072095709
1391.8,12.21984905132306
1392.0,11.015207895798568
1392.2,12.41556951924655
1392.4,13.58814622287563
1392.6,13.818805877206517
1392.8,13.971009565622303
1393.0,13.247149559250941
1393.2,13.18080956367014
1393.4,12.799720561349993
1393.6,13.474050979654367
1393.8,13.19278985715191
1394.0,13.508052668290711
1394.2,13.61981158262697
1394.4,14.05701451669502
1394.6,14.327095608801683
1394.8,12.585025525292712
1395.0,11.911213148972326
1395.2,13.377221160913699
1395.4,14.733236281472271
1395.6,13.949861094956074
1395.8,14.166970317719356
1396.0,14.052756481071537
1396.2,13.477308302397484
1396.4,13.898350858381669
1396.6,13.752040143740281
1396.8,14.15987149464301
1397.0,14.007939018813717
1397.2,13.95308491622007
1397.4,14.130457334792732
1397.6,13.28745032191126
1397.8,12.900903177164134
1398.0,13.667535273913458
1398.2,13.83740169866462
1398.4,14.56350751324186
1398.6,13.562736517069178
1398.8,14.294698018798693
1399.0,14.330816006064786
1399.2,13.484696764157025
1399.4,13.94352719907493
1399.6,14.108145219713894
1399.8,14.395985327984704
1400.0,13.683372461482602
1400.2,14.369108691580735
1400.4,13.388952822892534
1400.6,13.957365039968364
1400.8,13.787202123702972
1401.0,13.046038850611328
1401.2,13.040490067846031
1401.4,12.996415123160487
1401.6,13.906488017017129
1401.8,14.46810921421143
1402.0,13.926478589370276
1402.2,14.758181542798987
1402.4,15.88355685388625
1402.6,15.067923038750624
1402.8,16.537504302434524
1403.0,16.58464514575014
1403.2,17.406237853459764
1403.4,16.72266635589438
1403.6,16.784303186608202
1403.8,17.112707111201118
1404.0,17.333392224922374
1404.2,14.744340905470711
1404.4,12.517319448032227
1404.6,12.689410414584701
1404.8,12.605328709152664
1405.0,11.620342091192178
1405.2,12.717152836952032
1405.4,12.383528529215935
1405.6,12.181717933855086
1405.8,11.670802260346989
1406.0,13.021425840408554
1406.2,13.246131837656979
1406.4,13.277215416075197
1406.6,12.712000937391783
1406.8,12.448401163301055
1407.0,11.25781084341635
1407.2,12.559595231583863
1407.4,12.736799535145504
1407.6,14.534287634203931
1407.8,13.973190981473708
1408.0,14.75083847895949
1408.2,14.153811499231674
1408.4,13.1516459628327
1408.6,12.934086330865613
1408.8,11.335658562867986
1409.0,10.680311049637437
1409.2,10.654426088049231
1409.4,11.497212862957994
1409.6,11.668361656482
1409.8,11.480887921817672
1410.0,10.734624249375502
1410.2,10.284779476278187
1410.4,10.48880548802913
1410.6,10.301253608985624
1410.8,10.855439259440471
1411.0,11.10068215679308
1411.2,11.320927013002393
1411.4,11.81947473052489
1411.6,12.235435565166974
1411.8,14.03802398837497
1412.0,12.948084062118566
1412.2,13.958828339718842
1412.4,12.646874141516793
1412.6,13.640734661203357
1412.8,13.08478198454778
1413.0,14.08841582638927
1413.2,14.40836707039563
1413.4,12.868651465748016
1413.6,15.674049723669006
1413.8,14.452280999828309
1414.0,16.29297592251251
1414.2,15.686804021269232
1414.4,15.429056910776653
1414.6,15.70594474913415
1414.8,13.625090971810373
1415.0,13.669882910977007
1415.2,14.497727689639586
1415.4,16.30645921782981
1415.6,15.474025630356149
1415.8,14.609585891976586
1416.0,15.334127541895505
1416.2,15.145439443671318
1416.4,14.38957350128781
1416.6,15.253610219014757
1416.8,15.30446938581134
1417.0,15.560441482969548
1417.2,14.190014028253845
1417.4,15.622969217326945
1417.6,13.4356778789118
1417.8,14.866329132342164
1418.0,15.07105241554484
1418.2,14.16774822574599
1418.4,14.778494639163553
1418.6,13.207947445402556
1418.8,14.31308183153206
1419.0,13.360785930222555
1419.2,13.737777029758293
1419.4,14.055838280798378
1419.6,14.65735053137024
1419.8,13.043459462589318
1420.0,14.842680601229215
1420.2,13.463216182193884
1420.4,12.92223469508739
1420.6,12.490716972424421
1420.8,13.35640885200757
1421.0,11.678743872594222
1421.2,11.138448434924225
1421.4,11.695539266366449
1421.6,11.245604106518785
1421.8,11.024239780540437
1422.0,10.64324512160707
1422.2,10.80833832063394
1422.4,10.393710315631946
1422.6,10.438101532095503
1422.8,10.204945927021676
1423.0,10.296037502045149
1423.2,10.108410914333529
1423.4,10.460741138479637
1423.6,12.71752655264574
1423.8,13.179661050240805
1424.0,15.503402483010003
1424.2,12.56280101445613
1424.4,11.359211074661012
1424.6,12.551367427152481
1424.8,11.746624013125938
1425.0,14.37809889127173
1425.2,14.99920025174325
1425.4,14.237225598234986
1425.6,13.645329886983756
1425.8,13.307697154317413
1426.0,13.775666276427476
1426.2,13.57564802878521
1426.4,14.425375718976913
1426.6,13.746643143785146
1426.8,14.949265985444356
1427.0,14.73462947798389
1427.2,17.955851228473982
1427.4,17.00075613720614
1427.6,16.67148006509332
1427.8,15.066407839805741
1428.0,13.764151765928734
1428.2,13.18609303973735
1428.4,14.761588751159419
1428.6,15.294716177047281
1428.8,14.788296273816465
1429.0,16.402799962437637
1429.2,15.603645441397632
1429.4,14.615254751082112
1429.6,15.595820330565255
1429.8,14.029659904464829
1430.0,14.970519923603721
1430.2,15.270464730354224
1430.4,14.268638246577325
1430.6,14.97899073206285
1430.8,14.998815376863202
1431.0,15.918748437790274
1431.2,14.306211430547549
1431.4,12.560031130991291
1431.6,11.364362477138911
1431.8,11.933274517499722
1432.0,11.672175822451038
1432.2,12.203929394182687
1432.4,12.463115434565283
1432.6,12.645044586209803
1432.8,12.007124956262082
1433.0,10.697869549381767
1433.2,10.935860598930013
1433.4,11.6639410223683
1433.6,11.053963648758167
1433.8,11.409078331315659
1434.0,11.239003164820476
1434.2,10.815815917940023
1434.4,10.614080104733105
1434.6,10.812450556123704
1434.8,10.59483998635516
1435.0,12.007478253469685
1435.2,11.434430294954957
1435.4,11.699068574056435
1435.6,10.924608792995162
1435.8,10.996323304713842
1436.0,11.153143350828664
1436.2,10.54328106626259
1436.4,10.589909506686908
1436.6,10.262814996147462
1436.8,10.587704606501628
1437.0,10.532567943827635
1437.2,10.760205040843223
1437.4,11.308543676829299
1437.6,11.47170408486873
1437.8,11.53733197328252
1438.0,11.298359220727384
1438.2,11.104451340166566
1438.4,11.410875874166262
1438.6,11.654405789946477
1438.8,11.387239277041722
1439.0,11.545985193668152
1439.2,10.934969656156873
1439.4,10.921504558907946
1439.6,11.502095021811945
1439.8,11.275117727564206
1440.0,11.573776871041815
1440.2,11.163657912445217
1440.4,11.429021376438563
1440.6,11.94683985140366
1440.8,11.049971717341105
1441.0,11.167566479642709
1441.2,11.124189402975329
1441.4,11.45029594600868
1441.6,11.1074671467842
1441.8,11.254063779881305
1442.0,11.41534450840834
1442.2,11.377163115456097
1442.4,11.446145004907835
1442.6,11.229187969840977
1442.8,11.463891710246784
1443.0,11.923445618062754
1443.2,11.590151494437112
1443.4,11.293750926619612
1443.6,11.170447230970812
1443.8,11.385863901700525
1444.0,11.823546039276838
1444.2,11.81476739082067
1444.4,11.252883830536994
1444.6,11.22156996501467
1444.8,11.797072442419589
1445.0,11.74356804597095
1445.2,11.555326998320352
1445.4,11.705215464055094
1445.6,11.884918778080298
1445.8,11.63027603503039
1446.0,11.334525379048996
1446.2,11.319625119680792
1446.4,11.57426323166963
1446.6,11.42566700453569
1446.8,11.472093110875385
1447.0,11.242912226161915
1447.2,11.405647638454887
1447.4,11.262335032289112
1447.6,11.836651540439874
1447.8,12.24493129071434
1448.0,12.070244932729242
1448.2,11.61861328816351
1448.4,11.535610391444258
1448.6,11.951786449131188
1448.8,11.657186232535226
1449.0,11.559273992911239
1449.2,11.619597247969198
1449.4,10.866821137250092
1449.6,10.94210630037586
1449.8,11.67401064143563
1450.0,11.731622572558283
1450.2,11.261386855765876
1450.4,11.527698006725803
1450.6,11.338289435447603
1450.8,11.315907563175951
1451.0,11.088385384897448
1451.2,11.10171129785755
1451.4,11.16159706347199
1451.6,11.97057920076152
1451.8,11.1766330142324
1452.0,11.30760145125448
1452.2,11.608926309399365
1452.4,11.60137690846723
1452.6,11.865855921194377
1452.8,11.929110391243064
1453.0,11.581771272223168
1453.2,11.856419253402228
1453.4,11.770521097146148
1453.6,11.803595577053505
1453.8,11.91254686657202
1454.0,11.490053010593293
1454.2,11.604611951085722
1454.4,11.263654964647783
1454.6,10.845280647468998
1454.8,11.12024580864845
1455.0,11.185361982421849
1455.2,11.250106824889002
1455.4,10.918903655839546
1455.6,10.718571276575219
1455.8,10.671288765219565
1456.0,10.58627843982711
1456.2,10.45882432996309
1456.4,10.627886235510896
1456.6,10.061640961612026
1456.8,9.817794658315762
1457.0,10.06201552543664
1457.2,10.83918275457756
1457.4,11.486827323291497
1457.6,11.538661392126297
1457.8,11.93607018253571
1458.0,11.530261095767786
1458.2,11.67202877934807
1458.4,11.403526248861727
1458.6,11.556984809817914
1458.8,11.17784411593358
1459.0,11.541186369753051
1459.2,11.169452372102812
1459.4,10.721472769533701
1459.6,10.998287377589428
1459.8,11.256235338036625
1460.0,10.823438006052262
1460.2,10.893475901040507
1460.4,10.814128743749658
1460.6,11.21048750382001
1460.8,10.747577683799925
1461.0,10.49019092111317
1461.2,10.560594716921505
1461.4,10.417925110928934
1461.6,10.970909909888602
1461.8,11.520001518541402
1462.0,10.841060016617497
1462.2,10.477424926706025
1462.4,10.65837347176809
1462.6,10.533446993866598
1462.8,10.167647758874024
1463.0,10.493725581568365
1463.2,10.83962250102616
1463.4,10.942814385885157
1463.6,11.162754477841707
1463.8,10.971588724474024
1464.0,11.431798539001868
1464.2,10.99551292997565
1464.4,10.990347505814931
1464.6,11.664435436748274
1464.8,11.266313864010169
1465.0,11.144350745947087
1465.2,12.145880234498312
1465.4,11.761361203693674
1465.6,11.048269642835846
1465.8,11.800790234220282
1466.0,11.298553646865091
1466.2,11.463212183764856
1466.4,10.952410643971797
1466.6,11.35093102448745
1466.8,10.911177255320982
1467.0,11.534543424170883
1467.2,11.334132898433921
1467.4,11.563206600116073
1467.6,10.85706717092082
1467.8,10.924132566964545
1468.0,10.265916973243378
1468.2,9.922669006790398
1468.4,11.071235362420698
1468.6,10.749958512639548
1468.8,11.358366870308739
1469.0,11.110727573215156
1469.2,11.529542422267024
1469.4,10.749452262530914
1469.6,10.23811112916065
1469.8,10.484907487082946
1470.0,10.808277825296791
1470.2,10.817835235847998
1470.4,11.428186226595788
1470.6,11.528354529105238
1470.8,11.140026446169351
1471.0,11.916377343644998
1471.2,11.933746621349552
1471.4,12.90760265342083
1471.6,12.08939914863382
1471.8,11.887118826488887
1472.0,12.37505378371355
1472.2,11.972653136326787
1472.4,12.305364597326829
1472.6,11.843652532780398
1472.8,11.658256515463554
1473.0,11.202392296557688
1473.2,11.124173542948753
1473.4,11.741269628059065
1473.6,11.795060005836394
1473.8,12.471507805508937
1474.0,11.857805620721965
1474.2,12.241092723258847
1474.4,12.11852379656081
1474.6,11.708226573823596
1474.8,12.18731413640395
1475.0,12.492165736218293
1475.2,12.37158772955853
1475.4,12.082356789479054
1475.6,12.088326499832327
1475.8,12.036606219110922
1476.0,12.076843889504918
1476.2,12.243898005354074
1476.4,11.68721372697835
1476.6,11.82385201459481
1476.8,11.907010540806178
1477.0,11.262302661549253
1477.2,11.100127472263846
1477.4,11.094521679704192
1477.6,10.959591196189551
1477.8,11.520445680811006
1478.0,11.185360958560347
1478.2,11.274212588077328
1478.4,11.513264580735918
1478.6,11.83346285582482
1478.8,11.467673020545536
1479.0,11.831517046750648
1479.2,11.053373888016893
1479.4,11.153689190903869
1479.6,10.927604514711263
1479.8,11.608256228245882
1480.0,11.355682048414144
1480.2,11.03459498011506
1480.4,10.927308386857357
1480.6,11.471795286818434
1480.8,11.69923707581498
1481.0,11.749007386804006
1481.2,11.24877221967419
1481.4,10.594964136169837
1481.6,11.410237076838975
1481.8,11.606687400639037
1482.0,10.95052426266021
1482.2,11.123781718418712
1482.4,11.123176134927634
1482.6,11.335937952690847
1482.8,10.803381570288197
1483.0,10.788325903467928
1483.2,10.879859475410889
1483.4,11.131876196444408
1483.6,11.205308604015606
1483.8,12.055927397837474
1484.0,11.793782649099743
1484.2,11.050544467203665
1484.4,11.146977955461239
1484.6,11.130792222427067
1484.8,10.76316664050963
1485.0,10.635876777951303
1485.2,11.155728487682968
1485.4,11.483234441417672
1485.6,11.497951835902342
1485.8,11.576651204016645
1486.0,10.757127602176414
1486.2,10.54746173214696
1486.4,10.680338135961836
1486.6,10.896174127364164
1486.8,10.667206742097274
1487.0,10.99594193813128
1487.2,10.525639566156324
1487.4,10.69392227848468
1487.6,10.252387839776942
1487.8,10.52782626565731
1488.0,11.195228329095102
1488.2,10.084106753654208
1488.4,10.52827240035388
1488.6,10.188554796970555
1488.8,10.353195082794711
1489.0,10.58427230517048
1489.2,10.306803517950012
1489.4,9.587712859972818
1489.6,10.309616333347813
1489.8,10.253347453242
1490.0,11.130449067463054
1490.2,10.944548132375099
1490.4,10.986541681555984
1490.6,10.638366826641938
1490.8,11.054711177740632
1491.0,10.368985208526478
1491.2,10.931137299620206
1491.4,11.347797815104963
1491.6,10.469571950842369
1491.8,11.946734906394017
1492.0,11.230554962856749
1492.2,11.050231805660955
1492.4,11.928074219767062
1492.6,11.66174718281038
1492.8,11.8446404291027
1493.0,10.653282254730058
1493.2,12.365962277929896
1493.4,12.410298749792055
1493.6,11.950443519536018
1493.8,13.297391625521158
1494.0,13.772648664557206
1494.2,13.079455009503977
1494.4,13.177842867777434
1494.6,13.190992293659686
1494.8,13.444825660264188
1495.0,12.111154090000355
1495.2,11.837128265174766
1495.4,11.873709953971494
1495.6,12.499501804963597
1495.8,13.505516708519561
1496.0,13.143868273284108
1496.2,11.972298561348948
1496.4,12.47227958228126
1496.6,12.875709628337175
1496.8,12.616409009371647
1497.0,13.76238143063066
1497.2,14.57826073242179
1497.4,14.047580076330616
1497.6,14.735961496699655
1497.8,13.581949947590758
1498.0,14.198544983162403
1498.2,13.688976379096491
1498.4,13.936991174449496
1498.6,13.741230664339984
1498.8,13.740997963770855
1499.0,13.271270478489859
1499.2,13.137778321458258
1499.4,13.435317308759661
1499.6,13.892810435936898
1499.8,14.70339406117921
1500.0,12.575110126506324
1500.2,12.450768796108935
1500.4,12.467202240846794
1500.6,12.919985888017782
1500.8,12.752037279799499
1501.0,13.86822248534082
1501.2,13.260897680109798
1501.4,14.549179731177484
1501.6,13.489105892314369
1501.8,12.397049207776353
1502.0,12.31772358544806
1502.2,13.652815155198045
1502.4,13.783752288362951
1502.6,12.604530855672634
1502.8,13.34643710990457
1503.0,15.137474146001633
1503.2,14.976994083289368
1503.4,14.444575935518568
1503.6,14.859750474704391
1503.8,14.214597092110361
1504.0,15.2120873059633
1504.2,14.621025823358433
1504.4,13.665411406706923
1504.6,11.761192503274954
1504.8,11.90248551708862
1505.0,12.096228789718477
1505.2,10.574274835787623
1505.4,10.830902752523066
1505.6,11.499366722615855
1505.8,10.14621594071047
1506.0,10.198625921700215
1506.2,10.623113813357097
1506.4,10.796443127963036
1506.6,11.169878722840883
1506.8,10.244511064522504
1507.0,10.891079140126372
1507.2,9.851398103637482
1507.4,10.383682148503832
1507.6,10.3591402822187
1507.8,10.352596895813317
1508.0,10.312415058650881
1508.2,9.913621733263673
1508.4,9.981539339444458
1508.6,9.725661087335865
1508.8,9.651303668582942
1509.0,9.6368735837684
1509.2,9.632718731320667
1509.4,9.937599760791517
1509.6,10.099668086600378
1509.8,10.474370697128956
1510.0,10.1298418076102
1510.2,10.210760092941104
1510.4,9.810830731794477
1510.6,9.76386925384245
1510.8,10.307478982943042
1511.0,10.619043648248736
1511.2,10.333000142776118
1511.4,10.083301620239729
1511.6,11.133766000934848
1511.8,11.90258105530275
1512.0,11.393142449870107
1512.2,10.313186297953123
1512.4,10.574754659788121
1512.6,10.389380114542197
1512.8,9.678232966439902
1513.0,9.514390097089013
1513.2,10.12605686003627
1513.4,10.412700171901113
1513.6,10.747757336858317
1513.8,10.273498308593947
1514.0,10.226239681983815
1514.2,9.665641432168128
1514.4,12.262332678258407
1514.6,11.49164428892293
1514.8,10.998750583806338
1515.0,11.768312015490093
1515.2,10.589193576944451
1515.4,11.383130383541808
1515.6,11.100011428362883
1515.8,11.359041087824814
1516.0,10.579235520814406
1516.2,10.490726714685083
1516.4,10.72587874301184
1516.6,10.704091661931106
1516.8,10.75675946630631
1517.0,11.07342337273574
1517.2,10.551075353412237
1517.4,10.680566510387893
1517.6,10.890164787653822
1517.8,10.914634774043293
1518.0,11.064087118722956
1518.2,10.626177964919545
1518.4,11.015761016832
1518.6,10.334873535483224
1518.8,11.043102198517772
1519.0,11.280019645586101
1519.2,10.90149225855368
1519.4,11.123563414094857
1519.6,11.199268382754749
1519.8,11.28261711708467
1520.0,11.3094834979822
1520.2,11.094115704548503
1520.4,11.290359232228903
1520.6,11.00485853126439
1520.8,11.679383432691901
1521.0,11.781577750907516
1521.2,11.471514455489363
1521.4,11.389707065522858
1521.6,11.094678490010345
1521.8,11.328073949827447
1522.0,11.185690558797972
1522.2,11.466055604032801
1522.4,11.408198957135575
1522.6,11.563642459414673
1522.8,11.777161268549936
1523.0,11.107766383647665
1523.2,11.31308940925976
1523.4,11.759088075257171
1523.6,11.34743579782252
1523.8,11.589555558700235
1524.0,11.02676078989031
1524.2,10.494501687025394
1524.4,11.419371899896845
1524.6,11.380343460522935
1524.8,11.195469906373546
1525.0,10.864971564001136
1525.2,11.004927150477206
1525.4,11.591687287252224
1525.6,11.52806732423052
1525.8,11.025900977548481
1526.0,11.471552179787803
1526.2,10.865144007451406
1526.4,11.229243553182936
1526.6,11.235845067829235
1526.8,11.296903987590278
1527.0,11.71076369446833
1527.2,11.336242656093525
1527.4,11.279203424497544
1527.6,11.556794408722826
1527.8,11.11505833782913
1528.0,11.183340766509282
1528.2,11.788043306484308
1528.4,11.14622874871415
1528.6,11.168245160817499
1528.8,11.05514681229897
1529.0,11.158592241869258
1529.2,10.827186270410072
1529.4,11.253634639510588
1529.6,10.361615715845849
1529.8,10.320245592712476
1530.0,10.52009714730053
1530.2,10.029849790997297
1530.4,9.815444079712355
1530.6,9.832546687826685
1530.8,10.18749700456707
1531.0,9.813483432233404
1531.2,10.772392491773903
1531.4,10.268993044390813
1531.6,9.966201027016202
1531.8,10.717691301543663
1532.0,10.333093502237425
1532.2,11.096427853587027
1532.4,10.646962544760768
1532.6,10.20173736280153
1532.8,11.112201877790325
1533.0,9.920762273218388
1533.2,10.00028717011025
1533.4,10.766720142082056
1533.6,11.028349425384656
1533.8,13.463854583308056
1534.0,12.685013081595784
1534.2,12.673935867720168
1534.4,14.00841205829995
1534.6,14.477628848608454
1534.8,14.382884984846704
1535.0,13.960808076580292
1535.2,14.370748381855996
1535.4,14.511393895593493
1535.6,14.121055018988455
1535.8,12.89944870803097
1536.0,14.047592742441466
1536.2,14.355264633332236
1536.4,13.819474267650627
1536.6,13.95765210959491
1536.8,15.856861955541007
1537.0,16.558680767362908
1537.2,15.805231857320148
1537.4,17.494071880821362
1537.6,16.272108102477727
1537.8,16.296118239543485
1538.0,17.395562296844012
1538.2,18.65589287115054
1538.4,17.841921937414774
1538.6,17.192035960132444
1538.8,17.042441247030627
1539.0,16.959566674248844
1539.2,17.70831825136912
1539.4,17.614354979859588
1539.6,16.610250414997733
1539.8,18.117252101178284
1540.0,18.57981983535356
1540.2,17.2097807028509
1540.4,15.752220319775834
1540.6,14.966400054647353
1540.8,14.863330194497399
1541.0,14.916360942262996
1541.2,16.29130403669663
1541.4,16.184639369188176
1541.6,16.715481242728355
1541.8,15.935954282158669
1542.0,14.837011323869152
1542.2,14.685104326591524
1542.4,15.355895102984526
1542.6,16.11740218485496
1542.8,15.0766982757379
1543.0,14.712774782958782
1543.2,13.503972958768568
1543.4,15.074652749347104
1543.6,15.856082474105872
1543.8,17.897325409247497
1544.0,16.04677943293565
1544.2,14.126408491300724
1544.4,13.33918793997391
1544.6,12.908578698374706
1544.8,12.442400541844043
1545.0,12.739849569978123
1545.2,13.701751502201802
1545.4,15.120662840713113
1545.6,14.669374891596618
1545.8,16.12898753394127
1546.0,15.605636097078177
1546.2,16.783521859740812
1546.4,16.494316757203546
1546.6,15.27559329605218
1546.8,15.45434127528932
1547.0,15.515626483629323
1547.2,15.228380888151612
1547.4,15.066187932062503
1547.6,14.708969754282972
1547.8,14.648312897222485
1548.0,13.397522458384524
1548.2,14.741794677145425
1548.4,12.32101918225016
1548.6,13.472385488036071
1548.8,14.736555333634342
1549.0,14.77194430200605
1549.2,15.083496292709091
1549.4,16.708692416985798
1549.6,16.0976592710851
1549.8,16.301291859476393
1550.0,16.524059616443342
1550.2,16.78043554321341
1550.4,16.449567945274154
1550.6,16.33153757195403
1550.8,15.902832705692436
1551.0,16.934618335657188
1551.2,15.662830706844122
1551.4,14.625138504793302
1551.6,15.194868428887585
1551.8,15.705817587377142
1552.0,15.118587903865198
1552.2,15.414736444819292
1552.4,13.084519920241238
1552.6,13.655126710184348
1552.8,12.95132999924014
1553.0,13.271192020769858
1553.2,13.773634044977086
1553.4,13.285753717898462
1553.6,13.88514596137993
1553.8,13.607322686901295
1554.0,13.558981948351846
1554.2,13.400689071367024
1554.4,12.637888695984918
1554.6,14.478052154226367
1554.8,13.110501311429594
1555.0,13.721514553314664
1555.2,14.225874536807927
1555.4,12.57994000984916
1555.6,11.757793848096798
1555.8,12.457720894429578
1556.0,12.018652174842702
1556.2,12.063876912514699
1556.4,12.045857365389507
1556.6,11.088913945404354
1556.8,12.036107906782195
1557.0,12.432792970673008
1557.2,12.477473007316807
1557.4,12.11982396397242
1557.6,11.489782318324448
1557.8,11.341143805897413
1558.0,11.65325198901603
1558.2,10.806401459046644
1558.4,10.742193132093297
1558.6,11.92366192649278
1558.8,11.927647259161937
1559.0,12.634995888690915
1559.2,13.368838849227684
1559.4,13.921096878434376
1559.6,13.377071693673416
1559.8,11.829398003050159
1560.0,12.72456259294126
1560.2,13.137081019955923
1560.4,13.010063683557252
1560.6,13.005574337078862
1560.8,13.971593095191867
1561.0,16.194130942374784
1561.2,15.518084854268
1561.4,15.063642881943174
1561.6,12.177875644925525
1561.8,13.173966170563872
1562.0,13.700873802400427
1562.2,14.226580830735662
1562.4,14.736689289719635
1562.6,16.287459508749453
1562.8,15.970368587053867
1563.0,15.472402655983403
1563.2,13.631004535002143
1563.4,12.413127172892
1563.6,12.104509627181546
1563.8,11.788189690690906
1564.0,13.002556914253665
1564.2,12.983162930217391
1564.4,14.929337188570319
1564.6,13.543829357064084
1564.8,13.160790144054829
1565.0,13.349726588930334
1565.2,12.925522412843222
1565.4,13.411434547797922
1565.6,13.975043367391063
1565.8,14.093917359126937
1566.0,13.124513992304909
1566.2,13.163768958502189
1566.4,13.225221258091771
1566.6,14.152923089957412
1566.8,14.212237763559788
1567.0,14.197006819445683
1567.2,12.93370511559575
1567.4,12.949737948652395
1567.6,13.67594074503915
1567.8,15.364291048231474
1568.0,14.564507952335184
1568.2,15.028546911304879
1568.4,15.400815923649596
1568.6,16.767338136703774
1568.8,15.470565962998764
1569.0,14.81654812218398
1569.2,14.606060544296644
1569.4,14.455561788853487
1569.6,15.66190906903257
1569.8,15.859029252232533
1570.0,15.85318903896112
1570.2,15.65672556221811
1570.4,15.974448576611923
1570.6,16.01158644342673
1570.8,15.300442457746183
1571.0,15.782196348969656
1571.2,14.33882945369286
1571.4,14.801734971082306
1571.6,13.777549886162463
1571.8,13.9207399606829
1572.0,14.374858865579512
1572.2,14.919032413585223
1572.4,14.61994033002849
1572.6,13.745602989641142
1572.8,13.112664935982593
1573.0,12.013911450972707
1573.2,12.776324299618967
1573.4,11.507237584174469
1573.6,13.808748404482458
1573.8,13.224852664433275
1574.0,13.733562753451093
1574.2,13.915680504511013
1574.4,13.101975828807051
1574.6,12.547324544509804
1574.8,12.90897994929782
1575.0,13.012385298988157
1575.2,13.120100345934349
1575.4,13.549467458917974
1575.6,13.065660441336075
1575.8,12.821680622193526
1576.0,12.88262061684618
1576.2,12.362982689867248
1576.4,12.709590861516018
1576.6,12.663409030177878
1576.8,13.371285296518444
1577.0,12.600677277110117
1577.2,12.773618207288875
1577.4,11.544356511014639
1577.6,12.614856774734218
1577.8,12.59120764020527
1578.0,11.225284898809491
1578.2,12.404563836978522
1578.4,12.67917968405601
1578.6,12.588479310664598
1578.8,12.55914634973518
1579.0,13.093259338036354
1579.2,13.420770846885619
1579.4,12.964258521745414
1579.6,12.780563604007135
1579.8,12.918400366426145
1580.0,12.75773349559254
1580.2,13.030083376950818
1580.4,13.029916337538307
1580.6,12.974719504979495
1580.8,12.931592676104408
1581.0,12.458172002803845
1581.2,13.007634031782176
1581.4,12.52668057078153
1581.6,13.091239497604203
1581.8,13.287510409849174
1582.0,12.932584571177909
1582.2,12.936038973645267
1582.4,13.031010793638751
1582.6,13.074175954224636
1582.8,12.079817446935772
1583.0,11.88871050594911
1583.2,12.533394937651586
1583.4,12.240233402956006
1583.6,12.313939873133577
1583.8,12.248309151569078
1584.0,12.659004580351956
1584.2,12.921244637391716
1584.4,13.01354133308891
1584.6,12.964238444584694
1584.8,12.31708970502666
1585.0,13.41705449616719
1585.2,13.584413267855416
1585.4,13.243137995089159
1585.6,12.678651806062344
1585.8,13.088202689264747
1586.0,13.553522550660988
1586.2,13.536034178811784
1586.4,13.125318637009709
1586.6,13.160113328550459
1586.8,12.104282352036604
1587.0,12.511823292439159
1587.2,13.000966843300771
1587.4,12.158282648028413
1587.6,12.005677369093517
1587.8,13.189991225849582
1588.0,13.521342362100473
1588.2,13.381686873660337
1588.4,13.470023603878651
1588.6,13.067005626507322
1588.8,13.45748828690914
1589.0,14.002294762357119
1589.2,12.571142085128697
1589.4,14.039438418876792
1589.6,13.870000035019068
1589.8,13.235991456915254
1590.0,13.574799519814318
1590.2,12.621156654594294
1590.4,13.413026217253671
1590.6,13.313239106877678
1590.8,13.521427021755603
1591.0,13.264696119284963
1591.2,13.991764889084042
1591.4,13.46199067498362
1591.6,13.134074852321849
1591.8,13.566841270714802
1592.0,12.812082748460709
1592.2,13.268578244425047
1592.4,12.662405868362717
1592.6,13.444210301715554
1592.8,12.204618162676542
1593.0,11.689549393339938
1593.2,12.193778269716837
1593.4,10.719847521838492
1593.6,10.35254999110701
1593.8,11.149593313214003
1594.0,10.178441744017093
1594.2,10.225021536384597
1594.4,11.020472062487759
1594.6,10.619586194519856
1594.8,11.314984332183629
1595.0,11.799374384460414
1595.2,11.86257457515664
1595.4,11.640290517091355
1595.6,10.99168397006882
1595.8,11.050127537483018
1596.0,11.043787349560215
1596.2,10.688777990225306
1596.4,11.842781207622487
1596.6,12.429706654103887
1596.8,10.448644856902883
1597.0,11.177592710193862
1597.2,11.014518320218883
1597.4,11.28392745807288
1597.6,10.620979687392506
1597.8,10.750731357617552
1598.0,10.401571140923721
1598.2,10.80473806905375
1598.4,11.150246038189923
1598.6,10.819044145330652
1598.8,12.348078713457939
1599.0,12.103317899955634
1599.2,12.937922073890757
1599.4,11.940794341703265
1599.6,11.297483741314629
1599.8,11.63544947793042
1600.0,13.08274264099476
1600.2,12.637529588562462
1600.4,11.903514854641077
1600.6,11.886784269187237
1600.8,11.85089524353655
1601.0,10.911365586986632
1601.2,11.010008094734278
1601.4,10.96653308283919
1601.6,11.034331683678086
1601.8,11.179458878420718
1602.0,10.68022615041013
1602.2,12.268199609447743
1602.4,11.500603517197451
1602.6,11.751834981565397
1602.8,12.696447258273347
1603.0,13.629484624965606
1603.2,13.903816175205979
1603.4,12.499928462698106
1603.6,13.351585156343015
1603.8,13.171092587221612
1604.0,12.212366870555337
1604.2,12.068221599930983
1604.4,12.811252010977379
1604.6,12.276798647956895
1604.8,13.11108016378981
1605.0,12.6360334886433
1605.2,12.841096750431575
1605.4,13.178065517626168
1605.6,13.458263003291151
1605.8,13.7984956339404
1606.0,14.518359734526324
1606.2,13.198431972774884
1606.4,12.710075537780375
1606.6,12.801856036676625
1606.8,13.23589570722836
1607.0,12.562970859201432
1607.2,12.408195700116577
1607.4,12.21270743030959
1607.6,11.640223070149995
1607.8,11.282431177221552
1608.0,11.336236945778943
1608.2,11.260663152368796
1608.4,11.357424653804602
1608.6,10.511049438166891
1608.8,11.829434504433525
1609.0,11.255256379491792
1609.2,11.99393815163318
1609.4,11.69729688425447
1609.6,11.32830992654794
1609.8,11.413967565255579
1610.0,11.233589894936562
1610.2,11.861883100902304
1610.4,12.218215419944611
1610.6,12.539983952295783
1610.8,12.19135915683978
1611.0,12.951079680869766
1611.2,12.49086943787258
1611.4,12.515259926315029
1611.6,12.864739797897254
1611.8,11.522496145852259
1612.0,11.48780266986832
1612.2,11.488703928333342
1612.4,11.28682316638252
1612.6,11.542006746035515
1612.8,10.965935658557786
1613.0,11.855862879849868
1613.2,12.78558149348843
1613.4,16.02449468405633
1613.6,14.905186051456587
1613.8,14.604996896468247
1614.0,14.462086673586992
1614.2,15.226899116906994
1614.4,13.734800310563667
1614.6,15.38625741375444
1614.8,14.62459445192871
1615.0,13.7885486361842
1615.2,13.809069294938286
1615.4,14.941410371071246
1615.6,15.031983931826948
1615.8,15.125556499470658
1616.0,14.440778549804733
1616.2,15.4863984407616
1616.4,15.21714965649741
1616.6,16.18497289987075
1616.8,16.114300644645375
1617.0,16.858108625710663
1617.2,15.97368394593623
1617.4,15.57907377415039
1617.6,16.84618331573354
1617.8,16.78262888939916
1618.0,13.943541795563847
1618.2,13.41335319249004
1618.4,13.051289380082512
1618.6,13.183486261505099
1618.8,15.19600310036174
1619.0,13.259330454797952
1619.2,14.246091714815261
1619.4,15.058667024115897
1619.6,15.17687599640576
1619.8,13.365213631943861
1620.0,14.648118040422322
1620.2,14.051470610762586
1620.4,13.707123260499364
1620.6,14.360169983023853
1620.8,13.700263328435764
1621.0,13.554117110466278
1621.2,13.25477784039084
1621.4,12.641158464485065
1621.6,12.314867070644066
1621.8,11.993617802692428
1622.0,12.846342170262279
1622.2,14.094649759274532
1622.4,15.776160264474658
1622.6,15.303469064862817
1622.8,14.716633441861532
1623.0,15.339220314169193
1623.2,16.51910772466442
1623.4,16.125482954014167
1623.6,14.913059906197423
1623.8,14.481382995559741
1624.0,14.687624795648011
1624.2,14.14900880459744
1624.4,13.430097075115954
1624.6,12.694673823048655
1624.8,14.101705009901552
1625.0,12.473459360454521
1625.2,13.43337587663845
1625.4,12.505754285001508
1625.6,12.489849840860234
1625.8,12.649144922161495
1626.0,11.811625097908108
1626.2,12.060768706162065
1626.4,11.708114814045675
1626.6,12.146410792546456
1626.8,11.463594358516449
1627.0,11.785083006381583
1627.2,11.515179103439873
1627.4,13.116668521496935
1627.6,13.78945900259116
1627.8,12.819750620034014
1628.0,12.122096256158494
1628.2,11.669668972167864
1628.4,11.077948941458589
1628.6,11.185030570653716
1628.8,11.552453865944196
1629.0,11.590614277369141
1629.2,11.432565706056899
1629.4,11.75026797311465
1629.6,11.820476365758728
1629.8,12.192406865347658
1630.0,12.27447347873525
1630.2,12.899019109886034
1630.4,12.252835321112691
1630.6,13.390202543013913
1630.8,12.425173932477783
1631.0,13.293561745948049
1631.2,14.329512463033476
1631.4,14.876304874281637
1631.6,15.375424234704237
1631.8,14.006404512741517
1632.0,13.545654371055676
1632.2,12.949164876830757
1632.4,12.930897621912965
1632.6,12.109116186354827
1632.8,11.291095230477492
1633.0,10.867172565202132
1633.2,10.04898016116324
1633.4,9.603226628527347
1633.6,9.517280840237563
1633.8,9.518066574390181
1634.0,9.540660437279758
1634.2,9.435603384957735
1634.4,9.69700037205486
1634.6,10.09354747180167
1634.8,10.20656550566623
1635.0,10.448989228058696
1635.2,10.10339200925956
1635.4,10.041259184544328
1635.6,10.634386424856695
1635.8,10.086070320033153
1636.0,9.72797504569763
1636.2,9.634396803822302
1636.4,9.317137198431396
1636.6,9.669826250273038
1636.8,9.30559195243697
1637.0,10.121743238392442
1637.2,9.95910980773782
1637.4,9.969589139546464
1637.6,10.077025720348656
1637.8,10.253056918289786
1638.0,10.351446703676446
1638.2,10.04358718054059
1638.4,9.778051764334972
1638.6,9.6646322365233
1638.8,10.274883124680606
1639.0,9.968422353485705
1639.2,10.349863955508843
1639.4,9.525660548305659
1639.6,9.645893213900308
1639.8,9.436867901444252
1640.0,9.428572939574927
1640.2,10.232202600638608
1640.4,9.710455208536997
1640.6,9.865342645451388
1640.8,10.200517014631254
1641.0,9.92866694182532
1641.2,10.473849330498005
1641.4,10.237597156451772
1641.6,10.002401044651581
1641.8,9.499667517099725
1642.0,9.484603964171356
1642.2,9.670456033328074
1642.4,9.648695924250795
1642.6,9.23044593157606
1642.8,9.388594506842768
1643.0,9.413269466033077
1643.2,9.543264745845727
1643.4,9.623680739930125
1643.6,9.366503962694747
1643.8,9.219869802181831
1644.0,9.46743462484296
1644.2,9.674526408356014
1644.4,9.57762746554753
1644.6,9.163943679954832
1644.8,9.273553250928696
1645.0,9.57529352353442
1645.2,9.41070911238261
1645.4,9.217808000033253
1645.6,9.450914258708195
1645.8,10.032711207766736
1646.0,9.532671581792446
1646.2,9.589947026484218
1646.4,9.702183401120394
1646.6,10.175084003553987
1646.8,9.801260384783001
1647.0,9.512191100360695
1647.2,9.85344001558958
1647.4,9.960299099399645
1647.6,10.101904628556555
1647.8,9.817048516706077
1648.0,9.57919944324553
1648.2,9.646668966526153
1648.4,9.417061272757007
1648.6,9.543192999805827
1648.8,10.188542204230275
1649.0,9.825665592567358
1649.2,9.762059666942578
1649.4,9.63438802722246
1649.6,9.620241022992527
1649.8,10.142351760535979
1650.0,10.384597839072281
1650.2,10.29482589080411
1650.4,10.377059283397053
1650.6,10.458582077469714
1650.8,10.590680636277439
1651.0,10.569810440999152
1651.2,9.765215431978998
1651.4,10.208346262569329
1651.6,9.976158542765555
1651.8,10.133617686882276
1652.0,9.833167808969188
1652.2,10.06711780705289
1652.4,9.964296291275524
1652.6,10.70266207074499
1652.8,10.313149055457878
1653.0,11.587516040000683
1653.2,11.17367934718331
1653.4,12.050439897813305
1653.6,12.544275919550195
1653.8,12.64369427430617
1654.0,15.039650987113177
1654.2,13.70083933036689
1654.4,13.983095142239216
1654.6,12.2766164215918
1654.8,12.112337122479511
1655.0,12.046874506338625
1655.2,12.913961728455977
1655.4,12.758879715635267
1655.6,11.97395463205125
1655.8,12.083701868530047
1656.0,12.356219981829444
1656.2,11.97312194868003
1656.4,12.507449994323807
1656.6,12.130687597606087
1656.8,12.097109827326749
1657.0,11.225216944954237
1657.2,9.88802876783687
1657.4,10.428928393008734
1657.6,10.648486795883866
1657.8,10.871397313035683
1658.0,10.528943883300357
1658.2,10.571731043558412
1658.4,11.582464082570016
1658.6,12.029722084753871
1658.8,10.828126546961856
1659.0,11.197802140321226
1659.2,11.820198385328638
1659.4,12.836768921178772
1659.6,13.01214330088482
1659.8,12.628334262512922
1660.0,13.402461020022674
1660.2,12.791419014169351
1660.4,13.09645898042779
1660.6,12.15787313604444
1660.8,12.826905600761826
1661.0,13.346443984906575
1661.2,12.462659553052266
1661.4,12.941493482452632
1661.6,12.41965196116726
1661.8,10.938213670832642
1662.0,10.807201587407036
1662.2,10.897273869183913
1662.4,11.58211524000992
1662.6,10.899919325522509
1662.8,10.053599519297723
1663.0,10.171989396640742
1663.2,10.755510570311074
1663.4,10.799897391830719
1663.6,11.259254053265348
1663.8,11.478572544772806
1664.0,10.703035221234025
1664.2,10.599584157235904
1664.4,10.099589786002714
1664.6,9.822896883496444
1664.8,9.65445059253841
1665.0,11.294630990509729
1665.2,12.874668948409774
1665.4,13.913060670865063
1665.6,13.91667752454196
1665.8,14.072061784510218
1666.0,14.449136619444019
1666.2,12.854601945972586
1666.4,14.058067170158468
1666.6,13.121552985247682
1666.8,13.234719365143652
1667.0,14.25254190453174
1667.2,13.332509124637173
1667.4,13.022342030558608
1667.6,12.68571739896932
1667.8,12.6816095702625
1668.0,13.12908133144412
1668.2,14.287559677679717
1668.4,13.965822633015868
1668.6,14.020225529082397
1668.8,12.383086106533224
1669.0,12.373086203705128
1669.2,12.574118664719636
1669.4,13.160887670365115
1669.6,12.664871727802172
1669.8,10.578309027499863
1670.0,11.618071975382387
1670.2,11.768305177120466
1670.4,12.912787304878279
1670.6,13.167224679238492
1670.8,13.262565209984857
1671.0,13.713303629205543
1671.2,14.270780628666328
1671.4,14.30588441017181
1671.6,12.173820201951377
1671.8,11.547548857660408
1672.0,12.552924331636659
1672.2,11.830490484763427
1672.4,11.187737352088714
1672.6,11.25836453929078
1672.8,13.049640539542246
1673.0,13.950640743480733
1673.2,14.252367467135139
1673.4,13.685909408173192
1673.6,13.201149902887428
1673.8,12.50217294278569
1674.0,12.584621608056157
1674.2,12.077950887672335
1674.4,12.868666296682216
1674.6,12.59617026134978
1674.8,11.321221908774305
1675.0,11.019186896762957
1675.2,10.86606666597328
1675.4,10.937224152558807
1675.6,10.589778750831925
1675.8,13.164598912069142
1676.0,13.877154338600029
1676.2,13.399678052654059
1676.4,13.345906054884175
1676.6,13.533681879441593
1676.8,14.26567876846921
1677.0,14.52559092388346
1677.2,14.08006206898972
1677.4,14.363321390988235
1677.6,13.70092459113556
1677.8,13.59335487657064
1678.0,13.064538699694692
1678.2,13.072854054073934
1678.4,12.1845312907859
1678.6,12.77350892062689
1678.8,12.717174948519022
1679.0,12.55283410396839
1679.2,12.534551169222892
1679.4,11.77087057428011
1679.6,12.799987148626787
1679.8,11.79863156845647
1680.0,12.944439598360058
1680.2,13.107933269736671
1680.4,12.46796584528597
1680.6,12.567855727179113
1680.8,12.398505449884299
1681.0,12.355573947546599
1681.2,12.838970650823711
1681.4,13.896106430162359
1681.6,12.800126442839847
1681.8,12.495028939312096
1682.0,12.603387002053033
1682.2,12.972385033041752
1682.4,14.178427124807328
1682.6,13.910100915985797
1682.8,13.56906602807921
1683.0,13.0144051255638
1683.2,12.081094603658148
1683.4,13.005307848058509
1683.6,13.236517626279191
1683.8,13.461928485352237
1684.0,13.170694766253403
1684.2,13.926297845242487
1684.4,13.171301155402762
1684.6,12.58470673059164
1684.8,12.497716420008691
1685.0,12.08036585935795
1685.2,11.574936574228847
1685.4,11.644076460108888
1685.6,12.425331271814715
1685.8,11.693862757149692
1686.0,11.45988590676897
1686.2,11.256693553614845
1686.4,11.394473116807704
1686.6,12.028244076766894
1686.8,11.447660234083726
1687.0,10.933538348465866
1687.2,11.408595751248784
1687.4,11.020611750950662
1687.6,11.178217587133044
1687.8,10.667656593187619
1688.0,10.761669101498201
1688.2,11.096148667106696
1688.4,10.80380970218602
1688.6,10.387142690774581
1688.8,10.273139101258703
1689.0,10.231878635177619
1689.2,10.711596566642935
1689.4,11.538972638340558
1689.6,10.91910598280571
1689.8,10.760730608957171
1690.0,13.082242700786368
1690.2,12.535282467191944
1690.4,10.445516255502792
1690.6,10.662952840530352
1690.8,10.25640656837493
1691.0,10.435868571339721
1691.2,10.372267254060626
1691.4,10.05890234406991
1691.6,9.696528455248602
1691.8,10.510285675897165
1692.0,10.940449506761967
1692.2,10.704636939066162
1692.4,9.938873219311109
1692.6,10.401914969484217
1692.8,10.359022564602077
1693.0,10.231839325291679
1693.2,10.662758452441206
1693.4,10.279698805320958
1693.6,10.490034218899627
1693.8,10.295060341711027
1694.0,10.562486705246638
1694.2,10.309430533545306
1694.4,11.202608932159318
1694.6,10.275837737313209
1694.8,10.420344042718268
1695.0,10.551604448026373
1695.2,10.595125322636745
1695.4,10.396911799359494
1695.6,10.864430663424056
1695.8,10.75249362815962
1696.0,10.456532449840978
1696.2,10.589529508468356
1696.4,10.10975353535443
1696.6,10.04428767927198
1696.8,10.619939334385755
1697.0,10.774692650073243
1697.2,10.668172519349007
1697.4,11.206968251370705
1697.6,11.333986353290049
1697.8,10.72081524603756
1698.0,10.603992505351144
1698.2,10.881922416876241
1698.4,10.89558243830698
1698.6,11.108732000144654
1698.8,10.994460828497605
1699.0,10.099352292351655
1699.2,10.200613671184795
1699.4,10.252034005311831
1699.6,11.336535533432526
1699.8,11.550572866337976
1700.0,12.139380357981418
1700.2,10.906927845314339
1700.4,11.901027414548228
1700.6,12.886494065927181
1700.8,11.917285136943992
1701.0,11.451545265648322
1701.2,11.061667122199362
1701.4,11.521094944069306
1701.6,12.22668327793847
1701.8,11.962663372891457
1702.0,12.077908843483243
1702.2,12.50148137842595
1702.4,13.696524386919364
1702.6,13.334624829538182
1702.8,12.858011757935287
1703.0,12.968218455782804
1703.2,13.205301513131278
1703.4,13.89174291903335
1703.6,12.767114644752164
1703.8,12.899961146163275
1704.0,12.809825541597322
1704.2,12.812764118167678
1704.4,12.24924873353368
1704.6,13.069424262512804
1704.8,13.658445903653265
1705.0,10.923691182643708
1705.2,11.770671864386399
1705.4,12.506344980810118
1705.6,12.998930179861638
1705.8,11.810094983300017
1706.0,11.21390270770476
1706.2,10.917337583157277
1706.4,10.766565246625714
1706.6,11.257928600506752
1706.8,10.653533085193718
1707.0,10.372256474862297
1707.2,10.331151342415072
1707.4,10.430968724956058
1707.6,10.08619760696858
1707.8,9.974855352897553
1708.0,10.26313381848442
1708.2,10.137966780387238
1708.4,10.637518640999168
1708.6,10.787654343449034
1708.8,11.20892919161874
1709.0,11.324534181156974
1709.2,10.645926259307858
1709.4,10.571619188719213
1709.6,10.43801657364635
1709.8,11.397804969737503
1710.0,10.659319474217577
1710.2,10.649216263252006
1710.4,10.508633914109337
1710.6,10.306265427336744
1710.8,11.333839246626823
1711.0,10.917526014339531
1711.2,11.268540572950949
1711.4,10.694852428362047
1711.6,9.643938469607681
1711.8,9.779634624892873
1712.0,9.671456966809636
1712.2,9.901394051665969
1712.4,10.079359951459917
1712.6,9.931971106373142
1712.8,10.805699438178957
1713.0,11.36154578522013
1713.2,11.319744689597801
1713.4,11.405981360425791
1713.6,12.272366606849241
1713.8,13.566680600143872
1714.0,11.057286861511509
1714.2,11.323656266008706
1714.4,10.777218202018389
1714.6,11.326062320271323
1714.8,11.172919200444145
1715.0,11.885696606276749
1715.2,11.342491103449232
1715.4,11.669312707036594
1715.6,11.91676379147173
1715.8,11.986564324424943
1716.0,11.57205616161403
1716.2,11.66445101432033
1716.4,11.416597594797045
1716.6,11.090030181853926
1716.8,11.260347386705156
1717.0,11.269368835933538
1717.2,10.651278585544667
1717.4,11.243930981868173
1717.6,11.391302424915066
1717.8,12.424563508840372
1718.0,11.801120056149122
1718.2,12.875590671349302
1718.4,14.925687980495097
1718.6,14.06439638445687
1718.8,14.820893200747914
1719.0,13.226400903178204
1719.2,15.085484954795492
1719.4,14.145299844967141
1719.6,14.109891905918428
1719.8,12.892799250009846
1720.0,11.597234637890583
1720.2,12.294964465449192
1720.4,12.229503697512174
1720.6,11.789434703417543
1720.8,10.326540143419532
1721.0,10.496614304099365
1721.2,10.490439847467862
1721.4,9.686051568067569
1721.6,9.554971933830046
1721.8,9.644257421758672
1722.0,9.567594201482818
1722.2,10.712039484411939
1722.4,10.640105484206654
1722.6,11.22771705937977
1722.8,11.028306035854975
1723.0,10.80131743269799
1723.2,11.619416695510147
1723.4,11.02860359039912
1723.6,11.45206830907119
1723.8,11.244874023854583
1724.0,10.912854685217507
1724.2,10.429110719378178
1724.4,9.98589644326392
1724.6,10.428868751756482
1724.8,10.478466146326053
1725.0,11.081955200103561
1725.2,10.964670403919452
1725.4,11.47531149339162
1725.6,11.44674981353961
1725.8,10.915206764480272
1726.0,10.86099688993741
1726.2,10.920146055931369
1726.4,11.059398484270853
1726.6,10.646186596667448
1726.8,10.849867063363316
1727.0,11.286854207517552
1727.2,10.990114315935598
1727.4,10.882739071253596
1727.6,11.120395189467216
1727.8,10.811620941356978
1728.0,10.912520600619693
1728.2,10.4316972265081
1728.4,10.547045761947402
1728.6,10.399503326814605
1728.8,10.397415290322803
1729.0,10.612229010371104
1729.2,10.733125290507449
1729.4,11.096461017579088
1729.6,11.148764774974076
1729.8,10.869175643620828
1730.0,11.215686817389155
1730.2,10.770764714681164
1730.4,10.700274942172207
1730.6,10.878655705612223
1730.8,10.83108300450596
1731.0,10.06189886189842
1731.2,10.137781821151343
1731.4,10.341807349219152
1731.6,10.696329553468864
1731.8,10.961698554649937
1732.0,10.589698942337462
1732.2,10.295431218566812
1732.4,10.998221620341686
1732.6,10.892756604537526
1732.8,10.861641236983546
1733.0,10.783612534603513
1733.2,10.849041865409475
1733.4,10.505104169409787
1733.6,11.312315971990824
1733.8,12.768979541104528
1734.0,12.572697719849383
1734.2,13.05736443513412
1734.4,13.451583710206933
1734.6,14.005402956322401
1734.8,12.60448891174641
1735.0,13.079962492557339
1735.2,13.992779572776923
1735.4,13.340511784046733
1735.6,14.282062756594705
1735.8,14.73160439455252
1736.0,13.670770189013615
1736.2,13.665782654131249
1736.4,13.476274711860611
1736.6,14.51793632250058
1736.8,14.060189033376101
1737.0,15.368605943925793
1737.2,14.510804646923894
1737.4,13.852327638451822
1737.6,13.592836024788648
1737.8,13.498343096305438
1738.0,13.150989985853148
1738.2,14.630478493877618
1738.4,13.22128088320876
1738.6,12.07482169510056
1738.8,12.607213914434926
1739.0,12.877625474013554
1739.2,12.947110599074128
1739.4,11.031815010720727
1739.6,11.0460994309381
1739.8,10.497095310652833
1740.0,11.179199119134724
1740.2,11.87182085953021
1740.4,11.99528475710796
1740.6,13.142185548028397
1740.8,13.258598078507953
1741.0,15.058151487579902
1741.2,15.603599934733559
1741.4,14.873254029294024
1741.6,15.578361369677014
1741.8,15.30300233504284
1742.0,14.80101651595474
1742.2,17.022398655669587
1742.4,18.545721083657803
1742.6,17.254405324234973
1742.8,15.269050030479647
1743.0,15.410527335817028
1743.2,14.644977184646898
1743.4,15.151962199133761
1743.6,17.403114790579508
1743.8,17.500504469726632
1744.0,16.01540931110311
1744.2,16.665229483246947
1744.4,16.21315563666363
1744.6,17.082051920435195
1744.8,15.545794235571751
1745.0,14.954001842781587
1745.2,15.68313575737138
1745.4,17.194646337497637
1745.6,16.832829019074786
1745.8,14.82060294443758
1746.0,14.871162797248491
1746.2,16.02601371345645
1746.4,14.378417529414488
1746.6,14.845682334410826
1746.8,13.621441104536647
1747.0,14.764894803443951
1747.2,14.02030225982912
1747.4,14.87458362944662
1747.6,14.094396480501416
1747.8,15.070849218951885
1748.0,14.855517319612332
1748.2,13.78700917359717
1748.4,13.775832447520113
1748.6,14.629818737047533
1748.8,13.891634279864464
1749.0,14.278497211895262
1749.2,14.730745151445818
1749.4,15.93743835671032
1749.6,14.669834011172254
1749.8,14.91795309889513
1750.0,14.852168099977618
1750.2,16.408759799355405
1750.4,15.578758071852922
1750.6,15.845871738338108
1750.8,17.273309896950245
1751.0,16.220768237099318
1751.2,14.624169768239103
1751.4,14.838926098703158
1751.6,15.131374666789132
1751.8,15.335137524501192
1752.0,16.074380767037933
1752.2,16.85053695276579
1752.4,15.968521841511187
1752.6,16.243035036538025
1752.8,15.808976206322903
1753.0,14.175826669265156
1753.2,14.607126803908015
1753.4,15.045910238547977
1753.6,14.454336309227664
1753.8,15.255240025697251
1754.0,16.37773076360312
1754.2,16.420216824321827
1754.4,15.592534737422476
1754.6,15.053060155092803
1754.8,16.244114574169615
1755.0,16.315123682746027
1755.2,17.595308281715706
1755.4,16.86209456249985
1755.6,14.13730428245691
1755.8,14.415133716003632
1756.0,15.04453858126691
1756.2,13.528428211446533
1756.4,13.612519285983964
1756.6,14.52758369523101
1756.8,14.105246386946494
1757.0,13.622601043915052
1757.2,14.261500406814196
1757.4,14.30428840818611
1757.6,15.360155506603412
1757.8,15.427938694520522
1758.0,13.837931241073615
1758.2,13.403273187475946
1758.4,14.424878661640662
1758.6,14.287298976537016
1758.8,15.777094414183876
1759.0,16.107237672030934
1759.2,16.06818508453439
1759.4,17.1494334889743
1759.6,18.158759083894825
1759.8,16.327443808718844
1760.0,15.317088520867381
1760.2,15.299471134879497
1760.4,14.174375549613124
1760.6,14.200392697188718
1760.8,14.925162274430585
1761.0,14.154199155523116
1761.2,14.99272210089787
1761.4,12.687870217651316
1761.6,12.03291684687204
1761.8,11.83232999964654
1762.0,11.440581428741979
1762.2,11.836168247072855
1762.4,11.677950517622072
1762.6,11.613304541356868
1762.8,11.72089250551811
1763.0,11.987563906978204
1763.2,11.795397553141054
1763.4,12.263080894472875
1763.6,12.134455762961329
1763.8,11.513527486406616
1764.0,12.750152329693927
1764.2,12.24545834883385
1764.4,13.780947649439433
1764.6,13.765387269899449
1764.8,13.389780445491414
1765.0,13.7181142164028
1765.2,13.427387474732592
1765.4,12.089082841909779
1765.6,12.584226107463339
1765.8,12.084803724594648
1766.0,12.836515659011695
1766.2,13.073799303259523
1766.4,13.02603098540583
1766.6,12.779475083916774
1766.8,12.827092197968293
1767.0,12.102810506431435
1767.2,12.753105535585892
1767.4,12.678697389301197
1767.6,12.313240077152269
1767.8,12.812212144776211
1768.0,13.160853808807932
1768.2,11.94580450563796
1768.4,11.915757250314407
1768.6,11.26594562050476
1768.8,12.325497332939142
1769.0,12.427606808674911
1769.2,12.157197571036232
1769.4,11.98669760090284
1769.6,13.730133717252572
1769.8,13.271805888708547
1770.0,13.89001461522788
1770.2,12.918521814021995
1770.4,13.02723390939738
1770.6,11.649568576089138
1770.8,12.393785406861635
1771.0,12.660668979715922
1771.2,12.50126071755476
1771.4,11.966227513715872
1771.6,11.963985338142402
1771.8,11.199160621255118
1772.0,12.722147217144732
1772.2,11.30656488578117
1772.4,10.119250027024915
1772.6,10.06083593336303
1772.8,10.403166221496726
1773.0,9.669367540584894
1773.2,9.54990813998463
1773.4,9.387678902602346
1773.6,9.443578716881529
1773.8,9.619877166508266
1774.0,9.775178349043149
1774.2,9.554739182665568
1774.4,9.61751561268172
1774.6,9.64142612309153
1774.8,9.437147612060498
1775.0,9.61888962491953
1775.2,9.428734879586061
1775.4,9.441612723432906
1775.6,9.581134236630934
1775.8,9.6377995078361
1776.0,9.518724922470739
1776.2,9.668469674964918
1776.4,9.817393503766015
1776.6,9.942407900697441
1776.8,9.92957804676223
1777.0,9.59357833710261
1777.2,9.90325554151587
1777.4,10.614581834185996
1777.6,11.394453343483114
1777.8,11.255424166188172
1778.0,11.118270520653038
1778.2,10.621379258383152
1778.4,11.305248999625109
1778.6,10.628339575323999
1778.8,10.647100334631839
1779.0,11.359107476774174
1779.2,11.468521404347102
1779.4,11.591036239234576
1779.6,12.198843340248029
1779.8,11.023613675624677
1780.0,11.489031208290717
1780.2,10.900429256753627
1780.4,10.202638084799574
1780.6,9.909192334999888
1780.8,10.593600084266184
1781.0,10.660488325753963
1781.2,10.478336042683637
1781.4,10.411578450923646
1781.6,9.905470495676722
1781.8,10.43962365756081
1782.0,10.043781886001092
1782.2,10.223260029589742
1782.4,10.66839859913635
1782.6,10.416411949612423
1782.8,10.891721174961473
1783.0,10.455035321759905
1783.2,11.134516729806512
1783.4,11.03163769818112
1783.6,12.939746405081875
1783.8,11.782350715101579
1784.0,12.848075278931377
1784.2,12.143628842573653
1784.4,11.808522564281233
1784.6,11.949893996873762
1784.8,13.32557545438232
1785.0,13.096500955271688
1785.2,12.533740812866112
1785.4,11.535041020314253
1785.6,11.55579102640682
1785.8,10.674001531179385
1786.0,10.140743566025058
1786.2,9.469204313806033
1786.4,9.613345621212643
1786.6,9.665088267041014
1786.8,10.64736464502266
1787.0,11.507266767017688
1787.2,11.792661314177897
1787.4,10.491238671661359
1787.6,10.59761092009195
1787.8,11.134887548495644
1788.0,11.20265604540662
1788.2,11.305402049146418
1788.4,11.910339036660066
1788.6,11.31893471697633
1788.8,11.672472183748175
1789.0,12.270199360092791
1789.2,11.679507593297117
1789.4,11.085421656620873
1789.6,12.860449143076542
1789.8,10.917923549945199
1790.0,10.402172936368913
1790.2,10.87616697551418
1790.4,10.975910027196367
1790.6,10.469005888394598
1790.8,10.88095532771533
1791.0,11.358321820947783
1791.2,11.800828999177984
1791.4,12.065530953350274
1791.6,12.671517465448428
1791.8,11.981557343157714
1792.0,10.967196965800577
1792.2,10.889358233379578
1792.4,11.390241976885257
1792.6,11.023247242794332
1792.8,11.243092715292342
1793.0,11.355043075000745
1793.2,11.414499909891127
1793.4,10.82884554934056
1793.6,10.98189338537225
1793.8,10.827588043588213
1794.0,11.33767076578254
1794.2,12.433553853251604
1794.4,12.834857916817251
1794.6,13.116534736915309
1794.8,12.300529550634023
1795.0,12.597554806795323
1795.2,11.802721548369979
1795.4,11.965277506047105
1795.6,10.861136130851069
1795.8,10.290638671842828
1796.0,10.410765966361238
1796.2,10.26469357392722
1796.4,11.269199136378198
1796.6,9.712884443272944
1796.8,9.564715386604297
1797.0,10.13467456896512
1797.2,9.714574916851886
1797.4,10.155164501741382
1797.6,10.688202669702367
1797.8,9.918126417536914
1798.0,11.351162760779626
1798.2,11.830125141758376
1798.4,11.1951827205359
1798.6,11.33005778583566
1798.8,10.236625270013096
1799.0,10.433219823065896
1799.2,10.624062728638041
1799.4,10.493744711185704
1799.6,10.32397048783718
1799.8,10.382741697971161
1800.0,10.735091929046703
1800.2,11.337517327821132
1800.4,9.971892793050767
1800.6,9.887900837818258
1800.8,10.131339024438962
1801.0,10.20207292537699
1801.2,9.922029059518435
1801.4,10.011712412179023
1801.6,9.92890460378261
1801.8,9.514954035115355
1802.0,9.914229180779591
1802.2,10.027412673790773
1802.4,9.418675248139026
1802.6,9.820645796281266
1802.8,9.474721958275401
1803.0,9.516569867966814
1803.2,9.219980664695033
1803.4,9.426948335078633
1803.6,9.43383747669643
1803.8,9.447014284059206
1804.0,9.272808838454802
1804.2,9.298842274192769
1804.4,9.265682403744842
1804.6,8.998668938925366
1804.8,9.26525539152937
1805.0,9.238730372522435
1805.2,9.302471509673012
1805.4,9.936789486706449
1805.6,10.842683747000716
1805.8,9.821037723256488
1806.0,10.559585893052198
1806.2,10.64024434174934
1806.4,9.896759340536901
1806.6,9.991078848324479
1806.8,10.799963594020072
1807.0,10.169207844393288
1807.2,10.296733850681763
1807.4,10.463510092031932
1807.6,9.900592705090537
1807.8,10.09476768014187
1808.0,10.501655140141718
1808.2,10.055488357154266
1808.4,10.667241242024357
1808.6,11.147071132589065
1808.8,11.23188389363788
1809.0,10.60804192792278
1809.2,10.70577446249664
1809.4,10.060126569271103
1809.6,10.508147128257397
1809.8,10.660635147755727
1810.0,11.087273213547427
1810.2,11.020586565353664
1810.4,10.30251649009218
1810.6,10.177806336459616
1810.8,10.285324895609643
1811.0,10.587744989011217
1811.2,10.541842383252117
1811.4,10.626735299248944
1811.6,10.577267748544102
1811.8,10.35549565392908
1812.0,11.319597845575258
1812.2,10.34643595891427
1812.4,9.98616536516182
1812.6,10.813148389708132
1812.8,11.308289080625327
1813.0,11.703393039026588
1813.2,10.825662502583471
1813.4,10.87555273859557
1813.6,10.536540472781953
1813.8,10.44384793732948
1814.0,11.305777011023979
1814.2,10.961138347908001
1814.4,10.670081668858773
1814.6,10.552777750778915
1814.8,10.327827013586424
1815.0,10.291854945235839
1815.2,10.118417965091847
1815.4,9.913152299761435
1815.6,10.285782757175689
1815.8,10.442959322910415
1816.0,10.020549931419405
1816.2,9.531777782445944
1816.4,9.264925011662388
1816.6,9.519905443668499
1816.8,9.81476864147843
1817.0,9.553805114346176
1817.2,10.036094170931474
1817.4,10.060147170553936
1817.6,10.20619366995522
1817.8,10.169514381299464
1818.0,10.35886664518273
1818.2,10.321444827841482
1818.4,10.27656866947418
1818.6,10.441626039682674
1818.8,11.272163148223719
1819.0,10.831740079584408
1819.2,11.185704694755206
1819.4,10.921851470199142
1819.6,11.030308021111725
1819.8,10.746755528216367
1820.0,10.968235050262805
1820.2,10.953190133955976
1820.4,10.99091964220374
1820.6,10.956267375186277
1820.8,10.40924636485464
1821.0,11.128800914553336
1821.2,11.046274686461706
1821.4,11.333071374293898
1821.6,10.865977122937531
1821.8,10.611786185936246
1822.0,10.580092043373334
1822.2,10.556014592127754
1822.4,10.536035878965865
1822.6,9.742907309814266
1822.8,10.430164030697922
1823.0,10.211377035726127
1823.2,9.963650253392446
1823.4,10.851256529722873
1823.6,10.664969202160062
1823.8,10.852584811658959
1824.0,10.833307031089493
1824.2,10.603724717465619
1824.4,11.046423827611761
1824.6,11.18239045746138
1824.8,11.2233996460183
1825.0,11.080382456407317
1825.2,12.931868547737125
1825.4,13.343525907121403
1825.6,14.77163181510618
1825.8,13.748778675454382
1826.0,14.71435793288232
1826.2,13.062820458387943
1826.4,12.735088127249487
1826.6,14.49249567460236
1826.8,15.78405890079613
1827.0,13.7410806197164
1827.2,13.678046128580041
1827.4,13.666146081949535
1827.6,13.783842815326246
1827.8,12.627033042445795
1828.0,13.593892565074047
1828.2,16.145680063932563
1828.4,14.47658417464046
1828.6,14.540792073884832
1828.8,14.413003001800401
1829.0,12.969363860267713
1829.2,12.949176410141792
1829.4,13.343910698989962
1829.6,13.41947975754442
1829.8,13.862983824481969
1830.0,13.542717902289617
1830.2,12.299235645922247
1830.4,11.654212599098893
1830.6,12.981721079782492
1830.8,13.076309143291134
1831.0,11.925777907106337
1831.2,12.2090112052069
1831.4,13.12305182168725
1831.6,13.50169414910112
1831.8,14.170501075523593
1832.0,14.830610013260108
1832.2,15.474251413236619
1832.4,15.76869095629252
1832.6,16.372191715706606
1832.8,16.05918145589837
1833.0,15.586603085324537
1833.2,16.293734937067246
1833.4,17.088578582208818
1833.6,16.00264745865394
1833.8,16.625982554318682
1834.0,16.052554380954952
1834.2,18.65195700812632
1834.4,17.72431206260412
1834.6,19.492144152494916
1834.8,19.318251381845386
1835.0,19.838390389635087
1835.2,19.912036914646624
1835.4,20.341858849613075
1835.6,20.31669889096178
1835.8,19.201688263344824
1836.0,18.300918283923263
1836.2,15.688903158337325
1836.4,16.465988302448554
1836.6,17.883576524196968
1836.8,18.440122495218592
1837.0,18.647721524341982
1837.2,19.08617283564609
1837.4,17.51788456654962
1837.6,17.18127837188174
1837.8,15.689301482414367
1838.0,16.987675486917865
1838.2,17.156104904904506
1838.4,16.123005091196912
1838.6,14.30645005978247
1838.8,15.96186018897642
1839.0,14.579867400539879
1839.2,15.904111490090052
1839.4,16.319356789054144
1839.6,16.496244609515674
1839.8,16.556280662367527
1840.0,14.157312277721035
1840.2,14.891222569648967
1840.4,14.404573266790496
1840.6,13.77967839837595
1840.8,12.884453466977043
1841.0,13.492552405035275
1841.2,14.35597447084415
1841.4,13.574299543656354
1841.6,15.233165492489725
1841.8,15.436210592530834
1842.0,15.722317303462122
1842.2,14.857807017043921
1842.4,16.64773088494905
1842.6,16.538223465172507
1842.8,15.114550783277076
1843.0,15.809483626235126
1843.2,16.51387757952936
1843.4,16.50782355548204
1843.6,16.679257754924613
1843.8,16.58417334679684
1844.0,15.653249130280926
1844.2,15.901607425309539
1844.4,16.362242925713538
1844.6,14.831031895022171
1844.8,14.886134430898839
1845.0,14.66602864536557
1845.2,15.552479936350785
1845.4,14.811209911991387
1845.6,14.981202696243361
1845.8,16.472894302882487
1846.0,16.11219534042613
1846.2,17.85950731303004
1846.4,16.96394663002377
1846.6,16.487088857606814
1846.8,16.033189997947034
1847.0,17.225710553558372
1847.2,15.709078452340675
1847.4,16.887743433974084
1847.6,16.214259332708682
1847.8,16.0951387150164
1848.0,17.065284204022667
1848.2,14.937606895647697
1848.4,15.170757455093248
1848.6,15.841169998231152
1848.8,15.913013413780561
1849.0,16.9639960273092
1849.2,17.056227122010704
1849.4,16.5396929457324
1849.6,16.113930314051718
1849.8,15.975230265528452
1850.0,15.282375033960768
1850.2,14.13352897277582
1850.4,17.041817233505935
1850.6,14.67231114319316
1850.8,15.747562442500131
1851.0,15.216180651357423
1851.2,14.915343300511921
1851.4,15.677539281781836
1851.6,15.41610785230526
1851.8,14.41521633145159
1852.0,15.402201430869802
1852.2,15.7773359861261
1852.4,14.811316752673507
1852.6,14.201112043165349
1852.8,14.956882139293688
1853.0,15.857195300344944
1853.2,14.754373035012808
1853.4,13.838978505788408
1853.6,13.383773173019321
1853.8,12.280611097004815
1854.0,14.042401775864233
1854.2,14.876365598818062
1854.4,14.263002372787208
1854.6,16.62323554620152
1854.8,17.062517153916033
1855.0,15.85782656180211
1855.2,14.051457805304032
1855.4,12.844641741570879
1855.6,12.269458880508576
1855.8,12.956920619831125
1856.0,12.528055017100911
1856.2,14.521400643791551
1856.4,14.519113857777938
1856.6,12.207451090342229
1856.8,12.441860014821577
1857.0,14.474835927154048
1857.2,14.09799481089377
1857.4,16.646687876848002
1857.6,16.196739520972464
1857.8,15.84498201528929
1858.0,13.8170602125939
1858.2,13.346599849362635
1858.4,13.87318198244362
1858.6,13.441828455197742
1858.8,13.93690170743062
1859.0,13.082056095488259
1859.2,12.505454452343338
1859.4,13.938958346850498
1859.6,13.63863481022133
1859.8,12.858144278228261
1860.0,11.851621002217488
1860.2,11.09871601588679
1860.4,12.082495076657828
1860.6,13.018309354617571
1860.8,13.56633478939174
1861.0,12.410067433730001
1861.2,11.885275560420236
1861.4,12.758887941638434
1861.6,12.377572969657969
1861.8,12.989823196779435
1862.0,11.05724861639407
1862.2,10.75982828329602
1862.4,11.764794278448047
1862.6,11.194091218410092
1862.8,10.913125434044314
1863.0,10.816620418902108
1863.2,11.730522739118811
1863.4,12.65254325270784
1863.6,11.739320471054729
1863.8,11.792261895377862
1864.0,13.55802101348848
1864.2,12.800470384904036
1864.4,13.40935165642184
1864.6,12.58782987585386
1864.8,12.360274676556422
1865.0,11.952944805076083
1865.2,12.916351828477502
1865.4,13.843565541523857
1865.6,13.033346385565894
1865.8,13.14452280882948
1866.0,12.262087617760763
1866.2,10.745144539025969
1866.4,10.812703174697052
1866.6,11.362465630809693
1866.8,12.734918024844186
1867.0,12.481429923517751
1867.2,12.140094950282787
1867.4,12.446475286423343
1867.6,12.486267045067866
1867.8,13.163528633398368
1868.0,12.187852631773179
1868.2,12.645060236686545
1868.4,14.183685962645674
1868.6,15.307114253287612
1868.8,14.22703879406056
1869.0,13.03998927137468
1869.2,13.522784489477635
1869.4,12.990661246996314
1869.6,13.348000446864477
1869.8,13.993718250010662
1870.0,14.50594245815619
1870.2,15.10850899924111
1870.4,15.134706216736532
1870.6,14.020387405792064
1870.8,13.60919320991065
1871.0,12.870987232764705
1871.2,11.452579226700577
1871.4,11.368332438340582
1871.6,11.088073601869814
1871.8,12.525122171469283
1872.0,13.746743554066525
1872.2,13.47113843993169
1872.4,12.988193539620308
1872.6,13.174698558893871
1872.8,13.005930507860402
1873.0,12.79749765729574
1873.2,11.89519632080505
1873.4,11.817773969053091
1873.6,11.118660205377797
1873.8,10.6243950038929
1874.0,10.439712035952603
1874.2,11.00211871639614
1874.4,11.313587254489445
1874.6,11.731658174292946
1874.8,11.202566312562825
1875.0,11.336041981515944
1875.2,11.547260507601473
1875.4,11.813513284192094
1875.6,11.619533468610268
1875.8,11.76069746649312
1876.0,12.116715282280063
1876.2,11.41720712431718
1876.4,11.578242122634668
1876.6,12.126980358589439
1876.8,10.521908466351121
1877.0,10.395074223275042
1877.2,11.324308644607864
1877.4,11.086212990120623
1877.6,11.46137161301377
1877.8,11.390677975968671
1878.0,12.289355917054056
1878.2,11.749585316011618
1878.4,12.18495941180265
1878.6,11.032340943134926
1878.8,10.351523168302496
1879.0,11.143846509028783
1879.2,10.608182509448
1879.4,10.702374406281486
1879.6,10.435927308116055
1879.8,10.772885897915742
1880.0,10.756801729813786
1880.2,10.609149959707555
1880.4,10.598840703174815
1880.6,10.331132129171692
1880.8,10.764681930475895
1881.0,10.453159916334586
1881.2,10.287139251695685
1881.4,9.773309021209561
1881.6,10.074049582540873
1881.8,9.722711999926327
1882.0,9.550311030305238
1882.2,9.448822145297017
1882.4,9.213815240853789
1882.6,9.361101330464038
1882.8,9.44782723840442
1883.0,9.642594951246501
1883.2,9.825650195994179
1883.4,10.14900810795468
1883.6,10.242870973547129
1883.8,10.237669871506226
1884.0,9.909019411953174
1884.2,9.28609602942331
1884.4,9.374841294713027
1884.6,9.767262201131603
1884.8,10.679911403102782
1885.0,11.657228428782727
1885.2,11.816355522074318
1885.4,11.212740463418351
1885.6,11.042542385184298
1885.8,11.460914863576868
1886.0,11.752644754586514
1886.2,11.529112192701135
1886.4,14.392766097910483
1886.6,12.366291037941073
1886.8,13.51135460132902
1887.0,14.423704155838145
1887.2,13.228244195152323
1887.4,12.274189064854024
1887.6,12.169320449849529
1887.8,12.921263806868241
1888.0,13.020112387497862
1888.2,14.021255425021709
1888.4,12.479067327675102
1888.6,12.851469457116098
1888.8,11.613594848110392
1889.0,11.872452977692284
1889.2,11.334391798318727
1889.4,10.813862779531263
1889.6,11.206897773831425
1889.8,11.904803987578457
1890.0,11.794552067836806
1890.2,11.866620832698967
1890.4,10.997230323477044
1890.6,11.268373044199649
1890.8,11.95070927784599
1891.0,11.466246057981504
1891.2,11.173545059208276
1891.4,10.887174848557681
1891.6,11.238984147292214
1891.8,11.300590702528153
1892.0,12.204460302131112
1892.2,11.562104004169292
1892.4,12.059796672753109
1892.6,12.884262962141102
1892.8,13.864309317697144
1893.0,14.076750899860828
1893.2,13.688009188584843
1893.4,14.126654730901363
1893.6,13.978156989685983
1893.8,12.417058103217556
1894.0,13.528601336819522
1894.2,14.263915457445353
1894.4,12.415290052962938
1894.6,13.24249139984753
1894.8,14.16330132240855
1895.0,14.112353807888756
1895.2,13.951106865256023
1895.4,13.669071202058632
1895.6,14.442668394417502
1895.8,14.406261295086491
1896.0,13.62002366645175
1896.2,13.198572381799528
1896.4,13.259509261484258
1896.6,12.73901266790646
1896.8,11.407130584736088
1897.0,13.354549115942095
1897.2,13.006576431803303
1897.4,12.120562359204502
1897.6,12.79916758431462
1897.8,12.069027531103934
1898.0,13.107243181076422
1898.2,12.793947046990947
1898.4,12.906559204721631
1898.6,12.330937971705069
1898.8,12.81472487050232
1899.0,13.138668348195996
1899.2,13.969465292817556
1899.4,13.34435422349035
1899.6,13.623004419807483
1899.8,11.874578289248294
1900.0,11.75334220168285
1900.2,11.122099558469376
1900.4,11.000372529761043
1900.6,11.116157813726486
1900.8,10.189578904166837
1901.0,11.150222966113875
1901.2,10.943488906991137
1901.4,11.281555946052961
1901.6,10.923224043709396
1901.8,11.538440602921977
1902.0,13.567946048955283
1902.2,11.674836182032369
1902.4,13.314973672831004
1902.6,15.86503501463174
1902.8,14.955609504497097
1903.0,13.679712487844128
1903.2,14.421113245578102
1903.4,13.253127022242111
1903.6,14.626551126494427
1903.8,11.193359016951693
1904.0,10.35209639193544
1904.2,9.647275779644684
1904.4,10.777455036317473
1904.6,10.987872058285523
1904.8,11.335613805848947
1905.0,10.30661891569964
1905.2,9.861359692610224
1905.4,10.016833835734971
1905.6,9.948315124572577
1905.8,11.142526701019296
1906.0,10.58822431131297
1906.2,9.962473616126598
1906.4,10.00498024108852
1906.6,9.760802630526811
1906.8,9.661648225142866
1907.0,9.8843208597906
1907.2,9.734639549888385
1907.4,9.628614104895547
1907.6,10.025766962328849
1907.8,10.153895521251513
1908.0,9.915452452128662
1908.2,10.147401045336768
1908.4,10.670003442941054
1908.6,10.9224086882112
1908.8,10.8904426660975
1909.0,10.693820238903953
1909.2,9.814653834570542
1909.4,9.78945580250466
1909.6,9.564075979338932
1909.8,9.959596269657446
1910.0,9.838412939439305
1910.2,9.820734122855573
1910.4,10.450278828851797
1910.6,10.199873057223511
1910.8,10.350072759415292
1911.0,9.69480454254533
1911.2,9.70751267003741
1911.4,10.189935090904727
1911.6,9.981268173718236
1911.8,10.2323926287752
1912.0,10.179742741713373
1912.2,10.285662072140127
1912.4,10.267237758320412
1912.6,10.453913052374325
1912.8,10.49716186611931
1913.0,10.147613622176204
1913.2,9.896437655144677
1913.4,10.204879024052007
1913.6,10.561236696920012
1913.8,10.807014003425326
1914.0,10.800318808461446
1914.2,10.96304301839944
1914.4,11.229463479578047
1914.6,10.529339876551045
1914.8,11.118627002561617
1915.0,10.799621966006669
1915.2,10.29546203339541
1915.4,10.8300933331498
1915.6,9.582556478965529
1915.8,9.590655266399686
1916.0,9.21110433683548
1916.2,9.304742399160725
1916.4,9.42386598632756
1916.6,9.594907256338875
1916.8,9.505503383417153
1917.0,9.656464874721072
1917.2,9.538775447436795
1917.4,9.535255307084412
1917.6,9.669692992124876
1917.8,10.125511852237123
1918.0,9.87918171148478
1918.2,9.842612223503282
1918.4,9.881005730682304
1918.6,9.663698683961355
1918.8,9.743374068249398
1919.0,9.71039840059775
1919.2,9.715962365276008
1919.4,9.37344390117336
1919.6,9.239071510348168
1919.8,9.219771258799387
1920.0,9.185362034844067
1920.2,9.162185436001947
1920.4,9.113381650274189
1920.6,9.174169802376502
1920.8,9.15716865711782
1921.0,9.345962202899546
1921.2,9.202918443719865
1921.4,9.248490396747066
1921.6,9.270904375383097
1921.8,9.425142842652773
1922.0,9.286049105185315
1922.2,9.359339978007677
1922.4,9.41649876285203
1922.6,9.544879039914612
1922.8,9.887371668620577
1923.0,9.910874169095008
1923.2,9.910822727834832
1923.4,9.59609820027319
1923.6,10.006582903254301
1923.8,9.421261875285776
1924.0,9.843152185161356
1924.2,9.689435472276744
1924.4,9.411164724968659
1924.6,9.58295028551941
1924.8,9.48100815823939
1925.0,9.715283171160943
1925.2,9.332637461431828
1925.4,9.30920667463269
1925.6,9.938826685762363
1925.8,9.516171574785442
1926.0,9.68203453279002
1926.2,9.814995799361697
1926.4,9.711947663953387
1926.6,9.803783477130715
1926.8,9.845784379150558
1927.0,9.530207516887053
1927.2,9.468313449997352
1927.4,9.362240765592691
1927.6,9.321689999560297
1927.8,9.003490416364881
1928.0,8.914671513581899
1928.2,9.20595484868166
1928.4,9.069538227014952
1928.6,9.082204363471945
1928.8,8.972419406616478
1929.0,8.883896466722252
1929.2,9.260250871126154
1929.4,9.624002698572179
1929.6,9.581452851996815
1929.8,9.860992122589849
1930.0,9.322978582574713
1930.2,8.932255067711356
1930.4,9.186639981608135
1930.6,9.466129231301506
1930.8,9.63564674041399
1931.0,9.406120474051079
1931.2,9.062575447126912
1931.4,9.432205045640455
1931.6,9.19512309466608
1931.8,9.338103587588995
1932.0,9.553051304518558
1932.2,10.183865439357422
1932.4,9.537666168120783
1932.6,9.74372760624465
1932.8,9.586929518699284
1933.0,9.730102188270886
1933.2,9.837448826666057
1933.4,9.52939654940464
1933.6,9.650578835514832
1933.8,9.51539070616584
1934.0,9.840453294850551
1934.2,9.639572329403912
1934.4,9.54323439214376
1934.6,9.730559739061958
1934.8,9.654124633609285
1935.0,9.66238655240564
1935.2,9.535024883096956
1935.4,9.378842881793846
1935.6,9.353655541898744
1935.8,9.468555356907856
1936.0,9.550677123764418
1936.2,9.65159312062794
1936.4,9.505162803863648
1936.6,9.51364927337339
1936.8,9.444533615178567
1937.0,9.381045193708221
1937.2,9.508981815948797
1937.4,9.473523044144711
1937.6,9.993734020962124
1937.8,10.480536670076834
1938.0,11.694381411461592
1938.2,11.69587860556781
1938.4,10.803961076669182
1938.6,11.47520388572039
1938.8,13.46105697509865
1939.0,12.795106334347517
1939.2,12.617241279281718
1939.4,13.84315964621645
1939.6,12.693472825607376
1939.8,13.589492722121037
1940.0,12.583658902567585
1940.2,11.595888359009493
1940.4,11.961777310013845
1940.6,11.11506013314198
1940.8,10.976508313049994
1941.0,11.732428476512272
1941.2,10.414848079944864
1941.4,11.808345914208404
1941.6,11.547784464794876
1941.8,11.188619695053955
1942.0,11.427962172600763
1942.2,11.494625914059185
1942.4,11.541500973223988
1942.6,11.729355481175258
1942.8,11.22329399205002
1943.0,11.771510414590324
1943.2,11.179173038299368
1943.4,10.826311427308637
1943.6,11.536336390143877
1943.8,11.531175730405693
1944.0,10.882297997627912
1944.2,10.5133164314935
1944.4,10.41918049813506
1944.6,11.117739933725986
1944.8,11.273030436067499
1945.0,11.919973700093692
1945.2,11.419632212009091
1945.4,10.555483673466561
1945.6,10.732177455534979
1945.8,10.327552137780451
1946.0,10.745868106940389
1946.2,10.980493401206175
1946.4,11.662968940071822
1946.6,11.84913648402597
1946.8,10.999785531381933
1947.0,11.419542324046308
1947.2,11.530494312452673
1947.4,12.756909365141464
1947.6,11.537085468972272
1947.8,12.482216253587225
1948.0,12.593998865259046
1948.2,12.657019987489534
1948.4,12.849224726679395
1948.6,12.820165036673837
1948.8,12.342799280746048
1949.0,12.50134154194422
1949.2,11.97804528762674
1949.4,11.730395624829184
1949.6,12.371600278006536
1949.8,12.240446407865175
1950.0,13.948223637832928
1950.2,12.52317036145373
1950.4,12.16580800680828
1950.6,13.038600333839783
1950.8,12.571758888855417
1951.0,11.861329048724121
1951.2,11.379552997766336
1951.4,11.546458909749461
1951.6,12.160885286544353
1951.8,12.32600598669941
1952.0,11.878410185304606
1952.2,12.35233350620547
1952.4,12.08693544863542
1952.6,12.708801117099958
1952.8,11.6689932229786
1953.0,12.407747983564917
1953.2,12.283940495216255
1953.4,12.19410295958757
1953.6,11.617195734990332
1953.8,11.630463328005284
1954.0,11.146688070154706
1954.2,11.006836506267634
1954.4,11.137911028042023
1954.6,10.785696100960374
1954.8,12.037487878131678
1955.0,11.71674447182751
1955.2,11.698290276489114
1955.4,12.05857290465545
1955.6,11.671109303182089
1955.8,11.340298073792138
1956.0,10.592495658206605
1956.2,11.207275653293324
1956.4,11.26641187129434
1956.6,12.576509567581436
1956.8,12.308912208974865
1957.0,12.112132573437151
1957.2,13.581307304320108
1957.4,12.257934494245992
1957.6,12.05177855327028
1957.8,12.519799585300145
1958.0,14.232584315278832
1958.2,15.08138514745526
1958.4,15.24660581091429
1958.6,14.226939899239827
1958.8,13.564912187354896
1959.0,13.354420902739603
1959.2,13.410639536153987
1959.4,13.126906880521407
1959.6,11.805986260440257
1959.8,12.778100424149459
1960.0,13.223777667416067
1960.2,13.685064061538041
1960.4,15.040954079046749
1960.6,12.64079061112794
1960.8,13.518458035530792
1961.0,13.103567278884897
1961.2,12.470733086693425
1961.4,12.732492119581934
1961.6,14.587442027864384
1961.8,13.865046323974635
1962.0,12.054524866883602
1962.2,12.496138950253899
1962.4,13.080057581784274
1962.6,13.289934040922407
1962.8,12.25880436677243
1963.0,12.446517700489704
1963.2,11.456773680012793
1963.4,11.823932203185096
1963.6,11.97606202901908
1963.8,12.116821309850403
1964.0,11.167155357676448
1964.2,11.613735003511461
1964.4,11.579580792325896
1964.6,11.813877570411194
1964.8,11.771042651540547
1965.0,11.448809974450466
1965.2,10.278271787763087
1965.4,10.260471769932515
1965.6,10.29712110886161
1965.8,10.384286666509121
1966.0,10.194542031862966
1966.2,9.752116149276368
1966.4,9.745342189452739
1966.6,9.844145793068295
1966.8,9.922073973102332
1967.0,9.800661397453492
1967.2,9.546241781846154
1967.4,9.404625799520852
1967.6,9.562622508190561
1967.8,9.60422985955806
1968.0,9.64169463972729
1968.2,9.900156544467876
1968.4,10.23469855041328
1968.6,10.361235120308585
1968.8,11.112739719037702
1969.0,11.079367858837408
1969.2,11.333831111955725
1969.4,11.714626976223663
1969.6,10.743608560430216
1969.8,13.318236383910584
1970.0,13.674945139554453
1970.2,12.276038720682605
1970.4,12.90260566033722
1970.6,11.842896369451172
1970.8,12.196433698414
1971.0,12.738318747315457
1971.2,12.175915460984328
1971.4,12.24861903101651
1971.6,12.570729974580878
1971.8,12.125789538017102
1972.0,12.763526957774893
1972.2,11.524452011937411
1972.4,11.348970191808778
1972.6,12.004260845975681
1972.8,12.556918195852568
1973.0,10.954678333469426
1973.2,10.858666464578423
1973.4,10.980156110842467
1973.6,10.80283072144584
1973.8,10.782839254921166
1974.0,10.928353684381653
1974.2,11.17502484054585
1974.4,10.193110974345787
1974.6,10.271536118019169
1974.8,10.561692652210661
1975.0,10.401714189630244
1975.2,10.833233710050255
1975.4,10.758386050165779
1975.6,10.506330138011153
1975.8,10.187520958118693
1976.0,10.365844569774964
1976.2,10.551472545171025
1976.4,10.630827956205138
1976.6,10.484728960457916
1976.8,10.504124973769258
1977.0,11.177247339525575
1977.2,11.99065487679023
1977.4,11.507385495472139
1977.6,11.389088870174145
1977.8,11.12621140112412
1978.0,11.897306332375173
1978.2,12.001708383475405
1978.4,11.507108359151887
1978.6,11.30411871468991
1978.8,11.64600622863099
1979.0,11.672659161664246
1979.2,11.7452897044799
1979.4,11.62126677939402
1979.6,11.65486648499366
1979.8,11.520696981959581
1980.0,11.505975041154109
1980.2,11.856172903838525
1980.4,11.964293737382029
1980.6,11.80546254801818
1980.8,12.122860444534593
1981.0,13.664478122551154
1981.2,12.904513263400876
1981.4,12.756286833450183
1981.6,15.490775492875368
1981.8,13.596077376985233
1982.0,13.855173744057886
1982.2,13.346153412549995
1982.4,12.19508256246648
1982.6,12.708275585009247
1982.8,12.812086860171064
1983.0,13.197128989055859
1983.2,12.532527260530076
1983.4,12.48913191085865
1983.6,12.79300321569832
1983.8,12.313673402372608
1984.0,11.96951465577381
1984.2,12.463650144934707
1984.4,12.678875541881247
1984.6,12.328761074252583
1984.8,12.655874416817332
1985.0,12.484338169956287
1985.2,13.608655689330323
1985.4,14.1010584616469
1985.6,15.540873198541508
1985.8,15.429389687974545
1986.0,15.082729388803802
1986.2,13.722791330617031
1986.4,14.409384613465484
1986.6,13.532119543247859
1986.8,14.032821451091204
1987.0,13.290944777882887
1987.2,12.866541001527874
1987.4,11.603506913645143
1987.6,11.549983481301965
1987.8,12.179779075048273
1988.0,12.463004960206007
1988.2,12.8257202547615
1988.4,12.245282182662205
1988.6,13.095018572304507
1988.8,12.290172716413627
1989.0,12.105834237688025
1989.2,14.025456529917333
1989.4,13.624867522560447
1989.6,13.45114152462606
1989.8,13.399407492636488
1990.0,13.386569711581737
1990.2,13.195380812224446
1990.4,13.625873681257987
1990.6,14.062693208737416
1990.8,13.702873553678254
1991.0,12.555781932414831
1991.2,13.397263010483794
1991.4,12.215725235831197
1991.6,13.235265871063715
1991.8,11.602446774162624
1992.0,11.20867799051868
1992.2,11.727119228232239
1992.4,12.344744738213471
1992.6,11.403469157124162
1992.8,12.313069398413445
1993.0,12.61748904416142
1993.2,11.010811573834571
1993.4,11.948429058476812
1993.6,12.156674353278536
1993.8,11.654786700167591
1994.0,11.909539350144474
1994.2,12.046993672046362
1994.4,11.44615217581643
1994.6,10.47931463002024
1994.8,10.344523642455805
1995.0,11.951063363235379
1995.2,11.938625729215765
1995.4,12.576022285344028
1995.6,12.34834020256353
1995.8,11.855770771959497
1996.0,10.135388940086006
1996.2,11.985286387449797
1996.4,11.50015775106484
1996.6,11.093061297844184
1996.8,11.282663160370369
1997.0,11.47001926818482
1997.2,10.951014680422604
1997.4,11.033578397367274
1997.6,11.602903613945372
1997.8,10.785891861926808
1998.0,10.369124415451733
1998.2,11.072931343863699
1998.4,11.610418140262507
1998.6,11.544003310947176
1998.8,12.733693943582704
1999.0,10.641096633663858
1999.2,11.40300738331984
1999.4,11.970714482103634
1999.6,12.046962642035194
1999.8,12.282602550517272
2000.0,11.310330319634865
2000.2,12.092140487366452
2000.4,11.069830196081945
2000.6,12.399499177876645
2000.8,12.45029627047925
2001.0,12.340640553457032
2001.2,12.829692460221178
2001.4,13.076221035431777
2001.6,12.716995327070421
2001.8,12.25392576811332
2002.0,12.888365954307307
2002.2,12.227513027339787
2002.4,12.09454342008492
2002.6,12.56582347764546
2002.8,11.251506299162685
2003.0,11.554641260471065
2003.2,11.647820854744097
2003.4,11.746666764793687
2003.6,12.159194188707847
2003.8,11.751514123479105
2004.0,11.992779951402488
2004.2,12.111776882052808
2004.4,12.904451581362855
2004.6,12.850263930467026
2004.8,11.560947069364316
2005.0,11.829778040927279
2005.2,11.369955221125622
2005.4,11.853019299006778
2005.6,12.216094295113372
2005.8,12.284383166039737
2006.0,11.335704619852493
2006.2,10.982945280051444
2006.4,11.175635875521884
2006.6,11.194741169422283
2006.8,12.084258935370078
2007.0,10.901298224632928
2007.2,12.056670450742978
2007.4,11.92909340845697
2007.6,12.029890285684344
2007.8,10.379044554679789
2008.0,10.228504169798114
2008.2,10.032333441933885
2008.4,10.57354886857044
2008.6,10.394284864956383
2008.8,10.608305962428846
2009.0,10.124485501730057
2009.2,10.320654912773382
2009.4,9.807706748172198
2009.6,9.739376639951844
2009.8,10.124851193716225
2010.0,10.41832356535436
2010.2,10.425447205181143
2010.4,9.843302032709603
2010.6,10.405887169115362
2010.8,10.21576696907639
2011.0,11.064756658873966
2011.2,10.539959053859143
2011.4,9.913909560267413
2011.6,11.523556174858642
2011.8,10.839346385003974
2012.0,10.062842006899139
2012.2,11.120045091072486
2012.4,10.889128548712614
2012.6,11.344456556344193
2012.8,11.70730039653132
2013.0,11.137043278290673
2013.2,12.273864001824785
2013.4,12.443254418969191
2013.6,12.480408821161106
2013.8,12.426916508686354
2014.0,12.511840908737726
2014.2,11.589324976774893
2014.4,12.555455606528296
2014.6,11.705813748054009
2014.8,12.334068955442781
2015.0,12.736124073798521
2015.2,12.013488770389845
2015.4,11.94737349419823
2015.6,11.573588751645122
2015.8,12.075573022600398
2016.0,10.861678684593759
2016.2,11.397164813502238
2016.4,10.528106613767644
2016.6,10.581064341713123
2016.8,11.020701521288709
2017.0,12.046708296573811
2017.2,12.277761594914525
2017.4,11.574501060293949
2017.6,11.621475414446
2017.8,11.9185361965177
2018.0,11.814601588040945
2018.2,12.311214400648453
2018.4,12.681415380410343
2018.6,12.829692918608956
2018.8,11.639337086841026
2019.0,11.866324928418342
2019.2,12.574111294727043
2019.4,12.534109792857642
2019.6,11.53496632209659
2019.8,12.019334724545253
2020.0,11.66939696551195
2020.2,11.78009510020483
2020.4,12.422813680339535
2020.6,12.653136935762216
2020.8,12.194021817170054
2021.0,14.16673257980831
2021.2,13.37111706183954
2021.4,13.60701128293821
2021.6,13.605835081805878
2021.8,15.863260123133056
2022.0,14.926853766925621
2022.2,14.872775000492213
2022.4,14.886360285771868
2022.6,14.277288040069259
2022.8,13.945803938113352
2023.0,13.866464230315554
2023.2,12.151628278057093
2023.4,12.937288255922802
2023.6,12.995819983105466
2023.8,13.510787402435646
2024.0,12.815371656754206
2024.2,12.214377706022903
2024.4,11.342026373855251
2024.6,13.095397475304596
2024.8,14.001271879686465
2025.0,13.285595224935793
2025.2,12.584464843493224
2025.4,12.801712554669589
2025.6,12.645512019792582
2025.8,11.537618620015088
2026.0,11.689934658412852
2026.2,11.95532582474045
2026.4,12.119727572685917
2026.6,13.311839946639413
2026.8,12.74149264462208
2027.0,12.034642865984132
2027.2,12.16196022700984
2027.4,11.862732678989028
2027.6,11.777272031805182
2027.8,11.441804219669525
2028.0,11.061204493169095
2028.2,11.626243247949606
2028.4,11.770647928245088
2028.6,11.717350188817141
2028.8,13.376054788107417
2029.0,12.979515309341505
2029.2,13.055551477106778
2029.4,12.384830702115405
2029.6,13.715140928902837
2029.8,13.774706386541622
2030.0,13.464351927312045
2030.2,14.309030338588464
2030.4,15.162292270454621
2030.6,13.88403035803906
2030.8,13.418809589073993
2031.0,13.93196530296607
2031.2,13.107658156759399
2031.4,11.641032540203911
2031.6,10.313613979452894
2031.8,10.538653702612708
2032.0,10.14210015614738
2032.2,10.342911516207645
2032.4,10.483191853904524
2032.6,10.317287938670336
2032.8,10.073168951710066
2033.0,10.13075386708454
2033.2,10.058886032424365
2033.4,10.021707677784512
2033.6,9.778798084473761
2033.8,10.560691236620134
2034.0,10.265626133050116
2034.2,10.061728720370605
2034.4,10.820458385613158
2034.6,10.611633801570001
2034.8,10.896722761032416
2035.0,10.700226866174841
2035.2,10.590670630551926
2035.4,10.275900333028641
2035.6,10.605892104097789
2035.8,10.292678294045743
2036.0,9.810864480374706
2036.2,10.125525712999545
2036.4,10.489208199224302
2036.6,10.378289511430257
2036.8,10.028465517212888
2037.0,10.093899597223983
2037.2,10.153522458232056
2037.4,10.245019039841965
2037.6,10.575053991226813
2037.8,10.39152348085981
2038.0,10.842537228904703
2038.2,11.617680369172609
2038.4,12.535363890266584
2038.6,13.309661968632993
2038.8,13.726663991105143
2039.0,13.735021806003733
2039.2,14.751668357572168
2039.4,15.40982731367172
2039.6,15.917821034016878
2039.8,14.518911588069814
2040.0,14.299817688966774
2040.2,14.478467408780508
2040.4,14.433332990319085
2040.6,14.80139301653207
2040.8,14.445960500507946
2041.0,14.68219925127466
2041.2,15.895246950169565
2041.4,15.736964943394778
2041.6,14.659386593846182
2041.8,13.683803263310029
2042.0,15.01455344032844
2042.2,14.641995483825397
2042.4,14.62855541057965
2042.6,14.074893341229224
2042.8,14.003020697346876
2043.0,15.026469398385023
2043.2,14.485412540548676
2043.4,14.580844926756729
2043.6,15.220181367825361
2043.8,15.386422840893738
2044.0,15.387649939115418
2044.2,14.826753744190349
2044.4,12.992790716118298
2044.6,14.375356883180663
2044.8,14.0101988298819
2045.0,13.870483134952181
2045.2,13.798114864104889
2045.4,13.221890041771324
2045.6,13.08266283843185
2045.8,12.648389416239315
2046.0,12.816821651477548
2046.2,13.29441649978756
2046.4,13.822819418454692
2046.6,16.231116869704913
2046.8,15.325712753515692
2047.0,14.719411327864474
2047.2,15.298492207736977
2047.4,14.182930143300075
2047.6,13.377414240513993
2047.8,11.937365335454118
2048.0,10.989486382734553
2048.2,12.064092741587558
2048.4,11.233906432424464
2048.6,12.976818929007191
2048.8,12.826344776216603
2049.0,13.121132036834718
2049.2,12.777325321329322
2049.4,12.319879778696132
2049.6,13.14583527507261
2049.8,13.940012715101497
2050.0,13.980035693968226
2050.2,13.00779916737866
2050.4,12.73920669822771
2050.6,12.857477953050054
2050.8,13.151592523951216
2051.0,13.49790495388106
2051.2,13.662775772583188
2051.4,14.584293110814118
2051.6,15.102789826054924
2051.8,13.80611486749733
2052.0,12.618668620221204
2052.2,12.066475638534303
2052.4,11.602716952823949
2052.6,10.593452439308562
2052.8,11.800909427613163
2053.0,12.786206622024032
2053.2,12.01305622259139
2053.4,12.852927856560905
2053.6,12.98291712190803
2053.8,12.630906898675322
2054.0,13.261806778528548
2054.2,13.587095960584346
2054.4,13.873498899346544
2054.6,12.784483949678238
2054.8,12.100050761486305
2055.0,12.191376226226026
2055.2,12.043224181891116
2055.4,11.719271628056092
2055.6,12.107408543761512
2055.8,10.322114410772066
2056.0,10.22504229529435
2056.2,9.711061680561336
2056.4,9.295475649167049
2056.6,10.034204849529328
2056.8,10.421963485876852
2057.0,9.989398492165872
2057.2,10.706298027347742
2057.4,10.745245087447268
2057.6,12.869620096545413
2057.8,10.927101988869163
2058.0,11.592399835270793
2058.2,11.361503258004975
2058.4,11.881913939871112
2058.6,13.260394851406721
2058.8,12.398742513868237
2059.0,13.528246625804812
2059.2,13.984242361340177
2059.4,14.097622427835486
2059.6,15.858724960594952
2059.8,16.957518672404433
2060.0,14.797555222862686
2060.2,15.506415268476035
2060.4,16.154436812132356
2060.6,13.996095401842972
2060.8,15.954843611379381
2061.0,15.082650825839902
2061.2,14.836705656743494
2061.4,15.687170406530562
2061.6,15.187971093067855
2061.8,15.149820015034214
2062.0,15.501541645974367
2062.2,15.08942306267221
2062.4,15.454024690820521
2062.6,14.872419013545326
2062.8,14.880628115574396
2063.0,13.133863793432711
2063.2,14.416142608723304
2063.4,15.464680952437034
2063.6,14.10588632555963
2063.8,15.062114052950157
2064.0,12.931240675091015
2064.2,12.122365207339818
2064.4,13.16160850306665
2064.6,12.722557738239807
2064.8,11.767622066129775
2065.0,12.018264482996372
2065.2,12.644402210005145
2065.4,11.958785830262963
2065.6,12.756079094379139
2065.8,13.767344483014565
2066.0,13.522045324702166
2066.2,15.59723381567191
2066.4,15.120469345961885
2066.6,13.05887033639472
2066.8,13.321778444148846
2067.0,11.119176007385326
2067.2,11.516160763203318
2067.4,12.89929013077769
2067.6,14.077672433274849
2067.8,14.41534784063806
2068.0,15.35576840755934
2068.2,15.316214649045065
2068.4,14.415110614236465
2068.6,14.087432829929298
2068.8,13.42620741762224
2069.0,12.473966994447515
2069.2,12.681615099384508
2069.4,11.808000921388082
2069.6,13.973628997302638
2069.8,13.922792303431903
2070.0,15.036888063177889
2070.2,14.248005196583211
2070.4,15.314705893135505
2070.6,14.868219459375167
2070.8,14.555879705656968
2071.0,13.459817092115475
2071.2,12.378167025855213
2071.4,13.267771833268135
2071.6,13.464184004882195
2071.8,13.86235400690611
2072.0,15.472252959411295
2072.2,15.782929123718914
2072.4,14.300665754710336
2072.6,12.798876976644653
2072.8,13.476107305986753
2073.0,14.64729466624592
2073.2,12.067138638032537
2073.4,12.164353700536815
2073.6,13.087919314691142
2073.8,12.179882875906596
2074.0,12.804208462049083
2074.2,15.007345430841854
2074.4,13.766979491896835
2074.6,14.635940614323697
2074.8,14.72932843844638
2075.0,13.211196272908827
2075.2,14.32071511745259
2075.4,12.309455128036003
2075.6,13.066511520516315
2075.8,14.685175049407043
2076.0,15.366489895896434
2076.2,15.589194089657855
2076.4,17.643885282907966
2076.6,17.9539385834121
2076.8,16.708485900070066
2077.0,16.454758988134582
2077.2,15.787108765123572
2077.4,16.307717864963074
2077.6,15.317614294412527
2077.8,16.26477716146971
2078.0,16.437817575994764
2078.2,16.539198047289638
2078.4,16.36943965294368
2078.6,14.26301239530134
2078.8,13.942352259015955
2079.0,15.015801106918081
2079.2,14.430118313781584
2079.4,14.97208710950936
2079.6,15.938301731333182
2079.8,16.442895587546055
2080.0,15.043641818128604
2080.2,14.831535520304211
2080.4,15.73033177486906
2080.6,16.47496869167348
2080.8,16.834617724289068
2081.0,16.95262118574149
2081.2,16.46792542244227
2081.4,18.584897953889023
2081.6,19.01488285449998
2081.8,17.26107036937995
2082.0,18.82930226360299
2082.2,17.394836622068407
2082.4,17.222472630502736
2082.6,17.93159939143599
2082.8,17.83335987495804
2083.0,16.372934920553977
2083.2,16.57420361226197
2083.4,14.349261179694926
2083.6,15.358693217082191
2083.8,14.820624781308613
2084.0,13.156665158407822
2084.2,14.030394103559882
2084.4,13.512016323251274
2084.6,11.979184221039906
2084.8,10.990640211317888
2085.0,10.593013110660456
2085.2,11.322530534068793
2085.4,11.982360379241923
2085.6,11.833677935384962
2085.8,11.056691912084407
2086.0,11.590857836162584
2086.2,11.586536494189598
2086.4,10.841108144508896
2086.6,10.802522898773894
2086.8,10.821062268048822
2087.0,12.08805822929898
2087.2,10.83951177325096
2087.4,9.882730478904882
2087.6,10.280642501915327
2087.8,10.789772810710724
2088.0,10.635864258395975
2088.2,11.475011118663655
2088.4,10.632329559897986
2088.6,10.883867255422732
2088.8,10.795542137952708
2089.0,11.319699751656058
2089.2,11.218972303676436
2089.4,10.908771468700538
2089.6,10.153320513202004
2089.8,10.227787270356725
2090.0,11.115617071164802
2090.2,11.929310871016757
2090.4,11.060683983902893
2090.6,10.567066052341636
2090.8,11.049545579291177
2091.0,11.249315740047429
2091.2,10.292616208315373
2091.4,9.778641817722582
2091.6,10.117440078006283
2091.8,10.17100644464168
2092.0,9.90966332721489
2092.2,9.77391647510498
2092.4,9.959853520092514
2092.6,9.826497778213255
2092.8,9.976665328590133
2093.0,10.073482224138605
2093.2,10.747133050632502
2093.4,11.366449052866088
2093.6,11.112742904004222
2093.8,11.28871914987007
2094.0,10.238197483642388
2094.2,11.161752747636143
2094.4,10.61522593959834
2094.6,10.614073682202935
2094.8,10.837113421177527
2095.0,11.221644783723443
2095.2,10.813091270643547
2095.4,10.549303244836633
2095.6,11.009864131119226
2095.8,10.408173316882458
2096.0,11.077416089920128
2096.2,10.236936671734666
2096.4,10.48406909019215
2096.6,10.750819678089776
2096.8,10.987421129180026
2097.0,10.746005381050349
2097.2,10.322124844008098
2097.4,10.636040713247958
2097.6,10.89826893861131
2097.8,10.107762654123185
2098.0,10.569925854294091
2098.2,11.058660623576408
2098.4,10.985034961718338
2098.6,9.40497600082553
2098.8,9.313255702938573
2099.0,9.153289500780245
2099.2,9.330347557333758
2099.4,9.098932122305389
2099.6,9.928519444299196
2099.8,9.923836123681463
2100.0,9.630573441786849
2100.2,10.239162893457465
2100.4,10.509997345436794
2100.6,12.387132840350974
2100.8,11.666510495167561
2101.0,11.164182367452975
2101.2,10.227577398307133
2101.4,9.983939944931503
2101.6,10.119516373914326
2101.8,10.518547357843728
2102.0,9.899498457912294
2102.2,10.454742367830814
2102.4,11.321838848389206
2102.6,11.419912443726385
2102.8,10.766408108956815
2103.0,11.063090864059564
2103.2,11.49441572779728
2103.4,11.607503934815405
2103.6,11.900384031948112
2103.8,11.339693609614498
2104.0,11.035906631454736
2104.2,11.80528302615166
2104.4,11.953714915699646
2104.6,11.557292502779857
2104.8,12.082819290537639
2105.0,11.810750965380803
2105.2,11.695310839843941
2105.4,12.4380455500363
2105.6,12.245187659155967
2105.8,11.74569966358513
2106.0,11.978273197990035
2106.2,11.225236021058873
2106.4,11.085742586356641
2106.6,11.047215837040781
2106.8,10.638824432818
2107.0,10.518347431522248
2107.2,10.792529320307793
2107.4,11.139573803439301
2107.6,10.964443771953595
2107.8,10.464505841134637
2108.0,10.690389726257965
2108.2,10.713023205969034
2108.4,10.893581459501142
2108.6,10.503431254494227
2108.8,10.343889429137771
2109.0,10.011096366205285
2109.2,11.439636142770087
2109.4,11.720283690687516
2109.6,11.691732712623743
2109.8,11.212535705501947
2110.0,11.675960882767525
2110.2,12.015862011808814
2110.4,11.810791300180929
2110.6,10.920929726294673
2110.8,11.680876664123135
2111.0,11.924635305078521
2111.2,11.776361190678273
2111.4,11.56471509426984
2111.6,11.430310671069513
2111.8,10.978672915715803
2112.0,11.085897830845358
2112.2,11.645684498011757
2112.4,11.656238107170129
2112.6,11.672455545767548
2112.8,11.903652472257708
2113.0,12.319990360526273
2113.2,12.856812479880764
2113.4,11.746576976727404
2113.6,11.481061171429003
2113.8,12.236939967243813
2114.0,11.410756456185121
2114.2,12.278707418098785
2114.4,11.691549198554132
2114.6,11.138948130004216
2114.8,11.166168644943042
2115.0,11.45836178587604
2115.2,12.096966212200988
2115.4,12.305510115949907
2115.6,11.206037569185481
2115.8,11.595084960311306
2116.0,12.143859204616366
2116.2,12.179984320236308
2116.4,11.649715663060633
2116.6,12.028837985580322
2116.8,12.214377355546368
2117.0,12.194275852378361
2117.2,12.568396973587683
2117.4,11.973600983546364
2117.6,12.16757613175372
2117.8,10.926939600523951
2118.0,11.215172911280254
2118.2,11.279856545038676
2118.4,11.701176301869769
2118.6,11.126679376796178
2118.8,11.266416642686428
2119.0,10.778273364881281
2119.2,11.140993256863677
2119.4,11.441821891018913
2119.6,11.463828501907978
2119.8,11.021415756801527
2120.0,11.520473578299157
2120.2,12.036664781149543
2120.4,11.768808696719473
2120.6,12.115240266161319
2120.8,11.741218722391043
2121.0,11.851437840353785
2121.2,12.150346611303306
2121.4,11.951653713499706
2121.6,11.89034238283132
2121.8,11.487762725015624
2122.0,10.728521530656739
2122.2,10.64127501435408
2122.4,10.952603657471855
2122.6,11.353396410538343
2122.8,11.56719074477732
2123.0,12.178278615164793
2123.2,11.994858180476415
2123.4,11.451511314087416
2123.6,12.127340526176685
2123.8,11.42724215215603
2124.0,12.275512178404199
2124.2,11.52714210286167
2124.4,11.330908826336517
2124.6,12.198957134779576
2124.8,11.799729751606945
2125.0,11.77379871633355
2125.2,11.73335326507797
2125.4,11.897119576457966
2125.6,11.91800125180274
2125.8,11.553073906018508
2126.0,12.329884052815146
2126.2,12.177095693116707
2126.4,11.333330235921501
2126.6,11.821483508874381
2126.8,11.105837316882388
2127.0,10.671219438311304
2127.2,11.394281606575916
2127.4,11.109766343277151
2127.6,10.502968382349867
2127.8,10.371943105107535
2128.0,10.288488385986769
2128.2,10.805127089284403
2128.4,10.84909533013063
2128.6,10.588375991865213
2128.8,10.480284383072593
2129.0,10.767388371288645
2129.2,10.627478299286832
2129.4,11.52967318702525
2129.6,11.102330889776958
2129.8,12.02019926700245
2130.0,11.134483584769725
2130.2,11.885017056245273
2130.4,10.666069346953053
2130.6,10.690743279453137
2130.8,10.082430047086323
2131.0,10.277103869662088
2131.2,10.634319403521424
2131.4,10.673133117552055
2131.6,10.875968788170736
2131.8,10.052538247854537
2132.0,9.707982907750079
2132.2,9.706910804792651
2132.4,9.55944742546881
2132.6,9.655378406547383
2132.8,9.707165246752906
2133.0,9.602356405282752
2133.2,9.878778927145566
2133.4,9.457070461092215
2133.6,9.200750377447907
2133.8,9.980880775087686
2134.0,9.113442537046021
2134.2,9.129841066107746
2134.4,9.421799096170197
2134.6,10.185997363069424
2134.8,9.761863495742901
2135.0,9.780054307024011
2135.2,10.640623895292476
2135.4,10.05653992240328
2135.6,10.760466360175018
2135.8,10.278542454083164
2136.0,10.668998182293253
2136.2,9.96872937582126
2136.4,10.38671093314792
2136.6,11.30113156765238
2136.8,10.407730494907764
2137.0,10.866775497222328
2137.2,10.836151219921637
2137.4,10.313744631213893
2137.6,10.94247661770827
2137.8,11.087585451505442
2138.0,10.37159998590501
2138.2,9.642524913568787
2138.4,10.532821743328796
2138.6,11.30450970743719
2138.8,11.598197710052807
2139.0,11.144448777806247
2139.2,10.326955196009296
2139.4,11.877936993339892
2139.6,11.827207889340546
2139.8,12.241012133750505
2140.0,12.728844367365827
2140.2,12.1314929689397
2140.4,11.823690988258324
2140.6,11.727535712549937
2140.8,11.832127942697566
2141.0,11.71437036200836
2141.2,11.583460594710978
2141.4,12.187951539058934
2141.6,11.675428829210123
2141.8,11.964065626661375
2142.0,10.78016653739757
2142.2,10.939895081316209
2142.4,11.254402117213845
2142.6,12.53127556442175
2142.8,12.042129998941832
2143.0,11.29595854062742
2143.2,11.757711069721388
2143.4,11.252458868554378
2143.6,11.225722992769704
2143.8,11.135458693991417
2144.0,11.153360269465438
2144.2,11.424155713149666
2144.4,10.995550483921486
2144.6,12.103376757379678
2144.8,11.447665205388253
2145.0,10.785401637198238
2145.2,10.660432202736024
2145.4,10.515898842844658
2145.6,10.20028415960379
2145.8,10.967184384436802
2146.0,11.352871456542811
2146.2,10.262924015279776
2146.4,9.764597451330207
2146.6,10.301470442267233
2146.8,9.826987817659278
2147.0,9.908752691358941
2147.2,9.861498531725646
2147.4,10.607094355438027
2147.6,11.840502794047062
2147.8,12.680918163279102
2148.0,12.624679511145656
2148.2,12.678812498194551
2148.4,12.213417963542302
2148.6,11.2348769755515
2148.8,11.41360489325303
2149.0,12.14416486322649
2149.2,12.135853951380533
2149.4,12.041595205989566
2149.6,10.988342044741966
2149.8,10.93489108519738
2150.0,11.222173078544458
2150.2,10.591831100418823
2150.4,9.874426073717862
2150.6,9.55833719131551
2150.8,9.434856973074822
2151.0,9.088734197140262
2151.2,8.905735916851555
2151.4,9.17810671694909
2151.6,9.151933263990577
2151.8,9.44452070869224
2152.0,9.224474931829787
2152.2,9.090693564862496
2152.4,9.47016852363866
2152.6,10.209157382148685
2152.8,10.441715145066153
2153.0,10.877041405813268
2153.2,10.583796864490564
2153.4,10.602188990007114
2153.6,10.883905688800695
2153.8,11.016172428032863
2154.0,11.030835269299793
2154.2,10.58813728946119
2154.4,10.152410035527188
2154.6,10.72474301157242
2154.8,10.280053896488424
2155.0,9.931112256778045
2155.2,9.86740374135483
2155.4,9.903359708455309
2155.6,10.355482119656829
2155.8,9.667919221285961
2156.0,9.876819306770248
2156.2,9.948117727677682
2156.4,9.867545325357518
2156.6,9.583063618782921
2156.8,10.102931358392738
2157.0,10.0462380075738
2157.2,10.24131968231327
2157.4,9.648134759558186
2157.6,10.037741781323998
2157.8,10.119690866088684
2158.0,10.184236829282927
2158.2,9.823588115166556
2158.4,9.803223985959345
2158.6,9.838904182715954
2158.8,10.062924872074879
2159.0,10.496915562413715
2159.2,10.288930566344517
2159.4,9.733627041032674
2159.6,9.609007576402412
2159.8,10.35906170195473
2160.0,10.359062604847844
2160.2,10.082874805041083
2160.4,9.964406374404785
2160.6,9.94853528410943
2160.8,9.64970908241652
2161.0,9.31710303817008
2161.2,9.558051325502326
2161.4,9.8377806130911
2161.6,9.68882543733819
2161.8,9.325511654438982
2162.0,9.79436939759412
2162.2,9.333307321397841
2162.4,9.138799838016073
2162.6,9.167273279789454
2162.8,9.175391736603993
2163.0,9.4353747688668
2163.2,9.63123409629713
2163.4,10.120443580328395
2163.6,10.231696891592133
2163.8,9.998375510653403
2164.0,10.235312425245777
2164.2,10.91520751949243
2164.4,11.475042186541312
2164.6,11.335906920800396
2164.8,11.418291709080783
2165.0,12.112018013224407
2165.2,11.938081751820784
2165.4,11.905054624615484
2165.6,12.08758395214029
2165.8,11.760902526005513
2166.0,11.21450876692727
2166.2,11.441329310133874
2166.4,11.664502065941049
2166.6,10.89950684600633
2166.8,11.496812239548412
2167.0,12.08438144587224
2167.2,11.725349714701387
2167.4,11.595014451870103
2167.6,10.942224398228792
2167.8,10.37321178509535
2168.0,10.622687064525909
2168.2,10.463190917764567
2168.4,10.88115342858851
2168.6,11.200919868761636
2168.8,12.615280152715233
2169.0,12.391918069590071
2169.2,11.765498367953137
2169.4,11.761939661022895
2169.6,11.729835244476154
2169.8,11.722516724681329
2170.0,11.048359409832766
2170.2,11.026943203538906
2170.4,10.281625328796366
2170.6,10.672151869165443
2170.8,10.718832418325269
2171.0,10.339059979948432
2171.2,11.20565992711121
2171.4,11.41125633007426
2171.6,12.176849816116025
2171.8,12.855931970038066
2172.0,12.288813430900028
2172.2,12.183002351917429
2172.4,11.802586384353432
2172.6,11.692903738617355
2172.8,11.846154538215357
2173.0,11.831637200379369
2173.2,11.350443528678015
2173.4,11.571492847155087
2173.6,11.393919698924034
2173.8,12.149476727165666
2174.0,12.135236539530565
2174.2,12.3049518496472
2174.4,11.409246952851316
2174.6,10.487323334318626
2174.8,10.956547403579036
2175.0,10.384734020116653
2175.2,10.295523124544195
2175.4,10.202073804014029
2175.6,9.89959971221811
2175.8,9.578674324750958
2176.0,9.935841409350276
2176.2,10.924137344638398
2176.4,11.21447380455682
2176.6,10.931058454060503
2176.8,11.260981051958886
2177.0,11.85144585943191
2177.2,10.303917001309614
2177.4,11.132504200889336
2177.6,11.379712641793255
2177.8,10.967692814648789
2178.0,10.450030148540126
2178.2,10.739412558354607
2178.4,10.229025758231863
2178.6,10.825605853453133
2178.8,11.06402586310708
2179.0,10.852181111957135
2179.2,10.620428132222594
2179.4,9.948156460771525
2179.6,9.667461942525161
2179.8,10.34338723083568
2180.0,10.672813341287974
2180.2,12.043800461985136
2180.4,11.316089731080234
2180.6,10.32571919973509
2180.8,11.016495905593477
2181.0,11.352435706854454
2181.2,10.50569986726214
2181.4,10.627319920037468
2181.6,12.233891866351776
2181.8,11.405676234324796
2182.0,11.124202874671866
2182.2,11.262120995910772
2182.4,11.061304567894968
2182.6,11.133948974795203
2182.8,10.364234711198462
2183.0,11.280732931295823
2183.2,11.39578906816801
2183.4,11.743224889019475
2183.6,11.907216266360908
2183.8,12.249861263242694
2184.0,12.3670966739091
2184.2,12.082675789163723
2184.4,12.650981476257977
2184.6,12.057470136948147
2184.8,12.196251568225813
2185.0,11.621700104503338
2185.2,11.574586209439047
2185.4,12.099401791682007
2185.6,11.773322670817194
2185.8,11.826007891776998
2186.0,11.269920558101756
2186.2,11.650915055004173
2186.4,12.254869125260118
2186.6,12.168343176319752
2186.8,12.236565846117404
2187.0,12.447788439160528
2187.2,11.75264220074842
2187.4,12.49714404489791
2187.6,11.848939524729193
2187.8,11.793802170817042
2188.0,10.769425136107278
2188.2,10.718283442723788
2188.4,11.219525249554305
2188.6,11.561585917573664
2188.8,11.235800840289606
2189.0,11.135289774452914
2189.2,11.057720651942653
2189.4,10.539389321840659
2189.6,11.332714630080513
2189.8,11.762402407682188
2190.0,10.959708220508144
2190.2,11.82308868188204
2190.4,11.366628065239723
2190.6,11.241335108625831
2190.8,11.343125450687337
2191.0,11.655230414307587
2191.2,10.954356644372128
2191.4,10.322851544396308
2191.6,11.099336854308337
2191.8,11.893192727751218
2192.0,12.711883503644213
2192.2,12.35599806109484
2192.4,12.232798679356534
2192.6,12.520399130740676
2192.8,11.74737973008371
2193.0,11.949079347579952
2193.2,10.517302117401055
2193.4,10.73319208078042
2193.6,10.820370193186296
2193.8,10.89361448791787
2194.0,10.535168913841954
2194.2,11.475172115851837
2194.4,12.097277018445531
2194.6,12.655725788207832
2194.8,12.3375419024709
2195.0,12.184211057507348
2195.2,11.757722862385409
2195.4,11.916022571402301
2195.6,11.939158454443193
2195.8,11.45912549018176
2196.0,11.198769709878839
2196.2,11.476742813428674
2196.4,11.310284660795373
2196.6,11.592879819742112
2196.8,10.996345161177242
2197.0,11.834087281917085
2197.2,11.50668565106583
2197.4,11.4059559506312
2197.6,11.437934810327171
2197.8,11.916231373032243
2198.0,11.937907270219071
2198.2,11.79097508621149
2198.4,12.498093809226596
2198.6,11.752408579968067
2198.8,11.737793520021896
2199.0,11.252610129324976
2199.2,10.794166771222088
2199.4,11.392821081994304
2199.6,11.172944800853914
2199.8,11.710107918093605
2200.0,12.143137089006613
2200.2,12.561706308749368
2200.4,13.61087126037398
2200.6,13.169738100078456
2200.8,12.937096552313145
2201.0,13.28092816445893
2201.2,11.894074875170794
2201.4,13.197622128257859
2201.6,12.877514066544737
2201.8,13.447764918169131
2202.0,12.804023915592602
2202.2,11.881847199154404
2202.4,12.224476065765124
2202.6,12.756282281055846
2202.8,11.96033979204871
2203.0,11.4476638731092
2203.2,11.978555261121318
2203.4,12.00382138019993
2203.6,12.127369032609707
2203.8,12.25485529919049
2204.0,11.865464220226078
2204.2,11.725908878762334
2204.4,10.825917061352687
2204.6,10.563897728245992
2204.8,11.593652446844047
2205.0,11.954092380475753
2205.2,11.52342208019171
2205.4,11.786132328049524
2205.6,12.151171012045992
2205.8,11.081243983434074
2206.0,11.46700521064798
2206.2,10.93882593877664
2206.4,12.674532349879868
2206.6,12.032956845681086
2206.8,14.53533807961165
2207.0,13.748713927327179
2207.2,13.687194872250949
2207.4,13.61004906525544
2207.6,14.06558693202782
2207.8,15.240351031737427
2208.0,14.631693040233602
2208.2,13.532980475267955
2208.4,14.587427951004488
2208.6,14.721580226715584
2208.8,14.32982030728481
2209.0,14.298139222320852
2209.2,13.423896319807636
2209.4,13.734009226764394
2209.6,14.575511325709673
2209.8,15.946001505507628
2210.0,15.624837846836249
2210.2,15.325659893973056
2210.4,15.524191454741263
2210.6,15.471540292536742
2210.8,15.132108094662991
2211.0,15.426074247661003
2211.2,14.927752240637842
2211.4,14.893371509536413
2211.6,14.933263900549502
2211.8,14.362673026584652
2212.0,14.134828902180983
2212.2,14.768063338083415
2212.4,14.292925029170277
2212.6,13.051028565408016
2212.8,12.448923556014055
2213.0,12.04535495186768
2213.2,12.471140414775356
2213.4,11.4434459604302
2213.6,13.162059798609766
2213.8,11.693003151657997
2214.0,12.34032840386104
2214.2,11.286629655595071
2214.4,11.519299549777806
2214.6,11.171842287615236
2214.8,12.124859494861726
2215.0,13.205821084944372
2215.2,12.36717533555048
2215.4,14.330970147501908
2215.6,14.006409580713648
2215.8,12.622020881645472
2216.0,13.415399861014603
2216.2,13.499269480380283
2216.4,13.492557871801548
2216.6,13.760182491076689
2216.8,14.036821112266079
2217.0,14.991414138950734
2217.2,15.159140477644051
2217.4,13.221642368391704
2217.6,12.89643217947331
2217.8,12.732992938222585
2218.0,12.515859650317456
2218.2,13.59349955196808
2218.4,13.570893838770303
2218.6,12.736630437549527
2218.8,11.306105246262916
2219.0,11.448358195071698
2219.2,12.574562950617361
2219.4,11.98224271408243
2219.6,12.41430404252554
2219.8,13.96871243672815
2220.0,13.607147232212126
2220.2,14.264550963842913
2220.4,14.05590201373887
2220.6,14.868117595767377
2220.8,12.447993296386644
2221.0,11.97559391209021
2221.2,12.663100488742764
2221.4,12.593131710308823
2221.6,12.4858389087937
2221.8,12.188557838703273
2222.0,13.333602988219056
2222.2,13.784953597305813
2222.4,13.810934807102859
2222.6,14.164205222306643
2222.8,12.730117063034061
2223.0,12.432232959568257
2223.2,12.006616104776729
2223.4,12.901988866014504
2223.6,11.29613453893942
2223.8,10.716307150772
2224.0,10.646357547278079
2224.2,10.793970230613228
2224.4,10.74699789161824
2224.6,9.951175402067044
2224.8,10.456074667292407
2225.0,11.310209663758
2225.2,10.904682994366567
2225.4,11.255823726860655
2225.6,10.372507619524146
2225.8,10.881680643478024
2226.0,11.413326236463519
2226.2,10.011937534113793
2226.4,9.948328137201155
2226.6,11.401548019091358
2226.8,11.375874210035416
2227.0,10.448015268538422
2227.2,10.057375091592426
2227.4,9.505883309745576
2227.6,9.296267988289477
2227.8,9.589945587959262
2228.0,10.538356403796898
2228.2,10.16221430813692
2228.4,10.756546158477684
2228.6,10.786865806913362
2228.8,12.436376634023302
2229.0,13.22567430113651
2229.2,13.55929782864473
2229.4,14.203937741602008
2229.6,13.890984142460507
2229.8,14.612969499115646
2230.0,13.998195655413088
2230.2,12.409928776853851
2230.4,11.82380001354912
2230.6,13.190436947238833
2230.8,12.017439654744644
2231.0,12.952089148214533
2231.2,14.811195885199345
2231.4,12.311690788599803
2231.6,12.40313048456104
2231.8,13.950015141208967
2232.0,12.542778950243726
2232.2,15.85779575109839
2232.4,15.721322062102775
2232.6,14.729134001874453
2232.8,14.574229032266096
2233.0,15.103467268411917
2233.2,13.476872080087581
2233.4,14.368764231734676
2233.6,14.439732637059022
2233.8,13.094016177101306
2234.0,13.193284193115408
2234.2,12.040850597954083
2234.4,11.072637622270474
2234.6,12.00084171053761
2234.8,11.988912051604391
2235.0,11.908264308451908
2235.2,11.886719922598916
2235.4,11.943335383777672
2235.6,10.316412605450475
2235.8,10.424460112110978
2236.0,9.833846443514645
2236.2,10.086558686169075
2236.4,9.722015538399631
2236.6,9.583389885201752
2236.8,9.984004228399519
2237.0,9.781692442692632
2237.2,10.072791995315491
2237.4,9.657332069662903
2237.6,10.029884805518975
2237.8,9.888914420866175
2238.0,10.206630641116128
2238.2,9.630314886313409
2238.4,9.733452651127715
2238.6,9.874224609408358
2238.8,10.276622002745775
2239.0,10.158435560365163
2239.2,10.143245838161036
2239.4,10.21961582333644
2239.6,10.171774437994806
2239.8,9.85904184197797
2240.0,10.382861498281184
2240.2,10.370025775575247
2240.4,10.706353433751218
2240.6,10.597916564695806
2240.8,10.410713730540458
2241.0,10.704176192559371
2241.2,10.26177470825209
2241.4,11.011812669054686
2241.6,10.92604866777002
2241.8,10.737510307774315
2242.0,10.79599740221181
2242.2,10.78461742814306
2242.4,10.504259394019078
2242.6,11.159018854445723
2242.8,11.24249078765156
2243.0,12.140458355403334
2243.2,11.60630673036078
2243.4,11.238850184020476
2243.6,11.80949055894331
2243.8,10.982419231246759
2244.0,11.051614480303627
2244.2,10.211485110161675
2244.4,10.259016656523446
2244.6,10.184509653609528
2244.8,10.012227301173521
2245.0,9.700237497506873
2245.2,9.629898445926857
2245.4,9.987556155693095
2245.6,9.70761927052287
2245.8,10.149671785303402
2246.0,10.374529098890333
2246.2,10.0779794451932
2246.4,10.181800668760602
2246.6,9.661061203529881
2246.8,9.908914037032302
2247.0,10.372735011851068
2247.2,10.595917738628845
2247.4,10.61500927013544
2247.6,12.213860573537737
2247.8,11.704845132550634
2248.0,12.451731121605986
2248.2,13.247725123068886
2248.4,12.465850946313001
2248.6,12.3594454871375
2248.8,12.9209923323318
2249.0,12.682802797807932
2249.2,12.844106789890857
2249.4,12.430548173412904
2249.6,11.538845817904043
2249.8,11.614583072950264
2250.0,11.694871905515543
2250.2,11.872235255142876
2250.4,11.559053792404745
2250.6,11.782306594067633
2250.8,11.185117611775627
2251.0,11.176380689821654
2251.2,11.422333271850526
2251.4,11.737909761493144
2251.6,12.572095122888074
2251.8,13.11636829660922
2252.0,12.291665796012497
2252.2,12.044586846633576
2252.4,12.184789152438034
2252.6,11.32699989363047
2252.8,11.786331539000663
2253.0,11.320026409280025
2253.2,11.48188995925997
2253.4,12.614042260009787
2253.6,12.470533678765994
2253.8,12.21991145403714
2254.0,12.038370379517849
2254.2,11.550627069533213
2254.4,12.12447250357764
2254.6,12.362551899123623
2254.8,12.134601305961802
2255.0,12.147614940262848
2255.2,12.54101373939324
2255.4,12.806657452247594
2255.6,14.588523537203164
2255.8,12.525823635287825
2256.0,12.605150037259854
2256.2,12.56093220508765
2256.4,12.672919146330088
2256.6,12.531241560064192
2256.8,11.624184653057597
2257.0,11.482398048273696
2257.2,13.433279013198687
2257.4,12.103119358151378
2257.6,11.686017391201908
2257.8,12.924121397996585
2258.0,13.165526780353456
2258.2,12.674770417852354
2258.4,13.158692373882364
2258.6,12.554089003531423
2258.8,11.961537442144285
2259.0,11.634555204731898
2259.2,11.318764109672347
2259.4,11.131726066178713
2259.6,10.980204013775852
2259.8,12.400937090887641
2260.0,12.760458432330084
2260.2,12.290901371217082
2260.4,10.581772636923763
2260.6,10.104672687925218
2260.8,10.391164857798692
2261.0,10.04316141195078
2261.2,9.857852560259232
2261.4,10.18607886575839
2261.6,10.4042676962533
2261.8,9.822158586227049
2262.0,9.855376209404076
2262.2,10.142341188462785
2262.4,9.954060375694118
2262.6,10.225152218836005
2262.8,10.045769704132418
2263.0,10.590620014058203
2263.2,9.82167537556091
2263.4,9.376149182492778
2263.6,10.798377984456089
2263.8,10.747432666095948
2264.0,10.531876935392518
2264.2,11.07220842973259
2264.4,11.956181811169653
2264.6,12.263530039837027
2264.8,10.92987288623479
2265.0,10.785326334450794
2265.2,11.053420249194765
2265.4,11.82132320964747
2265.6,11.756644147724046
2265.8,12.056669088460284
2266.0,11.541936516753468
2266.2,9.884247893457076
2266.4,10.166409177312477
2266.6,10.297821433073944
2266.8,11.184992285082732
2267.0,13.326903430588901
2267.2,12.402192839706158
2267.4,14.146180102904458
2267.6,13.104669008893087
2267.8,13.648766257412035
2268.0,13.42683318400228
2268.2,12.263159130517593
2268.4,12.314579225562014
2268.6,13.282797148569415
2268.8,14.288544920688429
2269.0,12.997771954566248
2269.2,12.246583998250326
2269.4,11.938436746197707
2269.6,12.352872931064995
2269.8,12.156665592184442
2270.0,12.197854560939511
2270.2,12.89882680784175
2270.4,13.032107152019785
2270.6,12.287532501971413
2270.8,11.815162204808514
2271.0,12.098261209859531
2271.2,12.478296093181363
2271.4,12.00345971881682
2271.6,12.996547368851788
2271.8,11.727521966887434
2272.0,12.121204106882168
2272.2,11.62756808655437
2272.4,11.464178171317592
2272.6,10.942350878982964
2272.8,12.003606675349157
2273.0,11.873062963570549
2273.2,10.554264626490042
2273.4,9.890881234964198
2273.6,10.710289737915526
2273.8,11.68791035397983
2274.0,11.879588569788082
2274.2,13.065983173525385
2274.4,12.723590425689338
2274.6,13.737354306510248
2274.8,12.63198570903786
2275.0,12.105592861259694
2275.2,11.919489688192058
2275.4,12.254469586563543
2275.6,11.982746727449214
2275.8,11.881423155973817
2276.0,11.162217821802376
2276.2,10.8350165266471
2276.4,11.376050464653726
2276.6,11.511246058345854
2276.8,11.245784463456248
2277.0,11.109287529512494
2277.2,11.044554157034048
2277.4,10.73578347399267
2277.6,10.796150684414593
2277.8,9.928527285106707
2278.0,10.329404652816773
2278.2,11.04695377781468
2278.4,10.214711281481943
2278.6,10.4727712473586
2278.8,10.720845742373475
2279.0,9.783935262644995
2279.2,10.168948177855606
2279.4,10.472606137365652
2279.6,10.184021055003853
2279.8,10.179928947138615
2280.0,9.85963681725689
2280.2,9.757237074459193
2280.4,9.884902788495003
2280.6,10.053139642578405
2280.8,9.670818281606309
2281.0,9.90787230566749
2281.2,10.475668282865636
2281.4,10.632159710337403
2281.6,10.216874233379782
2281.8,10.54957761399396
2282.0,10.037980217928034
2282.2,9.509810554185005
2282.4,9.595849447497427
2282.6,9.943612479038533
2282.8,10.57854038789835
2283.0,10.267270031639594
2283.2,10.236620949895643
2283.4,10.305678921138288
2283.6,10.305394537087562
2283.8,10.408360199551819
2284.0,11.5288313357302
2284.2,10.299010926552574
2284.4,10.577082825287423
2284.6,9.434838925493432
2284.8,10.34552049142447
2285.0,10.038117449838424
2285.2,10.366313900717872
2285.4,10.407769371340427
2285.6,9.708537429437266
2285.8,10.522396422797991
2286.0,9.745592890376617
2286.2,10.367413042220338
2286.4,10.473267695092039
2286.6,10.534946432142746
2286.8,10.922347087789486
2287.0,10.556331714034513
2287.2,11.300207014487809
2287.4,10.699782166478219
2287.6,10.45794305926026
2287.8,9.809907149670668
2288.0,10.007662432837826
2288.2,10.191115516546624
2288.4,10.500771405317234
2288.6,10.797787254527876
2288.8,10.983122541296451
2289.0,10.27289588931519
2289.2,10.394910106875061
2289.4,9.808185057906057
2289.6,10.438455729683572
2289.8,9.53768810078008
2290.0,10.190333942431145
2290.2,9.546893519546094
2290.4,9.31193273573882
2290.6,9.549587035497495
2290.8,9.826624578829984
2291.0,9.501200577732828
2291.2,9.758889867925994
2291.4,9.801698203174293
2291.6,9.769574252318854
2291.8,9.993933514865695
2292.0,9.839488246374877
2292.2,9.876633811644979
2292.4,9.798125759520547
2292.6,9.790554312307087
2292.8,9.52103501333468
2293.0,9.785287016381233
2293.2,9.35597882045572
2293.4,9.521454480496693
2293.6,9.409546929106007
2293.8,9.826333292703074
2294.0,10.107493975147479
2294.2,9.740231705419076
2294.4,9.76517217914085
2294.6,9.442758196991473
2294.8,9.223353482914195
2295.0,9.337022670357449
2295.2,9.97807579537455
2295.4,9.938828053673735
2295.6,9.656551745978847
2295.8,10.146584789495574
2296.0,9.733319090969182
2296.2,9.586022992698993
2296.4,9.526457955194772
2296.6,9.652566892388828
2296.8,9.902361690154834
2297.0,9.580712174847047
2297.2,10.121419972581512
2297.4,9.586543604857713
2297.6,10.227597783292545
2297.8,9.669960810932817
2298.0,10.262766755000303
2298.2,9.312766314258901
2298.4,9.5298349059597
2298.6,9.422762890795426
2298.8,9.293107409582063
2299.0,9.400404355934212
2299.2,9.484747365586914
2299.4,8.876930036571245
2299.6,9.285614192303035
2299.8,9.464193813454377
2300.0,9.042150529407525
2300.2,9.153266166336179
2300.4,9.303172696278214
2300.6,9.305457772264722
2300.8,9.36997357038407
2301.0,9.210219350170291
2301.2,9.399892669037895
2301.4,9.193554060071598
2301.6,9.263860643215061
2301.8,9.329523367378806
2302.0,9.26766724582978
2302.2,8.952759989503718
2302.4,8.693459753844
2302.6,8.667661871417833
2302.8,8.67969363677072
2303.0,8.644530711518234
2303.2,8.502821722395563
2303.4,8.427645968974844
2303.6,8.490071784755758
2303.8,8.5485290986304
2304.0,8.5843745519399
2304.2,8.59217348230598
2304.4,8.619808600088206
2304.6,8.562113090188356
2304.8,8.508457090112003
2305.0,8.412400314885653
2305.2,8.749396025493807
2305.4,8.719692173050378
2305.6,9.047526985543495
2305.8,9.21153040197091
2306.0,9.241316410233523
2306.2,9.095253007797666
2306.4,8.90517048266388
2306.6,9.920988071646388
2306.8,9.939698550568245
2307.0,10.088338003561923
2307.2,9.930687862502623
2307.4,10.13128427437077
2307.6,10.24532908863817
2307.8,9.893782258758106
2308.0,9.622971593664971
2308.2,9.703014971215772
2308.4,9.798406019079248
2308.6,9.497677437042318
2308.8,9.609647747203885
2309.0,9.649737294824641
2309.2,9.689067772167009
2309.4,9.871448917689579
2309.6,9.351924341154419
2309.8,9.388898521294555
2310.0,9.334098295283702
2310.2,9.461960058981756
2310.4,9.43668286075295
2310.6,9.544574652662499
2310.8,10.047437906572753
2311.0,9.806884817088031
2311.2,9.863623992513247
2311.4,10.116291471618922
2311.6,9.891937223923433
2311.8,9.898226044783671
2312.0,9.674411751707519
2312.2,10.194705434721465
2312.4,9.83911645827152
2312.6,9.778885974983224
2312.8,9.537714513681294
2313.0,9.40403011118433
2313.2,9.565030528816632
2313.4,9.309818121747927
2313.6,9.43426047026892
2313.8,9.368276664296216
2314.0,9.67580767356534
2314.2,9.861781452878397
2314.4,10.245941385168036
2314.6,9.48898739426248
2314.8,9.637710338108995
2315.0,9.438980862239411
2315.2,9.868728024685748
2315.4,9.81522329897265
2315.6,9.62171326751159
2315.8,10.295442002735415
2316.0,9.558126929032866
2316.2,9.904354976710618
2316.4,9.702155100932243
2316.6,9.887656365230024
2316.8,9.429368139723653
2317.0,9.766821529424037
2317.2,10.416796629125098
2317.4,9.288413382295373
2317.6,9.430006966051655
2317.8,9.822540072969321
2318.0,9.87981585105956
2318.2,9.59788306141366
2318.4,9.942353777697502
2318.6,9.47854952592293
2318.8,9.534551926105767
2319.0,9.630941562589962
2319.2,9.644271402748624
2319.4,9.413985428906894
2319.6,9.746985348596581
2319.8,9.372859034730057
2320.0,9.6217482464303
2320.2,9.815023695632675
2320.4,9.802003150401429
2320.6,9.520521533215083
2320.8,9.485323798781602
2321.0,9.52577829110954
2321.2,9.79455884228953
2321.4,10.367400762997875
2321.6,10.273353925207267
2321.8,10.23939900783381
2322.0,10.09278598721895
2322.2,10.32814659935456
2322.4,10.711237135868652
2322.6,11.277224879782112
2322.8,11.341388537443247
2323.0,10.507003406322069
2323.2,10.403382373588848
2323.4,10.193123260399515
2323.6,10.400883003195197
2323.8,10.579775999420475
2324.0,10.461088621273566
2324.2,10.42230317021817
2324.4,9.986423271775681
2324.6,9.791469146093748
2324.8,9.932502649833333
2325.0,10.384100873623252
2325.2,10.178290172399713
2325.4,9.93114564054837
2325.6,10.0548220125474
2325.8,10.072999995339558
2326.0,10.067357299056583
2326.2,10.133003220861232
2326.4,9.888512364398416
2326.6,9.940755737670273
2326.8,10.457759836607721
2327.0,11.316305428313719
2327.2,11.490524092415999
2327.4,11.933489497936655
2327.6,11.567527542319967
2327.8,11.629798806698934
2328.0,10.761716350335828
2328.2,10.86090496623643
2328.4,10.91370541943063
2328.6,10.826247036517923
2328.8,10.388524363189939
2329.0,10.306189114474492
2329.2,9.853488990893343
2329.4,10.41899518543023
2329.6,10.63794318977729
2329.8,12.148885456805568
2330.0,12.011502977876665
2330.2,10.925670252158069
2330.4,11.16996178260188
2330.6,11.08818306086957
2330.8,9.80895494502066
2331.0,9.150926270174345
2331.2,9.048162978040576
2331.4,9.559834570400811
2331.6,9.449752484402257
2331.8,9.349679341946164
2332.0,9.882828501963251
2332.2,9.84858997895261
2332.4,9.804735760773362
2332.6,9.791354891356503
2332.8,9.853819520096245
2333.0,9.633073083447888
2333.2,9.52151270476332
2333.4,9.5443800315395
2333.6,9.419015110246733
2333.8,9.218801709013855
2334.0,9.142427368337438
2334.2,9.149432083517944
2334.4,9.033033874396084
2334.6,9.162586641454975
2334.8,9.102042392554525
2335.0,8.931751011069114
2335.2,9.361755706384656
2335.4,9.747071347805011
2335.6,9.637179939206122
2335.8,10.007677291350635
2336.0,9.787725680644687
2336.2,9.381078397267629
2336.4,9.430679267557322
2336.6,9.630628394792529
2336.8,9.48615569584675
2337.0,10.04706486249999
2337.2,10.093139352968016
2337.4,10.439000460905433
2337.6,10.495923399614608
2337.8,9.715160325710036
2338.0,10.307495232290973
2338.2,11.406587239492946
2338.4,10.452674153470475
2338.6,10.176635458518732
2338.8,10.626093798379587
2339.0,9.446686276293722
2339.2,9.147385161109261
2339.4,9.551294558953794
2339.6,9.787862919916773
2339.8,10.177890662697102
2340.0,9.856960423646267
2340.2,9.660293376114836
2340.4,9.134004791932467
2340.6,9.294134199213863
2340.8,9.867516263511654
2341.0,10.073459272974494
2341.2,10.146646349758777
2341.4,10.808197843149385
2341.6,10.065515818505606
2341.8,10.430619100132002
2342.0,10.279972058199537
2342.2,10.739053562203685
2342.4,10.255181417048107
2342.6,9.665016028068615
2342.8,9.479896335892127
2343.0,9.944908485472661
2343.2,9.60414271648857
2343.4,9.424046815447731
2343.6,9.611669794965053
2343.8,9.543741511469479
2344.0,9.718815526404388
2344.2,10.271082060494106
2344.4,10.258055967361626
2344.6,9.68086072133451
2344.8,9.609444433001013
2345.0,9.598328501844902
2345.2,10.134051100650098
2345.4,10.809169762920268
2345.6,10.249447246691144
2345.8,10.51171563706591
2346.0,10.530142364640714
2346.2,9.760434574569349
2346.4,10.116404045087323
2346.6,10.187858805544083
2346.8,9.909794924671633
2347.0,10.387636527244018
2347.2,9.80014703310474
2347.4,10.254475975437016
2347.6,9.853865468148378
2347.8,9.792652416918894
2348.0,10.034439192013897
2348.2,10.091153110813224
2348.4,10.042898697282299
2348.6,9.96657891330741
2348.8,9.516500485855007
2349.0,9.659860285862655
2349.2,10.18577095502499
2349.4,10.633590521025857
2349.6,9.675924198104921
2349.8,9.612426317148625
2350.0,10.015252765059302
2350.2,10.365806618197615
2350.4,11.124729187045032
2350.6,10.672219647392001
2350.8,12.575533300448424
2351.0,12.408688883176143
2351.2,10.490497672197316
2351.4,11.879181400930003
2351.6,12.140648097029036
2351.8,11.797774491111273
2352.0,11.435726043805687
2352.2,11.995689153146888
2352.4,10.874466559607024
2352.6,9.88864485365015
2352.8,9.598481777975712
2353.0,9.40216986548896
2353.2,10.011885598400546
2353.4,9.918032227673605
2353.6,10.819650667827911
2353.8,10.42618407006075
2354.0,11.089560575399119
2354.2,10.730182465577037
2354.4,10.762091738032908
2354.6,10.33651357684951
2354.8,9.599252257368223
2355.0,10.325949222035629
2355.2,10.650879620335388
2355.4,10.182935487779233
2355.6,10.101381419377555
2355.8,10.24721832660006
2356.0,10.496663141513347
2356.2,10.269047493984033
2356.4,10.389622870754671
2356.6,10.454515598036227
2356.8,10.540207930271174
2357.0,10.604041593098652
2357.2,10.456484553039617
2357.4,10.107110732228723
2357.6,10.159396273732204
2357.8,10.408819963558615
2358.0,11.03533286870584
2358.2,10.427098440146846
2358.4,9.85369461015716
2358.6,9.642144613148268
2358.8,9.763344256662169
2359.0,9.188138062422526
2359.2,9.60900147475458
2359.4,10.05058878618614
2359.6,10.66100273393684
2359.8,10.488749810296959
2360.0,9.78736594621931
2360.2,10.521400858535323
2360.4,10.656090442001718
2360.6,11.444421598972575
2360.8,10.621814813629314
2361.0,10.358747797286407
2361.2,11.387170424195375
2361.4,10.930344498548957
2361.6,10.468470724879047
2361.8,10.36217926735669
2362.0,10.775165901538013
2362.2,10.794912793063897
2362.4,10.79177385510311
2362.6,10.901093264845285
2362.8,10.924312453678318
2363.0,11.005086785212615
2363.2,10.881194407729817
2363.4,10.67500229563591
2363.6,10.8109588956277
2363.8,11.046002572428396
2364.0,10.649573710566763
2364.2,10.672260565214252
2364.4,10.925561284158603
2364.6,11.290073195971281
2364.8,11.004251250986135
2365.0,10.674497165384626
2365.2,10.516774228305579
2365.4,10.54734229303582
2365.6,10.58635207448729
2365.8,10.500062964615624
2366.0,11.066144649522968
2366.2,11.089473238324615
2366.4,11.555022992794338
2366.6,11.247900204160162
2366.8,10.59025857405511
2367.0,10.62511131606164
2367.2,10.057302404562684
2367.4,10.059072783025158
2367.6,10.34018535653731
2367.8,10.565103292856987
2368.0,10.599788965106725
2368.2,10.82922637099295
2368.4,11.540840497471084
2368.6,10.864740585727393
2368.8,10.645490375489572
2369.0,10.717430519927557
2369.2,9.881736958462358
2369.4,9.931115867634835
2369.6,9.93415783638585
2369.8,9.811340721163486
2370.0,10.772792618933074
2370.2,10.655250200282204
2370.4,10.563111075547877
2370.6,10.396541788797027
2370.8,10.976670064044178
2371.0,11.08691878564493
2371.2,10.896491416553594
2371.4,11.503797084297272
2371.6,12.981240596260175
2371.8,11.316311373440808
2372.0,10.886043914484498
2372.2,11.0287739188908
2372.4,10.79341630746304
2372.6,10.790915863796904
2372.8,10.991241616973067
2373.0,10.730965563576971
2373.2,10.959037095506707
2373.4,9.921407952188897
2373.6,10.541943721503412
2373.8,10.41391195608435
2374.0,10.327513254443089
2374.2,10.173089046946433
2374.4,10.662266261225316
2374.6,10.08715858369417
2374.8,9.582595868921587
2375.0,10.156815821014487
2375.2,10.17180928343565
2375.4,10.153621874433492
2375.6,10.375633953317408
2375.8,10.704542447833276
2376.0,10.475459705124717
2376.2,10.52358618060113
2376.4,10.071275000979881
2376.6,10.179340502686882
2376.8,10.167074584242911
2377.0,9.96987764872593
2377.2,9.697408950501531
2377.4,9.635073932187554
2377.6,9.648518798018689
2377.8,10.466878719281123
2378.0,10.218243968782083
2378.2,9.968918420403693
2378.4,9.822371551395628
2378.6,9.894746910438784
2378.8,10.091584500895056
2379.0,9.268500617636386
2379.2,9.06049337762558
2379.4,9.012485997702678
2379.6,8.98457445926898
2379.8,9.05754604864412
2380.0,9.179040934749285
2380.2,8.835161093792665
2380.4,8.899627656620781
2380.6,9.00785962946692
2380.8,8.810353194617697
2381.0,8.999548091215658
2381.2,8.801433546655739
2381.4,9.008857440289827
2381.6,8.88288786238052
2381.8,8.88526573494045
2382.0,8.89514293438895
2382.2,9.04871089898756
2382.4,9.137414149360593
2382.6,9.029365713299898
2382.8,8.898238060223507
2383.0,8.973104125315725
2383.2,9.231967066954255
2383.4,9.311433150574262
2383.6,8.816314601726061
2383.8,8.95540262289339
2384.0,10.354908716921454
2384.2,10.073030617105871
2384.4,10.21820378448969
2384.6,10.233194305724812
2384.8,10.222221891662693
2385.0,10.0460260828564
2385.2,10.164233404663584
2385.4,10.390933047595812
2385.6,9.49774228221175
2385.8,10.273442632625606
2386.0,9.828443213545949
2386.2,10.147823145468058
2386.4,9.710215778749555
2386.6,9.484013079850541
2386.8,10.040319045167138
2387.0,9.850392163624077
2387.2,10.01909417865349
2387.4,9.952729529743161
2387.6,9.735266880043037
2387.8,9.712691111896214
2388.0,9.6701955951302
2388.2,10.042315032809386
2388.4,10.323307020214436
2388.6,9.869164576034846
2388.8,10.348251958427692
2389.0,10.666669800869226
2389.2,9.760351077741037
2389.4,9.64660899672044
2389.6,10.097080319791553
2389.8,9.705370949862257
2390.0,9.682380680070526
2390.2,9.869336169502347
2390.4,10.543498387163542
2390.6,10.049732780636054
2390.8,10.224397072791762
2391.0,9.67285783879263
2391.2,9.763206034793837
2391.4,9.702308305968971
2391.6,10.006087239839516
2391.8,9.560277196050022
2392.0,10.015619702552991
2392.2,9.592723988605046
2392.4,10.367384161022802
2392.6,10.086901490865639
2392.8,10.488612261799918
2393.0,10.746710244772363
2393.2,9.688752041834086
2393.4,9.570566941933565
2393.6,9.926254102554335
2393.8,9.606820089511064
2394.0,10.200785331052904
2394.2,10.31868432749189
2394.4,10.801039086268547
2394.6,10.274807866455095
2394.8,10.76717384584728
2395.0,10.796865155956468
2395.2,10.596742734205726
2395.4,10.959810286068352
2395.6,10.74973846301573
2395.8,10.791919840916561
2396.0,11.58377959649645
2396.2,11.080627221420784
2396.4,11.367358884671248
2396.6,11.319236104649924
2396.8,11.037250938240035
2397.0,11.289642377443474
2397.2,10.599775777159227
2397.4,10.992221808838396
2397.6,11.027382636000917
2397.8,10.882718476130435
2398.0,10.929775775926831
2398.2,12.448670925885924
2398.4,12.001128660141609
2398.6,12.998020554830552
2398.8,12.296569451382524
2399.0,11.882482519746112
2399.2,11.831418056152014
2399.4,11.345260944759412
2399.6,11.334133322082817
2399.8,11.597005716448468
2400.0,11.495534308684318
2400.2,11.451315317075748
2400.4,11.547233465514104
2400.6,11.264659975822987
2400.8,11.019107348962917
2401.0,11.798210027659353
2401.2,12.561049069023788
2401.4,12.506788417584644
2401.6,11.966678810479012
2401.8,12.11989779639259
2402.0,12.781373082435103
2402.2,13.82819507520443
2402.4,13.147253825699135
2402.6,12.418553693325578
2402.8,13.019113984470268
2403.0,11.969222853780758
2403.2,11.683551383740232
2403.4,10.795737560208739
2403.6,11.77585002053463
2403.8,11.446883722083083
2404.0,11.128736200703388
2404.2,10.99073610546544
2404.4,11.251756684985303
2404.6,10.834580530959778
2404.8,11.470028918723973
2405.0,10.454179990645777
2405.2,10.242411579194053
2405.4,10.024994512968945
2405.6,9.398892075101216
2405.8,9.881537927303578
2406.0,10.300511650469995
2406.2,10.230222043161891
2406.4,10.459550694301345
2406.6,10.844496138104294
2406.8,10.335376044909093
2407.0,11.031502826983115
2407.2,10.884521240450447
2407.4,10.17405753975612
2407.6,10.73637365904002
2407.8,10.948704263344016
2408.0,10.289609648245637
2408.2,10.132693271020072
2408.4,9.147374759992307
2408.6,9.402180170593194
2408.8,9.980888195559265
2409.0,9.882700510785092
2409.2,9.543992025712761
2409.4,9.546098933168368
2409.6,9.560931452167713
2409.8,10.423521993527975
2410.0,9.84306052125201
2410.2,10.56901501241917
2410.4,13.053882250252055
2410.6,12.007552633752773
2410.8,12.924521706694325
2411.0,12.123317349044726
2411.2,12.501160174052846
2411.4,12.628825217136367
2411.6,13.250363191289793
2411.8,11.038931974500873
2412.0,10.740634241583887
2412.2,10.12779544918766
2412.4,9.633304810027315
2412.6,9.490451500334702
2412.8,10.407653388293063
2413.0,11.42332604196968
2413.2,11.553969270662574
2413.4,12.083329223933287
2413.6,11.453184500901965
2413.8,12.147581998227295
2414.0,13.059536301155845
2414.2,12.374306537798859
2414.4,11.798962544803544
2414.6,11.60000273759935
2414.8,11.853586517554175
2415.0,10.358857964056536
2415.2,10.222077594340085
2415.4,10.451049169937123
2415.6,11.346675419878897
2415.8,11.755007073991079
2416.0,11.731050590424655
2416.2,12.307953590134655
2416.4,12.100795492417278
2416.6,11.924658080601798
2416.8,12.242686955671996
2417.0,12.084122829359158
2417.2,12.326468344698336
2417.4,12.916146908991756
2417.6,12.577832553424617
2417.8,11.92358234581623
2418.0,11.459059013083628
2418.2,11.804633570289958
2418.4,12.12474412670594
2418.6,10.84326379322517
2418.8,10.962323180461826
2419.0,10.457286027119432
2419.2,10.206187634058955
2419.4,10.297924244184609
2419.6,10.445703529055608
2419.8,10.6200907217013
2420.0,9.801356227792212
2420.2,10.491317898117495
2420.4,11.042789788024617
2420.6,10.677143304697985
2420.8,10.863190496352388
2421.0,11.803884069873964
2421.2,11.14748957958566
2421.4,10.628785344671417
2421.6,10.93357167416376
2421.8,11.058083134410374
2422.0,11.125412872674518
2422.2,11.56401655465018
2422.4,11.523482660178727
2422.6,11.320864639971855
2422.8,11.0074258101915
2423.0,11.139586639097672
2423.2,10.683879420813547
2423.4,10.535000467092491
2423.6,10.609143815152663
2423.8,10.167031349468914
2424.0,10.629129869982567
2424.2,10.060916973019065
2424.4,10.387937115479291
2424.6,10.200562873454619
2424.8,10.674478469290387
2425.0,10.190113319159789
2425.2,9.83748235196897
2425.4,10.498078280961948
2425.6,10.203961374903308
2425.8,10.272168439534441
2426.0,10.370009853798587
2426.2,10.90231629189337
2426.4,11.275572953822051
2426.6,11.086320321453487
2426.8,11.544492837222414
2427.0,11.13656562734585
2427.2,11.972962150332867
2427.4,11.282607495833833
2427.6,11.151297628461139
2427.8,11.124967401112391
2428.0,10.69140272596683
2428.2,10.615085268763966
2428.4,10.399644833757108
2428.6,10.395441136210103
2428.8,10.57018785084316
2429.0,10.331184556357261
2429.2,10.784407610981496
2429.4,10.328858716940356
2429.6,9.682504781800471
2429.8,10.026200353611355
2430.0,9.828819051114397
2430.2,9.946401984954994
2430.4,10.623263880134424
2430.6,10.15690226692149
2430.8,10.010256773066304
2431.0,10.334290470913691
2431.2,10.755822097531073
2431.4,10.293493730858154
2431.6,10.108121896689557
2431.8,9.937104914569007
2432.0,9.863191838111462
2432.2,10.019497584329164
2432.4,9.829199092859998
2432.6,10.508665484595255
2432.8,10.219820255992374
2433.0,10.791748749264906
2433.2,10.812043541856193
2433.4,10.627116010143498
2433.6,10.407915267749402
2433.8,10.513730133135905
2434.0,10.456776601459683
2434.2,10.209240945034672
2434.4,10.50720140757556
2434.6,10.265565765667652
2434.8,10.794306096548524
2435.0,10.5172630593603
2435.2,10.286506871390447
2435.4,10.031328718713052
2435.6,10.22132171799093
2435.8,10.281434947825437
2436.0,10.264157960784114
2436.2,10.17509216311761
2436.4,10.313052042834519
2436.6,11.233364724701907
2436.8,11.233984838440316
2437.0,10.465037201056198
2437.2,10.765414172812644
2437.4,10.974641394176242
2437.6,10.765591711154212
2437.8,11.128415757671995
2438.0,11.57550769525647
2438.2,11.953386007169854
2438.4,11.99387631502077
2438.6,12.46753042280789
2438.8,13.219087641780922
2439.0,13.428301953010749
2439.2,13.305190320060063
2439.4,13.758760958550244
2439.6,13.621872926858675
2439.8,13.335558212996537
2440.0,11.414450531798197
2440.2,12.441905239864377
2440.4,12.206021210315342
2440.6,13.999560866110972
2440.8,14.308036684613054
2441.0,13.294183946120217
2441.2,14.48093800038839
2441.4,14.415521194070164
2441.6,13.832941513975632
2441.8,14.01178225068984
2442.0,13.716503477508844
2442.2,13.58324291134588
2442.4,13.744113574622283
2442.6,13.198964213688708
2442.8,14.191350892964127
2443.0,13.637350214906556
2443.2,13.246604250628236
2443.4,14.71787242983469
2443.6,14.134949611440488
2443.8,13.314356350842768
2444.0,12.909927615132219
2444.2,13.954498210517947
2444.4,12.480722428620986
2444.6,12.721419441806503
2444.8,13.407791278647114
2445.0,13.643813082981817
2445.2,14.006496038405567
2445.4,13.620025016925892
2445.6,13.924957574246317
2445.8,15.147509809068435
2446.0,14.212272580601685
2446.2,11.962643228507474
2446.4,14.212748694940911
2446.6,14.74464769282645
2446.8,13.59210292630195
2447.0,13.00498690919717
2447.2,11.83975106789397
2447.4,12.888445709371307
2447.6,14.417941530276808
2447.8,13.813040856109556
2448.0,12.991989588897768
2448.2,11.58330237196296
2448.4,12.107353242904267
2448.6,12.212362047856285
2448.8,13.633580757172723
2449.0,14.07665975763053
2449.2,12.746447425530311
2449.4,13.09276413031439
2449.6,12.967683061115167
2449.8,13.689515208736768
2450.0,13.02362848090024
2450.2,14.251627528268937
2450.4,12.113481966674872
2450.6,12.150554526501153
2450.8,12.236552893638535
2451.0,13.962381463288342
2451.2,14.37367492275601
2451.4,15.709748039508323
2451.6,15.410969076901065
2451.8,15.74251899376112
2452.0,15.321251572224979
2452.2,14.924833648651383
2452.4,15.491541311145907
2452.6,14.987824722371483
2452.8,14.925978460386824
2453.0,15.055397801728885
2453.2,16.587306247654194
2453.4,16.144191539976077
2453.6,15.025618437604544
2453.8,16.514737338545345
2454.0,16.718664113519175
2454.2,15.067671631167647
2454.4,15.191357043519593
2454.6,14.636262683661252
2454.8,15.406278204767753
2455.0,15.13963177985882
2455.2,14.903830301601719
2455.4,16.070439944331746
2455.6,15.54339851495044
2455.8,13.941182005036074
2456.0,14.213043905063769
2456.2,13.845733341483175
2456.4,14.101714850526154
2456.6,14.939913088162164
2456.8,15.915432666157363
2457.0,13.314435094070278
2457.2,14.372497525696318
2457.4,12.493118135957996
2457.6,12.640169680380959
2457.8,13.922358022954377
2458.0,13.66920292616928
2458.2,14.29151232055595
2458.4,14.332391821440797
2458.6,14.151411289209264
2458.8,14.486681337381032
2459.0,14.321929329585863
2459.2,13.136750330764954
2459.4,13.467746561619638
2459.6,12.09647566788613
2459.8,12.021037954351122
2460.0,11.766790566250746
2460.2,12.525809081574051
2460.4,13.351113640123813
2460.6,12.513418574944204
2460.8,11.86472171675738
2461.0,13.108011795203442
2461.2,12.456946510029674
2461.4,12.38127748058469
2461.6,11.747959116774753
2461.8,14.047419261277518
2462.0,14.748235787216036
2462.2,14.58594093115768
2462.4,13.84611398724719
2462.6,15.308959633101058
2462.8,14.658340398545953
2463.0,13.669120795242105
2463.2,13.001078422611481
2463.4,12.62532449684593
2463.6,12.562541035408525
2463.8,11.765943152756382
2464.0,11.919355428610745
2464.2,13.154124834425984
2464.4,13.08165058768537
2464.6,12.186910352638245
2464.8,13.23915078623779
2465.0,14.44379729749685
2465.2,12.595071549931005
2465.4,12.53485108140157
2465.6,12.870069898328873
2465.8,11.748583639056072
2466.0,12.241014019728722
2466.2,12.452893132807727
2466.4,12.595559784421795
2466.6,12.572127517067326
2466.8,12.87275827830803
2467.0,12.563882620455056
2467.2,14.620902265447741
2467.4,13.303820129631141
2467.6,11.688095132447675
2467.8,12.561959052762905
2468.0,11.691082883936016
2468.2,11.197442798375016
2468.4,12.901204430524045
2468.6,12.98931389228828
2468.8,12.67101738559472
2469.0,13.0334851701625
2469.2,13.609786699007987
2469.4,12.329890006202893
2469.6,11.25179109793695
2469.8,10.69728126373388
2470.0,11.114246846686758
2470.2,11.927319122510315
2470.4,12.209495679389377
2470.6,13.272651717702818
2470.8,13.531724457215457
2471.0,12.977471108118454
2471.2,10.741193800787785
2471.4,12.383252494706618
2471.6,13.60959823499809
2471.8,15.66695142818513
2472.0,14.846743603519654
2472.2,14.226500153729463
2472.4,12.682536201737872
2472.6,14.299571865430652
2472.8,14.254079836878457
2473.0,12.49496888611291
2473.2,12.729226211782985
2473.4,13.466704373317793
2473.6,13.388651730296088
2473.8,13.24572045110288
2474.0,11.85451671624923
2474.2,12.882341792048413
2474.4,12.178373779265941
2474.6,14.043277478303349
2474.8,13.068704525207927
2475.0,11.979377863336516
2475.2,11.765785717077186
2475.4,10.995118508892403
2475.6,11.49189199566057
2475.8,11.369631254861732
2476.0,11.609266843005926
2476.2,12.62406368823414
2476.4,13.0631164402269
2476.6,13.150092993283394
2476.8,14.051345051032216
2477.0,14.130511269330482
2477.2,13.68646169547759
2477.4,13.406181206664701
2477.6,14.008589510646283
2477.8,15.053185741484377
2478.0,14.677230577061927
2478.2,14.389701548168922
2478.4,14.43693365253151
2478.6,14.277020344130705
2478.8,15.333335975587797
2479.0,13.07777599188131
2479.2,12.979851318446187
2479.4,11.955464437894591
2479.6,12.49241100351462
2479.8,12.769504037683411
2480.0,14.316728964383245
2480.2,13.020548400788968
2480.4,12.030519344769285
2480.6,11.672752485448184
2480.8,12.848577471401242
2481.0,13.208093572630668
2481.2,13.572780725064373
2481.4,13.738592802177585
2481.6,14.245757784528717
2481.8,13.671331403701444
2482.0,13.029208570198172
2482.2,14.456379363001194
2482.4,12.944748996558513
2482.6,13.275005547508766
2482.8,13.236240418773466
2483.0,12.69619837733708
2483.2,13.374742279190437
2483.4,13.214715283381802
2483.6,12.742966367132533
2483.8,12.516369996353022
2484.0,12.767813546792404
2484.2,13.229061993617709
2484.4,12.760629773455259
2484.6,12.885001326663232
2484.8,12.856313590529478
2485.0,12.534750772877793
2485.2,13.496378952801562
2485.4,15.306180995244711
2485.6,14.742691107585909
2485.8,14.179635560628537
2486.0,15.529876452048082
2486.2,14.157625085458172
2486.4,12.099176702338262
2486.6,13.226312122790029
2486.8,13.22934995185944
2487.0,12.87818546216437
2487.2,13.396349514307857
2487.4,14.142170744339147
2487.6,13.86548420959306
2487.8,13.26163349041044
2488.0,13.903832074947955
2488.2,14.579699951229399
2488.4,15.27125239497974
2488.6,14.741802270923916
2488.8,15.53135226436051
2489.0,15.944339818262009
2489.2,15.263735970476107
2489.4,16.58826201201756
2489.6,15.753989820758093
2489.8,16.855077576878067
2490.0,16.681664772968528
2490.2,15.164212036289848
2490.4,15.818411807890044
2490.6,15.729513443170086
2490.8,14.577665087323217
2491.0,14.968782131454955
2491.2,14.518877902740545
2491.4,14.922198517997444
2491.6,14.897956598579672
2491.8,14.533029138853497
2492.0,14.888715474254795
2492.2,13.775228015841295
2492.4,14.352719945045171
2492.6,13.637659283709437
2492.8,13.347425744513474
2493.0,14.244525889546953
2493.2,13.131558418891206
2493.4,13.573748626367266
2493.6,12.863456029633289
2493.8,13.075760282840239
2494.0,13.64332591400925
2494.2,12.401055339480592
2494.4,12.834456103924374
2494.6,14.222443251975026
2494.8,13.001620859210366
2495.0,13.92806996431786
2495.2,12.021390889691254
2495.4,13.235191312180916
2495.6,13.931052002824325
2495.8,14.64376161613398
2496.0,15.630562914475519
2496.2,14.874396190002425
2496.4,14.22862039081682
2496.6,13.802657007652597
2496.8,15.647807549777358
2497.0,14.708317017127808
2497.2,15.06911624549992
2497.4,14.9677679327972
2497.6,16.241972820450187
2497.8,15.45343184108386
2498.0,14.949309717041046
2498.2,15.03386737141371
2498.4,13.520083895297466
2498.6,14.171504655763115
2498.8,14.138862731872132
2499.0,14.9612867023327
2499.2,15.499959123960835
2499.4,15.540845565246977
2499.6,14.537926483751114
2499.8,14.593788138834412
2500.0,15.081238831672756
2500.2,15.586570961413411
2500.4,14.27473255553587
2500.6,14.47950330114807
2500.8,13.500618910083569
2501.0,14.959823728196257
2501.2,13.285315006957292
2501.4,13.72423568952713
2501.6,13.641466873848332
2501.8,15.209181960824264
2502.0,14.281360034454378
2502.2,14.543839862875414
2502.4,15.078923668367716
2502.6,14.106294292456866
2502.8,14.441872266164836
2503.0,13.139763509916893
2503.2,13.068279182031329
2503.4,12.579960763813347
2503.6,12.115415501288336
2503.8,11.831750604417955
2504.0,13.761020158582557
2504.2,14.026345738507686
2504.4,14.236236110877535
2504.6,14.257993164284528
2504.8,13.334555897609784
2505.0,14.806389965938653
2505.2,13.628064396230123
2505.4,13.418413402053238
2505.6,12.98100199829668
2505.8,12.44087436566257
2506.0,14.208970168829815
2506.2,13.250933908798586
2506.4,14.083008057640642
2506.6,16.507105061763543
2506.8,16.09191630212711
2507.0,14.61747003023731
2507.2,16.33025332819218
2507.4,15.574190958054201
2507.6,15.580562720075719
2507.8,18.11905021189841
2508.0,18.180258770003284
2508.2,17.233844756930743
2508.4,18.865354030673792
2508.6,17.653839004978007
2508.8,18.244282890560232
2509.0,17.864820835749036
2509.2,17.98931416534519
2509.4,16.218280075321008
2509.6,18.478276357600507
2509.8,16.98720087267221
2510.0,15.096871565004196
2510.2,14.24638570292857
2510.4,14.079912904696698
2510.6,14.379091451066309
2510.8,13.487274525479707
2511.0,13.891447856543213
2511.2,16.179737037272723
2511.4,14.227138110264493
2511.6,14.271049347914584
2511.8,14.26288372921787
2512.0,14.556644644935128
2512.2,14.222371608266293
2512.4,14.734072919249616
2512.6,17.4457266120787
2512.8,15.977988821604331
2513.0,16.223559655754997
2513.2,15.230358601228096
2513.4,14.753938702541712
2513.6,14.452801017021176
2513.8,15.61911661819023
2514.0,15.840586892033208
2514.2,15.008584657508642
2514.4,16.182468348421278
2514.6,14.794287227106238
2514.8,15.01590661863858
2515.0,12.567632631015064
2515.2,13.36076270742353
2515.4,13.766974442614895
2515.6,15.07538326937736
2515.8,15.215589790275475
2516.0,14.039303141151686
2516.2,13.906653582582518
2516.4,15.03610846151502
2516.6,13.838666092302734
2516.8,14.18214782375425
2517.0,14.528521106820829
2517.2,14.05573057269094
2517.4,14.874010613305742
2517.6,13.029441636311914
2517.8,15.37779886909876
2518.0,14.631112955557642
2518.2,14.41394686130556
2518.4,13.258003548236289
2518.6,12.221994255035852
2518.8,12.669375639235001
2519.0,12.366595524289803
2519.2,12.062542131605694
2519.4,11.638624104160007
2519.6,11.929197927535718
2519.8,12.065297075762846
2520.0,12.728148497506783
2520.2,12.345857524362561
2520.4,13.13420404785035
2520.6,13.04956891350253
2520.8,12.878382280452417
2521.0,13.495269333766625
2521.2,11.917029877330545
2521.4,11.70609630556603
2521.6,10.956273514714816
2521.8,10.263500648155565
2522.0,10.700952559333391
2522.2,11.239276637845531
2522.4,10.845386763971167
2522.6,10.727186776446322
2522.8,11.740622128741736
2523.0,10.214944112590082
2523.2,9.82498377266646
2523.4,10.261377154460178
2523.6,10.828180416412529
2523.8,10.569831669988945
2524.0,10.738930425457829
2524.2,11.185083910716733
2524.4,11.143327244646208
2524.6,12.370161913446234
2524.8,11.726981576057502
2525.0,14.279642604487485
2525.2,14.179799688752052
2525.4,14.063455985188737
2525.6,14.799421471562844
2525.8,13.642257933040824
2526.0,14.118560962100268
2526.2,13.743565283404163
2526.4,14.824274977660714
2526.6,13.94008695765525
2526.8,13.363972109890053
2527.0,14.172893751985754
2527.2,13.66501915964774
2527.4,13.677698851727207
2527.6,13.10953709296291
2527.8,12.50318952559912
2528.0,12.318874461563814
2528.2,11.301669945853945
2528.4,13.285102570991544
2528.6,12.536252538947423
2528.8,13.385553000540934
2529.0,14.681359450715078
2529.2,13.28643519899353
2529.4,12.19803371522974
2529.6,10.474346791739775
2529.8,9.563349665232828
2530.0,9.666690914187605
2530.2,9.222453003350845
2530.4,9.534024394926348
2530.6,9.1125201716717
2530.8,9.057364331566086
2531.0,9.270997915965044
2531.2,8.8880277335352
2531.4,8.707040029582224
2531.6,9.135066242043468
2531.8,8.936830787217135
2532.0,9.03574129832576
2532.2,8.780007107689329
2532.4,8.862375963991967
2532.6,9.075756435410609
2532.8,9.15429751474997
2533.0,8.917216555759861
2533.2,8.667860146320725
2533.4,8.690635363430221
2533.6,8.73812977342731
2533.8,8.813442358306164
2534.0,8.85461924637793
2534.2,9.07612872004434
2534.4,8.852353188152403
2534.6,8.641009178120907
2534.8,8.775934775839684
2535.0,8.652986429833062
2535.2,8.63479270792574
2535.4,8.88388689121504
2535.6,8.875103592036922
2535.8,8.854069763521817
2536.0,8.814857780498638
2536.2,8.841842657222461
2536.4,8.896183787084787
2536.6,8.68498122229433
2536.8,8.88397193551485
2537.0,8.642676966159037
2537.2,8.686273264525573
2537.4,8.619571636238078
2537.6,8.655074121415705
2537.8,8.875001211110117
2538.0,8.749196428231267
2538.2,9.099559498860142
2538.4,8.889074577951574
2538.6,8.722015067379186
2538.8,8.737222186768005
2539.0,8.647399310258292
2539.2,8.789824718908239
2539.4,8.979391861624437
2539.6,9.019532494508853
2539.8,8.883732742620635
2540.0,9.000651036326934
2540.2,8.881621713310567
2540.4,9.036782952868293
2540.6,8.799526682976163
2540.8,8.963714480102547
2541.0,8.803998050507406
2541.2,8.89749526053376
2541.4,8.576383585415321
2541.6,8.765403723813893
2541.8,8.937390028312329
2542.0,9.16849004050627
2542.2,9.062906204875013
2542.4,9.364424116810973
2542.6,8.943206918090246
2542.8,8.85221587064852
2543.0,8.77641832574119
2543.2,8.950427134773717
2543.4,8.775151737965231
2543.6,8.707922131231259
2543.8,8.663687962637791
2544.0,8.59158793543931
2544.2,8.698884187078121
2544.4,8.677893930449223
2544.6,8.593842872057285
2544.8,8.699532196059737
2545.0,8.894612622562668
2545.2,8.631950961423833
2545.4,8.661158066490563
2545.6,8.745216732653251
2545.8,8.524918454109319
2546.0,8.460894327087882
2546.2,8.539247088215534
2546.4,8.648863235172437
2546.6,8.745905179713855
2546.8,8.586766451515725
2547.0,8.758075062878817
2547.2,8.707999448085193
2547.4,8.722704754806045
2547.6,8.631111446063523
2547.8,8.676028121628047
2548.0,8.713586469886039
2548.2,8.652838343250842
2548.4,8.721589842708283
2548.6,8.762356490147074
2548.8,9.023711002191702
2549.0,8.81026796795226
2549.2,8.73165796571501
2549.4,8.792671919444048
2549.6,8.641977071637353
2549.8,8.765421433587237
2550.0,8.95905219924892
2550.2,8.785218446063904
2550.4,8.7489151829653
2550.6,8.92525718351495
2550.8,8.958164120808902
2551.0,8.86685039087595
2551.2,8.92563480060859
2551.4,8.869598411470182
2551.6,9.158081040926149
2551.8,8.955698553997554
2552.0,9.002431124799635
2552.2,8.905061197966047
2552.4,9.0659390569369
2552.6,9.02269667309852
2552.8,8.84657255883828
2553.0,8.69855856585018
2553.2,8.829829252809963
2553.4,8.896716798253166
2553.6,8.96818532635059
2553.8,8.837271517914006
2554.0,9.00837124459226
2554.2,9.255497592518552
2554.4,9.11209451732898
2554.6,9.241891104148733
2554.8,9.157857666963457
2555.0,9.239824388715773
2555.2,8.917090199474242
2555.4,8.98791269567205
2555.6,9.032632347752905
2555.8,9.152204288233317
2556.0,9.07017134407116
2556.2,8.974684930695767
2556.4,8.852065618389865
2556.6,8.975512256934808
2556.8,9.010381154764975
2557.0,9.038315664062546
2557.2,9.092563758528721
2557.4,8.956550586916176
2557.6,9.033739902516823
2557.8,9.134124288296087
2558.0,8.946264426217036
2558.2,8.968937519535679
2558.4,9.010722089472448
2558.6,8.81007084416381
2558.8,9.22233909634526
2559.0,9.043538373813698
2559.2,9.051971836271553
2559.4,9.086606594623381
2559.6,9.07222736117639
2559.8,8.827877188143255
2560.0,8.974149089168316
2560.2,8.953857696123302
2560.4,8.911786465920239
2560.6,8.825944054218882
2560.8,8.812180710430349
2561.0,9.025578054615686
2561.2,9.08153954481805
2561.4,9.183088718793407
2561.6,9.3523013880289
2561.8,8.871338872992228
2562.0,8.857990854497555
2562.2,8.79071301159509
2562.4,8.770396097801827
2562.6,9.053632838251321
2562.8,8.966906705912974
2563.0,8.9175501892785
2563.2,9.288087974790168
2563.4,9.438989560617975
2563.6,9.105557061872165
2563.8,9.228606507347637
2564.0,9.254597526410187
2564.2,9.610321311968649
2564.4,9.194670297832921
2564.6,9.47428619572128
2564.8,9.131651481343692
2565.0,9.304312365199849
2565.2,9.40275077543993
2565.4,9.603118095392293
2565.6,9.369732511128388
2565.8,8.870028590594934
2566.0,9.29723105464243
2566.2,9.590996088210815
2566.4,9.47664374556521
2566.6,8.960454360685464
2566.8,9.003764984557922
2567.0,9.201825909334731
2567.2,9.186836631672472
2567.4,9.387036264344417
2567.6,9.27564254107207
2567.8,9.30541447582354
2568.0,9.203949184114176
2568.2,9.42645366510547
2568.4,9.507582668874083
2568.6,9.674709099738202
2568.8,9.691471868118128
2569.0,9.37059297931949
2569.2,9.691980869125661
2569.4,9.570085260256345
2569.6,9.580020107592755
2569.8,9.337067183779137
2570.0,9.710319052592858
2570.2,9.912464376530018
2570.4,9.858277126505579
2570.6,9.731526320403836
2570.8,10.184086391320879
2571.0,10.274392913029121
2571.2,9.960401231113144
2571.4,9.5645390416513
2571.6,9.502865679970341
2571.8,9.235458170648133
2572.0,9.545421300669258
2572.2,10.339591936047242
2572.4,10.615266363685196
2572.6,10.512668951643729
2572.8,11.657981933548534
2573.0,11.165299415376575
2573.2,10.699841615080874
2573.4,10.263724970289672
2573.6,10.941654072756439
2573.8,11.359565417118214
2574.0,11.501424027390508
2574.2,10.627516388257296
2574.4,11.321721039519822
2574.6,11.116229294519314
2574.8,10.510067519388217
2575.0,11.131274697157629
2575.2,11.156492130594968
2575.4,11.742834678777585
2575.6,11.137932636366322
2575.8,10.77159846563045
2576.0,10.41399223997611
2576.2,10.863043070474628
2576.4,10.81929939880349
2576.6,10.782802016448406
2576.8,10.50148393865648
2577.0,12.221308894378149
2577.2,11.478834295046202
2577.4,11.369636474898403
2577.6,11.388066664092456
2577.8,13.381417640631332
2578.0,12.82130116949611
2578.2,12.927716827361678
2578.4,14.312264892516154
2578.6,14.060639394528929
2578.8,14.075829611844581
2579.0,13.501821591949154
2579.2,14.36912075936371
2579.4,14.651751039574638
2579.6,13.722040129391678
2579.8,13.48854977498271
2580.0,12.633840944024818
2580.2,12.360007361010645
2580.4,12.135119486732462
2580.6,12.18105655125261
2580.8,13.00973488648774
2581.0,12.859499397993613
2581.2,13.414070770935442
2581.4,14.033749291676807
2581.6,13.91317427292989
2581.8,14.339768348404679
2582.0,13.916816788589605
2582.2,13.755410962676063
2582.4,12.523802965861933
2582.6,13.573178772463223
2582.8,13.46799481001378
2583.0,12.358394822597678
2583.2,12.02130710026668
2583.4,14.042779517076834
2583.6,12.231352848164521
2583.8,12.719488511133878
2584.0,12.564007843584903
2584.2,12.47702233790121
2584.4,12.447225505246141
2584.6,11.7341777679247
2584.8,10.79196260728497
2585.0,12.605639963498783
2585.2,12.319854582471619
2585.4,13.753565741683369
2585.6,14.185840517689181
2585.8,12.242609829316242
2586.0,12.559466073221186
2586.2,13.710024667548685
2586.4,13.606315466937751
2586.6,14.190299658976851
2586.8,13.260853656005672
2587.0,13.090124010520316
2587.2,13.815807642748975
2587.4,13.516294311763506
2587.6,14.668202490296363
2587.8,13.98855461925504
2588.0,13.02431785537238
2588.2,13.420223861381775
2588.4,13.600580042475393
2588.6,12.927875479195137
2588.8,11.372074150506183
2589.0,11.165785961980577
2589.2,11.273778204606554
2589.4,12.119199520302338
2589.6,12.29984209936011
2589.8,12.333583149023896
2590.0,14.02461201497948
2590.2,13.108463551895085
2590.4,13.072148836987008
2590.6,13.060345120228263
2590.8,13.54607522776825
2591.0,14.247377270906231
2591.2,12.80785860520901
2591.4,12.091844226626112
2591.6,11.547064797097077
2591.8,12.084194841453535
2592.0,12.948159919771525
2592.2,12.040790009029177
2592.4,10.994185745844717
2592.6,11.89123214600281
2592.8,11.957020214845597
2593.0,11.993061180045041
2593.2,12.585848725750363
2593.4,12.344975285081865
2593.6,12.73280029631608
2593.8,13.456842884375764
2594.0,14.35805821425167
2594.2,15.238576397944376
2594.4,13.888072215819525
2594.6,12.4601313944229
2594.8,13.177440118931724
2595.0,13.91689523482054
2595.2,15.11126528426008
2595.4,15.310497895902
2595.6,15.085522115895497
2595.8,15.266043561306002
2596.0,13.931651158401788
2596.2,12.94742771215206
2596.4,13.139431886634668
2596.6,13.122512434940434
2596.8,12.463704970645457
2597.0,12.116806668655009
2597.2,12.295964424161186
2597.4,11.262868388457072
2597.6,12.062318678152202
2597.8,11.53744911775878
2598.0,12.57643974732298
2598.2,12.297162088534835
2598.4,11.379386603509502
2598.6,11.75351423309179
2598.8,11.859270034915282
2599.0,11.587031324142663
2599.2,10.89637536772348
2599.4,10.70316237165785
2599.6,10.562837541113254
2599.8,11.280468475117937
2600.0,11.44152220072125
2600.2,9.925844497595133
2600.4,10.828306578855347
2600.6,10.398893765177736
2600.8,10.106059741766583
2601.0,10.374009938251142
2601.2,10.82247485781318
2601.4,11.017914481687178
2601.6,10.741083436931678
2601.8,10.77328059892225
2602.0,10.617380223721419
2602.2,10.260609558279194
2602.4,10.853839463826795
2602.6,12.022955338541053
2602.8,12.22042877714478
2603.0,10.37874124896813
2603.2,12.04648772556033
2603.4,12.777299545248557
2603.6,14.413373826877349
2603.8,12.970275843450988
2604.0,12.783320712492909
2604.2,12.283618715022914
2604.4,13.054986623701124
2604.6,11.052691736434962
2604.8,12.435015146668897
2605.0,12.381718354938268
2605.2,11.552428394317218
2605.4,12.09034951460761
2605.6,12.872558182586673
2605.8,13.064772548949131
2606.0,14.00247679811256
2606.2,13.986247839122797
2606.4,13.438839465136807
2606.6,13.97807803679311
2606.8,12.945250488667151
2607.0,12.57533096839005
2607.2,12.956156854201414
2607.4,13.188069118172148
2607.6,13.343816524413237
2607.8,12.08449523502811
2608.0,13.074949140273414
2608.2,12.179444583773906
2608.4,12.88492312149118
2608.6,12.266690235670586
2608.8,12.513239193699892
2609.0,12.666644916025051
2609.2,12.067479460213264
2609.4,12.616828349892717
2609.6,12.246420884497686
2609.8,13.710659609946257
2610.0,13.312554006408856
2610.2,14.352110935949847
2610.4,13.869987475484749
2610.6,11.92404536686377
2610.8,11.81077305271014
2611.0,12.167714077253349
2611.2,11.779461970349331
2611.4,10.714605517277258
2611.6,12.804378366814985
2611.8,13.308412202152635
2612.0,13.34134990918612
2612.2,12.117609068706379
2612.4,12.321307045993175
2612.6,13.04027130427494
2612.8,11.974489973426115
2613.0,14.377322556294372
2613.2,13.376085797986764
2613.4,11.204401358221114
2613.6,13.039286442748404
2613.8,13.930787714244058
2614.0,14.40046813611388
2614.2,15.164347863503682
2614.4,13.003748029585907
2614.6,13.93967893408005
2614.8,12.727651311737569
2615.0,13.896919018830081
2615.2,14.535854059348596
2615.4,14.29732174985623
2615.6,15.032987519357802
2615.8,13.46806890374901
2616.0,13.141639956740992
2616.2,13.7150105963393
2616.4,13.338632912901176
2616.6,12.677219513681607
2616.8,13.327494539457954
2617.0,13.092702754403863
2617.2,14.334570442560155
2617.4,15.175753969516872
2617.6,15.880109073365336
2617.8,15.605425284325374
2618.0,16.111908564779906
2618.2,16.15821588261194
2618.4,15.64035741305551
2618.6,14.839500684351748
2618.8,13.064336669370679
2619.0,13.121164979526993
2619.2,14.168322443195503
2619.4,13.560010159067033
2619.6,14.315693479485773
2619.8,13.268192288567002
2620.0,13.736489606973619
2620.2,13.53975877462134
2620.4,14.069091204120184
2620.6,14.08332759853003
2620.8,13.779293222419692
2621.0,12.98069576457931
2621.2,13.508551819327776
2621.4,13.407640598167168
2621.6,15.217035550121187
2621.8,14.832677566512668
2622.0,14.125118566536967
2622.2,14.733764586710459
2622.4,14.839473106946322
2622.6,14.466869380212799
2622.8,14.180503862777824
2623.0,14.708876636721515
2623.2,14.274778898354514
2623.4,14.955737719888166
2623.6,14.744223947507844
2623.8,13.914907061456836
2624.0,13.67341397745394
2624.2,15.655470250423642
2624.4,14.304400559732994
2624.6,14.619499119162956
2624.8,15.466319775403488
2625.0,14.24444179988635
2625.2,14.376425540195628
2625.4,15.06653160799512
2625.6,15.030556242664302
2625.8,15.26729835166334
2626.0,15.47363777420027
2626.2,13.768313714470551
2626.4,14.077538479945652
2626.6,14.593338462179739
2626.8,14.756195139810478
2627.0,14.008853592160747
2627.2,15.366397523646665
2627.4,14.766433868241426
2627.6,14.698466823637862
2627.8,14.680160022236684
2628.0,13.873310470332767
2628.2,13.959221634987575
2628.4,14.94196773299026
2628.6,15.571525436660174
2628.8,14.39370457546997
2629.0,13.719731972670019
2629.2,15.581902689103181
2629.4,15.424243528097497
2629.6,14.71492637122672
2629.8,13.755472799303977
2630.0,14.14141847346433
2630.2,13.727795440806563
2630.4,14.636076827357503
2630.6,15.59009644509075
2630.8,15.912807746194664
2631.0,15.118733461807604
2631.2,14.92206707382091
2631.4,17.81411726133765
2631.6,17.020187698367977
2631.8,15.20938631724829
2632.0,15.300459258274755
2632.2,15.104507229571942
2632.4,15.027897705972757
2632.6,14.220809499278971
2632.8,12.801222350283762
2633.0,13.816531549346543
2633.2,12.98103280108914
2633.4,12.52842984280389
2633.6,11.695541618484729
2633.8,12.313969885856986
2634.0,13.45407743529504
2634.2,13.59200844548244
2634.4,14.260563654426395
2634.6,15.15433566126318
2634.8,12.739504782234016
2635.0,13.735709128791518
2635.2,12.576150053435239
2635.4,14.057270120139979
2635.6,14.223663118881568
2635.8,15.242027395306867
2636.0,16.277038984055775
2636.2,14.318370659543053
2636.4,13.082062060997831
2636.6,13.003460310185586
2636.8,12.62659695339547
2637.0,11.786853850595381
2637.2,14.72991400458022
2637.4,15.057230136629938
2637.6,16.317585522099776
2637.8,17.896615392817626
2638.0,17.551643978147172
2638.2,16.810414799230266
2638.4,14.99764374952293
2638.6,16.16045953571592
2638.8,15.343236780900574
2639.0,16.48350539569074
2639.2,15.595022847792539
2639.4,16.104500380489462
2639.6,15.526282958135088
2639.8,16.248277253594573
2640.0,15.098543918155531
2640.2,14.997404123393526
2640.4,14.092305126725718
2640.6,14.13836975023738
2640.8,14.963980100682816
2641.0,14.524379853559292
2641.2,13.61925834929812
2641.4,15.322096963653975
2641.6,14.215382139507573
2641.8,14.395103364165012
2642.0,14.80184207547243
2642.2,14.05953190960144
2642.4,13.570432415066982
2642.6,14.483291716650843
2642.8,14.7540954197175
2643.0,14.20474537923647
2643.2,14.758725565610447
2643.4,15.289033795834662
2643.6,15.238237983734466
2643.8,15.428526451729967
2644.0,15.539473828236307
2644.2,14.394078249033031
2644.4,14.821894744514543
2644.6,15.20127233266355
2644.8,14.616548823915652
2645.0,15.188991052491687
2645.2,15.147742639625898
2645.4,15.481228818793412
2645.6,14.991759816686017
2645.8,16.421363673458096
2646.0,16.229765341445678
2646.2,15.046187980879129
2646.4,14.71545512984601
2646.6,14.24169372502469
2646.8,13.872487358712146
2647.0,14.691758783971686
2647.2,15.207056103213546
2647.4,15.081272432753961
2647.6,15.690702943098538
2647.8,14.486217888866426
2648.0,13.610674118226331
2648.2,15.201221584381148
2648.4,14.700814257860612
2648.6,15.06407349813992
2648.8,15.285328362445217
2649.0,16.764053306740447
2649.2,17.499590498218303
2649.4,17.67768855749382
2649.6,18.19214584885275
2649.8,17.375413920499458
2650.0,18.101108687521844
2650.2,17.21051476626394
2650.4,18.711800205928764
2650.6,17.61621528538162
2650.8,14.969032542108371
2651.0,15.459324590558241
2651.2,17.49849060054013
2651.4,15.712451746842452
2651.6,15.30862288717763
2651.8,14.291968403300878
2652.0,13.317862832358498
2652.2,13.935757748653685
2652.4,14.756493349374203
2652.6,15.758193218925562
2652.8,16.096300391354678
2653.0,16.368193916227472
2653.2,14.4820643337108
2653.4,14.233566201018768
2653.6,14.337078603504239
2653.8,15.98789369551099
2654.0,16.757855091076458
2654.2,17.407709405182736
2654.4,17.294264675090947
2654.6,17.24590466064995
2654.8,17.317482737991
2655.0,16.632647198054563
2655.2,16.949810955204832
2655.4,16.812194090617883
2655.6,16.1844070194783
2655.8,15.739396196227464
2656.0,17.66340139200387
2656.2,15.726320607118092
2656.4,17.05931561316681
2656.6,16.357573476717477
2656.8,17.398297279490322
2657.0,16.121637510882216
2657.2,16.117461452269197
2657.4,17.018654578508617
2657.6,15.9341825793961
2657.8,16.324019917170915
2658.0,15.618236456767553
2658.2,16.132773712602035
2658.4,16.324731688483787
2658.6,13.985636713782409
2658.8,15.176704670400438
2659.0,13.78173678442877
2659.2,13.88159363414982
2659.4,14.008262062550084
2659.6,12.69811333993194
2659.8,13.232069163827905
2660.0,12.734845550303763
2660.2,14.23792476879834
2660.4,13.592914667351245
2660.6,13.82185327839136
2660.8,15.936419901666213
2661.0,15.497144644775641
2661.2,15.152074566174287
2661.4,14.501780786580255
2661.6,15.426975045097393
2661.8,14.062692129106127
2662.0,15.519158165429193
2662.2,14.020618317280967
2662.4,14.786395580301367
2662.6,15.917069215717968
2662.8,15.483149053393987
2663.0,16.1645684453387
2663.2,16.194366533313637
2663.4,15.092751417392083
2663.6,16.798008532638576
2663.8,15.027873381521108
2664.0,17.213833502919446
2664.2,17.245310532366563
2664.4,16.589343384992887
2664.6,16.048154119262247
2664.8,16.58147502184255
2665.0,15.87117447232599
2665.2,14.626033196587906
2665.4,14.71405518228529
2665.6,12.993410339730316
2665.8,13.472143193111418
2666.0,11.427005849202223
2666.2,11.777820985840881
2666.4,11.457050541486627
2666.6,11.082839268003582
2666.8,11.335638108263373
2667.0,11.518908261003816
2667.2,11.390046956352384
2667.4,11.940707535275177
2667.6,12.949058858957779
2667.8,12.582092488680745
2668.0,12.002118406524332
2668.2,12.356952055764
2668.4,12.438263896743962
2668.6,10.948557403366078
2668.8,11.15467562216839
2669.0,10.997682049514768
2669.2,9.9901709726683
2669.4,9.988537515705538
2669.6,10.379307269405375
2669.8,9.701473557445533
2670.0,9.690802723421966
2670.2,9.74091581679548
2670.4,9.575080739576215
2670.6,9.89392026540716
2670.8,9.793464112052003
2671.0,9.334690903784779
2671.2,9.375362604535564
2671.4,9.261396945425776
2671.6,9.870401201878414
2671.8,10.156272339110586
2672.0,9.4963259935345
2672.2,9.396748034739872
2672.4,9.55038677030453
2672.6,9.49226769950341
2672.8,9.703943650208618
2673.0,9.735960248029636
2673.2,10.748709400804666
2673.4,10.138288485964708
2673.6,10.16535497598465
2673.8,9.82134463354817
2674.0,9.811386923838612
2674.2,9.884588058407433
2674.4,9.507734652862053
2674.6,9.284165480819716
2674.8,9.260249224057965
2675.0,9.483484928306067
2675.2,9.280695934441717
2675.4,9.196470832981591
2675.6,9.956201898004037
2675.8,9.770025463100065
2676.0,9.87056824272626
2676.2,9.593368560878288
2676.4,10.560337654483856
2676.6,10.803289823851923
2676.8,10.070661484021441
2677.0,10.982013645349811
2677.2,10.599853763766312
2677.4,10.177435362019938
2677.6,10.37667464431528
2677.8,10.473087103521397
2678.0,9.74556241586174
2678.2,9.803879055936362
2678.4,10.466291223884483
2678.6,9.763266490024408
2678.8,9.890091572094363
2679.0,9.598159900788568
2679.2,9.8202569235652
2679.4,9.756712481798782
2679.6,10.15656696156185
2679.8,10.004232264896956
2680.0,9.674270374103026
2680.2,9.510376176739495
2680.4,10.304736362063718
2680.6,9.967045197514842
2680.8,9.63250885929314
2681.0,10.298727611837554
2681.2,9.445130739953363
2681.4,9.426283329317533
2681.6,9.919498927176503
2681.8,9.814180165384677
2682.0,10.192072165270972
2682.2,10.138412218615567
2682.4,9.70116949157723
2682.6,10.434713133012803
2682.8,9.986192737800184
2683.0,9.656657728953364
2683.2,9.969324665561832
2683.4,9.826556265206168
2683.6,9.75246898689378
2683.8,9.781675751875708
2684.0,10.690757469067025
2684.2,10.540653266749398
2684.4,9.71620910711325
2684.6,10.101197578695455
2684.8,10.12038458792305
2685.0,10.099869228994216
2685.2,10.134834195476955
2685.4,10.284502099708721
2685.6,9.738030009488645
2685.8,9.965202581178193
2686.0,10.001377447815806
2686.2,10.155112193050202
2686.4,9.682941218824435
2686.6,9.604663572378769
2686.8,9.59104798140171
2687.0,9.450927276039224
2687.2,9.43460120811282
2687.4,9.341851001564924
2687.6,9.41562298287552
2687.8,9.820025968780742
2688.0,10.707644747575927
2688.2,9.653508197559846
2688.4,9.612510440324126
2688.6,9.570900552815027
2688.8,10.35589858791045
2689.0,9.725748600787904
2689.2,9.29018488064067
2689.4,9.061975729664494
2689.6,9.287364392470536
2689.8,9.167130079907503
2690.0,8.876860438022328
2690.2,8.913959589185021
2690.4,9.0675341108034
2690.6,8.956975176549596
2690.8,9.184091129163313
2691.0,9.937023034074997
2691.2,10.047239781244366
2691.4,9.778869493292259
2691.6,10.10353817911283
2691.8,9.616168358430016
2692.0,9.25608758011999
2692.2,9.014184676081019
2692.4,9.166508517420969
2692.6,10.770717730352201
2692.8,10.517705910461189
2693.0,10.588692924784702
2693.2,11.03034548986171
2693.4,10.219947813094493
2693.6,10.456245047864508
2693.8,10.66683632768413
2694.0,10.710510306023057
2694.2,11.078295954649185
2694.4,10.898263146745125
2694.6,11.537298049898357
2694.8,11.198144055244022
2695.0,10.619073769516344
2695.2,11.075832056360266
2695.4,10.452197437328321
2695.6,10.413730639591217
2695.8,10.69511166949101
2696.0,10.56170140539166
2696.2,10.466577438948462
2696.4,10.216104538114871
2696.6,11.444026870899824
2696.8,11.324701754995326
2697.0,11.68875041819041
2697.2,11.766021983097932
2697.4,12.18910933363377
2697.6,11.91211274217961
2697.8,12.137324438721894
2698.0,12.142915072998859
2698.2,12.221314189012276
2698.4,12.203833976246422
2698.6,11.63955568926022
2698.8,11.371795838829248
2699.0,11.70118380945282
2699.2,11.20040644900791
2699.4,11.401997289172211
2699.6,11.80545765347238
2699.8,12.68671215505034
2700.0,12.916765063248036
2700.2,14.540498366172919
2700.4,14.500533971445948
2700.6,15.97579158110353
2700.8,16.308730823494262
2701.0,16.15165024934095
2701.2,17.07826374399416
2701.4,14.721332947228703
2701.6,14.143770989836755
2701.8,14.781419707743346
2702.0,12.656333534395191
2702.2,13.618814811004341
2702.4,14.22619431289074
2702.6,14.900782977863315
2702.8,15.001142060958806
2703.0,14.33297632345354
2703.2,13.55324357325317
2703.4,14.110536006479977
2703.6,13.520954574674233
2703.8,13.160476067101722
2704.0,13.247096667527652
2704.2,12.639399745258563
2704.4,12.605606480672876
2704.6,13.535980378860277
2704.8,15.422010595042137
2705.0,15.457337011659027
2705.2,15.53262220461222
2705.4,15.369312867552873
2705.6,14.924147254070173
2705.8,15.28128706121863
2706.0,15.030831890001771
2706.2,14.506440366583067
2706.4,15.074090990864462
2706.6,15.712533084250822
2706.8,14.741275610256771
2707.0,15.94916385578954
2707.2,15.81650973336458
2707.4,15.182903239552111
2707.6,15.235008289622305
2707.8,15.129778304608623
2708.0,15.462178404825917
2708.2,14.865065634107918
2708.4,12.670600993711087
2708.6,11.926128888312999
2708.8,12.397421330903695
2709.0,12.425658006921001
2709.2,13.279791158746864
2709.4,13.315166366640828
2709.6,14.476750099738215
2709.8,13.14569128670394
2710.0,14.343501218815192
2710.2,12.527020362815623
2710.4,11.662625337134987
2710.6,12.817751062776686
2710.8,14.235750848971218
2711.0,15.811318995430168
2711.2,15.70779260091134
2711.4,15.724747788990744
2711.6,14.381738118361982
2711.8,13.784615009164318
2712.0,14.585095699577016
2712.2,15.16897517239351
2712.4,14.549910966691481
2712.6,13.573749871112472
2712.8,14.120332524702599
2713.0,13.567495556626099
2713.2,11.530514664654072
2713.4,12.468047421326947
2713.6,13.786014224170739
2713.8,13.444260319523735
2714.0,13.727654977299888
2714.2,14.129742372994844
2714.4,12.080142896618074
2714.6,11.900561750342302
2714.8,11.578447094347169
2715.0,13.743900565695972
2715.2,14.636211817144343
2715.4,13.877750587160946
2715.6,14.730917371638704
2715.8,15.127074292006347
2716.0,15.765514882273582
2716.2,16.39401570320921
2716.4,16.879268079520934
2716.6,16.68065374162806
2716.8,17.99011644029655
2717.0,16.05076284091411
2717.2,16.82479681960022
2717.4,16.504904843127935
2717.6,15.995397773396075
2717.8,15.41271873493083
2718.0,15.989320378117501
2718.2,12.935169433298427
2718.4,12.826971972999521
2718.6,12.62868977761414
2718.8,13.753542978334226
2719.0,15.818790955364122
2719.2,14.1395489351509
2719.4,16.157757717973517
2719.6,16.003200825008324
2719.8,14.382876767812602
2720.0,13.650509107509627
2720.2,13.993815201086917
2720.4,13.367629351588349
2720.6,14.574404824980181
2720.8,14.916374584451331
2721.0,15.539909375114561
2721.2,13.870951359371993
2721.4,14.79343365182799
2721.6,16.154447437584235
2721.8,17.277740089788566
2722.0,16.004553051749138
2722.2,14.326611665256255
2722.4,14.040866987198545
2722.6,15.967194404691353
2722.8,16.557734698716033
2723.0,16.790669115682814
2723.2,16.393608598369244
2723.4,16.540138792140628
2723.6,16.263742483620863
2723.8,15.731577435195764
2724.0,16.182469529344335
2724.2,15.508336053308156
2724.4,14.82571252052461
2724.6,14.63229845650604
2724.8,15.744897653141301
2725.0,15.134691795727623
2725.2,15.564141399630433
2725.4,13.792361081943223
2725.6,12.901035340754852
2725.8,14.695975644891018
2726.0,14.509177304989256
2726.2,14.216271731659468
2726.4,12.879798412839298
2726.6,13.673444989284247
2726.8,14.765018588917865
2727.0,15.302994284777558
2727.2,15.785867558455555
2727.4,17.475479589907266
2727.6,17.512663118516272
2727.8,17.049201854600028
2728.0,19.074292945029786
2728.2,17.829999169601802
2728.4,17.734586264539107
2728.6,17.048617536530323
2728.8,17.78411060784734
2729.0,17.847434139383942
2729.2,18.776566984069166
2729.4,18.881368424987436
2729.6,19.446052413891465
2729.8,18.785008351875817
2730.0,17.705499303253106
2730.2,16.836412778987043
2730.4,18.79476964307233
2730.6,16.225180501060255
2730.8,15.998294122239686
2731.0,17.08969478188828
2731.2,17.505647866642953
2731.4,17.65756614159229
2731.6,18.076235908567742
2731.8,19.089753166173683
2732.0,17.266789311803414
2732.2,18.312092214328562
2732.4,17.74422479867394
2732.6,17.76858890313648
2732.8,15.110181848728576
2733.0,16.163608975843268
2733.2,15.889212330707853
2733.4,17.187018336173207
2733.6,15.969906191343068
2733.8,17.58098545615755
2734.0,16.006693006986726
2734.2,15.612083631566831
2734.4,15.265842991773336
2734.6,14.751196608309874
2734.8,15.326782911827706
2735.0,15.480167587650682
2735.2,16.481891328287716
2735.4,16.36714273197998
2735.6,16.204672015248438
2735.8,16.631013865742148
2736.0,16.409411033587517
2736.2,16.275564899145564
2736.4,15.598965770714075
2736.6,16.917594249587292
2736.8,16.00912910779985
2737.0,15.23930216576783
2737.2,16.57702857509924
2737.4,16.787186576523
2737.6,16.961877948224437
2737.8,16.648695639979273
2738.0,17.629675697744705
2738.2,17.1267609475811
2738.4,18.629207335229466
2738.6,17.391676046309183
2738.8,17.39214984067203
2739.0,16.96480342470527
2739.2,16.876150254129364
2739.4,17.72256951692294
2739.6,17.542778528254207
2739.8,17.54699184141871
2740.0,16.605624272857064
2740.2,16.340969024780094
2740.4,18.22565252725259
2740.6,17.954733677714334
2740.8,18.192367531442702
2741.0,18.135155922520095
2741.2,18.120849874537367
2741.4,17.702128249724954
2741.6,18.01935442786896
2741.8,17.0742299366064
2742.0,18.163819309925504
2742.2,17.758359018427456
2742.4,16.76830173106772
2742.6,17.371245081497904
2742.8,17.101413705350495
2743.0,17.103516624815242
2743.2,17.99519935598216
2743.4,18.099386215140573
2743.6,17.291254111005472
2743.8,18.080681442536182
2744.0,16.674910687736247
2744.2,18.965351655326405
2744.4,18.7173462288446
2744.6,18.657452221650757
2744.8,17.97017936792208
2745.0,18.20219973592269
2745.2,19.024833576465596
2745.4,17.911885590226756
2745.6,18.248775098153033
2745.8,17.57257833066835
2746.0,15.756783544970443
2746.2,13.18190370940922
2746.4,15.006412447307389
2746.6,17.622097746196953
2746.8,16.113315480934705
2747.0,14.583432925456709
2747.2,15.825297548268315
2747.4,16.650136089501725
2747.6,16.63199374482509
2747.8,16.342170648366235
2748.0,14.908129253288793
2748.2,14.49705285039637
2748.4,15.08556277443844
2748.6,15.499912381582952
2748.8,14.721782532336976
2749.0,13.4489504884635
2749.2,12.915155560338544
2749.4,13.417519589130738
2749.6,13.695268568988173
2749.8,11.688221423303185
2750.0,12.017857454976507
2750.2,11.726110241512552
2750.4,10.981606216921078
2750.6,10.66028520583981
2750.8,11.392166691131925
2751.0,11.181793130596505
2751.2,11.06393553396443
2751.4,11.413707380878524
2751.6,10.8907103575649
2751.8,10.97810134840792
2752.0,11.208383227265486
2752.2,11.35949349749849
2752.4,11.095332777312468
2752.6,11.422283154151735
2752.8,11.313081597966178
2753.0,11.44986787086243
2753.2,10.863727781354807
2753.4,10.961664631757127
2753.6,11.158687178327684
2753.8,10.866395179345247
2754.0,11.336250389933937
2754.2,11.680348623205592
2754.4,12.158223513329835
2754.6,11.846478419933415
2754.8,11.140476217173296
2755.0,11.179528922236033
2755.2,11.15751708805394
2755.4,11.619512231874884
2755.6,11.54046884122325
2755.8,11.219784222900174
2756.0,11.443239487238614
2756.2,11.529703766147549
2756.4,11.321889247049647
2756.6,11.316933902444191
2756.8,11.934007474859715
2757.0,12.14134306281699
2757.2,12.090194865685579
2757.4,12.335309060006308
2757.6,12.399650423395677
2757.8,12.608917606743496
2758.0,12.853583457266929
2758.2,13.912018624422718
2758.4,14.591146490385336
2758.6,13.209951992343536
2758.8,13.15373060832391
2759.0,13.363677269514486
2759.2,14.562177205218802
2759.4,14.844906777097766
2759.6,13.585267052894093
2759.8,15.741141162085375
2760.0,15.049223944932187
2760.2,14.76622832145522
2760.4,15.987895682446329
2760.6,15.219310778944257
2760.8,13.230187075762526
2761.0,14.443715370733123
2761.2,15.748918474778977
2761.4,16.2848832812766
2761.6,15.907744650542009
2761.8,16.62574947308583
2762.0,15.90639054195174
2762.2,15.49767167631607
2762.4,16.039061138762058
2762.6,15.6512898736982
2762.8,13.44259288574868
2763.0,14.086787387467538
2763.2,15.261996827733197
2763.4,14.493885263259852
2763.6,14.233890080683052
2763.8,13.897835813954778
2764.0,12.845471875397356
2764.2,12.539224755407101
2764.4,12.071334042526686
2764.6,11.761904179987816
2764.8,11.423277054389924
2765.0,12.076453482417229
2765.2,11.895625001935388
2765.4,11.86961861370597
2765.6,12.538113432539026
2765.8,12.295036472974584
2766.0,13.092012375195065
2766.2,15.327273439192968
2766.4,15.404507898022533
2766.6,16.519127325147892
2766.8,15.589406709405422
2767.0,14.889060720485151
2767.2,17.560805085529772
2767.4,18.185670677601074
2767.6,19.578855687275002
2767.8,18.536979872439485
2768.0,18.941126740679294
2768.2,18.83485644131859
2768.4,18.688002253670465
2768.6,16.796505681045566
2768.8,14.91511101810725
2769.0,15.406323727202512
2769.2,14.751439663872738
2769.4,15.190870235357552
2769.6,12.695901924763888
2769.8,11.809074683414295
2770.0,12.611316622623763
2770.2,13.560508898929626
2770.4,13.781208834438223
2770.6,13.890173159124195
2770.8,14.213567614327937
2771.0,13.937981021300166
2771.2,13.299014021825819
2771.4,12.161521163948043
2771.6,12.196775546205709
2771.8,11.403336519760499
2772.0,11.971781488278701
2772.2,11.84690632862768
2772.4,11.725665487930039
2772.6,12.000905362318036
2772.8,12.413266488467718
2773.0,12.773350814468028
2773.2,13.648652436775318
2773.4,12.773804645992904
2773.6,11.62109381775634
2773.8,13.094729659868818
2774.0,14.08444959316805
2774.2,12.630913830505783
2774.4,12.277117271570075
2774.6,12.664327733522649
2774.8,12.078206403047943
2775.0,11.825382744113055
2775.2,13.103384755277496
2775.4,12.017963899623023
2775.6,11.714822148847023
2775.8,10.944630984684697
2776.0,11.675105238552916
2776.2,13.050868468006005
2776.4,13.810968943781102
2776.6,14.417837957767789
2776.8,13.705443719051619
2777.0,12.460830199445084
2777.2,14.654166411946324
2777.4,14.420012784542815
2777.6,15.627739634698049
2777.8,14.781619262771411
2778.0,15.866351263391971
2778.2,14.768665526801687
2778.4,15.69795889598488
2778.6,14.831445582622306
2778.8,14.177154355247634
2779.0,13.522803619593555
2779.2,14.074190810351228
2779.4,14.410185467900956
2779.6,13.910773362219341
2779.8,13.486862652025014
2780.0,13.085203688563993
2780.2,12.84015293034436
2780.4,12.58650298847392
2780.6,14.176864114289279
2780.8,13.573715181266696
2781.0,11.490161816341946
2781.2,10.852743728738334
2781.4,10.942329903213503
2781.6,11.720612839215939
2781.8,10.709334326704694
2782.0,10.161830147905386
2782.2,10.204553665159501
2782.4,9.906538324206863
2782.6,10.138832783792086
2782.8,9.319967191226787
2783.0,9.871910261171834
2783.2,9.763797206977236
2783.4,9.707558235949751
2783.6,9.884158180765999
2783.8,10.07269453608923
2784.0,10.163103683911762
2784.2,10.660132351582536
2784.4,10.400847210530017
2784.6,10.273164650957513
2784.8,9.85699780415561
2785.0,9.517716839047408
2785.2,9.487548290081113
2785.4,9.948950680657768
2785.6,10.677483479917672
2785.8,10.250677399624394
2786.0,10.701648727240908
2786.2,10.406175674318447
2786.4,10.459375294647344
2786.6,10.438683853433357
2786.8,10.474215812481711
2787.0,10.41022254088335
2787.2,11.266969385433534
2787.4,10.734679849145278
2787.6,11.061562013910395
2787.8,11.338128943694405
2788.0,11.06833455433444
2788.2,11.444581362778894
2788.4,11.0035387216721
2788.6,11.146416511671557
2788.8,11.093588169181835
2789.0,11.645046960549145
2789.2,11.53748824374319
2789.4,11.448423747600735
2789.6,11.006097542775974
2789.8,10.73357316975338
2790.0,10.696303156903044
2790.2,11.192219985732287
2790.4,11.072664927725913
2790.6,11.468150767437956
2790.8,11.286561210944779
2791.0,11.551317080355041
2791.2,10.467102046926355
2791.4,10.887789749851285
2791.6,10.664469799551357
2791.8,10.653748783517642
2792.0,10.238850161439892
2792.2,11.219561550294008
2792.4,11.416719913348244
2792.6,10.593884493609746
2792.8,10.220442372879582
2793.0,10.70368179443838
2793.2,10.963527885109315
2793.4,11.188169196424893
2793.6,10.51082062744571
2793.8,10.938637672144973
2794.0,10.936216088273863
2794.2,10.867396763082633
2794.4,10.649069368635653
2794.6,10.706766762366197
2794.8,10.677737409062251
2795.0,10.665665732824166
2795.2,11.044925472198114
2795.4,10.950081975923244
2795.6,10.811372963599643
2795.8,10.479070561572119
2796.0,10.133133876501583
2796.2,10.318099638699094
2796.4,9.813001083641872
2796.6,10.447439913019124
2796.8,10.488272940350615
2797.0,10.438830104862431
2797.2,10.257223141935034
2797.4,10.994532656144857
2797.6,10.699005702722491
2797.8,10.19812005854587
2798.0,10.338731493334146
2798.2,10.164006337485457
2798.4,10.276490895872247
2798.6,10.364092714314264
2798.8,10.499504109560753
2799.0,10.067123948805097
2799.2,10.475521170041237
2799.4,10.66606662809928
2799.6,10.44873953640498
2799.8,10.29972948137475
2800.0,9.859625577505902
2800.2,9.690308760066436
2800.4,10.188778883719621
2800.6,10.440080656639186
2800.8,10.197446885139044
2801.0,10.00628649898366
2801.2,10.030949270185905
2801.4,10.273679887677101
2801.6,10.38810590261759
2801.8,10.289865888827027
2802.0,9.963517724137997
2802.2,10.23043937331385
2802.4,10.453090197341634
2802.6,10.61775007009409
2802.8,10.42520534854373
2803.0,10.152144928963676
2803.2,10.29243132824137
2803.4,10.15000723780731
2803.6,10.09229315153605
2803.8,10.449874628060806
2804.0,10.440583226667766
2804.2,10.745780513994315
2804.4,10.283887325568529
2804.6,10.1754081303906
2804.8,9.924378284269688
2805.0,9.813105567071036
2805.2,9.534360995527456
2805.4,9.209827331341755
2805.6,9.505678346403194
2805.8,10.30741788772091
2806.0,9.980846701550043
2806.2,9.605624206763949
2806.4,9.524890572281082
2806.6,10.369145587046454
2806.8,9.997448662864182
2807.0,9.938381535587947
2807.2,9.755095444296437
2807.4,9.555410245423712
2807.6,9.175795242221785
2807.8,9.524392248335216
2808.0,9.902046661554497
2808.2,9.48442500856466
2808.4,10.00544081597511
2808.6,9.723562336102209
2808.8,10.187800780338316
2809.0,10.113150229822441
2809.2,10.115259227882143
2809.4,10.147244110600626
2809.6,10.217707413443438
2809.8,10.163727065361744
2810.0,10.336726202385762
2810.2,10.563308477488793
2810.4,10.585646192450538
2810.6,10.266091248688205
2810.8,9.93161919024403
2811.0,9.938770026801462
2811.2,10.685391323739832
2811.4,10.443220464491816
2811.6,9.733152843714697
2811.8,10.161277306322292
2812.0,9.946904122196564
2812.2,10.199321579524653
2812.4,9.769220364175222
2812.6,10.314889363407062
2812.8,10.245292488718903
2813.0,10.439425959538514
2813.2,10.03252813285171
2813.4,9.93968409462721
2813.6,9.893556405817217
2813.8,10.330446463216349
2814.0,9.663713836573052
2814.2,10.153762665552348
2814.4,9.848378422808405
2814.6,9.699661832185965
2814.8,9.651744381084574
2815.0,9.948587089726255
2815.2,10.414423871999503
2815.4,10.843457841996564
2815.6,10.395845270568774
2815.8,9.84739964959627
2816.0,9.823955276434196
2816.2,10.190718369692311
2816.4,9.957976326101962
2816.6,10.076451294984485
2816.8,10.744287048934877
2817.0,10.012642956838713
2817.2,10.550776749962104
2817.4,10.414709497594572
2817.6,10.927206028252066
2817.8,10.84340715564794
2818.0,10.738674966898717
2818.2,10.780502033747625
2818.4,11.002998251138774
2818.6,10.50216697796261
2818.8,10.676189147746067
2819.0,10.502469533211748
2819.2,10.434614050776059
2819.4,10.814759811578472
2819.6,10.707008367052602
2819.8,10.803944842718018
2820.0,10.455086955090994
2820.2,10.820641921274454
2820.4,10.077490449474453
2820.6,10.184231613250777
2820.8,9.715915071123849
2821.0,10.146779295485217
2821.2,10.292850726195192
2821.4,9.917243475495736
2821.6,10.13523300251844
2821.8,10.222469971803159
2822.0,10.367228777573843
2822.2,10.263856738056225
2822.4,10.708529701925503
2822.6,10.591470767621301
2822.8,9.996645518023074
2823.0,10.520869065816512
2823.2,10.144375783371588
2823.4,10.342434927525915
2823.6,10.284540096736164
2823.8,10.423001345406039
2824.0,9.777150494216112
2824.2,9.786619869150986
2824.4,10.067543025476645
2824.6,10.001241072656866
2824.8,10.291701841131795
2825.0,10.587944684516877
2825.2,10.193277536913023
2825.4,10.74865962231393
2825.6,10.78026763087344
2825.8,10.607191254003183
2826.0,10.198395180680684
2826.2,10.432649602746062
2826.4,10.349791132884363
2826.6,10.591769921704126
2826.8,10.541999815140075
2827.0,10.402860428796961
2827.2,10.814381149014773
2827.4,10.765298022726013
2827.6,10.500835225476571
2827.8,10.776248027030736
2828.0,10.42764283450451
2828.2,10.932890535774781
2828.4,10.75688192487809
2828.6,10.989336827604578
2828.8,11.318868078354296
2829.0,11.339242478209696
2829.2,10.546642632968972
2829.4,10.462834424193693
2829.6,10.331920306883378
2829.8,10.079135204069685
2830.0,10.743278733731305
2830.2,10.171838503869504
2830.4,10.638779789215238
2830.6,10.452526013937739
2830.8,10.852916296594099
2831.0,10.70242813142703
2831.2,10.89994463129157
2831.4,10.59689018079077
2831.6,10.318886870599888
2831.8,10.152344268894709
2832.0,10.691779030164078
2832.2,10.322184891184232
2832.4,10.51018867639681
2832.6,10.534436457837462
2832.8,10.284256790315066
2833.0,10.169976217524441
2833.2,10.218194947938592
2833.4,10.629090807013624
2833.6,10.288408749613087
2833.8,10.3436520382333
2834.0,10.24265137272325
2834.2,10.318512991220043
2834.4,10.534596182897058
2834.6,10.265458460664066
2834.8,10.415429433426684
2835.0,9.958652098366954
2835.2,10.277628186892713
2835.4,10.442151940862294
2835.6,10.506889421192813
2835.8,10.068814342917644
2836.0,10.087530851568175
2836.2,10.709848328131956
2836.4,10.895966980580674
2836.6,10.860444896585758
2836.8,10.930417308029796
2837.0,10.995550023086132
2837.2,10.54345712133073
2837.4,11.310517003611968
2837.6,11.05425422857332
2837.8,11.270208282072874
2838.0,11.242971154669842
2838.2,10.817219395241525
2838.4,10.64044171963615
2838.6,11.458027201113687
2838.8,11.279635232391458
2839.0,11.180161746126316
2839.2,11.128391657410834
2839.4,11.232498740368866
2839.6,11.135549800518962
2839.8,11.074362602176922
2840.0,11.158091084830755
2840.2,11.210451043471018
2840.4,11.109444233841742
2840.6,11.550448627464752
2840.8,10.88148835950747
2841.0,10.717873635750193
2841.2,10.59474516114767
2841.4,10.295909080390647
2841.6,10.56041400564218
2841.8,10.362377660837625
2842.0,10.128572499771566
2842.2,10.527612176930589
2842.4,10.73271389571734
2842.6,10.514325800756048
2842.8,10.976214010394816
2843.0,10.231492896281544
2843.2,10.066983359098284
2843.4,10.001291912731162
2843.6,10.115384224239438
2843.8,10.383569832241912
2844.0,10.495543414595147
2844.2,10.645579912646998
2844.4,10.524707308955092
2844.6,10.60788624611596
2844.8,10.55420892391884
2845.0,10.110908352957384
2845.2,10.199604327896349
2845.4,10.223507788516608
2845.6,9.880744205254247
2845.8,10.036587649198518
2846.0,10.30455641293335
2846.2,10.198365088507106
2846.4,10.474806656019382
2846.6,10.323528468757083
2846.8,10.668082935016743
2847.0,10.680601662730076
2847.2,10.802779277522967
2847.4,10.371956254164523
2847.6,10.692467108763053
2847.8,11.026201170421944
2848.0,11.216848834396032
2848.2,11.00593272085311
2848.4,10.860428813331787
2848.6,10.075728836082225
2848.8,10.712224214702603
2849.0,11.295726186217651
2849.2,10.98216603627089
2849.4,11.304388787910764
2849.6,10.706188923770842
2849.8,10.812072149942871
2850.0,10.99528607785
2850.2,10.623318154003575
2850.4,10.8081134049737
2850.6,11.303379767334292
2850.8,11.404216745863467
2851.0,11.933710121670577
2851.2,10.567556819593033
2851.4,10.640841307784614
2851.6,10.402014024513042
2851.8,10.41631899686319
2852.0,10.248811192732894
2852.2,9.86328649667254
2852.4,9.735314722616387
2852.6,9.873364621346179
2852.8,9.727891947219549
2853.0,10.231224123205855
2853.2,9.785275381478979
2853.4,10.103489148158307
2853.6,10.085757006798037
2853.8,9.583508526718326
2854.0,9.49232828249188
2854.2,9.93928452605877
2854.4,9.596871312939637
2854.6,9.574461702703488
2854.8,9.179347077410686
2855.0,9.38487113014832
2855.2,9.399796135366419
2855.4,9.668229711328035
2855.6,9.66857276129469
2855.8,9.741817039021674
2856.0,9.713051118180601
2856.2,9.813012996022852
2856.4,9.87985455595792
2856.6,10.063588897236102
2856.8,10.399928200940938
2857.0,10.182244397385444
2857.2,10.261880743398159
2857.4,10.059304846539412
2857.6,10.283658056303032
2857.8,10.1424194826751
2858.0,10.096458332696255
2858.2,10.362451944380682
2858.4,10.189696170871427
2858.6,10.180438541677086
2858.8,10.053431005615822
2859.0,10.069228834215092
2859.2,9.93307485651038
2859.4,10.316188439338465
2859.6,10.001904104645284
2859.8,10.365926004356147
2860.0,10.11486456198433
2860.2,10.373494547251918
2860.4,10.277014076749445
2860.6,10.1198657616614
2860.8,10.683006781440575
2861.0,10.420716222946654
2861.2,10.424323046445224
2861.4,10.398985814645021
2861.6,10.24792530445762
2861.8,10.13834730705194
2862.0,10.36168930587355
2862.2,10.254212665141633
2862.4,10.042390981279876
2862.6,10.251279593849276
2862.8,10.07681790355787
2863.0,10.073685051517213
2863.2,9.888042520668701
2863.4,9.828732317114742
2863.6,9.873375630844519
2863.8,9.999678813679278
2864.0,10.001817481376577
2864.2,10.056556922687117
2864.4,9.937078209233887
2864.6,10.184825929663004
2864.8,9.967654062738697
2865.0,9.974469866144114
2865.2,10.138708087941525
2865.4,10.06112590973997
2865.6,9.942023668539504
2865.8,9.945062433068387
2866.0,10.184702534160554
2866.2,9.89039922539218
2866.4,10.365799702812451
2866.6,10.25095844946464
2866.8,10.059238646068774
2867.0,10.283746607590771
2867.2,10.340141093199236
2867.4,10.15610489940126
2867.6,10.399502786038346
2867.8,9.926083596463886
2868.0,10.01843070498784
2868.2,9.940670490694464
2868.4,9.799000210187298
2868.6,9.832496884651196
2868.8,9.878938735091634
2869.0,9.86790267397081
2869.2,9.837311581377158
2869.4,9.928439447624482
2869.6,9.803525454712446
2869.8,9.704040377626164
2870.0,9.985066590437695
2870.2,9.541042572508552
2870.4,9.69629013324062
2870.6,9.53706004017599
2870.8,9.76450754359745
2871.0,9.928347864067465
2871.2,9.586258086128147
2871.4,9.87699565179686
2871.6,9.663017868429007
2871.8,9.667072837339122
2872.0,9.619876315405023
2872.2,9.938500483532573
2872.4,9.91815618154082
2872.6,9.344583788749622
2872.8,9.761265285927404
2873.0,9.983067948278775
2873.2,9.854659739770895
2873.4,9.715722317834006
2873.6,9.360060625912046
2873.8,9.6412620125874
2874.0,9.617679064833801
2874.2,9.691672834980679
2874.4,9.841790498328919
2874.6,9.73994921723776
2874.8,9.540375714315532
2875.0,9.61773998629322
2875.2,9.59427931873511
2875.4,9.468124501087287
2875.6,9.757408836868947
2875.8,9.582842590318382
2876.0,9.641828203713617
2876.2,9.762905863515856
2876.4,9.67327170234358
2876.6,9.774084901797766
2876.8,9.555206084100467
2877.0,9.371355704931135
2877.2,9.606690738946051
2877.4,9.233395981361356
2877.6,9.52507020146393
2877.8,9.518472242944286
2878.0,9.471476058951218
2878.2,9.310723329607042
2878.4,9.56322282758252
2878.6,9.347146580438388
2878.8,9.590337016316155
2879.0,9.500730026340255
2879.2,9.869741350964125
2879.4,9.600857489595835
2879.6,10.271961545242124
2879.8,10.297532917912552
2880.0,10.440531961634392
2880.2,10.542050031183013
2880.4,10.852597691176648
2880.6,10.546588021306384
2880.8,11.129568086071504
2881.0,11.038533998563194
2881.2,10.806960674577848
2881.4,10.836847050886773
2881.6,10.489115800405918
2881.8,10.611663746258186
2882.0,11.165773118831305
2882.2,11.504233647616536
2882.4,10.841292475693304
2882.6,10.289426194491828
2882.8,10.306909237201848
2883.0,10.444377534619743
2883.2,10.475403147010368
2883.4,10.131300267107623
2883.6,10.08491652198968
2883.8,10.199814898066762
2884.0,10.58736230220388
2884.2,10.289274727747275
2884.4,10.509685704853979
2884.6,10.520852071140549
2884.8,10.57164313805802
2885.0,10.560962120153514
2885.2,10.649496820538397
2885.4,10.36270905217079
2885.6,10.151529875153663
2885.8,10.005489983724981
2886.0,10.13703988583307
2886.2,10.306291688889855
2886.4,9.716115009455681
2886.6,10.079609209051895
2886.8,10.272953468168796
2887.0,10.107289690655746
2887.2,9.961555754085683
2887.4,10.263886043407418
2887.6,10.70515309811962
2887.8,10.389940783433445
2888.0,10.664796771257981
2888.2,10.154946724264684
2888.4,10.088032819703665
2888.6,10.436069722632293
2888.8,10.456715094496412
2889.0,10.471787046815834
2889.2,9.8952411798834
2889.4,9.848242812733947
2889.6,9.751613351187537
2889.8,10.018438157076861
2890.0,10.167327304715101
2890.2,10.396024727356485
2890.4,10.664445853431644
2890.6,10.835690265780922
2890.8,10.95347471114177
2891.0,11.369441603988983
2891.2,10.797696833020307
2891.4,10.774633702385826
2891.6,10.879186293183627
2891.8,10.784777982081792
2892.0,10.26311631014535
2892.2,10.373618865143154
2892.4,10.51049502265153
2892.6,10.528194042086751
2892.8,10.47861276199946
2893.0,10.41652246181825
2893.2,10.680375265625827
2893.4,10.330929677280164
2893.6,10.60753878625168
2893.8,10.330836932915926
2894.0,10.310400177014706
2894.2,10.552127379592458
2894.4,10.275957980858845
2894.6,10.47964963663575
2894.8,10.250878397517177
2895.0,10.159730852108467
2895.2,10.39932620048842
2895.4,10.105323650975606
2895.6,9.609047544784895
2895.8,9.507043855128934
2896.0,9.510602092452928
2896.2,9.548270411229694
2896.4,9.612524382726749
2896.6,9.925612992947679
2896.8,9.753535296321118
2897.0,9.923429117582302
2897.2,10.113102256503606
2897.4,10.379831854981234
2897.6,9.89165848530141
2897.8,9.953336046352364
2898.0,9.781241522059954
2898.2,9.95254187856313
2898.4,9.899865149341094
2898.6,9.917198035859284
2898.8,9.702593147408535
2899.0,9.97050680500919
2899.2,9.999507172336546
2899.4,9.924983476837387
2899.6,10.099826580926427
2899.8,10.759227213877793
2900.0,11.177181935885482
2900.2,10.744143352433625
2900.4,10.739573427615818
2900.6,10.726779201935114
2900.8,10.63719109971334
2901.0,10.658831389724012
2901.2,10.42743370565563
2901.4,10.684445812383888
2901.6,10.654241610532916
2901.8,10.695027670699686
2902.0,10.89399944659753
2902.2,10.99554362753035
2902.4,10.925621011865672
2902.6,10.966638002067036
2902.8,10.66622302146352
2903.0,10.593896686986277
2903.2,10.545162155202753
2903.4,10.708848551153709
2903.6,10.72236246203375
2903.8,10.788354709579188
2904.0,10.51338905964908
2904.2,10.594070801060987
2904.4,10.691998347183965
2904.6,10.578267064967736
2904.8,10.310373256639352
2905.0,10.086457714954634
2905.2,10.461359346252564
2905.4,10.708824336985401
2905.6,10.442683862496674
2905.8,10.783035737514123
2906.0,10.718229047257031
2906.2,10.839542380014551
2906.4,11.061852263088607
2906.6,11.06423962763741
2906.8,10.84195228123032
2907.0,10.349535158910202
2907.2,10.42387142031119
2907.4,10.525556049501139
2907.6,10.59452663096129
2907.8,10.756234064223493
2908.0,10.178693240419072
2908.2,10.873903568612718
2908.4,10.888595981021506
2908.6,11.152299471343309
2908.8,10.630835490885882
2909.0,11.296137959267751
2909.2,11.213699109759466
2909.4,10.925173572033733
2909.6,10.381824084343878
2909.8,10.6266133700216
2910.0,10.715923161906915
2910.2,10.324770353710074
2910.4,10.481507711440013
2910.6,11.345132655786347
2910.8,10.675521665158039
2911.0,10.98047078626567
2911.2,10.612581844992455
2911.4,10.391226556719316
2911.6,10.706686716156803
2911.8,10.670792429616023
2912.0,11.3586739311458
2912.2,11.057745312164153
2912.4,11.139574988400424
2912.6,10.851296021872976
2912.8,10.923180189838437
2913.0,10.718585213850247
2913.2,10.73480116319893
2913.4,10.847679599838465
2913.6,10.656974052980043
2913.8,10.747721218754332
2914.0,10.639594739096356
2914.2,10.237329864630967
2914.4,10.677307355192497
2914.6,10.722507421877783
2914.8,10.655760053017367
2915.0,10.639003558761427
2915.2,10.603150096625162
2915.4,10.624885150287929
2915.6,10.877454408083304
2915.8,11.19277517825521
2916.0,10.961136399600516
2916.2,11.118508268848492
2916.4,11.257453732384104
2916.6,11.430303218940574
2916.8,11.097686831717134
2917.0,11.265414222086571
2917.2,11.224650439631073
2917.4,11.242267709582825
2917.6,11.52500588115842
2917.8,10.78325831260485
2918.0,10.686603301693143
2918.2,11.23932994101275
2918.4,10.674646203968482
2918.6,11.434280176295763
2918.8,11.04209841604585
2919.0,10.960499649648753
2919.2,10.77901963848169
2919.4,11.020751961613527
2919.6,11.015141427229803
2919.8,11.118860900064202
2920.0,10.779763087691851
2920.2,10.628128928135235
2920.4,10.798008795291308
2920.6,11.179183328248945
2920.8,11.081016072398832
2921.0,11.424729095088109
2921.2,11.175446736614909
2921.4,11.163712943454119
2921.6,11.435985434019596
2921.8,11.064536992667055
2922.0,10.724793387729111
2922.2,10.742370980788095
2922.4,10.80261051506681
2922.6,10.716438784777571
2922.8,10.895532340188609
2923.0,10.925139340307242
2923.2,10.97262054523458
2923.4,10.54638369205046
2923.6,10.860022737095367
2923.8,10.825233237945561
2924.0,10.76367608375542
2924.2,11.011677587691374
2924.4,10.964455833215476
2924.6,11.08069532380096
2924.8,10.906754483065352
2925.0,11.067883701114845
2925.2,10.62277963859029
2925.4,11.101112730510668
2925.6,11.153803076376171
2925.8,10.570095846183952
2926.0,10.964669472531405
2926.2,10.708534415461079
2926.4,10.492862066606119
2926.6,10.622463499389696
2926.8,11.033759824524383
2927.0,10.850439448921119
2927.2,10.445820579639767
2927.4,10.521682336790859
2927.6,10.58325764077143
2927.8,10.256177626731658
2928.0,10.58530370424945
2928.2,10.364689564823728
2928.4,10.593962351392932
2928.6,10.580329440821309
2928.8,10.740643094158504
2929.0,11.09527172608673
2929.2,11.129676648438164
2929.4,11.064934839199589
2929.6,10.80514334721181
2929.8,10.815540653405476
2930.0,10.963822738554402
2930.2,10.820689495047581
2930.4,11.103703881891958
2930.6,10.826339059382716
2930.8,11.241048867329065
2931.0,10.930500933989368
2931.2,10.855595697419112
2931.4,10.782471470109908
2931.6,11.110962612291445
2931.8,10.971957968839872
2932.0,10.887659764051175
2932.2,10.782052507447284
2932.4,11.078972174229717
2932.6,11.345628427918745
2932.8,11.074988100823974
2933.0,11.185093964809669
2933.2,10.942906741755905
2933.4,10.486182522783814
2933.6,10.487696603979224
2933.8,10.483766954751273
2934.0,10.372095093092033
2934.2,10.54373063847498
2934.4,10.620990676300648
2934.6,10.436140964823268
2934.8,10.334851476788455
2935.0,10.136345628618946
2935.2,10.205819367713362
2935.4,9.751511347585286
2935.6,10.3601386115833
2935.8,10.369685628854173
2936.0,10.0787149397344
2936.2,10.290899685882845
2936.4,10.09967001336556
2936.6,10.070572865664628
2936.8,10.053621670080073
2937.0,10.157293498995434
2937.2,10.21714102947763
2937.4,9.840259841328413
2937.6,9.830236369292326
2937.8,10.12768756161253
2938.0,9.970673491510963
2938.2,10.50869477130628
2938.4,10.765025013919885
2938.6,10.731647332676582
2938.8,10.821268879344988
2939.0,10.889660060767067
2939.2,11.103587625389363
2939.4,10.952999754438999
2939.6,10.971613279932814
2939.8,10.938161447044441
2940.0,10.826844337304191
2940.2,10.300409775977844
2940.4,10.436751531655357
2940.6,10.245040714433319
2940.8,10.756369302749354
2941.0,10.8847098158966
2941.2,11.566026589903304
2941.4,10.80629492218556
2941.6,10.951125236097782
2941.8,10.712945429800012
2942.0,10.807154435426398
2942.2,10.554730872126253
2942.4,10.8768574399493
2942.6,10.91419826229816
2942.8,10.355803052325074
2943.0,10.757851380621371
2943.2,10.98159007116297
2943.4,10.76666292494178
2943.6,10.720032005237663
2943.8,11.231092239410565
2944.0,11.11111635206303
2944.2,11.033224780513288
2944.4,11.018730833411341
2944.6,11.244846905422703
2944.8,10.905836377575524
2945.0,10.646033960937544
2945.2,10.887650343477024
2945.4,10.42957546631051
2945.6,11.212870226193346
2945.8,10.9758939552641
2946.0,10.550953368449385
2946.2,10.865182581482948
2946.4,10.821909424898504
2946.6,11.077256622713804
2946.8,11.01740916021856
2947.0,10.741140976988877
2947.2,10.628611940700596
2947.4,10.673357581125662
2947.6,10.760057831375825
2947.8,10.743262910763685
2948.0,10.986144638046465
2948.2,11.01906724002691
2948.4,10.99824787161481
2948.6,11.007563427664344
2948.8,10.799192242387669
2949.0,11.126157867060005
2949.2,10.815003880487737
2949.4,11.00576080861942
2949.6,11.3356030166638
2949.8,11.04519306957605
2950.0,11.129982294279285
2950.2,11.113377035354507
2950.4,11.161868320426056
2950.6,10.577175480755853
2950.8,10.69891203433162
2951.0,10.399367570541164
2951.2,10.596779196183078
2951.4,10.27993153192793
2951.6,10.338890917877439
2951.8,9.85335211960386
2952.0,10.223961572643885
2952.2,10.50502965829759
2952.4,10.624373153955924
2952.6,10.822336460585728
2952.8,10.483999313116964
2953.0,10.301973323581695
2953.2,10.675176455918063
2953.4,10.584815789430444
2953.6,10.574110777962156
2953.8,10.648127176086886
2954.0,10.622734769879704
2954.2,10.452955544950065
2954.4,10.171142170074496
2954.6,10.217830329404215
2954.8,10.146044305285727
2955.0,10.2306560589257
2955.2,10.395715378043667
2955.4,10.272764723446922
2955.6,10.217748138377889
2955.8,10.033514865313798
2956.0,10.069511344788022
2956.2,10.035441458093146
2956.4,10.274949020144703
2956.6,10.056856316685309
2956.8,10.533461968937354
2957.0,10.615835816785793
2957.2,10.949094828041579
2957.4,10.697707934385184
2957.6,10.690133654195115
2957.8,11.205063685697302
2958.0,10.32319169649358
2958.2,10.92319675874823
2958.4,10.743431368088668
2958.6,10.534972091337902
2958.8,11.09944076766061
2959.0,11.168670036856678
2959.2,10.593719966235088
2959.4,9.952426926118415
2959.6,10.261778227033817
2959.8,10.23388011676489
2960.0,10.16749216797768
2960.2,10.02499405679033
2960.4,10.383089439514423
2960.6,10.531905898628706
2960.8,10.33653749303565
2961.0,10.458336548938687
2961.2,10.607401573415295
2961.4,10.065428384249861
2961.6,10.294353274523447
2961.8,10.087939472593998
2962.0,10.031115092639764
2962.2,10.151665215944274
2962.4,10.480652970346686
2962.6,10.14486423680269
2962.8,10.17492391046993
2963.0,10.198665580049827
2963.2,10.231819626601506
2963.4,10.142668372620992
2963.6,10.232028534524343
2963.8,10.676122578118841
2964.0,10.868036994150383
2964.2,10.795858088944357
2964.4,10.886326992759052
2964.6,10.367255722014184
2964.8,10.54278424043632
2965.0,10.48872648658288
2965.2,10.747341158127178
2965.4,10.692580943474352
2965.6,10.35754632896895
2965.8,10.186786407113445
2966.0,10.065271702886038
2966.2,10.141778604767925
2966.4,9.836482873231654
2966.6,10.182047658056357
2966.8,9.899783567928928
2967.0,10.420807393293966
2967.2,10.122780061040686
2967.4,10.05993152402387
2967.6,10.1076346571862
2967.8,10.342825884556785
2968.0,9.801147087318267
2968.2,10.021920624405798
2968.4,10.329900727967216
2968.6,10.122324376681895
2968.8,10.456660785208253
2969.0,10.067421324415308
2969.2,10.302186104745378
2969.4,10.003243197385054
2969.6,10.401202956024342
2969.8,10.346763313846044
2970.0,9.782810486457642
2970.2,10.543246198012193
2970.4,10.117617631886734
2970.6,10.276989269405401
2970.8,9.84391134369428
2971.0,10.10028123976089
2971.2,10.006145210287787
2971.4,10.340388939644512
2971.6,10.310454296183348
2971.8,9.608534655474388
2972.0,9.75986755987601
2972.2,9.833274288277998
2972.4,9.848515583052654
2972.6,9.787087315694919
2972.8,9.841808810990432
2973.0,10.122681428059735
2973.2,10.114927007207612
2973.4,10.49065421902495
2973.6,10.636837961410459
2973.8,10.079126539423793
2974.0,9.891682087235136
2974.2,9.896761355620239
2974.4,9.67641053821189
2974.6,9.912466693671746
2974.8,9.84747080926355
2975.0,9.739285824876893
2975.2,10.086496816771744
2975.4,9.948457763464654
2975.6,9.715526209265859
2975.8,9.825540241993318
2976.0,9.86979022903411
2976.2,9.982565794434198
2976.4,9.856041140071191
2976.6,10.061247514807576
2976.8,10.183118037784716
2977.0,9.71886724942577
2977.2,10.247871241668314
2977.4,9.99214866622619
2977.6,10.095817308425634
2977.8,9.912862669706554
2978.0,9.96044512412547
2978.2,9.938811261002204
2978.4,9.82680277070559
2978.6,10.247496291919083
2978.8,10.130879509433132
2979.0,9.917203990028277
2979.2,10.16669953713797
2979.4,9.981368004805262
2979.6,10.146490868666557
2979.8,10.058110102639656
2980.0,10.247075586380701
2980.2,10.490023382151456
2980.4,10.6263926920493
2980.6,9.95223161311051
2980.8,10.020989415158333
2981.0,10.054901579599072
2981.2,9.908947218101053
2981.4,10.544294682657522
2981.6,9.62197176866779
2981.8,10.026495326347696
2982.0,10.161308705573248
2982.2,10.166020894243816
2982.4,10.060262344154154
2982.6,10.279822397807894
2982.8,9.992069113911565
2983.0,10.06156120118668
2983.2,10.040686676329617
2983.4,10.127423231686677
2983.6,10.172760366498208
2983.8,10.006064591637667
2984.0,9.952035663869369
2984.2,10.071858840843797
2984.4,10.10288647816153
2984.6,10.043303540504137
2984.8,10.432446435377646
2985.0,10.505418043545248
2985.2,10.539821069242091
2985.4,10.775746827204426
2985.6,10.846741670766347
2985.8,10.61883325822208
2986.0,10.545549997945429
2986.2,11.356691289765786
2986.4,12.412612290713454
2986.6,12.303666114635137
2986.8,11.83272065174296
2987.0,11.733115938094723
2987.2,11.487413993876281
2987.4,11.478675648249935
2987.6,11.31985665194115
2987.8,11.234613566223736
2988.0,11.08372773616231
2988.2,11.442938407346956
2988.4,11.441453396431116
2988.6,11.40948329549997
2988.8,11.492658958183565
2989.0,11.123266366212274
2989.2,11.071967062979528
2989.4,11.558061085199093
2989.6,12.172211315362858
2989.8,10.965076599632717
2990.0,11.208300457891662
2990.2,10.802707695423237
2990.4,10.987288439325859
2990.6,10.42864487449041
2990.8,9.894123555554211
2991.0,10.500844251368836
2991.2,10.460550695161476
2991.4,9.980013159296272
2991.6,10.017660082753935
2991.8,10.074825051013022
2992.0,10.249385229153123
2992.2,10.473897681759272
2992.4,10.786459066186056
2992.6,10.526270619749724
2992.8,10.265581830325555
2993.0,11.671904900536884
2993.2,11.922243146096392
2993.4,11.917189570882075
2993.6,12.595984420516679
2993.8,13.410446143141598
2994.0,12.71881410397752
2994.2,12.760782480347556
2994.4,14.260506010483349
2994.6,14.753840284503141
2994.8,14.12709739973981
2995.0,12.98314545415959
2995.2,13.606773426820546
2995.4,13.278491082165642
2995.6,14.045419712604524
2995.8,13.703643259021277
2996.0,12.377820279568631
2996.2,13.513277268290643
2996.4,14.505212533396076
2996.6,14.239028396681565
2996.8,12.671247834956603
2997.0,12.0920575923892
2997.2,13.91561223513219
2997.4,12.418442824525204
2997.6,13.65175439860983
2997.8,14.102866146161332
2998.0,14.569672258178755
2998.2,13.93234427617714
2998.4,16.17124698473787
2998.6,16.211840168874506
2998.8,16.894008058447653
2999.0,17.169861943205483
2999.2,16.424217043265486
2999.4,13.946289180768348
2999.6,13.511670760010201
2999.8,12.771994678549031
3000.0,14.667531513963862
3000.2,13.697643664173377
3000.4,13.851577289528281
3000.6,14.809508410442795
3000.8,14.901413838810829
3001.0,14.671543041692882
3001.2,15.542706404864308
3001.4,15.234327193024079
3001.6,15.404478439437153
3001.8,15.143411259267786
3002.0,14.829772619232365
3002.2,15.214579303385953
3002.4,15.703468832259542
3002.6,14.48205110212424
3002.8,12.695898195053834
3003.0,13.441833544177184
3003.2,13.017434475641146
3003.4,12.361220903203252
3003.6,12.151487392882823
3003.8,11.230346079920729
3004.0,12.06728910507686
3004.2,11.716881769487536
3004.4,10.497787355226682
3004.6,11.61442630137734
3004.8,10.770198347006882
3005.0,11.171277801206365
3005.2,10.896358502433113
3005.4,9.732083333654472
3005.6,9.97125380820456
3005.8,10.48629058135315
3006.0,10.78652444537669
3006.2,11.26884412347713
3006.4,10.791104109652581
3006.6,10.682752768692465
3006.8,10.954023272514169
3007.0,11.494905909432035
3007.2,11.0583030898234
3007.4,11.773819183268186
3007.6,11.746266868734434
3007.8,10.657437444032746
3008.0,10.22528454053133
3008.2,12.215734018329854
3008.4,11.23736051338113
3008.6,12.761039408103187
3008.8,12.987827537669878
3009.0,13.091799746877426
3009.2,12.482882268879635
3009.4,13.121616186119816
3009.6,13.110877685442228
3009.8,12.39531674227952
3010.0,12.223309169140364
3010.2,12.100218029036505
3010.4,12.276344173303746
3010.6,12.913411655252997
3010.8,11.8177190213108
3011.0,13.24656436906948
3011.2,12.241608500702274
3011.4,12.071852458282565
3011.6,12.405015328227439
3011.8,12.084577244267894
3012.0,12.274017880917881
3012.2,10.901930752892472
3012.4,11.466832844186944
3012.6,11.860412416998816
3012.8,12.062553216420987
3013.0,11.03587818761521
3013.2,10.491530832478063
3013.4,10.987611788787149
3013.6,10.912368205722167
3013.8,10.732429101122918
3014.0,10.700873625149166
3014.2,11.677280849760445
3014.4,12.202360255293437
3014.6,11.496312577311729
3014.8,11.575906195127839
3015.0,12.125163098518394
3015.2,12.799058431907424
3015.4,12.592354401322627
3015.6,10.852524355494443
3015.8,10.773441855674005
3016.0,10.9255654521355
3016.2,11.571665531297464
3016.4,11.858600705322939
3016.6,11.52766636026188
3016.8,11.062726953853312
3017.0,11.045431218245064
3017.2,12.085768933938672
3017.4,11.913020518288103
3017.6,13.263123192185194
3017.8,13.44562643254964
3018.0,11.835026075142094
3018.2,11.450943360125766
3018.4,12.165719392373857
3018.6,11.23078908587954
3018.8,11.068596235731036
3019.0,10.897376917881807
3019.2,10.546674798930763
3019.4,10.531780996226821
3019.6,10.783206058700701
3019.8,10.990810233660309
3020.0,11.200578182942056
3020.2,11.227544300216774
3020.4,11.308960694327002
3020.6,10.61224080906359
3020.8,10.849602494293931
3021.0,10.722710211489787
3021.2,12.091338057437593
3021.4,11.67428310544431
3021.6,11.636693523560165
3021.8,11.12475488688985
3022.0,11.448063309654755
3022.2,11.129201549578497
3022.4,11.137544043070829
3022.6,11.130514662757008
3022.8,11.656434052085917
3023.0,10.534956873305983
3023.2,11.346168733609794
3023.4,10.408678830155704
3023.6,10.193167337857972
3023.8,9.893123188943887
3024.0,10.304170879806227
3024.2,10.14376207420321
3024.4,9.99272198435275
3024.6,9.917552010042952
3024.8,10.228914669118662
3025.0,10.12591603302676
3025.2,10.391133312646998
3025.4,10.53476691130692
3025.6,10.133623069734696
3025.8,10.339844598365977
3026.0,10.786775506951972
3026.2,10.38191563852858
3026.4,11.790892511116715
3026.6,11.818307158540438
3026.8,10.978694454514741
3027.0,11.20902292380018
3027.2,10.735562772153388
3027.4,9.907077841863723
3027.6,9.949437982382484
3027.8,10.345139136942809
3028.0,9.510061134245062
3028.2,9.32554784092467
3028.4,9.55044317002622
3028.6,10.134606457418649
3028.8,10.52545729481582
3029.0,10.12586035347492
3029.2,11.382407498772801
3029.4,10.71372132127186
3029.6,10.31442065054419
3029.8,10.86273394145776
3030.0,11.32814510764522
3030.2,11.520818285635118
3030.4,10.885291494402745
3030.6,12.489047601090286
3030.8,12.767531888229298
3031.0,14.454666659045504
3031.2,14.568818640037712
3031.4,13.91619271835371
3031.6,13.082888502968474
3031.8,12.708382163054825
3032.0,13.028695986101749
3032.2,13.393693042682633
3032.4,12.964585793137056
3032.6,13.689698584953467
3032.8,13.161294164095303
3033.0,12.98101248766759
3033.2,12.425798993976658
3033.4,12.94702727857927
3033.6,12.546786188706644
3033.8,12.429440197117561
3034.0,12.55050025229907
3034.2,14.724834772475804
3034.4,14.592780006007462
3034.6,16.630956028816847
3034.8,15.299058700302231
3035.0,13.119535095316575
3035.2,14.009118599427172
3035.4,13.036919461082967
3035.6,12.491483836967156
3035.8,13.083579465559112
3036.0,12.990498677532443
3036.2,13.695136843974765
3036.4,13.430383957929715
3036.6,14.689580110727125
3036.8,14.639626599659792
3037.0,14.253558282826456
3037.2,15.61805279917699
3037.4,14.785581412572267
3037.6,14.257341387135723
3037.8,13.887960645568446
3038.0,13.888871172575541
3038.2,15.576616264870186
3038.4,16.26099999982834
3038.6,14.648689964146104
3038.8,12.97334201397653
3039.0,13.923822625998408
3039.2,12.332760612761781
3039.4,12.220707308032765
3039.6,12.470804685102381
3039.8,11.60982768086382
3040.0,11.506172130670278
3040.2,10.165682198182008
3040.4,11.05958829745293
3040.6,11.403748663651644
3040.8,12.295219374870117
3041.0,11.210174409973936
3041.2,11.23041040895358
3041.4,10.698123262906101
3041.6,11.03159649075896
3041.8,10.951826906766124
3042.0,12.150697382915197
3042.2,11.622826506702967
3042.4,11.695540057631142
3042.6,10.645485220958959
3042.8,11.509580877545414
3043.0,11.674603379962981
3043.2,11.350538544232593
3043.4,11.602324580838326
3043.6,10.977560375591732
3043.8,10.196644660653329
3044.0,10.149882487474443
3044.2,9.92025865831663
3044.4,9.91349943534017
3044.6,10.193477761328694
3044.8,9.889206505722651
3045.0,9.8699840917823
3045.2,9.532160305213104
3045.4,9.4055649410146
3045.6,10.192604020184815
3045.8,10.562972725500629
3046.0,10.168189149355388
3046.2,10.085202604673709
3046.4,9.85756200317573
3046.6,10.153085001404174
3046.8,10.154279536621754
3047.0,10.593353524062488
3047.2,10.453258993800674
3047.4,10.892783527285188
3047.6,11.372580033531516
3047.8,11.010203347756171
3048.0,11.3621821460973
3048.2,10.775074248420912
3048.4,10.774901098547527
3048.6,10.196945611389381
3048.8,10.907830440635829
3049.0,10.05766578986098
3049.2,10.681120892787472
3049.4,10.703442964808694
3049.6,10.528011485304567
3049.8,10.648042247961481
3050.0,10.22200904432754
3050.2,10.256851128316828
3050.4,10.442401441104183
3050.6,10.445226915181795
3050.8,11.567241514324092
3051.0,11.927135820880256
3051.2,11.456307193460981
3051.4,10.82223367185402
3051.6,10.576025880525208
3051.8,11.736007192941962
3052.0,11.206827793101697
3052.2,11.544292699612429
3052.4,10.91662136947548
3052.6,10.951760338186748
3052.8,10.744811427255659
3053.0,10.438189003225629
3053.2,11.19531288925935
3053.4,9.794936428178724
3053.6,9.731172760600177
3053.8,9.852558839302915
3054.0,10.630852518619786
3054.2,10.29339124674359
3054.4,10.493247151747338
3054.6,11.126901444858635
3054.8,11.27923080583114
3055.0,11.096862175645366
3055.2,11.47327565688878
3055.4,11.148783953852345
3055.6,11.692358799857805
3055.8,11.558969010629351
3056.0,11.599565151107878
3056.2,12.404256297413234
3056.4,11.470798696924295
3056.6,12.212147467282897
3056.8,14.080857323011433
3057.0,13.76724966249063
3057.2,13.840995843403974
3057.4,15.294898164772253
3057.6,15.593898279227144
3057.8,15.765511847655038
3058.0,14.559294100656466
3058.2,14.378432799379704
3058.4,13.344637623633062
3058.6,14.272563497735717
3058.8,13.955535397754264
3059.0,14.493836183068309
3059.2,13.829906285033324
3059.4,12.97690462927762
3059.6,13.038427523600195
3059.8,14.275821924801324
3060.0,15.02384190726911
3060.2,13.921452782109316
3060.4,14.073064059501593
3060.6,15.728321574609323
3060.8,16.24791415312052
3061.0,17.54216284071972
3061.2,19.413706605716584
3061.4,17.63991136736143
3061.6,14.701359605555444
3061.8,14.838553100533879
3062.0,14.224741398408689
3062.2,14.546434611946882
3062.4,15.478330215056964
3062.6,14.184045398447251
3062.8,12.445574447568738
3063.0,11.416438299775916
3063.2,12.438490963556635
3063.4,11.333129867233877
3063.6,11.963358337884092
3063.8,12.414964159581674
3064.0,12.492452166004021
3064.2,14.26351682778272
3064.4,13.261215101195988
3064.6,14.249081418429302
3064.8,15.91185306321006
3065.0,16.371511032084705
3065.2,16.8183825900416
3065.4,16.081044110404477
3065.6,16.875804043866065
3065.8,14.758262136729947
3066.0,14.375443730045784
3066.2,13.793930125804355
3066.4,14.27758436407856
3066.6,14.573575272166199
3066.8,14.355739419479068
3067.0,12.765714149393425
3067.2,10.912940735036273
3067.4,11.729182082528373
3067.6,12.513569152364019
3067.8,14.108852707862038
3068.0,15.880777516862626
3068.2,15.49681980921018
3068.4,16.15387941761145
3068.6,17.45324020762399
3068.8,16.408648319760534
3069.0,17.094080967163066
3069.2,16.254855714030402
3069.4,15.376184962124043
3069.6,13.560362748835804
3069.8,14.485639516399571
3070.0,15.579230002907693
3070.2,15.690467680332938
3070.4,15.64869938718896
3070.6,16.49836798902796
3070.8,17.796603821564272
3071.0,17.148574867864607
3071.2,15.42869653259464
3071.4,15.587262170157853
3071.6,15.721720724642827
3071.8,15.64033390457909
3072.0,15.769746577114187
3072.2,14.686549637173783
3072.4,15.738079620035636
3072.6,16.168350410750037
3072.8,16.141756754041346
3073.0,15.965480574602537
3073.2,14.336503187509068
3073.4,13.682673150894614
3073.6,16.23146766963526
3073.8,15.79379897626065
3074.0,16.471971836993443
3074.2,16.728764747227437
3074.4,17.46887902576111
3074.6,16.825651081991733
3074.8,15.868581718616067
3075.0,13.518965811054866
3075.2,12.2948425554822
3075.4,12.7948818258665
3075.6,11.186615999050725
3075.8,10.873832954517553
3076.0,11.812874531686646
3076.2,11.250014227701588
3076.4,13.119226234065174
3076.6,12.56490886479077
3076.8,13.569772352049034
3077.0,13.460212902557952
3077.2,14.686070054139346
3077.4,15.88646755617556
3077.6,16.573878687562193
3077.8,15.17370096988259
3078.0,16.384359661412383
3078.2,17.418860635591123
3078.4,18.6924147609496
3078.6,20.234604597734254
3078.8,16.63310494262592
3079.0,14.87122610565412
3079.2,17.122592312775865
3079.4,15.842863212817344
3079.6,15.760250131427851
3079.8,14.131766262318184
3080.0,14.698685196745823
3080.2,13.175794536095673
3080.4,15.36011737513553
3080.6,15.444179073949943
3080.8,15.679719962981618
3081.0,14.849810733353298
3081.2,13.649352891659838
3081.4,13.333045589150707
3081.6,14.027406980656334
3081.8,14.294215656252005
3082.0,15.505109844433365
3082.2,16.59662552739679
3082.4,16.051448318842468
3082.6,15.9036991073759
3082.8,15.633044531049872
3083.0,17.20444948083271
3083.2,16.38730155930839
3083.4,13.930908853566656
3083.6,14.286015447514075
3083.8,13.718253276607136
3084.0,13.472519910111053
3084.2,12.951366736073242
3084.4,13.588079226616545
3084.6,12.106914906164285
3084.8,11.283152759601702
3085.0,11.543386192847368
3085.2,11.973354959196598
3085.4,13.737730835597935
3085.6,13.120293916940284
3085.8,13.454289159530994
3086.0,13.854968390016904
3086.2,14.169168392887482
3086.4,14.831777007293567
3086.6,14.787129544945603
3086.8,13.429361659454361
3087.0,14.58330602127168
3087.2,13.918741605267641
3087.4,13.23008194339283
3087.6,12.676171337925126
3087.8,14.317101122266374
3088.0,12.919360622319992
3088.2,13.145317500706142
3088.4,14.483178670238877
3088.6,13.478314355408704
3088.8,15.311951464006171
3089.0,13.086456320210155
3089.2,13.98949888284761
3089.4,14.069017323844026
3089.6,13.821583104573069
3089.8,12.458644183706447
3090.0,12.199547425805067
3090.2,11.234426103125566
3090.4,12.233426939864122
3090.6,13.16700861864562
3090.8,15.637466909081045
3091.0,13.247548995206436
3091.2,15.738795886435033
3091.4,14.227271057714812
3091.6,13.793791267890823
3091.8,14.078382190356402
3092.0,14.306605429552784
3092.2,15.379471197168792
3092.4,13.33569156933872
3092.6,11.283408605950163
3092.8,12.316936569964575
3093.0,12.384662819383049
3093.2,11.738236846609876
3093.4,10.806771970320327
3093.6,9.86116168596944
3093.8,10.425459966839492
3094.0,10.38340475745213
3094.2,10.730333532512955
3094.4,9.510490803900439
3094.6,9.907092595633367
3094.8,10.441827510930526
3095.0,12.259936541079234
3095.2,14.016666238454576
3095.4,12.017613054073324
3095.6,12.88152867801709
3095.8,13.400053704704352
3096.0,15.04504784371306
3096.2,14.381673302776347
3096.4,15.51246142433033
3096.6,14.746418416509195
3096.8,14.981116447199533
3097.0,13.529112697168566
3097.2,16.41328943595996
3097.4,16.46300362068751
3097.6,17.538700342105535
3097.8,16.69605362409718
3098.0,17.10233559145612
3098.2,14.658125120539033
3098.4,15.497559007514546
3098.6,17.534831755732764
3098.8,17.75347863629056
3099.0,16.968987039678964
3099.2,16.17661309354941
3099.4,17.62096540778076
3099.6,17.3198998587115
3099.8,18.13167596143258
3100.0,16.885680458813063
3100.2,17.87654258560054
3100.4,17.48164568729005
3100.6,18.216385082778004
3100.8,18.30845798618805
3101.0,17.017659359955715
3101.2,18.773144727979304
3101.4,18.835149697235572
3101.6,17.52657050374849
3101.8,16.45890235230786
3102.0,16.791046929255135
3102.2,17.810231016794216
3102.4,17.02882222870865
3102.6,16.51728804261474
3102.8,15.558342023814902
3103.0,14.472653490223523
3103.2,14.362148880166508
3103.4,13.113373260297895
3103.6,14.51498563203544
3103.8,15.551555009475974
3104.0,15.540000538316676
3104.2,16.492143473018594
3104.4,17.667277040760208
3104.6,17.547595544843098
3104.8,19.41595671372046
3105.0,18.889344896292208
3105.2,16.255213177054447
3105.4,18.087266448833397
3105.6,18.008227893709453
3105.8,18.345109425394057
3106.0,16.856899953073903
3106.2,18.017007937454423
3106.4,18.057755107748935
3106.6,19.393431377007893
3106.8,18.199965837554952
3107.0,19.09564868255614
3107.2,18.61029847568294
3107.4,19.019827557710453
3107.6,18.18055322291341
3107.8,19.063776806287027
3108.0,18.53455137942146
3108.2,18.586308311213966
3108.4,19.01286329376185
3108.6,18.181052171916043
3108.8,17.74930527661103
3109.0,17.377605849692138
3109.2,18.596728750808825
3109.4,19.431613478419763
3109.6,19.264430654590356
3109.8,19.897104091322856
3110.0,19.50516633741086
3110.2,18.410601828554142
3110.4,19.60552529486073
3110.6,19.71701451436743
3110.8,18.893802786896632
3111.0,18.618773508593936
3111.2,19.090429336069718
3111.4,17.896070207360175
3111.6,18.34366653075483
3111.8,17.723094919762488
3112.0,17.352014838731492
3112.2,16.390982602313553
3112.4,17.20134847821335
3112.6,19.88783049655387
3112.8,18.755122545934185
3113.0,19.085313440022844
3113.2,17.816337889553743
3113.4,17.477186716048315
3113.6,19.539805844948475
3113.8,16.726544702330305
3114.0,17.40307748485079
3114.2,17.686280792274896
3114.4,17.18093611741976
3114.6,18.34341145089543
3114.8,18.251284192184812
3115.0,18.277606202943662
3115.2,19.37572590698824
3115.4,18.146709903881007
3115.6,18.520665611541688
3115.8,16.959020271328807
3116.0,16.59641547051929
3116.2,17.78685992743312
3116.4,18.55746591500111
3116.6,18.712302745554144
3116.8,18.387260610170927
3117.0,18.03501754959055
3117.2,18.347130723081264
3117.4,17.75844904179155
3117.6,18.65872784067501
3117.8,19.575558449835487
3118.0,18.151291314208397
3118.2,17.93922387899457
3118.4,18.814813153141078
3118.6,18.856146775483662
3118.8,17.902927097535112
3119.0,16.524175136758668
3119.2,17.10399669265251
3119.4,16.094573331720742
3119.6,16.666575931429225
3119.8,15.721632696727921
3120.0,16.1292854045772
3120.2,17.39213426055151
3120.4,15.942952143107336
3120.6,15.218088660219477
3120.8,16.165791736272933
3121.0,17.76645064945839
3121.2,17.856100204906962
3121.4,16.308494222670824
3121.6,15.133245138875626
3121.8,16.19871919089516
3122.0,16.841607799091026
3122.2,17.406444816853984
3122.4,16.55373101852053
3122.6,18.60320116439325
3122.8,18.76205929199492
3123.0,18.32515450764751
3123.2,17.522297418290403
3123.4,16.91205274110716
3123.6,15.161214942047126
3123.8,16.294524076068583
3124.0,14.933978510853523
3124.2,15.13942567896125
3124.4,16.752590683870235
3124.6,16.152012502329754
3124.8,17.078590530717246
3125.0,18.665490840145075
3125.2,18.253958219109848
3125.4,17.384336585714742
3125.6,17.22045676051046
3125.8,17.115583081431662
3126.0,17.881051495419435
3126.2,16.92115013260863
3126.4,16.828036043398274
3126.6,17.35629301829787
3126.8,15.550511744037012
3127.0,15.363783673335087
3127.2,15.811457708785932
3127.4,16.505764005257856
3127.6,15.754858988601082
3127.8,17.135592347846345
3128.0,16.92153047754433
3128.2,18.145138343424005
3128.4,18.574216867441685
3128.6,17.9321954714316
3128.8,18.07863344949312
3129.0,19.27219233058881
3129.2,17.610526411951362
3129.4,17.409618007037814
3129.6,17.311220346956905
3129.8,16.091493548164756
3130.0,16.63057154721613
3130.2,16.11726717554993
3130.4,17.303661278470944
3130.6,16.52820301600004
3130.8,17.08438157178218
3131.0,17.938419998273996
3131.2,18.293527136435536
3131.4,18.450606573196616
3131.6,18.731189511759688
3131.8,18.880479174519273
3132.0,18.081115499762365
3132.2,19.191941683996294
3132.4,16.9081631093976
3132.6,15.313177067846125
3132.8,15.29801165167947
3133.0,17.424771957150003
3133.2,17.507732798358646
3133.4,16.324187464340632
3133.6,17.777715349282033
3133.8,17.406775353718842
3134.0,17.813175897116754
3134.2,17.119915052876205
3134.4,16.750672727993773
3134.6,16.530422458484303
3134.8,18.132134070046057
3135.0,18.157839194401316
3135.2,18.807267393120433
3135.4,17.62861883592292
3135.6,19.130499056458735
3135.8,17.531224845368428
3136.0,16.949045333133007
3136.2,17.37940864775926
3136.4,17.62082606000314
3136.6,17.98798252109249
3136.8,18.284056793974056
3137.0,17.616627192951306
3137.2,16.800590276596374
3137.4,16.89151640834965
3137.6,17.62709284236959
3137.8,16.065602037779012
3138.0,16.516619923323713
3138.2,15.286340694186674
3138.4,16.660710828540317
3138.6,16.510044525034907
3138.8,16.20350617386634
3139.0,17.397877031579863
3139.2,17.400292312932436
3139.4,17.166353825744537
3139.6,15.192269379026675
3139.8,16.827435136119696
3140.0,15.892838111104808
3140.2,17.6477150400426
3140.4,19.7124241642044
3140.6,17.746833315633847
3140.8,17.414802973120537
3141.0,17.32408975689699
3141.2,18.993952216043727
3141.4,18.642266820869242
3141.6,19.696588084228225
3141.8,19.1431852397194
3142.0,18.63109761491239
3142.2,20.301005350158675
3142.4,20.039735311466625
3142.6,20.304061196287048
3142.8,19.16987234526374
3143.0,19.253858860304117
3143.2,18.758737985134765
3143.4,18.497030502623957
3143.6,19.991729305636532
3143.8,18.898660560964863
3144.0,18.332744005139997
3144.2,18.041436250593282
3144.4,18.972235521633614
3144.6,17.25965594978373
3144.8,16.06394490141642
3145.0,15.454685302795806
3145.2,14.522479756944207
3145.4,15.490669739099372
3145.6,16.803025104002334
3145.8,17.485510865808862
3146.0,16.83047744651126
3146.2,16.48119947935294
3146.4,17.703021015533487
3146.6,16.54126756524837
3146.8,16.121683943255558
3147.0,19.871397738403488
3147.2,17.27411261483437
3147.4,14.90249112243458
3147.6,13.696535839667124
3147.8,14.089891228901068
3148.0,14.181118298461957
3148.2,15.003154933948213
3148.4,15.337738593523774
3148.6,14.460396313508612
3148.8,15.801510590098298
3149.0,15.486502922637229
3149.2,16.41562088338339
3149.4,14.801195218687823
3149.6,14.327807500545058
3149.8,12.58219215595939
3150.0,11.545713931340938
3150.2,11.44483990072301
3150.4,11.789329940811992
3150.6,10.738016879983993
3150.8,11.68942554839978
3151.0,11.676717696516434
3151.2,12.516445505580718
3151.4,13.003834493952464
3151.6,12.619432417983559
3151.8,12.088180477397357
3152.0,11.632606135418628
3152.2,12.052239350816192
3152.4,12.664485355092587
3152.6,12.24898651965865
3152.8,12.708101350007759
3153.0,12.297476794866506
3153.2,13.810288362449818
3153.4,14.548351995651851
3153.6,14.793788531913298
3153.8,14.297355375331298
3154.0,12.945365071409263
3154.2,12.579267328143352
3154.4,15.688187785217485
3154.6,15.007746273075766
3154.8,14.806392280090447
3155.0,15.512371588648037
3155.2,14.528451423445048
3155.4,13.757334133151337
3155.6,13.608459243517792
3155.8,13.909447110629012
3156.0,13.983041591504078
3156.2,14.817858272508676
3156.4,14.621918991233375
3156.6,15.680381305791302
3156.8,15.488531030252675
3157.0,15.422971783894749
3157.2,15.372084725440612
3157.4,15.603411491479767
3157.6,15.310254335735173
3157.8,15.62416214285795
3158.0,15.894666631193441
3158.2,15.88069767303178
3158.4,16.352590788008847
3158.6,16.075842150369088
3158.8,15.704327527729898
3159.0,16.147530026856195
3159.2,16.346805884929648
3159.4,17.687645803557402
3159.6,17.823147074400428
3159.8,18.396346839465686
3160.0,18.692418785989553
3160.2,18.757993361318523
3160.4,18.554875337565694
3160.6,19.2024800539749
3160.8,19.65343707533538
3161.0,19.197727892227093
3161.2,17.839476674402754
3161.4,17.213935477944105
3161.6,16.060942353212425
3161.8,17.44774814959772
3162.0,17.032959705959204
3162.2,17.121695071112967
3162.4,17.03348156321299
3162.6,18.366253203899014
3162.8,18.77578719386943
3163.0,18.46416914978161
3163.2,16.596436655110267
3163.4,17.643139569417897
3163.6,16.68255616421177
3163.8,14.614954417123766
3164.0,15.993137901822323
3164.2,15.983186862277392
3164.4,14.977460240591572
3164.6,12.892140950154767
3164.8,12.54634304724634
3165.0,11.313754499667304
3165.2,11.697644531099796
3165.4,12.2010301015707
3165.6,11.953658502108617
3165.8,12.19670023081295
3166.0,12.059426500895361
3166.2,11.19756636038815
3166.4,10.939443797763031
3166.6,11.604332309774632
3166.8,11.253903702724946
3167.0,10.733589707568516
3167.2,10.925172798393834
3167.4,10.500465938940556
3167.6,11.002342787278591
3167.8,10.808943469033196
3168.0,11.54267447950344
3168.2,10.932029911056098
3168.4,11.228957651070075
3168.6,12.319795569138499
3168.8,12.2475079893277
3169.0,11.657859396184499
3169.2,11.714509634293185
3169.4,11.578879664711106
3169.6,10.875634107306936
3169.8,10.752515952344076
3170.0,10.746342890681497
3170.2,11.10454334217385
3170.4,11.71497611195826
3170.6,12.694201349580226
3170.8,11.463247842795944
3171.0,11.830168549680051
3171.2,11.902901685035749
3171.4,12.325624589786017
3171.6,12.35184648731
3171.8,12.915796794668195
3172.0,12.81931393653624
3172.2,12.106178793805945
3172.4,11.031838954145083
3172.6,10.929254544770853
3172.8,11.072616697298855
3173.0,11.17409631377437
3173.2,10.530479109717106
3173.4,10.84806495363191
3173.6,12.431510879548174
3173.8,11.934727301521978
3174.0,12.325915854933559
3174.2,12.061502413142364
3174.4,10.776925632094262
3174.6,11.47414793456554
3174.8,12.019046938001853
3175.0,11.99298007618199
3175.2,12.665530129843994
3175.4,14.288680910544711
3175.6,12.643439535347007
3175.8,11.935563605875059
3176.0,12.12208705373447
3176.2,12.116682230615263
3176.4,12.629172355125178
3176.6,15.097976701025551
3176.8,15.304377003924326
3177.0,15.561732975934978
3177.2,13.250744956594966
3177.4,15.711531536718102
3177.6,17.76842875502248
3177.8,16.378653907527866
3178.0,15.965602487897936
3178.2,14.767570507749173
3178.4,16.5576239312519
3178.6,16.455064308724786
3178.8,15.357047654131335
3179.0,16.715686355654693
3179.2,16.57617711170165
3179.4,15.4513810350653
3179.6,15.097915148631461
3179.8,14.767106256810834
3180.0,15.87897500212448
3180.2,16.196460400672546
3180.4,15.556517000786702
3180.6,16.932409739138738
3180.8,17.07175933120731
3181.0,18.25812826524744
3181.2,18.19148494231103
3181.4,18.11098503604725
3181.6,17.657647022376594
3181.8,16.60488921188047
3182.0,16.16325918118014
3182.2,17.45960631693043
3182.4,17.294537303525072
3182.6,16.32901631853931
3182.8,15.597532260615036
3183.0,16.748175971573694
3183.2,17.069140695378685
3183.4,17.800847819993294
3183.6,18.98920797293791
3183.8,20.231514348286442
3184.0,19.80861861517482
3184.2,18.109469396339833
3184.4,17.086194503207473
3184.6,18.54376094986638
3184.8,16.69100819653895
3185.0,17.858527722023528
3185.2,16.692748767831123
3185.4,17.063433997411842
3185.6,17.035115723801955
3185.8,16.42041518687596
3186.0,15.338893896774993
3186.2,16.551045890173963
3186.4,16.242809766981694
3186.6,15.83097633669058
3186.8,15.609910157171008
3187.0,16.842307673457203
3187.2,19.16410437460809
3187.4,19.06226723456101
3187.6,19.398757718044042
3187.8,17.84196844008286
3188.0,18.430159482014588
3188.2,18.05901209020912
3188.4,16.42926141258332
3188.6,15.762692792087014
3188.8,14.579006545891747
3189.0,13.474595758715672
3189.2,13.508062140405679
3189.4,13.254561470298698
3189.6,13.593399328355371
3189.8,12.630418004297246
3190.0,13.664130256091358
3190.2,14.713892085724627
3190.4,13.44727448654587
3190.6,13.88423092311465
3190.8,14.240975223883872
3191.0,13.471313396218125
3191.2,14.638014723051151
3191.4,14.495813248252144
3191.6,14.535718734715825
3191.8,15.118921532949097
3192.0,16.530640024594312
3192.2,16.845577412311407
3192.4,15.648559575765454
3192.6,16.214570381196886
3192.8,14.947344684932238
3193.0,14.44185761327912
3193.2,16.070457067556696
3193.4,14.788752782823625
3193.6,15.833978123142582
3193.8,16.09310681679831
3194.0,14.27118969609426
3194.2,14.46945816694889
3194.4,13.640489088709433
3194.6,12.309848055754241
3194.8,14.24799317142504
3195.0,14.814518710007274
3195.2,16.682477938289054
3195.4,15.555505652323308
3195.6,14.969203792516621
3195.8,14.563442738420921
3196.0,15.578228615118842
3196.2,12.978238378816922
3196.4,14.508359485664544
3196.6,14.685537913288966
3196.8,15.435855037901867
3197.0,15.87776760381075
3197.2,16.13162798843981
3197.4,14.042672459357458
3197.6,14.293399618409675
3197.8,12.262762006092045
3198.0,13.038943523037611
3198.2,12.640740760600028
3198.4,12.17522181700425
3198.6,12.699449723574027
3198.8,12.370047526707221
3199.0,13.376272987920947
3199.2,14.434465558648071
3199.4,13.776294386174452
3199.6,13.883770738180912
3199.8,13.814590699174111
3200.0,15.001635936689464
3200.2,12.481400929655104
3200.4,11.586542947272783
3200.6,11.983416586714679
3200.8,12.140734765997767
3201.0,11.37169722975485
3201.2,11.122678041209543
3201.4,12.646439425373991
3201.6,12.228860010282434
3201.8,11.302426761229539
3202.0,12.325619721997308
3202.2,11.526540282991975
3202.4,11.587699959194053
3202.6,12.601360496131136
3202.8,12.267307003587051
3203.0,11.936139442905915
3203.2,12.617768693461105
3203.4,13.006967583779737
3203.6,12.186832128591886
3203.8,13.923654127888733
3204.0,12.992509981571398
3204.2,11.943711379428663
3204.4,12.998300549630441
3204.6,12.60377437337427
3204.8,12.71578323321745
3205.0,12.356525184019752
3205.2,13.031609260216968
3205.4,13.555980649099935
3205.6,13.321490909478975
3205.8,13.85093510504728
3206.0,13.085590772554516
3206.2,14.092561922289601
3206.4,13.415892362735832
3206.6,14.456473561046867
3206.8,12.973237341091286
3207.0,12.139335890856044
3207.2,13.712696885235507
3207.4,14.7681530494058
3207.6,12.262725013353911
3207.8,13.740199293435627
3208.0,14.339279367629958
3208.2,13.911895736942203
3208.4,14.456035175757023
3208.6,15.670714609500646
3208.8,14.591100143036948
3209.0,12.984002936577447
3209.2,14.201545012233991
3209.4,12.73679638787193
3209.6,13.323907948542466
3209.8,12.80845899351312
3210.0,12.939135232026262
3210.2,11.67167892496316
3210.4,11.583491593098588
3210.6,11.680022826767395
3210.8,13.25983878180671
3211.0,12.365717825005875
3211.2,12.556340531150994
3211.4,12.149143986520558
3211.6,13.078249184634306
3211.8,13.21159518467428
3212.0,12.619896595544247
3212.2,11.734016786232823
3212.4,12.604952183751541
3212.6,12.872655948469598
3212.8,11.985664468278474
3213.0,11.176674178114068
3213.2,10.740321346484226
3213.4,11.456115523765064
3213.6,12.533493748623199
3213.8,12.305843348735594
3214.0,13.145287713576348
3214.2,12.723810248573868
3214.4,14.292574281107841
3214.6,15.574845134191808
3214.8,15.154264266375302
3215.0,16.346813113995406
3215.2,14.934356595486353
3215.4,14.190250635746464
3215.6,13.102514394667006
3215.8,13.275451408235332
3216.0,12.665650593433284
3216.2,14.841864659254032
3216.4,13.881207701145627
3216.6,12.977067256163028
3216.8,11.471150317256775
3217.0,10.78108728772589
3217.2,10.604421968062534
3217.4,11.103043920801374
3217.6,11.129228256687455
3217.8,11.644319968768219
3218.0,11.29482764292735
3218.2,11.049900141624603
3218.4,10.983258274297183
3218.6,11.038243228782893
3218.8,10.73062067314382
3219.0,11.737890126770603
3219.2,13.630342560877065
3219.4,12.59322301405949
3219.6,10.852115354814952
3219.8,11.22286622704101
3220.0,11.701344253467429
3220.2,12.1139549630412
3220.4,13.207395188850963
3220.6,13.333451731426734
3220.8,13.244567125337232
3221.0,13.83360308955895
3221.2,13.267548158678073
3221.4,13.046069714694896
3221.6,11.880581198790889
3221.8,12.226115580326152
3222.0,12.858639867068984
3222.2,14.800211468860418
3222.4,12.713824334459478
3222.6,13.73590736079083
3222.8,13.353486983859025
3223.0,13.658823431428388
3223.2,11.688343478103462
3223.4,12.270480252472076
3223.6,12.136217174149571
3223.8,12.672609986048434
3224.0,11.897275597298894
3224.2,12.412254447361175
3224.4,12.520057489940877
3224.6,12.200772161830407
3224.8,11.752005215485852
3225.0,11.641006992159015
3225.2,10.801401353623818
3225.4,11.359170113466302
3225.6,10.48164900989925
3225.8,10.773336958175733
3226.0,10.420907933570833
3226.2,10.325530470534384
3226.4,9.817532766382195
3226.6,9.736964335681927
3226.8,9.671383940417988
3227.0,9.68014754439373
3227.2,10.815288031214354
3227.4,10.762866208519398
3227.6,10.700678090307532
3227.8,10.911517789613992
3228.0,11.617486425233945
3228.2,10.479079987853117
3228.4,10.777542937600845
3228.6,11.206063954403353
3228.8,12.382898380391554
3229.0,11.80482322941909
3229.2,12.078170664491132
3229.4,12.666070007576629
3229.6,12.171015711768812
3229.8,12.146267078303687
3230.0,10.957740244919787
3230.2,12.053191025665456
3230.4,11.21662707786724
3230.6,11.151777702700944
3230.8,10.936670727013539
3231.0,11.277983915232587
3231.2,11.001314106188673
3231.4,11.23202448563745
3231.6,11.096600595259261
3231.8,10.873896153021965
3232.0,10.831975844954162
3232.2,10.887888230243515
3232.4,11.116692413112263
3232.6,11.211355549764493
3232.8,10.575449163839643
3233.0,10.78798419309682
3233.2,10.582455044430086
3233.4,10.563626724818242
3233.6,10.239964689834588
3233.8,10.287579952507471
3234.0,10.686947908904202
3234.2,10.773318647193237
3234.4,10.960223702182807
3234.6,10.233400746105175
3234.8,11.076020090719021
3235.0,10.467069837985537
3235.2,9.951214910905987
3235.4,10.113759447833356
3235.6,10.048463126323226
3235.8,9.89102956314014
3236.0,10.649966010845201
3236.2,10.51439640135024
3236.4,10.256751082021545
3236.6,10.623055955202794
3236.8,10.786218889417832
3237.0,10.837855769259159
3237.2,10.553195685014805
3237.4,11.018060847193896
3237.6,10.950513549745724
3237.8,11.337509946066387
3238.0,10.500978813653601
3238.2,10.474013200129432
3238.4,10.374400931317151
3238.6,10.381342400945808
3238.8,10.564206366859887
3239.0,10.342319529299438
3239.2,10.142569238328623
3239.4,10.532095792491319
3239.6,10.571130923732483
3239.8,9.434575202846633
3240.0,9.525948851868783
3240.2,9.584021472574264
3240.4,9.60156288893039
3240.6,9.41037012902376
3240.8,9.827421793935171
3241.0,10.252506526013267
3241.2,9.877381461729271
3241.4,10.05777754222763
3241.6,10.12482616617703
3241.8,10.220475197547586
3242.0,10.261118224651833
3242.2,10.23444736701461
3242.4,9.993493716725576
3242.6,10.20270231968123
3242.8,10.966403850303188
3243.0,10.66679423263355
3243.2,10.726080455748217
3243.4,10.379433824954482
3243.6,10.902165887209021
3243.8,11.654865025072409
3244.0,12.192082550597627
3244.2,11.559864732630995
3244.4,11.426506364975467
3244.6,12.41306103189142
3244.8,13.754170755815199
3245.0,13.947460542765281
3245.2,12.877406563054144
3245.4,12.859907567412776
3245.6,11.928507036302747
3245.8,12.27864302110964
3246.0,14.519032217477367
3246.2,14.983380773606997
3246.4,15.954324146834505
3246.6,17.334047672312867
3246.8,16.339639327157645
3247.0,16.03842807859375
3247.2,15.692265204524682
3247.4,14.146423532220638
3247.6,16.16425498575356
3247.8,16.952572657896688
3248.0,17.72240765921151
3248.2,15.501612867806266
3248.4,18.700266588598513
3248.6,17.36375189155624
3248.8,16.958531482906913
3249.0,16.761789151705262
3249.2,16.81807276365315
3249.4,15.864302196024997
3249.6,15.257325394908502
3249.8,15.445168730805864
3250.0,15.067824196983214
3250.2,15.495632815442386
3250.4,15.196062235837484
3250.6,13.958404134995702
3250.8,14.644056869523435
3251.0,15.111193569556399
3251.2,16.798714024271625
3251.4,16.075557285591728
3251.6,17.02200869582245
3251.8,16.915255248679934
3252.0,14.736782462903593
3252.2,13.970223769675554
3252.4,14.865615652484784
3252.6,14.71954061200144
3252.8,13.777315735253971
3253.0,11.397336177385446
3253.2,12.527150069651842
3253.4,12.759273951291172
3253.6,12.23446032025783
3253.8,13.429494195996035
3254.0,13.005514340491827
3254.2,13.394103763598853
3254.4,13.239165719039452
3254.6,14.168720174222386
3254.8,14.48677953728518
3255.0,14.574170246952471
3255.2,12.380365278118093
3255.4,12.94992300841496
3255.6,13.134945230796314
3255.8,10.982342491053199
3256.0,10.878639329398956
3256.2,10.80851360600217
3256.4,10.821903935611408
3256.6,10.357584301501566
3256.8,9.777352327725428
3257.0,10.486818003070866
3257.2,10.465079030097383
3257.4,10.379954465394958
3257.6,11.112998394317316
3257.8,11.79871969610181
3258.0,11.239621490360008
3258.2,10.484907930897691
3258.4,10.483161259138743
3258.6,11.92776539066144
3258.8,10.930233994053594
3259.0,11.646332698650639
3259.2,11.417325965895518
3259.4,11.137816575407154
3259.6,11.326540981097388
3259.8,11.473673615410771
3260.0,13.26520418837325
3260.2,13.84484300600036
3260.4,13.630315580831985
3260.6,13.398496927093861
3260.8,13.934581245712415
3261.0,14.58500244373603
3261.2,15.160857994848836
3261.4,16.00172607517691
3261.6,16.242252775253377
3261.8,16.57632668563342
3262.0,14.85921124006618
3262.2,14.706582983090327
3262.4,15.723160391732465
3262.6,15.809460206547051
3262.8,15.656620672240791
3263.0,15.022999627728087
3263.2,15.317955745218972
3263.4,13.383925952962276
3263.6,12.351659712061052
3263.8,12.47442832132731
3264.0,11.892233149315315
3264.2,11.062035393786365
3264.4,10.919970961572872
3264.6,11.50644310171813
3264.8,11.630703821621433
3265.0,11.41002805491607
3265.2,10.459071019046347
3265.4,10.60639058137567
3265.6,10.562445906512146
3265.8,10.368210230914086
3266.0,10.211596803005325
3266.2,10.324001720508784
3266.4,10.564541173843313
3266.6,10.714274763314052
3266.8,10.584812605935618
3267.0,10.525044051836801
3267.2,10.731416558358768
3267.4,10.609903338512552
3267.6,10.75178772814748
3267.8,11.027882401425844
3268.0,11.445468270725511
3268.2,11.790242783587264
3268.4,12.417559202137266
3268.6,12.379243388023477
3268.8,13.651393239486278
3269.0,13.657085772630555
3269.2,12.829394531260585
3269.4,11.39161782604834
3269.6,10.75206904474949
3269.8,11.949285040839982
3270.0,10.901508564837222
3270.2,10.868374159549148
3270.4,10.445333687828358
3270.6,10.746233199487714
3270.8,10.241663133816427
3271.0,10.391448416287204
3271.2,10.04661092740734
3271.4,10.133499278271962
3271.6,11.063981224069686
3271.8,10.467523408329324
3272.0,11.333175033801286
3272.2,11.714923758543225
3272.4,11.089751459501304
3272.6,10.766404320407755
3272.8,10.03638811622849
3273.0,10.301032702285733
3273.2,11.304711121483122
3273.4,10.678641418837548
3273.6,10.645799718122648
3273.8,10.290783365164721
3274.0,10.690819991458715
3274.2,10.481733919102448
3274.4,10.726362829675493
3274.6,11.02238986205963
3274.8,10.985188229716687
3275.0,10.080739828174485
3275.2,10.669011098765282
3275.4,10.694201925832125
3275.6,10.514883270257421
3275.8,11.816909437749718
3276.0,12.09427973295269
3276.2,12.573894130776216
3276.4,12.097479793458731
3276.6,10.91358129586654
3276.8,11.206960581109884
3277.0,10.368864242302676
3277.2,10.163730947469388
3277.4,10.465879659303752
3277.6,10.044958876031833
3277.8,9.805575019228232
3278.0,9.812555577882097
3278.2,10.382396611808112
3278.4,10.348868374485967
3278.6,10.483890843041939
3278.8,10.538196660098302
3279.0,10.180145366875282
3279.2,10.105566139349696
3279.4,9.724981525725745
3279.6,9.395181983966745
3279.8,9.926792112878005
3280.0,9.673359920911336
3280.2,9.880577307689077
3280.4,9.847400462246817
3280.6,9.794116481202135
3280.8,9.944236303403283
3281.0,9.801285068398096
3281.2,9.794772997593862
3281.4,9.685498243342076
3281.6,10.034736379678684
3281.8,9.837470272351364
3282.0,9.805399639325971
3282.2,9.750769353894404
3282.4,9.752690127695212
3282.6,9.626641646312548
3282.8,9.827998861101408
3283.0,9.814728127715139
3283.2,9.966561315139694
3283.4,9.697943473802098
3283.6,9.917413248418951
3283.8,10.056773533105464
3284.0,9.927771491428244
3284.2,9.680913286942168
3284.4,9.84703737008387
3284.6,9.574344009369135
3284.8,9.783517547125363
3285.0,9.653156211528461
3285.2,9.789899076833638
3285.4,9.873385204615717
3285.6,9.904467633323883
3285.8,10.016675490092997
3286.0,9.968670580469883
3286.2,10.15415653405925
3286.4,9.892871677809932
3286.6,10.405082627127689
3286.8,9.855431449965279
3287.0,9.764033551322548
3287.2,9.724583570300545
3287.4,10.031174245179535
3287.6,9.822876092179486
3287.8,10.039648589678139
3288.0,10.227135296085919
3288.2,10.061313410495536
3288.4,10.00378006377359
3288.6,9.794518622658574
3288.8,9.697655233683843
3289.0,9.868100674756587
3289.2,10.040591346099665
3289.4,9.831150577162978
3289.6,9.827762325565015
3289.8,9.932904434732022
3290.0,9.860792495862082
3290.2,9.67094379008804
3290.4,9.96834839059636
3290.6,9.975769160834512
3290.8,9.807446407987978
3291.0,9.830287911962541
3291.2,9.784353422711254
3291.4,9.88599872502869
3291.6,9.82063801732074
3291.8,9.858528794613791
3292.0,9.9973709520628
3292.2,10.061135953470055
3292.4,10.0108134887022
3292.6,9.902956143398722
3292.8,10.1362951216307
3293.0,9.825126395878454
3293.2,9.902008716509712
3293.4,10.250951934486254
3293.6,9.887398018894004
3293.8,9.995388807464135
3294.0,9.752291346660853
3294.2,9.99871521032486
3294.4,10.42332275414686
3294.6,10.062060159254587
3294.8,9.872068528150352
3295.0,9.798016076942726
3295.2,9.978743415780544
3295.4,10.119233236987547
3295.6,9.651548313626408
3295.8,10.000780248498911
3296.0,9.75250300729056
3296.2,9.826487889608769
3296.4,10.07832162733548
3296.6,10.005580782405747
3296.8,9.912608738122806
3297.0,9.836623944664247
3297.2,9.856319318682612
3297.4,9.922486562626203
3297.6,9.45817016647345
3297.8,9.406494081327846
3298.0,9.385576077820529
3298.2,9.391541458371085
3298.4,9.832066259353626
3298.6,9.634491092688176
3298.8,9.747128221831463
3299.0,9.73459239793534
3299.2,10.11719426533368
3299.4,9.905186239667781
3299.6,9.554154499239582
3299.8,9.711671173904339
3300.0,9.954081875156334
3300.2,9.79440434771985
3300.4,9.749865399488641
3300.6,10.011294077855585
3300.8,9.667417419887455
3301.0,9.554071798973856
3301.2,9.649314484417271
3301.4,9.498257401603345
3301.6,9.500118442519609
3301.8,9.579077554911127
3302.0,9.441858690592872
3302.2,9.682745572760323
3302.4,10.0233853711938
3302.6,10.260726877543984
3302.8,10.075277372225028
3303.0,9.826099904875647
3303.2,9.980596171401944
3303.4,9.792327835594177
3303.6,10.118635711948873
3303.8,10.190924923845735
3304.0,11.102488352410766
3304.2,10.91832683493245
3304.4,10.952048677818222
3304.6,10.992996617218441
3304.8,10.990171815667287
3305.0,11.113173575069322
3305.2,11.624719702586606
3305.4,11.1510931154301
3305.6,12.147411272384547
3305.8,12.483667187834836
3306.0,12.138293782266615
3306.2,11.584666044664448
3306.4,11.019156161001892
3306.6,10.948381737705585
3306.8,10.940468981229824
3307.0,12.332314751459153
3307.2,11.731665926183553
3307.4,12.043186577859155
3307.6,12.623299181458606
3307.8,12.108296117971364
3308.0,12.38033205450103
3308.2,12.680462105621784
3308.4,11.650599060529325
3308.6,12.597465867159949
3308.8,11.883995119225643
3309.0,11.533495947942116
3309.2,11.724896275098779
3309.4,11.126156200947124
3309.6,10.929792205675442
3309.8,12.54807311930858
3310.0,13.73633087353635
3310.2,13.07216693011582
3310.4,14.144184929830175
3310.6,12.722348638490748
3310.8,14.088441799042613
3311.0,13.886402213275503
3311.2,12.978785027400528
3311.4,14.483651364570434
3311.6,14.502720175054062
3311.8,14.310172225786165
3312.0,12.00075921395851
3312.2,12.10953640806527
3312.4,11.29729796678207
3312.6,11.465802462163854
3312.8,11.684834056616522
3313.0,11.91600763749517
3313.2,11.82737740007304
3313.4,11.20605538195374
3313.6,11.845779173162576
3313.8,11.845274737585967
3314.0,12.000412709862047
3314.2,10.825636626526848
3314.4,12.000801407043692
3314.6,11.783444268443652
3314.8,12.000528217174773
3315.0,12.950428260110971
3315.2,11.612159118669274
3315.4,12.068483191008033
3315.6,12.927321813870504
3315.8,12.958010995784806
3316.0,11.729445853261737
3316.2,12.938773569820196
3316.4,13.64048735906135
3316.6,14.08181849846363
3316.8,13.742903093335784
3317.0,14.313278547411393
3317.2,13.856257354913947
3317.4,14.272499882040439
3317.6,12.404338126150208
3317.8,12.356517839953572
3318.0,10.995243008468023
3318.2,10.930854854859968
3318.4,10.611114510273701
3318.6,10.608574225816598
3318.8,10.415315137591215
3319.0,10.315210990660377
3319.2,11.064209857670303
3319.4,11.22478101345142
3319.6,11.29532165347311
3319.8,11.06048460250096
3320.0,10.160065324537443
3320.2,10.021750837499656
3320.4,9.67664801802211
3320.6,9.741560588452904
3320.8,10.578219063889748
3321.0,10.448508559034922
3321.2,10.878128846951704
3321.4,10.930274975390441
3321.6,10.440396241619734
3321.8,10.563875288459004
3322.0,10.158832855199257
3322.2,9.959649048092864
3322.4,10.671552015801211
3322.6,10.577966630453249
3322.8,10.567596830208974
3323.0,10.662340250599502
3323.2,11.271250681756662
3323.4,10.228083230430688
3323.6,10.441295750309456
3323.8,10.747444508594985
3324.0,9.970698312543316
3324.2,10.768092605163604
3324.4,10.531733987955858
3324.6,10.666843872017006
3324.8,10.391388098260128
3325.0,10.617148264180198
3325.2,11.2774726690049
3325.4,10.367448370855186
3325.6,10.637430878459604
3325.8,10.679940598352815
3326.0,10.538608622159288
3326.2,10.757236139822808
3326.4,10.674178665748808
3326.6,10.529075659203597
3326.8,10.728475957441495
3327.0,11.042783813988574
3327.2,10.326624922493611
3327.4,9.687615379406099
3327.6,10.041739255044945
3327.8,10.629758307838939
3328.0,10.365296241975166
3328.2,11.176404943645055
3328.4,12.109249865708868
3328.6,11.281646751717743
3328.8,11.01558496156549
3329.0,11.042302974814053
3329.2,10.799066994305749
3329.4,10.325291830834388
3329.6,9.912012830957313
3329.8,10.156642520047933
3330.0,9.894551801491911
3330.2,9.455905385049816
3330.4,9.766162790595947
3330.6,9.343431196285852
3330.8,10.012034677000372
3331.0,10.794631674041725
3331.2,10.552422085364386
3331.4,10.594178704653512
3331.6,11.170980727525864
3331.8,11.949328777195511
3332.0,11.468462801516006
3332.2,10.380230520993592
3332.4,10.407654001325868
3332.6,10.5432783104511
3332.8,11.12708493016741
3333.0,11.658640857661673
3333.2,11.003537288221244
3333.4,10.200645877879747
3333.6,13.602730409461106
3333.8,12.486317183816807
3334.0,12.264135369791786
3334.2,11.285583555042301
3334.4,11.225880271244314
3334.6,12.93811859494123
3334.8,11.918277800510886
3335.0,10.638706961984692
3335.2,11.361847805513994
3335.4,12.280097584913396
3335.6,13.490693435158043
3335.8,14.493571757745817
3336.0,12.874167412674096
3336.2,11.242391035415665
3336.4,11.054493188019492
3336.6,10.448837388237045
3336.8,12.121920903533168
3337.0,11.859482217081204
3337.2,12.159815459558132
3337.4,11.823747900789193
3337.6,11.69819419308187
3337.8,11.240731348800718
3338.0,11.515819973318301
3338.2,12.552661091746542
3338.4,12.515850716570666
3338.6,12.162429031299274
3338.8,11.61777601297619
3339.0,12.446006355446155
3339.2,12.320951067335098
3339.4,12.355819408219372
3339.6,11.67621873643509
3339.8,11.795354117410701
3340.0,11.729578114108541
3340.2,11.034810033256345
3340.4,10.681408284484961
3340.6,11.952804344899523
3340.8,11.494665927054886
3341.0,12.324826805205609
3341.2,12.65710361215395
3341.4,11.960347562080937
3341.6,10.861264707876927
3341.8,12.642948509648988
3342.0,11.030910784083481
3342.2,10.757570946428519
3342.4,11.473314703885652
3342.6,11.093973336825023
3342.8,12.170630301806698
3343.0,11.915256889892573
3343.2,11.897658123938498
3343.4,11.872360483369789
3343.6,12.203593109290091
3343.8,11.687036460354198
3344.0,11.485486354208017
3344.2,11.514559638688572
3344.4,11.680021336145188
3344.6,12.564026364676874
3344.8,11.855850828181506
3345.0,11.996341725132595
3345.2,11.840509046897111
3345.4,11.68126673473086
3345.6,12.147792025056797
3345.8,10.871466453900618
3346.0,11.250830333322401
3346.2,10.728759685582896
3346.4,10.070376532157715
3346.6,11.035734621856037
3346.8,11.872002611251995
3347.0,12.912635236623661
3347.2,12.272446409109303
3347.4,11.613916183337206
3347.6,11.508069699352614
3347.8,12.110068487874848
3348.0,11.965329184593385
3348.2,12.297956863735083
3348.4,12.172069774672902
3348.6,12.142668014843316
3348.8,11.326901073284862
3349.0,11.631247199633467
3349.2,12.898486581670133
3349.4,12.735394684667575
3349.6,13.761114404580749
3349.8,13.530457904368289
3350.0,16.11511934016008
3350.2,14.909169302838407
3350.4,14.788148756358062
3350.6,14.967881947079551
3350.8,14.550272211464621
3351.0,13.960216464855716
3351.2,13.362867963063842
3351.4,13.303284198366603
3351.6,12.211332735261903
3351.8,11.992942442238743
3352.0,12.037006043142366
3352.2,13.254416708120187
3352.4,12.829055912310302
3352.6,13.370463133497603
3352.8,12.638737085664715
3353.0,12.830682780765452
3353.2,11.886907705276165
3353.4,12.147490471011489
3353.6,11.373903827699039
3353.8,11.285084102032737
3354.0,10.824306588813915
3354.2,10.88025125534399
3354.4,11.093304484608293
3354.6,11.05362552452111
3354.8,11.161001963277018
3355.0,10.54547136424003
3355.2,11.10806902658508
3355.4,11.947462928176805
3355.6,11.658301493759968
3355.8,11.258259756023023
3356.0,10.949128470683435
3356.2,10.95660145879324
3356.4,10.654009552696373
3356.6,10.785616369919214
3356.8,11.263930048729664
3357.0,10.642598323443757
3357.2,10.376015486247482
3357.4,10.640949533859665
3357.6,10.185231700994864
3357.8,11.147684137080994
3358.0,11.075398585656638
3358.2,10.854300411007806
3358.4,11.600161905880405
3358.6,11.111169780620664
3358.8,11.520656691782957
3359.0,11.095665602264589
3359.2,11.60067778082622
3359.4,11.121329537003055
3359.6,10.854099101058052
3359.8,11.394727272481402
3360.0,11.861536721668175
3360.2,11.018805491007718
3360.4,10.978146084176315
3360.6,11.091539313761523
3360.8,10.968446489451205
3361.0,10.482303755718284
3361.2,10.09230454949774
3361.4,9.844682032156317
3361.6,9.790723756021483
3361.8,10.21083916459707
3362.0,10.023729653247852
3362.2,9.96143624828265
3362.4,10.156390171170234
3362.6,10.19761094348171
3362.8,10.174753137209457
3363.0,9.89907885609458
3363.2,9.404063110021635
3363.4,9.757103920286223
3363.6,10.157243526953499
3363.8,10.242801381422268
3364.0,10.186463207063746
3364.2,10.070190068293282
3364.4,10.498386714774439
3364.6,9.639965675767927
3364.8,9.809534314373154
3365.0,9.769627205471949
3365.2,10.423561831983065
3365.4,10.504983891510257
3365.6,10.234123686057458
3365.8,10.403936155302107
3366.0,10.436489418405523
3366.2,10.934028730961884
3366.4,10.351288879079217
3366.6,11.21440630029797
3366.8,10.548448482100918
3367.0,10.844253400827974
3367.2,10.054041914414553
3367.4,9.439317359510918
3367.6,9.31376732898602
3367.8,9.766472461762284
3368.0,9.797523198345633
3368.2,9.597776965486982
3368.4,9.46220683979817
3368.6,9.684957817012327
3368.8,9.711301136485995
3369.0,9.635737788743997
3369.2,10.03871827981717
3369.4,9.892180524979036
3369.6,9.930909195918943
3369.8,10.429380888572181
3370.0,10.169517477406242
3370.2,10.061644134608676
3370.4,10.737277881485173
3370.6,11.537716959749012
3370.8,11.3628355766432
3371.0,11.252975037589529
3371.2,11.404684035096668
3371.4,11.04754562580614
3371.6,11.237644030522958
3371.8,11.042978706380564
3372.0,11.054088291168407
3372.2,10.579379921261767
3372.4,10.327028619809974
3372.6,10.80377869862492
3372.8,11.146198216819638
3373.0,10.68622965786924
3373.2,10.651448618469585
3373.4,11.470248555490137
3373.6,11.342674561742193
3373.8,11.649796431741928
3374.0,10.974774348400247
3374.2,12.189349078562442
3374.4,11.783966895574888
3374.6,11.218265054650114
3374.8,11.730817177477704
3375.0,12.717331370458556
3375.2,13.43213627952612
3375.4,13.451441348608558
3375.6,13.29544597664645
3375.8,12.533223107067686
3376.0,11.984689305476927
3376.2,11.669259493262079
3376.4,12.53066421063316
3376.6,13.133305835913333
3376.8,13.429179315470387
3377.0,13.103860602670615
3377.2,11.637967709634246
3377.4,12.613137825303461
3377.6,14.109412689758358
3377.8,14.610941970322564
3378.0,14.922003370281118
3378.2,14.23704508583205
3378.4,14.596270241997846
3378.6,13.602254553453513
3378.8,13.98826628888401
3379.0,13.654667033544543
3379.2,13.190839852017774
3379.4,13.453593574086058
3379.6,13.707899772024707
3379.8,12.729650261030885
3380.0,13.70917266254028
3380.2,13.52815377461888
3380.4,12.344136944691819
3380.6,11.627202059131223
3380.8,12.10662119707235
3381.0,11.549389447871611
3381.2,11.152919068751135
3381.4,10.941597957642255
3381.6,11.856943902953498
3381.8,11.734187528237921
3382.0,11.659509300945585
3382.2,11.565154180920489
3382.4,11.695680325248732
3382.6,10.655547759084163
3382.8,11.057201187656233
3383.0,10.432768339711103
3383.2,11.042766520451583
3383.4,11.29482240847146
3383.6,12.015282432433374
3383.8,11.984574270428418
3384.0,12.043048921439581
3384.2,11.645310659475038
3384.4,13.389496555650052
3384.6,11.548539492377529
3384.8,10.762372842828237
3385.0,10.610255053473303
3385.2,10.676191828957835
3385.4,10.516629893323694
3385.6,10.548063860264644
3385.8,10.161611305020502
3386.0,10.513822121189309
3386.2,10.509619554714568
3386.4,10.422269541382734
3386.6,10.387101874877928
3386.8,10.593786289287884
3387.0,10.494607673537633
3387.2,10.035026062132468
3387.4,10.179245591851897
3387.6,10.070767899202579
3387.8,10.42067551754288
3388.0,10.890752264989745
3388.2,10.935150449829575
3388.4,9.834902542934751
3388.6,10.146721543952498
3388.8,9.758167112251764
3389.0,10.176352960585822
3389.2,9.851823672804954
3389.4,9.736092099591914
3389.6,10.33336120815683
3389.8,10.710305733227903
3390.0,10.539205250603343
3390.2,10.48556781872158
3390.4,10.360738393953163
3390.6,10.31644239747392
3390.8,10.47226580734456
3391.0,10.014398971368731
3391.2,10.161657567612227
3391.4,9.713797080861742
3391.6,9.743652695192
3391.8,10.188608628969922
3392.0,9.801056804553523
3392.2,9.690469515823901
3392.4,10.252527567514795
3392.6,9.994036238758914
3392.8,9.795602131774261
3393.0,10.594711286746001
3393.2,10.941360542952449
3393.4,10.423269485120443
3393.6,10.34011757893688
3393.8,10.027500762090813
3394.0,9.686159738375535
3394.2,9.84911126843221
3394.4,9.654368547952108
3394.6,9.800828358066283
3394.8,9.920733288705412
3395.0,9.890022645312065
3395.2,9.756848726478486
3395.4,9.733815315943108
3395.6,9.307969990040085
3395.8,9.59637363178097
3396.0,9.572809955215295
3396.2,9.418075940636367
3396.4,9.674988578670742
3396.6,9.621492445027844
3396.8,9.919799155844537
3397.0,9.776152565110293
3397.2,10.38947476758568
3397.4,10.230274600814182
3397.6,10.31357773055877
3397.8,10.111918195957246
3398.0,9.954072545324111
3398.2,10.125375050004287
3398.4,10.015813151513802
3398.6,9.963087135108914
3398.8,10.056814906087908
3399.0,9.719188205013126
3399.2,10.03454237661879
3399.4,10.097581754476721
3399.6,10.019978712426775
3399.8,9.808899902139162
3400.0,10.189504803648495
3400.2,9.620347633645604
3400.4,10.393339937892978
3400.6,10.17910757753617
3400.8,9.677773726705441
3401.0,10.354577097239972
3401.2,9.987103665476454
3401.4,10.381201226730782
3401.6,10.333329975385691
3401.8,10.346138918463637
3402.0,10.026043042385755
3402.2,10.004080384294534
3402.4,10.709252141593154
3402.6,11.513664008896022
3402.8,11.29108743186051
3403.0,10.97684559988733
3403.2,11.601027605872927
3403.4,10.624266504404511
3403.6,11.227888935940943
3403.8,12.134589353004348
3404.0,11.999212829264621
3404.2,11.943983971358666
3404.4,12.341524424240317
3404.6,12.3095991148436
3404.8,13.352360795456217
3405.0,13.535707961735033
3405.2,12.260609385868712
3405.4,12.791756193598465
3405.6,13.752233576902011
3405.8,13.649959747098098
3406.0,14.267349802282423
3406.2,14.677808725358135
3406.4,14.224787081472732
3406.6,13.970568744349139
3406.8,14.156334852189866
3407.0,13.621888265805456
3407.2,14.176445215445774
3407.4,13.397433190460484
3407.6,14.419173531193488
3407.8,12.754813433756151
3408.0,13.599292656088506
3408.2,13.165011272551471
3408.4,11.941044264019759
3408.6,12.835015406767251
3408.8,11.877474495025117
3409.0,12.580685843789393
3409.2,11.757265941497703
3409.4,10.338510236279753
3409.6,10.272968628019301
3409.8,11.67918509530249
3410.0,10.77846896358637
3410.2,11.095332794422957
3410.4,9.883697002552115
3410.6,9.922291899182145
3410.8,10.77881067134592
3411.0,11.51681300944097
3411.2,11.95859925240933
3411.4,13.442743435263631
3411.6,11.868181226777857
3411.8,13.51481476213073
3412.0,13.183677554380695
3412.2,13.206305749237837
3412.4,13.943671992680763
3412.6,12.472772241321447
3412.8,13.55556504255345
3413.0,12.770761786909084
3413.2,12.94961605075673
3413.4,12.809219645193936
3413.6,11.846704818227812
3413.8,12.81898685632562
3414.0,12.88724930372192
3414.2,12.776254086621964
3414.4,12.584475572541635
3414.6,13.11115165557289
3414.8,12.724910545335542
3415.0,13.371710663859112
3415.2,13.781652993375113
3415.4,12.405523209579625
3415.6,12.010725353254577
3415.8,13.351988337714381
3416.0,13.298144609299214
3416.2,13.327692560830005
3416.4,12.483514564340304
3416.6,11.731016766440048
3416.8,11.251731508028735
3417.0,11.412569561466242
3417.2,10.875639990292065
3417.4,10.745852437517868
3417.6,11.130228267760494
3417.8,11.440197353677933
3418.0,12.201736218015427
3418.2,13.01319377147222
3418.4,13.413084257428503
3418.6,12.691725752186382
3418.8,12.335496385984083
3419.0,12.522659116544638
3419.2,11.491823103107006
3419.4,11.330704041276118
3419.6,10.72843572614949
3419.8,10.321958568281726
3420.0,11.109909862481388
3420.2,11.860209269195956
3420.4,11.249181741026868
3420.6,11.652776746583768
3420.8,11.798503492529788
3421.0,11.335943288118157
3421.2,11.2944852889129
3421.4,10.975256504244669
3421.6,11.52767016524746
3421.8,11.241400295524247
3422.0,11.91761759541712
3422.2,11.219117165804217
3422.4,11.164239708600416
3422.6,10.019136274451942
3422.8,9.811348866395303
3423.0,10.070618471146776
3423.2,10.221062942472033
3423.4,9.728041554341239
3423.6,9.261519527961292
3423.8,9.461951805347773
3424.0,9.771636439778419
3424.2,9.652941127947143
3424.4,10.267404658959286
3424.6,9.736417695841627
3424.8,10.018376796199334
3425.0,10.047093670892282
3425.2,10.066905626834828
3425.4,9.99041426149665
3425.6,10.099521924821973
3425.8,9.969174131415233
3426.0,9.483683798941646
3426.2,9.616307473458498
3426.4,9.561797405515728
3426.6,9.610404288571884
3426.8,9.733008855194743
3427.0,9.910294138939795
3427.2,9.786897461020242
3427.4,10.079126032539952
3427.6,10.24118142767292
3427.8,10.419224519855385
3428.0,10.137037740338355
3428.2,10.023827116392487
3428.4,10.435996202179325
3428.6,10.072934993366145
3428.8,9.978748570935954
3429.0,9.528760664681876
3429.2,9.547424101732261
3429.4,9.798925325093084
3429.6,9.622660681268513
3429.8,9.61187324254796
3430.0,9.826689584726383
3430.2,10.036040220828946
3430.4,9.526554348366473
3430.6,9.496070721771126
3430.8,9.828685718514333
3431.0,10.319890449280775
3431.2,10.133010614645874
3431.4,10.265814555154689
3431.6,9.985293668049774
3431.8,10.24034433475035
3432.0,10.426299639686608
3432.2,10.018562791953569
3432.4,9.79527642970938
3432.6,10.03388263409134
3432.8,10.248540331152228
3433.0,9.754342511291592
3433.2,10.28413400789974
3433.4,10.101398915963703
3433.6,10.567118362069865
3433.8,11.357772063016728
3434.0,12.065872623555322
3434.2,11.93311356300266
3434.4,11.741570372825619
3434.6,11.654836578246266
3434.8,12.697501013625674
3435.0,13.150830047492985
3435.2,13.353553309542596
3435.4,14.8096943125661
3435.6,15.33732192005729
3435.8,15.808784697333467
3436.0,15.749086126480332
3436.2,14.939310768091243
3436.4,15.943523249848592
3436.6,15.80154987540615
3436.8,16.824828822100486
3437.0,17.033937397328604
3437.2,17.747735137066016
3437.4,16.71559409099912
3437.6,15.95020883872386
3437.8,16.186709349202154
3438.0,15.714344795465978
3438.2,16.34794549336771
3438.4,14.776719903531124
3438.6,13.663357578674184
3438.8,15.212555463836686
3439.0,13.247685250007248
3439.2,12.905512628826932
3439.4,11.61711087545614
3439.6,11.333472727331833
3439.8,12.072600787019002
3440.0,13.616694527972253
3440.2,13.176700256151657
3440.4,13.402001511813857
3440.6,13.567106528594287
3440.8,13.794952604793234
3441.0,14.760061409674204
3441.2,12.09162102359532
3441.4,13.051443309896225
3441.6,13.106168906178828
3441.8,12.382409748073993
3442.0,13.915729948438907
3442.2,13.957397851974774
3442.4,14.585360320055823
3442.6,15.919939129453073
3442.8,16.31279685958628
3443.0,16.57207642911345
3443.2,16.47875988066502
3443.4,16.41599708887079
3443.6,17.37365192198224
3443.8,18.348053474398824
3444.0,16.55820763873897
3444.2,15.137518040033406
3444.4,14.918660550670106
3444.6,15.833091638642816
3444.8,15.672400634996526
3445.0,17.50344612459404
3445.2,18.25386145168954
3445.4,17.366008019544424
3445.6,18.957037604287404
3445.8,18.406717198332757
3446.0,17.202724750402652
3446.2,16.798292721743117
3446.4,17.515197264837404
3446.6,17.895584788227413
3446.8,17.398641057621173
3447.0,15.310476700012575
3447.2,15.500936207564715
3447.4,15.440344116777274
3447.6,15.007227205178115
3447.8,15.050641703657341
3448.0,19.022688298450657
3448.2,15.79186109500976
3448.4,15.734788374738738
3448.6,17.78202327042157
3448.8,16.9946981598244
3449.0,16.023078279236074
3449.2,17.445264987062497
3449.4,18.033835529013352
3449.6,16.98502399022205
3449.8,14.093474050699271
3450.0,14.971569942554675
3450.2,14.630178322988582
3450.4,15.36322900888634
3450.6,15.625063976542545
3450.8,16.2089896995976
3451.0,16.944647897634063
3451.2,16.120283553428504
3451.4,15.504945768292293
3451.6,16.1158012119607
3451.8,16.78445553890449
3452.0,16.060952787961465
3452.2,16.998603268631683
3452.4,16.703932423284662
3452.6,15.107213631699496
3452.8,15.495267843507257
3453.0,14.882468496172105
3453.2,15.115378861819313
3453.4,15.561482224115801
3453.6,16.50086630683905
3453.8,15.263862919522984
3454.0,14.24769802119265
3454.2,15.618655817065264
3454.4,15.52678026820754
3454.6,14.386019066620452
3454.8,14.337345043534137
3455.0,14.859929043735107
3455.2,14.013493282933041
3455.4,15.985339403101408
3455.6,16.390404356224877
3455.8,15.474558797441663
3456.0,14.771900297376979
3456.2,15.233568448399886
3456.4,15.6844709315193
3456.6,13.685713717479317
3456.8,14.542717549099972
3457.0,14.45681020364983
3457.2,14.459818126365745
3457.4,14.273855790365682
3457.6,13.86606040289063
3457.8,14.634250621520797
3458.0,14.009934279002
3458.2,13.846260909718897
3458.4,12.543247950174818
3458.6,13.325158651606088
3458.8,13.776916558138648
3459.0,13.711585543100004
3459.2,13.605053331364447
3459.4,12.186508435690717
3459.6,14.169368117535765
3459.8,12.835790740182826
3460.0,13.339138693166447
3460.2,15.346604376557693
3460.4,16.687288081615016
3460.6,14.7408985229406
3460.8,15.247311054347021
3461.0,14.51572555576899
3461.2,14.88629639662218
3461.4,15.240155613436418
3461.6,13.811805025951102
3461.8,13.612569420322501
3462.0,13.953072787516078
3462.2,16.12961864797869
3462.4,14.841582772739663
3462.6,14.224761520704462
3462.8,15.319953695348676
3463.0,14.668245203061336
3463.2,13.481468390746405
3463.4,12.938339461330436
3463.6,14.470770400855798
3463.8,15.634600326258091
3464.0,14.817185843864218
3464.2,14.269762002133337
3464.4,16.271239132311194
3464.6,15.943465753547896
3464.8,18.137318306632704
3465.0,17.402330231368556
3465.2,15.285014190605025
3465.4,16.656980250273506
3465.6,17.30268985998772
3465.8,14.269527639963158
3466.0,14.63221342286383
3466.2,14.285839338959036
3466.4,13.886580278687282
3466.6,13.848314247449595
3466.8,16.64230696809899
3467.0,17.382462890673988
3467.2,17.01011121782475
3467.4,18.09520369218607
3467.6,17.93956991585927
3467.8,18.348786215338507
3468.0,17.670592245850685
3468.2,17.617677347773594
3468.4,17.62578260487663
3468.6,18.229524714218634
3468.8,14.734344785092073
3469.0,16.979762791189263
3469.2,17.551773433761117
3469.4,15.448914686921489
3469.6,16.48558472557728
3469.8,17.68729068832918
3470.0,16.653843360617184
3470.2,16.614844643124332
3470.4,16.342354863616315
3470.6,17.555973246767525
3470.8,14.745879609783792
3471.0,13.407258855473854
3471.2,14.118787341606062
3471.4,13.985446766027636
3471.6,15.65390205797814
3471.8,13.972069433548617
3472.0,15.791370481269391
3472.2,16.726555524418803
3472.4,16.21147501235971
3472.6,18.45741645398713
3472.8,18.113216643862916
3473.0,18.600077637130894
3473.2,18.903717169083237
3473.4,19.52719740464483
3473.6,17.627772564943733
3473.8,19.227593335110317
3474.0,17.551475413276634
3474.2,17.762478049310065
3474.4,19.92923512309947
3474.6,18.211210136344548
3474.8,18.6649735806549
3475.0,17.970246232663115
3475.2,17.923371485860716
3475.4,16.778793874787542
3475.6,17.807333178677304
3475.8,16.391953591807457
3476.0,15.671294833719395
3476.2,16.138007514486898
3476.4,16.236960194344125
3476.6,16.154964758077433
3476.8,17.284177568986795
3477.0,16.835668638211267
3477.2,15.487806136031683
3477.4,16.423437011193723
3477.6,17.330241386488513
3477.8,17.311593351314606
3478.0,17.54597077333598
3478.2,16.943232405177277
3478.4,17.106085149850433
3478.6,16.817829661962527
3478.8,15.969948490470568
3479.0,15.783085661905291
3479.2,16.574627772012867
3479.4,16.235055457436477
3479.6,15.697647243130284
3479.8,14.668814107295493
3480.0,13.801471000926979
3480.2,14.02047373778722
3480.4,16.583504556823485
3480.6,16.20324363833496
3480.8,16.745088443352365
3481.0,17.788895231065588
3481.2,18.130134518770472
3481.4,17.54222096287429
3481.6,16.35585809940203
3481.8,16.393575394117235
3482.0,16.97811752633187
3482.2,15.066701347410765
3482.4,14.093427159700074
3482.6,14.334066636744732
3482.8,14.296396569171716
3483.0,12.90164626520907
3483.2,13.390188714150174
3483.4,14.37024119281247
3483.6,15.11505229573612
3483.8,15.74988926609719
3484.0,15.002543994055094
3484.2,14.17850025017893
3484.4,13.889453253365412
3484.6,13.825341385767988
3484.8,14.05476943656559
3485.0,14.298575490565513
3485.2,12.62458581567473
3485.4,13.494019066024013
3485.6,12.65033897196611
3485.8,12.399048383854714
3486.0,12.591498973571953
3486.2,13.90523376914061
3486.4,15.881559272296485
3486.6,15.821136971132045
3486.8,12.535731120593036
3487.0,14.277925524453423
3487.2,15.427471008638843
3487.4,12.860669442349783
3487.6,12.77353448159258
3487.8,11.963401826388655
3488.0,11.724564176253844
3488.2,12.732297445991092
3488.4,13.10763349793051
3488.6,14.397774503728819
3488.8,12.345530332054652
3489.0,13.578425995765036
3489.2,14.149497807347785
3489.4,13.91366489359716
3489.6,13.044699605968908
3489.8,12.794511466094182
3490.0,11.539452110553958
3490.2,11.265481092440906
3490.4,11.425730315814288
3490.6,11.227840037667118
3490.8,12.024622244528508
3491.0,11.958322625092073
3491.2,12.648648889379785
3491.4,14.275558886516599
3491.6,15.298031205245056
3491.8,14.207816388004346
3492.0,13.716042261631404
3492.2,14.003212934199817
3492.4,12.790943312645595
3492.6,12.60777904781329
3492.8,12.924156004468784
3493.0,12.855951713597067
3493.2,13.410838240383928
3493.4,13.386807778095957
3493.6,11.478745598719488
3493.8,12.170513969439822
3494.0,11.60537102738652
3494.2,12.066362447357779
3494.4,12.49539769751663
3494.6,11.988495627647488
3494.8,12.036176054700862
3495.0,11.853670743100825
3495.2,12.759876103003416
3495.4,12.744031218177021
3495.6,11.871661868850394
3495.8,12.492341084493873
3496.0,11.89504395295901
3496.2,13.046690504648403
3496.4,13.737725109187675
3496.6,13.5693436300213
3496.8,12.582418458552887
3497.0,11.997692114565774
3497.2,11.074203048660499
3497.4,11.86956725897443
3497.6,11.890358353836007
3497.8,10.459630998524155
3498.0,10.6386000417975
3498.2,11.281446363276576
3498.4,11.492887354435213
3498.6,11.099941417867015
3498.8,13.086311010128732
3499.0,12.046458066865258
3499.2,12.016497041776875
3499.4,13.675312516574214
3499.6,13.656084115711565
3499.8,13.613927224297115
3500.0,12.998377829849355
3500.2,11.264805147732071
3500.4,11.32107634947184
3500.6,11.209454687950572
3500.8,11.010774575883698
3501.0,10.448191241792092
3501.2,10.448068900907156
3501.4,10.687002417571792
3501.6,11.017887002428406
3501.8,11.795270480060022
3502.0,10.711540980111335
3502.2,10.625428932060434
3502.4,10.036012032746982
3502.6,9.957874780297102
3502.8,10.204244034941182
3503.0,10.288288311201043
3503.2,10.08837521930079
3503.4,10.485707864869484
3503.6,10.246204493324937
3503.8,10.505911745202631
3504.0,11.339872599580296
3504.2,11.185696225829211
3504.4,10.603518267062066
3504.6,10.685240764207336
3504.8,10.081624378192197
3505.0,10.097588533018742
3505.2,10.205818016646475
3505.4,11.004313478348664
3505.6,10.805147291176691
3505.8,10.804983251796623
3506.0,10.79807031943955
3506.2,11.342298867497828
3506.4,11.148179030081128
3506.6,11.29916921147013
3506.8,11.62788128189974
3507.0,12.15657249326675
3507.2,10.990248369314187
3507.4,11.439568110888068
3507.6,10.911435418631408
3507.8,10.591047587415597
3508.0,10.475032510232467
3508.2,11.225544508681619
3508.4,11.408104826419962
3508.6,12.114952810935858
3508.8,11.460582071459768
3509.0,12.105199365543903
3509.2,12.467682889788192
3509.4,11.780558674294625
3509.6,11.384433115208303
3509.8,10.963439941518736
3510.0,10.103186567523236
3510.2,10.488203449580254
3510.4,10.67490267380334
3510.6,10.199861206606435
3510.8,10.532960186616393
3511.0,10.621957678158322
3511.2,10.954390335020907
3511.4,10.610172920376028
3511.6,9.808945168104477
3511.8,9.97692186508331
3512.0,9.447438324985258
3512.2,9.100403300514015
3512.4,9.11714325758518
3512.6,8.955981730327153
3512.8,9.14245547604003
3513.0,8.944258694762139
3513.2,9.0345569411027
3513.4,9.04330070166298
3513.6,9.057113268360418
3513.8,9.361592776849374
3514.0,9.30607140988238
3514.2,9.116984977566359
3514.4,9.426440440801018
3514.6,9.22103528563086
3514.8,9.2243492832396
3515.0,9.189707930193624
3515.2,9.370708847276294
3515.4,9.085602159035393
3515.6,8.61472022160059
3515.8,8.994388715480069
3516.0,8.884691240851417
3516.2,8.763155037046646
3516.4,8.711756007763666
3516.6,8.937730996762761
3516.8,9.12706699296717
3517.0,9.175233613726213
3517.2,9.01530185276895
3517.4,8.833082685878965
3517.6,8.971143265600592
3517.8,9.257019571161635
3518.0,8.946265579058872
3518.2,9.072496777009754
3518.4,8.960675100884753
3518.6,9.124699350855742
3518.8,9.205892046475183
3519.0,9.790639636654948
3519.2,9.5803537066549
3519.4,9.444362139521473
3519.6,9.286921441936792
3519.8,10.036345800110489
3520.0,9.787783214816727
3520.2,9.604096922149347
3520.4,9.709922475973269
3520.6,10.27870220184548
3520.8,10.170113082563116
3521.0,10.153642643657415
3521.2,9.92459214199732
3521.4,9.964985517042127
3521.6,10.260421365241235
3521.8,9.757842107717616
3522.0,9.731800262231765
3522.2,9.874040275086422
3522.4,10.011819319463546
3522.6,10.12770364565186
3522.8,10.485589667930537
3523.0,10.405138068211926
3523.2,10.20376491949883
3523.4,9.959140092168298
3523.6,10.106222720099867
3523.8,10.160121697446058
3524.0,10.205396503771748
3524.2,10.271467711641533
3524.4,9.843148155929969
3524.6,10.04487351230754
3524.8,9.473178071772315
3525.0,9.674629190476258
3525.2,10.393787752251821
3525.4,10.571312590030788
3525.6,10.320522666426715
3525.8,10.514896982508557
3526.0,10.721796882133443
3526.2,10.531917024937112
3526.4,9.390764684367754
3526.6,9.21317360173245
3526.8,9.100248199194185
3527.0,8.920837742031658
3527.2,9.21925836096507
3527.4,9.016562951595745
3527.6,9.017756555836367
3527.8,9.222573988879853
3528.0,8.950573411545404
3528.2,9.196406555176589
3528.4,9.012696133402928
3528.6,8.90321504855548
3528.8,9.10121151360795
3529.0,9.381522987080604
3529.2,9.459081951413385
3529.4,9.26510937126866
3529.6,9.066737890651266
3529.8,9.293713974923236
3530.0,9.517817008036637
3530.2,9.770165469364475
3530.4,9.724251395985199
3530.6,9.887249465234774
3530.8,9.485823617477093
3531.0,9.398807335556135
3531.2,9.953731010837018
3531.4,9.487931761605132
3531.6,10.005840892600727
3531.8,9.440800374816064
3532.0,9.731158982114296
3532.2,10.120658093738108
3532.4,9.594484270238931
3532.6,9.964902678101964
3532.8,10.188105143626657
3533.0,10.243035792226735
3533.2,9.59552741665936
3533.4,9.536313873003811
3533.6,9.469923558943607
3533.8,9.66550848687781
3534.0,9.822485662589388
3534.2,9.714619143410335
3534.4,9.93172435771146
3534.6,9.787127631732439
3534.8,9.748907459481016
3535.0,9.946051862055569
3535.2,9.904863099206782
3535.4,9.43344769712261
3535.6,9.766438806559274
3535.8,9.76280945548756
3536.0,10.410280562284374
3536.2,10.452307871574483
3536.4,10.076582718702728
3536.6,10.632148924115192
3536.8,10.33699047073511
3537.0,10.020669216312468
3537.2,9.977597252877503
3537.4,10.363732856938537
3537.6,10.291208379285393
3537.8,10.069059881896816
3538.0,10.167661988223443
3538.2,9.922304578337712
3538.4,10.064504317277972
3538.6,9.921526077563493
3538.8,9.93363996558256
3539.0,9.837262458625197
3539.2,9.776463816460163
3539.4,10.06383285046304
3539.6,9.837043421886301
3539.8,10.403649036825279
3540.0,9.953833746518711
3540.2,10.015867381305668
3540.4,10.417099183724272
3540.6,10.145740780654336
3540.8,10.231884712010972
3541.0,9.783526644916407
3541.2,10.140269573752178
3541.4,10.464019140801245
3541.6,10.302451528337244
3541.8,10.31024329907709
3542.0,10.279835173691458
3542.2,10.62590351619809
3542.4,10.831340739446185
3542.6,10.275902214418501
3542.8,10.401139913033425
3543.0,11.128865035337673
3543.2,10.941445933738498
3543.4,11.039312923791522
3543.6,10.442653213531809
3543.8,10.57405932196003
3544.0,10.715915419250837
3544.2,10.740266631826707
3544.4,10.480658630290218
3544.6,10.6139063669603
3544.8,11.164540463355618
3545.0,11.061554271729436
3545.2,12.659471697821196
3545.4,12.089064949608918
3545.6,11.315683498316748
3545.8,11.586481074549553
3546.0,12.014666664815458
3546.2,12.841389237837507
3546.4,12.337700611342354
3546.6,10.915899370331203
3546.8,10.266528410538953
3547.0,10.438698853596428
3547.2,11.551860288793826
3547.4,11.896013329423948
3547.6,12.22632254954017
3547.8,12.014163694428667
3548.0,13.289129400320398
3548.2,14.123580643953105
3548.4,12.282003594972217
3548.6,11.971628614949996
3548.8,12.741815366219312
3549.0,11.959317838806381
3549.2,12.646704619566512
3549.4,12.180195358852421
3549.6,11.592651771877073
3549.8,11.269026778808124
3550.0,12.505260599208745
3550.2,12.02194099827766
3550.4,12.425818880221255
3550.6,12.974964964692745
3550.8,12.451729693407206
3551.0,11.885885587753542
3551.2,11.667909639316367
3551.4,12.006063391165174
3551.6,11.584466977702446
3551.8,12.087574192501096
3552.0,12.590986324326055
3552.2,11.199133602805544
3552.4,10.332754213347197
3552.6,10.0213768526688
3552.8,9.87119475469209
3553.0,9.95331123565758
3553.2,10.268410870551541
3553.4,10.315890172488816
3553.6,10.430289057430233
3553.8,9.799103917568376
3554.0,9.937265294607618
3554.2,9.838740094187946
3554.4,10.528278843143912
3554.6,10.908824425827602
3554.8,10.906671388104321
3555.0,10.960244306417339
3555.2,10.689998622001752
3555.4,12.208976631271932
3555.6,11.393953584726681
3555.8,10.092557831505733
3556.0,10.220289149059418
3556.2,10.10349553768129
3556.4,10.050791910057384
3556.6,11.083359104077035
3556.8,10.109544932490849
3557.0,9.831823076294128
3557.2,9.938422856340784
3557.4,9.593965487764626
3557.6,9.832398248606099
3557.8,10.04410829786995
3558.0,9.896263433128519
3558.2,9.699328813279099
3558.4,10.115676235481718
3558.6,10.820347352493258
3558.8,12.03904017317451
3559.0,10.975611709899056
3559.2,11.448247754789566
3559.4,12.728479816426749
3559.6,12.366016991785969
3559.8,12.631176705355657
3560.0,11.772358943018698
3560.2,12.83988134692426
3560.4,11.90507625534906
3560.6,12.416771253558498
3560.8,11.9450285208491
3561.0,11.501536697187237
3561.2,11.975456485449188
3561.4,12.00191060143146
3561.6,11.457197679612943
3561.8,11.769333371192179
3562.0,11.762100775694964
3562.2,11.148622261907269
3562.4,11.480624317907015
3562.6,11.780905918835462
3562.8,11.499593708149149
3563.0,11.485449280202026
3563.2,11.448130857650252
3563.4,11.498230833612395
3563.6,11.477778173894999
3563.8,11.343932486025594
3564.0,10.332745995473566
3564.2,10.629126070255793
3564.4,13.486345776598114
3564.6,13.100852389059517
3564.8,12.04786931552652
3565.0,12.855594226330764
3565.2,12.887085672680085
3565.4,13.791744644135193
3565.6,13.510328458163043
3565.8,13.11702629317794
3566.0,13.508687723105542
3566.2,13.931451617721923
3566.4,12.324296535551815
3566.6,12.587681436998698
3566.8,11.666672614596507
3567.0,12.930519726492275
3567.2,12.844558699274852
3567.4,11.678372926171862
3567.6,11.966150181002318
3567.8,12.405962013248358
3568.0,12.867021395432701
3568.2,12.95165728363758
3568.4,12.930798046144204
3568.6,12.631260332147267
3568.8,12.716727016462597
3569.0,12.625961772593623
3569.2,12.242142140891
3569.4,12.98183398593249
3569.6,12.489394205206443
3569.8,12.3364388859481
3570.0,12.510092050999027
3570.2,11.694357485322522
3570.4,11.674313855768803
3570.6,13.53387284798523
3570.8,12.252861372468068
3571.0,13.055142956127884
3571.2,12.971594634783559
3571.4,12.626906387724642
3571.6,12.626953713932679
3571.8,12.9300881176123
3572.0,12.430174242725489
3572.2,12.874653553771118
3572.4,12.822901934600502
3572.6,11.505815937207235
3572.8,12.073737118323143
3573.0,12.287800746503505
3573.2,13.178415308773445
3573.4,13.163659975206617
3573.6,12.48198624842531
3573.8,13.006252646596279
3574.0,12.711886287021521
3574.2,12.385987691302434
3574.4,11.768251305124647
3574.6,12.73296704761532
3574.8,12.471385169116418
3575.0,12.66315341271521
3575.2,13.052948481573097
3575.4,13.89926055069873
3575.6,14.56212378104976
3575.8,13.188744880504156
3576.0,13.18384472618423
3576.2,13.330392977067811
3576.4,14.623846085175247
3576.6,14.846569374799008
3576.8,14.663793668698741
3577.0,13.52923172089591
3577.2,13.070132596678691
3577.4,12.044395762094727
3577.6,12.273420303452692
3577.8,12.877051927047482
3578.0,11.959788384697914
3578.2,12.169007934481948
3578.4,12.818180631794032
3578.6,13.456110895962317
3578.8,13.100401330790275
3579.0,12.202897847712514
3579.2,11.573246100267893
3579.4,11.517193905637907
3579.6,11.533598468289972
3579.8,10.975649610048535
3580.0,11.860348625321395
3580.2,11.389177752778856
3580.4,11.402969686810593
3580.6,12.120848073221817
3580.8,12.121669695889814
3581.0,12.222394211197482
3581.2,11.634007662188939
3581.4,11.857175614937645
3581.6,12.072249970897593
3581.8,11.347358121452915
3582.0,11.580853649646832
3582.2,11.384221330209684
3582.4,11.4775917939582
3582.6,11.492210947636108
3582.8,11.189641044107951
3583.0,11.248658932649269
3583.2,11.132273656997056
3583.4,11.800737927130516
3583.6,11.532902426150882
3583.8,11.691270868108017
3584.0,11.603411236297774
3584.2,11.276737751491039
3584.4,11.710456120769928
3584.6,11.609814080631327
3584.8,11.943699747836742
3585.0,11.868153090139273
3585.2,11.577298418162961
3585.4,11.518337328179413
3585.6,11.794509637363856
3585.8,11.479912775593364
3586.0,10.542174897999422
3586.2,11.241845069378897
3586.4,11.408767060716565
3586.6,10.952867621090213
3586.8,11.552162792772144
3587.0,11.305635124522373
3587.2,10.290467487425122
3587.4,10.925716489557935
3587.6,11.30368203797291
3587.8,10.641031157129383
3588.0,10.699567050600754
3588.2,9.802431205607157
3588.4,10.407800671570282
3588.6,9.668079927080141
3588.8,10.582718812451335
3589.0,10.684167694213764
3589.2,10.517774287708441
3589.4,11.086998252180953
3589.6,10.713346198070042
3589.8,10.907947276807192
3590.0,11.540155686644635
3590.2,11.382619342008569
3590.4,11.597641929525388
3590.6,11.821271555671549
3590.8,14.005628618460479
3591.0,11.774699285164015
3591.2,11.882356272320198
3591.4,11.79400275755636
3591.6,12.4296887082162
3591.8,12.3111181054324
3592.0,11.429477736803273
3592.2,12.221139226937465
3592.4,11.715724163843726
3592.6,11.451016840901726
3592.8,10.696966567455565
3593.0,11.024331416247366
3593.2,11.612695263905552
3593.4,11.444376494264786
3593.6,10.983695609244306
3593.8,11.614960533515713
3594.0,12.164015497704492
3594.2,13.915171951790033
3594.4,12.574722663311867
3594.6,11.836587638717567
3594.8,11.64752121674197
3595.0,11.454770604776243
3595.2,12.007482384669741
3595.4,12.187301302382064
3595.6,11.555751566707373
3595.8,12.265612552400642
3596.0,11.21521107777708
3596.2,11.818593453358568
3596.4,12.22241092990641
3596.6,11.733922284995614
3596.8,11.461601593019754
3597.0,11.892463173598525
3597.2,11.724425742004406
3597.4,12.201304923069696
3597.6,13.402565082167063
3597.8,11.78386265206212
3598.0,11.672939112362464
3598.2,11.550126525279998
3598.4,11.160909282845564
3598.6,11.332443176580323
3598.8,10.886327023775646
3599.0,11.045451077177347
3599.2,12.111101472585805
3599.4,10.751120203585977
3599.6,10.204793182717061
3599.8,10.779933600146821
3600.0,10.167607534302366
3600.2,10.766541735388529
3600.4,10.39460397020349
3600.6,10.231702696167895
3600.8,10.215712181660574
3601.0,10.660536929574631
3601.2,10.608431852838724
3601.4,10.747294204409739
3601.6,10.48582711144579
3601.8,10.56881770171525
3602.0,10.972247116467276
3602.2,11.344536097337368
3602.4,11.901313442913924
3602.6,12.76111131737315
3602.8,12.029498090265424
3603.0,13.292623948197491
3603.2,12.962751709674835
3603.4,14.740925210150364
3603.6,13.210975263486507
3603.8,13.040977057536827
3604.0,12.950840379074492
3604.2,13.020997569180912
3604.4,13.137219009680976
3604.6,13.880716025677293
3604.8,13.74314974619554
3605.0,14.531007891598275
3605.2,16.077468398119407
3605.4,15.913343405368757
3605.6,13.724822828348364
3605.8,13.913146802952896
3606.0,13.785248134404311
3606.2,15.225703492762264
3606.4,15.31112440156768
3606.6,14.252248038914008
3606.8,13.496706944800929
3607.0,13.815553095219649
3607.2,15.301076704968379
3607.4,14.565989828531187
3607.6,12.836844096748008
3607.8,12.748561723847768
3608.0,12.19006159553392
3608.2,14.024700083103552
3608.4,13.28105280241205
3608.6,14.806492111038597
3608.8,13.785760487429815
3609.0,15.335215410540307
3609.2,15.486164204056976
3609.4,14.183977610750272
3609.6,14.120642060689494
3609.8,13.773269528709324
3610.0,12.7292210355184
3610.2,12.524956437820629
3610.4,11.747788442866838
3610.6,12.47447416697485
3610.8,12.770510233698577
3611.0,12.600148297252181
3611.2,11.953715898073797
3611.4,13.140081505504082
3611.6,13.305895340499422
3611.8,13.277100529388239
3612.0,11.672869003038928
3612.2,10.556854267776732
3612.4,10.349885018370447
3612.6,9.944806950965578
3612.8,9.961881504536208
3613.0,9.93204976075438
3613.2,10.027876741019348
3613.4,9.84543326473087
3613.6,10.193704904200963
3613.8,9.93902541970755
3614.0,10.217387125891452
3614.2,9.574631140467103
3614.4,9.928384981581488
3614.6,10.572489524071012
3614.8,11.554689448123836
3615.0,11.524217444914761
3615.2,11.457752825131674
3615.4,11.163588893758957
3615.6,11.06837543973581
3615.8,10.897266432023518
3616.0,11.457128348995706
3616.2,11.685190986075103
3616.4,11.60610653336159
3616.6,11.802429286501821
3616.8,11.504152934164342
3617.0,11.568041145097961
3617.2,11.521174522522838
3617.4,11.07409804555221
3617.6,11.442401655441895
3617.8,11.894783686894584
3618.0,11.236309705077359
3618.2,11.129577986622516
3618.4,11.624284905108686
3618.6,11.680882228598957
3618.8,11.416826027035238
3619.0,11.453403049558586
3619.2,11.248350898230148
3619.4,11.3881187602363
3619.6,11.551442073901283
3619.8,11.717952873477229
3620.0,11.699200894441892
3620.2,11.239116414050068
3620.4,11.501951580501311
3620.6,11.35947660637245
3620.8,11.40002562466066
3621.0,11.508659842557842
3621.2,11.722969251883395
3621.4,11.559555413859574
3621.6,11.597530269642643
3621.8,11.384672730533875
3622.0,10.634834952239363
3622.2,11.095868663086765
3622.4,11.356002202232547
3622.6,11.221451557755454
3622.8,11.103273652638286
3623.0,10.938903592917084
3623.2,10.963072973178187
3623.4,10.718881435630895
3623.6,10.944925373989571
3623.8,10.918327134297607
3624.0,11.343303603249238
3624.2,11.021175817986276
3624.4,12.341971404774872
3624.6,12.825152268623452
3624.8,12.030681573396338
3625.0,10.693647537276828
3625.2,12.063889836816891
3625.4,14.20716074529567
3625.6,13.21145368898163
3625.8,13.207132916973567
3626.0,14.965369178782574
3626.2,15.415535639350198
3626.4,16.76518098231775
3626.6,16.16507949504653
3626.8,15.046518298689367
3627.0,14.383505351300306
3627.2,12.962661931525766
3627.4,13.159065705545236
3627.6,14.788152639305386
3627.8,14.183556872083338
3628.0,13.318626479703342
3628.2,15.471914934537041
3628.4,14.839719462169187
3628.6,15.427078296725147
3628.8,14.361208311055417
3629.0,14.183321682135093
3629.2,14.340193183686935
3629.4,14.189929065409594
3629.6,15.883748230470452
3629.8,13.124261737034914
3630.0,12.416094809876137
3630.2,12.027896404225388
3630.4,12.475460064452351
3630.6,12.75713460987667
3630.8,12.839240073286804
3631.0,15.280160284469403
3631.2,16.40615724785799
3631.4,15.729366000421283
3631.6,14.850200358294503
3631.8,13.946377042035447
3632.0,15.162452150078883
3632.2,15.589432033533724
3632.4,14.565491214655546
3632.6,14.595508328773024
3632.8,14.371579471643194
3633.0,16.33304477812334
3633.2,16.27174598851717
3633.4,16.057193988217705
3633.6,15.71375507390891
3633.8,15.796322940837527
3634.0,16.095658749669365
3634.2,17.124085347691867
3634.4,17.10932832034323
3634.6,14.984318797949875
3634.8,14.907371621737738
3635.0,14.960110224332915
3635.2,13.34022627444572
3635.4,14.090395835397302
3635.6,14.754099921242386
3635.8,15.917522491197708
3636.0,15.948366683463968
3636.2,15.855412408595658
3636.4,15.888218369929422
3636.6,15.383531849247545
3636.8,14.256532330554162
3637.0,14.633042261671799
3637.2,14.15070245195979
3637.4,14.47733624217523
3637.6,13.282894012527093
3637.8,13.68751130168526
3638.0,15.19131363067351
3638.2,15.93078798775387
3638.4,14.95230537343095
3638.6,15.056919243308569
3638.8,14.74491007389525
3639.0,15.197901977592005
3639.2,14.894997119210382
3639.4,15.432582956510391
3639.6,16.643403257040145
3639.8,17.559642958235898
3640.0,17.211505692604774
3640.2,16.125253030908397
3640.4,16.202154074188105
3640.6,15.509232670078898
3640.8,16.433010887092905
3641.0,15.593232073738932
3641.2,16.35923740134749
3641.4,16.223319819251277
3641.6,16.379077230738435
3641.8,16.63548889537885
3642.0,14.586266985521661
3642.2,14.426892713625747
3642.4,12.00164246903325
3642.6,12.689367224771992
3642.8,12.324848255106405
3643.0,11.438149913253516
3643.2,13.105423996092302
3643.4,14.499669350424242
3643.6,13.936336364620265
3643.8,14.90258425109219
3644.0,14.529698447090485
3644.2,15.05751385621014
3644.4,14.545633858861262
3644.6,13.544981671704084
3644.8,13.651417891688896
3645.0,13.588252776892427
3645.2,13.29516867957958
3645.4,12.435554160301354
3645.6,11.225168775373165
3645.8,11.193982866428751
3646.0,10.324241833644203
3646.2,10.149697318900955
3646.4,10.03010071195332
3646.6,9.9352708391471
3646.8,10.438487790319291
3647.0,10.606263489787507
3647.2,10.930359243954126
3647.4,10.652754850552126
3647.6,11.180104379392095
3647.8,10.557979127154946
3648.0,10.818897525238828
3648.2,10.339618644476786
3648.4,10.626511534997249
3648.6,10.664438603803346
3648.8,10.750464021999683
3649.0,10.875819059725538
3649.2,11.35972857243798
3649.4,10.667221852934778
3649.6,10.35258007566572
3649.8,10.482384836719518
3650.0,10.408347467139725
3650.2,11.394995528191727
3650.4,11.458630793840662
3650.6,11.984098313268905
3650.8,12.620213783544923
3651.0,11.39140494051573
3651.2,12.0322191626564
3651.4,12.805056488854396
3651.6,12.77459569343627
3651.8,12.404635619164523
3652.0,13.797449821223221
3652.2,12.876162931618943
3652.4,12.46933455145993
3652.6,13.045111699760382
3652.8,12.754096035890905
3653.0,12.85872864448542
3653.2,13.866821643005414
3653.4,13.649831527658371
3653.6,12.526307962610465
3653.8,12.335830458971863
3654.0,12.662229683524881
3654.2,13.496447952884207
3654.4,12.864910318808418
3654.6,12.233444384055773
3654.8,12.21157928625239
3655.0,12.047611915236867
3655.2,13.226947024940545
3655.4,14.467861027002908
3655.6,12.628415073933573
3655.8,13.292656620897432
3656.0,12.793983750984994
3656.2,13.12170725401445
3656.4,12.57815967757316
3656.6,11.92958419058497
3656.8,11.664768168493909
3657.0,12.001714538468192
3657.2,11.652166209015437
3657.4,12.994818305799198
3657.6,13.447729046620227
3657.8,13.489620792178737
3658.0,14.80723668537416
3658.2,13.675707509049342
3658.4,13.574209862548823
3658.6,13.942956678833053
3658.8,13.924788275058708
3659.0,14.089184685780348
3659.2,15.525460051723584
3659.4,14.719456139924429
3659.6,14.82688968663245
3659.8,13.77853631021379
3660.0,14.383091319178858
3660.2,13.244554370854573
3660.4,12.562039945929303
3660.6,12.104533314686712
3660.8,13.005039959364115
3661.0,13.10814840191422
3661.2,14.551545376917947
3661.4,14.980380872544908
3661.6,14.206808918366558
3661.8,13.864919914635019
3662.0,13.623890233203618
3662.2,14.545867580909299
3662.4,14.26473179344212
3662.6,14.424067706554343
3662.8,14.369917739593742
3663.0,14.110046873303224
3663.2,14.08239375792462
3663.4,14.025761950465874
3663.6,15.231442668529398
3663.8,14.601617366004962
3664.0,14.246151781553309
3664.2,14.892720512622933
3664.4,14.206439819904599
3664.6,14.309357601983404
3664.8,13.356189613832129
3665.0,13.3780874696985
3665.2,12.987781754127077
3665.4,14.354378505538627
3665.6,13.382449783447779
3665.8,13.289677685874066
3666.0,14.56151109216467
3666.2,15.456827650463241
3666.4,13.9545908051998
3666.6,13.336299679573925
3666.8,15.199311856481533
3667.0,13.662214661065537
3667.2,14.834699562880559
3667.4,15.224043257877579
3667.6,15.791756702346003
3667.8,16.891848734520725
3668.0,14.180789222332468
3668.2,15.389229835205072
3668.4,16.085824305510418
3668.6,14.635053670773924
3668.8,11.63414246527057
3669.0,11.88499888296976
3669.2,11.917435430477848
3669.4,11.70795424276067
3669.6,12.360421714594361
3669.8,11.911575398261434
3670.0,10.987014337950267
3670.2,10.997163380341293
3670.4,10.708717420848632
3670.6,11.593685027345286
3670.8,10.76492402668341
3671.0,10.643077158729149
3671.2,9.954393401620788
3671.4,9.954823286142355
3671.6,11.01608493526166
3671.8,11.01231937063627
3672.0,11.64179443905934
3672.2,12.658763205521314
3672.4,11.688409548813388
3672.6,10.753668984365774
3672.8,11.250070668610883
3673.0,11.961268449887521
3673.2,11.314167684289293
3673.4,10.193314011904507
3673.6,9.808380519685196
3673.8,9.774332636050856
3674.0,9.734090558707818
3674.2,9.69886386261317
3674.4,9.72872748424681
3674.6,9.947067849316184
3674.8,9.962202547156867
3675.0,10.891264063768775
3675.2,11.264538768247572
3675.4,11.802987172925805
3675.6,11.495420431496854
3675.8,12.002521665242313
3676.0,11.60869675858992
3676.2,11.216660085999852
3676.4,11.280805190428861
3676.6,11.627160753976986
3676.8,11.110687471372731
3677.0,10.780614502957345
3677.2,11.154406284465852
3677.4,11.145258476715442
3677.6,11.797023409292128
3677.8,12.312832831376376
3678.0,11.954995486643538
3678.2,11.554702894692387
3678.4,11.558256087658176
3678.6,12.009888415956167
3678.8,11.222282903457463
3679.0,11.23116228038163
3679.2,12.014656822412327
3679.4,12.081397992796628
3679.6,11.607193987940395
3679.8,11.828803243515614
3680.0,12.08980067095939
3680.2,11.151679996431344
3680.4,11.787142459779004
3680.6,11.736586729284184
3680.8,12.04549675284592
3681.0,11.78196546145122
3681.2,12.275329777744178
3681.4,11.61173367836245
3681.6,12.146540938141776
3681.8,12.607065664220476
3682.0,13.232664702247634
3682.2,12.520417266581298
3682.4,12.6626503461336
3682.6,11.69697511279724
3682.8,12.058271583402378
3683.0,13.18712584253734
3683.2,13.11008737915865
3683.4,12.863759332803859
3683.6,12.069548779674129
3683.8,12.677896057215442
3684.0,13.681035012164294
3684.2,14.457486486253687
3684.4,12.49981569623941
3684.6,13.161430135210635
3684.8,13.318650764306518
3685.0,13.485302399265048
3685.2,12.235156049065793
3685.4,13.932671708453196
3685.6,12.998030041174825
3685.8,13.592791546125643
3686.0,14.704661051198809
3686.2,14.39707287807546
3686.4,13.746015550394366
3686.6,13.520393489229672
3686.8,12.329289993368903
3687.0,12.138602890775175
3687.2,13.394811871577526
3687.4,13.198459454888027
3687.6,14.995640839105777
3687.8,14.701284423121528
3688.0,14.362422601624933
3688.2,12.332455414572056
3688.4,11.285622728460007
3688.6,12.417685342055867
3688.8,12.033066907787495
3689.0,12.174139316078437
3689.2,12.343082350160868
3689.4,14.121436235437152
3689.6,14.30583267201789
3689.8,14.733259985643159
3690.0,15.046957087703243
3690.2,15.650007799273741
3690.4,16.10104269010706
3690.6,14.906073111163545
3690.8,15.034506960155198
3691.0,14.938568646213472
3691.2,14.342607008357916
3691.4,14.488430286515865
3691.6,15.662069534867012
3691.8,14.873777981476321
3692.0,15.361828814808689
3692.2,16.1734429767455
3692.4,16.149947316990584
3692.6,15.616654326842166
3692.8,17.09772749750079
3693.0,16.115077847092564
3693.2,16.059222086459762
3693.4,16.105525999118857
3693.6,16.537902064658162
3693.8,15.071385067077134
3694.0,16.048313208651596
3694.2,16.87866887008318
3694.4,16.473760556013726
3694.6,15.571764598780213
3694.8,16.327443558346296
3695.0,15.717119961305395
3695.2,16.627425897456444
3695.4,17.231395714809885
3695.6,16.931549230522275
3695.8,15.002889939106318
3696.0,15.529918314294864
3696.2,16.43048101035275
3696.4,15.914694076262002
3696.6,17.190835415462967
3696.8,15.658811811284163
3697.0,15.524561693390913
3697.2,16.044840531621137
3697.4,16.01470894207209
3697.6,13.89289703462575
3697.8,13.70100196277203
3698.0,12.07339408298351
3698.2,12.575243907886078
3698.4,14.33031622536143
3698.6,13.072003949065467
3698.8,13.112198780302604
3699.0,14.28551372063961
3699.2,14.82200117374932
3699.4,15.390202678660321
3699.6,13.64017203757797
3699.8,12.129786024229492
3700.0,12.240927221036808
3700.2,12.655714665507835
3700.4,12.893355420281258
3700.6,12.326568566372693
3700.8,14.692363158274894
3701.0,14.517539154343071
3701.2,14.095685556205357
3701.4,13.940433209406383
3701.6,15.032332320980213
3701.8,15.063517104628835
3702.0,13.717008379418012
3702.2,14.751077413941605
3702.4,14.909873909881203
3702.6,13.928377219093328
3702.8,14.30160932208161
3703.0,13.939860024196676
3703.2,14.813147761195253
3703.4,15.528722411243747
3703.6,14.117348774546807
3703.8,13.16406610699525
3704.0,14.05473502581013
3704.2,12.581909573424653
3704.4,13.859066759070899
3704.6,13.789701266347127
3704.8,13.492598767715176
3705.0,13.328552958538602
3705.2,12.91327864446339
3705.4,13.289122025129856
3705.6,13.05487949994488
3705.8,12.768594200718834
3706.0,13.664284581539444
3706.2,13.372786753450928
3706.4,12.611937989800005
3706.6,14.706114312689005
3706.8,13.866964215733045
3707.0,13.643711418499393
3707.2,14.62985599215619
3707.4,13.005058792675557
3707.6,12.350323098882331
3707.8,12.98411139732736
3708.0,12.27128994383905
3708.2,12.770847555614901
3708.4,12.435805623224926
3708.6,12.504214137919307
3708.8,12.119459845481813
3709.0,11.161145817749198
3709.2,11.73038981825545
3709.4,12.475889169250117
3709.6,11.668274197995888
3709.8,10.125801669060008
3710.0,11.299441081137019
3710.2,11.66667635931277
3710.4,10.411456225909433
3710.6,11.281458885355582
3710.8,11.56218431511935
3711.0,11.66874718138456
3711.2,11.94889157009434
3711.4,12.460414583538544
3711.6,13.311744060121686
3711.8,12.725484435728948
3712.0,12.827441994672865
3712.2,12.041128755522335
3712.4,12.339077909606814
3712.6,12.724803935005522
3712.8,12.248586606387521
3713.0,11.738259676735579
3713.2,12.747607173179968
3713.4,13.390270358207365
3713.6,12.487094256335393
3713.8,13.602814017008011
3714.0,15.5592226466228
3714.2,14.527536477050262
3714.4,14.230901522133596
3714.6,12.56877136807873
3714.8,12.731275526519848
3715.0,14.094811786087291
3715.2,14.860133952064764
3715.4,13.287325306708995
3715.6,12.971480200759054
3715.8,14.021442696704646
3716.0,14.313301407603955
3716.2,15.788810058162673
3716.4,15.123129132765378
3716.6,14.5464534551346
3716.8,12.62601400850901
3717.0,14.410818343915404
3717.2,13.875803529004326
3717.4,13.31568117214922
3717.6,12.697631226947202
3717.8,12.007656618121684
3718.0,13.914663474202849
3718.2,14.99484533890222
3718.4,12.950793747287983
3718.6,12.902840909092571
3718.8,12.615034795666777
3719.0,12.20360143223606
3719.2,11.51577225406199
3719.4,11.323339580951089
3719.6,12.528344223046668
3719.8,12.034148537191287
3720.0,11.189567969396386
3720.2,12.892663214793119
3720.4,12.692182971801246
3720.6,12.59296409452869
3720.8,12.476655018363266
3721.0,13.93741032270578
3721.2,14.188869738787822
3721.4,13.93713105418657
3721.6,13.495203467289148
3721.8,13.493707269623469
3722.0,13.108616012699017
3722.2,13.297335236045726
3722.4,13.082905638683574
3722.6,14.65849893454893
3722.8,14.26796447162939
3723.0,14.52666027125926
3723.2,17.32481442296129
3723.4,17.8962400387
3723.6,17.85385702701404
3723.8,17.309562251954002
3724.0,17.40495929627227
3724.2,18.84909740411508
3724.4,17.33056606782913
3724.6,16.798779045177884
3724.8,16.083799204404542
3725.0,17.443862005750294
3725.2,17.085208368382844
3725.4,17.58715097574225
3725.6,17.602418900231754
3725.8,17.074820515116418
3726.0,15.92317378649227
3726.2,16.52284319694063
3726.4,15.45317553266785
3726.6,14.54178566050572
3726.8,14.620011811297253
3727.0,15.688972015727309
3727.2,17.449924228826873
3727.4,16.26432192825205
3727.6,16.495954247422066
3727.8,16.661432171499065
3728.0,16.60819383948473
3728.2,16.047936071750982
3728.4,16.1226066748162
3728.6,14.274934632436732
3728.8,16.22727404335621
3729.0,16.95914540941209
3729.2,15.134448787754224
3729.4,16.48410887905453
3729.6,17.84826143494581
3729.8,15.599665526109543
3730.0,15.246534098633589
3730.2,15.490676105084786
3730.4,16.92242361470531
3730.6,15.99670799406703
3730.8,16.57572861550683
3731.0,15.361803402432514
3731.2,15.2890748474873
3731.4,16.099291220468174
3731.6,17.196899469792037
3731.8,15.301322002620745
3732.0,13.553078654471625
3732.2,14.217167790249093
3732.4,13.777486394868738
3732.6,12.994126120372396
3732.8,13.47398765370956
3733.0,14.820043558240334
3733.2,13.968337045772845
3733.4,14.771558297551806
3733.6,15.3118693016087
3733.8,15.394781840489175
3734.0,13.76808367909035
3734.2,13.801690107751867
3734.4,13.11023368833868
3734.6,13.828490539239597
3734.8,13.379927751915766
3735.0,14.88785092404974
3735.2,15.072548646440735
3735.4,16.05775657265919
3735.6,15.032059499308904
3735.8,14.368123360539224
3736.0,15.10388218088638
3736.2,16.1749636919864
3736.4,16.338128340307282
3736.6,16.030750231389888
3736.8,16.123146365095266
3737.0,15.209538670012314
3737.2,15.845694097070275
3737.4,15.22443984218065
3737.6,14.722210800312139
3737.8,15.965791273298432
3738.0,15.221922065203305
3738.2,13.854884030747073
3738.4,13.77717530900415
3738.6,11.749180712709475
3738.8,13.085907203582972
3739.0,13.346328552831043
3739.2,11.673408624475297
3739.4,13.874467754514688
3739.6,13.760364387216883
3739.8,14.103422504391787
3740.0,14.728051251936465
3740.2,13.950228826283187
3740.4,15.169517125945937
3740.6,13.850677775580394
3740.8,13.724015115823631
3741.0,14.448256579400823
3741.2,14.437768205840547
3741.4,15.007092201758718
3741.6,14.75371109251501
3741.8,16.24471581413421
3742.0,15.66580031364736
3742.2,15.140671889056446
3742.4,13.941752417069601
3742.6,13.452694297518807
3742.8,13.629094930859525
3743.0,12.118909772672614
3743.2,12.559966593764361
3743.4,12.352449373686243
3743.6,11.890143554157
3743.8,12.966967823023342
3744.0,12.894863092341355
3744.2,11.695601669893524
3744.4,12.459679320846234
3744.6,11.922171459560316
3744.8,12.467971465534491
3745.0,12.489207271206357
3745.2,13.236953787210123
3745.4,13.21531391018741
3745.6,12.820113044192336
3745.8,12.720346082003822
3746.0,13.351304445252538
3746.2,12.153600751151865
3746.4,11.829747132128801
3746.6,9.673768528703379
3746.8,11.027283133308368
3747.0,11.237852300822142
3747.2,11.831646065825762
3747.4,11.715049795981807
3747.6,11.490524286132324
3747.8,11.943649788627894
3748.0,10.711751042804085
3748.2,10.414712251929949
3748.4,9.814685176972453
3748.6,10.056296820481496
3748.8,9.834690751705605
3749.0,9.814517598851971
3749.2,9.61592422100033
3749.4,10.39450096135665
3749.6,10.456770155363131
3749.8,12.195757921388825
3750.0,12.01832368364939
3750.2,11.62834185343323
3750.4,11.88141315929376
3750.6,11.678613790403494
3750.8,13.258128280053164
3751.0,11.33392370917929
3751.2,11.745693010181563
3751.4,12.664786040774583
3751.6,12.953283888849182
3751.8,12.213391418548294
3752.0,11.839748546292379
3752.2,11.905160603057443
3752.4,11.666265433620943
3752.6,11.214071693731027
3752.8,11.237960782515417
3753.0,11.233960499515126
3753.2,11.167424793223459
3753.4,11.736153686460256
3753.6,12.00664120539132
3753.8,11.887629608165556
3754.0,12.13865053974316
3754.2,12.764420230026678
3754.4,12.181597679741325
3754.6,12.09694542109704
3754.8,12.228418023532486
3755.0,11.85273353705982
3755.2,11.684985844457652
3755.4,11.800253071214442
3755.6,11.624012848885958
3755.8,11.294331497663627
3756.0,11.922187835838216
3756.2,11.465869921983348
3756.4,10.193948186219329
3756.6,10.993736861026711
3756.8,11.827128255553971
3757.0,12.10331223225425
3757.2,11.901727673860986
3757.4,11.890839604771593
3757.6,11.84713197106598
3757.8,12.70336250972
3758.0,12.374986072587236
3758.2,12.161971659680322
3758.4,12.112654262715141
3758.6,12.407719422317417
3758.8,12.005221274807983
3759.0,11.402926067200674
3759.2,11.513898505200153
3759.4,12.477774890759072
3759.6,12.329621380348526
3759.8,11.9363045598758
3760.0,12.35110953575889
3760.2,12.32174143646176
3760.4,11.823100320578106
3760.6,12.273952535931368
3760.8,11.632102139590362
3761.0,12.085269699060534
3761.2,12.14495359806714
3761.4,12.227139900749702
3761.6,11.716610832945161
3761.8,11.655101049131588
3762.0,11.813985046692299
3762.2,12.371090642195082
3762.4,12.333621922966316
3762.6,12.388707992994235
3762.8,12.170482285880233
3763.0,12.529433554885197
3763.2,12.45285805461563
3763.4,12.216414720146458
3763.6,11.83325661897931
3763.8,12.738013876750705
3764.0,13.787115861859442
3764.2,13.558073452003928
3764.4,13.144665005083688
3764.6,13.28669802073569
3764.8,13.177409166261816
3765.0,12.672714870801618
3765.2,12.664130900784587
3765.4,13.498435610657031
3765.6,13.56428404343751
3765.8,12.775305879411853
3766.0,13.247855938947733
3766.2,13.067108552081992
3766.4,13.312935042895555
3766.6,13.448478411181622
3766.8,14.150871943610788
3767.0,13.79327346052743
3767.2,13.202173400499753
3767.4,12.994339997617603
3767.6,13.423566278211279
3767.8,12.631554371780693
3768.0,12.973875374596675
3768.2,13.575323546753728
3768.4,13.426557765585692
3768.6,12.952157845605921
3768.8,14.136184322122194
3769.0,14.139772003806481
3769.2,13.455539215261965
3769.4,14.278869096537026
3769.6,13.575522791647165
3769.8,12.52853099163625
3770.0,12.562984536541803
3770.2,11.84114928843149
3770.4,12.990217764062404
3770.6,12.990737446826994
3770.8,13.348902835795293
3771.0,13.547775418414073
3771.2,14.084465598439436
3771.4,14.00079671463354
3771.6,12.302225773531784
3771.8,12.094885162958814
3772.0,12.124371056048538
3772.2,12.854606305799056
3772.4,14.462805545955504
3772.6,14.86031634226039
3772.8,17.912935941231723
3773.0,17.778693279376796
3773.2,15.61989976348936
3773.4,14.486690927647746
3773.6,15.714641737065573
3773.8,15.425397248746036
3774.0,16.36685563884463
3774.2,15.336362491852737
3774.4,14.96680923026906
3774.6,14.698386044039061
3774.8,13.942707318268415
3775.0,13.574225697154683
3775.2,11.882639471510377
3775.4,11.870247582019658
3775.6,11.9992483902478
3775.8,12.230099669860506
3776.0,12.613675533911215
3776.2,11.648572036126193
3776.4,11.590585762233287
3776.6,12.240989970724803
3776.8,11.502973811219077
3777.0,11.71990587425876
3777.2,12.772005289962769
3777.4,12.45482420290915
3777.6,11.66784383293474
3777.8,11.14575317877514
3778.0,11.53232455058873
3778.2,11.665684049367943
3778.4,12.328425417914303
3778.6,12.654718334199998
3778.8,13.362609983562825
3779.0,11.953802949077897
3779.2,13.212867407304355
3779.4,13.09926821889941
3779.6,12.959378668113281
3779.8,12.600400637843434
3780.0,13.005402946191413
3780.2,12.892928369503263
3780.4,13.086322899017071
3780.6,11.204290388292923
3780.8,11.074968355598331
3781.0,11.290126682057174
3781.2,10.724044698265642
3781.4,10.203475410215932
3781.6,10.42690697049305
3781.8,9.916064377364934
3782.0,9.979065332241907
3782.2,10.177593354819034
3782.4,10.122011686621754
3782.6,11.042333591475373
3782.8,11.386715322926847
3783.0,13.078812780762387
3783.2,11.940496527608248
3783.4,11.306682933882264
3783.6,12.866315660846341
3783.8,14.05795576308332
3784.0,13.888814523984989
3784.2,12.934447398778893
3784.4,12.358518096823214
3784.6,13.20529907492327
3784.8,13.643974859618893
3785.0,13.635207697176956
3785.2,13.526665683076917
3785.4,10.96333424588831
3785.6,11.605577877010653
3785.8,13.140968763055547
3786.0,14.062223397116567
3786.2,13.237227087458825
3786.4,12.985361906512136
3786.6,14.387277915026871
3786.8,14.0831540334091
3787.0,12.580354316017289
3787.2,11.684951572042102
3787.4,11.462158722821382
3787.6,10.722460121700214
3787.8,11.832580139361434
3788.0,13.40237342201279
3788.2,14.242767137997468
3788.4,13.886998159776747
3788.6,14.743397225165442
3788.8,14.16104580653056
3789.0,14.495178323273477
3789.2,14.799262762313228
3789.4,14.29789898059141
3789.6,14.622199707951701
3789.8,14.022606755558119
3790.0,14.972005058147564
3790.2,15.915192973091708
3790.4,15.689233005881103
3790.6,12.718960664364005
3790.8,13.668658821813375
3791.0,13.037192830118974
3791.2,13.975633816878545
3791.4,14.867099870821377
3791.6,14.563303524799366
3791.8,14.143516910478697
3792.0,14.229605633412595
3792.2,15.600924141595215
3792.4,15.52640434901744
3792.6,15.956504502064357
3792.8,14.058663222345073
3793.0,14.503434265817008
3793.2,14.953389984476242
3793.4,15.235759593596296
3793.6,17.573133277395346
3793.8,14.832779706826091
3794.0,16.208160520779597
3794.2,16.69053460637405
3794.4,16.358170885283975
3794.6,14.935864953139106
3794.8,14.580260306943682
3795.0,14.05422968690532
3795.2,14.429540651149765
3795.4,13.571581956821566
3795.6,13.79207432396128
3795.8,13.175947170918072
3796.0,14.305913284877809
3796.2,13.918055818114258
3796.4,12.9762182007011
3796.6,13.781629987196224
3796.8,14.281631905769881
3797.0,13.595542864082661
3797.2,14.151578115533246
3797.4,14.607186715041813
3797.6,15.173877885455536
3797.8,14.554609578070519
3798.0,13.930422055344408
3798.2,13.41224064408064
3798.4,14.302427287492295
3798.6,12.883480367508916
3798.8,11.919212210866352
3799.0,12.296995585772084
3799.2,10.482659752599918
3799.4,10.890726335734513
3799.6,12.753853220335653
3799.8,13.474307874223548
3800.0,14.52342213042171
3800.2,13.693146408092717
3800.4,12.288624303609662
3800.6,12.462371179569551
3800.8,13.091140138755204
3801.0,12.422406920996842
3801.2,14.169617224506217
3801.4,14.370203917749665
3801.6,12.954268010905427
3801.8,14.634617015603252
3802.0,15.584634173969814
3802.2,14.212810055532819
3802.4,14.542621726140181
3802.6,14.665783590659158
3802.8,13.199596069320316
3803.0,13.761162994216093
3803.2,13.747483304608641
3803.4,13.060032119810042
3803.6,14.171514929266682
3803.8,15.192918444456954
3804.0,15.511277436967676
3804.2,14.65282703039408
3804.4,15.317581623777192
3804.6,14.790290736536022
3804.8,14.521302662669646
3805.0,16.03299779781321
3805.2,15.993945476574892
3805.4,15.562109397187452
3805.6,15.55294518311721
3805.8,15.914027989330808
3806.0,15.42787337239885
3806.2,15.680338614811799
3806.4,15.373665405748842
3806.6,15.088056579959916
3806.8,15.777926687814855
3807.0,14.696847321271186
3807.2,15.486957540142809
3807.4,14.631204752587252
3807.6,13.61697004377074
3807.8,12.890364625245724
3808.0,14.608859678323947
3808.2,15.743639154608113
3808.4,16.029043507926737
3808.6,16.061362040513856
3808.8,15.40389047806844
3809.0,16.148335377433064
3809.2,16.687238399893015
3809.4,15.717416539813083
3809.6,16.03970900988515
3809.8,13.99205376609628
3810.0,12.823316703394408
3810.2,12.31655060054983
3810.4,12.565245807618574
3810.6,11.6391575558419
3810.8,12.485537153308446
3811.0,12.06125938513052
3811.2,11.392645866889994
3811.4,11.94779626952306
3811.6,11.692042781549024
3811.8,12.766855998479043
3812.0,13.611778897288442
3812.2,14.218292731088361
3812.4,12.957717639075447
3812.6,13.019717497163303
3812.8,13.362606623017356
3813.0,13.143465054427196
3813.2,13.55862790118236
3813.4,11.914157566692918
3813.6,12.400137331721911
3813.8,12.505835879315155
3814.0,12.240731417823119
3814.2,12.639383860958926
3814.4,11.686876011474574
3814.6,12.53201489176603
3814.8,12.072309240240287
3815.0,12.063607321737281
3815.2,12.252823128388922
3815.4,11.662107927342252
3815.6,11.512721890426489
3815.8,11.605118130841747
3816.0,12.185818626205622
3816.2,12.285509217679287
3816.4,13.2721929038645
3816.6,12.549554855693453
3816.8,12.60770231066655
3817.0,13.232961603919659
3817.2,11.603556293418428
3817.4,12.38218204063421
3817.6,12.197494436062184
3817.8,12.809069654660592
3818.0,14.588249229361136
3818.2,14.673516182533639
3818.4,14.964321241611389
3818.6,13.744267732160369
3818.8,14.353378513681465
3819.0,13.761074074234225
3819.2,14.683017491296596
3819.4,15.347574629662653
3819.6,13.684884150135627
3819.8,12.87314984488112
3820.0,10.769835585494484
3820.2,10.554367882100738
3820.4,10.761625775709332
3820.6,10.754009360024586
3820.8,10.7891351713874
3821.0,10.46813987393307
3821.2,10.971365688132494
3821.4,10.815309726794862
3821.6,11.043793763613785
3821.8,10.791252394150847
3822.0,11.379737659674767
3822.2,11.093283094364569
3822.4,10.83852047610817
3822.6,10.965649625463964
3822.8,11.986631437152584
3823.0,12.844749919996408
3823.2,12.492392189287651
3823.4,12.389778193998694
3823.6,13.354083833270815
3823.8,12.784207163182739
3824.0,13.232283671038218
3824.2,12.162085084427435
3824.4,13.659205604917325
3824.6,15.226523889457459
3824.8,15.26830250293604
3825.0,13.562991341150799
3825.2,15.22201729100585
3825.4,13.059403708261364
3825.6,13.420338983307351
3825.8,11.78464245849746
3826.0,15.032465075781102
3826.2,16.76836181881776
3826.4,16.086503658968432
3826.6,16.078503906330685
3826.8,16.43813801644597
3827.0,15.739773423046701
3827.2,15.239751761167327
3827.4,15.123067888356523
3827.6,13.293304907468267
3827.8,14.325010926080646
3828.0,13.99170780593572
3828.2,14.351036957719677
3828.4,14.712920389215746
3828.6,15.50508804926158
3828.8,15.76809454730803
3829.0,14.370959084178486
3829.2,16.0973646196144
3829.4,15.112866041074701
3829.6,16.83893680569018
3829.8,13.106410541139198
3830.0,14.750264264676652
3830.2,15.7252984388077
3830.4,14.704294562439262
3830.6,14.64725275176118
3830.8,16.88834490431294
3831.0,16.37389570764742
3831.2,15.927122589373063
3831.4,16.248281961348244
3831.6,16.545510688305455
3831.8,16.644432933063246
3832.0,16.88219084817196
3832.2,16.256406044177364
3832.4,15.293013332124836
3832.6,13.982228627098916
3832.8,14.655294517586148
3833.0,15.989319814160485
3833.2,15.54741087794822
3833.4,14.315014452590729
3833.6,14.821404285925015
3833.8,13.124146742431487
3834.0,14.584076120880496
3834.2,14.796897907684986
3834.4,14.185002236367026
3834.6,14.362553089891204
3834.8,15.04367783435425
3835.0,14.953537494771844
3835.2,14.266609270921828
3835.4,12.990809696886723
3835.6,13.386691762283165
3835.8,15.683065742432586
3836.0,16.06785839089572
3836.2,15.373905262101164
3836.4,16.200174074030503
3836.6,15.975697645866926
3836.8,17.528217548858468
3837.0,18.748521485521586
3837.2,15.912698606269146
3837.4,15.309906515176007
3837.6,16.49984757677804
3837.8,18.267290575763212
3838.0,17.724038878714175
3838.2,18.379322734287655
3838.4,19.206905902068012
3838.6,17.976179050153693
3838.8,18.817366120346836
3839.0,16.636805056910063
3839.2,17.24121349620496
3839.4,14.765164649680981
3839.6,14.713020818875801
3839.8,13.03184469435736
3840.0,12.944870987497836
3840.2,14.072747458474424
3840.4,15.737114674660916
3840.6,15.841065714720566
3840.8,15.709379558798236
3841.0,15.610566321590106
3841.2,14.047130603060225
3841.4,13.928235015890273
3841.6,13.733059030195836
3841.8,14.04965205607195
3842.0,13.772024014877935
3842.2,14.745270746942406
3842.4,15.968469527442027
3842.6,15.656624556517402
3842.8,15.40025080995387
3843.0,15.043864025937337
3843.2,16.133209368164596
3843.4,15.77866056723932
3843.6,14.577788021712458
3843.8,14.97517777723403
3844.0,16.24875641700192
3844.2,15.221074896052894
3844.4,14.143096661592027
3844.6,13.552638448157815
3844.8,14.097753744491225
3845.0,15.523605452130395
3845.2,13.323299122331672
3845.4,14.32969969698375
3845.6,14.211150303885054
3845.8,13.630202205764625
3846.0,12.813980755326309
3846.2,14.052239628809884
3846.4,14.925226899866912
3846.6,15.695216723973163
3846.8,16.39104653421656
3847.0,16.36223002720807
3847.2,16.150433785225996
3847.4,16.434019696568335
3847.6,14.39336285545406
3847.8,14.097271577041797
3848.0,14.144429316027185
3848.2,14.387096229196317
3848.4,13.934160107335305
3848.6,14.756175800126208
3848.8,14.987125175868908
3849.0,12.985136097988654
3849.2,15.45667875646701
3849.4,15.129326412199378
3849.6,15.639200455790252
3849.8,14.688832872977038
3850.0,14.262249757391942
3850.2,13.30333694168811
3850.4,12.53054109199552
3850.6,13.337285803356176
3850.8,12.815206209902586
3851.0,13.222519049144763
3851.2,12.672409370174782
3851.4,12.315719152794827
3851.6,11.768036330905534
3851.8,12.137856772266993
3852.0,12.363637025464612
3852.2,12.506708284912698
3852.4,12.806899526061313
3852.6,14.234195024813355
3852.8,12.950110268924547
3853.0,12.708722970365308
3853.2,12.171496408183893
3853.4,11.492332032389887
3853.6,12.527695364446235
3853.8,12.567698826041955
3854.0,12.642455579124798
3854.2,12.496578874452961
3854.4,11.211187064120448
3854.6,10.89603616457997
3854.8,11.082278823126757
3855.0,10.958862059040351
3855.2,11.986472156107466
3855.4,11.275436994026753
3855.6,11.65468772873133
3855.8,11.630495550735755
3856.0,13.361280029860183
3856.2,13.349189491915357
3856.4,13.000206603917695
3856.6,12.77990980842532
3856.8,13.052279552164986
3857.0,14.64147204266393
3857.2,13.17370229970891
3857.4,13.935701879771985
3857.6,13.915154854633712
3857.8,14.965802705443407
3858.0,14.966666017722925
3858.2,15.005486057996038
3858.4,13.866137156012073
3858.6,13.990660362350834
3858.8,14.53154911022985
3859.0,13.364777542747039
3859.2,13.92524970947953
3859.4,13.661955729038912
3859.6,12.976585407327653
3859.8,12.24665033498217
3860.0,11.502366074764215
3860.2,12.037544253216186
3860.4,11.386730710913556
3860.6,11.05247260482744
3860.8,12.35683323816433
3861.0,11.821345073107958
3861.2,11.278760387151664
3861.4,12.277448910298457
3861.6,12.010671171592595
3861.8,13.33025641099356
3862.0,12.765837436629715
3862.2,13.080511040407908
3862.4,12.898337186023864
3862.6,13.01058703571432
3862.8,12.047073193459703
3863.0,12.491867187435954
3863.2,12.100814509835462
3863.4,12.2036032119065
3863.6,13.039851002087548
3863.8,13.495257984930792
3864.0,12.196940372422427
3864.2,12.268957988336256
3864.4,11.829275956648878
3864.6,12.947665801941437
3864.8,12.514865062987365
3865.0,13.100539505033662
3865.2,13.78141897972937
3865.4,13.12217904750198
3865.6,12.584181878935683
3865.8,14.61040607788094
3866.0,14.549908939706649
3866.2,14.32563216566101
3866.4,13.873135452948036
3866.6,14.256951312528193
3866.8,14.316554415847126
3867.0,14.781144467020024
3867.2,13.20969152814055
3867.4,14.901284929251698
3867.6,15.771277473558488
3867.8,16.17096183924421
3868.0,16.43925334243691
3868.2,15.951297567900074
3868.4,15.10439145670303
3868.6,13.736476266213042
3868.8,13.50916323546725
3869.0,14.316605101697046
3869.2,13.45399282509531
3869.4,12.896170321495966
3869.6,10.717190810926741
3869.8,11.085469782517736
3870.0,10.831568724445038
3870.2,10.532809096692377
3870.4,10.468818813060818
3870.6,9.999154447103551
3870.8,10.457184066324354
3871.0,10.092842593235254
3871.2,10.713071272476189
3871.4,10.855954760286854
3871.6,10.617525813164333
3871.8,10.583049583250933
3872.0,10.509829040843513
3872.2,11.061057203002264
3872.4,10.580684348336531
3872.6,10.423187641712158
3872.8,10.441995129365429
3873.0,11.122120803637895
3873.2,11.85282737614662
3873.4,11.524405000053102
3873.6,12.349713786410438
3873.8,12.348933424042997
3874.0,11.477354509842009
3874.2,10.845104582690784
3874.4,11.387963538530599
3874.6,11.502822397024595
3874.8,10.883365586340588
3875.0,10.558860603732082
3875.2,10.869929063329343
3875.4,11.491767030692968
3875.6,11.280064528134236
3875.8,11.200444266551134
3876.0,11.740396095493109
3876.2,11.43408264877234
3876.4,12.384248239987707
3876.6,11.975502441227695
3876.8,11.870664261650836
3877.0,11.834304078683097
3877.2,12.213003007736207
3877.4,12.362199726004706
3877.6,12.120843460416822
3877.8,14.714328088525253
3878.0,14.231507108708703
3878.2,13.471027636196338
3878.4,11.859621683132854
3878.6,12.081268185995297
3878.8,10.778030453785604
3879.0,10.42926503852177
3879.2,10.78411613943587
3879.4,11.351294364712231
3879.6,11.260625365212626
3879.8,11.40436382839518
3880.0,10.267748103283392
3880.2,11.19963351654606
3880.4,12.362476352729317
3880.6,11.93068974827176
3880.8,11.654429847117258
3881.0,11.35855017076305
3881.2,11.518740016414677
3881.4,12.282587865853056
3881.6,14.126230748857287
3881.8,13.662199120205463
3882.0,14.034762196738122
3882.2,13.734018489135984
3882.4,14.484696911593682
3882.6,14.290504372765014
3882.8,14.064102488901813
3883.0,16.49574228642395
3883.2,15.018314476560484
3883.4,13.62519812778482
3883.6,13.457421470584002
3883.8,13.292791248075018
3884.0,13.317576949907629
3884.2,14.762244188462867
3884.4,13.291544677988949
3884.6,14.143233743583279
3884.8,13.814441843072958
3885.0,15.35538640566987
3885.2,17.90726724407828
3885.4,17.807185790984846
3885.6,19.377281281691147
3885.8,20.025568950004306
3886.0,19.398674202674837
3886.2,19.247116670316792
3886.4,17.514455389091193
3886.6,19.662585273612233
3886.8,18.351761416554172
3887.0,18.743788212254845
3887.2,16.332026054684913
3887.4,15.1581774490652
3887.6,15.60563298241677
3887.8,16.96949487150658
3888.0,16.355859546322936
3888.2,16.789569866550377
3888.4,16.656941074828453
3888.6,17.419297453457304
3888.8,17.212784691442955
3889.0,17.081070721241748
3889.2,17.62267513754727
3889.4,15.679928187116996
3889.6,16.262192619397375
3889.8,15.602581049017736
3890.0,14.790187926230882
3890.2,14.98992368700376
3890.4,15.319469875430018
3890.6,14.717559429675969
3890.8,14.26842675547064
3891.0,15.224345707321163
3891.2,15.407461169695193
3891.4,14.625419712457699
3891.6,15.128723716635982
3891.8,15.40089344571233
3892.0,15.0294063107771
3892.2,16.99619243152406
3892.4,16.08612303343892
3892.6,15.08248152212607
3892.8,16.073437670608538
3893.0,17.45115885825459
3893.2,16.83336747461396
3893.4,17.360906303316142
3893.6,18.587185681941502
3893.8,17.31552619457324
3894.0,18.67524772152057
3894.2,17.288137903704314
3894.4,16.03689488976626
3894.6,16.899543718332186
3894.8,17.7599658078572
3895.0,16.1197089414002
3895.2,15.698819872960879
3895.4,13.44863490574803
3895.6,13.665636274328348
3895.8,13.955839199986029
3896.0,13.71470582541502
3896.2,14.810586583488828
3896.4,14.729393483153126
3896.6,14.410307125685865
3896.8,14.931570140256882
3897.0,14.71314969179711
3897.2,14.940783819470408
3897.4,15.485809090873895
3897.6,15.599183200127193
3897.8,17.29530707937679
3898.0,17.012433572789053
3898.2,16.42762671437463
3898.4,15.814236303349944
3898.6,16.488685925780757
3898.8,16.657241349133148
3899.0,14.227226677873798
3899.2,12.273310888667982
3899.4,13.5737213863888
3899.6,13.331521979340263
3899.8,13.759090202202298
3900.0,14.24237155569056
3900.2,16.269433381931567
3900.4,16.045874494228663
3900.6,15.489145318678819
3900.8,14.255353313953282
3901.0,15.216323794475212
3901.2,14.004710129891462
3901.4,15.668935315660868
3901.6,13.227752318173804
3901.8,13.843156955968567
3902.0,13.206065149971458
3902.2,12.378411758202537
3902.4,13.179385287690902
3902.6,13.088397282593805
3902.8,13.203951601047756
3903.0,14.570410685369268
3903.2,15.782460148403587
3903.4,14.455856787467287
3903.6,13.15991783421624
3903.8,13.278772311699834
3904.0,14.39830784108998
3904.2,13.908989372898342
3904.4,14.029221614640125
3904.6,13.46072030130201
3904.8,14.42838908568257
3905.0,16.490744604649386
3905.2,15.550345464479683
3905.4,15.509794581023453
3905.6,14.405509685989662
3905.8,14.740482246404055
3906.0,14.153199523829866
3906.2,12.74861183544423
3906.4,14.322374780503445
3906.6,13.908327328361064
3906.8,14.126945151045142
3907.0,13.888680914468852
3907.2,12.973716910389934
3907.4,12.219137969091742
3907.6,12.527398346883192
3907.8,12.461567309657692
3908.0,12.843928621760517
3908.2,12.563500494855589
3908.4,11.991987136675089
3908.6,12.20634668315366
3908.8,12.040777241678684
3909.0,11.681522884354896
3909.2,12.098240437577736
3909.4,12.91599296752887
3909.6,12.674038720941144
3909.8,11.9854850964178
3910.0,12.396277574597523
3910.2,13.030677458519673
3910.4,11.635543118370975
3910.6,12.511864910311878
3910.8,11.676119021230047
3911.0,11.193029918427023
3911.2,12.096667408570436
3911.4,11.7738830324309
3911.6,11.535161590169958
3911.8,11.090522509587757
3912.0,12.097463491084525
3912.2,12.10000704428679
3912.4,12.566037068092214
3912.6,12.548939704699695
3912.8,13.49299911319678
3913.0,15.61274602638289
3913.2,14.56915104948359
3913.4,14.962200843730635
3913.6,14.023194344755318
3913.8,14.302125236068369
3914.0,14.04429716515325
3914.2,13.791117478743285
3914.4,15.882512636622888
3914.6,15.891779059006923
3914.8,15.776847974799121
3915.0,14.079025101408863
3915.2,14.3748105547431
3915.4,14.669592325623832
3915.6,12.152705353383759
3915.8,12.609181762957748
3916.0,12.518429525637778
3916.2,11.215562755593151
3916.4,10.571398140962438
3916.6,10.53213549818552
3916.8,11.57231937011376
3917.0,11.202431519644138
3917.2,11.520977611239251
3917.4,10.854884116511553
3917.6,10.990564465335025
3917.8,10.219824509637483
3918.0,10.406983726113388
3918.2,10.319916904695958
3918.4,10.224609280341248
3918.6,9.991102068212106
3918.8,9.710252585490533
3919.0,10.241768452101907
3919.2,10.485845213395459
3919.4,10.311547688365941
3919.6,10.46596730682916
3919.8,10.25562583388551
3920.0,9.970092577889227
3920.2,10.317149261615231
3920.4,10.004476394272787
3920.6,10.192436218627671
3920.8,10.113180765827401
3921.0,10.21735608071008
3921.2,10.244315428573847
3921.4,10.646847652116877
3921.6,10.809865528968054
3921.8,10.74555069959304
3922.0,10.98952419365337
3922.2,11.468576249202396
3922.4,11.066388553182376
3922.6,11.36636592980588
3922.8,11.85792313617239
3923.0,11.44974956611615
3923.2,11.3806011318716
3923.4,11.726059226322448
3923.6,10.718150605764205
3923.8,10.778938450166873
3924.0,10.687904956704031
3924.2,10.573005911743456
3924.4,10.67787757336494
3924.6,10.670132201260643
3924.8,10.941969586044548
3925.0,10.359243902714372
3925.2,9.815712734798407
3925.4,10.770670282831109
3925.6,10.234055896272874
3925.8,10.46064173687179
3926.0,10.080148545341816
3926.2,10.326872172910202
3926.4,10.394080991895864
3926.6,10.33147249525908
3926.8,11.599131524519908
3927.0,11.48652825530062
3927.2,11.588289851092512
3927.4,11.591371385129257
3927.6,13.070410959446267
3927.8,13.664417416093022
3928.0,11.979433824786232
3928.2,12.771655522543215
3928.4,12.808874238030317
3928.6,12.545881729838404
3928.8,13.725212774776168
3929.0,12.809263153162227
3929.2,12.907708170877193
3929.4,13.181772730640965
3929.6,12.511076783771212
3929.8,12.61669205578546
3930.0,13.13079445903073
3930.2,14.711202648242194
3930.4,14.879576512686192
3930.6,15.439203945146096
3930.8,16.08494640646262
3931.0,14.856262560505622
3931.2,14.929506674517746
3931.4,14.998211391689134
3931.6,14.711575123413208
3931.8,14.321006208278558
3932.0,14.697154546593584
3932.2,16.649774227876296
3932.4,15.028492319734898
3932.6,15.510679171274207
3932.8,14.223638811836066
3933.0,14.733144459430898
3933.2,16.65668079189946
3933.4,14.872852973843052
3933.6,12.527152206748687
3933.8,11.954228035236135
3934.0,11.958366441453146
3934.2,14.472500722026494
3934.4,13.88715525735321
3934.6,14.818450783242085
3934.8,16.761607880451624
3935.0,15.972837941546434
3935.2,14.597642869000326
3935.4,13.216224698930354
3935.6,11.742027978348592
3935.8,11.962196211040627
3936.0,12.473918241386041
3936.2,10.677136454171574
3936.4,11.181436259154047
3936.6,12.193610716092548
3936.8,13.136302431064248
3937.0,13.960285878270186
3937.2,14.346651705953681
3937.4,14.183713910586137
3937.6,12.632838095568466
3937.8,12.808364229235698
3938.0,12.564337004130424
3938.2,13.454852223909535
3938.4,12.88087644685442
3938.6,13.872300337076693
3938.8,10.780764681594173
3939.0,10.740681795728362
3939.2,11.32293658138556
3939.4,11.453456415668064
3939.6,12.160001514970196
3939.8,13.623997463662613
3940.0,13.764883859812894
3940.2,14.707226823701989
3940.4,14.650550892734822
3940.6,14.718917350280512
3940.8,13.473622721781656
3941.0,11.887889156637733
3941.2,12.708801307742164
3941.4,11.697161890932517
3941.6,11.445767289364994
3941.8,11.579132383839426
3942.0,11.483278907371835
3942.2,12.041575676855533
3942.4,11.403325671771826
3942.6,12.210558354922863
3942.8,12.501555587845461
3943.0,12.459929196862287
3943.2,12.72715913398782
3943.4,13.749658824795505
3943.6,13.612323510829738
3943.8,14.79863057371874
3944.0,14.316177949160531
3944.2,12.88790689889777
3944.4,13.332742959167046
3944.6,15.251133080866497
3944.8,14.01177140031349
3945.0,14.107766801893414
3945.2,13.588671838208644
3945.4,13.91371352092176
3945.6,11.50655533744063
3945.8,13.214921915702506
3946.0,13.585690240378913
3946.2,12.34950064299113
3946.4,11.050191089603823
3946.6,11.285963040146665
3946.8,11.194137327529061
3947.0,10.330008336957313
3947.2,10.86170303596143
3947.4,10.851342280473572
3947.6,10.65330910017152
3947.8,10.360049520154416
3948.0,9.892519718736736
3948.2,10.170496057591784
3948.4,10.761904052229124
3948.6,9.946035108218467
3948.8,11.426754811211426
3949.0,12.478888279344948
3949.2,13.43029129835114
3949.4,13.155379461652664
3949.6,15.293208454079483
3949.8,16.360546792775512
3950.0,16.10362516182458
3950.2,13.621048634607662
3950.4,14.37076405714027
3950.6,14.412826634028251
3950.8,13.889360106304885
3951.0,15.196406321172422
3951.2,14.96556216968048
3951.4,16.47176464174595
3951.6,16.864573160360976
3951.8,17.40433691347177
3952.0,17.19392765094808
3952.2,16.467982136819472
3952.4,16.345692356493664
3952.6,16.849567522311347
3952.8,17.11731144047459
3953.0,16.49297644024493
3953.2,17.085343254021865
3953.4,16.44311017487231
3953.6,18.24287093944458
3953.8,17.59922164463935
3954.0,18.587262461534944
3954.2,17.18292814758235
3954.4,16.288775618872183
3954.6,16.269188898527528
3954.8,13.734869576310249
3955.0,13.2155867298415
3955.2,14.409965365569539
3955.4,14.436170855812032
3955.6,17.33258664103812
3955.8,14.194834705716893
3956.0,15.187039662967885
3956.2,13.998615926342895
3956.4,15.726275753981138
3956.6,15.244292522160361
3956.8,14.974305525827091
3957.0,14.16557461182872
3957.2,13.565232742928453
3957.4,14.462870457587375
3957.6,12.733755385799007
3957.8,12.803090197106668
3958.0,12.510554941990705
3958.2,12.960795600929453
3958.4,12.798470705534005
3958.6,13.622207626110267
3958.8,12.64500952960037
3959.0,13.312159675734257
3959.2,14.761272815815516
3959.4,15.753346766291784
3959.6,14.051863901389511
3959.8,13.984237702817621
3960.0,15.10892850593359
3960.2,16.747095132928663
3960.4,16.00935581666713
3960.6,16.82879276370019
3960.8,14.77298526369681
3961.0,16.009408388481965
3961.2,15.662039174436364
3961.4,13.87825156778434
3961.6,13.247584738380533
3961.8,13.26143079801331
3962.0,13.272363521754109
3962.2,13.31599077963181
3962.4,12.763285876418202
3962.6,13.455876566125507
3962.8,14.105580054733167
3963.0,13.38411911216641
3963.2,14.826224935210167
3963.4,13.9020724654339
3963.6,14.490261255954312
3963.8,12.703074995148205
3964.0,12.93237700835147
3964.2,12.387251580697843
3964.4,12.981124369755827
3964.6,13.497386284937832
3964.8,14.478758361865589
3965.0,14.848337824972033
3965.2,13.141357679450982
3965.4,14.531402102367608
3965.6,14.293818741002584
3965.8,14.382476266427073
3966.0,15.116025804838007
3966.2,15.175022668366633
3966.4,15.568833589731552
3966.6,16.75124868035766
3966.8,17.104398626900895
3967.0,16.098950213566066
3967.2,16.55398742279187
3967.4,16.932127017040777
3967.6,17.392794064341118
3967.8,15.838974049714507
3968.0,16.8971068423335
3968.2,16.085359739428572
3968.4,16.046657778336005
3968.6,17.036949363328688
3968.8,17.549266742892303
3969.0,17.01016369198163
3969.2,17.73006947814024
3969.4,17.779947225359535
3969.6,18.06570468067121
3969.8,16.088046801821648
3970.0,14.994652738155455
3970.2,15.735857656140206
3970.4,14.071134131405925
3970.6,14.614254513280356
3970.8,17.462188034602967
3971.0,16.881943700790796
3971.2,16.739837023893028
3971.4,16.701150889611185
3971.6,18.380770174990108
3971.8,19.420786909954252
3972.0,17.6803556854519
3972.2,17.417203168517304
3972.4,16.704372949478007
3972.6,17.013169349864384
3972.8,16.39190232199378
3973.0,17.073047696914138
3973.2,16.46999658001682
3973.4,16.477370246446394
3973.6,15.67291590539147
3973.8,16.613688189195077
3974.0,15.764666020617945
3974.2,17.377587811532837
3974.4,18.756926022786807
3974.6,16.85040831325263
3974.8,16.968423427708878
3975.0,16.45633776801334
3975.2,16.302060125576997
3975.4,13.965850965957468
3975.6,16.98425977803737
3975.8,17.928651264676844
3976.0,17.02721398912815
3976.2,16.16586811622891
3976.4,17.85900544875753
3976.6,17.877995688327367
3976.8,14.237778112333444
3977.0,14.147957950854755
3977.2,14.10115650878767
3977.4,13.178068780862795
3977.6,12.02254579240603
3977.8,12.318399091548315
3978.0,10.915508715997635
3978.2,11.777465810346248
3978.4,11.027291716048271
3978.6,11.620210025329536
3978.8,11.488400701281947
3979.0,11.905197671468404
3979.2,12.717782831041122
3979.4,11.457998510977198
3979.6,10.469985637334762
3979.8,10.822551323228451
3980.0,11.666747227358961
3980.2,10.663442556684888
3980.4,10.790436692143249
3980.6,10.673683253191541
3980.8,10.373496413311825
3981.0,10.587624845902226
3981.2,13.132662986634077
3981.4,13.43730333123153
3981.6,12.336183618819321
3981.8,14.072150651034669
3982.0,13.91614666171776
3982.2,12.515016997930623
3982.4,13.675707164719206
3982.6,13.383322939162486
3982.8,12.293581983240935
3983.0,11.92470409507327
3983.2,13.24448681987798
3983.4,12.071750688409201
3983.6,12.897860068784482
3983.8,11.509920019217638
3984.0,11.751726247012746
3984.2,10.400591160010482
3984.4,10.213491896133407
3984.6,10.544948618997553
3984.8,10.943273027717389
3985.0,11.472518845050628
3985.2,11.82659830411561
3985.4,12.420278673261674
3985.6,13.192188327429461
3985.8,13.376596204508509
3986.0,13.340234142913099
3986.2,12.861374857361499
3986.4,14.002898638442572
3986.6,15.189084383529856
3986.8,14.26472253163482
3987.0,13.721352432860321
3987.2,15.278505740737629
3987.4,16.41143604911719
3987.6,17.277649691873446
3987.8,18.12750235410025
3988.0,15.463835556410041
3988.2,14.063854229754218
3988.4,13.925424076591359
3988.6,14.389108923148942
3988.8,13.65735435279885
3989.0,14.850201881187132
3989.2,16.27385788478533
3989.4,16.29734462365914
3989.6,16.786516433451926
3989.8,16.248334913603845
3990.0,16.77015321888818
3990.2,14.657450378641329
3990.4,15.127414504951819
3990.6,15.552360135600686
3990.8,14.304395438100482
3991.0,13.767871173035545
3991.2,14.399083539880959
3991.4,12.457115872816706
3991.6,13.239764469774153
3991.8,11.808123438818278
3992.0,12.227399473363143
3992.2,12.834541367289615
3992.4,14.12396171639089
3992.6,15.090625595035041
3992.8,13.421863164865336
3993.0,13.478940715329038
3993.2,13.755091477960377
3993.4,14.675641888766325
3993.6,14.827645153521573
3993.8,14.8191200806221
3994.0,12.903674978812132
3994.2,12.447955567269176
3994.4,14.68199259147131
3994.6,13.435194474762277
3994.8,12.67364353947654
3995.0,13.203342165254831
3995.2,14.188906546020776
3995.4,13.680014333811961
3995.6,14.347182298013673
3995.8,16.231472685620734
3996.0,16.43616033574293
3996.2,15.916214144358067
3996.4,15.418366891853152
3996.6,16.685265378934893
3996.8,13.92483540349794
3997.0,12.234430398677471
3997.2,12.431285513710959
3997.4,12.393324112916924
3997.6,13.165252873597913
3997.8,13.720985074490677
3998.0,14.437211391024453
3998.2,12.846737147454023
3998.4,13.825328807921961
3998.6,14.782526523067027
3998.8,15.28454336245188
3999.0,15.139783004194312
3999.2,14.517430112301131
3999.4,13.50074403852783
3999.6,13.444670805348167
3999.8,14.10287670518465
4000.0,13.421867665732233
4000.2,12.529484687750408
4000.4,13.43783209173472
4000.6,13.518214076738257
4000.8,13.903327786582324
4001.0,15.228506858743058
4001.2,16.184820488072717
4001.4,15.990228842922427
4001.6,15.337601604631995
4001.8,16.456920637841787
4002.0,14.921450870751036
4002.2,16.489259618026125
4002.4,18.04998193016651
4002.6,16.172552307565727
4002.8,15.90010950733543
4003.0,14.81559490734581
4003.2,15.865398646366359
4003.4,15.294580383640348
4003.6,14.093523726276498
4003.8,13.847110618357103
4004.0,13.5350508438762
4004.2,14.290789169165075
4004.4,13.435395479783947
4004.6,14.457777857289564
4004.8,15.59016135633187
4005.0,15.722476579430927
4005.2,14.558908523521595
4005.4,13.651989637842767
4005.6,13.393983598223631
4005.8,14.098528017416958
4006.0,12.926901732730705
4006.2,13.223779566210537
4006.4,11.894706879182174
4006.6,10.990152888549323
4006.8,11.976578451764988
4007.0,12.080856999545285
4007.2,12.228925762910672
4007.4,12.455646590524372
4007.6,12.154714277738282
4007.8,12.758850795278251
4008.0,13.27840534925546
4008.2,13.94879753326622
4008.4,12.736019798264266
4008.6,14.292084972369672
4008.8,13.713347328052471
4009.0,13.621590559731192
4009.2,13.722061627594444
4009.4,12.842812573596465
4009.6,13.85589333487981
4009.8,15.470982843623624
4010.0,16.415238702789033
4010.2,16.708814647299707
4010.4,16.434383689132858
4010.6,14.391047586208463
4010.8,13.545426850130976
4011.0,14.858650166200079
4011.2,15.134815889221649
4011.4,14.523753733587073
4011.6,13.762255861177614
4011.8,13.654975847530205
4012.0,14.686253718652162
4012.2,15.540403460321953
4012.4,15.414102827072032
4012.6,15.68729574223211
4012.8,14.760636037767679
4013.0,14.786916769910556
4013.2,14.387925297311773
4013.4,15.163607058388394
4013.6,14.122849350232109
4013.8,14.15112311947543
4014.0,15.647544174916415
4014.2,16.476275617538377
4014.4,16.72675149295293
4014.6,17.56236915439466
4014.8,16.687299586703233
4015.0,17.90065533434434
4015.2,16.739679003931286
4015.4,17.646204446150556
4015.6,17.3927903081952
4015.8,17.041299592754743
4016.0,16.23039328328186
4016.2,14.86635544626573
4016.4,16.65717509913329
4016.6,15.300291291177823
4016.8,15.785632801174675
4017.0,17.257749170608687
4017.2,17.27201660528619
4017.4,18.12204877291809
4017.6,18.889757681031295
4017.8,18.176798398955054
4018.0,17.128437244234952
4018.2,15.50838539714205
4018.4,16.398612769337163
4018.6,18.753722365928724
4018.8,17.66987314969984
4019.0,17.541053919530434
4019.2,17.05603896908564
4019.4,16.099037338726845
4019.6,15.509396723637998
4019.8,16.28853081446109
4020.0,15.77634118763023
4020.2,15.284328329953647
4020.4,16.277923061231157
4020.6,16.708037726625
4020.8,15.850681002608372
4021.0,15.274535145743053
4021.2,16.538329760553484
4021.4,16.259587677954965
4021.6,17.37131345741824
4021.8,16.2520685068299
4022.0,16.527947193983902
4022.2,14.961237317704864
4022.4,15.01400957495133
4022.6,14.182418437942182
4022.8,16.977168857182686
4023.0,16.354389295996114
4023.2,15.508044133244693
4023.4,14.980832310495451
4023.6,18.522248199977867
4023.8,15.705988585588313
4024.0,15.594632274697238
4024.2,16.384708277303012
4024.4,14.457281546283312
4024.6,16.489909338630465
4024.8,15.208844364281795
4025.0,14.43517641059218
4025.2,15.048244224913203
4025.4,15.86911024688618
4025.6,15.174167715943774
4025.8,15.834568453767243
4026.0,17.131908366791944
4026.2,15.63251215449933
4026.4,16.337471922621397
4026.6,16.536126416794755
4026.8,17.791326097123285
4027.0,19.525670244639173
4027.2,17.797460756289105
4027.4,16.483272631834158
4027.6,16.81298258834063
4027.8,17.433749340529086
4028.0,18.82225026831906
4028.2,19.09807249634172
4028.4,19.108629001128445
4028.6,18.582163777611015
4028.8,18.04450891722784
4029.0,19.357154578817475
4029.2,18.885835943078423
4029.4,19.20741146191765
4029.6,17.452060073262977
4029.8,16.628206786648207
4030.0,17.412659748667632
4030.2,16.837485234963562
4030.4,17.00820977168113
4030.6,17.799861217545196
4030.8,18.807734953256514
4031.0,19.10676932271334
4031.2,18.148684982859866
4031.4,18.10101408698562
4031.6,16.941254818598924
4031.8,16.95558298866313
4032.0,18.56187462358593
4032.2,18.42152410645286
4032.4,18.624050178834963
4032.6,16.997678841402653
4032.8,15.511405852775653
4033.0,16.176364565300087
4033.2,15.836671554823546
4033.4,14.421240480247357
4033.6,16.191581475649883
4033.8,16.56435296754834
4034.0,15.707431689715836
4034.2,15.443395751373135
4034.4,16.410637039739626
4034.6,15.510651739039394
4034.8,15.286826591105548
4035.0,15.872657737727366
4035.2,15.719455541200771
4035.4,15.709560916862344
4035.6,15.350045345098335
4035.8,14.753395067511095
4036.0,14.764877973389547
4036.2,16.66267960216874
4036.4,16.31793343131924
4036.6,15.281859018070577
4036.8,13.508038706663053
4037.0,15.293901434795332
4037.2,18.750454243681865
4037.4,17.27196518850928
4037.6,19.682363717377
4037.8,20.356164319633233
4038.0,19.412594491429626
4038.2,18.050143862414785
4038.4,18.155825001230262
4038.6,17.253724735359476
4038.8,16.417553571402767
4039.0,15.884214126661355
4039.2,15.173469974659257
4039.4,17.51591932115002
4039.6,16.134687686692054
4039.8,17.272615240401297
4040.0,18.782222790675714
4040.2,18.83702443602964
4040.4,17.568178429655692
4040.6,17.36354242229354
4040.8,17.851083335363768
4041.0,16.75808052291307
4041.2,16.324971021438802
4041.4,16.35698186723319
4041.6,15.57715294422531
4041.8,14.745059451959952
4042.0,12.909859915179807
4042.2,13.556923044701543
4042.4,12.391143902440003
4042.6,11.2827865666363
4042.8,12.218657599592015
4043.0,13.02498597947691
4043.2,12.20245604072156
4043.4,11.387986536878124
4043.6,11.787117454140883
4043.8,11.597513984844722
4044.0,11.774514861542606
4044.2,11.886887518370372
4044.4,12.182555220193862
4044.6,12.43644479530046
4044.8,12.59788797851269
4045.0,11.263586781388462
4045.2,11.819238629045314
4045.4,10.88849309472585
4045.6,10.88766623517454
4045.8,11.543005496567371
4046.0,11.662995267102836
4046.2,11.674406565468962
4046.4,11.969840717165866
4046.6,11.867937973878014
4046.8,11.63879602889782
4047.0,11.035738600000538
4047.2,11.356161410952364
4047.4,11.331175519749824
4047.6,11.173763047873182
4047.8,11.754362413113222
4048.0,12.470058772004792
4048.2,12.269148815763796
4048.4,11.822646176943227
4048.6,13.482391763018487
4048.8,12.651225324476421
4049.0,12.037377947452459
4049.2,11.492347006144438
4049.4,11.27848972966394
4049.6,11.302398166075296
4049.8,11.555889704200041
4050.0,11.466716741820694
4050.2,12.008933609438223
4050.4,11.301252293659827
4050.6,10.54465027627118
4050.8,10.638456451365062
4051.0,11.040730987245823
4051.2,10.79353494509413
4051.4,11.215129753156752
4051.6,10.994236213762505
4051.8,10.82018231365213
4052.0,10.425326856875376
4052.2,11.553704672722173
4052.4,11.321080855027471
4052.6,11.492532136007885
4052.8,10.727680017289963
4053.0,11.829696508924389
4053.2,12.040762666138146
4053.4,12.469190256026359
4053.6,14.638543301516911
4053.8,14.328825554154287
4054.0,12.13638376273086
4054.2,11.787902599767751
4054.4,13.23577760168166
4054.6,11.947948446133768
4054.8,11.94183506500756
4055.0,11.48244656805129
4055.2,11.379358783049987
4055.4,11.540017544200747
4055.6,11.182090855926683
4055.8,12.711746932780281
4056.0,12.139307407827577
4056.2,11.399062104754433
4056.4,10.57526952394629
4056.6,10.837385399985429
4056.8,11.32206217927617
4057.0,13.133080220189612
4057.2,13.754677739220991
4057.4,11.241925098814676
4057.6,12.363240945071595
4057.8,11.118876437724232
4058.0,12.015858089865592
4058.2,11.656851291673275
4058.4,13.1951619997809
4058.6,13.28141040781876
4058.8,12.03392082218139
4059.0,13.239918979707753
4059.2,13.635282228928405
4059.4,15.160662666777856
4059.6,15.639675153863188
4059.8,14.553324820254351
4060.0,15.064862748012999
4060.2,15.189646203267548
4060.4,15.472728518974098
4060.6,14.87817866352393
4060.8,15.384936087058822
4061.0,15.342979299449645
4061.2,17.31595328919118
4061.4,15.4776647649186
4061.6,14.510624077367645
4061.8,16.21820039122901
4062.0,17.198175450337743
4062.2,14.343609269069692
4062.4,15.819176027108238
4062.6,13.601462957387447
4062.8,16.006819081715552
4063.0,14.068775435775137
4063.2,13.845287031188423
4063.4,13.156562673437069
4063.6,13.501016658015327
4063.8,13.92597783091105
4064.0,14.376841793408497
4064.2,14.648034998136914
4064.4,14.807936745564362
4064.6,14.858905668511653
4064.8,15.81458670240442
4065.0,16.36966607296912
4065.2,16.07780206365004
4065.4,16.27949300382848
4065.6,15.861960593979516
4065.8,17.49337261848391
4066.0,17.416363284584545
4066.2,19.114942782485457
4066.4,15.60383547344073
4066.6,16.512980946282262
4066.8,15.916029090507518
4067.0,15.063757897506942
4067.2,13.761368502773779
4067.4,14.88189391338333
4067.6,13.255731511813604
4067.8,11.410551403435854
4068.0,11.259373155345902
4068.2,10.420475493364433
4068.4,11.289305822073876
4068.6,12.199235705674752
4068.8,12.778393910381496
4069.0,13.28023032071714
4069.2,14.346003030022851
4069.4,12.681377737861288
4069.6,12.83947022167008
4069.8,12.56349771334496
4070.0,13.29698046079129
4070.2,13.36368659906469
4070.4,12.970278910741467
4070.6,13.08227854163346
4070.8,14.425488168422355
4071.0,15.648751199500808
4071.2,16.311961025382903
4071.4,14.971038372168653
4071.6,13.825452901820825
4071.8,13.184899936482557
4072.0,13.320688774006555
4072.2,13.493660031393311
4072.4,13.201622305347097
4072.6,13.909941512885634
4072.8,15.851148575685087
4073.0,15.132982788461153
4073.2,15.778017134543914
4073.4,16.056180054513657
4073.6,17.999590619270815
4073.8,16.5063332707144
4074.0,15.701707684388026
4074.2,17.167703503388783
4074.4,18.26488284666562
4074.6,16.027038009128546
4074.8,16.783328965194883
4075.0,18.885610164892864
4075.2,18.766505211056174
4075.4,18.830129550755803
4075.6,19.508721716923574
4075.8,15.942321470465311
4076.0,17.112450670184618
4076.2,16.402591875039192
4076.4,17.265368221058644
4076.6,17.48604813515958
4076.8,17.188946285135938
4077.0,14.480063176830956
4077.2,16.277606085550577
4077.4,16.941050140901716
4077.6,15.571633839931856
4077.8,16.16399708440579
4078.0,14.433832964411948
4078.2,13.603193992824194
4078.4,15.204364217481734
4078.6,15.80374096817727
4078.8,13.786819578432768
4079.0,13.445334332719359
4079.2,14.211394757191297
4079.4,15.6227583471029
4079.6,15.942357581440078
4079.8,16.788681372004355
4080.0,17.413407858291723
4080.2,17.47910470282834
4080.4,16.829475634575015
4080.6,16.560030492222936
4080.8,16.260729129380067
4081.0,15.195441101940636
4081.2,16.436043197722817
4081.4,17.92662601987964
4081.6,16.58358192203125
4081.8,15.479003101136033
4082.0,14.180140071837474
4082.2,11.96496850999273
4082.4,12.897471119144681
4082.6,12.553837733173774
4082.8,12.911683743032219
4083.0,13.282256672826428
4083.2,13.063243028699974
4083.4,13.187192426145469
4083.6,13.908911240246384
4083.8,14.804221137219491
4084.0,14.085793668355297
4084.2,13.169175887207064
4084.4,13.559854519286246
4084.6,12.488454569805747
4084.8,12.27618252102117
4085.0,12.120543972282608
4085.2,12.82226414248889
4085.4,13.735883918202337
4085.6,13.53425006160509
4085.8,13.5651190687407
4086.0,12.838028188783191
4086.2,12.348039291332578
4086.4,13.043415233586286
4086.6,12.827111061151866
4086.8,12.717380870299612
4087.0,12.84529192559936
4087.2,14.243263276196885
4087.4,13.739738489089557
4087.6,14.985723250435296
4087.8,15.499847572538524
4088.0,14.923802022798064
4088.2,15.798170744362082
4088.4,15.191916256211028
4088.6,15.413756218288112
4088.8,15.235116862179325
4089.0,14.476906362727771
4089.2,15.827759031817676
4089.4,15.02958543470303
4089.6,12.826387532811856
4089.8,10.589747811031692
4090.0,11.694915156045248
4090.2,12.307014285651753
4090.4,12.208605892716877
4090.6,11.989099838486695
4090.8,12.306761966477692
4091.0,11.2182405940805
4091.2,10.821563309052003
4091.4,9.427456003370011
4091.6,10.667359028532422
4091.8,10.028522692292377
4092.0,10.739459676777628
4092.2,10.137919171461798
4092.4,9.586889762978911
4092.6,9.960774102869527
4092.8,10.149637909862301
4093.0,9.963460775934031
4093.2,9.550088189273799
4093.4,9.546873635097338
4093.6,9.462993074394848
4093.8,10.449273701824836
4094.0,10.20090250289094
4094.2,10.650446643763974
4094.4,10.810794915993814
4094.6,11.376558326213267
4094.8,11.699089880386797
4095.0,12.499124188919883
4095.2,11.940620560955173
4095.4,11.863291718463744
4095.6,10.424046124461304
4095.8,9.59402829894769
4096.0,9.870706189348281
4096.2,9.870421425673147
4096.4,9.909779563756222
4096.6,10.645509299374819
4096.8,10.666775419771186
4097.0,10.192122646364695
4097.2,10.42130017360742
4097.4,10.164912583177376
4097.6,10.159516485047895
4097.8,10.271814168395206
4098.0,10.186309312786321
4098.2,10.188257193804828
4098.4,10.308577311609625
4098.6,10.791741334846993
4098.8,10.377007163510408
4099.0,10.779395028594713
4099.2,10.335302312632733
4099.4,11.371458467419925
4099.6,11.36202101177445
4099.8,11.58224279248226
4100.0,11.358402721340408
4100.2,11.694705455000543
4100.4,11.026193836074924
4100.6,11.01860229849531
4100.8,11.478821843008859
4101.0,11.389587153669673
4101.2,10.97716771173478
4101.4,10.621383495827663
4101.6,10.648067014127022
4101.8,10.881776609066305
4102.0,10.91637205476781
4102.2,11.465083908872657
4102.4,11.100847780246319
4102.6,11.352120568095575
4102.8,11.119780338042055
4103.0,11.155917277816163
4103.2,12.186350907391347
4103.4,12.389207484246727
4103.6,12.463794870294038
4103.8,11.237667599782498
4104.0,11.292998155569023
4104.2,11.605552756605988
4104.4,11.175328430726125
4104.6,10.992478816191957
4104.8,10.91546274281772
4105.0,10.750314948541797
4105.2,12.04308420395552
4105.4,13.025149349454923
4105.6,13.153443376725155
4105.8,14.260273992806152
4106.0,15.33231939417072
4106.2,15.762846276981126
4106.4,15.325743432785337
4106.6,15.89958485391235
4106.8,14.439442222745082
4107.0,13.11031519851536
4107.2,15.033632040743562
4107.4,14.409201362698115
4107.6,14.863280375567864
4107.8,14.18468861048422
4108.0,14.765170569121274
4108.2,16.026159546945227
4108.4,15.321009148275209
4108.6,15.638973812079849
4108.8,16.16317878792156
4109.0,15.63910807835892
4109.2,15.430260598927191
4109.4,16.20195515363768
4109.6,17.481584519727257
4109.8,16.429700857916778
4110.0,15.494366774787183
4110.2,16.528082013361594
4110.4,17.036143245500636
4110.6,17.217718193821433
4110.8,17.13604638397725
4111.0,15.813543977227697
4111.2,15.968298888745938
4111.4,15.660209992749675
4111.6,16.54652626704413
4111.8,19.078600019186904
4112.0,19.444857499473525
4112.2,17.487098769755388
4112.4,18.688345427194168
4112.6,16.205317988859854
4112.8,17.086393704731407
4113.0,19.395464290810928
4113.2,19.621758648066574
4113.4,18.939564197256693
4113.6,19.93590107154902
4113.8,20.464416139878697
4114.0,19.944581081464012
4114.2,18.334590868422506
4114.4,18.94706425976791
4114.6,19.951464911284646
4114.8,19.662181534212028
4115.0,21.04405506427462
4115.2,20.30870922136859
4115.4,21.019747957996834
4115.6,20.60556686155445
4115.8,21.349477240887058
4116.0,21.057170862687236
4116.2,20.165545073895103
4116.4,20.487333953008235
4116.6,18.475698564171303
4116.8,17.26300382172951
4117.0,17.682986340147338
4117.2,18.17218371799216
4117.4,16.509346060214625
4117.6,16.177489966880007
4117.8,15.66114646608671
4118.0,14.256790980859558
4118.2,15.126562963975328
4118.4,16.244322423845713
4118.6,16.809050011662613
4118.8,18.7745516838747
4119.0,16.02573367027177
4119.2,16.059143177662506
4119.4,14.270518976793094
4119.6,16.082259920784157
4119.8,16.053518277216206
4120.0,15.44136005117406
4120.2,15.432386543919272
4120.4,16.270924064759168
4120.6,15.37227368187807
4120.8,14.829348755019256
4121.0,14.65847955431755
4121.2,14.295693675834949
4121.4,15.24645894209996
4121.6,13.264015553871912
4121.8,13.163052178952563
4122.0,13.042694908941312
4122.2,11.932006204096012
4122.4,12.339597902232482
4122.6,13.44007740744486
4122.8,12.008635450473665
4123.0,12.551784973445987
4123.2,12.747784951886803
4123.4,11.632504420131992
4123.6,11.786884922781017
4123.8,12.038072661074287
4124.0,14.552118585934137
4124.2,14.576879704550876
4124.4,15.459037891474452
4124.6,16.39225680026462
4124.8,15.442755560205061
4125.0,15.635340131281467
4125.2,14.097082490286681
4125.4,13.877282068540515
4125.6,13.945914732153376
4125.8,14.105614833622873
4126.0,14.199078869031826
4126.2,12.766715706718125
4126.4,11.372203142952479
4126.6,12.208894478272363
4126.8,11.843875735758173
4127.0,11.198469819236001
4127.2,11.105291086560484
4127.4,12.190883731034013
4127.6,12.731879636827948
4127.8,11.789545078737618
4128.0,12.661735836797076
4128.2,11.724356247277775
4128.4,12.322828896477954
4128.6,12.202503930505378
4128.8,11.23496468853148
4129.0,11.628334315306732
4129.2,11.09546564634362
4129.4,10.64273046165608
4129.6,10.759565893355257
4129.8,10.058863933502817
4130.0,9.859320890420637
4130.2,9.864256058377261
4130.4,9.641096994721755
4130.6,10.342281822134847
4130.8,10.573197811709687
4131.0,10.480716089388215
4131.2,10.61430027004409
4131.4,10.842496943079286
4131.6,10.2778586104533
4131.8,10.269174719815927
4132.0,10.724862222637814
4132.2,11.02536421172536
4132.4,10.282283596534192
4132.6,11.204877086393621
4132.8,11.376742240505182
4133.0,11.192022097460901
4133.2,10.809061723215416
4133.4,10.049189443762053
4133.6,10.016512214476109
4133.8,10.067039677755492
4134.0,9.934995253958954
4134.2,9.955143645541702
4134.4,9.995568365373611
4134.6,10.518419062586624
4134.8,10.211329724166616
4135.0,10.08126204799565
4135.2,10.56279991383413
4135.4,9.676011649162264
4135.6,9.820242397299308
4135.8,10.001231805476547
4136.0,10.277424085519367
4136.2,10.261216191939035
4136.4,10.224662483853674
4136.6,10.448609664751935
4136.8,10.543860136593077
4137.0,10.65632596803001
4137.2,10.561994594853214
4137.4,10.305989751971165
4137.6,10.170259183252927
4137.8,10.252303594680319
4138.0,10.427552733137489
4138.2,10.771786001665436
4138.4,10.588058135135881
4138.6,10.62590750993219
4138.8,10.86881756786548
4139.0,10.413747664964232
4139.2,10.488892890358459
4139.4,10.224182993276365
4139.6,10.510096354031898
4139.8,10.69492721657131
4140.0,10.073022088263368
4140.2,11.013566280513022
4140.4,9.777091171435986
4140.6,10.288680404185806
4140.8,10.04077746488544
4141.0,9.966017531723692
4141.2,9.405187562007407
4141.4,9.117047719103923
4141.6,9.557466472999387
4141.8,10.810019939194293
4142.0,10.580257729596196
4142.2,10.976304365092869
4142.4,10.874314889426673
4142.6,10.816081200841106
4142.8,11.379083565417265
4143.0,11.783348681242899
4143.2,11.499745393380598
4143.4,12.128430768668004
4143.6,10.971653307491492
4143.8,10.893815902719409
4144.0,11.660198564403911
4144.2,11.123328788465505
4144.4,11.764300599624127
4144.6,11.276100685682751
4144.8,11.009288122061683
4145.0,11.627693102018966
4145.2,10.976659491437937
4145.4,11.140766345756667
4145.6,11.188091148432942
4145.8,11.588110143188485
4146.0,12.13345476781929
4146.2,11.371516814885393
4146.4,10.669667225157713
4146.6,11.395658451283355
4146.8,12.253351094950261
4147.0,13.393864160576342
4147.2,13.274041935293173
4147.4,13.275302669132111
4147.6,13.065093621635748
4147.8,12.5831457260046
4148.0,13.020832681703036
4148.2,13.173309933657496
4148.4,13.056682829079715
4148.6,12.657896626077243
4148.8,12.006197834651406
4149.0,11.451437693043987
4149.2,11.694884156129454
4149.4,11.491554412647531
4149.6,11.847505582397078
4149.8,12.23405142150807
4150.0,12.209634745376663
4150.2,11.117863277994918
4150.4,11.05745153057288
4150.6,12.04291693086364
4150.8,11.551211454463497
4151.0,10.555573785233921
4151.2,9.986914939656629
4151.4,10.029682222349404
4151.6,10.00805139349101
4151.8,9.82652288471664
4152.0,9.779468105048434
4152.2,10.406684930057136
4152.4,10.26112692882003
4152.6,11.503710097237402
4152.8,11.302450359002856
4153.0,11.163909294500476
4153.2,11.611762902623752
4153.4,11.523272584898422
4153.6,10.390716283939621
4153.8,11.540582713287924
4154.0,12.592162366035954
4154.2,13.687804369253534
4154.4,11.248922366310225
4154.6,12.453048991095038
4154.8,11.861026078988807
4155.0,11.87921284690773
4155.2,11.278954148829254
4155.4,11.517721343348317
4155.6,11.102998328683194
4155.8,10.35332714627044
4156.0,10.168257818846255
4156.2,11.003100777798968
4156.4,11.078495026453313
4156.6,10.05681650142509
4156.8,10.413706674023913
4157.0,11.00280332593158
4157.2,10.224876543544678
4157.4,10.8861871955356
4157.6,10.330064508748737
4157.8,9.879663739408004
4158.0,10.534375053827969
4158.2,10.506984110517916
4158.4,10.858976057266528
4158.6,10.684944816375946
4158.8,11.564076450264647
4159.0,11.84000754407544
4159.2,12.711019555648795
4159.4,11.601699511256298
4159.6,11.573377553943551
4159.8,11.039719738827188
4160.0,11.01452260398961
4160.2,10.900325911832116
4160.4,11.742761291928364
4160.6,11.238416151247339
4160.8,10.965076379423948
4161.0,11.484518787597064
4161.2,12.197066198559984
4161.4,10.88754572213939
4161.6,12.373344164396133
4161.8,11.591525238000637
4162.0,12.693743097309254
4162.2,13.214923971467528
4162.4,11.936264611215481
4162.6,10.896924455094227
4162.8,10.32033259425586
4163.0,10.16824766409394
4163.2,10.067027409906071
4163.4,10.502683596619622
4163.6,10.822300944560045
4163.8,11.211444027293718
4164.0,11.381862027834785
4164.2,12.126535615767583
4164.4,11.380391452477397
4164.6,11.784421755432668
4164.8,12.930891807775422
4165.0,14.09791725678887
4165.2,11.945950669620188
4165.4,12.400449575423345
4165.6,11.798665400931196
4165.8,11.9524280796548
4166.0,13.492507158176686
4166.2,12.839678633704315
4166.4,13.157999301325674
4166.6,12.323563639304142
4166.8,12.780903911915829
4167.0,12.449060909034952
4167.2,12.214325447543114
4167.4,12.444361395064941
4167.6,11.894990656794523
4167.8,10.822612348058955
4168.0,11.897364661554914
4168.2,11.034006818949287
4168.4,11.145431881112124
4168.6,11.265248002773244
4168.8,11.539506237550821
4169.0,11.161842323682201
4169.2,11.318841474721467
4169.4,11.450851250845952
4169.6,11.600774235014658
4169.8,11.160410112912235
4170.0,11.405414671318193
4170.2,11.481592641290412
4170.4,11.098866091447398
4170.6,10.927620255814826
4170.8,11.16069994900549
4171.0,11.258445967892216
4171.2,10.788560861562434
4171.4,11.558748640423357
4171.6,10.287151827631018
4171.8,10.92796868726899
4172.0,10.112573798270837
4172.2,9.86947253146328
4172.4,9.853108523393276
4172.6,9.504948957216488
4172.8,9.574655089735153
4173.0,9.13782608635875
4173.2,9.278908488902077
4173.4,10.535753437520958
4173.6,9.63903603614542
4173.8,9.968670345430528
4174.0,9.298620083485496
4174.2,9.568067949648793
4174.4,10.058012808726392
4174.6,10.089937732575168
4174.8,9.615080364725149
4175.0,10.127044700708227
4175.2,10.024773355291012
4175.4,10.256085080818231
4175.6,9.684010085697834
4175.8,10.213715362926727
4176.0,10.476811503198586
4176.2,9.560191219202755
4176.4,9.119529148623547
4176.6,9.121861539843229
4176.8,9.172936845433458
4177.0,8.941364635980873
4177.2,8.834922586636827
4177.4,8.90412380696856
4177.6,8.990124540883293
4177.8,9.055549459604007
4178.0,8.852183456268188
4178.2,8.96287476264167
4178.4,9.49622800770626
4178.6,9.57799351026006
4178.8,9.419767331066016
4179.0,9.847048340516181
4179.2,9.814264209870434
4179.4,9.768088878290222
4179.6,9.724188227861768
4179.8,9.78851660475765
4180.0,10.108257949391549
4180.2,9.851605383694944
4180.4,10.585661479758983
4180.6,11.518105900095044
4180.8,11.739717903971831
4181.0,11.8701266003583
4181.2,11.828233203022918
4181.4,11.371381009488656
4181.6,11.241990406990066
4181.8,11.277935726753396
4182.0,11.114454400330565
4182.2,10.615181772614505
4182.4,11.348383674455537
4182.6,12.087850506861791
4182.8,11.0485389410539
4183.0,11.138632778495825
4183.2,10.829499179837219
4183.4,11.277489042669036
4183.6,11.472450754732238
4183.8,11.420932283183799
4184.0,12.01736867217389
4184.2,12.852453339276803
4184.4,13.216382558230038
4184.6,11.67723462649515
4184.8,12.100780446176554
4185.0,11.005595671844993
4185.2,11.537107580567632
4185.4,11.09114694752385
4185.6,12.016148423095458
4185.8,11.581266804715236
4186.0,10.876885905751942
4186.2,12.0559907387839
4186.4,11.903913369985029
4186.6,13.54499863025284
4186.8,12.9769385186451
4187.0,12.81285867212391
4187.2,13.390838388395153
4187.4,12.71116182870051
4187.6,13.06846407721832
4187.8,13.617242288119602
4188.0,13.177274081080716
4188.2,12.073632894610979
4188.4,12.112672979678443
4188.6,11.11612288016929
4188.8,11.393161274051932
4189.0,11.914233625419428
4189.2,11.988877651180854
4189.4,11.387168249941304
4189.6,12.15531146602196
4189.8,11.328772279197764
4190.0,11.569015387051282
4190.2,11.44468556877343
4190.4,11.172168107807272
4190.6,11.037070273230524
4190.8,11.291177743113694
4191.0,12.01633228551337
4191.2,12.029120363993599
4191.4,12.59161072453048
4191.6,12.314448454049433
4191.8,12.12096132480682
4192.0,11.82282817261302
4192.2,11.188805714962662
4192.4,11.500867672888758
4192.6,12.192875171011012
4192.8,11.679272372544888
4193.0,11.309153045916492
4193.2,11.848830730915676
4193.4,12.85547363575597
4193.6,11.865254667364093
4193.8,11.933797166994726
4194.0,13.06200447938533
4194.2,12.90128589963436
4194.4,13.073952214418746
4194.6,13.088941293586052
4194.8,12.466186908235585
4195.0,12.043304647651265
4195.2,11.690055829421958
4195.4,12.372308239497595
4195.6,12.179255487498617
4195.8,12.623311979676117
4196.0,11.358096137772218
4196.2,10.093682860500222
4196.4,9.940024995619384
4196.6,10.158771740836423
4196.8,9.445286497897106
4197.0,9.587185176114453
4197.2,9.63484242027892
4197.4,9.707243750245405
4197.6,9.787816357527415
4197.8,9.82533167274026
4198.0,10.010338117330031
4198.2,9.827274772239061
4198.4,9.958109057439913
4198.6,10.08153715840022
4198.8,10.404997971189188
4199.0,11.003830158846526
4199.2,10.166725748152404
4199.4,10.28778893900437
4199.6,10.4001850242331
4199.8,10.128811685472845
4200.0,10.25138524514793
4200.2,10.803543325773617
4200.4,10.287208717907566
4200.6,10.197191456632899
4200.8,10.219573529310228
4201.0,10.08020038156456
4201.2,10.26192515008713
4201.4,10.264382591893808
4201.6,10.080335068957755
4201.8,10.259281003632887
4202.0,10.249295253202826
4202.2,10.450103550544906
4202.4,10.510834311703892
4202.6,10.26322565618871
4202.8,10.075967644512593
4203.0,10.32223679642356
4203.2,10.566239180724672
4203.4,10.051591459315992
4203.6,9.821510137327905
4203.8,10.663075935080444
4204.0,10.386689492915318
4204.2,10.406028136957211
4204.4,10.05663892803459
4204.6,10.332973225106594
4204.8,9.872663395838439
4205.0,10.617421282359057
4205.2,10.294403014128584
4205.4,10.827720775467323
4205.6,10.742313430657282
4205.8,10.349700909516514
4206.0,10.929003313172917
4206.2,10.857305812147134
4206.4,10.542056225543345
4206.6,10.58938888175446
4206.8,10.79689034519591
4207.0,10.779776129030603
4207.2,10.807236163063667
4207.4,10.776888545779673
4207.6,10.77941443238078
4207.8,10.869104564509165
4208.0,10.55394392746974
4208.2,10.90094756129272
4208.4,10.743030950784789
4208.6,10.886046377413741
4208.8,10.774578551110789
4209.0,10.882221909922436
4209.2,10.842062564791528
4209.4,11.002308744440352
4209.6,10.847017387869792
4209.8,10.845844935827847
4210.0,10.611841203631496
4210.2,10.216386811776095
4210.4,10.497214234257637
4210.6,10.395292850296254
4210.8,10.452329527610836
4211.0,10.262139300041193
4211.2,10.530747789714347
4211.4,10.328707506218116
4211.6,10.528304064276782
4211.8,10.37044687720323
4212.0,10.479634827013227
4212.2,10.725769901960431
4212.4,10.5718445455153
4212.6,10.51254103367571
4212.8,10.58928094065567
4213.0,10.756536544546826
4213.2,10.423508953821033
4213.4,10.622069198814694
4213.6,10.835575458409936
4213.8,10.56225068887681
4214.0,10.86168794724789
4214.2,10.883687945195973
4214.4,10.730189421879174
4214.6,11.073335428197773
4214.8,10.904637880504184
4215.0,10.828124602858685
4215.2,10.83297059505001
4215.4,10.259149701661915
4215.6,10.71745580953653
4215.8,10.670144815309467
4216.0,10.651505625994247
4216.2,10.768817286692329
4216.4,10.697989529378933
4216.6,10.676703745475608
4216.8,10.86093335575904
4217.0,11.169265073067091
4217.2,10.783536997107577
4217.4,10.748129138727666
4217.6,10.79252775061692
4217.8,10.809784222409082
4218.0,10.747816924750017
4218.2,10.741681234264837
4218.4,10.591958252410894
4218.6,10.644606523728141
4218.8,10.789993262389135
4219.0,10.79600394942431
4219.2,10.86501228555566
4219.4,10.733349968852412
4219.6,11.07323912022111
4219.8,10.925301612605498
4220.0,11.069530763680547
4220.2,11.245301146254238
4220.4,11.2638345720904
4220.6,11.27065453345857
4220.8,11.115583549163341
4221.0,11.055953104232197
4221.2,11.350643432632761
4221.4,11.029951330293112
4221.6,10.58224642452865
4221.8,10.734878846009577
4222.0,10.59408595547146
4222.2,10.859929842586375
4222.4,11.140508708455936
4222.6,11.406682353096723
4222.8,11.235915282912623
4223.0,11.248291773385528
4223.2,11.441290868637823
4223.4,10.834622117962091
4223.6,10.592163140773154
4223.8,11.07345676735687
4224.0,10.981470042840114
4224.2,10.555483547365373
4224.4,10.599293424403166
4224.6,10.747144935224021
4224.8,10.299146505896067
4225.0,11.08691470194957
4225.2,10.93994232578132
4225.4,10.79612669360801
4225.6,10.623794609288028
4225.8,10.61203365777127
4226.0,10.646908536066713
4226.2,10.978159523251138
4226.4,10.579537531549537
4226.6,10.438465812880777
4226.8,10.570949587381273
4227.0,10.296824612177272
4227.2,10.603905018611313
4227.4,10.540500348247736
4227.6,10.24378653176029
4227.8,10.400729284848955
4228.0,10.521946709876202
4228.2,10.426139588711061
4228.4,10.126576915912173
4228.6,10.063311560763173
4228.8,9.783685021667159
4229.0,9.788045669512309
4229.2,9.874468614368745
4229.4,9.944925928577051
4229.6,9.956221543525182
4229.8,9.385598767754793
4230.0,9.933739010887365
4230.2,9.831887560893527
4230.4,10.124503840722474
4230.6,9.963249496317243
4230.8,10.016726146626535
4231.0,9.919920710470493
4231.2,9.79643205500659
4231.4,9.94258407479257
4231.6,10.193472807728234
4231.8,9.576119495292984
4232.0,9.960264416979285
4232.2,9.719520320283463
4232.4,10.342889755117588
4232.6,10.239345757195657
4232.8,10.311953570387814
4233.0,10.422266960586292
4233.2,9.998264665824925
4233.4,9.943117082190282
4233.6,10.540323491805319
4233.8,10.656057938938321
4234.0,10.569258639182483
4234.2,10.800762829970417
4234.4,10.268826846951475
4234.6,10.387058484678175
4234.8,10.659306477680978
4235.0,10.694007748661853
4235.2,10.311245819318716
4235.4,10.200942018166346
4235.6,10.576629541202685
4235.8,10.503246974894484
4236.0,10.15483206783183
4236.2,10.537045344471366
4236.4,10.222052642878381
4236.6,10.24271101049341
4236.8,10.343154489827906
4237.0,10.285708742800178
4237.2,10.61088850742333
4237.4,10.738801769606427
4237.6,10.123722684817702
4237.8,10.44736755396766
4238.0,10.496994877455244
4238.2,10.458588982803787
4238.4,10.391589815836014
4238.6,10.271819474104687
4238.8,10.27687169918968
4239.0,10.254232509751182
4239.2,10.274565780646075
4239.4,10.239348129103838
4239.6,10.116461181691383
4239.8,10.236776059187223
4240.0,10.408209948275376
4240.2,10.38827608123892
4240.4,10.674748113977818
4240.6,10.445956391339383
4240.8,10.27696679527027
4241.0,10.56048579482546
4241.2,10.499177378069252
4241.4,10.723928278934752
4241.6,10.731490147084413
4241.8,10.704126858998732
4242.0,10.251653805849447
4242.2,10.475722248472454
4242.4,10.734858177675864
4242.6,10.103552029433567
4242.8,10.518557456003224
4243.0,10.492770988275314
4243.2,10.264785411518284
4243.4,10.174010997034292
4243.6,10.446651638718725
4243.8,10.299247648524757
4244.0,10.23773142611759
4244.2,10.363269020131105
4244.4,10.557987731542324
4244.6,10.515870608135035
4244.8,10.275253220182602
4245.0,10.167040546883932
4245.2,10.575715830050017
4245.4,10.542896633688539
4245.6,10.914814053610131
4245.8,10.412818003000076
4246.0,10.582999514764541
4246.2,10.638352772088222
4246.4,10.90773795372234
4246.6,10.694105163513337
4246.8,9.97335393633171
4247.0,10.575330128956628
4247.2,10.5541588928099
4247.4,10.953090971821794
4247.6,11.388584669472696
4247.8,11.255850099748235
4248.0,10.99522881630364
4248.2,11.127581029859812
4248.4,11.059162207063922
4248.6,11.372886767611627
4248.8,11.372822213409734
4249.0,11.49289282621183
4249.2,11.000674431564416
4249.4,11.655144721144238
4249.6,11.121227316422853
4249.8,10.88160598832774
4250.0,10.7481330758338
4250.2,11.349860712718316
4250.4,11.45159228934223
4250.6,11.248813122000627
4250.8,11.099856205023643
4251.0,10.851728735428406
4251.2,10.881254233844807
4251.4,11.233989406325119
4251.6,11.308838152985947
4251.8,11.152491964309759
4252.0,10.739500685190091
4252.2,11.098861055556156
4252.4,10.522913388412086
4252.6,10.602148092051554
4252.8,10.597905189597931
4253.0,10.470119324380658
4253.2,10.504725342299679
4253.4,9.986237453750237
4253.6,10.195578105828147
4253.8,10.238807375221215
4254.0,10.547075829975618
4254.2,10.307369129420918
4254.4,10.437734082998013
4254.6,9.801009433044639
4254.8,9.954240579328706
4255.0,10.16345226578946
4255.2,10.386797187210547
4255.4,10.247615232856852
4255.6,10.407528779051205
4255.8,9.661207660274991
4256.0,10.030628860123127
4256.2,10.607696323723008
4256.4,10.54298257085753
4256.6,10.1466437433095
4256.8,10.836927583209627
4257.0,10.268763663303734
4257.2,10.543185276296116
4257.4,11.330957922410285
4257.6,10.88171048783841
4257.8,10.455745753450373
4258.0,10.552561263171674
4258.2,12.542693451026066
4258.4,12.567933313765332
4258.6,11.597328556548106
4258.8,12.413955046698085
4259.0,12.305308545593123
4259.2,11.693635120268882
4259.4,12.835046663883276
4259.6,13.395669046892667
4259.8,15.063996592033863
4260.0,13.87414233615791
4260.2,12.821254044353058
4260.4,12.219140251969309
4260.6,12.304338396965907
4260.8,12.586797295039062
4261.0,12.88340703977422
4261.2,13.037465676126885
4261.4,12.678913794091304
4261.6,12.638021899539567
4261.8,12.102207008708843
4262.0,13.816281712240714
4262.2,15.329441892935831
4262.4,13.587896389514214
4262.6,15.416171669647502
4262.8,15.35095802675411
4263.0,14.265142204622691
4263.2,14.18178091349041
4263.4,14.02367647439722
4263.6,13.522351402507377
4263.8,13.740273158967735
4264.0,12.18599688937495
4264.2,12.740002378888146
4264.4,13.969277148334386
4264.6,12.344954980724328
4264.8,12.149210101146526
4265.0,12.778087583581117
4265.2,12.024547985271736
4265.4,12.876566787830665
4265.6,11.983388940907096
4265.8,12.295790845441427
4266.0,12.533055356017478
4266.2,12.84992219042223
4266.4,14.52573365024536
4266.6,13.613133646301613
4266.8,12.78927347684778
4267.0,11.855642095689776
4267.2,13.755717488975579
4267.4,14.436395327264805
4267.6,12.834347421491373
4267.8,13.163628333887164
4268.0,12.673364481135987
4268.2,13.469142526091385
4268.4,13.160126769808397
4268.6,14.044144293377713
4268.8,13.45345840363882
4269.0,12.919475670984088
4269.2,13.743953590293113
4269.4,12.795274500191054
4269.6,13.429156092556502
4269.8,14.487095154465369
4270.0,15.067961588104922
4270.2,15.064762843012021
4270.4,13.00470879895589
4270.6,13.411045858923806
4270.8,12.86374859803114
4271.0,12.836006382783152
4271.2,13.827340625366414
4271.4,14.168629846261599
4271.6,15.322615987739036
4271.8,14.96338533243941
4272.0,13.93379675025244
4272.2,13.482673364510154
4272.4,13.41857693139281
4272.6,13.857885585508615
4272.8,13.119820352350256
4273.0,12.576178027993027
4273.2,13.061819207241792
4273.4,13.723549739548535
4273.6,14.06798337308848
4273.8,12.973391799805045
4274.0,14.051638330563211
4274.2,13.930760722511996
4274.4,15.6379617470278
4274.6,16.23779591140455
4274.8,15.22450321560088
4275.0,14.713594772865084
4275.2,14.538076769699293
4275.4,16.52624553504235
4275.6,17.980296323299292
4275.8,16.791958839013986
4276.0,17.57519951580726
4276.2,17.172043683448695
4276.4,18.86623305482037
4276.6,16.46163863780843
4276.8,16.858838640192555
4277.0,16.441064365878425
4277.2,15.627881522062225
4277.4,14.935278575611564
4277.6,14.915924947701244
4277.8,14.717204094481573
4278.0,14.184002922852244
4278.2,13.950899482633671
4278.4,15.032478798138015
4278.6,14.844925587608962
4278.8,13.478395965655368
4279.0,15.231951432800146
4279.2,13.875757960932873
4279.4,14.01473557946056
4279.6,13.389916959930094
4279.8,14.66622558645521
4280.0,14.601957914649788
4280.2,14.541029402322447
4280.4,14.101528549920504
4280.6,13.550635249105738
4280.8,12.93732218332499
4281.0,13.07337806555802
4281.2,14.418868153983732
4281.4,12.61776703930406
4281.6,13.031045434134699
4281.8,12.770819386875594
4282.0,11.809870304707303
4282.2,11.875697454292641
4282.4,11.261173438970278
4282.6,11.008058248936145
4282.8,10.98758414450556
4283.0,10.762257166648322
4283.2,10.378041087842043
4283.4,10.051978929237084
4283.6,10.248451750532372
4283.8,10.400648746228747
4284.0,10.595698201600822
4284.2,10.572382044957616
4284.4,10.471394013566231
4284.6,10.950117609438234
4284.8,10.79819493424963
4285.0,10.582649219098242
4285.2,10.340026943069985
4285.4,10.673349407100822
4285.6,10.457014122695833
4285.8,10.783690997589172
4286.0,10.637965566838458
4286.2,10.701254999335884
4286.4,10.864599473421691
4286.6,10.903143762403666
4286.8,10.902674300696098
4287.0,10.734113833355597
4287.2,10.425820804611616
4287.4,10.651475378334359
4287.6,11.831753602652203
4287.8,11.802818087362992
4288.0,10.666446274475568
4288.2,10.554878973290888
4288.4,10.791381937373355
4288.6,11.034372895356508
4288.8,11.249715677169673
4289.0,11.085572531758386
4289.2,11.020505993408552
4289.4,10.811545771689365
4289.6,10.636667061339617
4289.8,10.342296900708261
4290.0,10.479336579038897
4290.2,9.988913253542487
4290.4,10.341528240949224
4290.6,10.14324967516928
4290.8,10.314744729996615
4291.0,10.588915216860052
4291.2,10.785084645761902
4291.4,10.95766450214587
4291.6,11.013781754595977
4291.8,11.783632163261203
4292.0,11.144023186775929
4292.2,11.11510226231819
4292.4,11.308302133957156
4292.6,11.68874715976344
4292.8,12.37252212439175
4293.0,13.004573520780003
4293.2,14.799949021076053
4293.4,13.01816104770781
4293.6,14.73151835774307
4293.8,14.189333498876147
4294.0,12.757615590116913
4294.2,12.083768742506626
4294.4,13.224577083014093
4294.6,13.124376249190297
4294.8,12.295799728866958
4295.0,11.484137938400362
4295.2,11.972076003057786
4295.4,13.156713010494625
4295.6,12.457254809143967
4295.8,12.589102594282298
4296.0,11.97144472414218
4296.2,11.53323224763441
4296.4,11.623775961526468
4296.6,10.861307190410045
4296.8,10.732350636733113
4297.0,12.037848767069171
4297.2,12.592613398254787
4297.4,12.019728973128288
4297.6,12.80469394024272
4297.8,12.178775438528486
4298.0,13.10089364509874
4298.2,12.796760445910644
4298.4,11.927327887489582
4298.6,12.106153969585602
4298.8,15.164027609274433
4299.0,14.098591754926112
4299.2,13.727056167992034
4299.4,12.81125017779922
4299.6,12.884925578490948
4299.8,12.742485795597396
4300.0,12.526978519298764
4300.2,13.190148263792437
4300.4,13.106390858978749
4300.6,10.980090144474532
4300.8,10.982419978889837
4301.0,12.149042054451266
4301.2,12.810797734888048
4301.4,13.569182744889353
4301.6,13.946452528667244
4301.8,13.68175676063257
4302.0,11.682659236200891
4302.2,12.198554476552399
4302.4,12.07231262072674
4302.6,11.427283509893591
4302.8,10.880999114316538
4303.0,11.773334094867261
4303.2,13.018382284304128
4303.4,13.581697890516015
4303.6,12.871814982524917
4303.8,13.615419767415435
4304.0,12.17838549895099
4304.2,12.560397685225864
4304.4,12.538918828785043
4304.6,13.249726595480176
4304.8,12.78240489460112
4305.0,11.804339231085779
4305.2,13.22454885161135
4305.4,14.132206972236203
4305.6,14.174301596583675
4305.8,14.411205900070637
4306.0,15.273482007155204
4306.2,15.042024073453854
4306.4,15.254740949744205
4306.6,15.403851401379814
4306.8,14.59566557563659
4307.0,15.60142841077498
4307.2,14.658060616407166
4307.4,14.979836829507365
4307.6,15.19199815386389
4307.8,13.02389957929903
4308.0,11.416848898841925
4308.2,13.013424184218696
4308.4,12.341653792862628
4308.6,11.569188183840524
4308.8,12.593619319352952
4309.0,12.356096894800917
4309.2,11.250071608467103
4309.4,11.119421704425768
4309.6,10.964899737303194
4309.8,10.961780750047707
4310.0,10.950230143541829
4310.2,11.154602489987116
4310.4,11.544013851589188
4310.6,10.55840870730769
4310.8,11.69100675017086
4311.0,12.513636674563118
4311.2,12.158752300932488
4311.4,11.996044856840713
4311.6,12.284973780814543
4311.8,12.840984928176802
4312.0,11.91644419287706
4312.2,11.831626810427451
4312.4,12.021236861607125
4312.6,13.351529001250713
4312.8,13.145543086622968
4313.0,11.730288679264973
4313.2,13.19965568648734
4313.4,12.732418629877087
4313.6,12.992152570011573
4313.8,13.76602076943418
4314.0,13.080272814405578
4314.2,11.999542098983394
4314.4,12.345310833206673
4314.6,12.58417559065881
4314.8,12.692088735689932
4315.0,12.347684874084937
4315.2,13.113812405943364
4315.4,13.388507562577335
4315.6,13.208980723804
4315.8,13.208966779171568
4316.0,12.106708130704376
4316.2,12.128311304343542
4316.4,11.870498037840822
4316.6,12.475703982012853
4316.8,11.847630224413566
4317.0,10.964925756913326
4317.2,11.036021115683631
4317.4,10.378117167022507
4317.6,10.371127819937737
4317.8,9.79628935266361
4318.0,9.576462139281809
4318.2,9.541085492053952
4318.4,9.573295438308826
4318.6,9.648712624102572
4318.8,9.6338983660344
4319.0,9.738331472953503
4319.2,9.692134177782918
4319.4,9.625398988887863
4319.6,9.998295321385536
4319.8,9.764066254783453
4320.0,9.570151191624186
4320.2,9.353914045311827
4320.4,10.189358669895858
4320.6,9.79137139160149
4320.8,9.0139343228395
4321.0,9.764052854997443
4321.2,9.08390668773975
4321.4,8.8177199009867
4321.6,8.948384753949583
4321.8,8.899874125132524
4322.0,8.940160451148703
4322.2,8.808542159966674
4322.4,9.098564006705107
4322.6,8.800728621012887
4322.8,9.121148237251765
4323.0,9.124074216123537
4323.2,9.073899266978495
4323.4,9.068769940997814
4323.6,9.046969907492077
4323.8,9.342556656461184
4324.0,9.243553266770201
4324.2,9.358121959458797
4324.4,9.274641372845865
4324.6,9.460610437991852
4324.8,9.425141823722102
4325.0,9.558120615856858
4325.2,9.637298721140938
4325.4,9.3525494506071
4325.6,9.33843621897531
4325.8,9.09888461529476
4326.0,9.000005284891198
4326.2,9.13427699379058
4326.4,9.058363177172454
4326.6,8.985383977508052
4326.8,8.894469250361489
4327.0,9.062284012422571
4327.2,9.153045115196175
4327.4,9.470423938746293
4327.6,9.791527525407858
4327.8,9.46265821514472
4328.0,9.40691796007529
4328.2,9.387441846608866
4328.4,9.803657258844773
4328.6,10.192908423036762
4328.8,9.620041784310004
4329.0,10.210697123745017
4329.2,9.896957474108333
4329.4,10.151729324953171
4329.6,10.620980665874438
4329.8,10.053008938431168
4330.0,11.00842652457664
4330.2,9.966288529029262
4330.4,10.50682146368429
4330.6,10.226715225282874
4330.8,10.15840058234103
4331.0,10.261592847874628
4331.2,11.834072722333541
4331.4,12.189202280120767
4331.6,12.106822814463968
4331.8,11.958655414852085
4332.0,12.483858971202169
4332.2,12.464957419501093
4332.4,12.165639822039305
4332.6,11.88980914590454
4332.8,11.669821934850548
4333.0,11.377667038103066
4333.2,11.486673249382156
4333.4,11.387943333836327
4333.6,11.1310593744147
4333.8,11.522772250239965
4334.0,12.022896646874512
4334.2,11.886929962287853
4334.4,12.702890206117267
4334.6,11.926562420242215
4334.8,11.394290100724655
4335.0,12.180333901793674
4335.2,12.130495012404888
4335.4,13.272287511269186
4335.6,12.6412564859406
4335.8,13.12876300165258
4336.0,12.591996393869023
4336.2,12.942717908088548
4336.4,12.6660502117838
4336.6,12.746081955971347
4336.8,11.939188511381138
4337.0,12.331143714424718
4337.2,13.253618213213405
4337.4,13.170183269234602
4337.6,13.64997996917248
4337.8,13.061794152128567
4338.0,13.634669564756546
4338.2,12.965724558751887
4338.4,12.221963978490562
4338.6,11.826483455408031
4338.8,10.965023375196786
4339.0,11.830044603005991
4339.2,11.45286071156834
4339.4,11.55026647518892
4339.6,11.816080432912248
4339.8,11.187052237599724
4340.0,12.20082997622753
4340.2,11.209063080484647
4340.4,10.833872819321332
4340.6,10.509386547019224
4340.8,10.442501229089098
4341.0,10.553185844470674
4341.2,10.538151158544277
4341.4,10.397867858646187
4341.6,10.843839920146575
4341.8,10.028847833488378
4342.0,10.235940012875197
4342.2,9.880235748822553
4342.4,9.698985847982748
4342.6,9.781361056539449
4342.8,10.672442115923044
4343.0,10.242818309643475
4343.2,10.2453773796684
4343.4,10.669408387411806
4343.6,9.92494006817915
4343.8,9.899412462428764
4344.0,10.3520927949595
4344.2,10.082668822144623
4344.4,10.616015893136513
4344.6,10.834241666650382
4344.8,10.204444309961955
4345.0,10.571507032501943
4345.2,10.746738501018312
4345.4,10.853600543050376
4345.6,11.140834012924984
4345.8,10.848932280885666
4346.0,10.793602952907719
4346.2,11.263788286263825
4346.4,10.268570469711634
4346.6,10.411874797861714
4346.8,10.616597519606696
4347.0,10.771449253357055
4347.2,11.726258272565586
4347.4,11.097985233463803
4347.6,11.450991144189262
4347.8,11.770454858499404
4348.0,11.694691590540485
4348.2,12.165816492792597
4348.4,12.025843367638007
4348.6,12.091023427362355
4348.8,11.57724945372329
4349.0,11.334373144573389
4349.2,11.137481479971207
4349.4,11.275254134500837
4349.6,10.411356738184963
4349.8,10.357042845949103
4350.0,10.616687632287327
4350.2,11.082328729990632
4350.4,11.143002905662074
4350.6,11.063086904207458
4350.8,11.078708161511075
4351.0,11.130313691351027
4351.2,11.24620209293576
4351.4,11.39690979935205
4351.6,11.295010612001589
4351.8,11.86060588488494
4352.0,13.81255441415073
4352.2,14.618234886725691
4352.4,14.349821653850341
4352.6,15.680290218911852
4352.8,15.08118398761625
4353.0,12.42134776916587
4353.2,11.51217487665261
4353.4,11.401591196502386
4353.6,12.265208335254021
4353.8,14.683372135057946
4354.0,12.739883922864674
4354.2,12.838460655154835
4354.4,12.425800804691956
4354.6,11.894216121513491
4354.8,10.951012618829203
4355.0,12.307892608273043
4355.2,12.374021228999485
4355.4,13.171013996957768
4355.6,12.985356570974119
4355.8,12.23285953968791
4356.0,13.161999866066218
4356.2,14.717760303260036
4356.4,14.799207065240987
4356.6,14.539783975043052
4356.8,13.551069496849044
4357.0,12.738464960145862
4357.2,12.230611932861265
4357.4,12.01645956258261
4357.6,13.88980835658865
4357.8,14.332133605486808
4358.0,13.492989883186798
4358.2,15.469186824375365
4358.4,14.349157316770885
4358.6,14.75923735107864
4358.8,14.872250214280374
4359.0,16.26623424553674
4359.2,16.90004262198983
4359.4,17.724907292510025
4359.6,15.243203403468508
4359.8,15.646407854687592
4360.0,16.737813557384214
4360.2,15.152889955787305
4360.4,16.435167555829807
4360.6,15.400125216355473
4360.8,15.456358003180288
4361.0,16.667044080968026
4361.2,15.629020596759473
4361.4,15.37869099533981
4361.6,15.233921332036376
4361.8,15.11101872091534
4362.0,15.42090635997053
4362.2,16.034138785709587
4362.4,17.114978174748657
4362.6,16.582050156080857
4362.8,16.987671573092168
4363.0,17.535617032827417
4363.2,15.363148716500227
4363.4,15.93865580305156
4363.6,17.817811349836568
4363.8,15.916662764430479
4364.0,15.590861879043832
4364.2,15.37630543787362
4364.4,15.390728260801627
4364.6,15.047803319591477
4364.8,16.349377248464048
4365.0,17.824565075710478
4365.2,17.531942501002135
4365.4,16.170008192600243
4365.6,16.565618635652754
4365.8,15.003915822690704
4366.0,15.902212351986423
4366.2,17.715339886216256
4366.4,16.12740505857972
4366.6,16.00747938648501
4366.8,13.753039135724707
4367.0,13.005054907254824
4367.2,13.301420836312861
4367.4,11.262739082444842
4367.6,12.040746701283819
4367.8,12.683617889451053
4368.0,12.428294563960565
4368.2,12.85561783433167
4368.4,15.493630726444291
4368.6,15.564058890194952
4368.8,14.206299602016658
4369.0,15.663795087009287
4369.2,14.416906971614189
4369.4,15.772180504414706
4369.6,15.231939591535006
4369.8,17.31660054465373
4370.0,16.259270812483404
4370.2,14.72099135843125
4370.4,16.03416693769537
4370.6,17.12112425161421
4370.8,17.15558624327625
4371.0,15.862471266362636
4371.2,14.403492036811091
4371.4,12.979009730722709
4371.6,13.442778713652018
4371.8,13.747300235357034
4372.0,13.971770336989549
4372.2,15.39887174515426
4372.4,14.876787034609213
4372.6,14.229425706071112
4372.8,13.563719640235991
4373.0,13.704975003559055
4373.2,13.709049919787635
4373.4,13.038094952214633
4373.6,13.529155123964244
4373.8,12.895410548133457
4374.0,12.472262165583981
4374.2,12.409999795878495
4374.4,12.447630679687116
4374.6,11.425492879631724
4374.8,11.524453166743045
4375.0,11.334133973264478
4375.2,11.479462896159678
4375.4,10.99467801085453
4375.6,11.176300973711834
4375.8,10.994328028185812
4376.0,11.42187170489779
4376.2,11.497020647527204
4376.4,11.46188808250619
4376.6,11.801189197224438
4376.8,11.879981863173102
4377.0,12.678117475461226
4377.2,12.886417138901683
4377.4,12.30056295513984
4377.6,12.917668983840967
4377.8,12.516076692696663
4378.0,12.810537096998713
4378.2,12.75382892940266
4378.4,13.26765124607319
4378.6,13.792287000917893
4378.8,12.435206994122874
4379.0,12.693565291669834
4379.2,12.24893709424563
4379.4,12.800298680872036
4379.6,11.861363178530727
4379.8,12.622705739630485
4380.0,11.937016767143039
4380.2,11.917231535072341
4380.4,12.25621866055768
4380.6,12.890168163634696
4380.8,13.978884287681282
4381.0,15.119667053003244
4381.2,14.396668783558928
4381.4,14.317064609191839
4381.6,12.600236779267139
4381.8,12.274058716566058
4382.0,11.853389429668129
4382.2,12.409905506440529
4382.4,13.636450327345546
4382.6,13.781418150301057
4382.8,12.893095619504034
4383.0,11.283731339757551
4383.2,12.377445159378746
4383.4,12.387558152958508
4383.6,11.498368457650692
4383.8,10.947302915588075
4384.0,11.627407861464283
4384.2,11.359528302738944
4384.4,11.88140840737368
4384.6,12.217801931682832
4384.8,11.120911198510203
4385.0,11.452729447822332
4385.2,12.714573453626317
4385.4,13.035176435196089
4385.6,13.13172154173748
4385.8,12.94779921144864
4386.0,13.3455856487897
4386.2,12.95931844205757
4386.4,13.601460960861653
4386.6,13.02644972927602
4386.8,13.156409199062429
4387.0,12.549041597435975
4387.2,13.692219453702638
4387.4,13.86112628369367
4387.6,13.427805881195411
4387.8,12.748430334446672
4388.0,12.205392380065723
4388.2,11.5152306975995
4388.4,10.89788312042992
4388.6,10.318300773150117
4388.8,10.29497767028527
4389.0,10.545839420932051
4389.2,10.660141967335033
4389.4,10.018798614053306
4389.6,10.67647391064099
4389.8,11.372920325307895
4390.0,11.65201788058608
4390.2,12.033568106268898
4390.4,9.888708776564124
4390.6,9.84386266228885
4390.8,10.291532287805508
4391.0,11.978903296566969
4391.2,10.24017109475638
4391.4,10.594741006843602
4391.6,11.281007928669212
4391.8,11.1386074729329
4392.0,10.304846912067493
4392.2,9.68122088940419
4392.4,9.876119569297318
4392.6,10.966823677237285
4392.8,10.799094618995927
4393.0,11.268368442858733
4393.2,11.745672295327891
4393.4,12.05410016143091
4393.6,11.455244386444857
4393.8,12.101084462958386
4394.0,13.810515690958054
4394.2,14.057408846802383
4394.4,13.575383523233047
4394.6,14.243478802548427
4394.8,13.071084993368146
4395.0,13.816282748362607
4395.2,14.112012788759067
4395.4,13.705656871226427
4395.6,13.579040358326981
4395.8,16.120424129034166
4396.0,16.15467834352536
4396.2,16.481552988379615
4396.4,14.39653615342732
4396.6,15.582691560720027
4396.8,16.185785727720933
4397.0,16.63202287214284
4397.2,17.11065551952189
4397.4,16.386827041918497
4397.6,14.740274329011873
4397.8,15.025120629211678
4398.0,14.357989214082377
4398.2,15.140577762666148
4398.4,15.763127582873867
4398.6,15.393911388595276
4398.8,14.806769512536382
4399.0,13.370531624761883
4399.2,15.138056981234955
4399.4,14.522441041040143
4399.6,13.570146893741622
4399.8,12.569623765718772
4400.0,13.535702967120564
4400.2,13.831449775916118
4400.4,13.147577266418704
4400.6,13.260863151337801
4400.8,12.107174554131909
4401.0,11.501216548000428
4401.2,10.387176585642576
4401.4,10.357902886409626
4401.6,10.089772542219688
4401.8,10.188469088443044
4402.0,9.799471296019783
4402.2,10.034322859979683
4402.4,9.878054724674925
4402.6,9.729034160783229
4402.8,10.047831939839503
4403.0,10.202077197822907
4403.2,10.553201629711255
4403.4,10.592215897442902
4403.6,10.885259143304605
4403.8,10.542593650784184
4404.0,10.967800970536178
4404.2,10.99578005748336
4404.4,11.155921173849867
4404.6,10.969103796846333
4404.8,10.385997057703626
4405.0,9.918480809056975
4405.2,9.76130955842285
4405.4,9.946108906992364
4405.6,10.029337750238682
4405.8,10.11465884763069
4406.0,9.861189851496459
4406.2,10.270822080936984
4406.4,9.987540838264465
4406.6,10.772225135110565
4406.8,11.488569071988643
4407.0,11.017694062354996
4407.2,11.152347586223662
4407.4,11.897078222699328
4407.6,11.439560803185547
4407.8,11.278254563745865
4408.0,11.937606258271046
4408.2,13.313403925100015
4408.4,12.471969941890588
4408.6,11.882344355218875
4408.8,12.120885321987904
4409.0,12.243795599134879
4409.2,12.1111111846718
4409.4,11.564217654021016
4409.6,11.762818161288347
4409.8,11.031265234494843
4410.0,11.111016761333392
4410.2,11.724849362706317
4410.4,11.540883696756625
4410.6,12.515188243631867
4410.8,12.141885692241495
4411.0,12.111617626144405
4411.2,12.010048822530166
4411.4,11.194309877683184
4411.6,10.7123367136011
4411.8,11.521745868717538
4412.0,10.977852850887261
4412.2,11.220964704709363
4412.4,10.702747549117488
4412.6,11.382258631864863
4412.8,11.229969145930326
4413.0,11.190235366073129
4413.2,11.68718935586133
4413.4,11.685226566622593
4413.6,10.645090530423133
4413.8,10.4793478619931
4414.0,10.230622855443126
4414.2,10.79733395284107
4414.4,11.541514806958268
4414.6,11.206739928516374
4414.8,11.511133509122825
4415.0,11.131094324833947
4415.2,11.041678387417125
4415.4,11.29665851374641
4415.6,10.818867439796385
4415.8,10.744202004016623
4416.0,10.601354376836866
4416.2,10.81604927505549
4416.4,10.19167731654318
4416.6,9.992403316135906
4416.8,10.23427985048043
4417.0,9.988517779043256
4417.2,10.54129737139733
4417.4,10.101437622414611
4417.6,10.180562113134508
4417.8,10.27436668365393
4418.0,10.88627858670867
4418.2,10.492201459493867
4418.4,10.212083772178033
4418.6,10.185638925137626
4418.8,10.060193205395985
4419.0,9.951111567752331
4419.2,10.260576710113249
4419.4,10.47907838681108
4419.6,10.528877923078037
4419.8,10.13046619946201
4420.0,10.542953883558084
4420.2,10.374615746849472
4420.4,10.422040460704503
4420.6,10.34930942639862
4420.8,10.039239136448971
4421.0,10.240620519537986
4421.2,10.216220331667829
4421.4,10.466658340213455
4421.6,10.470950339020614
4421.8,10.443468999877425
4422.0,10.79643572531628
4422.2,10.642718820816519
4422.4,10.816842099497034
4422.6,10.659550349144096
4422.8,12.093734712168072
4423.0,11.969377082076061
4423.2,12.269447638926703
4423.4,11.911539580677516
4423.6,12.12646115124776
4423.8,12.198983559512905
4424.0,13.21219428346244
4424.2,13.409780827187747
4424.4,13.604446908687692
4424.6,12.318045666082217
4424.8,11.846251654604728
4425.0,11.279033184145133
4425.2,12.472389654314725
4425.4,12.098108747774383
4425.6,11.841072567382342
4425.8,11.715487443870407
4426.0,11.956458537312605
4426.2,11.660607667451151
4426.4,11.687731425300097
4426.6,11.440318806338883
4426.8,10.998235434121984
4427.0,12.743876780761795
4427.2,12.151787601042352
4427.4,12.08552007979829
4427.6,11.482789656898827
4427.8,12.011688597014176
4428.0,11.700206890817235
4428.2,11.314443318596354
4428.4,11.614957098491123
4428.6,11.721479495674254
4428.8,12.249656975338901
4429.0,11.93316237258407
4429.2,11.683493416331014
4429.4,11.950035361079914
4429.6,11.741802423499232
4429.8,11.95852262340145
4430.0,11.81385569998658
4430.2,11.07707310910746
4430.4,11.4251954449979
4430.6,12.712630627510181
4430.8,12.720634625837945
4431.0,12.833191441819842
4431.2,12.452685838680521
4431.4,13.421194310382615
4431.6,13.037481031783965
4431.8,12.93460718943674
4432.0,11.70455086019019
4432.2,11.515437099397305
4432.4,11.938210723555605
4432.6,11.2452920303004
4432.8,11.102875085330432
4433.0,11.665802188188056
4433.2,11.211479245915932
4433.4,10.930426627712055
4433.6,11.444691028254319
4433.8,11.927627977858036
4434.0,11.605700276201569
4434.2,12.189783269902843
4434.4,12.358005394353807
4434.6,12.553486389219815
4434.8,11.22159451514402
4435.0,11.63927717842788
4435.2,11.204300230729551
4435.4,12.258894268228973
4435.6,12.086991498934731
4435.8,12.269452620734928
4436.0,12.786788475334198
4436.2,11.861441159080597
4436.4,11.366163570865027
4436.6,12.057962213948494
4436.8,12.19179976263263
4437.0,14.010496944538314
4437.2,13.300944878971295
4437.4,16.190971409526195
4437.6,16.04979378020738
4437.8,16.582923085971924
4438.0,17.462883068604803
4438.2,16.139714351106612
4438.4,15.540666759339459
4438.6,14.739469389757263
4438.8,15.215872302335995
4439.0,16.243313594994984
4439.2,15.628441951067945
4439.4,15.36735042125099
4439.6,14.806503258818386
4439.8,15.347904188561412
4440.0,16.564987453153307
4440.2,16.2447121035399
4440.4,16.839164669376196
4440.6,15.959013093295171
4440.8,16.655453278178015
4441.0,16.253596717925266
4441.2,15.14415747330301
4441.4,14.969549482358959
4441.6,14.27956458749603
4441.8,14.280247707002985
4442.0,14.044094047110342
4442.2,12.962557786341497
4442.4,14.466566150534565
4442.6,14.812979933411457
4442.8,14.469794396349965
4443.0,14.262736936243252
4443.2,14.04348668960175
4443.4,14.571110404883719
4443.6,11.89891187103463
4443.8,12.797369927396321
4444.0,13.519848489784572
4444.2,13.623068522565072
4444.4,12.751679563373731
4444.6,13.067714689263383
4444.8,12.309138665612299
4445.0,12.582198685299053
4445.2,13.292416607157023
4445.4,13.569991305031062
4445.6,12.579603040141688
4445.8,14.28313140968428
4446.0,15.524620294282306
4446.2,16.849954261366385
4446.4,17.509390092534296
4446.6,15.221402869275478
4446.8,14.140401140047363
4447.0,13.49019660589365
4447.2,14.782543563361962
4447.4,13.508494246856577
4447.6,14.112785111183669
4447.8,13.37736088968536
4448.0,13.20517283569208
4448.2,11.706524186094269
4448.4,12.093162591271312
4448.6,12.055280158578178
4448.8,12.11736891302185
4449.0,11.206320389377815
4449.2,10.674794444019913
4449.4,11.59504668330671
4449.6,11.555656209420256
4449.8,11.546928931441482
4450.0,12.093664779357988
4450.2,13.005433373422552
4450.4,13.625673296430902
4450.6,12.9658775205007
4450.8,13.931507848617306
4451.0,15.132518633290758
4451.2,14.684846846857752
4451.4,13.521305147298676
4451.6,12.889593984339179
4451.8,13.818198604241863
4452.0,13.704849741516485
4452.2,13.062403674820246
4452.4,13.58941095154929
4452.6,14.182134338271437
4452.8,14.147941524930188
4453.0,14.394387790888485
4453.2,15.20868800346393
4453.4,13.231739275587275
4453.6,13.83785374312718
4453.8,14.494515612928415
4454.0,13.718638432630586
4454.2,12.663343260160534
4454.4,11.63608361001983
4454.6,12.794681893469463
4454.8,13.389436603165226
4455.0,13.694959431491034
4455.2,13.56241286941225
4455.4,12.515140118975335
4455.6,13.888901994476816
4455.8,13.577521738473077
4456.0,13.258507026140249
4456.2,14.06950664146674
4456.4,13.670905350477039
4456.6,13.078488658792683
4456.8,13.05386892571457
4457.0,14.541835647942541
4457.2,13.116007296801964
4457.4,14.039786473067632
4457.6,13.453833075482587
4457.8,13.535300431199982
4458.0,13.779187486578097
4458.2,13.39838753692094
4458.4,14.031662123406285
4458.6,14.200867672985654
4458.8,13.165333320219098
4459.0,14.530326725518988
4459.2,14.020535924933828
4459.4,16.319488630837036
4459.6,15.60609656992054
4459.8,13.655946376727584
4460.0,15.200403667292747
4460.2,14.028660424729312
4460.4,14.48529892761628
4460.6,14.584600120152636
4460.8,13.629777198829254
4461.0,13.019584272449904
4461.2,13.079040577684559
4461.4,12.432220140489399
4461.6,14.05243244604347
4461.8,14.28493851501698
4462.0,14.73854007394387
4462.2,13.769377099442632
4462.4,15.07461124715238
4462.6,15.95261729589351
4462.8,16.143886349087268
4463.0,16.231801513516622
4463.2,15.988612238003455
4463.4,14.675948136697656
4463.6,14.857983098197993
4463.8,14.12555034858891
4464.0,14.253983999720095
4464.2,15.469848205015317
4464.4,15.203619142555528
4464.6,14.939471760751674
4464.8,14.893920436687358
4465.0,16.28816261416507
4465.2,16.334125655524197
4465.4,15.716883849242896
4465.6,14.887335978688053
4465.8,15.232969609476264
4466.0,15.822811685651958
4466.2,15.805760651800577
4466.4,13.809769997511507
4466.6,15.300885521226999
4466.8,16.592650777727755
4467.0,15.420846232593291
4467.2,15.735714589643665
4467.4,16.79204806326858
4467.6,15.273967114903918
4467.8,14.292826608309506
4468.0,14.942127573726209
4468.2,13.846701788571629
4468.4,13.770845714784594
4468.6,12.623964462239723
4468.8,13.513350810480972
4469.0,12.36791526640747
4469.2,13.484081169807634
4469.4,12.71963224624695
4469.6,11.632481353832842
4469.8,11.501043276347051
4470.0,11.481821381684378
4470.2,11.829632421454965
4470.4,11.39331456464433
4470.6,10.875163763951345
4470.8,11.218518785411185
4471.0,11.497133772446333
4471.2,11.731810737095863
4471.4,11.92628821048761
4471.6,11.410007086172962
4471.8,12.031124810068794
4472.0,11.671635716870563
4472.2,11.514877221421694
4472.4,11.443155633754795
4472.6,11.531364766256285
4472.8,12.626669513796427
4473.0,13.774778445255292
4473.2,13.028640817308982
4473.4,13.933583643451309
4473.6,13.095061107324156
4473.8,12.010313985688148
4474.0,11.763147950462693
4474.2,12.18794167825389
4474.4,14.580554181768662
4474.6,13.700773521389227
4474.8,13.863274525752086
4475.0,15.026735100420098
4475.2,16.048229172483563
4475.4,16.25986179815923
4475.6,15.43236970368495
4475.8,16.413025533230773
4476.0,14.644219884474259
4476.2,14.065481212784178
4476.4,13.697487428288241
4476.6,14.225424252079026
4476.8,14.959915669205163
4477.0,13.863991346671158
4477.2,13.311600926722964
4477.4,14.098402658969151
4477.6,13.31866110918069
4477.8,12.937436410482128
4478.0,12.662677082715303
4478.2,12.5825436904301
4478.4,13.449676112399382
4478.6,13.424855464118457
4478.8,13.756131147181774
4479.0,13.834075356044673
4479.2,13.943607982220168
4479.4,14.16576776500279
4479.6,13.687300151354332
4479.8,15.102187227248105
4480.0,14.46295626597103
4480.2,15.702984950209633
4480.4,17.043402950021076
4480.6,16.993655326423433
4480.8,16.695027819787754
4481.0,16.702416825252726
4481.2,18.74888651333603
4481.4,16.503063112930782
4481.6,16.55904861248278
4481.8,17.90802459753619
4482.0,15.578954125730247
4482.2,15.600452529583212
4482.4,17.017451651429102
4482.6,17.085706685686027
4482.8,15.665203243591586
4483.0,15.406772316792196
4483.2,16.048023914664235
4483.4,17.426148503699764
4483.6,17.048721024935784
4483.8,15.720430915033551
4484.0,16.90818463118655
4484.2,18.800431897563204
4484.4,16.624087940911856
4484.6,15.182550515802811
4484.8,13.536896044188422
4485.0,14.436482628776117
4485.2,13.986449555078213
4485.4,15.149902346655185
4485.6,15.280550179749481
4485.8,13.711501874675116
4486.0,13.917314240971859
4486.2,13.289022383244886
4486.4,13.213356555170385
4486.6,15.004937678416617
4486.8,14.446770181743922
4487.0,13.133107257630263
4487.2,12.492609330452158
4487.4,13.861454261563381
4487.6,14.75109524065618
4487.8,14.496596138493867
4488.0,15.327970100659634
4488.2,14.819444448250456
4488.4,14.214743230007599
4488.6,14.80001772169347
4488.8,14.222104060243625
4489.0,13.069654609343726
4489.2,15.93997148587416
4489.4,15.813983515319654
4489.6,15.528596543707671
4489.8,14.079080346481405
4490.0,15.300796087582544
4490.2,15.263371975319185
4490.4,14.65181583755372
4490.6,13.8271243229689
4490.8,11.251681143601722
4491.0,10.976454770843162
4491.2,10.9145655434403
4491.4,12.105052777501095
4491.6,11.355252071468563
4491.8,11.40170499618736
4492.0,11.711307581585395
4492.2,11.828045458804068
4492.4,12.65555016719977
4492.6,12.71633618176116
4492.8,13.035576376956739
4493.0,13.878029561846535
4493.2,12.288727648708846
4493.4,13.040695008356888
4493.6,13.62982914084477
4493.8,13.545634080256054
4494.0,14.478809885119357
4494.2,16.426310549019266
4494.4,14.972192534223456
4494.6,15.845466326566651
4494.8,15.24698639954567
4495.0,14.222442329064659
4495.2,12.528840231598542
4495.4,13.107133868782428
4495.6,12.665699154501542
4495.8,13.51436577501383
4496.0,14.460071394547658
4496.2,14.033977320589743
4496.4,14.351275561308277
4496.6,15.159630714399208
4496.8,15.792189023012389
4497.0,14.328663953250311
4497.2,14.649412373692691
4497.4,12.963887134604894
4497.6,14.650016225514664
4497.8,15.817937785340677
4498.0,15.736813180481803
4498.2,14.587209662112564
4498.4,16.3000682734997
4498.6,15.99971271092068
4498.8,15.704999686146682
4499.0,16.537122584643175
4499.2,17.539312275221544
4499.4,15.823155200164594
4499.6,15.354736054127532
4499.8,16.172102704717872
4500.0,14.622207313459747
4500.2,13.193344314829115
4500.4,13.684068620523318
4500.6,12.255448053049458
4500.8,11.722895956176965
4501.0,10.515767930902413
4501.2,10.958013280988915
4501.4,12.300384705998779
4501.6,12.194158500066294
4501.8,13.15564075722618
4502.0,12.728287212129704
4502.2,11.512939102128438
4502.4,11.651462918481686
4502.6,12.166163218631352
4502.8,13.289227008616876
4503.0,12.971446950588337
4503.2,12.477756231536077
4503.4,12.83574544327061
4503.6,11.699528784470228
4503.8,11.591732851190619
4504.0,11.540365436878046
4504.2,11.604877798925507
4504.4,10.599183470984595
4504.6,10.59267241741347
4504.8,10.359121573608853
4505.0,10.479315701086762
4505.2,10.932559894252687
4505.4,11.184995869582766
4505.6,11.522711733345794
4505.8,11.912109910573633
4506.0,11.867708408698096
4506.2,11.708220419890212
4506.4,11.997260724326079
4506.6,12.161573307808368
4506.8,12.294205374017826
4507.0,11.500104942744692
4507.2,11.850886189046786
4507.4,11.826326324567496
4507.6,11.672075605824183
4507.8,10.411045071724338
4508.0,10.930350221804385
4508.2,11.480638898341457
4508.4,12.246962087580721
4508.6,11.48395220559571
4508.8,12.109673174895836
4509.0,10.879962744927838
4509.2,11.504958246055867
4509.4,12.226291937103888
4509.6,13.31658420269429
4509.8,13.461224973263983
4510.0,13.582816264227697
4510.2,13.793690197798592
4510.4,13.761754822913465
4510.6,13.216923647367956
4510.8,12.718238785502656
4511.0,13.509494597380138
4511.2,13.39213981709888
4511.4,11.58683821805447
4511.6,11.471198417105008
4511.8,11.486362380187828
4512.0,11.526286665698336
4512.2,11.508143790206516
4512.4,11.458689124763495
4512.6,12.089813354925154
4512.8,11.140763146154312
4513.0,11.025232208542858
4513.2,11.490191181516465
4513.4,11.308199200232021
4513.6,11.3960033623758
4513.8,12.129810437933827
4514.0,11.436222899129806
4514.2,12.52343394717335
4514.4,11.242664812896145
4514.6,11.324313644743334
4514.8,11.5088198719947
4515.0,10.9471702255743
4515.2,11.932934005832223
4515.4,11.932224666665611
4515.6,11.561606819219355
4515.8,12.237611326347324
4516.0,11.952114936507005
4516.2,11.725478926739743
4516.4,12.018422700652602
4516.6,12.715039824334644
4516.8,12.165662105311538
4517.0,11.760999994697697
4517.2,11.642999334888735
4517.4,12.24767353008259
4517.6,12.228859334093249
4517.8,11.511441173291646
4518.0,12.331244936957951
4518.2,11.754257714372166
4518.4,11.933438672976928
4518.6,12.592816426637501
4518.8,12.322763576315936
4519.0,12.100823407396499
4519.2,11.811000748791447
4519.4,11.28893599228562
4519.6,11.420596169840433
4519.8,11.707726885819206
4520.0,11.113662191398408
4520.2,12.213560485255181
4520.4,12.385723196113815
4520.6,12.183704651841287
4520.8,12.184593967735886
4521.0,11.694897338038597
4521.2,12.82401735265007
4521.4,12.288317271873561
4521.6,12.662236567807462
4521.8,12.5947431077146
4522.0,12.543510607578753
4522.2,12.285654398203526
4522.4,11.882104278633213
4522.6,12.048992802360836
4522.8,12.050798945619302
4523.0,11.90958923485864
4523.2,12.610515671520181
4523.4,12.245882217986656
4523.6,12.689438665248847
4523.8,13.048467416951613
4524.0,13.074164326487479
4524.2,12.732250076435417
4524.4,12.756211250079064
4524.6,11.941901252398303
4524.8,12.734881224775673
4525.0,12.362057942615515
4525.2,11.550499116853175
4525.4,11.938138069998775
4525.6,11.781370537451041
4525.8,11.370462589645044
4526.0,12.21044243122044
4526.2,12.10400178399605
4526.4,12.052248282650254
4526.6,12.141343752606835
4526.8,12.868605648685403
4527.0,13.96063021306027
4527.2,13.43074311991705
4527.4,13.290438417353718
4527.6,13.09895862838163
4527.8,13.121211229857375
4528.0,14.262100302777077
4528.2,14.13187195312979
4528.4,13.957104542776467
4528.6,13.183892188705961
4528.8,13.482920350500416
4529.0,11.783188975242847
4529.2,11.549428593887544
4529.4,11.746455058371748
4529.6,11.797779831419925
4529.8,11.914203779232386
4530.0,13.160941264187302
4530.2,12.730543189508023
4530.4,11.811796561182081
4530.6,12.116297857375224
4530.8,12.050378267722131
4531.0,12.547138536233597
4531.2,11.917214822477575
4531.4,12.962636917756054
4531.6,13.02989767393859
4531.8,13.775536465608111
4532.0,13.251600918863442
4532.2,12.565374412417974
4532.4,11.931014962544307
4532.6,12.017377003346688
4532.8,13.463936278095485
4533.0,12.917946449898912
4533.2,12.467141683501096
4533.4,12.447817128213853
4533.6,12.792748571051682
4533.8,12.743545662938494
4534.0,11.756478374123464
4534.2,11.948987093356887
4534.4,12.18107623899639
4534.6,11.945240180940775
4534.8,12.28022322749239
4535.0,12.846383197066185
4535.2,12.944607768060797
4535.4,13.142765086612751
4535.6,12.955810877921685
4535.8,12.835316109901784
4536.0,11.716972545710698
4536.2,13.286898927199974
4536.4,12.540298411540363
4536.6,12.693109837294038
4536.8,12.982609128956693
4537.0,11.994607471836769
4537.2,11.816215354368646
4537.4,11.228592097361496
4537.6,12.413616735814323
4537.8,11.860347241651786
4538.0,11.455275422224158
4538.2,10.477146832074247
4538.4,10.603655678462477
4538.6,10.400975224046842
4538.8,11.414760352216673
4539.0,11.457318357525551
4539.2,10.657101432042461
4539.4,10.807607368761067
4539.6,11.333026349909892
4539.8,10.875386177988528
4540.0,11.360411699333593
4540.2,11.961991360492924
4540.4,11.576067509081572
4540.6,10.475439563235426
4540.8,11.544814833340185
4541.0,10.707746774985033
4541.2,11.949162406031217
4541.4,12.698474294834908
4541.6,12.623767619449307
4541.8,12.403728799004561
4542.0,12.953197729944645
4542.2,12.084412801225906
4542.4,11.959648685707249
4542.6,12.15545857154125
4542.8,12.6038058038719
4543.0,11.872760397092271
4543.2,12.597659955004785
4543.4,12.313954417652917
4543.6,13.694492875086375
4543.8,14.186026796241135
4544.0,13.428229983221998
4544.2,14.620079200664284
4544.4,14.210963466116578
4544.6,14.7003996424824
4544.8,14.844393325910552
4545.0,14.787570750726285
4545.2,12.779863645976137
4545.4,11.985608717348686
4545.6,11.390262152246002
4545.8,12.259505674098845
4546.0,12.873987308435165
4546.2,12.284917210976015
4546.4,12.118696823579562
4546.6,12.234338142252225
4546.8,12.881126147081677
4547.0,14.61156568296076
4547.2,13.524850825215172
4547.4,13.81664509105394
4547.6,12.757638626340471
4547.8,11.157602963390689
4548.0,11.019391198216308
4548.2,10.873960133240459
4548.4,9.988817151910984
4548.6,10.196909812974177
4548.8,9.470020891209298
4549.0,9.622728292369075
4549.2,9.859878705452294
4549.4,10.396193736038716
4549.6,11.139469807070414
4549.8,12.462301259748125
4550.0,11.559733284915222
4550.2,13.065237470469476
4550.4,14.404900103039902
4550.6,14.672056272689375
4550.8,15.157666390221909
4551.0,14.726227495433324
4551.2,14.312492051162998
4551.4,14.069087795968256
4551.6,13.330530150592983
4551.8,14.940530036076606
4552.0,15.895249006433927
4552.2,16.34294888655755
4552.4,15.826586491715041
4552.6,16.4654663091508
4552.8,16.753394146679923
4553.0,15.399422464838707
4553.2,14.89640634634698
4553.4,16.786652015240723
4553.6,17.29835906707432
4553.8,16.57299871023674
4554.0,15.605952188493609
4554.2,15.806155328759576
4554.4,14.943884337028221
4554.6,15.635436516728385
4554.8,16.481259552733402
4555.0,15.872984741550777
4555.2,16.423750630915592
4555.4,17.45378480316333
4555.6,16.755008158281907
4555.8,16.59614991008332
4556.0,14.69363122573575
4556.2,12.596119330399183
4556.4,12.535868920973698
4556.6,12.52134679144519
4556.8,12.96331539278987
4557.0,13.682980082007912
4557.2,13.397234980969536
4557.4,13.074524314768635
4557.6,12.373038338319205
4557.8,12.08764432949514
4558.0,12.345908311178114
4558.2,12.171673675778747
4558.4,12.326145874215015
4558.6,11.668647295066734
4558.8,12.26062038223591
4559.0,12.734039765091811
4559.2,12.428970010589307
4559.4,13.527676677972503
4559.6,13.908108588512885
4559.8,13.269154584878377
4560.0,12.380595662319191
4560.2,12.937615420999656
4560.4,13.547028390117053
4560.6,12.751762603078356
4560.8,12.348877398641967
4561.0,12.53758298859834
4561.2,13.294922482087799
4561.4,13.101568762187256
4561.6,12.7903532267464
4561.8,12.33145147774885
4562.0,12.18035389413168
4562.2,13.33748439798491
4562.4,14.07203298029334
4562.6,12.738389060168993
4562.8,13.59512959052479
4563.0,15.529223601696117
4563.2,15.607383089975844
4563.4,14.53389628720882
4563.6,14.916475176409506
4563.8,13.911023817313563
4564.0,13.890289024047807
4564.2,14.115837341988476
4564.4,14.609751969273596
4564.6,15.878705054890892
4564.8,14.974312067711734
4565.0,15.412633358169728
4565.2,16.33033897071735
4565.4,18.398277935971922
4565.6,16.79576582588385
4565.8,16.79914304070038
4566.0,17.1315506935115
4566.2,15.570846198068605
4566.4,17.463578417359884
4566.6,17.647178068192755
4566.8,18.490068300478733
4567.0,18.726656788521346
4567.2,20.53977392115732
4567.4,20.3762376050412
4567.6,19.23981574283841
4567.8,20.050660410630723
4568.0,19.108235835350264
4568.2,19.39567346864423
4568.4,19.6031735678826
4568.6,19.412191049216712
4568.8,19.236000996427475
4569.0,18.865592019481063
4569.2,18.978684366373596
4569.4,19.22722313490562
4569.6,19.332628361105833
4569.8,19.523037761926943
4570.0,19.65954115178657
4570.2,17.634305327084615
4570.4,17.412101802871923
4570.6,19.285113421603132
4570.8,18.558183226978585
4571.0,16.96352348724323
4571.2,17.142818451919265
4571.4,16.140165513760504
4571.6,17.051521478033866
4571.8,17.387133010976306
4572.0,18.451683536481276
4572.2,18.113251775629365
4572.4,16.278723049059593
4572.6,15.488046680119748
4572.8,15.966006861443338
4573.0,15.574455152853883
4573.2,15.874955765036699
4573.4,14.901026118630828
4573.6,13.858421561623377
4573.8,12.616548188648906
4574.0,13.581379905485749
4574.2,12.307836176167706
4574.4,13.63713654385104
4574.6,14.241322487424846
4574.8,15.321874188575686
4575.0,18.60863966953119
4575.2,18.131806260112704
4575.4,18.12845872069196
4575.6,17.491112934958842
4575.8,16.190498288015437
4576.0,18.48515156155734
4576.2,17.79019529605733
4576.4,17.97638699211028
4576.6,18.457567715764675
4576.8,18.681034149018373
4577.0,17.465881082486245
4577.2,18.275621491120834
4577.4,19.899782070898745
4577.6,19.16484332351871
4577.8,17.248262751825155
4578.0,15.687823845763715
4578.2,15.572475202975355
4578.4,14.477811671508395
4578.6,13.52605965028356
4578.8,12.154675947542803
4579.0,12.832874837880375
4579.2,12.278049620093345
4579.4,12.310030427300742
4579.6,12.153833109775945
4579.8,11.750856476255244
4580.0,12.94210900636749
4580.2,13.506146938074748
4580.4,14.337552740525712
4580.6,14.82106147554839
4580.8,13.728667975417144
4581.0,13.207032578108318
4581.2,12.52896159111753
4581.4,13.901974334178151
4581.6,13.96565370605489
4581.8,15.380649882679451
4582.0,15.435039532674264
4582.2,13.34399686879622
4582.4,13.976822688610858
4582.6,14.565006647815462
4582.8,14.394252778928536
4583.0,13.386362750939105
4583.2,12.424003516422902
4583.4,13.492126514872151
4583.6,15.630802605491725
4583.8,16.30116683171486
4584.0,14.385314134654195
4584.2,13.830540379211802
4584.4,15.751445797486364
4584.6,15.769436970851718
4584.8,16.397814743284457
4585.0,15.512004072211443
4585.2,15.208497725216887
4585.4,14.226039903294938
4585.6,15.049942811580673
4585.8,17.06961261306818
4586.0,15.920236866611607
4586.2,13.036268404377156
4586.4,14.003603915917731
4586.6,14.338440921072282
4586.8,14.231896825201426
4587.0,13.8419843438441
4587.2,14.066078074315891
4587.4,14.231511986631293
4587.6,14.289637584564655
4587.8,14.655064798205453
4588.0,14.213750589432259
4588.2,14.24110971693153
4588.4,14.835873495411604
4588.6,14.905665394104293
4588.8,16.198479678676804
4589.0,14.611460576984658
4589.2,15.168768034105494
4589.4,14.246895739383216
4589.6,15.773675866872882
4589.8,12.36957421643184
4590.0,15.702121760342383
4590.2,13.849032856394146
4590.4,14.708227396198472
4590.6,16.61218446160359
4590.8,16.17779683465343
4591.0,16.27865264051523
4591.2,15.39638717690529
4591.4,15.735155989907488
4591.6,16.909565711669263
4591.8,16.121229546450536
4592.0,16.631790582967078
4592.2,16.724053540333223
4592.4,15.837483578829175
4592.6,14.22711124912638
4592.8,16.043953530820545
4593.0,14.125000774921215
4593.2,16.247512755383006
4593.4,15.055980507742774
4593.6,15.65018890131614
4593.8,13.596805855579575
4594.0,11.70204962946324
4594.2,11.778314623588109
4594.4,11.101422624277417
4594.6,10.876733669788495
4594.8,11.49030706462751
4595.0,12.873763092780727
4595.2,13.261913886383226
4595.4,14.229669959272686
4595.6,13.694734922181551
4595.8,13.637353409054281
4596.0,12.893972900127642
4596.2,13.607678077364621
4596.4,12.8059965804305
4596.6,12.420747449191762
4596.8,13.069519994366576
4597.0,13.490806762944299
4597.2,12.076277480248404
4597.4,11.988559248396875
4597.6,12.200125801582793
4597.8,11.614547291538527
4598.0,11.510208996209057
4598.2,11.154674253263522
4598.4,11.56983939614806
4598.6,12.00498363426285
4598.8,10.268177390196389
4599.0,11.13673541373166
4599.2,11.510847067697721
4599.4,11.982528636641254
4599.6,11.802624707810725
4599.8,11.924949684722035
4600.0,11.74011779098276
4600.2,12.363823573757855
4600.4,12.628215234399232
4600.6,12.1455368960614
4600.8,12.800966416516697
4601.0,12.047485715336979
4601.2,12.583414998775403
4601.4,12.012982941921557
4601.6,12.430224443566964
4601.8,11.934268806871856
4602.0,11.785106188685901
4602.2,10.902489931989699
4602.4,11.399113795866144
4602.6,10.809982171348675
4602.8,10.745918368759156
4603.0,10.374225889241126
4603.2,12.186715297570585
4603.4,11.94358625631285
4603.6,11.131758059656116
4603.8,11.233206795582165
4604.0,11.584677767622626
4604.2,11.4590277547226
4604.4,11.898195321002085
4604.6,11.671509279853227
4604.8,12.25169785349731
4605.0,11.806165107317689
4605.2,11.958065772482282
4605.4,11.753130167000647
4605.6,11.678151218669939
4605.8,11.951864464723672
4606.0,11.778656415678787
4606.2,12.170171955175695
4606.4,12.02234724030409
4606.6,12.868383917422996
4606.8,12.094109536941367
4607.0,11.801125696387942
4607.2,11.971288250734041
4607.4,11.705846922572828
4607.6,12.454432523239337
4607.8,11.606098613988891
4608.0,11.086829332164083
4608.2,11.538326101487096
4608.4,10.669243555350217
4608.6,11.555398111817027
4608.8,10.781903169032567
4609.0,11.05079348918493
4609.2,11.33023217439235
4609.4,10.979118895670027
4609.6,10.370283656655854
4609.8,10.380612424576412
4610.0,11.252776784713866
4610.2,11.348344889337195
4610.4,10.968614897061105
4610.6,11.08752208071897
4610.8,11.239532804600369
4611.0,10.378526711879182
4611.2,11.037297310486567
4611.4,11.03086805559098
4611.6,10.877037174060522
4611.8,10.651045433072612
4612.0,10.544881301943756
4612.2,10.999597523893467
4612.4,10.739878157102192
4612.6,10.862968065206351
4612.8,11.550846814662755
4613.0,11.81296290155779
4613.2,11.204752408113134
4613.4,11.14092495053119
4613.6,10.998514819457261
4613.8,10.90212067680792
4614.0,10.09698141753727
4614.2,10.87706236916958
4614.4,11.64740705569642
4614.6,11.612815742100794
4614.8,11.833494989985072
4615.0,11.813445786399432
4615.2,11.969344326889706
4615.4,12.277262233106413
4615.6,11.691988227208865
4615.8,11.97085476096471
4616.0,11.345376848554135
4616.2,10.881694592742445
4616.4,11.79813749223004
4616.6,11.529602703777883
4616.8,12.113959403630643
4617.0,12.248384877076806
4617.2,14.116985104361145
4617.4,13.235329283325559
4617.6,13.751053698492495
4617.8,13.03569861700806
4618.0,12.542186662153602
4618.2,12.070721959002713
4618.4,13.153534912477422
4618.6,12.454572122616502
4618.8,11.91080903438712
4619.0,13.122323652155057
4619.2,11.4323066246138
4619.4,11.180846775098104
4619.6,12.121468713857222
4619.8,11.485746202238525
4620.0,10.137469961810348
4620.2,11.359501155757808
4620.4,11.298720242966674
4620.6,11.740317034761922
4620.8,12.169588763889426
4621.0,11.13879068798223
4621.2,11.014584045647792
4621.4,10.604272055954954
4621.6,10.74950812634066
4621.8,10.940186847468649
4622.0,11.951894374511218
4622.2,10.772795546758614
4622.4,10.98558542785807
4622.6,10.92273186191874
4622.8,10.978518939669149
4623.0,10.898485327257907
4623.2,11.155652448136625
4623.4,11.64443544295308
4623.6,11.686187496224576
4623.8,10.287923457436118
4624.0,11.915433108753327
4624.2,10.776560974749838
4624.4,10.426634879783181
4624.6,10.78008379459141
4624.8,9.682262148345606
4625.0,9.499996520364101
4625.2,10.378076706578586
4625.4,10.402011250197901
4625.6,11.34033807474595
4625.8,11.195705450752394
4626.0,10.459824970115793
4626.2,11.774499010509448
4626.4,11.415745623845899
4626.6,11.779004502908867
4626.8,12.32202574249138
4627.0,11.342321069381498
4627.2,10.523345024439962
4627.4,10.637643667170547
4627.6,11.244691010089836
4627.8,11.03263077313631
4628.0,11.009825601859324
4628.2,10.885115315670049
4628.4,11.142213814256694
4628.6,11.088860360200716
4628.8,10.777430257569385
4629.0,10.57144389211488
4629.2,10.552445429397466
4629.4,10.614764676771333
4629.6,10.411380871078642
4629.8,10.271429463192092
4630.0,10.516570972323757
4630.2,10.239952968447536
4630.4,10.132523127194364
4630.6,10.482054781447507
4630.8,10.085079784126279
4631.0,10.185952325952336
4631.2,10.298506532501237
4631.4,10.248349492221907
4631.6,10.620147320973894
4631.8,10.772159558468765
4632.0,11.077927961915542
4632.2,10.973871963324815
4632.4,11.162436521360416
4632.6,11.078404674755863
4632.8,11.242179970263965
4633.0,11.122205913560794
4633.2,11.566422732412853
4633.4,11.212626733562175
4633.6,11.028700817805543
4633.8,10.173088987278193
4634.0,10.275817640544282
4634.2,9.943733843090312
4634.4,10.274939839402526
4634.6,10.413301207173351
4634.8,10.286447683591218
4635.0,10.405755762372905
4635.2,10.287595688001232
4635.4,10.200940445045973
4635.6,10.061959206313277
4635.8,9.86892018523621
4636.0,9.589425154592863
4636.2,9.796319542521356
4636.4,9.90472016393412
4636.6,10.059814421316162
4636.8,9.697067172256373
4637.0,9.579833629631656
4637.2,9.701430802257121
4637.4,9.499429435463997
4637.6,9.728246295586565
4637.8,9.80210319701965
4638.0,9.478488516963331
4638.2,9.751894178835151
4638.4,10.061007876634633
4638.6,9.277979799513016
4638.8,9.672511509985803
4639.0,10.178406369336148
4639.2,9.510511698963173
4639.4,10.09749904848115
4639.6,9.975851581225683
4639.8,10.04697181823664
4640.0,10.316085645922147
4640.2,10.017114251783088
4640.4,9.932568995890778
4640.6,10.084947469394113
4640.8,9.91571536113485
4641.0,10.412532251360613
4641.2,10.472589473702625
4641.4,10.443371465961286
4641.6,10.878594136505127
4641.8,10.442807898301007
4642.0,11.658356730432866
4642.2,11.656415336107756
4642.4,11.751623187326928
4642.6,11.084496342562797
4642.8,11.091676107616948
4643.0,11.57161318434981
4643.2,10.649026809021105
4643.4,10.747078231345128
4643.6,11.141602507033836
4643.8,11.110676912233668
4644.0,11.191480194810925
4644.2,10.737298199025695
4644.4,10.859913708362097
4644.6,10.584484261027633
4644.8,10.807310544193633
4645.0,11.192351911666433
4645.2,11.113736882572942
4645.4,11.154692283842616
4645.6,11.24086946480934
4645.8,10.998291114575178
4646.0,11.193873059763229
4646.2,11.154160957045763
4646.4,11.332456279562663
4646.6,10.785858778870987
4646.8,11.341564400594894
4647.0,11.45956688801718
4647.2,11.604236845611979
4647.4,12.128784902005641
4647.6,12.497365565684426
4647.8,11.497734997201958
4648.0,12.135510478909756
4648.2,12.088346653830023
4648.4,11.34156144210245
4648.6,11.396017813712646
4648.8,12.26977967827674
4649.0,12.402683799660544
4649.2,12.186811146260986
4649.4,11.392798175979106
4649.6,11.32235660094887
4649.8,11.445572709996776
4650.0,11.753195088256351
4650.2,11.485622597052604
4650.4,11.252881420703652
4650.6,11.261569858338628
4650.8,11.026762745958978
4651.0,11.124549031194146
4651.2,11.049658919280708
4651.4,11.31906110163882
4651.6,11.258619422998352
4651.8,11.401562319257707
4652.0,11.727442982656108
4652.2,11.185405777078758
4652.4,11.92018840455372
4652.6,11.713421016870305
4652.8,11.748827022789152
4653.0,11.845473627814044
4653.2,11.991972140686936
4653.4,11.59685612457401
4653.6,11.77248976926151
4653.8,11.628221766512032
4654.0,11.441320803363253
4654.2,11.435232035409866
4654.4,11.372306997168167
4654.6,11.301530465334507
4654.8,11.268474587374673
4655.0,11.891681838282512
4655.2,11.62561232048464
4655.4,11.041206750618702
4655.6,12.069701179963788
4655.8,11.512711721263603
4656.0,11.113023106785322
4656.2,11.55602289359863
4656.4,11.233595035088875
4656.6,11.600681150730274
4656.8,11.376571391494847
4657.0,11.424550083154433
4657.2,11.821178653158082
4657.4,11.890407153264588
4657.6,11.544716337072405
4657.8,10.682847013741128
4658.0,11.344821645626022
4658.2,11.54468994875554
4658.4,12.14748764561845
4658.6,11.81206604387145
4658.8,11.598352042556199
4659.0,10.500264750430997
4659.2,11.142431098168137
4659.4,11.091834554225464
4659.6,11.02883569019697
4659.8,11.016949118501225
4660.0,12.233905045012063
4660.2,12.223886999300886
4660.4,12.721437217352872
4660.6,12.41068756611726
4660.8,14.422397509323552
4661.0,14.91386107706756
4661.2,11.862106984640494
4661.4,11.493696135889147
4661.6,12.418287511866433
4661.8,12.1858939189582
4662.0,11.851525542284822
4662.2,11.605278981779266
4662.4,11.809172994283967
4662.6,10.751767628139957
4662.8,11.265683897079228
4663.0,11.906111366982014
4663.2,10.659354297470468
4663.4,10.923975841634908
4663.6,10.713140835595325
4663.8,10.43688453638676
4664.0,11.047120871412755
4664.2,11.098551738888364
4664.4,10.873071422178949
4664.6,9.864121078246637
4664.8,10.51323481591998
4665.0,10.430618571009916
4665.2,10.804176127547285
4665.4,10.987738436518553
4665.6,11.242834856548058
4665.8,10.826243657748513
4666.0,10.782826425054086
4666.2,11.189514779864425
4666.4,11.347096701227104
4666.6,11.307173053404881
4666.8,10.604076391540623
4667.0,10.788245098812983
4667.2,10.499424104574173
4667.4,10.596367816326078
4667.6,10.811570578242563
4667.8,10.506878556258608
4668.0,10.723700498726632
4668.2,10.941994166787008
4668.4,10.786375318917127
4668.6,10.93430873900338
4668.8,10.575284307244818
4669.0,10.914157380356784
4669.2,11.277726037183085
4669.4,11.054011640219247
4669.6,11.111243473267656
4669.8,10.622517238045386
4670.0,10.300757758330978
4670.2,10.90518659068999
4670.4,10.6606892756773
4670.6,10.379940540327414
4670.8,10.494546230813086
4671.0,10.490571662342514
4671.2,10.27228614122688
4671.4,10.052017607894202
4671.6,10.595274546460448
4671.8,10.363480550989504
4672.0,10.193384159231018
4672.2,10.967755014219778
4672.4,11.457436943859022
4672.6,11.52063245214001
4672.8,11.673874288181175
4673.0,11.032917929891848
4673.2,11.117091398138246
4673.4,10.963374369600656
4673.6,11.378840494878528
4673.8,11.427279594354019
4674.0,11.634621973393175
4674.2,12.737973469041394
4674.4,12.86533117223719
4674.6,11.445559944762795
4674.8,10.942483568721135
4675.0,11.500653101349778
4675.2,12.425505164632376
4675.4,12.285698899121787
4675.6,12.666306482057283
4675.8,13.113349922659799
4676.0,12.325557047686644
4676.2,12.147028215907989
4676.4,12.300329703619797
4676.6,12.120840771354839
4676.8,11.61765231065096
4677.0,11.881100749625599
4677.2,11.80602823079164
4677.4,12.106291320895316
4677.6,12.81583244195941
4677.8,12.862227026577486
4678.0,12.253209381892283
4678.2,12.002746277478892
4678.4,12.365381126055041
4678.6,12.13784150998036
4678.8,11.898090314499525
4679.0,11.983186732882265
4679.2,12.126328949491727
4679.4,13.361839818707843
4679.6,11.9356083379364
4679.8,11.399280247690823
4680.0,12.362053820091203
4680.2,12.313203493823607
4680.4,12.798730777083087
4680.6,12.103928517533555
4680.8,11.584022319204108
4681.0,11.743987150036359
4681.2,11.545779647199257
4681.4,11.001997532487781
4681.6,10.235506403664198
4681.8,10.056120136821162
4682.0,10.317218317082983
4682.2,10.899854345726663
4682.4,10.947645004890575
4682.6,11.16798054764078
4682.8,10.896358030512836
4683.0,11.27345456830704
4683.2,11.25637423051588
4683.4,11.423361178759933
4683.6,11.073979018104264
4683.8,11.530898035067782
4684.0,10.776664234253413
4684.2,10.96038092121361
4684.4,10.950408143275393
4684.6,10.650785553912892
4684.8,10.544911617564235
4685.0,11.105718827217464
4685.2,11.200897913479167
4685.4,11.622615123471817
4685.6,11.264868534722815
4685.8,11.243541400229306
4686.0,10.667162875803516
4686.2,10.620466883385536
4686.4,11.039886435583961
4686.6,10.917457106629518
4686.8,10.731712623884098
4687.0,10.411639523467215
4687.2,10.35215158936446
4687.4,11.306271543048236
4687.6,10.854841873119504
4687.8,11.99737493502077
4688.0,12.918848201494374
4688.2,14.918446460354236
4688.4,12.888579883113136
4688.6,12.255901832544627
4688.8,11.945752936884997
4689.0,13.181187465132558
4689.2,12.655916478375351
4689.4,12.983394667520368
4689.6,11.663009701056604
4689.8,12.88542697291681
4690.0,11.392599137178873
4690.2,11.444827117793055
4690.4,10.905955256027768
4690.6,11.642295421857424
4690.8,11.042083280300936
4691.0,10.308277285938194
4691.2,9.945247079572345
4691.4,10.384804244451542
4691.6,10.319840689595141
4691.8,9.89557061348058
4692.0,9.654575807025509
4692.2,11.76264943285342
4692.4,11.87606231103442
4692.6,11.14544326340763
4692.8,12.490875727352314
4693.0,10.247079837002342
4693.2,11.747041951812516
4693.4,12.20415039721493
4693.6,12.680939957336467
4693.8,12.175219209307581
4694.0,11.756256637057
4694.2,11.91536919837265
4694.4,13.156261063244548
4694.6,13.106149098533361
4694.8,13.38884636701991
4695.0,12.529980896923362
4695.2,13.032833751912243
4695.4,11.562862345519854
4695.6,11.197334630866337
4695.8,10.128921203910696
4696.0,10.05936751556626
4696.2,10.313587777243338
4696.4,10.244485523248493
4696.6,10.25722064315559
4696.8,9.697535517515089
4697.0,9.617032089620203
4697.2,9.983828931589223
4697.4,9.998597104485379
4697.6,10.189452124512112
4697.8,10.893703102928407
4698.0,11.400042398941654
4698.2,10.481676546190116
4698.4,10.279131965646531
4698.6,10.823222959395968
4698.8,10.196149117983639
4699.0,10.35837241956209
4699.2,11.238419404720812
4699.4,11.646097740933472
4699.6,12.32092168635386
4699.8,11.745271595636712
4700.0,12.277906561562355
4700.2,11.551568820395744
4700.4,11.43447726955199
4700.6,12.354362263354536
4700.8,12.34741794273106
4701.0,12.79460382743502
4701.2,13.097781202763594
4701.4,12.74834262935746
4701.6,12.942656674607889
4701.8,12.261035938476116
4702.0,12.220746271886131
4702.2,13.726574278634233
4702.4,13.560065918636928
4702.6,12.374283594846053
4702.8,12.342557331514296
4703.0,12.140219415217615
4703.2,11.716979887410542
4703.4,10.251493969088202
4703.6,10.58450160409851
4703.8,10.296053327079434
4704.0,9.838603683606676
4704.2,9.485771311038633
4704.4,9.450584580616756
4704.6,9.83921548031146
4704.8,10.370616269562445
4705.0,10.950315073207477
4705.2,12.01296709553884
4705.4,14.201622764518945
4705.6,14.10625359810757
4705.8,14.619702617565265
4706.0,13.969998081982734
4706.2,14.705532097192595
4706.4,13.83973323063125
4706.6,14.29389966545049
4706.8,11.583704126031622
4707.0,11.441448666544762
4707.2,12.567894118476769
4707.4,11.555014506039633
4707.6,12.014596632922828
4707.8,12.753533285158502
4708.0,12.35045928324878
4708.2,12.286639465250033
4708.4,12.041166180937523
4708.6,12.340636540141205
4708.8,11.86109504080701
4709.0,11.593307771091164
4709.2,11.991408037418418
4709.4,12.786788909786033
4709.6,13.08676588512299
4709.8,13.877842941778521
4710.0,13.209793932884626
4710.2,13.049301066488624
4710.4,13.319399903067312
4710.6,12.775461757043205
4710.8,12.868552307007896
4711.0,13.335447260989675
4711.2,14.166907946322631
4711.4,14.06997059957912
4711.6,12.407658449076695
4711.8,13.675409889448114
4712.0,14.546090083814551
4712.2,13.714031511919789
4712.4,13.721175392469524
4712.6,12.936568810741171
4712.8,14.28744893491384
4713.0,14.802709470831399
4713.2,14.694460115994508
4713.4,13.839420794444358
4713.6,14.836494533983245
4713.8,12.956747556885729
4714.0,13.073145740041571
4714.2,12.860895019839768
4714.4,13.674088115046917
4714.6,14.28020442428892
4714.8,13.959918597026435
4715.0,15.120571228033
4715.2,14.602323974496635
4715.4,15.03958320180917
4715.6,15.357557174585487
4715.8,14.476266666000402
4716.0,14.730714617318668
4716.2,15.027609343504318
4716.4,15.162882486418422
4716.6,14.677913533094465
4716.8,15.412087555718141
4717.0,16.60603999339039
4717.2,17.377731435612212
4717.4,17.441574125918805
4717.6,15.69182267285563
4717.8,16.332488417141505
4718.0,16.256938379544426
4718.2,17.429832364953196
4718.4,17.368012775068966
4718.6,18.416621941244685
4718.8,18.013234054275614
4719.0,18.732674479548955
4719.2,18.935414440877697
4719.4,19.09500156596168
4719.6,18.867307190590598
4719.8,19.052372888132933
4720.0,16.752206287341025
4720.2,18.011592036478884
4720.4,18.756311489321707
4720.6,18.110879016788168
4720.8,18.93046699810035
4721.0,18.18865874333526
4721.2,18.748675606586957
4721.4,18.76104693756301
4721.6,19.35081888081913
4721.8,18.103625126360058
4722.0,18.83104576645583
4722.2,18.49876978764119
4722.4,18.524913034866614
4722.6,17.301473875203097
4722.8,18.72365254280974
4723.0,18.568286048167515
4723.2,17.517712606906585
4723.4,15.1569361049734
4723.6,15.26844255976009
4723.8,15.997504031634314
4724.0,16.049466170296572
4724.2,14.996161024475327
4724.4,15.723570494976148
4724.6,16.03327946363268
4724.8,15.37900324260848
4725.0,17.15711269604341
4725.2,14.746349766844007
4725.4,15.266321513551226
4725.6,14.015812302644996
4725.8,15.272452186080113
4726.0,15.038171426943235
4726.2,14.710540063126485
4726.4,15.30344498670378
4726.6,16.521631525199183
4726.8,16.77233798983749
4727.0,16.372756180581746
4727.2,14.26581101978707
4727.4,14.501626115322829
4727.6,13.109472299070646
4727.8,14.275258845380012
4728.0,15.317896467188685
4728.2,16.248942388374203
4728.4,15.38177606822088
4728.6,13.944982696744962
4728.8,14.83502183204882
4729.0,13.440308643195074
4729.2,14.047234249771456
4729.4,13.485535482636541
4729.6,13.45193254785816
4729.8,13.756080872850172
4730.0,13.142997801256337
4730.2,13.595986597787672
4730.4,13.557494430760793
4730.6,12.481295789962068
4730.8,13.146989050430683
4731.0,12.637591542009329
4731.2,13.52598496954909
4731.4,13.102237477436
4731.6,14.031893791806585
4731.8,16.056309701233207
4732.0,15.499370102588601
4732.2,16.17932921998363
4732.4,16.411252154916692
4732.6,14.995241677786058
4732.8,15.00632997363789
4733.0,15.788609634065743
4733.2,15.367823760790781
4733.4,13.490893965789386
4733.6,13.66243464044798
4733.8,14.837706285381095
4734.0,13.88348514058113
4734.2,14.563274017457449
4734.4,15.752628129210933
4734.6,15.884976392768897
4734.8,16.501353137920752
4735.0,16.039268169027594
4735.2,15.886924839623628
4735.4,16.34629129996499
4735.6,15.281495895559393
4735.8,15.055878519835453
4736.0,14.9590398950924
4736.2,16.584275396089215
4736.4,15.134026898051493
4736.6,15.720593718861686
4736.8,15.115206532251236
4737.0,16.39557030319162
4737.2,14.728504464542326
4737.4,15.69203799030304
4737.6,16.328068802640594
4737.8,16.96061531367593
4738.0,18.246341204239602
4738.2,17.818685064274995
4738.4,16.887231053566214
4738.6,17.610451622101316
4738.8,15.119850989813726
4739.0,14.784338947998123
4739.2,15.47344678559045
4739.4,16.70358176719979
4739.6,15.517105005745869
4739.8,14.915675132436672
4740.0,14.27798672267172
4740.2,13.489724150363005
4740.4,13.333563437141905
4740.6,12.177071899487476
4740.8,11.194298809269373
4741.0,11.864811508726623
4741.2,11.276564194203907
4741.4,12.069026857389817
4741.6,12.630744516592344
4741.8,12.608854454860337
4742.0,13.435842347312754
4742.2,13.236201523074193
4742.4,12.295393716837658
4742.6,12.232008859220855
4742.8,12.365889574967781
4743.0,14.421228732897095
4743.2,16.3368217874002
4743.4,13.480195848687124
4743.6,13.540632324266337
4743.8,16.481606557467888
4744.0,17.042244155647474
4744.2,16.064974055671605
4744.4,16.11159287974032
4744.6,16.070779263819112
4744.8,15.410320026228392
4745.0,15.703348420941229
4745.2,12.66361508074386
4745.4,14.009166889403515
4745.6,15.34437865217518
4745.8,16.25193637989214
4746.0,15.836476720241384
4746.2,15.838145945669922
4746.4,17.158016234895705
4746.6,18.344707212499863
4746.8,16.605544504315617
4747.0,16.339819867525893
4747.2,16.345402125058545
4747.4,15.42615354553246
4747.6,16.706970155597595
4747.8,18.555203604673906
4748.0,19.05710153188284
4748.2,18.214692084452004
4748.4,19.087026602654227
4748.6,19.068521297715716
4748.8,18.954954137182046
4749.0,17.795482585889918
4749.2,15.725180850525916
4749.4,16.15405481997843
4749.6,14.399822971075968
4749.8,14.834410821706875
4750.0,13.411225979083984
4750.2,14.593463881942947
4750.4,15.494560881438042
4750.6,15.658501867418067
4750.8,16.12575971129698
4751.0,16.1449721468525
4751.2,16.755838293753904
4751.4,15.89685517256619
4751.6,17.173236182491117
4751.8,17.796742335728528
4752.0,16.644183013549224
4752.2,16.3183416059788
4752.4,15.938164545088156
4752.6,15.189478310485374
4752.8,15.906111742461196
4753.0,16.06414402452068
4753.2,15.01620951470817
4753.4,15.501748475840227
4753.6,13.828365303667889
4753.8,13.460545816746327
4754.0,11.638339772538123
4754.2,10.24328634132388
4754.4,10.089313745844526
4754.6,11.211038506365336
4754.8,11.057907367747212
4755.0,11.386023609984605
4755.2,11.596825015202308
4755.4,12.472516128777968
4755.6,12.247305504710964
4755.8,12.191434513564964
4756.0,11.936947619475971
4756.2,11.593343666459091
4756.4,12.04918027186076
4756.6,10.908680220552059
4756.8,11.023174499327853
4757.0,11.443722712809405
4757.2,10.356715507959297
4757.4,10.397887485460346
4757.6,10.230924201256428
4757.8,10.629677833981875
4758.0,10.555743786442502
4758.2,10.210655963306587
4758.4,10.610005146193739
4758.6,10.484854773111095
4758.8,10.827211239296869
4759.0,11.042836801284865
4759.2,11.498151520960961
4759.4,10.950370428023009
4759.6,11.222639254484939
4759.8,10.50354516860696
4760.0,11.007504122896911
4760.2,10.577143432906304
4760.4,10.58491977696666
4760.6,10.823445730570558
4760.8,10.886130324292454
4761.0,10.851144347028486
4761.2,10.97253396868049
4761.4,10.742875856209771
4761.6,11.0937210235765
4761.8,10.493226770907976
4762.0,9.898725362365216
4762.2,9.715223375013778
4762.4,9.614585334098638
4762.6,10.030800524211818
4762.8,9.72490218606669
4763.0,9.574643715358294
4763.2,9.571944763251475
4763.4,9.217802315402567
4763.6,9.50282421923231
4763.8,9.581678687330296
4764.0,9.811680209499235
4764.2,9.91833279017245
4764.4,10.552986377734626
4764.6,10.744043667648725
4764.8,10.511381178713759
4765.0,10.391533567255477
4765.2,10.469255294868585
4765.4,10.602164332569743
4765.6,10.962700771754676
4765.8,10.819873802006406
4766.0,10.312803104291827
4766.2,11.151933881756499
4766.4,11.569405749009867
4766.6,12.554975187892921
4766.8,12.933187705188985
4767.0,11.000507648936093
4767.2,11.499889207705829
4767.4,11.358498899694109
4767.6,11.445474636123098
4767.8,12.26166621266046
4768.0,12.635119198177643
4768.2,13.064458915917015
4768.4,11.787385849158369
4768.6,12.894739373301006
4768.8,13.869577193174576
4769.0,13.595089055769062
4769.2,14.714538518157497
4769.4,15.44761618197974
4769.6,14.418107348777102
4769.8,14.838871164861496
4770.0,14.251120476966573
4770.2,14.725244610018597
4770.4,14.583457296245774
4770.6,15.144123252507226
4770.8,15.297075925764055
4771.0,14.337775088514766
4771.2,14.246118522297916
4771.4,14.212194877652093
4771.6,14.021340047947195
4771.8,12.310128625834873
4772.0,12.740531318651858
4772.2,13.219634318546214
4772.4,14.356182362762961
4772.6,14.999120067930356
4772.8,14.894764437328751
4773.0,13.313782528316246
4773.2,11.937662699173508
4773.4,12.269587031601027
4773.6,11.33753279500288
4773.8,11.804979861213717
4774.0,11.743340367171559
4774.2,11.85281162155874
4774.4,11.971026095139763
4774.6,11.962424684160109
4774.8,11.473355227659788
4775.0,11.132854141075274
4775.2,10.48923289348896
4775.4,10.626360407991978
4775.6,10.809061514154452
4775.8,11.480835318318302
4776.0,11.441542183920504
4776.2,11.985607206606506
4776.4,12.524539667657484
4776.6,11.09787048632189
4776.8,12.14258989473856
4777.0,11.442141450024748
4777.2,12.141668072944984
4777.4,12.603700562752474
4777.6,11.739835298346293
4777.8,11.950242691799344
4778.0,12.148225407206512
4778.2,11.910791018829183
4778.4,12.791139749651087
4778.6,12.988757334963685
4778.8,13.36741873641515
4779.0,12.404703880638452
4779.2,12.118194639066736
4779.4,12.592962842681645
4779.6,12.409987901335803
4779.8,11.36860702305659
4780.0,11.807794506714623
4780.2,11.59337029633014
4780.4,12.553252448022787
4780.6,12.11095406803012
4780.8,11.932168460538119
4781.0,11.268952529082632
4781.2,11.69886451185447
4781.4,11.969980747995962
4781.6,12.053830944394235
4781.8,12.101017844354306
4782.0,12.216041626705909
4782.2,11.770583034052901
4782.4,12.322852075143633
4782.6,12.102938185954205
4782.8,13.812162080590959
4783.0,14.860326074848695
4783.2,15.391539063635308
4783.4,14.69883127237573
4783.6,13.698265522409564
4783.8,13.928960525697548
4784.0,14.363951462197658
4784.2,14.88743061182821
4784.4,13.86160780816045
4784.6,12.244301463369352
4784.8,13.017849150073864
4785.0,13.381443874121555
4785.2,13.00875199496786
4785.4,11.966307436240601
4785.6,12.324723320178006
4785.8,12.856502118686146
4786.0,12.96037115336504
4786.2,12.437618082996622
4786.4,11.931222316073967
4786.6,11.89805293840929
4786.8,12.849687007335683
4787.0,11.748668576312056
4787.2,14.646436912430332
4787.4,12.865453880420503
4787.6,12.794316578274037
4787.8,12.470330492481374
4788.0,12.35775371174238
4788.2,12.732271193961502
4788.4,15.449789799697824
4788.6,16.35189793098743
4788.8,15.369969690824341
4789.0,16.489668845172577
4789.2,14.250696010926674
4789.4,15.13368244027542
4789.6,15.30075639694694
4789.8,15.216041409783106
4790.0,15.757276626523849
4790.2,15.093132229736355
4790.4,14.85817982627906
4790.6,15.632588800818752
4790.8,17.876183983463882
4791.0,16.909979213577536
4791.2,14.864706365696419
4791.4,14.566348207236917
4791.6,13.369981004775639
4791.8,15.61974175600712
4792.0,16.41754143199333
4792.2,16.283168689173063
4792.4,18.375408896032155
4792.6,17.991082677865478
4792.8,17.89195895314702
4793.0,17.588227555428098
4793.2,15.138718026586446
4793.4,15.217879003124843
4793.6,14.836615687064276
4793.8,15.437877655489833
4794.0,18.056205435038997
4794.2,17.498797922756488
4794.4,16.335509106881624
4794.6,16.143451694094367
4794.8,15.921097918814606
4795.0,16.872511242986043
4795.2,16.0528746571262
4795.4,16.67238920368081
4795.6,16.62815021336707
4795.8,15.790771836776603
4796.0,14.811995630721341
4796.2,13.899689795532488
4796.4,13.986908305337568
4796.6,13.82391462496303
4796.8,14.20262746761841
4797.0,13.752237151211855
4797.2,15.219701121182673
4797.4,15.999372683848003
4797.6,15.765913994148326
4797.8,16.201795395262494
4798.0,14.990120615172554
4798.2,14.017242096643624
4798.4,13.424248784519827
4798.6,14.762821664529229
4798.8,13.155871442172103
4799.0,15.089071155460799
4799.2,13.321939892565073
4799.4,15.186210003313459
4799.6,15.46169052004049
4799.8,15.367743877062189
4800.0,14.776719752453127
4800.2,14.916120503571282
4800.4,15.221375770353582
4800.6,14.539605234294928
4800.8,15.179089801765738
4801.0,13.895358783530888
4801.2,13.340704267647737
4801.4,14.075357141988299
4801.6,13.307400806098881
4801.8,14.246466829580735
4802.0,12.7245253669996
4802.2,12.942212690164512
4802.4,13.842748436385879
4802.6,13.870606962412015
4802.8,13.160634869992624
4803.0,12.949334146531534
4803.2,13.455981308963183
4803.4,12.849254800564797
4803.6,12.142903563003795
4803.8,10.169427532175238
4804.0,10.90462785755272
4804.2,11.505706553134619
4804.4,12.481472235681991
4804.6,12.369325373890852
4804.8,12.555538055488501
4805.0,13.43742112955276
4805.2,14.607420666127016
4805.4,13.594294819378199
4805.6,12.550709695378782
4805.8,12.53772892554948
4806.0,11.882605090819085
4806.2,13.37449344396793
4806.4,12.621524892927077
4806.6,13.592509586437556
4806.8,13.872715147627549
4807.0,13.902692935814741
4807.2,12.08189608418423
4807.4,12.827078025287928
4807.6,12.591719026120414
4807.8,13.402952028488112
4808.0,12.307872497546457
4808.2,11.549060422335254
4808.4,11.71830249131075
4808.6,12.456837374114437
4808.8,11.728193514980505
4809.0,11.308682631080929
4809.2,13.02572943033377
4809.4,14.082358023348613
4809.6,14.07145153879136
4809.8,15.166231613413213
4810.0,14.171059622579277
4810.2,13.62689522436728
4810.4,15.156936851263998
4810.6,14.575523753172291
4810.8,13.311765706240845
4811.0,11.950155302400383
4811.2,11.808239775366244
4811.4,11.780489409468037
4811.6,12.178743900666976
4811.8,11.967678570836748
4812.0,11.408758300602281
4812.2,13.703789471647472
4812.4,13.268650966585966
4812.6,11.954600421599022
4812.8,11.320399162540287
4813.0,10.931555084366881
4813.2,10.645423717081693
4813.4,11.518658469419885
4813.6,11.358147992822134
4813.8,11.009003492617023
4814.0,11.056313919288234
4814.2,12.040839172293179
4814.4,12.918936174250144
4814.6,13.2731784689575
4814.8,11.930864091586425
4815.0,12.000184083291543
4815.2,11.69648740138143
4815.4,12.252257236008361
4815.6,12.468777208091165
4815.8,12.172034911836484
4816.0,11.292343765902375
4816.2,12.014723712344793
4816.4,11.863019450958838
4816.6,10.727096268424013
4816.8,12.383013618177689
4817.0,11.165057328674731
4817.2,10.791426738553549
4817.4,11.041920208541775
4817.6,10.55076675982611
4817.8,10.70761305036839
4818.0,11.322182186096262
4818.2,10.712034784617728
4818.4,10.13083927413202
4818.6,11.072335321363854
4818.8,10.098755493492016
4819.0,9.88425515679326
4819.2,9.673057098479651
4819.4,10.221225640976408
4819.6,10.905327893125394
4819.8,11.352913738082133
4820.0,10.695306031033427
4820.2,10.17404355330401
4820.4,11.028449032399664
4820.6,10.48438339096614
4820.8,10.271145669314084
4821.0,10.783965903519166
4821.2,11.056589876557176
4821.4,10.160575825487918
4821.6,10.684271827156435
4821.8,10.723243609671027
4822.0,10.560287333748331
4822.2,10.645766093302973
4822.4,10.743028110993711
4822.6,10.474787380311508
4822.8,10.178754577005332
4823.0,10.512458303040543
4823.2,10.727001652574002
4823.4,10.406182813408433
4823.6,10.65288942096773
4823.8,10.626588416489238
4824.0,10.596792310957614
4824.2,10.648141456716964
4824.4,10.457992822645215
4824.6,10.545108896402757
4824.8,10.447009333191835
4825.0,10.265684211220634
4825.2,10.062664543619107
4825.4,10.274033217658054
4825.6,10.258699030061164
4825.8,10.81014433561069
4826.0,10.898662007976938
4826.2,10.46804287894886
4826.4,10.4271683662106
4826.6,10.560957309075057
4826.8,10.765897040505283
4827.0,11.048492361784977
4827.2,11.036885833035136
4827.4,11.126654637041414
4827.6,10.848374951250133
4827.8,11.00710522284848
4828.0,10.844710981286358
4828.2,10.825359464510244
4828.4,10.928010485573703
4828.6,10.827032384789563
4828.8,11.033060448611824
4829.0,11.036002264040903
4829.2,11.283618372138761
4829.4,10.867402401109365
4829.6,11.073014313165473
4829.8,10.21304830704732
4830.0,9.608791876650798
4830.2,10.705331497156514
4830.4,10.892373848315417
4830.6,10.247856295326889
4830.8,10.672457523429566
4831.0,10.011372044915163
4831.2,9.76071931106555
4831.4,10.946817165205097
4831.6,10.795839465250802
4831.8,11.129849924105118
4832.0,11.526925613400426
4832.2,10.549557361482922
4832.4,11.151265290244204
4832.6,10.729177737041695
4832.8,10.451340920379995
4833.0,10.48782876800238
4833.2,10.776824585454296
4833.4,11.235180525149582
4833.6,10.952226136508166
4833.8,11.288655970554851
4834.0,11.215494413805283
4834.2,10.986688687685893
4834.4,10.881357598734018
4834.6,11.508416093304296
4834.8,10.779875433359244
4835.0,11.004811048815608
4835.2,11.266825170583711
4835.4,11.153396045076907
4835.6,11.033543881941988
4835.8,11.129779617164369
4836.0,10.848404209613348
4836.2,10.970418605044959
4836.4,11.27613963716909
4836.6,11.391986523248555
4836.8,11.284189252475365
4837.0,11.11045250471297
4837.2,11.49092191349962
4837.4,11.405430838156008
4837.6,11.06710680088797
4837.8,10.726597776323391
4838.0,10.22721058059797
4838.2,10.112733376582128
4838.4,10.18142148517466
4838.6,10.44271175062573
4838.8,10.187963758581347
4839.0,9.83313901442186
4839.2,10.04972306415059
4839.4,10.275405732309729
4839.6,11.164300864578438
4839.8,11.044996122257928
4840.0,10.406041661438987
4840.2,10.313013972804065
4840.4,10.411875811092361
4840.6,10.24119114082499
4840.8,10.630824006075052
4841.0,10.289542462224809
4841.2,10.265249751477315
4841.4,10.75110062588799
4841.6,10.189710257389628
4841.8,10.196922863964746
4842.0,11.292631786577523
4842.2,11.010179351152498
4842.4,11.096182741009098
4842.6,11.612984498815226
4842.8,12.04912600750516
4843.0,11.987698180922932
4843.2,12.007556699062915
4843.4,10.291326184678216
4843.6,11.306539833441398
4843.8,10.11412177420933
4844.0,10.340542217891237
4844.2,10.989259353094162
4844.4,10.449791619093123
4844.6,11.535185333825147
4844.8,11.36416043998979
4845.0,11.431510662953123
4845.2,10.368442423398017
4845.4,10.543115189248844
4845.6,9.880188049083195
4845.8,10.021464870484738
4846.0,9.994836128131684
4846.2,9.59730594282923
4846.4,9.978088708901156
4846.6,10.222615196148986
4846.8,10.185249028895846
4847.0,10.721448724201451
4847.2,11.18818979046117
4847.4,10.388083203833524
4847.6,11.008306401599341
4847.8,10.77701414808426
4848.0,11.108414359976015
4848.2,11.236838236207532
4848.4,10.693146911766355
4848.6,10.887920044780962
4848.8,11.101377282516651
4849.0,11.446953557263765
4849.2,10.172941552738177
4849.4,9.749317152029041
4849.6,9.771605813083449
4849.8,9.668927868905413
4850.0,10.206875650929108
4850.2,10.312246184927146
4850.4,9.82122856426382
4850.6,10.03533845366054
4850.8,10.072855416070936
4851.0,9.258243569103206
4851.2,9.350660491655226
4851.4,9.348832790077308
4851.6,9.435470425320434
4851.8,9.647281142564074
4852.0,9.599798611800837
4852.2,9.466502704580666
4852.4,9.608601718247092
4852.6,9.236210493717657
4852.8,9.53375230293042
4853.0,9.613175105719222
4853.2,9.835521913446433
4853.4,10.43040257770504
4853.6,9.932044916256814
4853.8,9.511611578190134
4854.0,10.084871703263165
4854.2,10.196995973529328
4854.4,10.47686168792688
4854.6,10.061121579875358
4854.8,10.432004859625138
4855.0,10.517350184726757
4855.2,10.201885315467486
4855.4,10.280345510762384
4855.6,10.315662079346277
4855.8,10.526396068594316
4856.0,11.023088011758643
4856.2,10.950916800845928
4856.4,11.431616062252596
4856.6,11.75377864385702
4856.8,10.903315956447653
4857.0,10.473252633362893
4857.2,10.189435668986473
4857.4,10.121612024184435
4857.6,10.452027055825798
4857.8,9.90239045244062
4858.0,10.189830304009249
4858.2,10.754346803822328
4858.4,10.947416784309938
4858.6,12.753996561036416
4858.8,11.207664283261192
4859.0,10.58023569563084
4859.2,10.402434422652435
4859.4,10.378224250549712
4859.6,10.28616624953549
4859.8,10.360112365171997
4860.0,11.9811630100227
4860.2,11.572315701799793
4860.4,12.151156927137624
4860.6,12.065170528821936
4860.8,11.46857380187235
4861.0,11.627517321332055
4861.2,12.222470061827035
4861.4,12.54612295548271
4861.6,12.168687314902122
4861.8,11.793548187450277
4862.0,11.552102868342452
4862.2,11.791233975690217
4862.4,11.241791915705948
4862.6,11.980079343678751
4862.8,11.847743092937378
4863.0,10.881834023449331
4863.2,10.513395562295983
4863.4,10.879818382669878
4863.6,10.806294065440367
4863.8,11.63377384091255
4864.0,11.115484870397731
4864.2,10.798968618496694
4864.4,11.04839522932381
4864.6,10.431250582208486
4864.8,10.85429887582717
4865.0,10.814381194824769
4865.2,10.7220290105985
4865.4,10.381423319664156
4865.6,10.414829920414965
4865.8,10.771719434128727
4866.0,10.563774685552243
4866.2,9.890347796043859
4866.4,9.736700951747505
4866.6,10.819846864290483
4866.8,10.963965026971607
4867.0,11.972279268302248
4867.2,11.373534809090643
4867.4,10.615601951438464
4867.6,11.370237634134845
4867.8,11.342661971297922
4868.0,11.13999955809689
4868.2,11.09128373036798
4868.4,10.98971067481121
4868.6,11.392850835829346
4868.8,11.09736970395059
4869.0,11.188100607305207
4869.2,11.7585107460775
4869.4,11.906668027946154
4869.6,11.816273573795819
4869.8,11.75163607443289
4870.0,12.068565201013167
4870.2,11.997854363315701
4870.4,12.250066052862312
4870.6,11.399634145626514
4870.8,11.699101827011923
4871.0,11.961771533689795
4871.2,11.89488258944407
4871.4,12.07696422919408
4871.6,12.355218353597726
4871.8,12.28660408603391
4872.0,11.635174158484343
4872.2,11.578139770219785
4872.4,12.56920487650543
4872.6,11.133078133856579
4872.8,11.72578193060519
4873.0,11.246063145965818
4873.2,11.505733253354602
4873.4,10.557575512272788
4873.6,11.567358686688092
4873.8,11.204531629747096
4874.0,11.402660985031982
4874.2,11.077101956558462
4874.4,11.170424134051316
4874.6,11.589666221080627
4874.8,11.988266818347551
4875.0,11.620916766149962
4875.2,11.790152119613689
4875.4,11.526797458806557
4875.6,12.014080864152405
4875.8,11.47089450738805
4876.0,11.037675403924217
4876.2,10.95809276879642
4876.4,11.167386322594064
4876.6,11.168413621872169
4876.8,10.55278074511562
4877.0,11.270959744769307
4877.2,11.404486488786711
4877.4,11.62023914118006
4877.6,11.476301731602005
4877.8,11.262324399319843
4878.0,11.088977241517684
4878.2,11.30168545019404
4878.4,11.837572871947533
4878.6,12.342460690118457
4878.8,11.999576061798344
4879.0,11.9183368262546
4879.2,12.005056897871524
4879.4,11.239718557268422
4879.6,11.221830217176716
4879.8,11.826004613470824
4880.0,11.165437710998967
4880.2,11.679577361151114
4880.4,11.315466662668802
4880.6,11.22560844737016
4880.8,10.648036712642837
4881.0,9.92142250449763
4881.2,9.779426023649977
4881.4,9.331341009503124
4881.6,9.51665274564547
4881.8,9.195804853546008
4882.0,9.129379620567454
4882.2,9.37826330281111
4882.4,9.86494189247473
4882.6,10.03599236437296
4882.8,9.990430882243386
4883.0,10.523291651747577
4883.2,10.304767870721287
4883.4,10.61163955410727
4883.6,10.190319596752362
4883.8,9.968645727719716
4884.0,10.874795107967714
4884.2,10.757545008147677
4884.4,11.807696497206772
4884.6,11.529795123955715
4884.8,11.580595201222277
4885.0,12.047307660831715
4885.2,11.917948217414395
4885.4,11.38668250019727
4885.6,11.741122340160997
4885.8,11.551614343543893
4886.0,11.31885945339069
4886.2,11.609034805222294
4886.4,10.788939537281873
4886.6,11.04100389465922
4886.8,11.579892225414916
4887.0,11.950331532603155
4887.2,11.706111711431465
4887.4,12.030674715051145
4887.6,10.647218881230591
4887.8,10.956934806444004
4888.0,11.861757242316484
4888.2,11.648955028237662
4888.4,11.592549370691982
4888.6,11.640923603576772
4888.8,11.22494682646316
4889.0,11.494633502377514
4889.2,11.523497138308404
4889.4,11.152354083975462
4889.6,12.03991763644427
4889.8,11.135836581203344
4890.0,11.01290540113435
4890.2,11.084831424832192
4890.4,10.781772773584414
4890.6,10.780263553295438
4890.8,11.258551855239451
4891.0,11.307281688289567
4891.2,10.700256757191207
4891.4,10.758384671668608
4891.6,10.214965796425355
4891.8,11.237492473185393
4892.0,9.591879935645222
4892.2,9.203942748620765
4892.4,9.078809141283402
4892.6,8.923335350471698
4892.8,8.886456979781759
4893.0,9.60166368026439
4893.2,10.038268791215375
4893.4,9.509805580306903
4893.6,9.708146610013042
4893.8,9.528605971199452
4894.0,9.866397747160995
4894.2,9.59868953851281
4894.4,9.392548616239043
4894.6,9.508659829999615
4894.8,9.697747334019386
4895.0,9.64557414376238
4895.2,9.182247174820303
4895.4,9.288959209965872
4895.6,9.191418214745879
4895.8,9.401074367855365
4896.0,9.246789485320793
4896.2,9.441394164023734
4896.4,9.796956159740322
4896.6,10.059019449419552
4896.8,9.808388127299718
4897.0,9.806404012672461
4897.2,9.561119789340818
4897.4,9.221514265574488
4897.6,9.595981037349226
4897.8,9.323159953626245
4898.0,9.409068354923685
4898.2,9.557875194450991
4898.4,9.819118922655054
4898.6,10.320717114519805
4898.8,10.082454775551293
4899.0,9.634662652389679
4899.2,9.668206693470644
4899.4,9.396346031416076
4899.6,9.420371455128059
4899.8,9.585048466073545
4900.0,9.491482340619626
4900.2,9.355725193828132
4900.4,9.573529208828129
4900.6,9.753460993852277
4900.8,9.741192091188788
4901.0,9.78133095250308
4901.2,10.004595507824437
4901.4,9.727280602508653
4901.6,10.145882988749138
4901.8,10.393102515803642
4902.0,9.928143286247117
4902.2,9.859886207908863
4902.4,9.656055064240393
4902.6,9.512696265665927
4902.8,10.251319177120946
4903.0,10.10373563106624
4903.2,10.17105140479397
4903.4,9.676172630473753
4903.6,9.42768933033284
4903.8,9.384555751245497
4904.0,9.542696200093037
4904.2,9.50862982570328
4904.4,9.467134119891712
4904.6,9.65106593034524
4904.8,9.87128380498221
4905.0,9.564767644033893
4905.2,9.481991511825424
4905.4,9.145042813299185
4905.6,9.486855500704698
4905.8,9.226413309015447
4906.0,9.840487956627294
4906.2,9.497798271327953
4906.4,9.524266509240572
4906.6,9.496889805141407
4906.8,9.563713844845676
4907.0,9.492728003210747
4907.2,9.626899202099432
4907.4,9.656268370902797
4907.6,9.623516950627009
4907.8,9.522756896224333
4908.0,9.552603636029845
4908.2,9.692193594744873
4908.4,9.415291738041663
4908.6,9.128438724737254
4908.8,9.402417297094575
4909.0,10.08440087285716
4909.2,9.61870574911959
4909.4,9.60194334282186
4909.6,9.700757794962131
4909.8,10.144225104657558
4910.0,9.556502049893574
4910.2,9.497355620253165
4910.4,9.42083659040044
4910.6,9.566629230421142
4910.8,9.751228145952007
4911.0,9.661507028646707
4911.2,9.22051988441456
4911.4,9.261846167510058
4911.6,9.265636736806012
4911.8,9.318397427792037
4912.0,9.265531089159577
4912.2,9.254186842547027
4912.4,9.633697926998362
4912.6,9.77887862526457
4912.8,9.783656709502646
4913.0,9.833668328925949
4913.2,9.535158952852779
4913.4,9.25320169313568
4913.6,9.749269108948775
4913.8,9.496835169564564
4914.0,9.612261713101097
4914.2,9.282430154578618
4914.4,9.551792127208618
4914.6,10.315417733796583
4914.8,9.712250203919915
4915.0,9.00284628959718
4915.2,9.329548098305784
4915.4,9.644067921563744
4915.6,9.613187007627946
4915.8,9.237296862916343
4916.0,9.425178167258142
4916.2,9.443415053113142
4916.4,9.638335412697641
4916.6,9.465015200535847
4916.8,9.526147890429957
4917.0,9.752260256488421
4917.2,9.758526197279467
4917.4,10.188183277801738
4917.6,10.420285418527111
4917.8,10.858083452436647
4918.0,9.985574068286645
4918.2,9.849086136268873
4918.4,9.888230144597442
4918.6,10.104680085134222
4918.8,9.40035542126171
4919.0,9.45875590978417
4919.2,9.669250533765709
4919.4,9.696016447776316
4919.6,9.720165359437628
4919.8,9.724140758579665
4920.0,9.351600350728422
4920.2,9.543168256133539
4920.4,9.399192114343839
4920.6,9.602542355602685
4920.8,9.543465981943797
4921.0,9.607296183800063
4921.2,9.753033306203083
4921.4,9.694723389660927
4921.6,9.705057863460318
4921.8,9.899729745559839
4922.0,9.90680090165856
4922.2,9.918086005318946
4922.4,10.050116533796594
4922.6,9.645556487940382
4922.8,8.868818526697137
4923.0,9.631303171705301
4923.2,9.707374534144463
4923.4,10.047542977636827
4923.6,9.653863426302024
4923.8,9.837317931595011
4924.0,9.590857977393876
4924.2,9.412865033219429
4924.4,9.333498350435907
4924.6,9.514856440925833
4924.8,10.167359287149573
4925.0,9.876526098223371
4925.2,10.364930497379783
4925.4,10.647735340292563
4925.6,10.104498539898753
4925.8,10.43435414967314
4926.0,10.007873836003307
4926.2,9.689930758432954
4926.4,9.922488683372418
4926.6,10.48308031913795
4926.8,10.61423647620133
4927.0,9.6206293067967
4927.2,10.145548054358084
4927.4,9.941731294970085
4927.6,9.919896932788907
4927.8,9.837080779804912
4928.0,9.913357338871968
4928.2,9.980620900486315
4928.4,10.054582833952955
4928.6,9.872239797645204
4928.8,9.950577331085066
4929.0,9.89567996764409
4929.2,10.040395843051469
4929.4,9.998764888030934
4929.6,9.49699731170184
4929.8,9.630510607863501
4930.0,10.531921628775766
4930.2,9.972352246966292
4930.4,9.864733597615338
4930.6,9.600611891724045
4930.8,10.140171972351592
4931.0,9.891014636390201
4931.2,9.423986752329519
4931.4,9.991748969678234
4931.6,10.007552542481355
4931.8,9.659644820367484
4932.0,9.38464914305156
4932.2,9.393068345583517
4932.4,9.492290325653801
4932.6,9.51654171905926
4932.8,9.709983532312723
4933.0,9.830852691554611
4933.2,9.578881673719268
4933.4,9.993042171151542
4933.6,9.992892686443662
4933.8,9.863474171905649
4934.0,9.743542831828746
4934.2,9.847194482716011
4934.4,9.722663753703182
4934.6,10.134422874425738
4934.8,9.08118053347852
4935.0,9.48765346621632
4935.2,9.191071419154222
4935.4,9.382397402458041
4935.6,9.429161162296134
4935.8,9.312366115048626
4936.0,9.121749680723909
4936.2,9.527457459269474
4936.4,9.283169032694667
4936.6,8.974171663005885
4936.8,9.103562947503713
4937.0,9.272875891806093
4937.2,9.201467871986802
4937.4,9.440310540268285
4937.6,9.030292197066935
4937.8,9.345689811425748
4938.0,9.21775013294169
4938.2,9.077081985055687
4938.4,9.237192374656168
4938.6,9.325070851241904
4938.8,9.221107273417346
4939.0,9.269558319020394
4939.2,9.807114894918017
4939.4,9.510772807366962
4939.6,9.112139591203123
4939.8,9.61511467523515
4940.0,9.744302171434914
4940.2,9.760688520277096
4940.4,9.622177810113678
4940.6,9.598152443497105
4940.8,9.486356677302481
4941.0,9.628430221769227
4941.2,9.613039500871631
4941.4,9.322144971595566
4941.6,9.655753226095646
4941.8,9.258201155258604
4942.0,9.462295002047803
4942.2,9.767674185156801
4942.4,9.521163349590973
4942.6,9.729634213708055
4942.8,10.070557543003527
4943.0,10.355983949318922
4943.2,9.980826368409978
4943.4,10.139776307618105
4943.6,9.741266942628783
4943.8,9.891264554218594
4944.0,9.58180477372472
4944.2,9.892717525022386
4944.4,10.058528547819726
4944.6,10.23646238015374
4944.8,9.783745211526304
4945.0,9.607392712352391
4945.2,9.854421559076794
4945.4,9.615103338598143
4945.6,9.636557428629315
4945.8,9.929346028703197
4946.0,9.402028713394966
4946.2,9.959651987490405
4946.4,9.92682434723519
4946.6,10.006867630494348
4946.8,9.806159637879462
4947.0,9.990979242100256
4947.2,10.22918878297196
4947.4,10.047848467648643
4947.6,10.738792291824916
4947.8,10.62333954053441
4948.0,10.482705002943572
4948.2,10.562727298276606
4948.4,10.7662591516651
4948.6,10.221642479329807
4948.8,10.973503742955607
4949.0,10.40983800155514
4949.2,10.47856004529059
4949.4,10.646872493758032
4949.6,10.72902582284838
4949.8,10.698342366363624
4950.0,11.066888106946411
4950.2,10.460178502278287
4950.4,9.981813367434043
4950.6,9.83662152647949
4950.8,9.794767208756971
4951.0,10.6361872645126
4951.2,10.384260197998543
4951.4,10.939515185078552
4951.6,10.701271063483542
4951.8,10.78549206650537
4952.0,10.470354802066916
4952.2,10.515496015567305
4952.4,10.936457967339424
4952.6,11.412836661833145
4952.8,11.346471434821632
4953.0,10.884443087553032
4953.2,10.663705993836741
4953.4,10.899965190246053
4953.6,10.429347287594844
4953.8,10.56813295906899
4954.0,11.358743636821751
4954.2,12.036983979571463
4954.4,12.363078124810956
4954.6,12.270093160838943
4954.8,11.820063303633418
4955.0,11.661605072498094
4955.2,10.668961147427558
4955.4,11.60378260743331
4955.6,10.81831965715072
4955.8,10.180617454205695
4956.0,9.81135882702602
4956.2,10.64485898298862
4956.4,9.779858133430276
4956.6,9.339600812856979
4956.8,9.756209702147135
4957.0,10.618545344817425
4957.2,10.795703849567822
4957.4,11.091685056421031
4957.6,10.75643972182916
4957.8,11.042330015179097
4958.0,10.166720794815793
4958.2,10.987924178036828
4958.4,10.79600931523008
4958.6,10.241450414350544
4958.8,10.307035994223927
4959.0,9.092105649890037
4959.2,9.79254755678054
4959.4,10.558839661461123
4959.6,10.217320440194666
4959.8,10.847461828379583
4960.0,9.6292843116404
4960.2,10.062954120710906
4960.4,9.491987366411038
4960.6,9.668230288845589
4960.8,9.592590400516777
4961.0,9.508399070424419
4961.2,9.567628873437355
4961.4,10.210483533042412
4961.6,9.91530520392254
4961.8,9.837416430529457
4962.0,9.8948372048319
4962.2,10.02909437797472
4962.4,11.424639615363184
4962.6,9.98368272530322
4962.8,10.207021982672886
4963.0,9.844411496288853
4963.2,9.832322828300764
4963.4,10.002485408859352
4963.6,10.117337508001537
4963.8,10.293829278414343
4964.0,9.709364586588038
4964.2,9.807056571038405
4964.4,11.239274109888767
4964.6,12.051219073970858
4964.8,12.22547587757034
4965.0,11.898562425622801
4965.2,11.586172197317664
4965.4,11.688522794302926
4965.6,10.747847994681887
4965.8,11.708677610435743
4966.0,11.868776165377897
4966.2,11.097471584420262
4966.4,10.165877366121139
4966.6,9.336580286819089
4966.8,9.29808617336506
4967.0,9.36332993632924
4967.2,9.72179874384493
4967.4,9.826451614752461
4967.6,9.787399545299305
4967.8,10.04914526127433
4968.0,10.764936000462857
4968.2,10.007046802085638
4968.4,10.038113914620673
4968.6,10.762821276280741
4968.8,11.56140717403633
4969.0,11.084080244156295
4969.2,12.187866098130007
4969.4,11.102765623186732
4969.6,11.217507399248932
4969.8,12.072799528031997
4970.0,11.125517760707597
4970.2,11.399698893245995
4970.4,11.176035378013857
4970.6,10.863410880285487
4970.8,10.93471910881539
4971.0,10.99652554233258
4971.2,11.301982267723377
4971.4,11.549396837167789
4971.6,11.16059524842401
4971.8,11.698448448252758
4972.0,10.608939836559996
4972.2,10.237242704926025
4972.4,9.863068272850821
4972.6,10.389480561078923
4972.8,10.29645325269206
4973.0,10.277855464678375
4973.2,10.50227544863424
4973.4,10.155809883769965
4973.6,10.290054723802704
4973.8,10.190670224693307
4974.0,10.488584710501513
4974.2,9.810658401102067
4974.4,9.397937974776404
4974.6,9.59068264105112
4974.8,9.335886355403298
4975.0,9.49370883550349
4975.2,9.906977007875748
4975.4,9.422026744596096
4975.6,9.586270070667322
4975.8,9.82810945653317
4976.0,9.367081842380117
4976.2,9.681425272274694
4976.4,9.465660932231101
4976.6,9.528048643498584
4976.8,9.673498780575276
4977.0,9.985123250074746
4977.2,10.133415895253172
4977.4,9.234241650258719
4977.6,9.668660367797976
4977.8,9.854579498884144
4978.0,10.519375289473622
4978.2,10.120904262130889
4978.4,9.372519650555985
4978.6,9.336272443891914
4978.8,9.622864506616152
4979.0,9.604190333535817
4979.2,9.850564610747544
4979.4,9.228324974573086
4979.6,10.532430212350604
4979.8,9.807166620828426
4980.0,10.82159032466313
4980.2,10.586527544934686
4980.4,9.945839628375222
4980.6,9.440060770241448
4980.8,10.559494198517484
4981.0,10.328028481539526
4981.2,11.669124661093981
4981.4,11.659008483610782
4981.6,12.326170009349633
4981.8,10.659059484345201
4982.0,10.638232301335552
4982.2,11.069892484780423
4982.4,11.556162941113008
4982.6,11.280215180480669
4982.8,11.527643459013015
4983.0,10.82676092905583
4983.2,10.748458461382942
4983.4,11.19957448490087
4983.6,11.335926375073607
4983.8,10.970951690169672
4984.0,10.850987554262986
4984.2,10.613600275670194
4984.4,10.309619528445497
4984.6,9.965508275079314
4984.8,10.284064542525917
4985.0,10.253290466386806
4985.2,10.021417329729378
4985.4,10.577792327782443
4985.6,11.092809391354763
4985.8,10.769677877108172
4986.0,10.741597972866098
4986.2,11.09373983834817
4986.4,11.475565815707444
4986.6,9.97936128223252
4986.8,9.411258157164584
4987.0,9.254760092698925
4987.2,9.136218494721053
4987.4,9.197268588243066
4987.6,9.503572001278682
4987.8,9.470732699660617
4988.0,9.674201363295104
4988.2,9.044391502570573
4988.4,9.488666904059503
4988.6,9.615657199305684
4988.8,9.1134165582771
4989.0,9.414290148230256
4989.2,9.247031157885031
4989.4,9.626206771625924
4989.6,9.650213344132641
4989.8,10.132447167145223
4990.0,9.576778138254184
4990.2,10.955252986916529
4990.4,10.96986685355542
4990.6,9.983905025827017
4990.8,9.562150571605988
4991.0,9.66466210460217
4991.2,9.742108005249525
4991.4,11.42749378021239
4991.6,11.001964667232924
4991.8,10.852256815092076
4992.0,11.557452492247558
4992.2,11.257303696547897
4992.4,10.689511857877692
4992.6,10.806520616903772
4992.8,11.203873540689127
4993.0,12.21641600232363
4993.2,11.713848944636156
4993.4,11.33445794473765
4993.6,11.325039595858959
4993.8,11.160769385032257
4994.0,12.336531882335063
4994.2,11.580263913218065
4994.4,11.615377142777874
4994.6,11.818222934003732
4994.8,12.059095060930268
4995.0,11.66179763005999
4995.2,12.398567768474075
4995.4,12.578345004037885
4995.6,11.619677686573793
4995.8,12.124601461655608
4996.0,12.447623381152365
4996.2,13.577432632958004
4996.4,12.94098913975054
4996.6,13.079417569366193
4996.8,12.810061770807998
4997.0,11.962216892752672
4997.2,11.741008034589115
4997.4,11.744683687238176
4997.6,11.94863239301503
4997.8,11.782825452783808
4998.0,11.518913953428742
4998.2,11.604162105636064
4998.4,11.509534821897669
4998.6,11.658670331089542
4998.8,12.040763971330541
4999.0,10.863501619603507
4999.2,11.00871938690107
4999.4,12.103509381862015
4999.6,11.075609037418781
4999.8,12.04450746689303
5000.0,10.454926445849878
