time,rg
0.0,27.480045862410346
0.2,27.358700108226937
0.4,28.232525885225833
0.6,28.149820581187296
0.8,27.69994071495464
1.0,30.01799678516736
1.2,29.226431650205026
1.4,30.879190121161134
1.6,29.33620852577686
1.8,28.12321700946618
2.0,27.122943540007952
2.2,28.52801303536575
2.4,28.268305971608214
2.6,29.15523657619454
2.8,30.63274996992607
3.0,30.2197412035388
3.2,29.430772121538766
3.4,29.85329846412972
3.6,30.274749125822275
3.8,31.088597098236637
4.0,32.43831026967895
4.2,33.9705847407718
4.4,33.08632077207251
4.6,31.19972126019182
4.8,30.206062376794527
5.0,32.42471644456649
5.2,33.133327723636306
5.4,31.789608613261755
5.6,31.252413971050956
5.8,31.322663350006337
6.0,31.815420864184134
6.2,34.142508412898074
6.4,34.12275745781466
6.6,35.61479652543646
6.8,33.69392768632484
7.0,32.75220392002498
7.2,34.23553138543218
7.4,33.12770614462129
7.6,32.1630908278252
7.8,32.913320348891745
8.0,33.47096879934727
8.2,33.320671501452146
8.4,31.7237357771017
8.6,29.083425039717167
8.8,30.11917534207335
9.0,28.420170318749605
9.2,26.548076115543033
9.4,28.549062036828026
9.6,29.68741961253171
9.8,30.059219238619796
10.0,30.877037682728513
10.2,32.36530756579511
10.4,32.39054822014569
10.6,32.19184446116263
10.8,30.06178824122196
11.0,30.083729717716512
11.2,29.434347522990233
11.4,29.508913558479847
11.6,30.127718396524678
11.8,29.751582316894588
12.0,29.155300628300665
12.2,28.683329060216785
12.4,26.275530948096467
12.6,27.214274729693347
12.8,26.51181694013582
13.0,27.796050371296126
13.2,26.123133867764643
13.4,26.932606767820026
13.6,26.907583419821446
13.8,24.525589888920443
14.0,23.978068147180387
14.2,24.589051703989867
14.4,25.191557490557493
14.6,24.041106411003334
14.8,23.117113032070883
15.0,25.332457799113183
15.2,23.38735988435443
15.4,23.105030965681756
15.6,23.636969528288617
15.8,23.348995842775825
16.0,24.312555621279472
16.2,24.13625914299282
16.4,22.037818378344944
16.6,23.53771579600036
16.8,23.488079061945683
17.0,23.534894876214672
17.2,23.52296633343242
17.4,25.055714738667497
17.6,25.78173145350909
17.8,24.21761468355478
18.0,22.914362518016603
18.2,22.743958351595314
18.4,22.660081066202803
18.6,24.527267912299557
18.8,25.071335756427864
19.0,23.75512528454305
19.2,22.8169982943793
19.4,20.723771791494464
19.6,21.184649362350996
19.8,22.02698035909471
20.0,22.85370581405827
20.2,22.761707953755533
20.4,23.28182047251857
20.6,23.46643750678888
20.8,23.290882340096463
21.0,23.006142690260415
21.2,21.985868211336516
21.4,23.82211662382087
21.6,23.8046993766625
21.8,23.73477622175689
22.0,23.721277558293302
22.2,23.93564121754941
22.4,25.124651541039405
22.6,24.22743826141334
22.8,24.19763352455076
23.0,27.168125940534658
23.2,28.251830820788744
23.4,28.47503653479517
23.6,28.26387302723642
23.8,29.56462813595715
24.0,28.28450354293374
24.2,28.408356497196703
24.4,25.00638626438471
24.6,23.892078496963975
24.8,21.778011955003986
25.0,22.42829036870861
25.2,23.04063322464943
25.4,23.474575623744677
25.6,23.006626643396682
25.8,23.84242174449308
26.0,23.27427273470463
26.2,23.52213371906584
26.4,23.86465412480751
26.6,22.91959666973237
26.8,21.51249701127825
27.0,21.36914321617195
27.2,20.174971211938086
27.4,20.405017995878737
27.6,19.997134231229488
27.8,18.823134991729873
28.0,19.215904144585863
28.2,20.696708264221215
28.4,19.628645437138278
28.6,20.867285315787672
28.8,22.654976695195202
29.0,23.486134240540217
29.2,23.198147253410085
29.4,23.36617177687305
29.6,22.80930547161837
29.8,21.547660314230946
30.0,20.038019109131326
30.2,20.39057997141405
30.4,22.00697271135736
30.6,24.14616834146799
30.8,23.829956959398324
31.0,23.235454402595593
31.2,22.574254019692553
31.4,23.13862733685733
31.6,22.3733601429956
31.8,23.142939395922824
32.0,22.72526797753555
32.2,20.84542730479201
32.4,20.50530854440673
32.6,20.74908066025835
32.8,19.73987406055823
33.0,19.526568838260687
33.2,21.110915923974623
33.4,21.866200001391253
33.6,21.368459683717266
33.8,21.77700039800505
34.0,21.850178544746953
34.2,21.982291452100835
34.4,21.21557286077753
34.6,20.432008985893795
34.8,20.622711320734414
35.0,19.223219817721542
35.2,19.98193505408406
35.4,18.1626444183392
35.6,19.090008888975248
35.8,19.314613900518122
36.0,18.72389741203858
36.2,17.7731145766945
36.4,17.985993167970886
36.6,18.919994345063078
36.8,19.293229258886065
37.0,18.740169854500653
37.2,19.128852076674132
37.4,20.021589314076017
37.6,19.933976200468443
37.8,19.66139687236308
38.0,20.02878015965765
38.2,19.597706353687194
38.4,19.407475827671206
38.6,19.59700679793519
38.8,19.61951537848782
39.0,19.049603500593086
39.2,18.26809685472997
39.4,17.89840402415809
39.6,17.51103444586623
39.8,19.084261675963347
40.0,18.951841559853108
40.2,18.91911498676204
40.4,17.970964420389574
40.6,17.938703015140888
40.8,18.238752018343302
41.0,17.22482982324609
41.2,18.746984029557495
41.4,18.309837653224083
41.6,19.535135694370574
41.8,19.36488632037175
42.0,19.772665131222
42.2,18.945804204659783
42.4,18.710133221538115
42.6,19.185376407589033
42.8,19.58913665890715
43.0,19.704718907980368
43.2,18.42780918999943
43.4,18.691530477769966
43.6,19.381059743030473
43.8,19.129296627408927
44.0,18.928267063298733
44.2,19.58884023356429
44.4,19.546561287525343
44.6,19.66660915920691
44.8,18.962702582026484
45.0,19.49575875705755
45.2,19.674464761305728
45.4,19.56199653307744
45.6,21.271575698284337
45.8,20.101199538666936
46.0,19.47953759917415
46.2,19.820417169371098
46.4,20.257326799623456
46.6,20.1712474020235
46.8,19.50823584913995
47.0,19.52576557688453
47.2,20.760718248678593
47.4,18.884049436700465
47.6,19.886279307853208
47.8,19.683502753401054
48.0,20.582781576348488
48.2,19.9613168626584
48.4,20.591250697224226
48.6,20.255108584229298
48.8,20.530883897800294
49.0,22.119693859527807
49.2,21.710342575491776
49.4,21.303278555895186
49.6,21.639827324701916
49.8,20.63658708168548
50.0,19.77455837454365
50.2,20.510364661492574
50.4,20.208789597854214
50.6,21.11853376528937
50.8,20.107424862413822
51.0,21.919239289877627
51.2,20.095117945679423
51.4,21.821261897780126
51.6,21.3124744507555
51.8,21.64073356596312
52.0,22.147253347272354
52.2,21.178696191918416
52.4,21.37549164708545
52.6,22.463832395229716
52.8,23.322933018182987
53.0,23.316230744334167
53.2,23.6069554675875
53.4,24.68489023594212
53.6,23.53185283841535
53.8,23.59662953847378
54.0,22.54279079395731
54.2,24.641666610097978
54.4,23.988070588790467
54.6,24.395426095810095
54.8,23.59140723418845
55.0,23.027843369150645
55.2,22.45555889382027
55.4,23.068185608222667
55.6,22.419768875869032
55.8,22.620266473505556
56.0,22.976062952362277
56.2,23.318170674148927
56.4,21.79506826245727
56.6,21.49796320780932
56.8,20.72383372947856
57.0,19.68207611487234
57.2,18.78227391911453
57.4,17.852454711100656
57.6,18.30549803051606
57.8,19.134479451750718
58.0,19.493614195541426
58.2,19.303996403881406
58.4,19.274110164480124
58.6,19.959936530150536
58.8,20.636301206998766
59.0,20.189774557671637
59.2,19.759409887351133
59.4,18.958895690811232
59.6,19.086870824590406
59.8,18.608124466790755
60.0,20.108600669161795
60.2,20.184672222732843
60.4,21.43235644317607
60.6,21.551400955795327
60.8,22.258038486271474
61.0,21.25249114690061
61.2,19.916214929404696
61.4,19.954430758105882
61.6,18.738928065256978
61.8,18.896267655557317
62.0,19.071242183440617
62.2,19.450596030240547
62.4,19.222592934238904
62.6,19.058056278288028
62.8,20.55568636608449
63.0,19.82689489241946
63.2,21.019834588801846
63.4,22.09565838076006
63.6,21.299378068801285
63.8,22.44677809707294
64.0,22.01763554040157
64.2,21.201913080713158
64.4,20.691849809676448
64.6,20.8091369527372
64.8,21.04978549378099
65.0,20.14763559909089
65.2,19.834098328660033
65.4,20.2025147040554
65.6,20.932567438906446
65.8,20.112043087196525
66.0,21.69695922067508
66.2,21.951974064232402
66.4,21.147028570535944
66.6,20.479557818150216
66.8,20.144264631190065
67.0,19.439503591229684
67.2,20.586171096594303
67.4,21.57143813085924
67.6,23.769696589147337
67.8,23.961478046095785
68.0,21.480765834972804
68.2,21.898489673511143
68.4,21.10734982132819
68.6,21.93736361027049
68.8,22.903377178854754
69.0,21.876405284558302
69.2,21.747359215601975
69.4,21.677304523420577
69.6,20.878422899775103
69.8,20.351027566432567
70.0,20.871595054968065
70.2,20.350069423131703
70.4,18.93402670500758
70.6,20.11496622141547
70.8,20.17137713531462
71.0,20.23732248395268
71.2,19.85964811663198
71.4,20.06738541008
71.6,19.84898464273725
71.8,20.51142857399473
72.0,20.68430965389606
72.2,21.140310984278486
72.4,21.41670349806416
72.6,21.634288988980014
72.8,21.20750115129162
73.0,21.054434945037904
73.2,21.38542272891876
73.4,20.438134525034826
73.6,19.53567993916185
73.8,19.11582970205388
74.0,18.972456980204292
74.2,19.45112904628279
74.4,20.03547658601921
74.6,20.92664794311598
74.8,19.821545930470926
75.0,19.9577725688076
75.2,20.319408916278768
75.4,19.91801553210589
75.6,20.428154089253155
75.8,19.71359432141751
76.0,19.400243791337534
76.2,20.899724438334925
76.4,19.913106243576415
76.6,20.16639796212051
76.8,19.292678345106506
77.0,19.483336661008423
77.2,18.994737919471284
77.4,18.782670326683498
77.6,17.958545219183332
77.8,18.526066576137687
78.0,18.935280945554396
78.2,20.145664955503527
78.4,19.427473998433648
78.6,20.383151510216464
78.8,20.31579437366088
79.0,19.80640299549209
79.2,21.88450405037357
79.4,22.62703039267589
79.6,21.072488943771774
79.8,20.55025595406271
80.0,20.10587487072424
80.2,20.34584659697021
80.4,19.675807268345547
80.6,20.040989333376423
80.8,20.874873934723297
81.0,20.486495380248883
81.2,19.842393357597437
81.4,19.586136346541785
81.6,18.393486921748647
81.8,18.31248008503469
82.0,18.581629793062856
82.2,18.705199588474848
82.4,18.787486150893375
82.6,19.736959804159138
82.8,20.39708128675933
83.0,21.733262366952623
83.2,22.224812796896124
83.4,22.034577167872555
83.6,22.645572025319353
83.8,21.95557665328867
84.0,22.010835525274995
84.2,21.83616452124817
84.4,21.86521508538618
84.6,22.34804360453399
84.8,21.510226219245684
85.0,20.67242872177138
85.2,20.49020209252072
85.4,20.792966368507773
85.6,20.081675801491873
85.8,19.530437076322514
86.0,18.929776575458988
86.2,18.667305107330915
86.4,18.067998309307892
86.6,20.284400205737377
86.8,19.320557744877497
87.0,19.322628039703655
87.2,19.458961935225926
87.4,19.95242157504351
87.6,20.790841195684227
87.8,20.881225085049728
88.0,19.142609275122815
88.2,18.208554341816576
88.4,17.957211041948923
88.6,18.79586067061537
88.8,18.968644725031957
89.0,18.061462814020036
89.2,18.703635036213505
89.4,17.94182878377121
89.6,17.934820777478922
89.8,20.784336192947514
90.0,21.817968728101263
90.2,21.46368451965783
90.4,21.634813727428877
90.6,21.81372696495274
90.8,22.79394004192815
91.0,23.284085539890352
91.2,22.29163864502543
91.4,21.89409473363348
91.6,21.24200431326265
91.8,20.425042418791
92.0,19.077484890125053
92.2,19.85480475500254
92.4,20.482166567368708
92.6,19.578660687080784
92.8,20.2745560657215
93.0,19.751774707334373
93.2,19.02119359219054
93.4,18.742869152400033
93.6,18.68700833679242
93.8,17.9605834622561
94.0,17.835282764327367
94.2,17.837838036146778
94.4,17.93862297704208
94.6,17.403238574021646
94.8,17.380829252536174
95.0,18.141629153537494
95.2,17.042176683242342
95.4,16.83015687204873
95.6,16.618717390576304
95.8,16.88875280006733
96.0,17.562601379758384
96.2,17.718219675224983
96.4,17.017126437630456
96.6,17.479099465737484
96.8,17.400160088752322
97.0,17.67631498521558
97.2,17.444694868168177
97.4,18.054783195862846
97.6,18.496093095012064
97.8,19.021870446555262
98.0,18.72091444858215
98.2,18.712275708905207
98.4,18.256623478217627
98.6,19.623156606697172
98.8,19.056099735904223
99.0,18.65562157467093
99.2,18.84466188783244
99.4,18.87805207214096
99.6,18.741476305434304
99.8,18.527822518712707
100.0,20.23445788325774
100.2,19.945303694560824
100.4,19.555461241097017
100.6,19.009392614255162
100.8,18.114360320108695
101.0,18.480352487470565
101.2,18.030861641215214
101.4,18.806545918870256
101.6,19.216753790219485
101.8,18.326909768575174
102.0,19.44293464827488
102.2,18.60728685196143
102.4,19.52200648106322
102.6,18.358722676753995
102.8,19.516596155091126
103.0,19.03471326704469
103.2,18.877187595106218
103.4,20.0521376011912
103.6,21.18021816293753
103.8,22.035441442974175
104.0,21.644547121280272
104.2,20.889828473862813
104.4,20.76449253909378
104.6,20.541875122608523
104.8,20.58453988462936
105.0,20.740311979957976
105.2,21.56788140831364
105.4,20.926022631460462
105.6,21.043149676548026
105.8,20.816898002572945
106.0,20.63738619209518
106.2,20.25503148762762
106.4,21.4183502287575
106.6,20.888281519613926
106.8,21.88724061490777
107.0,19.557957350726333
107.2,18.902383270153624
107.4,18.640060146884874
107.6,18.588998667671913
107.8,18.556366128943928
108.0,18.767134245896578
108.2,17.410458853344107
108.4,17.45945334796877
108.6,17.908866255208263
108.8,17.99624558435807
109.0,17.856426908041197
109.2,18.650678500783012
109.4,17.411471341400127
109.6,17.632251076786435
109.8,17.28262446307788
110.0,17.070831279811603
110.2,16.813083317068354
110.4,17.0493901008931
110.6,18.18396105500859
110.8,17.598164752355565
111.0,16.87086411893431
111.2,17.667022857637946
111.4,17.667107992447576
111.6,17.553493103315795
111.8,17.210513129059656
112.0,17.68794068551195
112.2,18.465260011546597
112.4,18.351483245871655
112.6,19.72815711280241
112.8,19.784450258545352
113.0,19.858574322850323
113.2,20.40471440180298
113.4,19.95631038569176
113.6,19.35016112426575
113.8,20.523376762167974
114.0,18.967892101468642
114.2,19.195299141535543
114.4,18.48645020702199
114.6,17.14084733921319
114.8,17.57925829539375
115.0,17.921523588819632
115.2,18.058851264700376
115.4,17.58083893897086
115.6,18.329417832893313
115.8,18.77598915115542
116.0,17.83431309195491
116.2,17.870321319706587
116.4,16.58082393113112
116.6,16.624684463429944
116.8,15.987024996182392
117.0,15.627583745564298
117.2,15.923416225949467
117.4,15.050717729307742
117.6,15.680990342949514
117.8,15.685871143399357
118.0,16.804636786165556
118.2,15.427972357683736
118.4,15.449184792444491
118.6,15.179060486471938
118.8,15.449432401860134
119.0,15.406672693276267
119.2,15.427797012532075
119.4,14.89937426241841
119.6,15.056610677282256
119.8,15.659238052314727
120.0,15.141179715988171
120.2,15.311552225671267
120.4,15.341406207957327
120.6,15.185247074592604
120.8,16.142954129500293
121.0,17.042751816872855
121.2,17.92434807505511
121.4,18.295158308035816
121.6,19.280384637082935
121.8,19.452879212228005
122.0,19.654351891417654
122.2,20.641987300540244
122.4,22.21623277372369
122.6,22.38612369822463
122.8,19.897836876152326
123.0,20.848726493221186
123.2,20.59589867320649
123.4,19.929519904982374
123.6,19.845781068245497
123.8,21.40351715394347
124.0,21.32629399049575
124.2,21.86563681840981
124.4,20.508549197906266
124.6,21.579030720326536
124.8,20.0348326238316
125.0,20.334894517158
125.2,18.93797401617013
125.4,18.209762680895892
125.6,20.246572405664317
125.8,20.210919229496135
126.0,20.582599874650562
126.2,19.608942645484987
126.4,20.159544718130682
126.6,20.946770625000006
126.8,21.5251101914312
127.0,22.099099074384448
127.2,21.138225761103122
127.4,19.67690224032538
127.6,21.75477099810189
127.8,21.850215493087525
128.0,21.169162417231846
128.2,21.11522426520981
128.4,20.294734732919725
128.6,20.004239428749546
128.8,20.326639383498218
129.0,21.002799265411277
129.2,21.154100383641964
129.4,21.17951910797563
129.6,21.34194680132854
129.8,20.724415877088322
130.0,21.09737327854947
130.2,20.315469478648396
130.4,19.904309980706106
130.6,20.516871756625665
130.8,21.164195042766345
131.0,21.12763403040759
131.2,20.859575772272322
131.4,20.94241605477552
131.6,21.158008752491668
131.8,21.91371434952861
132.0,22.18319955531063
132.2,22.162485730240814
132.4,22.155479622128396
132.6,21.13923404154336
132.8,21.45417323699261
133.0,21.667642788518467
133.2,20.772583765682207
133.4,20.17826409581375
133.6,19.45976759119637
133.8,19.41997132080569
134.0,18.468007245980502
134.2,18.2215140242586
134.4,18.97936030629497
134.6,18.500864407353582
134.8,18.525715958330625
135.0,19.348885437939757
135.2,19.74747555418644
135.4,19.70924223247026
135.6,19.61688616536433
135.8,19.406410308213427
136.0,20.33600402104931
136.2,19.360257442689385
136.4,19.363784320077126
136.6,19.139250007774443
136.8,19.25693468936261
137.0,19.611992256012215
137.2,19.31797776819977
137.4,19.451647973168093
137.6,18.95357692912311
137.8,19.55446708014472
138.0,20.779717871335393
138.2,21.092758710355668
138.4,21.049973149559257
138.6,20.316340095443284
138.8,20.593208407803978
139.0,20.821128228440614
139.2,19.280366370256946
139.4,16.91646340610552
139.6,17.181739844287907
139.8,17.81102459930477
140.0,18.85585939868137
140.2,18.879709938679774
140.4,19.828724839565794
140.6,19.284198227060322
140.8,19.028251337011145
141.0,19.104421565927375
141.2,19.653236786172073
141.4,21.466956943545465
141.6,19.85513028394959
141.8,19.36665464283884
142.0,19.48481945898282
142.2,19.878033208922353
142.4,18.644056687871775
142.6,19.307396777041443
142.8,19.99183166602218
143.0,19.661357520416963
143.2,20.194425317543644
143.4,19.57945924125475
143.6,19.51374729764875
143.8,20.779059569052567
144.0,21.24400371141749
144.2,21.2064095174456
144.4,21.889018298001233
144.6,20.130271697318424
144.8,20.20138436810059
145.0,20.80517461902013
145.2,20.09675777187496
145.4,20.784687901123977
145.6,20.816074066082265
145.8,20.325486204418816
146.0,22.32926133161437
146.2,21.64379850404916
146.4,20.01515555428813
146.6,20.279949644068104
146.8,20.973152679565775
147.0,21.35592015500827
147.2,22.05725381124777
147.4,21.471251345543102
147.6,20.944503533170582
147.8,20.018257660518014
148.0,19.545832819824692
148.2,18.398192516216977
148.4,19.57172767007853
148.6,20.37126673300294
148.8,20.034065795584695
149.0,20.04837408868638
149.2,20.69546088290928
149.4,21.11721299181211
149.6,19.84291844289904
149.8,18.595183255161224
150.0,19.053122754120047
150.2,20.18795434462126
150.4,21.238459487774563
150.6,20.569508720225855
150.8,19.51002897299126
151.0,20.563495293275974
151.2,21.311485466025154
151.4,21.69970599877899
151.6,21.247125053138056
151.8,20.296318789358413
152.0,20.779101441084435
152.2,19.760959373920283
152.4,19.009210334082617
152.6,18.68623490254365
152.8,18.30590477602652
153.0,18.76806447951275
153.2,19.189429033458374
153.4,18.891418526262456
153.6,18.96208994389203
153.8,19.812827992536818
154.0,19.30589177817654
154.2,21.265072899938886
154.4,20.731927487496066
154.6,19.58782745951479
154.8,20.071614512959023
155.0,20.02885104024069
155.2,20.893986682959213
155.4,20.362093464717397
155.6,21.833832821016056
155.8,21.04918113508303
156.0,20.804517096806045
156.2,19.875830475694627
156.4,19.757841104671442
156.6,20.017053779706167
156.8,19.971042832105546
157.0,19.31162873978011
157.2,19.62965735420283
157.4,19.154826323458366
157.6,19.61444248728952
157.8,19.2598174197018
158.0,18.29994700166177
158.2,17.64877872589915
158.4,18.774756849311917
158.6,16.55430276886902
158.8,17.47517303272289
159.0,17.036751810302576
159.2,16.992128262278385
159.4,17.52316924311314
159.6,17.311161731975186
159.8,18.262901092572903
160.0,17.3621247727724
160.2,17.830559293959197
160.4,18.029814046026857
160.6,16.736439759482607
160.8,17.020226972664503
161.0,16.40844455536459
161.2,16.29946025484025
161.4,16.48180029796526
161.6,16.97487429489613
161.8,16.781835830290827
162.0,16.249222854681996
162.2,16.190813905673952
162.4,17.346471880221735
162.6,17.935103611607133
162.8,18.35489213699066
163.0,19.120995293468926
163.2,19.2189848610151
163.4,19.271585566951536
163.6,18.598357290688195
163.8,19.30617877531103
164.0,19.933391131317308
164.2,19.231098467373396
164.4,18.334886088220347
164.6,18.844046045603527
164.8,19.061295351520705
165.0,17.774251692905587
165.2,18.188943878632656
165.4,16.776439670534177
165.6,17.777439534775983
165.8,17.835754756843752
166.0,18.2164373877412
166.2,17.4858475347019
166.4,17.019444530686375
166.6,17.2959216504322
166.8,17.680527469149773
167.0,16.493267740488353
167.2,17.180120588002296
167.4,16.876787122601083
167.6,17.5303929759662
167.8,17.16565074024979
168.0,16.818480695690056
168.2,17.528310951774777
168.4,17.467968708415075
168.6,18.09334179060052
168.8,18.17624279976014
169.0,18.612792337459712
169.2,19.9840157717016
169.4,18.75862579264873
169.6,19.296514567190496
169.8,18.81972237440647
170.0,19.379542722029417
170.2,18.989868831207442
170.4,19.05045564225093
170.6,18.91273790819576
170.8,19.024179479833915
171.0,18.948028112263415
171.2,18.974582916293613
171.4,19.470295745334408
171.6,19.733977569171206
171.8,19.815781491503405
172.0,19.365132009785032
172.2,19.0241441238346
172.4,18.458270671108398
172.6,18.106447961771515
172.8,18.684376942727326
173.0,18.18805727712777
173.2,19.32723191473067
173.4,20.724834533574487
173.6,18.75211481955418
173.8,16.239926040638938
174.0,15.881749795147378
174.2,16.300618983000955
174.4,16.181134179257462
174.6,16.5300027846838
174.8,16.450141678102007
175.0,17.10092094616507
175.2,16.82787488162318
175.4,17.63467415352999
175.6,17.78858268827714
175.8,17.677408997567273
176.0,17.73167886142168
176.2,18.99500367358446
176.4,18.37533280894059
176.6,17.473001987556152
176.8,18.24791792632703
177.0,18.60433606436987
177.2,19.116000186907943
177.4,17.820747763646942
177.6,17.838912572233138
177.8,18.93558192360794
178.0,17.856468062555862
178.2,18.55143771050663
178.4,18.987046968633244
178.6,19.35128798627644
178.8,19.630106798497987
179.0,19.50681605330735
179.2,17.643018904776394
179.4,18.63627895059279
179.6,18.35411651627706
179.8,19.165602707209214
180.0,18.556008840182095
180.2,19.11786345131758
180.4,19.34832562202626
180.6,18.41149818875441
180.8,18.07886112801444
181.0,18.45628034890399
181.2,18.59817799152691
181.4,19.21648326055245
181.6,19.44372974671769
181.8,19.71045509973449
182.0,19.747203158917195
182.2,18.508015645987854
182.4,18.187094068871176
182.6,19.21558353302775
182.8,18.42744340502835
183.0,18.678310944447997
183.2,17.944669998913152
183.4,18.81983592390349
183.6,19.542376855865154
183.8,18.558910968603335
184.0,18.71734653473136
184.2,19.127886746645135
184.4,18.512601357176774
184.6,18.81168792870601
184.8,18.34865176892314
185.0,17.836902738387526
185.2,18.372858099482137
185.4,17.39199226547195
185.6,18.833861534805166
185.8,20.88891654568335
186.0,21.18777441884854
186.2,20.86926368088948
186.4,20.632039095984247
186.6,19.510292730968544
186.8,20.176038375834352
187.0,18.34872918402102
187.2,18.263641194506054
187.4,19.405444541837557
187.6,18.980831708423526
187.8,18.8334388459455
188.0,20.163897490795204
188.2,20.48243033994069
188.4,20.077094203690777
188.6,20.85196227199431
188.8,21.62876406540545
189.0,21.21318822584346
189.2,21.650863898592835
189.4,21.03239140577674
189.6,21.240452198332378
189.8,21.205007643422764
190.0,20.608161382539677
190.2,21.24137935840848
190.4,21.62426862658947
190.6,20.61383890858974
190.8,20.029804546330297
191.0,20.801305567241037
191.2,21.182780347734266
191.4,21.18116885456687
191.6,21.777665032311454
191.8,21.710239523634954
192.0,21.66841908747292
192.2,21.609538498437722
192.4,21.454166049431844
192.6,19.944608636943432
192.8,20.109397820519117
193.0,20.626761923088598
193.2,20.977813086391286
193.4,22.188837823571586
193.6,21.582871718651603
193.8,21.448124947502926
194.0,21.931093564228497
194.2,22.49180175011785
194.4,22.9931400310479
194.6,22.137539406895115
194.8,22.332528198305425
195.0,22.424623774949758
195.2,23.140773315004996
195.4,23.282279714214464
195.6,22.414618591587107
195.8,21.933836583124613
196.0,21.614119224497024
196.2,21.146023654345818
196.4,21.63817762638341
196.6,20.275870463293643
196.8,21.339322067520623
197.0,21.788428711843288
197.2,19.311195287160693
197.4,18.776069973964848
197.6,19.327862279606013
197.8,19.25509730481054
198.0,19.357863949198382
198.2,20.259670092060475
198.4,21.499150742506778
198.6,20.73392101001685
198.8,22.97661390154976
199.0,23.23453700310537
199.2,21.93768301073095
199.4,22.284759064243293
199.6,21.679443168394865
199.8,21.169604157940828
200.0,21.961678850989166
200.2,20.910350913618977
200.4,22.418882847964138
200.6,21.866277728092378
200.8,20.93329439208063
201.0,22.20069859787277
201.2,22.117034009228025
201.4,21.752173159508075
201.6,20.88866463716627
201.8,19.851178690313517
202.0,21.12988926846755
202.2,20.781885205581204
202.4,21.242539583806078
202.6,20.58227792798258
202.8,20.797268392855187
203.0,21.498099626187717
203.2,21.4093388786615
203.4,22.15875889119936
203.6,22.349689973069545
203.8,21.305448223602884
204.0,22.76073249125169
204.2,22.84985184195144
204.4,22.404235115602077
204.6,22.125942845978752
204.8,21.17175665553177
205.0,21.823685363624993
205.2,20.855349190382107
205.4,21.635756707965157
205.6,21.437333371113443
205.8,21.675459999562058
206.0,22.16376793422572
206.2,21.701549045366825
206.4,21.644103467128367
206.6,21.1400429455426
206.8,21.890442681990976
207.0,21.994121538943414
207.2,21.091142075150053
207.4,21.47536729024751
207.6,20.711448177901328
207.8,20.68409839320191
208.0,19.21683985184924
208.2,18.420687886035665
208.4,17.73771273815662
208.6,18.076093989057533
208.8,18.18251040702826
209.0,17.886073359356892
209.2,17.86439381728069
209.4,17.80876801364229
209.6,17.753530894138084
209.8,17.127677204643483
210.0,17.483306305505867
210.2,16.989709074268866
210.4,16.22976442000097
210.6,15.825574258913536
210.8,16.80681216868688
211.0,16.727231276438147
211.2,17.132510692555865
211.4,17.212904189036816
211.6,17.401126178140245
211.8,16.87820562109395
212.0,17.581345702255533
212.2,17.292279465538506
212.4,16.853676467091002
212.6,17.723524233013684
212.8,16.906907458289588
213.0,17.336358557936563
213.2,16.81060705073833
213.4,16.164226381077732
213.6,16.610869486413232
213.8,17.31823327521933
214.0,17.080443141983018
214.2,17.39361082082083
214.4,17.256407387543142
214.6,16.345545593123692
214.8,16.535409563040417
215.0,16.59112093025596
215.2,16.92139870465605
215.4,16.79692883030492
215.6,16.3963467692419
215.8,16.92600037290623
216.0,16.375662069175924
216.2,16.944601437601946
216.4,15.602628411132729
216.6,16.419995046629147
216.8,16.90577893258897
217.0,15.95311823582998
217.2,16.57859904651966
217.4,16.217028890546747
217.6,15.886619989637731
217.8,15.893379203798016
218.0,15.962977616895966
218.2,16.056741603605417
218.4,17.338427893896103
218.6,17.21528634792486
218.8,16.95298316988691
219.0,16.834918114908525
219.2,17.37420559285422
219.4,16.180991457962676
219.6,16.845486362022626
219.8,17.34776036443637
220.0,16.798523325150782
220.2,16.794598491435877
220.4,16.37176653523039
220.6,16.354478323754496
220.8,16.220692356700482
221.0,16.197399271188853
221.2,16.722871411378325
221.4,16.455128638955387
221.6,16.910180853351847
221.8,16.67440294709006
222.0,17.524979871867032
222.2,17.279961021664946
222.4,17.26379048952431
222.6,17.41507120901321
222.8,17.089096428661364
223.0,16.551650983230644
223.2,17.10536821405803
223.4,16.432074763561694
223.6,16.440044575633927
223.8,16.80386711068654
224.0,16.741371991896784
224.2,16.942597669678555
224.4,16.878100889499116
224.6,16.70594994133478
224.8,16.77099605324379
225.0,16.527857631934886
225.2,16.238457525271265
225.4,16.374404472364777
225.6,16.546693612945486
225.8,16.668071440771516
226.0,16.27219158710434
226.2,16.87839661102555
226.4,16.332953125252622
226.6,16.468958507089972
226.8,16.495536062959854
227.0,16.72548415780944
227.2,16.655219193806275
227.4,16.866253876945507
227.6,17.42385179153706
227.8,17.978879120192175
228.0,17.388706628912793
228.2,17.624881451369664
228.4,17.211720847780352
228.6,17.623380833774036
228.8,16.91473937168702
229.0,16.513685263047783
229.2,17.158744544503378
229.4,17.25071715189233
229.6,16.590768054236843
229.8,16.495544541610066
230.0,16.782470913981843
230.2,16.535090121677428
230.4,15.98775954788955
230.6,15.651913847894381
230.8,15.320660510539717
231.0,15.404115730304081
231.2,16.324321025077722
231.4,16.366080874024142
231.6,16.305732031620014
231.8,16.22489661572413
232.0,16.274059481213193
232.2,15.796518531833579
232.4,14.898957649694733
232.6,15.435100386938013
232.8,15.755169613849043
233.0,15.293620874989015
233.2,15.736740970756369
233.4,15.637250053368057
233.6,16.018173842695425
233.8,16.207062476755336
234.0,15.147220671429194
234.2,15.940152577437662
234.4,16.04919522777642
234.6,15.870670536990257
234.8,16.181959144263157
235.0,16.28290996889476
235.2,15.607687878000448
235.4,15.743947423005608
235.6,15.932841693609273
235.8,16.615936677362583
236.0,16.433844478704174
236.2,15.93976338173082
236.4,16.27789253842173
236.6,15.878370186956873
236.8,16.094902816121138
237.0,17.012123459521746
237.2,16.104373754939505
237.4,16.128631191314827
237.6,16.36234265415325
237.8,16.01192651160043
238.0,16.162635512699513
238.2,16.984383033875982
238.4,16.90885200891972
238.6,17.86744987921442
238.8,17.68441093113193
239.0,17.63815212732218
239.2,17.15993693034053
239.4,16.5884958219544
239.6,17.365545044793393
239.8,17.226339591014717
240.0,16.73385066983108
240.2,16.891385262502435
240.4,16.255692309637983
240.6,16.274450503096155
240.8,16.513563543512866
241.0,16.857096282218407
241.2,16.53901170786932
241.4,16.79224758575752
241.6,16.488910853458428
241.8,16.668453117249076
242.0,16.484975690859596
242.2,16.613360279688628
242.4,16.837995016204978
242.6,16.97449698180914
242.8,16.396583838727462
243.0,16.985935677782727
243.2,16.824527952070724
243.4,17.072478965713746
243.6,17.8239979062574
243.8,17.16889252523833
244.0,16.669195961823682
244.2,16.45068411313705
244.4,16.558761916970496
244.6,16.681506989325737
244.8,15.217033058924788
245.0,15.78717989490034
245.2,15.653236243282024
245.4,15.419113475202453
245.6,15.410635561707227
245.8,15.446340055470294
246.0,15.40396897841636
246.2,15.86312920944668
246.4,15.699187736190588
246.6,15.704646502249009
246.8,16.59982559388016
247.0,17.12354263590714
247.2,17.29375534057648
247.4,16.038638180095482
247.6,15.968719509121144
247.8,15.716019263884611
248.0,15.853047354942833
248.2,16.28530722451729
248.4,16.30994863555657
248.6,16.804126459650682
248.8,16.89558348239999
249.0,16.588357328340074
249.2,16.352929055673457
249.4,16.31858773489699
249.6,15.807628234321554
249.8,15.40100895801406
250.0,15.655400988410781
250.2,14.768086942255367
250.4,14.814982449748955
250.6,15.282079097610149
250.8,14.69446416581336
251.0,15.480483741979516
251.2,15.061742839319592
251.4,14.951465088665019
251.6,15.63040032974844
251.8,15.987548440855381
252.0,15.805113168870397
252.2,15.57785649550848
252.4,16.154575799609713
252.6,15.553856241735883
252.8,15.665613034870937
253.0,15.59940065064234
253.2,14.71727013414997
253.4,14.23254995111171
253.6,14.270937038179758
253.8,14.517427702684593
254.0,14.772660123272722
254.2,14.84949943220659
254.4,14.486597349414772
254.6,14.685000108779159
254.8,15.03984531844215
255.0,15.662858718685174
255.2,15.255324961012471
255.4,15.386575481972699
255.6,15.503471955441102
255.8,14.785339664900288
256.0,14.91717570183411
256.2,14.467238538888799
256.4,14.506145849911487
256.6,14.878742091126004
256.8,15.008972905344189
257.0,14.98887687034211
257.2,15.225072114121534
257.4,14.906099072325931
257.6,14.81573019138876
257.8,14.999375231693875
258.0,15.310058940505582
258.2,15.251050544439131
258.4,15.277104993540629
258.6,14.809692903328116
258.8,15.40756369734179
259.0,15.905191525563762
259.2,16.157424392293855
259.4,15.94715322810989
259.6,15.790217555727166
259.8,15.888277667276014
260.0,15.711379111938161
260.2,15.680228819265862
260.4,15.637220093081844
260.6,15.318473869961819
260.8,15.310904342390984
261.0,15.264280064605435
261.2,15.728465572804618
261.4,15.662799793930374
261.6,15.893663776706472
261.8,15.466443648702498
262.0,15.673792529019197
262.2,16.514458771781918
262.4,16.168861888199707
262.6,16.06332551095871
262.8,15.434671953974267
263.0,14.922490901149041
263.2,15.032817210789888
263.4,14.92997448661134
263.6,15.471162682325962
263.8,15.085225931623711
264.0,14.749309211554563
264.2,14.913582196036046
264.4,15.372237077834674
264.6,15.520893135502183
264.8,15.151771500020207
265.0,15.933793170778564
265.2,15.7753556456802
265.4,15.825018380940122
265.6,16.226672198286003
265.8,16.284755849699163
266.0,15.769184272130012
266.2,15.574676513814774
266.4,15.156758148516786
266.6,15.610245934747827
266.8,15.115915396666718
267.0,14.88158444860704
267.2,14.859802061192752
267.4,14.794072679810068
267.6,15.521217501145196
267.8,14.866515526530598
268.0,15.058108969698889
268.2,15.080350904704314
268.4,14.896459566812661
268.6,15.034034161785188
268.8,14.819058445934266
269.0,14.9817495466055
269.2,15.218719517615718
269.4,15.405649187745285
269.6,15.085105979033031
269.8,15.009654740942928
270.0,15.003692949985599
270.2,15.253726129142988
270.4,15.060276812417639
270.6,14.78741291995119
270.8,15.11012023906723
271.0,15.002388919570057
271.2,15.302242965509919
271.4,15.147372580391117
271.6,14.96213624055632
271.8,14.813432548578193
272.0,15.391014779755977
272.2,14.779734185730192
272.4,14.86766488365676
272.6,14.89620674240222
272.8,15.52048690861617
273.0,16.305370942929404
273.2,16.632897318584927
273.4,16.225863539967882
273.6,15.476209418680009
273.8,15.02402319357514
274.0,14.925707744716215
274.2,14.930605901300822
274.4,15.176043145366267
274.6,15.412130267001626
274.8,16.06778097686503
275.0,16.03054273534839
275.2,15.265596401385856
275.4,15.645927668530389
275.6,15.718784283571098
275.8,15.532742453631558
276.0,14.95998815749245
276.2,14.064324952864684
276.4,14.022775060121027
276.6,13.991586521858226
276.8,14.400308384065996
277.0,14.323850113764571
277.2,14.153040862500559
277.4,14.06685804862972
277.6,13.779478018967271
277.8,14.006286125056604
278.0,14.21597079126629
278.2,14.417831908087981
278.4,14.821659191529397
278.6,14.686008834701546
278.8,14.97145929126595
279.0,14.742244376625536
279.2,14.489400673287857
279.4,15.004579959097338
279.6,15.302443784440047
279.8,15.215009296493688
280.0,14.800100434494638
280.2,14.852541910519967
280.4,14.422425361391543
280.6,14.711617371409737
280.8,14.645126040258255
281.0,14.766712461147815
281.2,14.58221577024668
281.4,14.485731719379375
281.6,14.259170417215847
281.8,14.305107094421679
282.0,14.74865613828616
282.2,14.717804559180054
282.4,15.410245817886112
282.6,14.897931757604589
282.8,14.735978309610536
283.0,14.912496520342696
283.2,14.39287941209008
283.4,14.26673440068631
283.6,14.518850591185593
283.8,14.37125691534147
284.0,14.288230909642825
284.2,14.293282069822995
284.4,14.350033054106405
284.6,14.613653554252497
284.8,14.519116526929013
285.0,14.100203060107116
285.2,14.065330867841508
285.4,13.79576494987404
285.6,13.86383396548127
285.8,13.95357220146436
286.0,14.189057185910706
286.2,14.328389422642974
286.4,14.079939381448952
286.6,14.492550602352509
286.8,14.18680129051946
287.0,14.440581960416141
287.2,14.492323300741424
287.4,14.234952545714021
287.6,14.693151949592401
287.8,14.607365383910464
288.0,14.767538903089498
288.2,14.680238717815975
288.4,14.943472640938463
288.6,14.691737157499187
288.8,14.903487653583252
289.0,14.930962677060187
289.2,15.493203944255018
289.4,15.016825567715662
289.6,14.932022322324535
289.8,15.207232555318228
290.0,15.021593145523461
290.2,15.346902727334687
290.4,15.839976910465019
290.6,16.545818294840068
290.8,16.18026404019785
291.0,16.682900086316963
291.2,15.810922231997226
291.4,15.865330035591825
291.6,15.986133493421415
291.8,15.892642192207715
292.0,16.452980339114244
292.2,15.863836201595493
292.4,16.136081978456637
292.6,16.19499953966783
292.8,15.767627259148892
293.0,16.262786417218937
293.2,15.907013517756177
293.4,15.39853661885958
293.6,14.985966872329366
293.8,15.632699006049624
294.0,16.020780058430386
294.2,16.21036141757259
294.4,16.28960751195342
294.6,16.117711799792755
294.8,16.276669489044085
295.0,15.927599318938917
295.2,16.409173470447584
295.4,15.86741527298283
295.6,16.502570104041205
295.8,16.18930270110186
296.0,15.954890315209699
296.2,16.095402813294967
296.4,16.0399322611068
296.6,16.27289841366497
296.8,16.471753577321195
297.0,16.970837858110592
297.2,17.00941262248924
297.4,17.354865232558776
297.6,16.35233989615914
297.8,16.35824407133654
298.0,16.235167770064493
298.2,16.305650583460015
298.4,16.511569711296904
298.6,15.987812000381416
298.8,15.753460092460447
299.0,16.053936540512975
299.2,16.116855084760324
299.4,16.264603611017414
299.6,16.014973396530397
299.8,15.787472699720766
300.0,15.301251592163474
300.2,15.41970518674525
300.4,16.070076660557206
300.6,15.864918341040015
300.8,16.13676155333963
301.0,16.550695437329743
301.2,16.488120902040965
301.4,16.259457214380205
301.6,15.736707838535189
301.8,15.263136371946413
302.0,15.490548087629763
302.2,15.237283663746755
302.4,14.944905223979767
302.6,14.903660788777911
302.8,14.793062112680142
303.0,15.770330605686446
303.2,15.073471413822118
303.4,15.289028656634374
303.6,15.515546855350586
303.8,15.418755750879505
304.0,15.68588212427126
304.2,15.561715417116499
304.4,15.43738093620699
304.6,15.214138943166848
304.8,14.86356272914655
305.0,15.16123979082965
305.2,15.095548841928938
305.4,14.967278352152585
305.6,15.00023726468642
305.8,15.119160082265799
306.0,15.4116291978624
306.2,15.218749691656306
306.4,15.22374941441102
306.6,15.187078917126398
306.8,15.245746292765618
307.0,14.711194263588832
307.2,16.230015547811277
307.4,15.545064723440902
307.6,16.634126054478383
307.8,16.48994614649305
308.0,15.988433949886343
308.2,16.01974087514916
308.4,16.886645204481198
308.6,16.097978892537554
308.8,18.07467947166474
309.0,17.780484117789356
309.2,16.50950020027579
309.4,16.95099075560571
309.6,16.362118640602997
309.8,16.466937454698638
310.0,15.515890940104054
310.2,15.813487690884147
310.4,15.425118959574391
310.6,16.48304886398597
310.8,16.669828775956333
311.0,17.051623951548837
311.2,17.32619608152801
311.4,16.89906058432683
311.6,16.71563270989536
311.8,16.961890599627846
312.0,17.441760164655573
312.2,18.04241907631929
312.4,17.810087359378194
312.6,17.80503852825992
312.8,17.43366317571203
313.0,17.686067838817493
313.2,18.830622476452096
313.4,18.24694467393582
313.6,17.108515030023554
313.8,17.194021363631652
314.0,17.57099019256566
314.2,17.743313214916576
314.4,16.829091796293007
314.6,16.696540320317872
314.8,16.812011666203958
315.0,16.963435959557497
315.2,16.246416778899476
315.4,15.86429885687676
315.6,16.087919920843035
315.8,16.661885231512336
316.0,17.978344352074895
316.2,17.703023723391365
316.4,17.6139466461362
316.6,16.91246568102426
316.8,17.709452478010096
317.0,19.046624333622496
317.2,19.370547138154745
317.4,19.557059011581586
317.6,19.969940967986194
317.8,20.326502079522303
318.0,18.8654312910082
318.2,19.429185346905648
318.4,19.413269167793356
318.6,19.161572444700006
318.8,19.400775488150693
319.0,18.890217238313884
319.2,19.59561366678004
319.4,19.614312479725587
319.6,19.063554895104463
319.8,19.528933407886026
320.0,19.061280626199917
320.2,18.688483338545993
320.4,19.269313155512744
320.6,17.6738321058038
320.8,17.545327100105585
321.0,17.60900893478643
321.2,17.88432444510644
321.4,17.091529502219803
321.6,16.56378492497933
321.8,16.20125449149925
322.0,16.13651888378733
322.2,16.468211906751446
322.4,16.872185785917416
322.6,16.247732082169136
322.8,16.329448044547416
323.0,16.5049837691719
323.2,16.785912158395647
323.4,16.663720775177378
323.6,16.577333387288718
323.8,17.01788171092369
324.0,16.346987185898904
324.2,16.656527898383658
324.4,16.695382072436953
324.6,15.730242296333628
324.8,15.917618926963886
325.0,16.50749487682891
325.2,16.421545979930038
325.4,16.696956345752433
325.6,16.82126686093938
325.8,16.634762172321253
326.0,16.17892311375597
326.2,16.75345477639675
326.4,15.983611329885399
326.6,16.643595291815032
326.8,16.65563102600207
327.0,16.023416275493926
327.2,15.793300704940116
327.4,16.842990553283094
327.6,16.160106341099613
327.8,16.428112611732242
328.0,16.496453537178983
328.2,16.75818607304229
328.4,16.18016065897917
328.6,15.759229489274563
328.8,16.016718035009024
329.0,15.672445831987353
329.2,16.091202305813326
329.4,15.933091607364853
329.6,15.595416140451867
329.8,15.96158401615935
330.0,15.675571231581596
330.2,15.687794116209236
330.4,15.776695298698694
330.6,15.614950119136981
330.8,15.80080593663045
331.0,15.936302760918629
331.2,15.771639743584656
331.4,16.1102816655684
331.6,16.313745254138535
331.8,14.909524221546047
332.0,15.535243676076245
332.2,15.41348616651832
332.4,15.617534015876796
332.6,15.537996035692903
332.8,14.994100080949107
333.0,15.315103215554178
333.2,14.844403180570051
333.4,15.017959284891443
333.6,14.766207982397543
333.8,14.692946935829001
334.0,14.699602334587565
334.2,14.720994625796575
334.4,15.152226234123438
334.6,15.7104656116107
334.8,16.022176765658937
335.0,16.238735761234256
335.2,16.19069478662953
335.4,15.828197782249338
335.6,16.036826448721783
335.8,16.526027823744617
336.0,16.805980203582525
336.2,15.989033415965574
336.4,16.11251350893896
336.6,16.33322063137509
336.8,16.40870510514
337.0,17.043997426765788
337.2,16.28395591902427
337.4,16.14389109692361
337.6,17.010829187562667
337.8,16.441705592260075
338.0,16.180544246782425
338.2,15.390557108007858
338.4,16.090752613206732
338.6,16.413990647984157
338.8,16.215316457294545
339.0,15.842028657418927
339.2,15.1264446754738
339.4,15.147377070388437
339.6,14.713350246754493
339.8,15.473897810331943
340.0,15.162703380701679
340.2,15.439864613182833
340.4,15.112472197318535
340.6,15.953903537051787
340.8,15.405615205750001
341.0,16.00668452123716
341.2,16.74278500603723
341.4,16.971588495507472
341.6,17.060663359659987
341.8,16.938863114257543
342.0,17.28693186291112
342.2,16.937767526394026
342.4,17.017036771115908
342.6,16.925404327327822
342.8,17.336430662086364
343.0,16.80672098610868
343.2,17.608124207265195
343.4,16.598716891516332
343.6,16.608944027918383
343.8,16.331946780560738
344.0,15.761497557211857
344.2,15.518974746324366
344.4,15.89957064521845
344.6,15.80306109584293
344.8,16.286140714364258
345.0,16.289774854809284
345.2,16.02801995866508
345.4,16.025397643781847
345.6,15.801737489265136
345.8,15.916870221333038
346.0,16.557464197010205
346.2,16.51157913842483
346.4,15.820857129165464
346.6,16.57767454595948
346.8,16.29445897381348
347.0,16.184013312789926
347.2,16.04910885674373
347.4,15.587818780739118
347.6,15.468756678287978
347.8,15.642922859625038
348.0,16.20231327744292
348.2,15.480646713538764
348.4,15.284168244569056
348.6,15.774163815171459
348.8,15.867148676423922
349.0,15.734464347536974
349.2,15.986811846478284
349.4,15.8945562223031
349.6,16.233818784567553
349.8,15.915998821826793
350.0,15.787747121550836
350.2,16.137975159605848
350.4,16.346248328220458
350.6,16.30374734331845
350.8,16.437069754281616
351.0,16.46167456467729
351.2,17.093874997838476
351.4,16.554382722021575
351.6,16.38098305715854
351.8,15.77377037467744
352.0,15.505053638137213
352.2,15.726794386230598
352.4,16.27799974691464
352.6,15.670869642746005
352.8,16.262427435757903
353.0,16.163352608879535
353.2,16.494491803722763
353.4,16.316944490763852
353.6,16.689118432740763
353.8,16.27266969373253
354.0,15.605750343828857
354.2,15.671386141891952
354.4,15.950792368546356
354.6,15.608920114666061
354.8,16.225119133072965
355.0,15.86890177348234
355.2,16.394361303270944
355.4,16.488123975038985
355.6,16.621822922001787
355.8,16.447366735103376
356.0,16.47993155154043
356.2,16.18809453277718
356.4,16.417862407764126
356.6,16.23987294775252
356.8,15.96210276113936
357.0,15.306735446565531
357.2,15.649161270595675
357.4,14.98514078494797
357.6,15.053474050191193
357.8,15.556841105779746
358.0,15.798893740842697
358.2,16.05979470151054
358.4,15.177704849573637
358.6,15.402311864724517
358.8,15.456775888500442
359.0,15.642891940402365
359.2,14.885209608953648
359.4,15.107545896778378
359.6,15.254371590741032
359.8,15.164745921504263
360.0,15.08560959216905
360.2,15.510282383030402
360.4,15.17211356596974
360.6,14.77280035483256
360.8,14.606909901045494
361.0,15.061906527191677
361.2,15.234424898985065
361.4,15.300393327316517
361.6,15.273169473002678
361.8,15.211849593864331
362.0,15.945419690742993
362.2,15.958872451120282
362.4,15.166104505843254
362.6,15.484073506614521
362.8,15.682900188194857
363.0,15.413183889484888
363.2,15.37899547825506
363.4,15.277158982459454
363.6,15.576597823876694
363.8,15.614657010427893
364.0,15.92782767241102
364.2,15.947649444880398
364.4,16.139935196642146
364.6,15.43822521112526
364.8,15.546250638494296
365.0,15.645220882825399
365.2,16.263908330209276
365.4,15.690457533236554
365.6,15.876110053171743
365.8,15.517673826020813
366.0,15.394928404159815
366.2,15.347038393576963
366.4,14.758333691627016
366.6,14.912488168015694
366.8,14.679231321122026
367.0,14.662677387221425
367.2,14.134520311993011
367.4,14.396417085090437
367.6,14.319318920407103
367.8,14.352238311588113
368.0,14.507452119879979
368.2,14.716532908840769
368.4,15.34926501068033
368.6,15.579891702795944
368.8,14.839377175921737
369.0,14.62531844975512
369.2,14.807301871540075
369.4,15.039468629808495
369.6,14.933643379821577
369.8,15.311286674253921
370.0,15.199052631057707
370.2,15.190910181076902
370.4,15.021783200536936
370.6,14.952816554239357
370.8,15.275457685414771
371.0,15.113683378512082
371.2,16.212792243889396
371.4,16.003431060899253
371.6,16.41155438974384
371.8,16.910078150498535
372.0,17.07308813106447
372.2,17.182365172072284
372.4,17.459013184601453
372.6,16.747186239282964
372.8,16.446302179483652
373.0,15.528442229215269
373.2,16.144911793190026
373.4,15.865808656663907
373.6,15.915373655307105
373.8,16.082374928588234
374.0,16.04645792394187
374.2,16.080860143505017
374.4,15.388773050940436
374.6,14.867022266293597
374.8,14.997328347504432
375.0,15.11228140595848
375.2,15.119684118075845
375.4,14.905200589817154
375.6,15.268970369143656
375.8,14.858676365623054
376.0,15.278804111631777
376.2,15.09444301623188
376.4,14.935880725543708
376.6,15.993644364837795
376.8,16.37651430384186
377.0,16.368757627112096
377.2,16.4214315610578
377.4,16.653435782700285
377.6,16.302418294694668
377.8,16.373557063221458
378.0,16.26463287152636
378.2,16.730276451327548
378.4,16.52303984943745
378.6,16.453658176339548
378.8,16.320817178563868
379.0,16.629837306562884
379.2,16.50764856927028
379.4,16.49121204915198
379.6,16.622065625997028
379.8,16.568326288670832
380.0,16.37437305119799
380.2,15.856824865936758
380.4,16.363076067897378
380.6,16.776944568712416
380.8,16.5074850436155
381.0,16.25713621130466
381.2,16.13111950653542
381.4,16.446602498024014
381.6,17.112338839906144
381.8,16.873604488243878
382.0,17.217582952666252
382.2,16.93940033690485
382.4,17.391286380242054
382.6,17.18554090453044
382.8,16.66918903252241
383.0,16.442857472421526
383.2,16.69074611277464
383.4,16.458588952832688
383.6,16.00142331565365
383.8,15.735499894569445
384.0,16.40221066912627
384.2,16.243387339307272
384.4,16.212024220110937
384.6,15.700774852870268
384.8,16.1431784503744
385.0,16.376491017092047
385.2,16.073270960640087
385.4,15.119160058837558
385.6,15.434366384574396
385.8,15.498523193347467
386.0,15.402467056100388
386.2,16.016877159745317
386.4,16.043979366442144
386.6,15.469457257411243
386.8,15.087279600701606
387.0,15.586480488965371
387.2,15.792627220839663
387.4,15.628970907986936
387.6,15.718840578777959
387.8,15.944787980941737
388.0,16.007472223647152
388.2,15.803752745210023
388.4,15.848738655736774
388.6,15.655195636639803
388.8,15.5285667893454
389.0,15.382452611518083
389.2,16.05349406527662
389.4,15.74972947538524
389.6,15.908587643680045
389.8,15.697451998096799
390.0,15.969005760381625
390.2,15.651968927206056
390.4,15.74491910905617
390.6,15.810800894611292
390.8,16.11299795299019
391.0,15.630790841229217
391.2,16.160830595880483
391.4,15.868864167843581
391.6,15.937685648001088
391.8,16.065444021304792
392.0,15.678277141966817
392.2,15.6302003027156
392.4,15.14175893624029
392.6,15.419874816865493
392.8,15.021320369938136
393.0,15.161083669813628
393.2,14.60733864636472
393.4,15.395742523421344
393.6,15.415960544484337
393.8,15.673494914356542
394.0,15.627365278704954
394.2,15.599313677246098
394.4,15.81265957320367
394.6,15.31104922000324
394.8,16.01801639877094
395.0,15.6588119716241
395.2,15.154593116712237
395.4,14.83129440482992
395.6,14.474661509954306
395.8,14.6514428621954
396.0,15.020140492638363
396.2,14.949383957095478
396.4,15.806267719789911
396.6,15.571220664040222
396.8,16.154781000981625
397.0,15.91520953925574
397.2,16.007906435728145
397.4,15.0793088422089
397.6,14.966070234302073
397.8,15.256750437984174
398.0,15.23917506536889
398.2,16.09900613225834
398.4,15.628462496145001
398.6,15.418596985062734
398.8,16.002039281059275
399.0,15.609580605736388
399.2,15.730533037764909
399.4,15.855985256426594
399.6,15.875171779680803
399.8,15.43254212235803
400.0,14.996802612101765
400.2,15.275160205571513
400.4,14.467697351470273
400.6,14.978819977869033
400.8,15.012756059689634
401.0,14.638801441807438
401.2,15.577358625888865
401.4,15.647225033302572
401.6,15.427347388763284
401.8,15.165969630946407
402.0,15.061755602753301
402.2,15.13758434548591
402.4,14.917020455176583
402.6,14.996957072504156
402.8,15.032726431767777
403.0,15.055809036646124
403.2,15.11655729706791
403.4,14.997161187662568
403.6,15.461622753980723
403.8,15.557875258346193
404.0,15.369493491273731
404.2,15.647189569559885
404.4,15.568007550906827
404.6,15.653578202153579
404.8,15.99980664577808
405.0,15.296373931336007
405.2,15.486418747858373
405.4,15.668016020508622
405.6,15.490754840536574
405.8,15.595721168597098
406.0,15.545291052592006
406.2,16.231852826600676
406.4,15.795919163703543
406.6,16.38973734619173
406.8,16.510887977110443
407.0,16.193463996662274
407.2,15.68865831884409
407.4,15.89483112805043
407.6,15.76273851001826
407.8,15.507000722760843
408.0,15.430522737008733
408.2,15.869902178119979
408.4,15.863102687632022
408.6,15.806354757094232
408.8,15.929373027614487
409.0,15.849088499968198
409.2,15.563223265634388
409.4,16.04037832204867
409.6,16.040729854567225
409.8,16.32405565222214
410.0,16.382622862947766
410.2,16.629531366715234
410.4,15.9499029543748
410.6,16.012613457676636
410.8,15.750884178782705
411.0,15.636842824627257
411.2,16.72140319458696
411.4,16.601184103335314
411.6,16.595062229186254
411.8,16.747155188466262
412.0,16.728803693479517
412.2,17.022111336762617
412.4,16.29149237591102
412.6,16.561667677660267
412.8,16.450433094393176
413.0,15.892360197551277
413.2,15.640657257736738
413.4,15.506602392981158
413.6,15.54722343621564
413.8,15.843926810035674
414.0,15.81938986710263
414.2,16.25169093613749
414.4,15.745442732272416
414.6,16.04304930239689
414.8,16.38879995686457
415.0,16.242382298950186
415.2,17.135776497630772
415.4,16.381304578274708
415.6,15.579684683887706
415.8,15.621711873028254
416.0,15.910597940964717
416.2,15.90630338322371
416.4,15.32622433558127
416.6,15.803778159204747
416.8,15.625828761771746
417.0,16.000387449871287
417.2,16.067582530433313
417.4,15.90580405737576
417.6,16.099723190755512
417.8,16.142718676851736
418.0,16.208181224279837
418.2,16.193418375029506
418.4,16.472973247750772
418.6,16.161249585409802
418.8,15.883063112525482
419.0,15.859308650965719
419.2,15.5749586629749
419.4,15.38952067752774
419.6,15.644284743933143
419.8,16.07505335929222
420.0,15.297760309502433
420.2,15.91993933777684
420.4,15.701199052716301
420.6,15.728815464716607
420.8,16.109171648752103
421.0,16.156752004554306
421.2,15.797910424983751
421.4,15.547084342438154
421.6,15.276986527096724
421.8,15.078444780579108
422.0,15.019631417990391
422.2,14.773188607972203
422.4,15.299405923163391
422.6,15.952370870184886
422.8,16.480808278602844
423.0,16.237806512975144
423.2,16.72025336670599
423.4,16.338349659869515
423.6,16.43002340189036
423.8,16.525402043397705
424.0,16.131831550129824
424.2,16.413385463847167
424.4,16.128672049092955
424.6,16.040717296338048
424.8,15.782626558957212
425.0,15.899525451709904
425.2,15.453474080649777
425.4,15.636280041638834
425.6,15.665633659560068
425.8,15.586230169306463
426.0,16.26398050895835
426.2,15.99410780262674
426.4,16.10143649840108
426.6,16.21309771980198
426.8,15.679663766302854
427.0,15.372706447261875
427.2,15.660207620111795
427.4,15.110438117428158
427.6,15.52245843794452
427.8,16.309478646537254
428.0,16.201228670287094
428.2,16.426839141135986
428.4,16.257846792782757
428.6,15.720435163538886
428.8,15.538572221095183
429.0,15.755338870566554
429.2,16.239439280380562
429.4,16.384981037064644
429.6,16.064656829742344
429.8,16.090185445768917
430.0,15.543147539991862
430.2,15.842631660232867
430.4,15.920148055094668
430.6,16.045568929611225
430.8,15.465002612955573
431.0,15.127650673230526
431.2,15.562486478292374
431.4,15.515150274324013
431.6,15.44476794732508
431.8,15.104799291216768
432.0,15.353120655332456
432.2,15.699588781933576
432.4,15.844138830330758
432.6,15.904108942703774
432.8,15.701263606557326
433.0,16.01845043293829
433.2,16.33357151325731
433.4,16.51094213527565
433.6,16.535839973345606
433.8,16.242735035647552
434.0,15.80773864959857
434.2,15.489231272669599
434.4,16.110079896305145
434.6,15.98986698842688
434.8,16.211210760805752
435.0,15.925324242961281
435.2,15.960187728725337
435.4,15.627100753203035
435.6,15.53069897031543
435.8,15.473623987733552
436.0,15.720797399446631
436.2,15.536091913202066
436.4,16.061132807551285
436.6,16.22787127482445
436.8,15.704143596851798
437.0,15.671875491707809
437.2,15.537323241471729
437.4,15.881147000499134
437.6,15.86858813227522
437.8,16.167778521452053
438.0,16.061982096306874
438.2,15.451080456403616
438.4,15.900009585416813
438.6,16.071447923229876
438.8,16.021577720524654
439.0,15.477078436096987
439.2,15.644956914811454
439.4,15.590530414025165
439.6,15.569697490675074
439.8,15.609933905495604
440.0,15.501471084667182
440.2,15.533958509104576
440.4,15.871390492912465
440.6,16.003867567807546
440.8,16.015383837797334
441.0,15.93231944264004
441.2,15.944752164505985
441.4,15.533686678265486
441.6,15.526258349545047
441.8,15.658676973484473
442.0,15.806629543300069
442.2,15.831062600550352
442.4,15.544469003047501
442.6,15.927645764335486
442.8,16.355093976255233
443.0,16.198598350387027
443.2,16.525644144005895
443.4,16.69144563450641
443.6,16.28325827673634
443.8,15.8275774082983
444.0,15.97552239193561
444.2,16.388866023418757
444.4,16.229718831802845
444.6,16.1117660403397
444.8,16.84744580350338
445.0,16.637005806318005
445.2,16.382889287688386
445.4,16.64676865992487
445.6,16.146083064618253
445.8,16.4575364497373
446.0,16.384188313660385
446.2,15.782106756371242
446.4,16.341672957063892
446.6,16.35491544230545
446.8,16.446356580962256
447.0,15.92035004403498
447.2,15.982860498598786
447.4,15.863361364378106
447.6,16.025932599525923
447.8,15.397953364562518
448.0,15.656398627258001
448.2,15.682617202589684
448.4,15.661585312021364
448.6,16.25068605547206
448.8,15.949551663884074
449.0,16.338977615707833
449.2,15.67457071822481
449.4,15.67580756689544
449.6,15.935760910540537
449.8,15.909163974077615
450.0,16.36192819996389
450.2,16.42586313604517
450.4,16.378267678697792
450.6,16.417544156780764
450.8,15.567223643517059
451.0,15.199933782310456
451.2,15.515379670045471
451.4,15.570387878261073
451.6,15.700215771535602
451.8,15.46293807327173
452.0,15.359218899621375
452.2,15.207298392521443
452.4,15.203343503284561
452.6,14.970608893765263
452.8,15.652814322335757
453.0,15.500867635215211
453.2,15.83877599596218
453.4,16.579306045636713
453.6,15.744360213222613
453.8,16.072611056985227
454.0,16.073287676641115
454.2,15.71108993769207
454.4,15.833092499108757
454.6,15.080098056528806
454.8,14.937595662826848
455.0,15.82944102866322
455.2,15.972957264113328
455.4,16.313999688142516
455.6,15.979702697771565
455.8,15.486915633237398
456.0,16.289209581598097
456.2,15.787839488796624
456.4,15.771597666726871
456.6,16.249601377989087
456.8,16.03754726778154
457.0,16.307524823252137
457.2,16.098319198412906
457.4,15.619984893346777
457.6,15.77164267656985
457.8,15.566273346020274
458.0,15.11905279110903
458.2,15.505520843394411
458.4,15.155696675121096
458.6,15.697867935862877
458.8,15.921050914683072
459.0,15.389996655666804
459.2,15.747743957544408
459.4,15.807177611782826
459.6,15.9633359870884
459.8,16.202461966880936
460.0,15.836103061134217
460.2,15.315274804909764
460.4,15.202038296113255
460.6,15.498437038304527
460.8,16.233630294826277
461.0,16.194400581613507
461.2,15.942873422513182
461.4,15.944702562200648
461.6,15.870396552388064
461.8,16.137767819056496
462.0,16.096206056638817
462.2,15.84915596444292
462.4,16.0855894771582
462.6,16.00292709792225
462.8,16.083602558300232
463.0,15.41029809526556
463.2,15.378624539217897
463.4,16.104643573279034
463.6,16.199272939848
463.8,16.632031099352073
464.0,16.12642376514873
464.2,16.178327907279172
464.4,16.012617886540735
464.6,15.492236056145117
464.8,16.092222341305803
465.0,16.461308223587082
465.2,16.358427998984425
465.4,16.394496268430593
465.6,16.08571646453969
465.8,16.05304991782431
466.0,15.435164964558695
466.2,16.078970947693644
466.4,16.334080502059972
466.6,16.231859415567833
466.8,16.436967900353935
467.0,15.686833269199123
467.2,15.588498441674828
467.4,15.627489536980423
467.6,16.22558957063862
467.8,16.23451355775877
468.0,16.27287941584943
468.2,16.137686716461342
468.4,16.41586649683952
468.6,16.408563471092304
468.8,16.723234612279903
469.0,15.96023528006232
469.2,16.33770222237163
469.4,16.664982493945825
469.6,16.042882930080317
469.8,15.820456328145605
470.0,16.170545817424244
470.2,16.42914397444969
470.4,16.254168985161996
470.6,15.912538438834389
470.8,16.422835561956024
471.0,16.104549237027637
471.2,16.363116732549816
471.4,16.605470675617443
471.6,16.08051017664274
471.8,16.05243505568424
472.0,16.082826186245207
472.2,15.767796071341527
472.4,15.548104219866051
472.6,16.147327064221194
472.8,15.422967086239838
473.0,16.061226547296755
473.2,15.780322431785809
473.4,16.015876647206447
473.6,15.70468821512684
473.8,16.064017466529783
474.0,15.850717165789563
474.2,15.653048396434727
474.4,15.10510418403468
474.6,14.77578034174872
474.8,15.064298148399683
475.0,15.103264653022602
475.2,14.770205389166227
475.4,15.071411400825363
475.6,15.73760036422841
475.8,16.10525462508405
476.0,16.095936823379994
476.2,16.234566785307504
476.4,16.532845073806293
476.6,16.828126090632363
476.8,16.46514809781054
477.0,16.441200725987297
477.2,16.398810013448497
477.4,16.076903542274525
477.6,16.118573134264064
477.8,16.597630971920807
478.0,15.965355409004955
478.2,15.65326686855901
478.4,16.357932948697307
478.6,15.809296416710865
478.8,15.433366085512644
479.0,16.067401084487436
479.2,15.786254538312306
479.4,15.909990078698964
479.6,16.306484339241546
479.8,16.396514393795538
480.0,15.968365840682106
480.2,15.925363030594006
480.4,15.616768317192562
480.6,16.208056564607595
480.8,16.162053489699893
481.0,16.240795600793145
481.2,16.67131969430735
481.4,15.625244964511623
481.6,16.10037581326791
481.8,15.48834574432292
482.0,15.700920989539284
482.2,15.888608441605703
482.4,15.981964079607838
482.6,15.866032022161898
482.8,15.976383281062205
483.0,16.608832718434225
483.2,16.154766258418096
483.4,16.07390885365453
483.6,16.339142879014112
483.8,16.13544717597268
484.0,16.021791893142087
484.2,16.244249987794117
484.4,16.241066161479644
484.6,16.063148224290305
484.8,16.472348846474002
485.0,16.0611050087301
485.2,16.19249854135063
485.4,16.53337713437239
485.6,16.73849846783377
485.8,15.94111893344288
486.0,16.362732759002128
486.2,16.685479040101136
486.4,16.62709861486068
486.6,16.235142097012584
486.8,16.636728600776372
487.0,16.783963182114004
487.2,16.112386014445207
487.4,16.050823688263023
487.6,15.769622213052832
487.8,15.584788108337479
488.0,16.240905337538265
488.2,16.531101548362173
488.4,16.4035070764226
488.6,16.527821300101294
488.8,16.50629644006054
489.0,16.065587232035547
489.2,16.088425189975645
489.4,16.635843334776432
489.6,16.132368557436433
489.8,15.90378861844733
490.0,16.190783361790658
490.2,15.29530419729177
490.4,15.184314935159502
490.6,15.690069286280599
490.8,15.849765462349268
491.0,15.993832765743516
491.2,15.762849949715354
491.4,15.801993246496544
491.6,16.078705453766432
491.8,16.293073869593428
492.0,15.7402885929605
492.2,16.07285852987096
492.4,16.153413618939318
492.6,15.8031474545706
492.8,15.960620022293945
493.0,16.454034538610273
493.2,15.636896708695755
493.4,15.933013037088621
493.6,15.868386406236251
493.8,15.396145921037725
494.0,15.687038059393837
494.2,15.728445824017054
494.4,15.583802374774843
494.6,15.721063689383936
494.8,15.730102998556292
495.0,16.08871368367818
495.2,15.71996764303445
495.4,15.469377042350182
495.6,15.304710380375738
495.8,15.150327585604163
496.0,15.652979747801613
496.2,15.880992979535549
496.4,15.925371053804573
496.6,16.270282776457965
496.8,16.776919325451466
497.0,16.281591685169207
497.2,16.840310855428786
497.4,16.356539106676347
497.6,16.332426349198784
497.8,15.788687875114398
498.0,16.137553458087503
498.2,16.082339295758484
498.4,16.693730366281798
498.6,15.889263818103391
498.8,16.31752941440969
499.0,16.319173447075872
499.2,16.753185800231428
499.4,17.194190330009857
499.6,17.837417454129838
499.8,17.873801629328277
500.0,17.522464996194397
500.2,17.521024447128138
500.4,16.88276090227189
500.6,17.176698817077053
500.8,16.25835248016792
501.0,16.201549615723188
501.2,16.461200011899887
501.4,16.138064249149238
501.6,16.894460291899605
501.8,16.354446132883126
502.0,16.894745658196392
502.2,17.52127825631067
502.4,17.406791277489408
502.6,17.810114990074602
502.8,17.696717725445957
503.0,18.009619993548696
503.2,17.69782217328686
503.4,18.086808588692307
503.6,18.103730127025436
503.8,18.258074976730004
504.0,18.511120348313234
504.2,18.398722027588907
504.4,17.97581682582917
504.6,18.008406492960138
504.8,18.05021250375687
505.0,17.89495204447619
505.2,17.047711229431393
505.4,17.20514721389969
505.6,17.28588071346475
505.8,17.753558449257604
506.0,17.816616017391404
506.2,18.268745332617748
506.4,17.857732726157312
506.6,17.877890235172153
506.8,17.486727956004515
507.0,16.797330309584858
507.2,16.589906816241022
507.4,16.664602274069516
507.6,16.23088621969778
507.8,16.62295926260618
508.0,16.44908165807099
508.2,16.41666779371496
508.4,16.123542822779225
508.6,16.502682055800598
508.8,16.14485598569408
509.0,16.11426129769902
509.2,15.98554717939619
509.4,16.38553385628083
509.6,16.173725059262654
509.8,16.727595220348096
510.0,16.231688628753588
510.2,17.054817409521736
510.4,16.49914945750915
510.6,16.95340983007021
510.8,16.836897495185895
511.0,16.811174689981428
511.2,17.1513459629541
511.4,16.58364401479894
511.6,16.483906707041093
511.8,16.3247973612607
512.0,16.709573934427375
512.2,17.2921666031235
512.4,16.733790191773043
512.6,16.26407348219253
512.8,16.41740290285143
513.0,15.99867405910997
513.2,16.370167442012363
513.4,15.887356837515059
513.6,15.915701737001628
513.8,15.685727034645137
514.0,15.69196500002569
514.2,15.524477328162709
514.4,15.013267828524476
514.6,15.245867513505882
514.8,15.108171414046295
515.0,15.123320598922662
515.2,14.98476494352455
515.4,14.765884101959655
515.6,15.10411737925319
515.8,15.420691120175649
516.0,15.374928726226214
516.2,15.65453129462818
516.4,15.664752043538257
516.6,16.040813688120746
516.8,16.27320812383878
517.0,15.579326312213729
517.2,15.58903862668936
517.4,15.157993577740358
517.6,15.999223115367695
517.8,16.42033008031404
518.0,16.102155450939087
518.2,16.00865375831564
518.4,16.418310035433095
518.6,15.83304993916872
518.8,16.033501306600726
519.0,15.353208755916349
519.2,15.209863515004624
519.4,15.272009841480186
519.6,15.556887489965485
519.8,15.468010625712154
520.0,15.405516332142833
520.2,15.280527574123507
520.4,15.795453473396128
520.6,16.04144387411234
520.8,14.961103538190123
521.0,15.016459147642315
521.2,14.862029385198934
521.4,14.596294400197621
521.6,14.885220843119082
521.8,14.962432505775322
522.0,15.157559329941696
522.2,15.121494280782692
522.4,15.210764980652783
522.6,15.295943041254054
522.8,15.383939314115745
523.0,14.815201538834513
523.2,15.284975732159808
523.4,15.47536912483502
523.6,15.04543495797818
523.8,15.368044696438929
524.0,15.28774739270467
524.2,15.300492440286442
524.4,15.123201453670855
524.6,14.365123792488115
524.8,14.201508988165113
525.0,14.554767209307508
525.2,14.361137893219347
525.4,14.184696151862372
525.6,14.044313259595498
525.8,14.219067283920797
526.0,14.361252548271747
526.2,14.712001590724968
526.4,14.794287035160922
526.6,14.715758814283582
526.8,15.004764791872754
527.0,14.604466227037458
527.2,14.428847716968505
527.4,14.265031666137528
527.6,14.41409952187808
527.8,14.65401973715087
528.0,14.30052178842125
528.2,14.514116761929207
528.4,14.743186045459684
528.6,15.253811285282525
528.8,15.579214337909292
529.0,15.523825110576832
529.2,15.727959961115378
529.4,15.72757959523136
529.6,15.309361395368233
529.8,14.63511328449753
530.0,14.9237679638601
530.2,15.189126590411163
530.4,15.607547707029141
530.6,15.798737396109157
530.8,15.885792961342972
531.0,15.436435360240804
531.2,15.580532345873602
531.4,15.345643718121512
531.6,15.63059760939409
531.8,16.195627743689066
532.0,16.180752081754527
532.2,15.72231254516803
532.4,16.526023806899655
532.6,16.670336805099993
532.8,16.151034383228712
533.0,16.24717594405729
533.2,16.606699527706745
533.4,16.080371755045533
533.6,16.458994444926024
533.8,16.825684407509733
534.0,16.89538518155154
534.2,16.8807320433948
534.4,16.73783946488903
534.6,16.780094573424734
534.8,16.972759315781673
535.0,16.487458527167764
535.2,16.356425605975495
535.4,16.41507583569139
535.6,16.807250197209328
535.8,16.62207204842123
536.0,16.62844594274749
536.2,16.757893920756533
536.4,16.784914490132202
536.6,16.508579428514178
536.8,16.5139402711526
537.0,16.693402797073396
537.2,16.495987986818797
537.4,16.713801495130237
537.6,16.804824940159634
537.8,16.625727374582162
538.0,16.975216380527222
538.2,16.42535862617563
538.4,16.652875144534743
538.6,16.77506384195931
538.8,17.34993768172391
539.0,17.36383633123613
539.2,18.025063200269674
539.4,17.223414325197638
539.6,17.18831572464392
539.8,17.06227217102183
540.0,16.250708637185273
540.2,16.008125917665662
540.4,16.12844228498327
540.6,15.971642719173236
540.8,16.233990059799225
541.0,16.094729460038163
541.2,16.716092562100048
541.4,16.3977611586305
541.6,16.246140641107477
541.8,16.115983464091688
542.0,16.135070391765545
542.2,15.497425806787628
542.4,15.749760511564006
542.6,15.934827615752738
542.8,15.739396425113712
543.0,15.577955605150592
543.2,15.82142976150922
543.4,15.977643157025156
543.6,15.174586537855472
543.8,14.8756719501954
544.0,15.147972783679464
544.2,15.228063725445729
544.4,15.564156043286484
544.6,16.138510692406584
544.8,16.258263751574948
545.0,15.931916944593778
545.2,15.945761526219451
545.4,15.955003904860412
545.6,16.27341463034033
545.8,16.013636428433895
546.0,15.648632214806735
546.2,15.672147056374609
546.4,15.551490876334908
546.6,15.732453692365123
546.8,15.132837385471694
547.0,15.123333120924919
547.2,15.700860445765187
547.4,15.653634204879749
547.6,15.609502497029734
547.8,15.910235678291931
548.0,15.786167447601544
548.2,15.61073451179318
548.4,15.61424619330503
548.6,15.900290235528686
548.8,16.191102928648988
549.0,16.51846579201154
549.2,15.939264468270512
549.4,16.48873713843942
549.6,15.84982606441133
549.8,15.621346489074266
550.0,15.1900204479559
550.2,15.322910668581823
550.4,15.531047809493499
550.6,16.103523331784707
550.8,16.045857148782442
551.0,15.927151952855908
551.2,16.095941406615793
551.4,15.975849549963701
551.6,15.725005027734229
551.8,15.486891151900082
552.0,15.248372234037436
552.2,15.608807536385532
552.4,15.763467181212844
552.6,15.579047993707864
552.8,15.686724288517809
553.0,15.989126296171257
553.2,15.851917066840288
553.4,16.36516079083908
553.6,17.398355968198175
553.8,17.603086916539127
554.0,16.322990632619366
554.2,17.06059466580087
554.4,17.19759890546382
554.6,16.92569988059144
554.8,17.171742108982418
555.0,17.56359619889397
555.2,17.897736682167967
555.4,18.119375113876128
555.6,18.430906770534865
555.8,18.176359268607634
556.0,18.43905993984325
556.2,17.820006666397013
556.4,17.08939156067819
556.6,16.193958903691204
556.8,16.986465457352914
557.0,17.016957793694367
557.2,16.366900582356653
557.4,16.91384070816417
557.6,17.382619287729646
557.8,17.239430338365317
558.0,17.464475734319677
558.2,16.77922771773011
558.4,17.08749540591861
558.6,16.129216009790174
558.8,15.84416475628313
559.0,16.36491773008093
559.2,16.14102933564186
559.4,15.548520537635216
559.6,16.470871702646267
559.8,17.218605647692183
560.0,17.35002443073356
560.2,17.0220691224283
560.4,16.9057707517958
560.6,16.061212642840385
560.8,15.958047460130329
561.0,16.406269888597635
561.2,16.322631272712968
561.4,16.454848221156958
561.6,16.947645023796415
561.8,17.3586780001508
562.0,15.871129866082558
562.2,16.84396072732634
562.4,17.21832180106658
562.6,17.2259025844128
562.8,17.276868630719335
563.0,16.571587957741414
563.2,16.251876707210343
563.4,16.988047896507723
563.6,16.59373427965625
563.8,16.929628944692855
564.0,16.95050323407309
564.2,16.377732652536107
564.4,16.569704969831697
564.6,17.158327620747006
564.8,17.42796420868161
565.0,18.214333304161674
565.2,16.61621365117057
565.4,16.767716345356153
565.6,17.391487213871134
565.8,17.820041279878154
566.0,17.516987273436506
566.2,17.898342313439045
566.4,17.88209029036142
566.6,18.239475290448894
566.8,17.927187538804652
567.0,18.144904890642955
567.2,17.289408782377276
567.4,17.37404794160925
567.6,18.618048947895865
567.8,18.751662965186778
568.0,18.838250724788313
568.2,19.418929380250333
568.4,19.268368913044867
568.6,18.325300430420764
568.8,18.44624259283069
569.0,19.123860712919544
569.2,18.960003873350296
569.4,19.081404096625583
569.6,18.850613837081376
569.8,19.092488645231526
570.0,19.55507537699486
570.2,19.73092164006459
570.4,19.581102697637682
570.6,19.1382352529116
570.8,19.02241191966731
571.0,19.14480679306347
571.2,19.590833967371978
571.4,18.93673683875263
571.6,19.13645544812097
571.8,18.827059401012836
572.0,18.46475226598252
572.2,18.399368257876453
572.4,19.45312603878086
572.6,19.601835628631278
572.8,18.90399109628694
573.0,18.432529730805832
573.2,19.07492107724156
573.4,18.31241909533577
573.6,18.252814448809616
573.8,17.197190946059294
574.0,16.140648276304887
574.2,16.309207379619743
574.4,17.05374608730046
574.6,17.8463019464697
574.8,18.125742511947454
575.0,18.312170980514683
575.2,18.103919081712338
575.4,17.56327011184854
575.6,18.24033499989181
575.8,18.13916007986465
576.0,17.80563321212963
576.2,18.10401535715717
576.4,18.49007451189929
576.6,17.743587569342427
576.8,17.913518758605058
577.0,18.43781720091067
577.2,18.50757937440111
577.4,18.35988744558473
577.6,17.23866136024396
577.8,17.24708565568171
578.0,18.30035628806724
578.2,17.935498886103847
578.4,18.56828639290884
578.6,18.57469113944521
578.8,18.218879440075966
579.0,18.244227997153175
579.2,18.761616322241636
579.4,18.399876619564285
579.6,18.006294052036278
579.8,18.238307543788153
580.0,18.74608220074716
580.2,19.259349652006893
580.4,18.572748461477197
580.6,19.139046048890783
580.8,17.607008513970797
581.0,17.691935677935284
581.2,17.36215218059286
581.4,17.60045211926999
581.6,17.547637348741645
581.8,16.662941433488317
582.0,16.442230830073676
582.2,17.034440218257252
582.4,17.463855732613172
582.6,16.759495590561304
582.8,17.06725450519367
583.0,16.240201352208143
583.2,16.96133859619873
583.4,16.631367098954783
583.6,15.794089878223598
583.8,16.496513919299925
584.0,16.447576852621467
584.2,15.805975713295455
584.4,16.41847381583705
584.6,16.159676528687694
584.8,16.06695480245343
585.0,17.356226864038128
585.2,17.124229907953954
585.4,17.386069805856504
585.6,17.622187481791787
585.8,17.449331498834045
586.0,17.759362377152012
586.2,17.727815771486515
586.4,17.041065982893127
586.6,16.478788074499548
586.8,17.018655790721063
587.0,17.416275220167748
587.2,16.61086197739076
587.4,16.99468568912623
587.6,16.982034058691625
587.8,17.511090399985466
588.0,17.98238897518065
588.2,18.299880218898203
588.4,18.950814659095045
588.6,19.542535213452396
588.8,19.45649756651543
589.0,17.82441541465605
589.2,18.61967102496874
589.4,19.075724467886054
589.6,18.675714131494622
589.8,19.94807083139343
590.0,20.54790391707542
590.2,20.589580602206414
590.4,19.35316335250149
590.6,19.30748971800924
590.8,18.8988694235075
591.0,18.47870283361457
591.2,18.732680508505382
591.4,18.814415786053512
591.6,18.92826582728721
591.8,18.840365980775815
592.0,17.63443286425857
592.2,17.14971854320356
592.4,17.387365018856975
592.6,16.77134681234022
592.8,19.400732694101933
593.0,18.85744419306355
593.2,18.889133281871406
593.4,19.128560553440174
593.6,19.833754527703164
593.8,19.21952271622392
594.0,18.047212889486865
594.2,17.801117654076283
594.4,16.875672190060854
594.6,16.21313638807749
594.8,15.599594427648181
595.0,16.074556240148436
595.2,15.569566933078958
595.4,15.522097410465133
595.6,16.13274117060761
595.8,16.185113938962857
596.0,14.830657349026326
596.2,15.288892000469865
596.4,15.333992659882911
596.6,16.067492688945087
596.8,16.20328617849407
597.0,16.319196177846592
597.2,15.654755875640056
597.4,15.637045992009117
597.6,16.01866346347161
597.8,16.419517637591962
598.0,15.681175274880486
598.2,15.538632381296434
598.4,15.433564959241854
598.6,15.799799188058476
598.8,15.828501010649793
599.0,15.507972594299737
599.2,15.468197702827087
599.4,15.462655889467932
599.6,15.40491258462801
599.8,15.29163878903995
600.0,14.907198334280189
600.2,16.006463202331528
600.4,16.937203019955085
600.6,16.75975958066236
600.8,17.189748076496844
601.0,16.5211488773344
601.2,15.826654675693351
601.4,15.540749307948428
601.6,15.487367786546692
601.8,16.186570985732082
602.0,16.332721785751815
602.2,16.056647152825235
602.4,15.927139120664647
602.6,16.307602447247064
602.8,15.993883703870841
603.0,15.593746283349994
603.2,16.12635841710958
603.4,15.946449544938677
603.6,15.842808239934197
603.8,16.706406761634828
604.0,16.79850588945608
604.2,17.086075138445473
604.4,17.07635889767904
604.6,16.21419032163709
604.8,15.87400093099506
605.0,15.670493900441105
605.2,15.402631718817785
605.4,15.390876304204017
605.6,14.713745307617689
605.8,15.131519641401797
606.0,15.558721186885236
606.2,15.223548054525759
606.4,15.249814525998424
606.6,15.104209290129111
606.8,14.958259910384877
607.0,15.323073887343657
607.2,15.555960088427504
607.4,15.030088804700588
607.6,15.116208140395266
607.8,15.45831658972077
608.0,15.291285932805398
608.2,15.285750877503412
608.4,15.122325523892133
608.6,15.507080872446089
608.8,15.262480789569665
609.0,15.682436205880911
609.2,16.16082107895845
609.4,15.825720418842668
609.6,15.953754720184676
609.8,16.508842521645228
610.0,15.678705447773428
610.2,16.044329752714912
610.4,15.917845291532792
610.6,15.831432189681108
610.8,15.739614416773478
611.0,15.444801090872588
611.2,15.593923746763958
611.4,15.458280185016221
611.6,15.814046938811279
611.8,15.37792860129898
612.0,15.405023039373411
612.2,16.19869997003503
612.4,15.94990220641918
612.6,15.52076982153206
612.8,15.806547834716804
613.0,15.681128497600064
613.2,15.855693070458017
613.4,15.966863803419301
613.6,15.176623063323715
613.8,16.184693166648948
614.0,17.20791338663686
614.2,17.60577847304028
614.4,17.412904805941352
614.6,16.30793212105917
614.8,16.075690735296575
615.0,16.253780212237523
615.2,15.578217540699764
615.4,15.911890256139573
615.6,15.629696256924962
615.8,15.431464403690192
616.0,15.20452126649853
616.2,16.384801376002002
616.4,16.119507618290672
616.6,16.831175251756232
616.8,16.931605507875137
617.0,16.689473589203097
617.2,17.16825786656455
617.4,17.29093309790247
617.6,16.469619965944304
617.8,16.772471990033274
618.0,17.079599302561256
618.2,16.702272402372586
618.4,17.561870874502507
618.6,17.28560587770024
618.8,17.055675608009004
619.0,17.958073910166007
619.2,17.991946600473277
619.4,17.248939285020203
619.6,17.04870028112123
619.8,17.43523346672757
620.0,17.561551823133556
620.2,16.60146935658709
620.4,16.991162553931325
620.6,16.184679894725207
620.8,16.51858159865654
621.0,17.311290587060626
621.2,18.19431894978212
621.4,17.77614989787367
621.6,19.038662346027145
621.8,18.48458865076274
622.0,17.986565175207186
622.2,18.6446771960193
622.4,18.716688337870288
622.6,17.655653480934653
622.8,17.813263633489296
623.0,17.32159582066932
623.2,17.57190283649815
623.4,16.812547692808927
623.6,17.341761250093644
623.8,17.949579087585334
624.0,17.439048147745485
624.2,17.58308379875865
624.4,17.374656561395412
624.6,19.12565014634918
624.8,19.320457121529593
625.0,18.06502062906967
625.2,17.928220414503418
625.4,17.733973282349684
625.6,18.464733035231347
625.8,17.82995009900611
626.0,17.842788535093987
626.2,18.371295629947504
626.4,19.195918400157627
626.6,18.561633444365377
626.8,18.77070245243516
627.0,18.934052971130566
627.2,19.16423755253882
627.4,18.63849234711453
627.6,18.72886883333247
627.8,18.138110612819897
628.0,18.472982009311
628.2,18.423088685284853
628.4,18.67209144340958
628.6,18.85787439569277
628.8,17.965307877794107
629.0,17.873571619624045
629.2,17.37480981430775
629.4,17.60078728224068
629.6,18.561828101144574
629.8,18.3611707159143
630.0,17.838384484853457
630.2,17.78052347951896
630.4,18.14177305271777
630.6,18.397684877616992
630.8,17.936212930778932
631.0,17.877726603488696
631.2,17.85263271625434
631.4,17.848023976458556
631.6,17.799115959492557
631.8,17.846010702808147
632.0,17.993979806869003
632.2,17.20510620828231
632.4,17.498299680746467
632.6,17.72508170706721
632.8,17.832403157775964
633.0,17.57925193899341
633.2,18.15396479664017
633.4,18.40506750088172
633.6,18.404019341249093
633.8,18.26904697443152
634.0,17.76232464632286
634.2,18.070278769430168
634.4,18.4036504130097
634.6,17.582205458039034
634.8,17.147037921927733
635.0,18.159163336364728
635.2,18.217757126379762
635.4,18.608429565908843
635.6,18.14993298437612
635.8,17.96995849913316
636.0,17.65443872428225
636.2,17.844809606858853
636.4,18.58221757392033
636.6,18.150860360727354
636.8,17.641219261367446
637.0,15.902189576044446
637.2,15.484974818647167
637.4,15.883963251229735
637.6,14.76111037590179
637.8,14.629091852419254
638.0,15.630659770564057
638.2,15.024650095471452
638.4,15.261281774031152
638.6,16.396427379177208
638.8,16.0792024367682
639.0,16.53675901658214
639.2,17.396794727756145
639.4,16.37758943302398
639.6,17.091186680062847
639.8,17.25603964559987
640.0,16.62054517019791
640.2,16.765680898706837
640.4,17.0357937877993
640.6,17.033471811507482
640.8,17.078790508424277
641.0,16.899803568795072
641.2,17.078584313664244
641.4,16.900119324563498
641.6,17.27260395762115
641.8,17.00381718223113
642.0,17.485357490816313
642.2,18.15802127758568
642.4,16.741630307787158
642.6,16.83984961975241
642.8,17.325561423994543
643.0,17.407612161124423
643.2,17.998244033825827
643.4,17.925096030442194
643.6,18.262090318910037
643.8,18.35875954736569
644.0,18.8647133381942
644.2,17.64453630679062
644.4,18.32973843002182
644.6,17.990999592679827
644.8,18.12417015320896
645.0,17.9162785306367
645.2,18.483670229849555
645.4,18.028926479697958
645.6,18.15687211367146
645.8,18.199361480636785
646.0,18.418668580708342
646.2,18.73817106545124
646.4,17.905450422443046
646.6,16.53438714862594
646.8,17.184660799944883
647.0,17.253073056843636
647.2,17.566639392075192
647.4,17.584727734677102
647.6,17.13250628658838
647.8,17.37678487064497
648.0,16.76350504781155
648.2,16.715209639952246
648.4,17.234985704870457
648.6,17.282445380472293
648.8,16.435821252473943
649.0,16.19592499301833
649.2,15.636097097442757
649.4,15.546228283764501
649.6,15.76284086302385
649.8,15.865603013854404
650.0,16.723049225565667
650.2,16.664393336140304
650.4,17.03866226084355
650.6,18.435122023050646
650.8,18.12021620370045
651.0,17.755216849976584
651.2,17.07557070076827
651.4,16.82997881384545
651.6,17.276716470360586
651.8,17.48492494046141
652.0,16.72250778870146
652.2,16.35516110265193
652.4,15.471624169036378
652.6,15.84054068495133
652.8,16.22043017817125
653.0,17.375906441459932
653.2,17.166613071372144
653.4,16.530867347072363
653.6,16.29117599766341
653.8,16.488383051289365
654.0,17.400815219871603
654.2,17.156845000749275
654.4,17.627580566220743
654.6,17.814666706305374
654.8,17.30773430116663
655.0,17.219030482364555
655.2,17.22672642792146
655.4,17.400466454572715
655.6,17.405538593563556
655.8,17.44590208591037
656.0,16.069063198218252
656.2,15.888459854468959
656.4,15.653142060560656
656.6,15.683564405959418
656.8,15.427041016311465
657.0,15.042757102959571
657.2,15.077195256057344
657.4,14.889263064800858
657.6,15.138800127287706
657.8,15.160463184621031
658.0,15.746003146987277
658.2,15.422306288959543
658.4,15.886327745499996
658.6,15.965966346400137
658.8,16.415103900179627
659.0,15.95007405873175
659.2,16.000155452229038
659.4,16.099759097268958
659.6,16.64132382007027
659.8,17.12256857963521
660.0,17.478184685838016
660.2,16.92456654717474
660.4,17.525917633830932
660.6,18.323913233644042
660.8,18.018441216798845
661.0,18.552263061009356
661.2,16.913048025362606
661.4,17.091595931231215
661.6,17.774011943876797
661.8,18.167953210029875
662.0,17.648902448014628
662.2,17.83458899800356
662.4,17.497817580505185
662.6,17.384092030303893
662.8,17.081899377260164
663.0,16.634873423217563
663.2,17.10468239372195
663.4,16.84903884984815
663.6,18.28219316173333
663.8,18.038444465584085
664.0,17.64212048766746
664.2,18.47741388894558
664.4,18.641436610042796
664.6,19.74324821035882
664.8,19.711566280541405
665.0,20.154790634068902
665.2,20.70044669522909
665.4,20.62049914312469
665.6,20.636498492440868
665.8,19.969996870115715
666.0,19.60600185552186
666.2,18.221194514337164
666.4,17.675608445479277
666.6,17.435111747775395
666.8,17.432236243054867
667.0,17.751768865368952
667.2,18.291268508399522
667.4,18.26586199462389
667.6,17.16758716490997
667.8,17.22621776585524
668.0,17.240899831396362
668.2,17.582955372179164
668.4,17.131006434582666
668.6,17.357856142432617
668.8,17.619850240723057
669.0,17.555094591532846
669.2,17.111886575983213
669.4,17.585881681475804
669.6,17.802418643608146
669.8,19.071101196256635
670.0,19.037461515736215
670.2,17.949809729607026
670.4,18.525560853935758
670.6,18.100747145815244
670.8,18.12528903349081
671.0,18.109198479535674
671.2,17.754167209723533
671.4,17.843952257255594
671.6,17.84420179658657
671.8,16.623768319978126
672.0,16.711109798879253
672.2,17.162614958403797
672.4,17.498400091348437
672.6,16.717031351725396
672.8,18.261437662772583
673.0,17.602593693891503
673.2,17.949122232211675
673.4,18.560218504047107
673.6,17.86049281001763
673.8,17.403675432378357
674.0,16.816807303210325
674.2,16.40815867466584
674.4,17.18065859523063
674.6,17.499740140513406
674.8,17.717499149925445
675.0,18.10616377477928
675.2,18.43145848530872
675.4,17.71839577823154
675.6,18.283206228090968
675.8,17.564303693789338
676.0,16.114453469428057
676.2,17.078883472280467
676.4,17.34396115322477
676.6,17.072515747461292
676.8,16.377586267511226
677.0,17.358048427871978
677.2,17.673251593057433
677.4,16.554337925536956
677.6,16.70222934410035
677.8,16.59370757307424
678.0,16.942696608839267
678.2,17.84248183356997
678.4,18.185498339523956
678.6,17.898367805027593
678.8,16.909432165356723
679.0,17.506340331909783
679.2,17.077104869781287
679.4,17.718600868679147
679.6,17.828848041481468
679.8,17.107246892446383
680.0,17.381253710909952
680.2,16.544657009436477
680.4,16.419414173006686
680.6,17.05325450164553
680.8,17.396280646337342
681.0,17.15606083813725
681.2,17.295229427885467
681.4,17.187902221895264
681.6,16.829658775127285
681.8,16.017952058021482
682.0,16.003661887884775
682.2,16.56821086503517
682.4,17.244917054161235
682.6,17.10779679905355
682.8,17.30924638714447
683.0,16.633570261359157
683.2,16.76273394814133
683.4,17.266918852948663
683.6,17.723726618958025
683.8,17.780459498677384
684.0,16.9384234957534
684.2,16.88186836927756
684.4,17.107420523034584
684.6,16.915721029453707
684.8,17.421438476655265
685.0,17.447841288636248
685.2,17.525867617782446
685.4,17.324715003038037
685.6,17.47146507015148
685.8,16.706918909930543
686.0,17.07819237911235
686.2,17.484175754888604
686.4,16.93184183854901
686.6,16.84796773795613
686.8,17.35817610080739
687.0,15.978426237830769
687.2,16.15768609499399
687.4,16.29161242293048
687.6,16.84438606951875
687.8,17.12310112270967
688.0,17.254532676186226
688.2,16.992288200243532
688.4,17.547337397653155
688.6,17.149451082323736
688.8,17.1494937075576
689.0,16.80338952132794
689.2,16.654060749643524
689.4,16.594662246881214
689.6,16.62725017417972
689.8,16.56656008006185
690.0,15.793822057833287
690.2,15.471651116402699
690.4,15.853677579348002
690.6,15.699257065007195
690.8,15.578557851455008
691.0,14.865812988504354
691.2,15.290555401393233
691.4,14.978511646920511
691.6,14.73599675130695
691.8,15.067671867231544
692.0,15.853193477022867
692.2,14.789793219384395
692.4,15.08046946852934
692.6,15.087660639673503
692.8,15.637480269757365
693.0,15.43918797843662
693.2,14.794696452926704
693.4,14.88825177270975
693.6,14.639949744011588
693.8,14.614291773797753
694.0,14.770213083328718
694.2,14.962717486252416
694.4,14.966918180450076
694.6,14.91007606991178
694.8,14.997042935871171
695.0,15.081394616241344
695.2,14.868561909936673
695.4,14.96700588606507
695.6,14.68992409790097
695.8,14.91301229928415
696.0,15.445742493941294
696.2,15.61546809479902
696.4,15.671568156812892
696.6,15.757373789785076
696.8,15.560794291903228
697.0,15.56912908047419
697.2,15.660218651848997
697.4,15.443520210023884
697.6,15.924573150266294
697.8,16.274459905667918
698.0,16.703348469902643
698.2,16.007913945860043
698.4,16.44210434601478
698.6,17.062161724438585
698.8,15.696124293415805
699.0,15.8867653951366
699.2,17.09563096649044
699.4,16.930829004474543
699.6,15.965019329192048
699.8,15.386637932836774
700.0,15.853783968951651
700.2,16.026197123481854
700.4,16.816864870287723
700.6,17.22286769094117
700.8,17.85227082799017
701.0,17.468019161378948
701.2,18.43911643261296
701.4,17.510149949327296
701.6,17.953998630747932
701.8,17.49594878114022
702.0,17.743623088343572
702.2,17.395201197788253
702.4,17.267828511708473
702.6,17.317626413938253
702.8,16.469495134280713
703.0,16.546925886425456
703.2,16.73937019567674
703.4,16.851997259597194
703.6,16.928179473618
703.8,17.530437601556287
704.0,17.93596854913187
704.2,17.105936633250472
704.4,17.341406382027003
704.6,16.628062440134396
704.8,16.520742405204746
705.0,16.765806531435114
705.2,16.89031082139944
705.4,16.710339228397867
705.6,16.715645764815314
705.8,17.602067624284047
706.0,17.846667759942743
706.2,17.073815083714184
706.4,17.986262393795588
706.6,17.5219976607593
706.8,16.80265314848189
707.0,17.41743072813373
707.2,17.213338804251077
707.4,17.624025536777438
707.6,17.30304741021584
707.8,17.04410600286429
708.0,17.090848579186332
708.2,16.823025931931674
708.4,17.22060188804126
708.6,16.96716903004082
708.8,17.185051027558675
709.0,17.13198789769376
709.2,18.08796172045669
709.4,18.563751774011713
709.6,17.58007229835
709.8,17.314842891717586
710.0,16.96233271084441
710.2,16.720476585381455
710.4,17.34453424650829
710.6,17.18602582616012
710.8,17.614558564512425
711.0,17.210661245965618
711.2,17.814050236008395
711.4,18.63059506543034
711.6,17.448011595962207
711.8,17.755142404933515
712.0,18.38664549647142
712.2,17.756622946627846
712.4,17.698964631305476
712.6,17.856760297229986
712.8,17.92207323232853
713.0,19.572694609715768
713.2,19.83001475279795
713.4,19.48967542873376
713.6,18.48996229385839
713.8,18.735565046345194
714.0,19.236712177726115
714.2,19.147131650900093
714.4,18.08862580825722
714.6,18.053268237150352
714.8,18.470223257831307
715.0,17.0942447326123
715.2,17.750549126401932
715.4,16.990088994337974
715.6,17.624827291764372
715.8,19.001729384713613
716.0,19.96322122914373
716.2,20.042832293383924
716.4,20.019965671850986
716.6,17.78952082386417
716.8,17.466389112001764
717.0,17.919827879466286
717.2,18.384087378809593
717.4,19.23818361912685
717.6,19.114746745327572
717.8,18.259748853099506
718.0,18.589729216321476
718.2,18.636286715150327
718.4,18.46545903667125
718.6,18.078041788346656
718.8,17.678922511920902
719.0,17.37491655147617
719.2,18.228595930343275
719.4,17.321923383547155
719.6,17.369021832869592
719.8,17.24875814853022
720.0,16.92769867955238
720.2,17.015457694756865
720.4,16.812866422115942
720.6,16.784081211538606
720.8,17.46858011511615
721.0,17.737386080754604
721.2,18.528174238085878
721.4,18.513222554937972
721.6,19.07153752048424
721.8,18.974415560518683
722.0,18.937607731496453
722.2,18.389365421407106
722.4,18.680689182282713
722.6,17.568099779348103
722.8,18.956338744722135
723.0,17.84547363052074
723.2,18.4484793447886
723.4,18.224053829920702
723.6,17.803818964163465
723.8,18.190632857762765
724.0,17.909004271585626
724.2,17.584288868990573
724.4,16.901723295295625
724.6,16.50120893791337
724.8,16.995698898420336
725.0,16.693999481487506
725.2,17.09398617687061
725.4,17.151886354189248
725.6,17.962914388224043
725.8,17.764509783625694
726.0,17.707858872221177
726.2,17.58418128726075
726.4,16.96913542926097
726.6,17.024355382236003
726.8,16.945896552399834
727.0,17.17938306925079
727.2,17.308489115383846
727.4,17.372956070614894
727.6,17.2311423902613
727.8,17.09493445399986
728.0,16.901593393551302
728.2,17.060652709331425
728.4,17.37122923323039
728.6,17.487010226043044
728.8,16.25345233219469
729.0,16.060758453476065
729.2,15.708670285038009
729.4,16.030975451232386
729.6,16.92735515870067
729.8,17.374895026934254
730.0,17.02770170722386
730.2,16.60044050713999
730.4,16.386348013812643
730.6,15.95371535011421
730.8,16.03163524072744
731.0,15.751195445908166
731.2,15.904014178335702
731.4,16.18709699019115
731.6,15.276078701882717
731.8,15.652136558778285
732.0,16.210864969829007
732.2,15.507482435076305
732.4,15.034605965575864
732.6,16.130047227862978
732.8,16.403544764037793
733.0,16.444529629157696
733.2,16.57024977406762
733.4,17.142841897831193
733.6,16.484836072912866
733.8,16.50502553629446
734.0,16.217812092512297
734.2,16.235078810332002
734.4,16.3971927563848
734.6,16.651866123376973
734.8,16.7570653503696
735.0,16.3273462112976
735.2,16.778322266818652
735.4,16.832762686485253
735.6,16.273196520098622
735.8,17.776363569309652
736.0,18.1765277951524
736.2,17.724172062158527
736.4,17.322952923844717
736.6,16.825532839443746
736.8,16.412389279216335
737.0,16.527018845569103
737.2,16.864591493070773
737.4,17.458329941801104
737.6,17.38113519149979
737.8,17.181954754782417
738.0,17.73454630746087
738.2,16.980289983928404
738.4,17.58671258146557
738.6,17.89061513703065
738.8,17.746037031012197
739.0,19.013431287395168
739.2,18.45345732788952
739.4,17.510824722283314
739.6,16.960505182385983
739.8,16.34905857174732
740.0,16.9782872739117
740.2,16.471971598282135
740.4,15.963430599754096
740.6,16.688267430826745
740.8,17.36251883019273
741.0,18.006513752896566
741.2,17.11292838950101
741.4,17.775839198360227
741.6,17.791805477609433
741.8,17.49881807538423
742.0,17.536247290044187
742.2,16.949001837333277
742.4,15.92422159957443
742.6,15.98535207477551
742.8,16.675763783066564
743.0,17.518475395634916
743.2,15.922141394337828
743.4,15.803897442308978
743.6,16.522694851196157
743.8,17.29131360351377
744.0,17.800247546504128
744.2,17.642946360945523
744.4,18.162209228771037
744.6,18.031358554662546
744.8,17.283192771022005
745.0,17.625487613738905
745.2,17.48167000137295
745.4,17.52573497870441
745.6,17.364091246503854
745.8,17.259110593330714
746.0,17.397428319859333
746.2,16.234031374638292
746.4,15.71617314865815
746.6,15.66241506108334
746.8,16.11438030093901
747.0,16.637172657008403
747.2,17.41521044096895
747.4,16.623994681807204
747.6,16.10028773942528
747.8,16.616242917588476
748.0,16.335496455312548
748.2,16.158579620499903
748.4,16.131938657245293
748.6,15.187310226181857
748.8,16.050711604156422
749.0,16.12702705244359
749.2,16.62051830042472
749.4,17.26696144840328
749.6,17.52205013056938
749.8,17.575295661555764
750.0,17.972220905785715
750.2,17.04197393562898
750.4,17.14784477273114
750.6,17.213711638759165
750.8,17.51641039624446
751.0,18.00032546430087
751.2,18.167925220920644
751.4,18.252049866243016
751.6,17.590531899560442
751.8,17.843911499829176
752.0,18.1445725846772
752.2,18.44245362673629
752.4,18.057581777020083
752.6,17.357550456398656
752.8,18.55508270480463
753.0,18.50093131110771
753.2,19.24338994915115
753.4,18.032470627282105
753.6,17.497634953678872
753.8,18.1073700146381
754.0,18.18123499600379
754.2,16.969556923342196
754.4,16.99887905334497
754.6,16.164310084051987
754.8,16.63211400144285
755.0,16.729073689227793
755.2,16.609928430935202
755.4,16.635625638181057
755.6,16.280783923530883
755.8,16.89669280652468
756.0,17.125282007347504
756.2,17.41820447453087
756.4,16.883243569074992
756.6,16.799479561603196
756.8,16.849645544598552
757.0,15.91793298412451
757.2,15.873224035852564
757.4,16.455630911033538
757.6,16.028150105075763
757.8,16.283529389789535
758.0,15.785544078916256
758.2,16.052551333779427
758.4,16.641475327059663
758.6,16.637410094727947
758.8,17.16429951201396
759.0,17.06186161422462
759.2,17.67784751793249
759.4,16.589767537068187
759.6,16.398782451983177
759.8,16.127323782920318
760.0,17.249455167163095
760.2,16.746530701587904
760.4,16.81039033181683
760.6,17.220575804728746
760.8,16.689110074099705
761.0,16.26748911507741
761.2,16.468069318821883
761.4,17.483136769456735
761.6,16.1805546757054
761.8,15.9164160537473
762.0,15.346564955433188
762.2,15.303773743717413
762.4,15.580937023899427
762.6,16.210521284666626
762.8,16.027158876714296
763.0,15.287759378596988
763.2,15.48179461646048
763.4,16.084968752274968
763.6,16.827533280997347
763.8,16.14078170982291
764.0,15.860113936419967
764.2,16.067364583811166
764.4,16.044506714003937
764.6,16.60439902190291
764.8,16.417620707654887
765.0,16.94048225620831
765.2,17.291754912281043
765.4,16.958324159007446
765.6,16.994411362174166
765.8,16.98817981602295
766.0,17.02237126999927
766.2,17.466222317067196
766.4,17.653857824881356
766.6,17.376627783399012
766.8,16.47145464498483
767.0,16.535385915731048
767.2,17.15686053823308
767.4,17.5664852414237
767.6,16.84867830318828
767.8,17.188620013854113
768.0,17.456943273681386
768.2,16.87656746870158
768.4,16.72716121048375
768.6,15.88228031277385
768.8,16.127052598675547
769.0,16.87100104130531
769.2,16.65362018977773
769.4,16.925464792830372
769.6,16.755662880668456
769.8,17.31875785748519
770.0,18.08444412430623
770.2,16.901712562618798
770.4,17.112081996888282
770.6,17.47123531862813
770.8,17.07395521676103
771.0,18.0136434274872
771.2,17.44485170554252
771.4,16.461752283139678
771.6,16.86175626184783
771.8,16.82805436191093
772.0,17.048774296494226
772.2,16.91384524745138
772.4,16.37615446166584
772.6,15.980468872691251
772.8,15.486679282264484
773.0,15.115514875481058
773.2,15.074097295633337
773.4,15.023159721431036
773.6,14.880549184218882
773.8,15.05452652355852
774.0,15.04927149796092
774.2,15.173023907996672
774.4,15.41470967204617
774.6,15.265485884774852
774.8,15.150103519870708
775.0,15.52811120279976
775.2,15.39278712929061
775.4,15.441821726512837
775.6,14.570649554745218
775.8,14.580544051753018
776.0,15.064223286414776
776.2,14.91261618571285
776.4,14.872391285190435
776.6,15.416263450579383
776.8,15.928373861630867
777.0,15.279910940213037
777.2,15.228578909694228
777.4,15.03544648971656
777.6,15.029841444349776
777.8,14.894976795795937
778.0,15.234405575545395
778.2,14.901375558940826
778.4,15.04264587436499
778.6,15.750696832354098
778.8,16.018030004077993
779.0,16.727279707186742
779.2,16.717485505332196
779.4,15.8022649437369
779.6,15.63396927353063
779.8,16.08319013887151
780.0,16.09485953861021
780.2,14.917147340428246
780.4,15.266870280635585
780.6,15.077620825677112
780.8,14.950533761241703
781.0,14.384149282862019
781.2,14.111070345073177
781.4,14.027340557772007
781.6,14.077759556900691
781.8,14.182994497708865
782.0,14.342176926419947
782.2,14.1672903378264
782.4,14.094234758921829
782.6,14.066823556032954
782.8,14.035539344999119
783.0,14.126928058385154
783.2,13.805624754474522
783.4,13.913720296014287
783.6,14.187651363147422
783.8,14.19832298112192
784.0,13.969509279282768
784.2,13.997900812807238
784.4,14.097958063313802
784.6,14.006553822911666
784.8,14.005749658631645
785.0,13.897270432900509
785.2,14.086776356729198
785.4,14.009724455883818
785.6,14.058926614297654
785.8,13.709007519241517
786.0,14.226580336676255
786.2,13.943418879472105
786.4,13.917028871704781
786.6,14.138682599882
786.8,14.242729898715334
787.0,13.971958249655096
787.2,14.068339447323828
787.4,14.084222085906298
787.6,13.972695533917026
787.8,14.125922572052204
788.0,13.957701407024333
788.2,13.854198078136008
788.4,14.229443167129073
788.6,14.174444077529785
788.8,14.028230112442126
789.0,14.244302832638134
789.2,13.972482287476826
789.4,14.142123170195855
789.6,14.043444838227586
789.8,14.086805796179187
790.0,13.761328866647602
790.2,13.948352911348278
790.4,13.809883109047856
790.6,13.923702544034583
790.8,13.746475031585794
791.0,14.053294936061402
791.2,13.882092780176889
791.4,14.232971949421241
791.6,13.938566713828529
791.8,13.974503057373974
792.0,13.851972394838569
792.2,13.986936935329384
792.4,14.24531435565434
792.6,14.190588814757705
792.8,14.217131522559285
793.0,14.427037743700147
793.2,14.431035388124243
793.4,14.45381238716422
793.6,14.420973895193432
793.8,14.44680719323996
794.0,14.326183324715432
794.2,14.06086817032267
794.4,14.02746760605481
794.6,14.073513191994937
794.8,14.405627084033853
795.0,14.277948674641243
795.2,14.091266915198178
795.4,14.196884016854096
795.6,14.182063039689197
795.8,14.036913338678136
796.0,14.139686830192911
796.2,14.281193669082503
796.4,14.410447910164512
796.6,14.397076138317244
796.8,14.270397283906702
797.0,14.455567217487529
797.2,14.38154318381951
797.4,14.317838023113685
797.6,14.282997281765802
797.8,14.487465707545969
798.0,14.176304835845905
798.2,14.316926721466274
798.4,14.290036309042954
798.6,14.632930885300052
798.8,14.596625501518707
799.0,14.543190611225212
799.2,13.992050120217174
799.4,14.242415491434336
799.6,14.426670718546678
799.8,14.434988362156414
800.0,14.317464550244846
800.2,14.364944998094513
800.4,14.074416013474613
800.6,13.930114881891827
800.8,14.096854153966248
801.0,14.266236713670445
801.2,14.002231553017744
801.4,14.011146937054104
801.6,14.230781598613993
801.8,14.217766256653217
802.0,14.140691525390219
802.2,14.21954811740923
802.4,14.194855897815728
802.6,14.157395652965894
802.8,14.286497737283268
803.0,14.138456746903644
803.2,14.292089743472323
803.4,14.071608433631223
803.6,14.136855265143804
803.8,14.436141965647614
804.0,14.604205678029036
804.2,14.311287073842017
804.4,14.818172211287697
804.6,14.28392203895881
804.8,14.141000422386227
805.0,14.462042919593971
805.2,14.13961929342873
805.4,13.829340935496962
805.6,14.052774189854096
805.8,13.668292263178976
806.0,13.653714522215148
806.2,13.709601933253424
806.4,13.937795523531411
806.6,14.198197413579035
806.8,14.283094702406858
807.0,14.106188275791085
807.2,13.916062262794187
807.4,14.142629520908214
807.6,14.457055251489175
807.8,15.014719764385124
808.0,14.491304005080378
808.2,14.96695507346983
808.4,14.359514839386684
808.6,14.691943192540878
808.8,14.509177124717375
809.0,14.46561011531546
809.2,14.39471675896229
809.4,14.311762810806872
809.6,14.198601031432887
809.8,14.092484023965602
810.0,14.15639577870527
810.2,13.874683512048744
810.4,14.150443425668053
810.6,14.00342398641663
810.8,14.248982924838957
811.0,14.28423097823006
811.2,14.303602727113434
811.4,14.394557343241692
811.6,14.307444805216585
811.8,14.472663906482836
812.0,14.582942127412384
812.2,14.583602513695823
812.4,14.622256387936048
812.6,14.438863641225117
812.8,14.313565812358615
813.0,14.304468186206075
813.2,14.440350653931587
813.4,14.255107700768143
813.6,14.327976563482878
813.8,14.23138235382897
814.0,14.826199105366086
814.2,14.34648381624995
814.4,14.462106663023786
814.6,14.605393611798053
814.8,14.374629846528254
815.0,14.658288680915932
815.2,14.613085759218672
815.4,14.508532240403865
815.6,14.493350951783686
815.8,14.493177587274342
816.0,14.588345465307258
816.2,14.5462632341035
816.4,14.745732316088628
816.6,14.59719659913247
816.8,14.832985225359334
817.0,14.632943418379678
817.2,14.68291139633765
817.4,14.53636934373949
817.6,14.43966092263306
817.8,14.417257794601907
818.0,14.498805763668543
818.2,14.687827813515991
818.4,14.841130439257258
818.6,14.3663920047346
818.8,14.602117404612693
819.0,14.490510835570923
819.2,14.528124131676382
819.4,14.864996663331434
819.6,14.622469583911332
819.8,14.772055373981578
820.0,14.657251937602485
820.2,14.78671192690886
820.4,14.744007118810414
820.6,14.777898977316536
820.8,14.695263197636546
821.0,14.932296757337289
821.2,14.852351825531947
821.4,14.786777699267477
821.6,14.775474507908996
821.8,14.57563700920617
822.0,14.791104696062948
822.2,14.645491735951861
822.4,14.772642012471486
822.6,14.67049896656858
822.8,14.817653343365432
823.0,14.66338890880614
823.2,14.525601614504662
823.4,14.693499239692327
823.6,14.67005420167477
823.8,14.589454779177956
824.0,14.815480610767722
824.2,14.889321375277634
824.4,14.675989714145846
824.6,14.81923076622092
824.8,15.574476100166567
825.0,14.991349571470298
825.2,14.923385017662694
825.4,14.950946771380739
825.6,14.81697646350548
825.8,14.918263323516607
826.0,15.100325073813996
826.2,15.352750474262749
826.4,15.394904331179395
826.6,15.773697913546911
826.8,16.110123670179636
827.0,16.117946795476186
827.2,16.115791174491484
827.4,16.402216897299198
827.6,16.252062139077086
827.8,16.366507444776243
828.0,16.16028194220482
828.2,15.968475918560742
828.4,15.969539967952727
828.6,16.665360268329678
828.8,16.79496326922574
829.0,17.089908506085585
829.2,16.889760988053954
829.4,16.78354070278379
829.6,16.490731911437912
829.8,16.153351331293642
830.0,16.210644606506786
830.2,16.597844439052277
830.4,16.533699807630466
830.6,16.19338262969656
830.8,15.90090873028932
831.0,15.766153939068621
831.2,15.963193063733563
831.4,16.04945665119211
831.6,16.263378862164238
831.8,16.080291469964777
832.0,16.149388662414502
832.2,15.672654153099737
832.4,15.546385065509012
832.6,15.191048535330616
832.8,15.49204917891672
833.0,14.949555109875906
833.2,15.52149733762013
833.4,15.262647418776549
833.6,15.553449785030045
833.8,15.479246829026632
834.0,15.396708371334833
834.2,15.428166270807278
834.4,15.390559145145383
834.6,15.069026435058603
834.8,15.328614447764862
835.0,15.124719752941038
835.2,15.245655306683247
835.4,15.611882696710314
835.6,16.838024736293665
835.8,16.78565712696083
836.0,16.423735278392403
836.2,16.580769965496042
836.4,16.2469166774154
836.6,15.978655863182048
836.8,15.906739005865898
837.0,15.430992534501137
837.2,15.953187927563025
837.4,15.75198248682746
837.6,16.28659968090479
837.8,16.465252726213745
838.0,16.938014822957868
838.2,16.46300384231281
838.4,16.619695024916535
838.6,16.62898437963984
838.8,16.5438100384161
839.0,16.48254091091409
839.2,16.698216917050008
839.4,16.81666223887396
839.6,16.91315648700024
839.8,17.249707250641716
840.0,17.163265569648306
840.2,17.26374265451115
840.4,17.104368668674923
840.6,16.083938897124575
840.8,16.550466630430556
841.0,16.883846137742275
841.2,16.399668809183606
841.4,16.37372212401703
841.6,16.234382858104524
841.8,16.74108796901844
842.0,16.454596246726904
842.2,15.94584495476024
842.4,15.70343919376002
842.6,15.91765762054833
842.8,16.07921464833839
843.0,15.93414043024147
843.2,16.813517321462847
843.4,16.710036015401098
843.6,16.116575036281947
843.8,16.372446607952295
844.0,16.195645377232598
844.2,16.681536219118357
844.4,16.27498165288008
844.6,15.78135797519058
844.8,15.987615045318396
845.0,15.80714232860329
845.2,15.676328099703765
845.4,15.87418573047455
845.6,15.988355588833887
845.8,16.282951483367814
846.0,15.73194934351654
846.2,16.08915522994497
846.4,15.459172240245136
846.6,14.288735380229788
846.8,14.151172699181503
847.0,14.112645661668449
847.2,14.016403146141748
847.4,14.017880385732546
847.6,14.321169512230194
847.8,14.026339671400622
848.0,14.08389142836459
848.2,14.263697596500048
848.4,14.570631286766233
848.6,14.632260819735404
848.8,14.252857376393465
849.0,14.916078902254926
849.2,15.105545258054267
849.4,14.670213758881607
849.6,14.949328042907739
849.8,15.056460826616863
850.0,15.003147399458083
850.2,15.654064130405061
850.4,16.318480753528778
850.6,16.40427075823613
850.8,15.818639015155787
851.0,15.915818222404896
851.2,15.879536655442358
851.4,15.472402842812723
851.6,15.087561035977933
851.8,15.276382970092806
852.0,15.869284966107317
852.2,15.529000472701913
852.4,15.618199362480114
852.6,16.81190216943564
852.8,16.533485168689793
853.0,16.03191519576374
853.2,15.941529797232318
853.4,15.808325909136808
853.6,16.943082222869634
853.8,16.1992646592994
854.0,15.955716124666177
854.2,15.756735762101021
854.4,14.999930485902752
854.6,15.113221622743279
854.8,15.15562281256016
855.0,14.539258600855709
855.2,14.603862435252285
855.4,14.611826552032486
855.6,15.566677916993164
855.8,15.725265784447712
856.0,14.960643415488706
856.2,15.06437832791708
856.4,15.406041827539148
856.6,15.049680345870353
856.8,14.881846636516094
857.0,15.053455891564091
857.2,15.213591298481726
857.4,15.216001210940956
857.6,15.632903524692987
857.8,16.02167088452133
858.0,15.394471619145019
858.2,15.302534071111067
858.4,15.81577632238509
858.6,15.310421930189516
858.8,15.653466305941585
859.0,15.51514742061058
859.2,15.992008568126924
859.4,15.935563112203923
859.6,15.640080634931323
859.8,15.952988431531978
860.0,16.18214794624988
860.2,16.13816999652768
860.4,16.036269127696364
860.6,16.072524735370546
860.8,16.155665718573463
861.0,16.121443251060104
861.2,15.792982296781023
861.4,15.635527920811292
861.6,16.08745404226649
861.8,15.90087319740205
862.0,15.882421358633117
862.2,16.115112769671434
862.4,15.253471557878648
862.6,15.917910490413947
862.8,16.058537797004526
863.0,15.952990074632545
863.2,16.24460785491523
863.4,15.502401349489084
863.6,15.745665156665943
863.8,15.167170234319522
864.0,15.43534956185123
864.2,15.471144096782428
864.4,16.045415622102965
864.6,16.086917365117625
864.8,15.876235239198975
865.0,15.85059814557614
865.2,15.54813837216579
865.4,15.699620664168714
865.6,15.853233456619819
865.8,15.967103813865984
866.0,15.65602886532632
866.2,15.804132744222915
866.4,15.621250631541983
866.6,15.262427799963758
866.8,15.955486701212852
867.0,16.06150048639819
867.2,15.332335649773668
867.4,16.12811799503376
867.6,15.81828235392319
867.8,16.083140088452584
868.0,16.38665494034712
868.2,16.51508551150786
868.4,16.361468014256108
868.6,15.597930926465313
868.8,15.583260488697215
869.0,15.215872062290565
869.2,15.701443878371915
869.4,16.090516247471626
869.6,16.00189536727925
869.8,15.842763340436361
870.0,15.99408495864507
870.2,15.957514041160776
870.4,15.762771924742063
870.6,15.918919708738597
870.8,15.155958001389795
871.0,15.3810964078669
871.2,15.700372949866752
871.4,15.214206357780482
871.6,15.216373649638268
871.8,15.350895651701567
872.0,15.862497510237933
872.2,15.460004768205362
872.4,15.592196551092252
872.6,15.44655344181594
872.8,15.223474647988986
873.0,15.850489174345178
873.2,15.70063694683132
873.4,15.85577051645496
873.6,15.568594534647474
873.8,15.414936516263129
874.0,15.512237267836486
874.2,15.317349648703257
874.4,15.053901806033487
874.6,14.969637813757677
874.8,15.246198618749725
875.0,15.32899488219702
875.2,15.650724302677578
875.4,14.94794309993196
875.6,15.907761469366966
875.8,15.903704192079136
876.0,15.781949324616864
876.2,16.515409315763733
876.4,16.882255227328656
876.6,16.718444483269504
876.8,15.72641030671237
877.0,16.108005871733738
877.2,16.057975168506566
877.4,16.23012192364473
877.6,16.612752000774616
877.8,16.552524436906555
878.0,16.091789932582753
878.2,16.373098099285087
878.4,17.075956531636045
878.6,17.03348947281796
878.8,17.074516562409464
879.0,16.911437891089772
879.2,16.855784590008803
879.4,15.827927170774078
879.6,16.466644243794303
879.8,16.56048047287436
880.0,16.04374708687588
880.2,16.669501947463534
880.4,16.479746473501013
880.6,16.5240937085045
880.8,16.709863386205864
881.0,16.63342009146952
881.2,16.629676150220185
881.4,17.008151871005623
881.6,17.26381800506967
881.8,16.97750453397094
882.0,17.03566878830252
882.2,17.036880438383946
882.4,17.146401807437506
882.6,16.61193048573629
882.8,17.201258050778584
883.0,17.260105598508705
883.2,16.556658528107562
883.4,16.310585617323635
883.6,16.312958948334973
883.8,16.219934004023425
884.0,15.947711372933393
884.2,16.3880260451618
884.4,15.79149230039273
884.6,16.270044295844325
884.8,16.206257782122
885.0,16.44721812318165
885.2,16.29909786333824
885.4,16.116866289863545
885.6,16.25596358785606
885.8,15.912349050073642
886.0,16.137293408549496
886.2,16.036345170921983
886.4,15.995998047872371
886.6,15.902608200141064
886.8,16.201214248203478
887.0,16.15044534465436
887.2,16.48557111634623
887.4,16.1468652356248
887.6,15.866569787405385
887.8,15.710212915069961
888.0,15.569965376833226
888.2,16.0990792391359
888.4,16.351899531382458
888.6,15.807962265387264
888.8,15.90622704868691
889.0,15.935489501212302
889.2,15.779850298502648
889.4,16.143145831516986
889.6,16.458771422478804
889.8,16.92201465199399
890.0,16.96098378551764
890.2,17.129561617455455
890.4,17.556334283875014
890.6,17.10851949577062
890.8,16.512635315936823
891.0,16.421203434105745
891.2,16.40585958669914
891.4,16.334683884826838
891.6,16.806264248711923
891.8,16.977854144372895
892.0,16.831001575214668
892.2,16.599609672471296
892.4,17.054562146484493
892.6,17.06770506851101
892.8,16.793926686246913
893.0,16.62188493699159
893.2,16.863050116648438
893.4,16.341264810524045
893.6,15.934135650056557
893.8,15.473027555324126
894.0,16.040510572171247
894.2,15.2266870235748
894.4,15.757056005682532
894.6,15.956317437846344
894.8,16.69323284958551
895.0,16.662820673641086
895.2,16.98830164426305
895.4,16.632526560964823
895.6,17.218645165563306
895.8,17.253418791289356
896.0,17.025150660311756
896.2,17.15156239064249
896.4,17.104652063972036
896.6,17.044603374732315
896.8,16.691210813842755
897.0,17.089420030221213
897.2,17.106635092086076
897.4,17.055608569770044
897.6,17.09746531273328
897.8,17.105893857929107
898.0,17.485952185276254
898.2,17.054492320317983
898.4,17.69791481747612
898.6,17.576219358192006
898.8,17.44090391413099
899.0,17.070541244397102
899.2,17.604955852837712
899.4,17.28487259348117
899.6,17.239703986956236
899.8,17.1229539272653
900.0,17.066906426928682
900.2,16.679579376727204
900.4,16.661465732173806
900.6,16.866678913570517
900.8,16.789272426412992
901.0,16.512472358509388
901.2,16.976212333354887
901.4,17.2661337438253
901.6,17.01735058983583
901.8,17.011485015331832
902.0,17.41007130175639
902.2,16.76462451213937
902.4,16.961998273841218
902.6,17.334779767338652
902.8,17.32525169125729
903.0,16.44255373800265
903.2,17.035390983743042
903.4,16.84581721680046
903.6,17.075256482102805
903.8,17.074149563448888
904.0,17.051005242941713
904.2,16.666764042129998
904.4,16.760743158652105
904.6,16.39957282880264
904.8,16.658511266782053
905.0,16.87638754752915
905.2,17.006666985644337
905.4,17.78325041186039
905.6,17.358571730743247
905.8,16.362335886653284
906.0,15.974227456409471
906.2,16.316955635153697
906.4,16.832082127465924
906.6,16.64986074210346
906.8,15.54324038419103
907.0,15.60043750565395
907.2,16.244899414560305
907.4,16.040730793933854
907.6,16.12930297757956
907.8,16.868628442119835
908.0,16.78080404596883
908.2,16.875169198905425
908.4,16.497680780926654
908.6,16.61525017298594
908.8,16.955716327594896
909.0,17.061315998787872
909.2,16.649409366691625
909.4,16.62115162594943
909.6,15.886968287214039
909.8,15.822489173263579
910.0,16.334229798999605
910.2,16.051150950290804
910.4,15.841809044881856
910.6,16.209527090915003
910.8,16.729380009246196
911.0,16.511858718531464
911.2,16.560584834361322
911.4,16.598353974262455
911.6,16.386446613996046
911.8,16.13656942004876
912.0,15.65315926239716
912.2,16.38894365212492
912.4,16.349179075244344
912.6,16.72807905404579
912.8,16.987542903320744
913.0,16.780525431081422
913.2,16.3893721874068
913.4,16.00464708904569
913.6,16.278732895072544
913.8,16.17395675330332
914.0,16.36920096583404
914.2,16.8981828617467
914.4,16.746645102952908
914.6,16.685893854689454
914.8,16.572745615812728
915.0,16.257860523398474
915.2,16.699130967265603
915.4,15.471640644830432
915.6,15.446729971522203
915.8,15.69391900902534
916.0,14.862158709970036
916.2,15.625943014264642
916.4,15.637952537383537
916.6,15.967895047380464
916.8,15.803208724680804
917.0,15.09264514781137
917.2,15.51370789075463
917.4,15.669383798415627
917.6,15.67567154522501
917.8,15.186211990904194
918.0,15.340272921938913
918.2,15.872851519224758
918.4,15.576092867461774
918.6,15.605532056164977
918.8,16.25568293246288
919.0,16.11489441222948
919.2,15.875256512965867
919.4,15.542755531878424
919.6,15.972589236485952
919.8,15.929411953865351
920.0,15.837767937516814
920.2,15.738069718625676
920.4,15.600415604585997
920.6,16.05953137803523
920.8,15.600719896007739
921.0,15.649663893987446
921.2,16.143014354528486
921.4,16.67581681836994
921.6,16.46347698768584
921.8,16.146142048261055
922.0,16.0249475204251
922.2,16.093089764610394
922.4,15.996038852672303
922.6,16.29273848279345
922.8,16.48470138105831
923.0,15.593672627013511
923.2,16.107060034058776
923.4,15.997449075403413
923.6,15.995143638503688
923.8,15.868453370936155
924.0,16.013251437570666
924.2,15.600650333446751
924.4,15.664717354655862
924.6,15.858985953646815
924.8,16.357301344295145
925.0,16.372097987622645
925.2,16.334365872488338
925.4,16.068022266307555
925.6,16.025448907494724
925.8,15.997014350304076
926.0,15.883024411917422
926.2,16.15104340861452
926.4,16.06888330587706
926.6,16.476952545315495
926.8,16.0315190164394
927.0,15.762677206669277
927.2,15.905728951590277
927.4,16.517762233970437
927.6,15.991941974788059
927.8,16.631155038802664
928.0,16.42117342535662
928.2,16.30527689895159
928.4,15.872459402937608
928.6,15.75648785063805
928.8,15.393970057954645
929.0,15.42734928472455
929.2,14.849985013779195
929.4,15.155572816058582
929.6,15.108496786249027
929.8,15.069405080753413
930.0,15.403057567664515
930.2,16.20971537411569
930.4,15.774553368036884
930.6,15.56502021955101
930.8,15.470103430111328
931.0,15.740115801732735
931.2,15.858795157348688
931.4,15.98954744165701
931.6,16.42840873329867
931.8,16.292754586345083
932.0,15.511986020673676
932.2,15.300935389672057
932.4,15.028530909445701
932.6,14.613820852814118
932.8,14.348538940253974
933.0,14.187638864263032
933.2,14.01649169843515
933.4,14.230680075336313
933.6,14.083549276338855
933.8,13.991151737782218
934.0,14.263716992317992
934.2,14.584634078558171
934.4,14.281750579988138
934.6,14.079923937215336
934.8,14.073167287394654
935.0,14.193472436843322
935.2,14.150938124976385
935.4,14.11117300418474
935.6,14.086056777564329
935.8,14.022205149079177
936.0,14.174587309651557
936.2,14.092883946133469
936.4,14.406749760815956
936.6,14.350925544920072
936.8,14.089047799956077
937.0,14.137137962485502
937.2,14.29978364875122
937.4,14.223898651521598
937.6,14.000965101594833
937.8,14.021557233703337
938.0,13.957863946209887
938.2,14.066671368693653
938.4,14.041658352532906
938.6,14.005217904389228
938.8,13.978796685861303
939.0,14.103682462344015
939.2,13.876010407578018
939.4,13.851256191381552
939.6,13.867169160403854
939.8,13.938458375884743
940.0,14.045243841587858
940.2,14.166286105006595
940.4,14.160241053362984
940.6,14.161342738770884
940.8,14.204093519623402
941.0,14.37926315772776
941.2,14.71104748595161
941.4,14.592204178855104
941.6,15.966284001768042
941.8,15.843563716832204
942.0,15.931914945962813
942.2,15.840736462413638
942.4,16.210984925335307
942.6,15.907792586877367
942.8,16.065741886429677
943.0,15.51320432369107
943.2,15.568867798704137
943.4,15.57567897154
943.6,15.293360468185808
943.8,15.402824293293163
944.0,15.20994691164689
944.2,15.58754137552844
944.4,15.17413118750552
944.6,15.300747132545576
944.8,15.352951008501314
945.0,16.038454054742015
945.2,15.361615504344643
945.4,14.880251819657094
945.6,15.228139187845116
945.8,15.597840390952069
946.0,15.83055109400518
946.2,15.554293940625234
946.4,15.344540654458223
946.6,15.70763585426329
946.8,15.26516884486514
947.0,16.027904639043385
947.2,16.03510452737603
947.4,15.929117720163628
947.6,16.26601919955575
947.8,15.930366218962156
948.0,16.001711924340313
948.2,16.11485710363206
948.4,15.905242634519611
948.6,15.767658644908913
948.8,15.740010524813698
949.0,15.892834509864189
949.2,15.706329652181356
949.4,15.630599832078804
949.6,16.13818699038311
949.8,16.016616848010262
950.0,15.627719102207887
950.2,15.308076743446897
950.4,15.771171628131091
950.6,15.895737245876598
950.8,15.775381735773786
951.0,15.964810646935685
951.2,16.671448754645322
951.4,16.209124399747235
951.6,15.836815127664563
951.8,15.902820725026354
952.0,16.1472908862372
952.2,15.63678778850829
952.4,15.368353289631829
952.6,15.973908976514346
952.8,15.295686851926353
953.0,15.745232505532194
953.2,16.37696696033138
953.4,16.2891523670086
953.6,16.401341964534907
953.8,16.192180059053346
954.0,16.161971996239615
954.2,15.555736614141662
954.4,16.008083636366898
954.6,16.007306960072675
954.8,15.326357686805935
955.0,15.878335325758625
955.2,15.698280025547739
955.4,15.082757516872316
955.6,15.756428107095179
955.8,16.168746432891115
956.0,16.306651508862082
956.2,15.753900212444705
956.4,15.593182760171464
956.6,15.482520698685832
956.8,15.88573957579027
957.0,15.754448549038724
957.2,16.338581143350808
957.4,16.117324815343515
957.6,16.04804282984163
957.8,16.103142803026728
958.0,16.31508051508138
958.2,16.685822394173666
958.4,16.61567228579812
958.6,16.180209079571434
958.8,16.446987334061085
959.0,16.251616393132856
959.2,16.552785391731465
959.4,16.52569565583486
959.6,16.011066945316674
959.8,15.926798790821229
960.0,15.999061603457537
960.2,15.705369651154228
960.4,16.450884848245945
960.6,16.240220916519828
960.8,16.33653633675815
961.0,16.53392435395871
961.2,16.1497477093733
961.4,16.71512164318232
961.6,16.37451454207394
961.8,15.419552757019417
962.0,15.526819348280716
962.2,16.215854945319514
962.4,16.18536452424417
962.6,16.68485784404805
962.8,16.500739836691377
963.0,16.98372874078129
963.2,16.55328647645162
963.4,16.547797383275093
963.6,16.44328222530469
963.8,16.90414310943163
964.0,17.03097348734914
964.2,16.765081200083284
964.4,15.855153580668395
964.6,16.26559505998489
964.8,16.150273891331867
965.0,15.812808786864895
965.2,16.306498356983724
965.4,15.933690496553329
965.6,15.878866987015584
965.8,16.49451154610485
966.0,16.228244033091617
966.2,15.622374616941777
966.4,16.039503163373322
966.6,15.554498631467359
966.8,15.289269636130932
967.0,15.30043359064355
967.2,14.938871326210164
967.4,16.15100390947441
967.6,16.16292231693886
967.8,16.0522573335837
968.0,15.675286757207086
968.2,15.955892712780857
968.4,15.806971103306417
968.6,15.81864256875802
968.8,16.20537571688977
969.0,15.943366625709123
969.2,15.896452726464183
969.4,15.934541086830688
969.6,15.792102575344568
969.8,15.325922060659845
970.0,16.27349037887744
970.2,17.343002542049955
970.4,17.011202006310175
970.6,17.038640791139162
970.8,16.72021317551326
971.0,16.86843640499553
971.2,17.08968538554559
971.4,16.77394010839196
971.6,16.752074737245923
971.8,16.60351455232644
972.0,16.672581880298367
972.2,16.342841904564846
972.4,16.55731801624133
972.6,16.537318711785474
972.8,16.665661511500097
973.0,16.601180669754626
973.2,16.659394827217287
973.4,16.302643169879218
973.6,16.345860962143284
973.8,15.482756945085743
974.0,15.82184322211596
974.2,15.325090743776158
974.4,15.59637851891699
974.6,15.652250142850088
974.8,15.9181794924212
975.0,15.570170603873258
975.2,15.291979245262828
975.4,15.841632208262293
975.6,16.71711299618478
975.8,16.179849277727673
976.0,16.186254934943875
976.2,15.787255766045387
976.4,15.804228557090754
976.6,15.391972517415653
976.8,15.631820600267828
977.0,15.933684113803858
977.2,16.065897579098845
977.4,16.024703586842648
977.6,16.10816822169956
977.8,16.088175189177502
978.0,15.927323258390434
978.2,15.978338045638097
978.4,15.7364212678908
978.6,15.69315831104648
978.8,15.68035547692726
979.0,15.859773865733356
979.2,16.37521019082739
979.4,15.82087316469316
979.6,15.981400031901213
979.8,15.991835486526128
980.0,15.760282059945489
980.2,15.802765972514973
980.4,15.738532389731725
980.6,15.592348024100351
980.8,15.688059866086654
981.0,15.124598163645324
981.2,14.945423370748102
981.4,14.825826161930696
981.6,15.279490656384603
981.8,15.656879723346417
982.0,15.800053149053477
982.2,15.710137917268165
982.4,15.84978275064691
982.6,15.225485257725078
982.8,15.231988760087148
983.0,15.48447585517321
983.2,15.269862303963372
983.4,14.568135302292031
983.6,14.994253688256496
983.8,15.330984060669726
984.0,15.264944960524463
984.2,15.77757427372667
984.4,15.864072435422374
984.6,15.603737701138716
984.8,15.517493000651843
985.0,15.865731605030241
985.2,15.065734856381056
985.4,15.433235247769506
985.6,15.344884935592212
985.8,15.681048240527684
986.0,15.752435773415145
986.2,15.766739832532515
986.4,15.970996087546558
986.6,15.655881243004853
986.8,15.542735706059203
987.0,15.45712025491897
987.2,14.879200357612078
987.4,15.429237055957936
987.6,14.909886549161993
987.8,15.196829262532376
988.0,15.866242845967735
988.2,15.868483517345096
988.4,15.011195217849234
988.6,14.536449089318094
988.8,14.974622802783902
989.0,15.109567735993659
989.2,14.80217567056605
989.4,15.362417768399649
989.6,15.893795541007766
989.8,15.560832945051366
990.0,15.630816165847467
990.2,15.87150356339608
990.4,16.0776811604745
990.6,16.01635742045406
990.8,15.500711563554042
991.0,16.114454142928537
991.2,16.566124371824188
991.4,16.988078160215238
991.6,16.959724228574693
991.8,16.778749161451408
992.0,16.89865797051535
992.2,16.662219825344643
992.4,16.392890690291107
992.6,16.562469214077108
992.8,16.719165706436495
993.0,16.215194253844004
993.2,16.403666952552605
993.4,16.406661457832605
993.6,16.298458127672497
993.8,16.36350857875938
994.0,16.670756434501875
994.2,16.345683755091454
994.4,16.7646787395012
994.6,16.696295089768
994.8,16.490009990247508
995.0,16.017507187300883
995.2,16.053654520039277
995.4,16.15146863495324
995.6,16.493641385978457
995.8,16.149711010336713
996.0,16.220954543377786
996.2,16.1981388133157
996.4,16.367152952872747
996.6,15.842489881132613
996.8,15.56446445281924
997.0,15.69276624728313
997.2,15.191128495863245
997.4,15.10691425322522
997.6,14.75007940310829
997.8,14.82412455004376
998.0,14.97350551577535
998.2,14.916273790678385
998.4,14.987861594199671
998.6,15.188114915459241
998.8,15.715876110228614
999.0,16.390677937544673
999.2,16.01960532202147
999.4,15.881661610000128
999.6,15.854775943975927
999.8,16.08077729920996
1000.0,15.840667169200364
1000.2,16.138196400461695
1000.4,15.745938116862124
1000.6,15.938251133301184
1000.8,15.791588238421761
1001.0,16.456385424303676
1001.2,16.128666641744157
1001.4,16.33831865536038
1001.6,15.99456389973536
1001.8,16.619866618814733
1002.0,16.544155875044964
1002.2,16.396693208509003
1002.4,16.296093067010148
1002.6,16.486385131478023
1002.8,16.03685819812661
1003.0,16.35271042912906
1003.2,16.274668808053057
1003.4,15.984589600403956
1003.6,16.209238096724338
1003.8,16.157479366951286
1004.0,16.20209799069887
1004.2,16.42408147752137
1004.4,16.179771356462574
1004.6,16.52158585802792
1004.8,16.526638572637317
1005.0,16.632227218873282
1005.2,16.729450896802454
1005.4,17.032892187448667
1005.6,16.752374293415826
1005.8,16.427629171859422
1006.0,16.158228892147285
1006.2,16.69354739630564
1006.4,16.682975568999346
1006.6,16.376980718644297
1006.8,16.266790288665476
1007.0,16.089707537758642
1007.2,16.034931160602497
1007.4,16.28357023655729
1007.6,16.143819629136004
1007.8,16.127118837779072
1008.0,15.835004521056614
1008.2,15.687722683005298
1008.4,16.34161463870712
1008.6,16.132297270927943
1008.8,17.06254600061178
1009.0,16.75070591965369
1009.2,16.467553619855842
1009.4,16.44243236332876
1009.6,16.407673041589373
1009.8,16.79904781897256
1010.0,16.237514524776685
1010.2,15.895193416038815
1010.4,16.534493445101845
1010.6,16.63581402715881
1010.8,16.539029422894195
1011.0,15.810880588169871
1011.2,15.944861512801015
1011.4,15.621262982439681
1011.6,15.775114911818719
1011.8,15.71458042023843
1012.0,15.855452292204589
1012.2,15.649862763290283
1012.4,16.009300126455862
1012.6,15.88805660498727
1012.8,15.856406077595302
1013.0,15.816656944725251
1013.2,16.025489771375547
1013.4,15.895872076650107
1013.6,16.322019947410055
1013.8,16.0582330524347
1014.0,16.287421316390706
1014.2,15.467524415661405
1014.4,15.627627674302559
1014.6,15.966393379592567
1014.8,15.845707639745608
1015.0,15.558478828995842
1015.2,15.548913579853123
1015.4,15.598943575069868
1015.6,15.783529903597932
1015.8,16.086611729740625
1016.0,16.08700731163469
1016.2,16.16560057915246
1016.4,16.4017234565349
1016.6,16.28177444098072
1016.8,15.80283472017224
1017.0,16.20562556417158
1017.2,16.185419758100046
1017.4,16.249232458722933
1017.6,15.859029977653641
1017.8,16.321100600181126
1018.0,16.05053383774532
1018.2,16.11953994165343
1018.4,16.311764439199173
1018.6,16.174804956953746
1018.8,15.305564941725105
1019.0,15.851081329874306
1019.2,15.605759428260908
1019.4,15.673445617699578
1019.6,16.15977804947674
1019.8,16.144990245269476
1020.0,16.160670906899874
1020.2,16.489514529428625
1020.4,16.057056436476277
1020.6,15.930191877918771
1020.8,16.18554758599013
1021.0,16.029029318942122
1021.2,15.887194342256851
1021.4,16.48237772160886
1021.6,16.214083373151034
1021.8,16.062431337246565
1022.0,16.215581673456466
1022.2,15.942943531068375
1022.4,15.43886918748499
1022.6,15.351848648704433
1022.8,15.8764881932177
1023.0,15.522881430530175
1023.2,16.237145829916592
1023.4,16.402158688518046
1023.6,15.880929485907952
1023.8,16.098721198025995
1024.0,16.605202753227864
1024.2,16.422510976403554
1024.4,16.77305276218179
1024.6,16.624806423316933
1024.8,16.974854375940655
1025.0,17.014716805997676
1025.2,16.443160682813584
1025.4,17.004007879125783
1025.6,16.56739019047596
1025.8,16.33044623252831
1026.0,16.409226006387712
1026.2,16.807372148653258
1026.4,16.582925349109193
1026.6,17.005274955750682
1026.8,16.34135851615315
1027.0,16.453505217407816
1027.2,16.48073333149547
1027.4,16.366465486813237
1027.6,16.595052815248767
1027.8,16.81390693669102
1028.0,16.621990503365502
1028.2,16.61349129754916
1028.4,16.35889438859094
1028.6,15.949734567711806
1028.8,16.039027605260014
1029.0,16.199180396482763
1029.2,16.648449893950982
1029.4,16.56891873602707
1029.6,16.269772653794814
1029.8,16.46258404143955
1030.0,16.303742578075223
1030.2,16.53852257963003
1030.4,16.035666698755954
1030.6,15.87660787010751
1030.8,15.340806573127104
1031.0,15.093355208499348
1031.2,14.847114361752245
1031.4,15.161561952288542
1031.6,15.194782487544414
1031.8,15.183866341196099
1032.0,15.377284060186401
1032.2,15.19338832231557
1032.4,15.285635887787908
1032.6,15.500353913631129
1032.8,15.847534241372625
1033.0,15.269183005647786
1033.2,15.117375151665566
1033.4,15.586920833932131
1033.6,15.838859045696713
1033.8,16.42600144256151
1034.0,15.956176521298689
1034.2,15.42793728726534
1034.4,15.056003560798514
1034.6,14.885912629523704
1034.8,14.925446385735718
1035.0,14.968853881033246
1035.2,15.369920163376564
1035.4,15.495414344575313
1035.6,15.697952110875333
1035.8,15.673897615484737
1036.0,15.464220447086676
1036.2,15.571838880166027
1036.4,15.957013991333195
1036.6,15.763738852423819
1036.8,15.90687646641275
1037.0,15.637201391022355
1037.2,15.870364597243654
1037.4,15.995207252565887
1037.6,16.16133607219767
1037.8,16.03226658104511
1038.0,15.646646350080601
1038.2,15.503482698955311
1038.4,15.834112699550538
1038.6,15.258564848524268
1038.8,15.788036217755145
1039.0,15.264736020778887
1039.2,15.395187454541656
1039.4,15.211795885838754
1039.6,14.868662214495853
1039.8,15.362346851106906
1040.0,15.74264128372932
1040.2,15.619051538952334
1040.4,15.520622197819254
1040.6,14.762336051441219
1040.8,15.003340338138022
1041.0,15.532515842075462
1041.2,15.66876083952954
1041.4,15.606409237573978
1041.6,14.773199754916051
1041.8,15.310190343531701
1042.0,15.183543581583233
1042.2,15.993359361236262
1042.4,15.986626298790128
1042.6,16.019501681090436
1042.8,16.15527208792836
1043.0,15.624162155128303
1043.2,15.68286058325818
1043.4,15.660320729930035
1043.6,15.539931512393894
1043.8,15.456300973159934
1044.0,15.672101781125216
1044.2,15.591898867689618
1044.4,16.020917151808074
1044.6,15.718807412653149
1044.8,15.55268090046149
1045.0,15.381056586853951
1045.2,15.780973838343275
1045.4,15.607692752213953
1045.6,15.922616884531875
1045.8,15.723846314042689
1046.0,15.526020604130968
1046.2,15.643960975252714
1046.4,15.499626421688713
1046.6,15.637177815190906
1046.8,15.555504678763423
1047.0,15.280342530574195
1047.2,14.449688715260187
1047.4,14.498237693202434
1047.6,14.089431913424894
1047.8,14.547904619999299
1048.0,14.737358912169347
1048.2,15.117552004387335
1048.4,15.221114735062326
1048.6,15.17184216480337
1048.8,14.277443993710744
1049.0,14.504245150769188
1049.2,14.725379617025974
1049.4,14.504885143264435
1049.6,14.689421898122323
1049.8,14.482128162684953
1050.0,14.057687747812109
1050.2,14.24351754484912
1050.4,14.244825354851923
1050.6,14.146403248966969
1050.8,14.010679044329631
1051.0,13.93100115595021
1051.2,14.053752806136238
1051.4,14.071785171456078
1051.6,14.121288042483478
1051.8,13.821648701263145
1052.0,14.23700270465825
1052.2,14.27601090107835
1052.4,14.216167626387339
1052.6,14.521230732314725
1052.8,14.57831071294345
1053.0,14.404174799418367
1053.2,14.386987422568232
1053.4,14.149640664911603
1053.6,14.015331423995947
1053.8,14.546516023359594
1054.0,14.59577890821225
1054.2,14.74470105398762
1054.4,14.605383918287663
1054.6,14.421880268131982
1054.8,14.01196289753879
1055.0,14.241374957173408
1055.2,14.23518015888119
1055.4,14.344102276358392
1055.6,14.341450242386601
1055.8,14.460389842891068
1056.0,14.994989223398402
1056.2,14.780419469228905
1056.4,14.8676741569905
1056.6,14.914841434127268
1056.8,15.567835451542422
1057.0,15.402154526244766
1057.2,14.44354783283337
1057.4,14.836995727765244
1057.6,14.662913296380204
1057.8,14.936695144768095
1058.0,15.175833057769797
1058.2,14.427899169465979
1058.4,14.635645334270656
1058.6,14.843834457718259
1058.8,14.383348619356909
1059.0,14.949328645284561
1059.2,14.46871416909085
1059.4,14.504961707618794
1059.6,15.208030764895057
1059.8,14.918011984463753
1060.0,14.656520350340791
1060.2,15.009652947828556
1060.4,15.200006493444105
1060.6,14.895038165650039
1060.8,14.758454051470178
1061.0,14.959878120145056
1061.2,14.913522711271147
1061.4,14.980090567003119
1061.6,15.07465522444013
1061.8,15.111915192865412
1062.0,14.894648983342087
1062.2,15.06891089181604
1062.4,15.148339074602964
1062.6,14.965551204667303
1062.8,14.909524763206516
1063.0,15.1024995908657
1063.2,14.984942115529662
1063.4,14.589638920580082
1063.6,14.994587696719723
1063.8,14.833204465253102
1064.0,15.002201774858264
1064.2,15.096823977098055
1064.4,15.15059467698621
1064.6,15.095059864844494
1064.8,14.79688967347753
1065.0,14.699188371520064
1065.2,15.011891081528725
1065.4,15.174786585394177
1065.6,14.919697490125941
1065.8,14.611679946030257
1066.0,14.6632800560419
1066.2,14.625395970863039
1066.4,14.460784561577398
1066.6,14.367760774194892
1066.8,14.608786873028436
1067.0,14.5106292211638
1067.2,14.58876400988852
1067.4,14.397192521668225
1067.6,14.31052850331513
1067.8,14.412290186980348
1068.0,14.72762827862504
1068.2,14.83922236369028
1068.4,14.853042214637957
1068.6,14.463046760635294
1068.8,15.093727689449189
1069.0,14.941057079304574
1069.2,14.96134849991083
1069.4,14.620730684359518
1069.6,14.865828459863051
1069.8,15.101330071248338
1070.0,14.846747087088499
1070.2,14.30878110716074
1070.4,14.500379639958357
1070.6,14.583626831095911
1070.8,14.597873848188904
1071.0,15.30563722637303
1071.2,14.78047055640747
1071.4,14.68298854140736
1071.6,14.604144136596062
1071.8,14.403250654468433
1072.0,14.694111341844327
1072.2,15.029539158169129
1072.4,14.853169440212223
1072.6,14.998433964553888
1072.8,14.934885886426857
1073.0,14.58524590896171
1073.2,14.404340196726507
1073.4,14.131281277164298
1073.6,14.157191563430898
1073.8,14.056617985825653
1074.0,14.119622126278674
1074.2,14.237005797582396
1074.4,13.966915219483809
1074.6,14.08291843368795
1074.8,13.972434653233666
1075.0,14.177801916662832
1075.2,14.196770013617055
1075.4,14.258335429056988
1075.6,13.920677973296593
1075.8,14.075807149404216
1076.0,13.847056560664706
1076.2,13.897120292740588
1076.4,14.0276341989597
1076.6,14.0504350969893
1076.8,14.168267072899566
1077.0,14.195998129350965
1077.2,14.412181248827427
1077.4,14.820151003312944
1077.6,14.782205147294842
1077.8,14.790090709849244
1078.0,14.290722157713276
1078.2,14.159693927213189
1078.4,14.230926785482827
1078.6,14.425274220964733
1078.8,14.40357321215479
1079.0,14.732241605384447
1079.2,14.760576939137737
1079.4,14.607721062112859
1079.6,14.520620730681536
1079.8,14.576815859643508
1080.0,14.615659569655318
1080.2,14.883699038908231
1080.4,14.585340768901826
1080.6,14.506910259740549
1080.8,14.384311025302683
1081.0,14.309127959945139
1081.2,14.303988782619601
1081.4,14.502012134765419
1081.6,14.363828673290213
1081.8,14.244320690717567
1082.0,14.438720027482868
1082.2,14.568670473260784
1082.4,14.449871199448978
1082.6,14.788428651826607
1082.8,14.738352088100601
1083.0,14.585192361011956
1083.2,14.987554548671874
1083.4,15.00347673187478
1083.6,15.08492928180358
1083.8,15.320269930373513
1084.0,15.785122915421823
1084.2,15.014473478792054
1084.4,14.805230730409615
1084.6,14.713119682881482
1084.8,14.069136396633127
1085.0,14.101424090395149
1085.2,14.187088984770444
1085.4,14.177578663860213
1085.6,14.111275618598897
1085.8,13.904344128938282
1086.0,13.908048323198196
1086.2,13.959545324844624
1086.4,14.140820244961459
1086.6,13.972231534602418
1086.8,13.79007516639289
1087.0,14.029405567244277
1087.2,14.068349580428624
1087.4,13.950302406119302
1087.6,14.249492039940323
1087.8,14.068111051213757
1088.0,14.19322067020528
1088.2,14.42854673148683
1088.4,14.197509857371642
1088.6,14.764709705573864
1088.8,14.66162710747814
1089.0,14.68984575982217
1089.2,14.326275929172587
1089.4,14.193739347636136
1089.6,14.24153484452653
1089.8,14.449012421099104
1090.0,14.618689071133195
1090.2,14.81703510478237
1090.4,15.559708150791504
1090.6,15.474021987228344
1090.8,15.03857055907385
1091.0,15.069690267929772
1091.2,15.482669880645632
1091.4,16.2869944771681
1091.6,16.258312500906726
1091.8,16.224463737496503
1092.0,16.16529243037207
1092.2,15.562189402311116
1092.4,15.605896673763873
1092.6,15.849024101656862
1092.8,15.82024095513989
1093.0,16.1371061987042
1093.2,15.736332281132155
1093.4,15.663558709849745
1093.6,15.516723574120393
1093.8,15.44919937647376
1094.0,15.945610374295654
1094.2,15.709207153961433
1094.4,15.017006799437532
1094.6,14.793416969591336
1094.8,14.50968534075837
1095.0,14.78998132620629
1095.2,14.52299026681546
1095.4,14.735184134087794
1095.6,14.497687025042405
1095.8,14.61079411335052
1096.0,14.988789234029236
1096.2,14.825007810415915
1096.4,15.122165942413158
1096.6,14.911878918203696
1096.8,14.770700707530033
1097.0,14.78212014553317
1097.2,14.823686097977305
1097.4,14.942974190830643
1097.6,14.779186106865815
1097.8,14.710681062394137
1098.0,15.186153161607912
1098.2,15.192465742051892
1098.4,15.343198671204801
1098.6,15.868058150176733
1098.8,15.52448541296613
1099.0,15.762334043181372
1099.2,15.348344132847041
1099.4,15.440421445141085
1099.6,15.120524523911396
1099.8,14.977535378063616
1100.0,14.90502170750977
1100.2,15.066564773725643
1100.4,15.233156407096878
1100.6,15.214537322196023
1100.8,15.156486902813601
1101.0,14.976975864231326
1101.2,15.154079517062245
1101.4,14.965559788871852
1101.6,14.84339539030927
1101.8,15.212987377755455
1102.0,14.991595279446896
1102.2,15.232562470532534
1102.4,14.860638345880783
1102.6,14.585255806597404
1102.8,15.28390467871552
1103.0,15.104426107322102
1103.2,15.0205796452063
1103.4,15.367983991825792
1103.6,14.381829471169938
1103.8,14.1832554681517
1104.0,14.591859544363828
1104.2,15.051083094693748
1104.4,15.14836114930473
1104.6,15.310949175211224
1104.8,14.93177681490192
1105.0,14.36483961457731
1105.2,14.252237235821092
1105.4,14.714564522780435
1105.6,15.217901414519135
1105.8,15.424825836140378
1106.0,15.969681560321176
1106.2,15.994998411162179
1106.4,16.144583546387313
1106.6,16.110414000463194
1106.8,15.781703546205375
1107.0,15.071769481491376
1107.2,15.446999932801686
1107.4,15.349586382741816
1107.6,15.448798730652085
1107.8,15.762772136660084
1108.0,15.652661944585535
1108.2,15.964557832653313
1108.4,15.513534944942274
1108.6,15.93868414957736
1108.8,16.039357478358195
1109.0,15.588327652142539
1109.2,16.108386916066504
1109.4,15.764106181431206
1109.6,15.578218743929773
1109.8,15.979774573940652
1110.0,15.771878897711296
1110.2,15.83157772222167
1110.4,16.000454329013134
1110.6,15.30645629614169
1110.8,16.052856348341514
1111.0,16.139021296830474
1111.2,15.872279453261422
1111.4,16.14221681467061
1111.6,15.533133090663068
1111.8,15.849487557505132
1112.0,15.88748357914275
1112.2,15.397460216554093
1112.4,15.862200827420285
1112.6,15.912544135511604
1112.8,15.614739647948293
1113.0,15.740541913938895
1113.2,15.465456298977845
1113.4,15.68617246309353
1113.6,16.133189665811113
1113.8,15.947301053648859
1114.0,16.091930056421727
1114.2,15.484675674129285
1114.4,15.78040651732299
1114.6,15.824507307744183
1114.8,15.785037363016677
1115.0,15.526825654369397
1115.2,15.460972339994253
1115.4,15.632637190928417
1115.6,15.426550379229065
1115.8,15.52348198302198
1116.0,16.328754229363163
1116.2,16.511652853773786
1116.4,16.448505318695357
1116.6,16.549488146082744
1116.8,16.43616292298761
1117.0,15.725660675407624
1117.2,15.134661299893676
1117.4,15.088390262615096
1117.6,15.54281782405919
1117.8,15.560989446639157
1118.0,15.827832513255784
1118.2,15.532962308908512
1118.4,15.000433489927236
1118.6,15.353558842821922
1118.8,15.231860772909233
1119.0,15.245031032651415
1119.2,15.273614175806587
1119.4,15.54320203418017
1119.6,15.433984724702906
1119.8,15.268370769032757
1120.0,15.142439301365545
1120.2,15.254930042445356
1120.4,14.85321383380703
1120.6,14.777218409931878
1120.8,15.547855200927437
1121.0,15.486514170620477
1121.2,15.630887147940289
1121.4,15.519028331088116
1121.6,15.438093873510807
1121.8,15.71197438581423
1122.0,15.661883407307647
1122.2,15.992415528887756
1122.4,15.365796120699793
1122.6,14.899546598033355
1122.8,15.464316653145953
1123.0,15.514178168692524
1123.2,15.099800904361228
1123.4,15.467669651403742
1123.6,15.448873579894077
1123.8,15.161615008787026
1124.0,15.342561247353565
1124.2,15.283774864237838
1124.4,15.402813821083118
1124.6,15.51350741334403
1124.8,15.431804579333313
1125.0,15.625777552153018
1125.2,15.487352536723911
1125.4,15.322207472804168
1125.6,15.399623453160128
1125.8,15.185311503418768
1126.0,15.25965767408139
1126.2,15.016091575376594
1126.4,15.091249158123777
1126.6,15.216155631649723
1126.8,15.620613543209261
1127.0,14.754284145740396
1127.2,14.741355858136965
1127.4,14.844365936280893
1127.6,14.895294277159527
1127.8,14.236847413695733
1128.0,14.984966466917966
1128.2,14.762194519246965
1128.4,14.553718907664363
1128.6,14.828040677426408
1128.8,15.348913500017144
1129.0,14.968742194597628
1129.2,14.831349217403925
1129.4,14.52718076954005
1129.6,14.089771901472803
1129.8,13.934295582554466
1130.0,13.836114232357907
1130.2,13.739964511158771
1130.4,13.806673590568213
1130.6,14.106992158692027
1130.8,13.815597497045776
1131.0,14.470886103683247
1131.2,14.12625893740094
1131.4,14.163110134071514
1131.6,14.646377241392548
1131.8,14.646732228721088
1132.0,14.358630520636657
1132.2,14.154705685573356
1132.4,14.08902763736224
1132.6,14.260096746691154
1132.8,14.51069823733208
1133.0,14.349530757654552
1133.2,14.542881489537695
1133.4,15.141648385462503
1133.6,15.378458204636372
1133.8,15.531824228574749
1134.0,14.553524208263003
1134.2,14.568763837671463
1134.4,14.809874175501221
1134.6,14.329733382103552
1134.8,14.373706320765118
1135.0,14.446208702024933
1135.2,14.135816609374931
1135.4,14.189688231442805
1135.6,14.082109693953962
1135.8,14.086958570225313
1136.0,14.400402222101704
1136.2,14.03606245391359
1136.4,13.970840182220376
1136.6,14.464562171885003
1136.8,14.320253595181068
1137.0,14.391873106156904
1137.2,14.210727100114415
1137.4,14.032679460277876
1137.6,13.982276312160076
1137.8,14.091431425772385
1138.0,14.101684064379063
1138.2,14.435813093471754
1138.4,15.232515471986606
1138.6,15.037918950808862
1138.8,14.86662230980851
1139.0,14.40209926712239
1139.2,14.663310897668465
1139.4,14.577369190046557
1139.6,14.352502614928081
1139.8,15.147461946598426
1140.0,15.577307122885
1140.2,14.863078754632959
1140.4,14.557566968657659
1140.6,14.907217807398291
1140.8,14.697484348604233
1141.0,15.165757666411217
1141.2,15.06031699671339
1141.4,15.152516977256813
1141.6,15.714538268664528
1141.8,16.018449022052835
1142.0,16.13153901199112
1142.2,15.587540205998643
1142.4,15.29330917517001
1142.6,15.617407355000344
1142.8,15.822414463872557
1143.0,15.32431121573678
1143.2,15.40355863520817
1143.4,14.949444944584888
1143.6,15.014603723037947
1143.8,14.789917685251403
1144.0,15.498879260393627
1144.2,15.528751242838519
1144.4,15.734693599374577
1144.6,15.446695582097105
1144.8,15.472313401230009
1145.0,16.00310520261885
1145.2,15.557305496605558
1145.4,15.28117182982431
1145.6,15.479846746966883
1145.8,15.311543177386165
1146.0,15.71510940946779
1146.2,15.734827833808453
1146.4,16.089336619204783
1146.6,15.256304940368722
1146.8,14.803849738479876
1147.0,14.125722433413475
1147.2,13.951594705196865
1147.4,14.36385119760429
1147.6,14.529301837847974
1147.8,14.242719374851834
1148.0,14.525252472973563
1148.2,14.433732490892545
1148.4,14.04998018372295
1148.6,14.233250641692749
1148.8,14.400038688870298
1149.0,14.73207676502401
1149.2,14.949152965708297
1149.4,14.48866962130422
1149.6,14.79328437320021
1149.8,14.28462370795852
1150.0,14.444691970694324
1150.2,14.132430560773308
1150.4,14.113327955681168
1150.6,14.041372746427614
1150.8,14.024938909480118
1151.0,14.256870755529878
1151.2,14.315758654860584
1151.4,14.926874728686386
1151.6,14.925805727017812
1151.8,15.032223121829988
1152.0,14.822805380221647
1152.2,14.779082207769779
1152.4,15.190714650996206
1152.6,14.894192446126342
1152.8,15.260153539263595
1153.0,15.453651450498798
1153.2,14.944387154695217
1153.4,14.811926887023606
1153.6,15.517940841423282
1153.8,15.040475683297084
1154.0,15.019515304317972
1154.2,15.294223097825553
1154.4,15.477066395064076
1154.6,15.340058967175441
1154.8,15.967930690002522
1155.0,15.157603874165932
1155.2,15.209933910251339
1155.4,15.37495536358026
1155.6,15.523763332466494
1155.8,15.156690693601114
1156.0,15.652624679862416
1156.2,15.700550132242693
1156.4,15.03313279897857
1156.6,15.21823946773801
1156.8,15.174879976049649
1157.0,15.897720432472637
1157.2,15.548752147976932
1157.4,15.187526524920065
1157.6,15.151783941877529
1157.8,15.155769757245828
1158.0,15.102862921163453
1158.2,15.220148483838386
1158.4,14.918593349148864
1158.6,15.575734869232534
1158.8,15.902551274605806
1159.0,16.159730875213047
1159.2,16.202530075821354
1159.4,16.392733839832776
1159.6,15.935506432181414
1159.8,15.9701462346555
1160.0,15.88152791237831
1160.2,16.118726698223412
1160.4,15.488889714110814
1160.6,15.350600178643832
1160.8,15.973209308348633
1161.0,16.55510793014124
1161.2,16.3770180182733
1161.4,16.4728108281182
1161.6,16.53465640337172
1161.8,16.649602645971203
1162.0,16.65959179944725
1162.2,16.67561486136932
1162.4,16.4194975483858
1162.6,16.65084779992008
1162.8,16.95704819059404
1163.0,16.865194131840713
1163.2,16.44746689413624
1163.4,16.851869572204386
1163.6,16.614063183300317
1163.8,16.31029937162236
1164.0,15.73520591383723
1164.2,16.03649325774615
1164.4,15.388358135057231
1164.6,15.214299932956344
1164.8,15.785957141120214
1165.0,16.122821593227673
1165.2,15.738572402885323
1165.4,15.008834256016357
1165.6,14.65821847933084
1165.8,14.277455039491189
1166.0,14.378894106305093
1166.2,14.62087601055721
1166.4,14.93603965597618
1166.6,14.218114790935847
1166.8,14.183366494821236
1167.0,14.304765179862146
1167.2,14.357709144535942
1167.4,14.03277865929632
1167.6,13.894697269761956
1167.8,14.247562073029485
1168.0,14.011632353195916
1168.2,14.570113809696588
1168.4,15.196513331716536
1168.6,14.82123371996428
1168.8,14.48095996340278
1169.0,14.78386195390691
1169.2,15.18507593097988
1169.4,15.562362653745595
1169.6,15.398985221915511
1169.8,15.232387748501958
1170.0,14.926661046497355
1170.2,14.907692002933926
1170.4,14.68048969053111
1170.6,14.748645158423997
1170.8,14.481731906099238
1171.0,14.317475822571197
1171.2,14.155287662983403
1171.4,14.783019345790283
1171.6,14.42133059721482
1171.8,14.392473247926553
1172.0,14.440416777052647
1172.2,14.666723204045018
1172.4,14.666698624782002
1172.6,14.544229926425839
1172.8,15.53565722977125
1173.0,15.910558781237116
1173.2,15.784508339161157
1173.4,15.092171719278284
1173.6,14.721473491697076
1173.8,14.746916708658919
1174.0,15.093117814042598
1174.2,15.121427215214531
1174.4,14.871535511827712
1174.6,15.20955084517205
1174.8,15.048424418741103
1175.0,15.143090752283197
1175.2,15.360388146823269
1175.4,14.873144405259735
1175.6,14.818432421958986
1175.8,15.0637885190955
1176.0,14.944836612341273
1176.2,14.36843162495705
1176.4,14.52933313755527
1176.6,15.372201439076214
1176.8,15.032471188424218
1177.0,14.949152094853567
1177.2,14.816737814670821
1177.4,15.221673846333097
1177.6,15.343579285084608
1177.8,14.926027648016902
1178.0,15.26595663819467
1178.2,15.952580683612105
1178.4,15.892954929875733
1178.6,15.633173697395339
1178.8,15.645123443653246
1179.0,15.285284234071108
1179.2,15.160992302500452
1179.4,15.431911630263006
1179.6,15.81588799370451
1179.8,15.689623289611925
1180.0,14.934834203705504
1180.2,14.804473274648643
1180.4,14.86646761932475
1180.6,14.777511478539845
1180.8,14.929709097271504
1181.0,14.560370441503366
1181.2,15.53148906349352
1181.4,15.426364180541762
1181.6,15.62676019158609
1181.8,15.459874585917198
1182.0,15.641533919145063
1182.2,15.470617729774013
1182.4,15.16794942269357
1182.6,15.494296308080376
1182.8,15.444020437583683
1183.0,15.412006157787681
1183.2,15.263380077896153
1183.4,14.73679743278042
1183.6,14.76074505117263
1183.8,15.11845750101507
1184.0,14.955194190840595
1184.2,15.598123038745268
1184.4,15.321802832051446
1184.6,15.048082094843467
1184.8,15.108433285548104
1185.0,15.1024283541299
1185.2,15.91679524541566
1185.4,15.559054474960266
1185.6,15.64193481884631
1185.8,16.064644602611644
1186.0,15.557375681772905
1186.2,15.529040396336892
1186.4,15.364666637683722
1186.6,15.684320801421421
1186.8,15.783446882831843
1187.0,16.09541472440597
1187.2,16.012862894812784
1187.4,16.421004649138293
1187.6,16.968452775107433
1187.8,16.607317536837172
1188.0,16.979612269952813
1188.2,16.9936707895052
1188.4,16.42428128696669
1188.6,16.771178822290178
1188.8,16.971622978625753
1189.0,16.743220559847405
1189.2,16.717691491372495
1189.4,16.57035067466037
1189.6,17.09130320095293
1189.8,16.42301250487854
1190.0,15.257307583579625
1190.2,15.541809140930301
1190.4,15.858442010634167
1190.6,15.928262872226204
1190.8,16.10539925068368
1191.0,15.729270724618466
1191.2,15.742725847942861
1191.4,15.67670391489219
1191.6,15.63955053356067
1191.8,15.592625907791822
1192.0,15.430535166625877
1192.2,15.072073541854433
1192.4,14.993202136120056
1192.6,15.64103363863455
1192.8,15.515920199827978
1193.0,15.464702826082155
1193.2,15.320963222819321
1193.4,15.365286425103797
1193.6,15.326510603159306
1193.8,15.405013250523979
1194.0,15.561964057302282
1194.2,16.290324949495293
1194.4,15.549468645060895
1194.6,15.322071425264
1194.8,14.997745648537116
1195.0,14.64182755459423
1195.2,14.902378824438962
1195.4,14.877244650827597
1195.6,15.207383589803008
1195.8,14.96251403510861
1196.0,15.855214067234026
1196.2,16.22442333254552
1196.4,15.720792111703458
1196.6,16.456436489964887
1196.8,17.07868602813409
1197.0,17.230881830247444
1197.2,17.188442818431888
1197.4,16.678435374086945
1197.6,16.69468226889094
1197.8,16.20448701304207
1198.0,16.328510679552227
1198.2,15.38629651101158
1198.4,15.705352985860959
1198.6,15.75362587496069
1198.8,16.858177827725797
1199.0,16.457930375651564
1199.2,17.1193760931382
1199.4,17.393166031909544
1199.6,17.108252538594996
1199.8,17.804346812308314
1200.0,17.47350614769443
1200.2,17.006832799154495
1200.4,17.40661190885023
1200.6,16.96415194761471
1200.8,17.102746128256513
1201.0,17.495713094951725
1201.2,17.523772902691753
1201.4,17.44911937391806
1201.6,17.472664787947664
1201.8,17.536200370169198
1202.0,17.23687967462443
1202.2,16.80529307291247
1202.4,16.881290888259784
1202.6,16.290641586798667
1202.8,16.443867346297786
1203.0,17.248938554168223
1203.2,17.265368764184373
1203.4,17.421976208990912
1203.6,17.641184680581933
1203.8,17.50487102052295
1204.0,17.629903420148388
1204.2,17.06338140643181
1204.4,16.850415783521203
1204.6,16.910422073500744
1204.8,17.242807099057128
1205.0,16.845041496627722
1205.2,17.86999315909242
1205.4,17.367414473778894
1205.6,17.66027730592303
1205.8,17.326589111222518
1206.0,17.816362458335334
1206.2,17.966804278100007
1206.4,17.380558837860494
1206.6,16.32911164502811
1206.8,16.202383380807547
1207.0,16.27648140429885
1207.2,16.000255584795596
1207.4,16.094576179356462
1207.6,16.335036969722697
1207.8,15.959517478044223
1208.0,15.546102219284812
1208.2,15.772626497766362
1208.4,15.770622544036978
1208.6,15.653069537036943
1208.8,15.871956155149892
1209.0,15.570862888309737
1209.2,15.860856463453931
1209.4,15.553277030453676
1209.6,15.485670332365459
1209.8,15.432691669134964
1210.0,15.35819353891031
1210.2,15.180110745033108
1210.4,15.45238717633861
1210.6,15.406804543950079
1210.8,14.936652180248942
1211.0,15.297334965879646
1211.2,15.10752113673796
1211.4,14.97436321253398
1211.6,14.722977051824795
1211.8,15.28332501455142
1212.0,15.25907971428088
1212.2,15.082896740690519
1212.4,15.289857109522105
1212.6,15.241959804159219
1212.8,15.118014250561579
1213.0,15.657708445981228
1213.2,15.573798139074032
1213.4,15.603362015535943
1213.6,15.712445386995125
1213.8,15.592404902418707
1214.0,16.04750111499363
1214.2,15.266307026609676
1214.4,15.277693421861864
1214.6,15.008744909136736
1214.8,14.470215985574534
1215.0,14.864987286946164
1215.2,15.618284403960063
1215.4,15.500730554345212
1215.6,15.36897332162818
1215.8,14.8559494073058
1216.0,14.353423539881048
1216.2,14.804115121392998
1216.4,14.467818932978286
1216.6,14.146900050155644
1216.8,14.132102857180268
1217.0,14.265672136362715
1217.2,14.218111027731172
1217.4,14.274538627782675
1217.6,14.019043000755275
1217.8,14.023694626678601
1218.0,14.021593486218213
1218.2,14.067144302324387
1218.4,13.979680894150619
1218.6,13.9202417148854
1218.8,14.12547404768086
1219.0,13.816385267659532
1219.2,13.961609335244912
1219.4,14.08716613563408
1219.6,13.891971353734249
1219.8,14.212507399239747
1220.0,14.011813904375952
1220.2,13.884593275849785
1220.4,13.793897718944123
1220.6,14.04397783865199
1220.8,14.077579239537677
1221.0,14.128971326933797
1221.2,14.097699306308192
1221.4,14.066607696475247
1221.6,13.959401867380727
1221.8,14.080537739092486
1222.0,14.0612161773238
1222.2,13.980399958841005
1222.4,14.067803553710629
1222.6,14.146948803270414
1222.8,14.0379311819377
1223.0,14.335026056071623
1223.2,14.478660226180189
1223.4,13.97601740710578
1223.6,14.254661306527762
1223.8,14.057157766541417
1224.0,13.92358423310718
1224.2,13.963585419305948
1224.4,14.020470953540343
1224.6,14.118422274596833
1224.8,13.994266018604959
1225.0,13.99188240195793
1225.2,13.862369025156072
1225.4,14.067909459106575
1225.6,13.940851133164571
1225.8,14.038974329211445
1226.0,13.992800391228577
1226.2,14.267857583043234
1226.4,14.47499295909617
1226.6,14.654940227555057
1226.8,14.592022237298172
1227.0,14.39686448327052
1227.2,14.366660142945031
1227.4,14.568547914668885
1227.6,14.616019447623161
1227.8,14.361747293070286
1228.0,14.427590989263038
1228.2,14.563126317900837
1228.4,14.394888883962942
1228.6,14.255732913362209
1228.8,14.615330318346567
1229.0,14.763626413533757
1229.2,14.8821323497251
1229.4,15.002366435488524
1229.6,14.89332501522544
1229.8,15.12639964112642
1230.0,14.848924442118786
1230.2,14.697825868292611
1230.4,15.423992972059853
1230.6,15.673878817483295
1230.8,15.596087506954666
1231.0,15.303247655145285
1231.2,15.427244800141228
1231.4,15.538864027073735
1231.6,15.354471775268175
1231.8,15.585587134736954
1232.0,15.344840105726835
1232.2,15.106265074433892
1232.4,15.402428616157886
1232.6,16.117039804927455
1232.8,15.905927445106059
1233.0,16.473637291193572
1233.2,16.093954936176853
1233.4,16.21183678121905
1233.6,16.055259838263048
1233.8,15.630036581541184
1234.0,15.264713310362279
1234.2,14.856194882373721
1234.4,14.759477060966057
1234.6,14.438736352982671
1234.8,14.775169733848637
1235.0,14.978858672010189
1235.2,15.512686005981886
1235.4,15.571337952425655
1235.6,15.412799869226887
1235.8,15.788986977327614
1236.0,15.659220517176136
1236.2,16.051354952598416
1236.4,16.61619306350419
1236.6,16.437662668087782
1236.8,15.966330697623798
1237.0,16.56687803351449
1237.2,15.966498022069173
1237.4,16.32547448930681
1237.6,16.0266895159185
1237.8,16.349360661404255
1238.0,15.794320142561851
1238.2,15.571815928332999
1238.4,15.186901497071013
1238.6,15.231810916680411
1238.8,15.530300820188499
1239.0,15.74885131610076
1239.2,15.435246228558533
1239.4,14.59385591907603
1239.6,15.020479688324873
1239.8,15.43658368348205
1240.0,15.36922760754808
1240.2,15.563631851363873
1240.4,15.78221705639374
1240.6,15.694616579247578
1240.8,16.42771464136955
1241.0,16.04672650741516
1241.2,16.720208040850256
1241.4,16.631805051615164
1241.6,16.808316002901076
1241.8,16.771913132251072
1242.0,17.114575829150656
1242.2,17.891805981019612
1242.4,17.64284962434947
1242.6,17.265850050234388
1242.8,16.93488770605143
1243.0,17.003661789704644
1243.2,17.440493113841487
1243.4,17.546803311133758
1243.6,17.651210802510157
1243.8,17.355494985213568
1244.0,17.34169416448102
1244.2,16.83526808600582
1244.4,16.97904641276246
1244.6,17.301879787171742
1244.8,17.484463885277165
1245.0,17.300057649380573
1245.2,17.415506358090475
1245.4,17.383259210186797
1245.6,17.047869250876687
1245.8,17.443496328710186
1246.0,17.420420569688712
1246.2,17.073734891761156
1246.4,17.544485116970293
1246.6,17.50160078842448
1246.8,17.459052169768178
1247.0,17.55779479215487
1247.2,17.671851692050947
1247.4,17.38392563212979
1247.6,17.134102407671374
1247.8,17.616741381502294
1248.0,17.330216930899017
1248.2,17.58976772309138
1248.4,17.246130706893656
1248.6,17.47118834261864
1248.8,17.494432763208618
1249.0,17.362502715428402
1249.2,17.768738918143946
1249.4,17.36019750309367
1249.6,17.596133178916908
1249.8,17.35764792192303
1250.0,17.244211835549542
1250.2,17.343662825415883
1250.4,17.400172810474096
1250.6,17.25387816606596
1250.8,17.431148578285786
1251.0,17.353822306622185
1251.2,17.41871104963326
1251.4,17.18701881246809
1251.6,17.10296832924233
1251.8,17.521059634280768
1252.0,17.130757099974126
1252.2,17.276961820954902
1252.4,17.12800692032788
1252.6,17.106071654958104
1252.8,17.097887584823887
1253.0,17.159842452819607
1253.2,17.278859438701023
1253.4,17.130218414373648
1253.6,16.91800669753829
1253.8,16.631263081030585
1254.0,17.13404179348279
1254.2,17.106892118576983
1254.4,16.792726460613025
1254.6,17.599591939186766
1254.8,17.686797422472058
1255.0,17.640716856327426
1255.2,17.58841419524971
1255.4,17.23631547015392
1255.6,16.86511841509247
1255.8,17.115300073637982
1256.0,16.96034145847891
1256.2,16.90385520414288
1256.4,17.107756380492717
1256.6,16.9325575446233
1256.8,17.083712401931415
1257.0,17.100090081597802
1257.2,17.381550681984137
1257.4,17.530941226048114
1257.6,16.907964604201133
1257.8,16.32329212716639
1258.0,16.98699124853745
1258.2,16.488324041260462
1258.4,16.605481723163948
1258.6,16.572384538026725
1258.8,16.097867215124214
1259.0,16.424984252274914
1259.2,16.543770347326014
1259.4,15.969269896456051
1259.6,15.66567898662446
1259.8,15.669534856931932
1260.0,15.410928792074776
1260.2,14.987937261200685
1260.4,14.903516893480553
1260.6,14.861831375064195
1260.8,14.377662596973352
1261.0,14.977698050475848
1261.2,14.860238273645503
1261.4,14.787768094787904
1261.6,14.591483321702917
1261.8,14.903687945518048
1262.0,15.160165488085479
1262.2,15.34374200001235
1262.4,15.339711578113382
1262.6,14.769259582807123
1262.8,14.660101142097727
1263.0,14.956210544282726
1263.2,14.776755982695082
1263.4,14.53570664853013
1263.6,14.636212033085538
1263.8,14.63753630881289
1264.0,14.55362747402152
1264.2,14.68164987450242
1264.4,14.837910651399604
1264.6,14.469289884064798
1264.8,14.550954744111788
1265.0,14.378144062449447
1265.2,14.49634984817585
1265.4,14.577750518902683
1265.6,14.398937560662812
1265.8,14.624630566351568
1266.0,14.645552348611549
1266.2,14.281514987239445
1266.4,14.315925867704607
1266.6,14.429791133194158
1266.8,14.591859471591853
1267.0,14.479721320376065
1267.2,14.282158902594864
1267.4,14.42365622815622
1267.6,14.367527775860836
1267.8,14.533234412212037
1268.0,14.374900098815504
1268.2,14.47461888738715
1268.4,14.40855720881891
1268.6,14.320092821782218
1268.8,14.387610643596949
1269.0,14.395329452386731
1269.2,14.448684271556637
1269.4,14.540553824276824
1269.6,14.585415751890636
1269.8,14.296602258770134
1270.0,14.294804062103164
1270.2,14.421020881163312
1270.4,14.329231678417289
1270.6,14.471920550789259
1270.8,14.550542733154026
1271.0,14.381246517842145
1271.2,14.36987603729063
1271.4,14.36530449338574
1271.6,14.264126870779725
1271.8,14.467476784566248
1272.0,14.431268821292107
1272.2,14.444401138116207
1272.4,14.378007177745713
1272.6,14.413199083929474
1272.8,14.344174997458941
1273.0,14.471602989736825
1273.2,14.405919353764016
1273.4,14.436529468928555
1273.6,14.289243013379737
1273.8,14.29412360074701
1274.0,14.539803961922102
1274.2,14.64107030609415
1274.4,14.552487723227518
1274.6,14.452725256515745
1274.8,14.334082051044785
1275.0,14.528534424854303
1275.2,14.33704612954024
1275.4,14.426489900985086
1275.6,14.402083407710071
1275.8,14.504997402660981
1276.0,14.515600789133634
1276.2,14.378128688799004
1276.4,14.399629826924157
1276.6,14.526428209963045
1276.8,14.604746090519587
1277.0,14.31154325633636
1277.2,14.684491810886723
1277.4,14.588984001216454
1277.6,14.42905712850359
1277.8,14.587643863800398
1278.0,14.812880940726682
1278.2,14.609135386585105
1278.4,14.89904839321361
1278.6,14.680382456229083
1278.8,14.616732460887654
1279.0,14.655571094940038
1279.2,14.673498955211937
1279.4,14.787871782758229
1279.6,14.808616838488636
1279.8,14.76247756494635
1280.0,14.706929951679086
1280.2,14.939334255641086
1280.4,15.051307458431037
1280.6,14.913271033599202
1280.8,14.84734097202589
1281.0,14.580861054228201
1281.2,14.54030229088776
1281.4,14.409989210172512
1281.6,14.776082266449382
1281.8,14.668647142704998
1282.0,14.835131305988876
1282.2,14.663044058139299
1282.4,14.732092931671355
1282.6,14.860756991188397
1282.8,14.62089702945174
1283.0,15.07137922927413
1283.2,14.589636025731217
1283.4,14.720992640508108
1283.6,15.191477278564182
1283.8,14.891337491754529
1284.0,14.685295342843558
1284.2,14.633171393814024
1284.4,14.762408333310045
1284.6,14.648072846806844
1284.8,14.47601175252436
1285.0,14.587312244255282
1285.2,14.782159916389412
1285.4,14.361767023948936
1285.6,14.310027664884759
1285.8,14.548686970993286
1286.0,14.279298787247033
1286.2,14.292367244262461
1286.4,14.183550787581797
1286.6,14.274131663272403
1286.8,14.467628760073453
1287.0,14.112168776356487
1287.2,14.273022788388538
1287.4,14.596613959143173
1287.6,14.38298041484919
1287.8,14.357538945770216
1288.0,14.176871215805797
1288.2,14.593140254557234
1288.4,14.419331351897606
1288.6,14.732351290555087
1288.8,14.523654045644065
1289.0,14.503502360169813
1289.2,14.33303998620205
1289.4,14.36734081036124
1289.6,14.40882851039624
1289.8,14.387941314586117
1290.0,14.66714363273086
1290.2,14.438581343543632
1290.4,14.559739862731371
1290.6,14.805022916752472
1290.8,14.581739593417032
1291.0,14.31956537066348
1291.2,14.302729122521997
1291.4,14.310844120201887
1291.6,14.357471740232391
1291.8,14.54638368415602
1292.0,14.248870727702323
1292.2,14.385984027470673
1292.4,14.446421615343235
1292.6,14.69443825760953
1292.8,14.171625211340507
1293.0,14.666040389038725
1293.2,14.789689598762294
1293.4,14.729193793705686
1293.6,15.011268439932234
1293.8,14.901992900329766
1294.0,14.744907217412715
1294.2,14.995558798156397
1294.4,14.567244209837256
1294.6,15.085421142771605
1294.8,15.148602079535305
1295.0,15.051037501641316
1295.2,15.354552220848719
1295.4,15.20936808987539
1295.6,15.141098184210176
1295.8,14.997863425609328
1296.0,14.897606312472655
1296.2,14.789682284595496
1296.4,14.747249553703675
1296.6,14.644592645914988
1296.8,15.005359385007047
1297.0,14.684066570247406
1297.2,14.875313021658535
1297.4,14.977355378004303
1297.6,14.717058823260416
1297.8,14.692145025213412
1298.0,14.750573739369061
1298.2,14.631510093894581
1298.4,14.788846985764703
1298.6,14.896328801998353
1298.8,14.953772505335188
1299.0,14.846052162739227
1299.2,14.779483338263358
1299.4,15.102826895829411
1299.6,15.429679766778621
1299.8,15.777805776877052
1300.0,15.650083189407752
1300.2,16.084481284663337
1300.4,16.46509836863754
1300.6,17.16636518608443
1300.8,16.361023631441785
1301.0,16.02180758104958
1301.2,16.121878109322655
1301.4,16.498137134604484
1301.6,16.647927688954738
1301.8,16.050735393179878
1302.0,16.1235621245807
1302.2,16.572663099189214
1302.4,16.570410818851922
1302.6,16.480157839172687
1302.8,16.525589128135096
1303.0,16.199517613309467
1303.2,16.145053234496228
1303.4,16.636600269288063
1303.6,16.640384015591863
1303.8,15.902625458348664
1304.0,16.49359140707052
1304.2,16.426350059319045
1304.4,16.587791577419235
1304.6,16.173579713154176
1304.8,16.366484759810106
1305.0,16.290169442263483
1305.2,15.646165807754668
1305.4,15.986656374567083
1305.6,16.383750912686082
1305.8,16.98897500863407
1306.0,16.715236210220706
1306.2,16.914763536168802
1306.4,16.043070013963085
1306.6,16.05089852737583
1306.8,15.479672930297028
1307.0,15.048971998532355
1307.2,15.09414557331586
1307.4,15.729634343385401
1307.6,15.717160612019219
1307.8,16.323522992337868
1308.0,15.622638372520598
1308.2,15.989796728179853
1308.4,15.129452853375266
1308.6,15.419446530371738
1308.8,15.205469052934538
1309.0,15.315956662227826
1309.2,14.944257710142214
1309.4,15.588369025901251
1309.6,15.479412400845343
1309.8,15.862674939985482
1310.0,15.564289259642605
1310.2,15.635902737733273
1310.4,16.033082028407566
1310.6,15.847782209128663
1310.8,15.41107080614045
1311.0,15.10285104228764
1311.2,15.933799116193487
1311.4,16.22329770838183
1311.6,15.973825080709453
1311.8,15.363314789704841
1312.0,15.611891026595941
1312.2,14.994380712525327
1312.4,15.439544471116193
1312.6,15.65948508476054
1312.8,15.403736595020469
1313.0,15.565016360100362
1313.2,15.314341957568672
1313.4,15.766740572285212
1313.6,15.264178648012251
1313.8,15.31882954108966
1314.0,14.877793503130397
1314.2,14.96423634607374
1314.4,15.184553443665095
1314.6,15.572129127094135
1314.8,16.579770070141922
1315.0,16.44599369768111
1315.2,16.41162692640346
1315.4,15.753784844471351
1315.6,15.068559936961543
1315.8,15.304318221448213
1316.0,15.046683898035702
1316.2,15.661227001060325
1316.4,15.264220374387229
1316.6,15.197778464821267
1316.8,15.032028324876865
1317.0,15.60781735034594
1317.2,15.83745530143725
1317.4,15.071242092818336
1317.6,15.264345089082438
1317.8,14.923994154837887
1318.0,15.214165767871526
1318.2,15.127496895118334
1318.4,14.694283569787004
1318.6,14.698138567969195
1318.8,14.326675376692544
1319.0,14.683522873329487
1319.2,14.755507413012651
1319.4,14.769279100265605
1319.6,14.869868999972082
1319.8,14.927329608082019
1320.0,14.836295694775778
1320.2,15.240349758474153
1320.4,14.889240503383707
1320.6,15.203379025552334
1320.8,15.501196244060392
1321.0,14.938361923681642
1321.2,15.248433231064709
1321.4,15.314152755128918
1321.6,15.128803804253902
1321.8,15.064893205930066
1322.0,14.881526048332566
1322.2,15.685809649846842
1322.4,15.289351099040637
1322.6,14.904693103719014
1322.8,14.817041022005377
1323.0,15.48923887941202
1323.2,16.01427505639765
1323.4,16.255200076710622
1323.6,15.999634666090174
1323.8,15.574277336063009
1324.0,16.28664813085683
1324.2,15.681194723956933
1324.4,15.986528572161134
1324.6,15.837409612982903
1324.8,15.581784881439052
1325.0,15.735210707713678
1325.2,15.899285244660922
1325.4,16.15868993603575
1325.6,15.94248707293104
1325.8,15.952840411355497
1326.0,15.569523580468935
1326.2,15.49773560782334
1326.4,15.87689836867349
1326.6,15.94605174109306
1326.8,15.596701177905643
1327.0,16.187891341351836
1327.2,15.253474328927041
1327.4,15.530942396029726
1327.6,15.613981782333699
1327.8,14.877899218393875
1328.0,14.986633527995242
1328.2,15.462099359398309
1328.4,15.860144158008165
1328.6,15.492841813565356
1328.8,16.159376145632113
1329.0,15.952662970305553
1329.2,15.82514836925081
1329.4,15.62986257977004
1329.6,15.367068152053625
1329.8,15.53047401223057
1330.0,15.66600795500317
1330.2,16.179111782657447
1330.4,15.523365953102662
1330.6,15.414812498019149
1330.8,15.187776948852058
1331.0,14.815089022749381
1331.2,15.173063263087514
1331.4,14.374850970350298
1331.6,14.231336991223815
1331.8,14.814719176061775
1332.0,14.979810017544066
1332.2,15.477973625195716
1332.4,15.551984909882052
1332.6,15.399115754410829
1332.8,15.866353950223534
1333.0,15.589812094898088
1333.2,15.330785257468033
1333.4,15.781096199595448
1333.6,15.824161575333967
1333.8,16.041141275451416
1334.0,15.876066223911948
1334.2,15.517272858867113
1334.4,15.377445596577209
1334.6,14.988130137030337
1334.8,14.850949297572226
1335.0,14.803455767421841
1335.2,14.642493242208834
1335.4,15.219847086249239
1335.6,15.56830659822613
1335.8,15.93994316987521
1336.0,15.795648533098756
1336.2,15.918432294129223
1336.4,15.7310167456476
1336.6,15.232729058778025
1336.8,15.387852400730699
1337.0,15.746885015235117
1337.2,15.408291373733823
1337.4,14.667205655380176
1337.6,15.062201845650323
1337.8,15.487768022950437
1338.0,15.132158477280889
1338.2,15.269413010843353
1338.4,15.616878881635978
1338.6,15.393712476530126
1338.8,15.337666693598656
1339.0,15.295299604178116
1339.2,14.983682479428367
1339.4,15.187031296560715
1339.6,15.082903214364398
1339.8,15.024849930673753
1340.0,15.363696521396141
1340.2,15.123630930599232
1340.4,15.122402477189738
1340.6,15.703052243897735
1340.8,16.232145715057065
1341.0,16.012893264300942
1341.2,15.755909777139232
1341.4,15.705372957930749
1341.6,16.00721933047083
1341.8,15.830245670679428
1342.0,16.071499333590783
1342.2,15.976081430955954
1342.4,15.795932539545085
1342.6,15.637003390246205
1342.8,15.667211176435584
1343.0,15.82723825635532
1343.2,15.884519412082538
1343.4,15.80426481841335
1343.6,15.957081039621063
1343.8,15.94567870708897
1344.0,15.645272946018608
1344.2,15.74934383207373
1344.4,15.676267671428413
1344.6,15.576838264499923
1344.8,15.480119921460558
1345.0,15.83316384990747
1345.2,16.091979890640246
1345.4,15.725766097554592
1345.6,15.621252446700197
1345.8,15.841800867072608
1346.0,16.079630794406636
1346.2,15.844156013574707
1346.4,15.218955273178661
1346.6,15.985930681534096
1346.8,15.813659878716539
1347.0,16.11790734411008
1347.2,16.106388878046214
1347.4,16.157223127089274
1347.6,15.829890747675961
1347.8,16.228236443457632
1348.0,15.90213774607685
1348.2,15.908093900971958
1348.4,15.969765068016128
1348.6,15.53489811773318
1348.8,15.561703790171784
1349.0,14.871148627682079
1349.2,15.116067071677396
1349.4,14.636528915883991
1349.6,14.496494887641196
1349.8,14.377158037298424
1350.0,15.047537460952295
1350.2,15.117913618649174
1350.4,14.952047747314287
1350.6,15.05659715466323
1350.8,14.571044871582597
1351.0,14.981797190474344
1351.2,14.655869990783913
1351.4,14.93490103582439
1351.6,15.151970986433657
1351.8,15.488023067314833
1352.0,15.577612253435495
1352.2,15.651679435778503
1352.4,16.298513086201414
1352.6,16.17252990166739
1352.8,15.87315785055879
1353.0,15.370924755642061
1353.2,15.699197602531763
1353.4,15.717658545257216
1353.6,15.568511763676593
1353.8,15.687031759281671
1354.0,15.94981381692519
1354.2,15.97269411860408
1354.4,15.71961705479209
1354.6,15.626611450486559
1354.8,16.58756405248903
1355.0,15.550446391428759
1355.2,14.973073768808627
1355.4,15.10520712984556
1355.6,15.146306600223376
1355.8,15.074139863155088
1356.0,15.257216122605694
1356.2,15.037261430474068
1356.4,14.830582917294725
1356.6,15.652759282819765
1356.8,15.55381712749152
1357.0,15.457612361021917
1357.2,15.595446187442022
1357.4,15.629202613147932
1357.6,15.927801469929507
1357.8,15.930398620278318
1358.0,15.905443850654041
1358.2,16.326047086950346
1358.4,15.852709668240513
1358.6,15.32498190293542
1358.8,15.295743376922923
1359.0,15.034275712070702
1359.2,15.473516862216899
1359.4,15.05929600050287
1359.6,15.41433297869498
1359.8,14.934554321164592
1360.0,14.823746827188952
1360.2,14.454043685824463
1360.4,14.514814798501037
1360.6,14.702178566104307
1360.8,14.624022381749889
1361.0,14.587722317524268
1361.2,14.405575678592148
1361.4,14.154051287390422
1361.6,13.64953416884433
1361.8,13.867484146089737
1362.0,13.587976285347896
1362.2,13.705331374700972
1362.4,13.678265817056346
1362.6,13.791978442489224
1362.8,13.727500089989714
1363.0,13.599426863941684
1363.2,13.497615158677746
1363.4,13.33499593581324
1363.6,13.345754467663678
1363.8,13.330182829361865
1364.0,13.430411113151559
1364.2,13.383149498513225
1364.4,13.339706185844861
1364.6,13.617081011914205
1364.8,13.495583931678576
1365.0,13.582549827867611
1365.2,13.536314819860639
1365.4,13.517471924899521
1365.6,13.486415088325936
1365.8,13.396772908761571
1366.0,13.352210179941649
1366.2,13.523625828034989
1366.4,13.530943120632395
1366.6,13.636869660850374
1366.8,13.659460793502902
1367.0,13.661488447393884
1367.2,13.6838300024316
1367.4,13.767037572337298
1367.6,13.89685874996313
1367.8,13.698437489793754
1368.0,13.515383307767408
1368.2,13.667754011466924
1368.4,13.701325226325782
1368.6,13.73254575940985
1368.8,13.726611316884906
1369.0,13.889395654045963
1369.2,13.97850048491154
1369.4,13.818068907969474
1369.6,14.09280144227359
1369.8,13.978643576542504
1370.0,13.811735278764756
1370.2,14.106471410157187
1370.4,14.578007634175147
1370.6,14.391200716738634
1370.8,14.181271471625298
1371.0,14.117945134551245
1371.2,14.211915975300064
1371.4,14.364148406286867
1371.6,14.346231617392462
1371.8,14.403026677440455
1372.0,14.702333686996006
1372.2,14.746545274593254
1372.4,15.023190268067781
1372.6,15.503152914777639
1372.8,15.032713582440511
1373.0,15.595251837419235
1373.2,15.425947162407688
1373.4,15.306296438318942
1373.6,15.522235001577588
1373.8,15.428759605676722
1374.0,15.079005867264662
1374.2,15.324581229763965
1374.4,15.589277862792168
1374.6,15.632495410196706
1374.8,15.452031551621292
1375.0,15.522091180366118
1375.2,15.892904693811122
1375.4,15.631300378528824
1375.6,15.13030194098587
1375.8,16.06261145620656
1376.0,16.455780868895577
1376.2,16.31558478255932
1376.4,16.219983460566606
1376.6,16.515519404503817
1376.8,16.71959868763747
1377.0,17.04893878088952
1377.2,16.358641528041172
1377.4,16.459297645186584
1377.6,15.69749515376028
1377.8,15.788791956772776
1378.0,15.679383609623944
1378.2,15.628902767808487
1378.4,15.77672689126189
1378.6,15.38187225541
1378.8,15.341968102057983
1379.0,15.765383083032996
1379.2,15.609244102216282
1379.4,16.17977975723128
1379.6,15.388779134523315
1379.8,15.102520523263998
1380.0,15.819456655780815
1380.2,15.425337809596563
1380.4,15.017204089729814
1380.6,15.245440162486352
1380.8,14.520474989275554
1381.0,14.907523237682083
1381.2,14.397378042240254
1381.4,14.972112152599973
1381.6,15.378515111738738
1381.8,15.659013908508046
1382.0,15.037872912341172
1382.2,15.905460270644411
1382.4,15.372360105408063
1382.6,14.508513803476085
1382.8,14.915523675391938
1383.0,14.668486787111624
1383.2,14.703295410674002
1383.4,15.351629757359584
1383.6,16.055467668422224
1383.8,15.108623984002836
1384.0,15.234863540389181
1384.2,15.636841642242574
1384.4,15.654129969919826
1384.6,15.627342588607283
1384.8,15.809619350767804
1385.0,15.413816031104236
1385.2,15.393251764870406
1385.4,15.573161974188425
1385.6,14.90842051790992
1385.8,14.792333171494128
1386.0,15.199076492586299
1386.2,15.138067954722054
1386.4,15.292265693239527
1386.6,14.991005046512837
1386.8,15.395349704885575
1387.0,15.187462036379227
1387.2,14.86774166345856
1387.4,13.725406655825957
1387.6,14.266534262385056
1387.8,14.260726990906536
1388.0,14.561124210151435
1388.2,13.900021720623535
1388.4,14.115328912671824
1388.6,14.108817898654216
1388.8,14.528066975095044
1389.0,14.595002900546767
1389.2,14.653028729743516
1389.4,14.566555856094878
1389.6,14.90274238005643
1389.8,14.461145965201258
1390.0,14.895887424148306
1390.2,14.902483182572784
1390.4,14.939254597608238
1390.6,14.847795138944624
1390.8,14.939100212674898
1391.0,15.066552585817249
1391.2,15.13794654808617
1391.4,14.849119191359868
1391.6,15.657558993966791
1391.8,15.579193863040697
1392.0,15.216583973414535
1392.2,15.220210687895522
1392.4,15.368193547823852
1392.6,15.760634522416904
1392.8,15.572777699557767
1393.0,15.270583306805332
1393.2,15.061420911215446
1393.4,14.727628199570974
1393.6,14.902890095982752
1393.8,13.998928929349525
1394.0,13.858613427597582
1394.2,13.834117745926678
1394.4,13.776853195082598
1394.6,14.106851567876944
1394.8,13.466103461091837
1395.0,13.676715945126572
1395.2,13.818240501965448
1395.4,13.766725013066171
1395.6,13.480540450363879
1395.8,13.832977953183594
1396.0,14.153506770330438
1396.2,13.972742321156053
1396.4,14.159654117418885
1396.6,14.991566838378995
1396.8,14.608116083360205
1397.0,14.759965780867976
1397.2,14.730765360303174
1397.4,15.050104935545065
1397.6,15.392548188050764
1397.8,14.799902739011745
1398.0,15.3310142667754
1398.2,15.184161703258027
1398.4,14.83999069966428
1398.6,15.306805693591672
1398.8,15.55258490673734
1399.0,15.720390464801689
1399.2,15.396915456660931
1399.4,14.926180135137363
1399.6,14.473662753686224
1399.8,14.24613513028043
1400.0,14.165346934800754
1400.2,14.679052804777193
1400.4,14.855156277000534
1400.6,14.343763115056529
1400.8,14.179150993011742
1401.0,13.81211745013367
1401.2,14.089261582697208
1401.4,14.57064235462568
1401.6,14.60957301140702
1401.8,14.887435754006441
1402.0,14.501917475952315
1402.2,14.586514201494813
1402.4,14.15162322207425
1402.6,14.067966009718546
1402.8,14.025858352806196
1403.0,13.734616617106267
1403.2,13.919983483243687
1403.4,13.737602015943402
1403.6,13.829639288583719
1403.8,13.887107672525794
1404.0,13.481984754779573
1404.2,13.6162107634246
1404.4,13.495192700612375
1404.6,13.349300249126495
1404.8,13.506857655124715
1405.0,13.426544145762222
1405.2,13.544981490803153
1405.4,13.548430343895328
1405.6,13.624041637616832
1405.8,13.397479416604721
1406.0,13.673511128910278
1406.2,13.62590963857918
1406.4,13.409171133002925
1406.6,13.756863831403138
1406.8,13.70612444245654
1407.0,13.634154095224309
1407.2,13.63748871065023
1407.4,13.738828248111517
1407.6,13.690848231930737
1407.8,13.84865205739291
1408.0,14.047769147779096
1408.2,13.979992351507109
1408.4,13.965356772290196
1408.6,13.945932511204049
1408.8,14.006184913115858
1409.0,14.037126384540706
1409.2,13.89540204780616
1409.4,13.566179569770618
1409.6,13.567100063119728
1409.8,13.709057482890394
1410.0,13.769310674027942
1410.2,13.454308775508144
1410.4,13.501307850638543
1410.6,13.52268376762813
1410.8,13.520107486860233
1411.0,13.757582954219828
1411.2,13.512398418717314
1411.4,13.534407955433338
1411.6,13.507114116238917
1411.8,13.531377311930912
1412.0,13.636780203822559
1412.2,13.827942732169387
1412.4,13.70610272989615
1412.6,13.388992926014442
1412.8,13.320688648786136
1413.0,13.306141412624182
1413.2,13.290502161963483
1413.4,13.302399870738936
1413.6,13.142769202570756
1413.8,13.26552461394364
1414.0,13.412137103438326
1414.2,13.280342192868472
1414.4,13.317446697920275
1414.6,13.548082843740033
1414.8,13.387845635354335
1415.0,13.512719542205996
1415.2,13.510720783020165
1415.4,13.654833905259544
1415.6,13.517379892000246
1415.8,13.396744122252052
1416.0,13.575110933289745
1416.2,13.84887905992609
1416.4,13.836755356862456
1416.6,13.786321133725266
1416.8,13.694778329286557
1417.0,13.651933696169351
1417.2,13.760934468762649
1417.4,13.603486198792078
1417.6,13.48026248005495
1417.8,13.368010399003396
1418.0,13.687998002472245
1418.2,13.567867158224757
1418.4,13.507917860329485
1418.6,13.49240881603964
1418.8,13.57834645204763
1419.0,13.638633496976107
1419.2,13.625722514250382
1419.4,13.554852281242294
1419.6,13.476540256533847
1419.8,13.58228898145155
1420.0,13.5322381731675
1420.2,13.481001582264238
1420.4,13.524589070582763
1420.6,13.69017450677939
1420.8,13.79235748662753
1421.0,13.573971025352057
1421.2,13.473150755736416
1421.4,13.52536905553942
1421.6,13.667460768625634
1421.8,13.785982310787464
1422.0,13.75145589688083
1422.2,13.971973821331439
1422.4,14.193259075250255
1422.6,14.052313822768516
1422.8,14.32586017185955
1423.0,14.312567252135246
1423.2,14.625734680357798
1423.4,14.604851547284909
1423.6,14.689865318306545
1423.8,14.776250449386769
1424.0,14.553334043477346
1424.2,14.391307210139493
1424.4,14.671556185539515
1424.6,14.541767206852413
1424.8,14.261769133205318
1425.0,14.168172838486656
1425.2,14.51330675946168
1425.4,14.411928003307935
1425.6,14.044795176332716
1425.8,14.39038409882604
1426.0,14.334326001072144
1426.2,14.214540785625726
1426.4,14.587500586185104
1426.6,14.280525775434612
1426.8,13.825136565526437
1427.0,14.027881589979946
1427.2,14.10720019865841
1427.4,13.789214465307074
1427.6,14.15323756218113
1427.8,14.03964203135547
1428.0,14.188342654698825
1428.2,14.121303694659115
1428.4,14.12579080920288
1428.6,14.24225619844763
1428.8,14.443034616793254
1429.0,14.32046779180192
1429.2,14.412273916447747
1429.4,14.451294825515145
1429.6,14.296977338617161
1429.8,14.32463754816039
1430.0,14.337625077848026
1430.2,14.260963209844867
1430.4,14.291087946563795
1430.6,14.443401833522408
1430.8,14.137778231047207
1431.0,14.307167804210387
1431.2,14.054273723879213
1431.4,13.762922194960321
1431.6,13.81929792194541
1431.8,13.799389576061758
1432.0,14.224216862467214
1432.2,13.996541191245647
1432.4,13.91103891733919
1432.6,13.916701378322653
1432.8,13.713246994475902
1433.0,13.811667019645476
1433.2,14.040982456859094
1433.4,13.955853492168062
1433.6,14.342035051207455
1433.8,14.29967835694606
1434.0,14.088493414624612
1434.2,14.155014421004344
1434.4,13.824966798043658
1434.6,13.608095683412165
1434.8,13.899157993510858
1435.0,13.871732548431037
1435.2,13.833477500135313
1435.4,13.721150996329083
1435.6,13.900709088898571
1435.8,13.84315420181796
1436.0,14.22915803610779
1436.2,13.88443103438539
1436.4,13.791167278191981
1436.6,13.841633739918835
1436.8,13.98036421352291
1437.0,14.11018795238691
1437.2,13.73497786976099
1437.4,13.832678249207927
1437.6,13.598084409941473
1437.8,13.94075991016641
1438.0,13.630098160458783
1438.2,13.91111181849231
1438.4,14.1071266190213
1438.6,14.176793978883278
1438.8,14.026992769146931
1439.0,14.158216823941615
1439.2,14.019243931011278
1439.4,13.72739712498586
1439.6,14.018337524874235
1439.8,14.114580966355327
1440.0,14.165544006831016
1440.2,14.2228289131726
1440.4,14.242622219341657
1440.6,13.962238987955246
1440.8,13.88095866472906
1441.0,14.096002338262316
1441.2,13.863467985743803
1441.4,14.016998480605016
1441.6,14.177138854965264
1441.8,14.466939389117222
1442.0,14.385800397412435
1442.2,14.060657739298163
1442.4,14.003631542393764
1442.6,13.7826616914131
1442.8,13.72000946679828
1443.0,13.970542858202094
1443.2,13.746317223383963
1443.4,14.249682147258296
1443.6,14.060191498448223
1443.8,13.87741485471902
1444.0,14.023858111329178
1444.2,13.968510506187382
1444.4,13.897649834759857
1444.6,13.903365196000212
1444.8,13.813935427368882
1445.0,13.847650407209013
1445.2,13.965010060028952
1445.4,14.375202984510953
1445.6,14.161579788317177
1445.8,13.91631478144808
1446.0,13.89582207274424
1446.2,13.983721797386867
1446.4,14.04811122398776
1446.6,14.124889293599477
1446.8,14.061880928920976
1447.0,13.771358372076703
1447.2,13.977041372313636
1447.4,14.042524094926868
1447.6,14.111056308289099
1447.8,14.333024849675326
1448.0,14.025690849821961
1448.2,14.134747815119159
1448.4,14.116554000762223
1448.6,14.203650636078965
1448.8,14.187994924809402
1449.0,14.079664038511225
1449.2,14.236574461877424
1449.4,14.003471793862282
1449.6,13.722467040928771
1449.8,13.940304275139239
1450.0,13.841194962342232
1450.2,14.090487595303038
1450.4,14.050214273395254
1450.6,14.084630785643995
1450.8,13.967052142447777
1451.0,13.808332755202652
1451.2,14.075265436472185
1451.4,14.050043503658703
1451.6,13.761080411380798
1451.8,13.943208715405458
1452.0,14.020554810083237
1452.2,14.018032101828947
1452.4,13.697707511329094
1452.6,13.65023006646744
1452.8,13.93344516060387
1453.0,13.933895901651125
1453.2,13.670945535551567
1453.4,13.791017508115484
1453.6,14.017835992651541
1453.8,13.862847622335288
1454.0,13.928449721525089
1454.2,13.768677617751049
1454.4,13.934227442620475
1454.6,13.754782906959202
1454.8,13.711681559938
1455.0,13.793656190781975
1455.2,13.752284545357714
1455.4,13.671261469529865
1455.6,13.644274917035581
1455.8,13.800119854500448
1456.0,13.808360227656241
1456.2,13.91025964766633
1456.4,14.161909688068047
1456.6,14.054955635393473
1456.8,14.037149412660412
1457.0,14.257903816804054
1457.2,14.218486316681602
1457.4,14.166016805563554
1457.6,14.79313835249944
1457.8,15.026570673241814
1458.0,15.018398453539767
1458.2,14.651832254080198
1458.4,14.114070255722218
1458.6,14.486518838741532
1458.8,15.314932768083036
1459.0,15.057875359406456
1459.2,15.56073159868979
1459.4,15.807733843944767
1459.6,16.240172765901363
1459.8,16.39707203860461
1460.0,16.486678655733815
1460.2,16.10433684668325
1460.4,15.791501432206505
1460.6,16.467888661995254
1460.8,16.101103934315482
1461.0,16.910330860074517
1461.2,17.177768035451564
1461.4,16.27415754745034
1461.6,16.446776608957705
1461.8,16.069510159848203
1462.0,16.52652427908017
1462.2,16.488214914923606
1462.4,16.500621348478845
1462.6,16.22285786777065
1462.8,15.602332305796732
1463.0,15.526765205868587
1463.2,15.813822626200624
1463.4,15.377575825570444
1463.6,15.755652654545528
1463.8,15.82586544432386
1464.0,16.104679258597347
1464.2,15.754659871423563
1464.4,15.821180629294084
1464.6,15.734782225918488
1464.8,15.600760213759122
1465.0,15.325879182275274
1465.2,15.168756230844807
1465.4,15.494423415288468
1465.6,15.17406348519337
1465.8,15.520581954789227
1466.0,15.146459793071074
1466.2,15.793361394684224
1466.4,14.9007548156553
1466.6,15.217583078615364
1466.8,14.982291849117889
1467.0,14.81140656707938
1467.2,14.501858115779369
1467.4,14.936564961501457
1467.6,15.529269070006034
1467.8,15.813861916617975
1468.0,15.216957628600028
1468.2,15.266412463591939
1468.4,14.755696004133652
1468.6,14.466214733843257
1468.8,14.159579820932448
1469.0,14.10883621171767
1469.2,14.391622208116328
1469.4,14.365933143091468
1469.6,14.56268521247464
1469.8,14.184949579013411
1470.0,14.146018794740886
1470.2,14.389248875435467
1470.4,14.028731898439293
1470.6,14.516884413049967
1470.8,14.381901929024242
1471.0,14.408454794346525
1471.2,14.574053958001018
1471.4,14.260285563601414
1471.6,13.988879949468306
1471.8,14.032751777812491
1472.0,14.113386172459318
1472.2,14.19347298556019
1472.4,14.430301779067312
1472.6,14.4724591947578
1472.8,14.538351812694954
1473.0,14.472263555478747
1473.2,14.878417084672297
1473.4,14.750646375362864
1473.6,14.696695380839664
1473.8,14.152181633785798
1474.0,13.89657947877257
1474.2,13.83692489746388
1474.4,13.558956627423308
1474.6,13.664470615703252
1474.8,13.62539246611647
1475.0,13.595841084939737
1475.2,13.44431643116403
1475.4,13.422131462390158
1475.6,13.460340379236433
1475.8,13.47225012472812
1476.0,13.484759627069066
1476.2,13.723234707816264
1476.4,13.673206968847694
1476.6,13.82144517651093
1476.8,13.601864990991377
1477.0,13.524492609368144
1477.2,13.678461138921334
1477.4,13.554740066159896
1477.6,13.617541806938116
1477.8,13.576685677593424
1478.0,13.53801129405902
1478.2,13.552555303857645
1478.4,13.6761099147804
1478.6,13.794891549472466
1478.8,13.696042183798715
1479.0,13.44478468064928
1479.2,13.49138976243286
1479.4,13.395479948814232
1479.6,13.48677700849932
1479.8,13.910653367681224
1480.0,13.58002570053057
1480.2,13.496221679913841
1480.4,13.520897509276447
1480.6,13.392182826031345
1480.8,13.506047463143208
1481.0,13.567019598536103
1481.2,13.56239575884956
1481.4,13.482790213934944
1481.6,13.568046494450694
1481.8,13.499639198531707
1482.0,13.652053251480167
1482.2,13.405579391295843
1482.4,13.504992304400666
1482.6,13.672868578196052
1482.8,13.70144776245806
1483.0,13.675702782822407
1483.2,13.447125952895028
1483.4,13.591569774769564
1483.6,13.407540232079462
1483.8,13.656125264873438
1484.0,13.474200893367637
1484.2,13.540798132858868
1484.4,13.679057342737838
1484.6,13.60576521297382
1484.8,13.444559650871007
1485.0,13.623569820227036
1485.2,13.515706659516562
1485.4,13.523680127621024
1485.6,13.405901528460998
1485.8,13.36446319650632
1486.0,13.443253608859468
1486.2,13.469194430067166
1486.4,13.428384263578776
1486.6,13.30949334174743
1486.8,13.478233681123758
1487.0,13.27167499556985
1487.2,13.25403689088911
1487.4,13.338822556142699
1487.6,13.45404252602217
1487.8,13.369912957222848
1488.0,13.237661019927526
1488.2,13.34421235043375
1488.4,13.331509004281198
1488.6,13.44903131987467
1488.8,13.36569217365466
1489.0,13.4777599568824
1489.2,13.383296655773469
1489.4,13.518385691226706
1489.6,13.517474200913897
1489.8,13.574980362186903
1490.0,13.666645780874152
1490.2,13.510570920841673
1490.4,13.692650352173583
1490.6,13.500086608047146
1490.8,13.390850946144042
1491.0,13.496079895538829
1491.2,13.556216061920956
1491.4,13.599828299512893
1491.6,13.41548430221659
1491.8,13.50921517114652
1492.0,13.514670157194008
1492.2,13.599050119815816
1492.4,13.5162156937513
1492.6,13.540141975978075
1492.8,13.446199489816449
1493.0,13.554532887706351
1493.2,13.475975432273188
1493.4,13.464251426836196
1493.6,13.41151391900998
1493.8,13.345686361936016
1494.0,13.538937748784477
1494.2,13.337577298843353
1494.4,13.650305182777744
1494.6,13.536704688216957
1494.8,13.612496366141258
1495.0,13.571335344668633
1495.2,13.520389903906642
1495.4,13.403238028946696
1495.6,13.530518410290513
1495.8,13.43188514544317
1496.0,13.473700776397184
1496.2,13.534491766563438
1496.4,13.4982770215929
1496.6,13.59130528522656
1496.8,13.430075818306301
1497.0,13.472209787694673
1497.2,13.551943118375245
1497.4,13.470061656364232
1497.6,13.627195623971238
1497.8,13.570826891948212
1498.0,13.477768972753761
1498.2,13.42461364543479
1498.4,13.345582461654235
1498.6,13.419633897500711
1498.8,13.34426613497463
1499.0,13.36305125715247
1499.2,13.42963067411899
1499.4,13.307424232502324
1499.6,13.457592153763635
1499.8,13.396592573035262
1500.0,13.316991080984025
1500.2,13.363741168833677
1500.4,13.451379560789544
1500.6,13.368359381345282
1500.8,13.313672393788998
1501.0,13.278215653038128
1501.2,13.504250439825983
1501.4,13.530329868055773
1501.6,13.380744662182288
1501.8,13.404166374500694
1502.0,13.251595515427809
1502.2,13.258879917193777
1502.4,13.484123980268897
1502.6,13.307304533100623
1502.8,13.487801284172878
1503.0,13.393495528177999
1503.2,13.319137825229348
1503.4,13.638522103070995
1503.6,13.28299254323265
1503.8,13.259636078280408
1504.0,13.372041654102807
1504.2,13.351205465137452
1504.4,13.558446320006514
1504.6,13.47756646392843
1504.8,13.545531228420275
1505.0,13.48680669047667
1505.2,13.418866901257584
1505.4,13.652565949064002
1505.6,13.562421611844712
1505.8,13.615482206683758
1506.0,13.622753899816129
1506.2,13.3464525418915
1506.4,13.47379022280543
1506.6,13.334708649559026
1506.8,13.516832386822216
1507.0,13.425293887400496
1507.2,13.602470731710168
1507.4,13.609100143501031
1507.6,13.636724672042408
1507.8,13.62892583906813
1508.0,13.65854060468086
1508.2,13.780553532649733
1508.4,13.850861939662396
1508.6,13.56963422271205
1508.8,13.792484236641911
1509.0,13.811029266924596
1509.2,13.547613833294236
1509.4,13.790568345504322
1509.6,13.693593062181364
1509.8,13.847141404650326
1510.0,13.983488940569348
1510.2,13.997764487029798
1510.4,13.871783740207377
1510.6,13.623715417529972
1510.8,13.602001719728547
1511.0,13.746780823941593
1511.2,13.777318103557635
1511.4,14.035889249967507
1511.6,14.524960096842598
1511.8,14.282755473849084
1512.0,13.89747147825474
1512.2,14.096162683817274
1512.4,14.001333474512645
1512.6,14.286799546887481
1512.8,14.103117723886827
1513.0,14.662183443358147
1513.2,14.427058283124543
1513.4,14.421581227633775
1513.6,14.368805082803103
1513.8,14.26516471823684
1514.0,14.618431279063579
1514.2,14.72907620830201
1514.4,14.476365754493788
1514.6,14.668142221101832
1514.8,14.468220155250538
1515.0,14.260234262856892
1515.2,14.286321674184224
1515.4,14.588281213231438
1515.6,14.784701577470337
1515.8,14.822655199214898
1516.0,14.591371774705577
1516.2,14.383426386965677
1516.4,14.097691383136642
1516.6,14.357143176998367
1516.8,14.496438532403083
1517.0,14.315346132692833
1517.2,14.359106641819173
1517.4,14.204723835226751
1517.6,14.178508737487856
1517.8,14.331741332611482
1518.0,14.511910077447252
1518.2,14.504346792651914
1518.4,14.508754162051964
1518.6,14.03414049598798
1518.8,13.719996714916388
1519.0,14.510945990088782
1519.2,14.060211831840606
1519.4,14.214484287607865
1519.6,14.357578159156514
1519.8,13.911929238064435
1520.0,14.024370721662581
1520.2,13.93717105098283
1520.4,13.479591082857333
1520.6,14.245797477512065
1520.8,14.24679072466912
1521.0,14.107282201547154
1521.2,13.588654102270608
1521.4,13.806236191524269
1521.6,13.313149378279567
1521.8,13.726675312989286
1522.0,14.18646481015443
1522.2,14.18306408920811
1522.4,14.350354661783776
1522.6,14.378531161825423
1522.8,14.430564011681406
1523.0,14.55124767906096
1523.2,14.407564726659432
1523.4,14.37962307791755
1523.6,14.57068014119313
1523.8,14.356118102139073
1524.0,14.463265351723498
1524.2,14.643072606651133
1524.4,15.044767174706383
1524.6,14.582667112764693
1524.8,14.918815843279143
1525.0,14.516106737340536
1525.2,14.931883240330954
1525.4,14.656789723097834
1525.6,14.97402789271058
1525.8,15.4808336002626
1526.0,15.451103683444352
1526.2,15.249397947578949
1526.4,15.00138513922803
1526.6,14.297100915974461
1526.8,14.670592640717155
1527.0,14.866655729826695
1527.2,14.767194609505147
1527.4,14.946780398612711
1527.6,15.01474212338707
1527.8,14.854559330178258
1528.0,15.03352126583998
1528.2,14.828789013560915
1528.4,14.893088627818683
1528.6,14.749660867298097
1528.8,14.743727058046083
1529.0,14.98544167217904
1529.2,14.672012592426743
1529.4,14.479768214823592
1529.6,14.303945072547318
1529.8,15.051773706180962
1530.0,15.618151748257269
1530.2,15.099038163933393
1530.4,15.048797688523921
1530.6,15.165004665662893
1530.8,14.95523140342451
1531.0,15.007396883925502
1531.2,15.192972318412323
1531.4,14.942111138926023
1531.6,14.765247824241579
1531.8,14.696887141185513
1532.0,14.888460378373365
1532.2,14.508382418120947
1532.4,14.748091310402398
1532.6,14.984632773866874
1532.8,14.884297076746718
1533.0,14.971833548171475
1533.2,14.937082208402062
1533.4,14.901011213909687
1533.6,14.688559491892777
1533.8,14.723166993223503
1534.0,14.95499936479656
1534.2,14.940386360135118
1534.4,14.616691818979788
1534.6,15.069229051952686
1534.8,14.636031370989047
1535.0,14.755578323377645
1535.2,14.759661578832135
1535.4,15.23379785294894
1535.6,15.303823525900409
1535.8,15.155569818137511
1536.0,15.836681677291091
1536.2,16.005487135505618
1536.4,15.46159098921458
1536.6,14.925461535036899
1536.8,14.901274706521564
1537.0,14.614541183209537
1537.2,15.314844697747303
1537.4,14.93507730534281
1537.6,15.383718453733852
1537.8,15.655556250754222
1538.0,15.648466590747725
1538.2,15.47158034859066
1538.4,15.575793264929874
1538.6,15.628282780196594
1538.8,15.639362380957685
1539.0,15.957567254433261
1539.2,15.63656339277655
1539.4,15.586750380474372
1539.6,15.40295667609284
1539.8,15.977575988024885
1540.0,16.12007973997401
1540.2,15.424625816414164
1540.4,15.649939351844369
1540.6,15.430905206502585
1540.8,15.065803421069848
1541.0,14.588749462057713
1541.2,14.659134053545444
1541.4,15.664218718814704
1541.6,15.628930223068828
1541.8,15.966874805880318
1542.0,15.354529378243145
1542.2,15.465279447702178
1542.4,15.729572258532663
1542.6,15.786942570678178
1542.8,16.01816760990779
1543.0,16.095926399594514
1543.2,15.515016362574146
1543.4,16.381075124300427
1543.6,16.207516302367925
1543.8,15.799954017096361
1544.0,16.10084500248681
1544.2,15.789273475333552
1544.4,15.925890678900483
1544.6,15.809871230634982
1544.8,16.303157865325982
1545.0,16.02947232584909
1545.2,15.418158016241394
1545.4,16.048122511250313
1545.6,15.235746164839536
1545.8,14.696197327012722
1546.0,14.792212793915496
1546.2,14.880605341047259
1546.4,15.445378072326514
1546.6,15.436454282556385
1546.8,15.528181901008217
1547.0,16.029058261897838
1547.2,16.1388773648159
1547.4,16.215036345100575
1547.6,16.642883834728416
1547.8,16.018054128108986
1548.0,16.221517266633484
1548.2,16.71187739278952
1548.4,15.951132977879237
1548.6,16.42824248285621
1548.8,16.5205761805617
1549.0,17.250808539660397
1549.2,17.623449122810598
1549.4,17.225272813580126
1549.6,18.11794098046879
1549.8,17.06144296031635
1550.0,16.59691725068702
1550.2,16.443325060398426
1550.4,16.45774855884229
1550.6,16.341867517508778
1550.8,16.645831199144
1551.0,17.056641775539234
1551.2,16.458955444384458
1551.4,15.86515413478246
1551.6,15.586564014795474
1551.8,15.566500005952047
1552.0,15.286600885560857
1552.2,15.90511577673626
1552.4,15.570831787649011
1552.6,15.55256225890224
1552.8,15.882392320368998
1553.0,15.666908393955072
1553.2,15.823551612898271
1553.4,15.954805869761122
1553.6,16.113251764898408
1553.8,16.091348495482126
1554.0,16.27295351152603
1554.2,15.88590734853394
1554.4,16.32364776551269
1554.6,16.28184406776112
1554.8,15.703743780506924
1555.0,15.069511366390438
1555.2,15.403359680579927
1555.4,15.560405218892013
1555.6,15.699600195041112
1555.8,16.01789598752883
1556.0,16.13991393758775
1556.2,16.38851083499245
1556.4,15.742988029687
1556.6,17.125198305344995
1556.8,17.720489801978168
1557.0,17.595692480821178
1557.2,17.959111434693607
1557.4,17.562100580748524
1557.6,18.18533810487212
1557.8,16.93381631639196
1558.0,16.703791169464314
1558.2,16.9863926938035
1558.4,16.43136574201017
1558.6,15.789708281030691
1558.8,16.52856387753941
1559.0,16.504693966205778
1559.2,17.11334203814937
1559.4,17.3824980238962
1559.6,18.743677001829134
1559.8,18.309755383167413
1560.0,19.105103421559143
1560.2,17.89488837104881
1560.4,17.847201895808794
1560.6,18.530669333885157
1560.8,18.623057696377735
1561.0,18.760146879984443
1561.2,17.887619938585896
1561.4,17.158353346285715
1561.6,16.80079114900434
1561.8,15.83037839125719
1562.0,15.531555342974638
1562.2,15.373924235077283
1562.4,16.204114649907027
1562.6,17.154837979475623
1562.8,18.112542341668448
1563.0,17.254542038187253
1563.2,16.858274083257527
1563.4,16.500096698776982
1563.6,17.06401609666871
1563.8,16.32359275352948
1564.0,16.078683698244596
1564.2,16.72188997686997
1564.4,15.827617296239646
1564.6,16.182475583065155
1564.8,15.946534229985108
1565.0,16.268575926673638
1565.2,16.177690817167367
1565.4,15.800793487715163
1565.6,15.978570550511819
1565.8,16.73147341302699
1566.0,16.547791781724406
1566.2,16.542500216330346
1566.4,16.52359758090411
1566.6,16.920365676806874
1566.8,17.981578912839772
1567.0,18.38445365721176
1567.2,19.017859835358593
1567.4,19.71742023242029
1567.6,19.498284381203508
1567.8,18.941950556092305
1568.0,18.953752380615786
1568.2,20.227932184888424
1568.4,20.59572799324965
1568.6,19.794371355103813
1568.8,19.075237658168064
1569.0,18.75194158670626
1569.2,19.131502314024022
1569.4,19.000934026012658
1569.6,17.482018308319734
1569.8,17.92014864921611
1570.0,18.414324815356647
1570.2,18.550115333615963
1570.4,18.015431436714216
1570.6,16.578638575415543
1570.8,17.672326858942288
1571.0,18.011812908191416
1571.2,17.66065683685342
1571.4,17.61417954986458
1571.6,16.735144862611143
1571.8,16.56398229391508
1572.0,18.663210100251153
1572.2,18.981897631183493
1572.4,19.17267679339226
1572.6,18.226082608286113
1572.8,18.65006542300951
1573.0,17.89440156819461
1573.2,17.030053297255023
1573.4,17.245901512389473
1573.6,15.724182809681864
1573.8,15.784396267486906
1574.0,15.571113021126894
1574.2,15.389290162073612
1574.4,15.66220132525147
1574.6,15.016611423120318
1574.8,14.914280661677017
1575.0,15.500661785027166
1575.2,15.668752505315775
1575.4,15.640964804474322
1575.6,15.160946779196294
1575.8,15.475762359553965
1576.0,15.32079069172369
1576.2,14.85848729308103
1576.4,14.684218837203355
1576.6,15.187949878417726
1576.8,14.924425519091137
1577.0,14.730720432062608
1577.2,14.908694680324778
1577.4,14.754216194386638
1577.6,14.413402736053841
1577.8,14.700146973152346
1578.0,15.28533540633286
1578.2,15.181150862185007
1578.4,15.399087287829008
1578.6,15.160591815252491
1578.8,15.362632902747901
1579.0,15.188557752402009
1579.2,15.039931273019814
1579.4,14.694210569650751
1579.6,14.44530026883019
1579.8,15.324011198981832
1580.0,15.618794494231619
1580.2,14.963469665063966
1580.4,15.133613855981004
1580.6,15.716957059517952
1580.8,15.687968261079137
1581.0,15.222131414062321
1581.2,15.141634103363673
1581.4,14.64499611322684
1581.6,14.6980521851179
1581.8,14.814496803136809
1582.0,14.75978260623551
1582.2,14.733378747726888
1582.4,15.196670562842442
1582.6,14.994378450843735
1582.8,14.626612002208127
1583.0,15.21311537866971
1583.2,14.95038243818037
1583.4,14.610731933457604
1583.6,14.793383338924269
1583.8,14.889515404616148
1584.0,15.457746253037767
1584.2,15.280665366920234
1584.4,15.295352618478596
1584.6,15.104457659971436
1584.8,15.324624485593763
1585.0,15.60196897623264
1585.2,15.268796801568797
1585.4,15.048812635397638
1585.6,14.846370376094777
1585.8,14.723381044007269
1586.0,14.474973313722758
1586.2,14.857571794012141
1586.4,14.999828651947967
1586.6,14.299852398277471
1586.8,14.67516881297515
1587.0,14.299902600179703
1587.2,14.892789379469866
1587.4,14.754663307912306
1587.6,14.369172296770042
1587.8,14.435492812824881
1588.0,14.666875852228936
1588.2,14.491870001902809
1588.4,14.582264740841875
1588.6,14.93491688513193
1588.8,14.556877249021303
1589.0,14.367896306357252
1589.2,14.315890572905106
1589.4,14.372209058945751
1589.6,14.600093939453275
1589.8,14.53948027050137
1590.0,14.49880405188144
1590.2,14.34013785714058
1590.4,14.117858509039765
1590.6,14.612822474555927
1590.8,14.31355811867169
1591.0,14.247735710512895
1591.2,14.285348341090138
1591.4,14.901970094778854
1591.6,14.724082769341704
1591.8,14.870550148033741
1592.0,15.166698861825695
1592.2,14.988998452389028
1592.4,14.83418330449092
1592.6,14.587599836729733
1592.8,14.178804260519806
1593.0,14.08334463379608
1593.2,14.156018366350603
1593.4,13.78437813392247
1593.6,13.782804400392036
1593.8,14.33742315246009
1594.0,14.713801276449459
1594.2,14.544701982153098
1594.4,14.546432607124189
1594.6,14.187460779475211
1594.8,14.069795043551236
1595.0,14.198379473845812
1595.2,14.532989227752504
1595.4,14.471441076604618
1595.6,14.827925836962631
1595.8,14.381921235787349
1596.0,14.41095908470836
1596.2,14.688270369208137
1596.4,14.997951924695004
1596.6,14.394265510517503
1596.8,14.606838902805618
1597.0,14.856223204860001
1597.2,15.090753865719213
1597.4,14.775918149172842
1597.6,15.145678556875701
1597.8,14.89076399283353
1598.0,14.551587749561197
1598.2,14.581573766159472
1598.4,14.867108396072338
1598.6,14.67088368473254
1598.8,15.293655279712091
1599.0,15.339651506085607
1599.2,15.14081239668397
1599.4,14.97811592443908
1599.6,15.073130937297686
1599.8,14.60762481147989
1600.0,14.981612119681305
1600.2,15.008489391132665
1600.4,15.057000414322161
1600.6,15.240278088657606
1600.8,14.953874880537395
1601.0,15.108304010232064
1601.2,14.83206397869199
1601.4,15.07557634448994
1601.6,15.162186191684686
1601.8,15.270372057833619
1602.0,15.295632353486429
1602.2,15.21439694557306
1602.4,14.644210801737671
1602.6,14.695297713107273
1602.8,14.197772094238946
1603.0,14.341600613091138
1603.2,14.323026414778699
1603.4,14.517258196537561
1603.6,14.301043324109115
1603.8,14.502275863090492
1604.0,15.133516469349797
1604.2,15.164757591482498
1604.4,15.100277417070533
1604.6,15.668611040559668
1604.8,15.09177752763955
1605.0,14.576830371136145
1605.2,14.695644528232762
1605.4,15.133110650760973
1605.6,15.340783042009612
1605.8,14.894197232692065
1606.0,14.933092418227913
1606.2,15.031766681751455
1606.4,14.681094630366802
1606.6,14.896909635825724
1606.8,15.232495175299366
1607.0,15.128206745127631
1607.2,15.57564059006715
1607.4,15.601464606756142
1607.6,15.4406440358627
1607.8,15.126266786403619
1608.0,15.505610638350625
1608.2,15.334337544253142
1608.4,15.277076169093327
1608.6,15.300663163431476
1608.8,15.480739029702693
1609.0,15.598819522579815
1609.2,15.147547795370675
1609.4,15.58866092375826
1609.6,15.452396913530809
1609.8,15.538472400016536
1610.0,15.141450240145918
1610.2,15.399230029152928
1610.4,15.558474077022332
1610.6,15.409634717560536
1610.8,15.208260590130307
1611.0,15.052757338896171
1611.2,14.876633120761603
1611.4,14.91544247462815
1611.6,14.465958877215122
1611.8,14.597444527487749
1612.0,14.74542861601263
1612.2,15.334922577827095
1612.4,14.996557555700443
1612.6,14.928432380239549
1612.8,14.715252177734195
1613.0,15.267789978149423
1613.2,15.30336681683443
1613.4,15.380705388020576
1613.6,15.505924300528513
1613.8,15.368168700847322
1614.0,15.299792604672044
1614.2,15.489804346296406
1614.4,15.192201449105724
1614.6,15.117319272785334
1614.8,15.40438653354672
1615.0,15.48794788961175
1615.2,15.219454247786837
1615.4,15.267664277416337
1615.6,15.279154612533514
1615.8,15.635439771248086
1616.0,15.453843268307349
1616.2,15.101768841893428
1616.4,15.283984705631063
1616.6,15.229229274791205
1616.8,15.093333448402282
1617.0,15.012646912058909
1617.2,15.206530330678047
1617.4,15.03063139703418
1617.6,14.759658580447606
1617.8,15.234921910624417
1618.0,15.591781915747458
1618.2,15.747633001154718
1618.4,15.763624598734946
1618.6,16.02634823548524
1618.8,15.825742331198995
1619.0,16.057022563245862
1619.2,15.47026376718377
1619.4,16.14510308132872
1619.6,16.574993502509177
1619.8,16.379056802775203
1620.0,17.352723846960338
1620.2,16.658227369424267
1620.4,16.624341159874948
1620.6,16.60917390557485
1620.8,16.23040810437276
1621.0,16.546810158678113
1621.2,15.979019770908923
1621.4,16.658103733056684
1621.6,17.136702302983437
1621.8,15.660304520322875
1622.0,16.179057240331872
1622.2,16.41166054911666
1622.4,16.201662396682536
1622.6,16.580224115239666
1622.8,17.10839796313626
1623.0,17.16463880877255
1623.2,17.601345675255004
1623.4,17.572777798345854
1623.6,17.23907687990988
1623.8,17.85002522141787
1624.0,17.529290001444153
1624.2,16.613989445705062
1624.4,15.959941903515645
1624.6,15.814157317033759
1624.8,16.851335988326856
1625.0,17.69730108543079
1625.2,17.758057885052324
1625.4,17.656484342801434
1625.6,17.77150806943089
1625.8,18.249299202721772
1626.0,17.47672878629238
1626.2,18.502463545049
1626.4,18.53072606696655
1626.6,17.77698209982689
1626.8,17.69673103239529
1627.0,17.316629687063475
1627.2,16.979258933276522
1627.4,16.842612392255564
1627.6,16.428808443620593
1627.8,17.05489085645814
1628.0,18.322529227747687
1628.2,17.669435766714233
1628.4,17.94470692618524
1628.6,18.10706489863465
1628.8,18.75900548584308
1629.0,19.2871022285795
1629.2,18.327411232430507
1629.4,18.008912394267785
1629.6,17.97157336835776
1629.8,16.933034775264147
1630.0,16.610149744742667
1630.2,17.010797914394576
1630.4,18.07372654620977
1630.6,17.969214729031577
1630.8,17.757549252690502
1631.0,18.94437539031719
1631.2,18.38432070257291
1631.4,17.640036846212233
1631.6,18.274138349165664
1631.8,18.772530337290615
1632.0,19.027715238733634
1632.2,18.517169047946343
1632.4,18.649338677950325
1632.6,19.26139334319554
1632.8,18.17236044951197
1633.0,18.531927817538243
1633.2,18.001505089492845
1633.4,18.298775397479343
1633.6,17.60965215653238
1633.8,18.252519930479284
1634.0,18.296757148332176
1634.2,17.67988765632786
1634.4,17.73099377858049
1634.6,17.7147097206831
1634.8,19.06720722166549
1635.0,17.90533621050495
1635.2,18.607086389247385
1635.4,17.55993539719075
1635.6,17.74942975003219
1635.8,18.19217841823326
1636.0,17.49896107770435
1636.2,18.060452827734707
1636.4,18.396293776942215
1636.6,17.817717629676622
1636.8,17.98392118240264
1637.0,17.607260661892468
1637.2,17.366720908508093
1637.4,18.01298453077579
1637.6,18.70851322316207
1637.8,18.78024493220405
1638.0,18.57216677140172
1638.2,18.88242423812123
1638.4,18.195141664207164
1638.6,18.54475039042964
1638.8,18.397492861040078
1639.0,17.795043010701402
1639.2,17.07480290180389
1639.4,18.1686399431452
1639.6,17.958964224241264
1639.8,17.373423532803976
1640.0,17.78005168680956
1640.2,17.82783607547943
1640.4,18.920194747912532
1640.6,18.125617509574013
1640.8,17.344340452836487
1641.0,17.56085801919309
1641.2,18.133517306243682
1641.4,18.32871084564577
1641.6,17.967444528109098
1641.8,18.10371242671144
1642.0,18.63953014334505
1642.2,18.296523206905487
1642.4,19.126283396466704
1642.6,19.35217137434131
1642.8,19.25200785520715
1643.0,18.507403943311218
1643.2,18.89440148849407
1643.4,18.142369343152613
1643.6,18.492978997092095
1643.8,17.703416901425623
1644.0,18.010413567698777
1644.2,17.51176100625342
1644.4,16.913944757303756
1644.6,16.813044043545112
1644.8,17.22753377281608
1645.0,17.796827000101292
1645.2,18.94064781420438
1645.4,17.882783661716765
1645.6,18.523091215205174
1645.8,19.815297177045167
1646.0,20.332525479511567
1646.2,17.647874138569286
1646.4,17.80101876356441
1646.6,19.15099619278751
1646.8,17.723448954892397
1647.0,17.38677927705529
1647.2,18.661448446630146
1647.4,19.22650766244655
1647.6,18.146009246081668
1647.8,18.09824820735422
1648.0,17.461536441020613
1648.2,17.077389681185856
1648.4,16.517224963932865
1648.6,16.60010778751406
1648.8,15.871336681632473
1649.0,16.259790223762383
1649.2,15.767823623698119
1649.4,15.412192648545444
1649.6,16.384619086323212
1649.8,16.13056282208204
1650.0,16.10561438730396
1650.2,16.031349157127174
1650.4,15.770230174626148
1650.6,16.392112298902504
1650.8,16.456936755970474
1651.0,15.868960325862137
1651.2,15.600756214451971
1651.4,15.148799858964463
1651.6,15.694230831490877
1651.8,16.018960117610437
1652.0,15.128424353039854
1652.2,15.056948767645626
1652.4,15.250539079123229
1652.6,15.763629813787155
1652.8,15.822454913182678
1653.0,16.20173830021751
1653.2,16.60191957092475
1653.4,16.86712527274052
1653.6,16.309970635243406
1653.8,16.98616276108099
1654.0,17.41762090610502
1654.2,17.0898119329483
1654.4,16.636133335834153
1654.6,16.435774668979896
1654.8,16.361388278033154
1655.0,16.703558527197607
1655.2,16.595376264404152
1655.4,17.18504162831615
1655.6,17.638329503675493
1655.8,17.009493240268775
1656.0,16.78984804769425
1656.2,16.762892501658534
1656.4,16.68470694368327
1656.6,17.52784392976556
1656.8,16.7550723701278
1657.0,17.114870312720623
1657.2,17.931719384155627
1657.4,17.790683098673973
1657.6,17.91653458623725
1657.8,17.61173682544799
1658.0,18.30040349199616
1658.2,18.000615459774654
1658.4,17.375204138507172
1658.6,17.700601830430116
1658.8,18.88672823332788
1659.0,19.959065360232376
1659.2,18.79956958309027
1659.4,19.68682301055368
1659.6,19.74326758219313
1659.8,19.769807880859496
1660.0,19.509062317981865
1660.2,19.16980189587767
1660.4,17.772950083227528
1660.6,17.92017777441124
1660.8,17.52029333106308
1661.0,18.587001926551025
1661.2,19.087290859072578
1661.4,19.59154409750704
1661.6,19.854871061840424
1661.8,19.108354345415226
1662.0,18.71323686736892
1662.2,17.74868969336871
1662.4,19.023979803966363
1662.6,17.991615617525632
1662.8,17.1131532597309
1663.0,17.21856579306081
1663.2,17.247314932278844
1663.4,16.949815098550175
1663.6,17.22696550024485
1663.8,16.920713743520682
1664.0,17.03940699286128
1664.2,17.08385752934175
1664.4,17.41479928149571
1664.6,18.174152265564835
1664.8,17.650267342781593
1665.0,18.262855907061383
1665.2,18.06439294217994
1665.4,19.836030030987992
1665.6,19.056266989230657
1665.8,18.898172953124504
1666.0,19.40690280158914
1666.2,19.506986309391007
1666.4,19.31817449987629
1666.6,19.103536831380897
1666.8,19.027544129297127
1667.0,18.85797731624923
1667.2,18.504853962467912
1667.4,18.09504776938042
1667.6,17.90499953175538
1667.8,17.81971862143083
1668.0,18.726436098054624
1668.2,18.389797574207325
1668.4,17.70796081562382
1668.6,19.13300436493788
1668.8,18.993853035902944
1669.0,19.12800725611495
1669.2,19.2930979571762
1669.4,19.084108075689254
1669.6,19.21965088407443
1669.8,19.445077721315055
1670.0,20.566575886782317
1670.2,20.448423328021832
1670.4,19.957952509464977
1670.6,19.762716871673213
1670.8,20.00588074576967
1671.0,19.62179228422548
1671.2,18.871369207867424
1671.4,18.771144536181996
1671.6,18.902074746764853
1671.8,18.080936428803852
1672.0,18.827527564844026
1672.2,19.327571001327804
1672.4,19.015843030936196
1672.6,18.54451552968594
1672.8,18.00574467266091
1673.0,19.035216832985554
1673.2,18.70201047039909
1673.4,19.49452930004861
1673.6,19.474288384888123
1673.8,18.269040882167815
1674.0,18.212095094489783
1674.2,17.647325700754347
1674.4,16.892299004813637
1674.6,16.148649638193845
1674.8,16.941876923419496
1675.0,15.763726192021847
1675.2,16.579280500606714
1675.4,17.248076282725343
1675.6,17.83978206522142
1675.8,17.247848074976805
1676.0,17.619839722802663
1676.2,17.747206612550723
1676.4,17.279502464377856
1676.6,16.863007299097998
1676.8,17.39274113648979
1677.0,17.52747133537173
1677.2,18.068744792643454
1677.4,17.854734165276042
1677.6,17.27357970930094
1677.8,17.77127498793938
1678.0,17.533879057168324
1678.2,17.448913671224172
1678.4,17.846811123191834
1678.6,18.51811812940339
1678.8,18.515038425573614
1679.0,18.718024423614146
1679.2,18.14069056017676
1679.4,18.38910613008329
1679.6,18.147862804777713
1679.8,17.990905805860738
1680.0,17.80611431380749
1680.2,17.89906144232201
1680.4,18.61587569695194
1680.6,18.60543156347007
1680.8,18.53956965150249
1681.0,17.70274970120664
1681.2,17.93465609958334
1681.4,18.469651731892178
1681.6,17.83907464444939
1681.8,17.89073855174937
1682.0,17.583899112765092
1682.2,17.615614133062525
1682.4,18.642722661141054
1682.6,18.2344289723757
1682.8,19.158111775185645
1683.0,18.874399713015382
1683.2,17.214126609593514
1683.4,15.98309362966177
1683.6,15.579269209943812
1683.8,17.179188518687315
1684.0,16.4961985670907
1684.2,16.94814465147316
1684.4,16.389618479494434
1684.6,16.721324015779164
1684.8,16.04562256607777
1685.0,15.808360919555579
1685.2,15.538775970348508
1685.4,15.268391039362681
1685.6,15.671244911894565
1685.8,14.816446039738313
1686.0,15.772092840977868
1686.2,15.333997770665642
1686.4,15.985868304888278
1686.6,17.058583925068763
1686.8,17.32125739304756
1687.0,16.60122267245069
1687.2,15.349640178088018
1687.4,16.06035406642706
1687.6,15.392665289223405
1687.8,15.494738020199835
1688.0,15.092591163314868
1688.2,15.44605911416072
1688.4,15.91133025478046
1688.6,16.25175346221859
1688.8,16.180118255184702
1689.0,15.488044537026113
1689.2,16.158575571840146
1689.4,16.46174672427565
1689.6,16.487358711408863
1689.8,18.114764461979387
1690.0,17.199691091590402
1690.2,16.753926473467043
1690.4,16.853237608160043
1690.6,15.76127949856049
1690.8,15.935078041871249
1691.0,15.700721686585231
1691.2,16.1829189702583
1691.4,17.046339574727163
1691.6,17.280843258935196
1691.8,16.88247391910853
1692.0,16.648421444961485
1692.2,16.213319399746986
1692.4,16.15707084138538
1692.6,15.805836987691539
1692.8,15.242656074342198
1693.0,15.636029735261651
1693.2,15.548187181815173
1693.4,15.95131291520074
1693.6,15.541974606167122
1693.8,15.772287517185175
1694.0,15.483463362748696
1694.2,16.31950129808873
1694.4,16.49977592989452
1694.6,17.280903560172263
1694.8,17.611473015666604
1695.0,16.736829820912096
1695.2,17.008627863276292
1695.4,16.358745815097976
1695.6,17.02919149089591
1695.8,17.24444178102233
1696.0,16.90295257240382
1696.2,17.610130664013994
1696.4,16.98494802332496
1696.6,16.534701484807734
1696.8,16.04317999445189
1697.0,17.155483905155876
1697.2,17.969624725527996
1697.4,17.471440221474428
1697.6,17.97934369259647
1697.8,18.135375712590566
1698.0,17.482408284507585
1698.2,17.95097734637416
1698.4,16.7982379884246
1698.6,17.67088786291985
1698.8,17.641075198842383
1699.0,18.17697805739835
1699.2,18.274189022943684
1699.4,17.25701976959555
1699.6,16.953928891332346
1699.8,16.461160693950713
1700.0,16.21853971942896
1700.2,16.99350265527824
1700.4,17.06078488565017
1700.6,16.810844921460976
1700.8,17.067049383920725
1701.0,17.28388237101085
1701.2,16.95546208061908
1701.4,17.710857537914503
1701.6,16.96074187660252
1701.8,16.5695960416558
1702.0,16.895565706336416
1702.2,17.48363002637419
1702.4,16.779614330526304
1702.6,17.645459291685835
1702.8,17.795800376189852
1703.0,17.837103648802568
1703.2,16.566562751914294
1703.4,16.757866471419735
1703.6,16.25608585951453
1703.8,16.31314860834593
1704.0,16.945577584864168
1704.2,18.16525273965286
1704.4,17.605027926053808
1704.6,16.586093299432417
1704.8,17.817686938088272
1705.0,18.79375573833836
1705.2,18.558286942677313
1705.4,18.39255977026219
1705.6,17.472071652173785
1705.8,16.61289051293781
1706.0,15.279473881611047
1706.2,14.97277258735863
1706.4,15.790473613009873
1706.6,15.777096012942732
1706.8,15.394979264996806
1707.0,15.509745355135728
1707.2,15.152294019027137
1707.4,15.591400871017104
1707.6,14.946177895495637
1707.8,15.565861422639152
1708.0,16.315994609436245
1708.2,16.389869829095208
1708.4,16.774160002488966
1708.6,16.230828199252386
1708.8,16.719423815307092
1709.0,16.5696283377931
1709.2,16.865877724409415
1709.4,16.814996101170347
1709.6,17.24178120356683
1709.8,16.93874169669582
1710.0,16.391285355832576
1710.2,16.747834038590657
1710.4,16.196844757362555
1710.6,15.735731969694267
1710.8,15.953431795900705
1711.0,16.38644554162096
1711.2,16.138263447511424
1711.4,16.990343439740357
1711.6,16.5709946646368
1711.8,16.584537063863543
1712.0,17.761808802676743
1712.2,16.631227141643215
1712.4,16.25935543239209
1712.6,17.23267767981534
1712.8,17.359097881999443
1713.0,16.621224686014774
1713.2,17.100789607499717
1713.4,17.956841289267683
1713.6,17.420388637467454
1713.8,18.369741231638237
1714.0,17.793147374195723
1714.2,17.778333277516335
1714.4,17.18605034312492
1714.6,16.87217270852488
1714.8,17.706721766512093
1715.0,18.275305982300896
1715.2,17.46495498229764
1715.4,17.299650355588597
1715.6,17.832615500671437
1715.8,17.65483637616443
1716.0,17.586412424267568
1716.2,16.396262169209944
1716.4,17.475371485988838
1716.6,17.402917141564163
1716.8,17.30269199020906
1717.0,16.268773370657076
1717.2,17.157174002010855
1717.4,17.248557235830596
1717.6,18.14722478980434
1717.8,17.782418452128695
1718.0,18.142734268707624
1718.2,17.727362967867375
1718.4,16.84696218139323
1718.6,17.99829529049347
1718.8,17.292194971397457
1719.0,17.337864856625732
1719.2,16.71042298436608
1719.4,15.565718010183101
1719.6,15.45793256680572
1719.8,15.764017959129673
1720.0,16.503308789454472
1720.2,16.05274188657652
1720.4,16.8541825162406
1720.6,17.019954327056407
1720.8,15.91269505777201
1721.0,16.03057641999797
1721.2,16.40371887932972
1721.4,17.344850910272996
1721.6,17.103844908301035
1721.8,17.89045332594807
1722.0,17.796323809214698
1722.2,18.35428621929671
1722.4,18.00180014757396
1722.6,17.20588809391135
1722.8,16.964691111443436
1723.0,16.18195489797413
1723.2,16.342610549378346
1723.4,16.99994909855243
1723.6,16.68420128562816
1723.8,17.730474891009194
1724.0,18.333084026585404
1724.2,18.523442609703025
1724.4,17.764498340710958
1724.6,18.143542159552737
1724.8,17.691791076283366
1725.0,16.99609736453125
1725.2,17.38259071096407
1725.4,17.722568141159844
1725.6,18.45233175112734
1725.8,18.763203307538912
1726.0,18.720370090848856
1726.2,19.93427353921137
1726.4,18.797352811721716
1726.6,18.018426433196712
1726.8,18.505489835002358
1727.0,18.193921851140896
1727.2,18.076357346566162
1727.4,18.437679220520334
1727.6,19.218082282141957
1727.8,19.54404397391675
1728.0,19.93280710232633
1728.2,20.441425855266438
1728.4,20.29486640818108
1728.6,18.981910041671863
1728.8,18.058635956985253
1729.0,18.514653181594124
1729.2,17.668016185146172
1729.4,17.509300768321836
1729.6,18.531061535289368
1729.8,20.04210072110199
1730.0,19.429743247641657
1730.2,19.250071355816537
1730.4,19.519386696154932
1730.6,19.292726243287845
1730.8,19.939691086923272
1731.0,19.572191243277015
1731.2,21.06850243887427
1731.4,21.845246377511323
1731.6,20.48659995487875
1731.8,18.200829074674274
1732.0,17.4980249322943
1732.2,17.32706279755667
1732.4,17.31412382281174
1732.6,17.12710595701895
1732.8,17.244137372265648
1733.0,16.76916015385883
1733.2,18.720828907326275
1733.4,18.213853338894587
1733.6,19.199418320689567
1733.8,18.62747612831981
1734.0,18.38222685273771
1734.2,18.475778883224866
1734.4,16.631716621126575
1734.6,19.08539616131784
1734.8,18.112053466135578
1735.0,17.32868729195928
1735.2,17.87160253191278
1735.4,17.217258811020983
1735.6,17.97710029225666
1735.8,17.013943138228747
1736.0,17.284046536565626
1736.2,16.982929280414865
1736.4,18.042897705466455
1736.6,18.052601823055948
1736.8,17.857647069746957
1737.0,18.669506486284888
1737.2,18.83060630905
1737.4,18.396649271321223
1737.6,17.981488993554425
1737.8,17.632855438468273
1738.0,16.24505859377877
1738.2,15.785452062458017
1738.4,14.968418965114017
1738.6,16.63698117403721
1738.8,17.022042751577253
1739.0,17.52742112843431
1739.2,17.952514533940903
1739.4,19.642468401734703
1739.6,18.844224471543466
1739.8,17.53487127650944
1740.0,15.570019433492652
1740.2,15.507372174456451
1740.4,16.03483549271933
1740.6,16.247054787749263
1740.8,16.732023635203035
1741.0,16.383462194205375
1741.2,16.494130825222577
1741.4,16.39688911145363
1741.6,16.10158667024676
1741.8,16.560198194504924
1742.0,16.719474426866366
1742.2,17.031183356859824
1742.4,16.45826727287274
1742.6,16.612400607598726
1742.8,17.03815411941749
1743.0,16.781722246029535
1743.2,16.733054206827415
1743.4,15.871673523086196
1743.6,15.993245401950421
1743.8,15.582837121235286
1744.0,16.233133115816912
1744.2,15.943818989572954
1744.4,16.465211192332735
1744.6,16.43571149734667
1744.8,16.187773596493873
1745.0,15.550721032929602
1745.2,15.472502950935834
1745.4,15.197531877467782
1745.6,15.628886253626531
1745.8,15.918362407500302
1746.0,15.59401629960899
1746.2,16.333295941499312
1746.4,15.891237673989117
1746.6,16.51245187753475
1746.8,16.271415502392934
1747.0,15.97798896964621
1747.2,16.674053181458216
1747.4,16.79197343601055
1747.6,17.119123308583557
1747.8,17.671612666536603
1748.0,17.37687809605465
1748.2,16.64543539480028
1748.4,15.869985807885671
1748.6,15.538571365574953
1748.8,15.738593548964614
1749.0,15.896206709792903
1749.2,16.0286522179353
1749.4,15.83723529401542
1749.6,15.641228431658543
1749.8,16.35025971052816
1750.0,15.672739881984556
1750.2,16.397401184067952
1750.4,16.8550121435708
1750.6,16.843028837116766
1750.8,16.391717673072776
1751.0,16.348263873448992
1751.2,16.782843686363286
1751.4,16.698710887869918
1751.6,15.821006003285067
1751.8,15.679642834619596
1752.0,15.215682627398381
1752.2,15.686795208040047
1752.4,15.862100697075627
1752.6,15.169980936893817
1752.8,15.220369880833513
1753.0,15.39061674583954
1753.2,15.557180798798688
1753.4,15.553851465673805
1753.6,15.466156450027967
1753.8,15.725373084299337
1754.0,15.741683845815151
1754.2,15.644328725672874
1754.4,15.845064638320716
1754.6,16.67999961954645
1754.8,16.117766466793327
1755.0,16.499114928763046
1755.2,15.930040199711266
1755.4,15.957898252302469
1755.6,15.819728304309123
1755.8,15.83482643614956
1756.0,15.511812111029482
1756.2,15.399403317430336
1756.4,15.323523751256914
1756.6,15.090412007842364
1756.8,15.192253302177065
1757.0,14.71513118163295
1757.2,14.811099433094714
1757.4,14.486629652504632
1757.6,14.923074686980758
1757.8,14.456720828807754
1758.0,14.81619526033828
1758.2,14.83982894349346
1758.4,15.263656070989551
1758.6,15.275426771687366
1758.8,15.14380737019251
1759.0,15.205807514902423
1759.2,14.916767807481094
1759.4,14.839117464252807
1759.6,15.044446832741386
1759.8,14.63751981416836
1760.0,15.123365949381952
1760.2,14.999508793723004
1760.4,14.520901330274665
1760.6,15.033139100832415
1760.8,14.894169108181039
1761.0,14.622648829256251
1761.2,14.406160366484661
1761.4,15.01150777179118
1761.6,14.576674379008367
1761.8,14.260549693584107
1762.0,14.076716103696667
1762.2,14.710324827581744
1762.4,14.657995537541282
1762.6,14.752832584066212
1762.8,14.392464796669984
1763.0,14.053799363501614
1763.2,14.722554249221737
1763.4,14.642129030250068
1763.6,14.544145937669962
1763.8,14.336682727300724
1764.0,14.51942390245166
1764.2,14.00161190462465
1764.4,14.150501085816211
1764.6,14.167771016525318
1764.8,14.248577579672581
1765.0,14.709421021608362
1765.2,14.652809187626573
1765.4,14.649950127459467
1765.6,14.361270142685534
1765.8,13.92888035948374
1766.0,14.064828091232393
1766.2,14.250195233504142
1766.4,14.013737608464288
1766.6,14.45696818720714
1766.8,14.519641847843479
1767.0,14.483063340714004
1767.2,14.643106968079909
1767.4,14.664920461042234
1767.6,14.753165993268084
1767.8,14.87812562509105
1768.0,15.952581993191474
1768.2,15.93851339301481
1768.4,15.08586328112792
1768.6,14.86967551661454
1768.8,14.750064391289401
1769.0,14.844945685178173
1769.2,15.103503084349814
1769.4,15.799037248342643
1769.6,15.551863534980022
1769.8,15.043626271323912
1770.0,14.951314225880001
1770.2,14.795399998001809
1770.4,15.075718220079114
1770.6,15.245767725092179
1770.8,15.414197019122465
1771.0,15.375915242198523
1771.2,15.563549687126368
1771.4,15.392031123192218
1771.6,14.952978300281089
1771.8,15.366956566739066
1772.0,15.25087961201157
1772.2,14.615663221092369
1772.4,14.423782918626298
1772.6,14.909320266674904
1772.8,14.410364156931553
1773.0,14.881247485590343
1773.2,14.568805431425702
1773.4,14.8543802858001
1773.6,14.721829309191241
1773.8,14.53126571967095
1774.0,14.575247304726526
1774.2,14.651105190712121
1774.4,14.255665581111563
1774.6,14.300981769570736
1774.8,14.585671439784607
1775.0,14.802941753604653
1775.2,14.819247557435984
1775.4,15.114380261466323
1775.6,15.238408907038046
1775.8,15.119749105812637
1776.0,15.078386134532916
1776.2,15.269374101132726
1776.4,15.443424811749889
1776.6,15.771816124506246
1776.8,15.765104371177731
1777.0,14.560904102326866
1777.2,14.718407860557932
1777.4,14.986136177315244
1777.6,15.070385374150426
1777.8,15.380242354261886
1778.0,16.108660187302483
1778.2,16.02063563757653
1778.4,15.731160423627152
1778.6,15.956227701008663
1778.8,16.39087704477564
1779.0,15.878641110675664
1779.2,15.562502665919503
1779.4,15.314797426126521
1779.6,15.383232446198651
1779.8,16.08958527050555
1780.0,15.804062645738748
1780.2,15.934592423762851
1780.4,15.863605193163083
1780.6,15.898091806628818
1780.8,15.7164918982798
1781.0,15.533915420166007
1781.2,15.467142622328156
1781.4,15.42555614585156
1781.6,15.67478232361582
1781.8,15.500932735765877
1782.0,15.854449479659616
1782.2,15.423712529637916
1782.4,15.18144997127942
1782.6,15.606725330929098
1782.8,16.11741990531332
1783.0,15.952314225155499
1783.2,15.57727839895697
1783.4,15.7886594233983
1783.6,15.600891011743949
1783.8,15.361725828783065
1784.0,15.008293440141065
1784.2,14.974177948224678
1784.4,14.607126652876836
1784.6,14.519008420124212
1784.8,15.707787099985985
1785.0,15.670621867823852
1785.2,15.958755952978361
1785.4,15.997554179204132
1785.6,16.12886167490013
1785.8,15.5936540132057
1786.0,15.484428253192114
1786.2,15.60013051195237
1786.4,15.67237661584268
1786.6,14.965217615289435
1786.8,15.1556075796163
1787.0,14.855474393825226
1787.2,14.96497979495553
1787.4,15.309118891568751
1787.6,15.88795345185801
1787.8,15.801800048455199
1788.0,15.16489068235499
1788.2,14.987627399317871
1788.4,15.33711984314051
1788.6,15.720486083501067
1788.8,15.438378583427879
1789.0,15.31569282802124
1789.2,15.489463451606744
1789.4,15.43922597082507
1789.6,15.907731371896716
1789.8,15.878238933572923
1790.0,15.071244696376606
1790.2,15.619565159468928
1790.4,15.61127641615239
1790.6,15.237864937063863
1790.8,15.843419434498262
1791.0,15.722929180873123
1791.2,15.44816109458142
1791.4,15.947513339073623
1791.6,16.442090371246966
1791.8,15.436623982720816
1792.0,15.210515011224325
1792.2,15.74622216881776
1792.4,15.32294622113313
1792.6,15.419191872571364
1792.8,15.769578560159568
1793.0,15.522048103203582
1793.2,16.09842680610254
1793.4,15.851758973321255
1793.6,16.33386133817687
1793.8,16.868324064919186
1794.0,16.89849416816414
1794.2,15.654207968049876
1794.4,16.087988458783975
1794.6,16.2969684793731
1794.8,16.80657141032501
1795.0,16.450643388071786
1795.2,16.18297912309773
1795.4,16.18351445052877
1795.6,15.446893937284571
1795.8,15.466509406369727
1796.0,15.650346531895131
1796.2,15.444370188634831
1796.4,16.185797548592454
1796.6,16.007563485640453
1796.8,15.036492361664946
1797.0,15.439727986044481
1797.2,14.98831869046134
1797.4,14.851830732552713
1797.6,14.909223228574009
1797.8,14.841963718589584
1798.0,15.053473395065772
1798.2,14.952509835078986
1798.4,15.02613643022409
1798.6,14.401558212420618
1798.8,14.453587246153512
1799.0,14.657996479960666
1799.2,14.445181414004665
1799.4,14.437395807840161
1799.6,14.26788425807936
1799.8,14.346644468302685
1800.0,14.440931150211785
1800.2,14.523101604840607
1800.4,14.924276062414103
1800.6,14.66643068298956
1800.8,14.449850805064695
1801.0,14.538810845627864
1801.2,15.054937872224317
1801.4,15.379052287111534
1801.6,15.86208674130648
1801.8,15.144580290758974
1802.0,15.254675234297912
1802.2,15.20633344235603
1802.4,15.486339435868823
1802.6,15.286872417373472
1802.8,15.639721521183496
1803.0,15.744489931943473
1803.2,15.564640324373013
1803.4,14.792893693528741
1803.6,15.024984076551831
1803.8,15.079644361433973
1804.0,14.961303191699846
1804.2,15.37358690339853
1804.4,15.631152396968533
1804.6,15.827567054964529
1804.8,15.73184724565207
1805.0,15.929164016322325
1805.2,15.958167709225727
1805.4,16.292541016776457
1805.6,15.79005178450494
1805.8,15.663504055384514
1806.0,15.58248448523527
1806.2,15.217908552699944
1806.4,15.73324756265536
1806.6,15.442667898203723
1806.8,16.171768407589163
1807.0,16.086207444327222
1807.2,16.513874521323192
1807.4,15.94302876430124
1807.6,15.810348436938352
1807.8,14.973129718515848
1808.0,15.395494978244034
1808.2,15.675834287512396
1808.4,16.15710580659297
1808.6,16.463726094348786
1808.8,16.388806483016932
1809.0,16.169105192762757
1809.2,15.822787924426123
1809.4,15.51796766891967
1809.6,15.471518149116786
1809.8,16.00140487146343
1810.0,16.05373622627143
1810.2,15.751142799111937
1810.4,15.299288512312057
1810.6,15.357177042042354
1810.8,15.8321127337326
1811.0,15.89894574517251
1811.2,15.791259295199895
1811.4,15.241337483490447
1811.6,16.538568727677546
1811.8,15.895487322688226
1812.0,16.285974997713012
1812.2,16.28456492317207
1812.4,16.49294603137816
1812.6,16.668681230490776
1812.8,16.46605575556635
1813.0,16.75600606989982
1813.2,16.30606552194189
1813.4,16.190269929534708
1813.6,16.19866509993402
1813.8,16.19497558746933
1814.0,16.28423401566262
1814.2,16.378041669137392
1814.4,15.814409177639705
1814.6,15.437861447253322
1814.8,15.849514893965452
1815.0,15.702560968799817
1815.2,15.317125038967017
1815.4,15.399390636191026
1815.6,15.633214778612226
1815.8,15.438804558772796
1816.0,15.603533320509559
1816.2,15.719302504999867
1816.4,15.668592833591937
1816.6,16.07132394416283
1816.8,16.14031056038161
1817.0,15.3950433996378
1817.2,15.574907594820163
1817.4,15.747566370782412
1817.6,16.13612518317309
1817.8,15.178288315273676
1818.0,15.300220061868794
1818.2,15.063761538826856
1818.4,15.7565685058069
1818.6,15.416211381579657
1818.8,15.719534785799873
1819.0,16.060066028842325
1819.2,16.167156997895983
1819.4,15.53248087989546
1819.6,15.844534980961571
1819.8,16.209499971599058
1820.0,16.22635148333695
1820.2,15.576473393756487
1820.4,15.389830921148132
1820.6,15.60563957009467
1820.8,15.032726121262412
1821.0,14.657325936494935
1821.2,14.887024571488475
1821.4,14.955380908515881
1821.6,14.70735280317242
1821.8,14.819527278668287
1822.0,14.808007806822488
1822.2,14.79874024974337
1822.4,14.987311037905993
1822.6,15.111421447901085
1822.8,15.396938968410712
1823.0,15.086507238995779
1823.2,15.3438843466658
1823.4,15.404180094208977
1823.6,15.793649790427658
1823.8,15.39019132710607
1824.0,15.605947708127797
1824.2,15.335274560491406
1824.4,15.258794498489362
1824.6,15.900645835404422
1824.8,15.701500371200902
1825.0,15.173076216179382
1825.2,15.431573834494351
1825.4,15.910387888368385
1825.6,16.311344384168468
1825.8,16.755740004763755
1826.0,16.317429169911676
1826.2,15.988889793460071
1826.4,16.17508576476711
1826.6,16.20905987909843
1826.8,16.170637970311002
1827.0,15.583958880874908
1827.2,16.30821403633518
1827.4,16.510739852933696
1827.6,15.747474445008582
1827.8,15.474551758550616
1828.0,15.440678704330171
1828.2,15.34038914227243
1828.4,15.70260061253482
1828.6,15.651790547411732
1828.8,16.10722585414754
1829.0,16.507875648629568
1829.2,15.953411197920062
1829.4,15.586160065964616
1829.6,16.239290854821753
1829.8,16.446902675810186
1830.0,16.227799871325434
1830.2,16.127363832002732
1830.4,16.0792581433127
1830.6,15.915640983135566
1830.8,16.526450755875743
1831.0,17.283508594533885
1831.2,16.786883323478197
1831.4,16.020735187219216
1831.6,16.45581325841688
1831.8,16.457255267310586
1832.0,16.526058510457734
1832.2,16.850522653497514
1832.4,16.097436447542393
1832.6,16.480858870936398
1832.8,16.835106893967666
1833.0,16.426647389944492
1833.2,16.51352200546797
1833.4,16.7287432171162
1833.6,16.444087228267396
1833.8,15.577669988839538
1834.0,16.47240932983365
1834.2,16.35188084939976
1834.4,16.415725888695356
1834.6,17.093436569045366
1834.8,16.802138151485366
1835.0,17.421361637138272
1835.2,17.028669916978995
1835.4,17.156042659341026
1835.6,16.66009975246172
1835.8,17.152063235154795
1836.0,17.62486847669755
1836.2,17.39843628111119
1836.4,16.490366354840862
1836.6,16.570422914405903
1836.8,17.199343467847314
1837.0,17.701709052683366
1837.2,16.797298936914164
1837.4,15.994489495131383
1837.6,16.31278959393253
1837.8,16.371597368999826
1838.0,15.893332617559526
1838.2,15.575215812056967
1838.4,15.423720175436761
1838.6,16.223371993208332
1838.8,16.490945299714724
1839.0,15.99629699269183
1839.2,15.352438132279092
1839.4,14.701357496381346
1839.6,14.694308234718157
1839.8,15.381608727406755
1840.0,14.637179746273999
1840.2,14.734114074992446
1840.4,14.935109879799452
1840.6,15.104618332189737
1840.8,15.64668678612426
1841.0,15.486015139134873
1841.2,15.069466289858608
1841.4,15.083436978149845
1841.6,14.385310959946917
1841.8,14.482989160954736
1842.0,14.780604471085848
1842.2,14.948571365958133
1842.4,15.092853190761746
1842.6,15.574508074212083
1842.8,16.48070387747891
1843.0,15.891637239098769
1843.2,16.005625558777908
1843.4,16.021796898286787
1843.6,16.146001418153574
1843.8,15.720863354869646
1844.0,15.80401549277779
1844.2,16.664246409665562
1844.4,16.798453840407387
1844.6,16.66245704465069
1844.8,16.422693923130034
1845.0,16.471021081626247
1845.2,16.576946008015774
1845.4,16.13088709366081
1845.6,16.59877877113399
1845.8,15.763461581707293
1846.0,15.900623315919269
1846.2,16.044205056382708
1846.4,16.606578842386874
1846.6,16.536810786620478
1846.8,16.32015533263046
1847.0,16.903169878429207
1847.2,17.035222160157012
1847.4,16.893697488486282
1847.6,16.198288879574527
1847.8,17.166808792840097
1848.0,16.78106884241487
1848.2,17.488338532067882
1848.4,16.617098519441974
1848.6,16.490296360805047
1848.8,16.580937895536458
1849.0,16.603092558385757
1849.2,16.361692120984422
1849.4,17.107981449772257
1849.6,16.892865190314822
1849.8,17.031043648814375
1850.0,16.771183849606896
1850.2,16.40356813603952
1850.4,16.062097926826635
1850.6,16.567965561720605
1850.8,16.700377613954725
1851.0,16.55247135872029
1851.2,16.532499959853794
1851.4,16.147661693329923
1851.6,16.984023968967783
1851.8,16.08841929731145
1852.0,15.871090252892877
1852.2,16.239459670944985
1852.4,16.109958121956318
1852.6,16.758855338255948
1852.8,15.919867489673942
1853.0,16.59425555016994
1853.2,16.037747727094363
1853.4,16.209042744086073
1853.6,16.095887497901515
1853.8,16.28938304817779
1854.0,16.3259331313215
1854.2,15.291544818873227
1854.4,16.276737759947864
1854.6,15.969899464009618
1854.8,15.863384373510058
1855.0,16.567377147137176
1855.2,15.934486305969022
1855.4,16.113461751866843
1855.6,15.661429839520784
1855.8,16.311794541644954
1856.0,16.132198481150233
1856.2,16.563530881558904
1856.4,16.601914243741206
1856.6,16.065178392545235
1856.8,15.265021860423573
1857.0,15.13949173402402
1857.2,15.765687086791738
1857.4,16.113078522302963
1857.6,15.988199123727384
1857.8,15.207741571190503
1858.0,15.887766631399192
1858.2,16.24823997120073
1858.4,16.6703661306952
1858.6,16.150177539339246
1858.8,16.5429209318539
1859.0,16.874907301383054
1859.2,16.230894244030843
1859.4,16.304055567049513
1859.6,16.90845733839216
1859.8,17.14623569267328
1860.0,17.48821280753282
1860.2,16.829280615513714
1860.4,16.380231664470013
1860.6,16.889911110053312
1860.8,16.865765683735088
1861.0,16.51701131714172
1861.2,17.230325788997604
1861.4,17.390278301360432
1861.6,17.71448248068226
1861.8,17.353390845144144
1862.0,17.259075528679993
1862.2,17.425090936952834
1862.4,17.006600177874546
1862.6,17.408230943445233
1862.8,16.979217276221203
1863.0,17.13258121802691
1863.2,16.142720299610723
1863.4,16.11003131148532
1863.6,16.16166908753107
1863.8,16.25899481595031
1864.0,16.742329233198
1864.2,16.306128796867693
1864.4,16.220729445636124
1864.6,16.403433471065426
1864.8,16.287926186663164
1865.0,16.39516768738337
1865.2,16.53784523027855
1865.4,16.599961086486925
1865.6,16.589484827127944
1865.8,16.58930591568238
1866.0,16.24382009756755
1866.2,16.02458994426312
1866.4,15.603737404109568
1866.6,15.500619107402475
1866.8,15.774597563228205
1867.0,16.01523239888233
1867.2,16.63766716854664
1867.4,16.509528475243435
1867.6,16.123893617068642
1867.8,15.767576639957465
1868.0,16.697422836315134
1868.2,16.830375192053438
1868.4,16.88779871341634
1868.6,16.8358165946978
1868.8,16.909569400163114
1869.0,16.561541508126382
1869.2,15.994958557872724
1869.4,15.976915496951118
1869.6,15.690710568360668
1869.8,16.104356515609535
1870.0,15.232969948016004
1870.2,16.438729791660943
1870.4,15.707153897696397
1870.6,15.759272395677161
1870.8,16.43335510023621
1871.0,16.48608263092316
1871.2,17.070996251288154
1871.4,16.076662094002433
1871.6,16.377737971395458
1871.8,15.857509126779142
1872.0,15.915706819713787
1872.2,16.114422917113927
1872.4,16.462746302608082
1872.6,16.08034038050398
1872.8,16.009513116869243
1873.0,16.63054475064832
1873.2,16.96937341307941
1873.4,16.960850859776798
1873.6,16.773817866505155
1873.8,15.74470031770516
1874.0,15.952902768551843
1874.2,15.376672125652025
1874.4,15.639113033319862
1874.6,15.722706848667647
1874.8,15.984679378446664
1875.0,16.541833395891096
1875.2,16.48556295962065
1875.4,16.277195817201914
1875.6,16.378865164098844
1875.8,16.665277869539004
1876.0,16.04661846835782
1876.2,16.52996300828102
1876.4,16.83310572497885
1876.6,16.531291731410164
1876.8,16.83035965435057
1877.0,17.110059288096465
1877.2,16.33630774790278
1877.4,16.659113890180333
1877.6,16.850603104794914
1877.8,16.81845319879479
1878.0,16.338124624085935
1878.2,16.03434916531599
1878.4,17.035620256103357
1878.6,17.288177553388678
1878.8,16.720835377094893
1879.0,16.057973691113855
1879.2,16.642348007314627
1879.4,16.318265022041665
1879.6,17.017242886842464
1879.8,16.528860687049455
1880.0,16.293946710287642
1880.2,16.422971192381652
1880.4,16.949662201636478
1880.6,16.431303449370542
1880.8,16.38243307366301
1881.0,16.48849373863832
1881.2,16.275923758901907
1881.4,16.911634002675346
1881.6,16.945576996468375
1881.8,15.998080233719467
1882.0,16.122257572552552
1882.2,16.681115608467532
1882.4,16.54489944067389
1882.6,16.213247186394973
1882.8,16.508983659494497
1883.0,16.447363096466297
1883.2,15.737402385728295
1883.4,15.928327386937527
1883.6,16.18609123510087
1883.8,16.75618505314824
1884.0,16.542648713510495
1884.2,15.820042163413422
1884.4,16.689413600934486
1884.6,16.648900911542967
1884.8,16.62375932656061
1885.0,17.038652196564925
1885.2,16.875775115704542
1885.4,16.94539548005858
1885.6,16.686811229316692
1885.8,17.017285963208483
1886.0,17.845038913835097
1886.2,17.472333570513396
1886.4,17.215773759518918
1886.6,16.703169305869505
1886.8,16.548613387617984
1887.0,15.835887222676515
1887.2,16.046791022557578
1887.4,16.397623401852243
1887.6,16.262257686025134
1887.8,16.90293115665606
1888.0,16.761380795640452
1888.2,17.019645736241696
1888.4,16.047611060637227
1888.6,15.474566142619196
1888.8,16.18281879617235
1889.0,16.400765117660903
1889.2,16.250935151397243
1889.4,16.176386388747808
1889.6,16.338628751080876
1889.8,15.857927863058254
1890.0,16.331338437292874
1890.2,15.689784495523622
1890.4,15.307179610042024
1890.6,15.24030719821405
1890.8,15.137368601526852
1891.0,15.145044949582683
1891.2,15.181526708816689
1891.4,15.281260836549187
1891.6,15.246750195160763
1891.8,15.537073935227566
1892.0,15.011344840991539
1892.2,14.791379689129634
1892.4,15.286956623413863
1892.6,15.203985326982997
1892.8,15.186118530176367
1893.0,15.266711250959519
1893.2,14.658613759101605
1893.4,15.630772980602893
1893.6,15.596405134557026
1893.8,16.203384485243564
1894.0,15.46152435251269
1894.2,15.7792902920412
1894.4,16.152278449169604
1894.6,15.561613895688843
1894.8,15.49665977518422
1895.0,15.51860155485506
1895.2,15.86472127370744
1895.4,15.842760139583682
1895.6,15.331854729484554
1895.8,15.63916358148264
1896.0,15.723752010530017
1896.2,15.683457452311117
1896.4,15.416313326412352
1896.6,15.652539653235705
1896.8,16.143738527402768
1897.0,15.98496027343444
1897.2,16.377077532475035
1897.4,16.6436457824775
1897.6,16.52512892525378
1897.8,15.744161217160539
1898.0,16.529404017826913
1898.2,16.440748282707553
1898.4,16.065387856500934
1898.6,15.366250070355232
1898.8,15.312717467303244
1899.0,15.475865378900657
1899.2,15.110838151944188
1899.4,15.221651731033566
1899.6,16.014958005838494
1899.8,15.696546895321255
1900.0,15.796385958829692
1900.2,15.37936716882896
1900.4,15.40421459577735
1900.6,15.609759641111044
1900.8,15.454080341208908
1901.0,15.464893978923852
1901.2,15.578534902683586
1901.4,16.45208345026939
1901.6,15.601969388308007
1901.8,15.392295112073672
1902.0,15.339456482887108
1902.2,15.383026334191907
1902.4,16.828915147136815
1902.6,16.20822571085981
1902.8,16.887461721264202
1903.0,17.787154266583826
1903.2,17.083620646592255
1903.4,17.158795746236166
1903.6,17.326970419465
1903.8,17.019841572545438
1904.0,16.77148747369651
1904.2,15.673597488431879
1904.4,16.733153892286683
1904.6,16.788157570261756
1904.8,16.44276545955714
1905.0,15.750726863433124
1905.2,17.068939268299353
1905.4,17.1140028867959
1905.6,16.115344282444013
1905.8,15.844897108284862
1906.0,16.902211300120044
1906.2,16.46398445623864
1906.4,16.530097214707297
1906.6,16.66269751545687
1906.8,15.933420125269835
1907.0,16.157142988633055
1907.2,15.695617407808227
1907.4,15.800021957730639
1907.6,16.023045344509306
1907.8,15.713234344403933
1908.0,15.594840140440873
1908.2,15.35549035870691
1908.4,15.287575571363734
1908.6,16.095674912490384
1908.8,15.747210489403232
1909.0,15.367809271440935
1909.2,15.624424546024432
1909.4,15.396641776630284
1909.6,14.974295776647999
1909.8,15.917713364366037
1910.0,15.952634130677172
1910.2,15.981472940067825
1910.4,16.054973686724544
1910.6,16.42170160363272
1910.8,15.789629594740273
1911.0,16.2387321719522
1911.2,17.476313655804365
1911.4,15.990625415872085
1911.6,16.251582465047928
1911.8,16.41336150111917
1912.0,16.54638134926483
1912.2,16.42085599666999
1912.4,16.87409634560793
1912.6,16.695935977537633
1912.8,17.378688941626883
1913.0,16.494578109910165
1913.2,15.814272668794377
1913.4,15.020068067277986
1913.6,15.153285874941297
1913.8,15.79357278297935
1914.0,15.798424257144443
1914.2,16.473391572684314
1914.4,16.68610148542149
1914.6,16.323664264915298
1914.8,16.874077714199526
1915.0,16.337568053574138
1915.2,16.299974143737273
1915.4,16.545083533018435
1915.6,16.980351119062885
1915.8,17.71875079063628
1916.0,17.172398408938257
1916.2,16.976865272414734
1916.4,16.078006822319438
1916.6,15.817836074233021
1916.8,16.294030895987955
1917.0,16.502566766121916
1917.2,15.951352586690632
1917.4,16.85554207255348
1917.6,16.38659683648774
1917.8,15.740112136919976
1918.0,16.121799440987246
1918.2,16.87703966641817
1918.4,16.762866825305316
1918.6,16.104625401095902
1918.8,16.332165182847824
1919.0,16.7763247706624
1919.2,16.495625752207566
1919.4,15.69545160285317
1919.6,15.950147436469301
1919.8,16.372511772320536
1920.0,16.27101173502163
1920.2,15.377813871030375
1920.4,15.22861356610935
1920.6,14.63426063689508
1920.8,15.535587195652628
1921.0,15.43281627992712
1921.2,16.076687596819315
1921.4,16.604192823401867
1921.6,15.761771513486817
1921.8,16.74775584499884
1922.0,17.480019683697897
1922.2,17.97290449806563
1922.4,17.938445002492934
1922.6,17.449731272794512
1922.8,17.627450167695727
1923.0,18.093547137486627
1923.2,17.13574417938848
1923.4,18.42701236866111
1923.6,18.947131031191265
1923.8,18.430140828007268
1924.0,19.043694727676588
1924.2,17.33210842168017
1924.4,17.277562894809503
1924.6,16.757646388890976
1924.8,16.667247168731684
1925.0,16.116827763587843
1925.2,16.411320747662966
1925.4,15.903708379318502
1925.6,16.511673791719346
1925.8,16.099820026524057
1926.0,16.753294174400878
1926.2,17.15811011288155
1926.4,17.019235459007266
1926.6,16.894723933351223
1926.8,16.759546858227125
1927.0,17.02960024438744
1927.2,16.93905179402856
1927.4,17.613636207266854
1927.6,16.400549308290692
1927.8,16.839517862611878
1928.0,16.920848240453637
1928.2,17.139698193546906
1928.4,17.12113380690452
1928.6,16.563441987104042
1928.8,16.007357162493157
1929.0,16.374751513473417
1929.2,16.176500034013962
1929.4,16.496527094019008
1929.6,17.024458380555828
1929.8,17.078871583376475
1930.0,17.437476537301194
1930.2,16.67408834103258
1930.4,16.05192282688247
1930.6,16.69706607825104
1930.8,17.043106812206236
1931.0,16.893496789933792
1931.2,16.9922373398649
1931.4,17.183603897270714
1931.6,16.50391614654073
1931.8,16.94896105933505
1932.0,17.017054616918415
1932.2,16.542593615013146
1932.4,16.062311741076506
1932.6,16.621818005617882
1932.8,16.49232308659461
1933.0,16.296690127352708
1933.2,16.284024943752307
1933.4,16.56533907587236
1933.6,17.657111666940885
1933.8,18.717150254143405
1934.0,17.73669839368388
1934.2,17.335455371761583
1934.4,17.20729984117056
1934.6,16.659856189088288
1934.8,17.102181232774736
1935.0,16.699641721462207
1935.2,16.17770876465429
1935.4,16.55906122350847
1935.6,17.469259725462813
1935.8,16.954393815835967
1936.0,17.146814792029687
1936.2,16.906163778296914
1936.4,17.0791463770672
1936.6,16.815807197956186
1936.8,17.38895804480891
1937.0,17.164603177574648
1937.2,18.23201044907072
1937.4,17.438852864430167
1937.6,17.75847348448942
1937.8,17.028007196497825
1938.0,17.418675217441898
1938.2,17.70438671067606
1938.4,17.627507332908433
1938.6,17.349166394565565
1938.8,16.845598250332024
1939.0,18.305243144692348
1939.2,19.462448944985734
1939.4,20.403723047423146
1939.6,18.175092652444278
1939.8,18.17370793240116
1940.0,19.103116667156716
1940.2,18.007505736165804
1940.4,19.063157001628216
1940.6,18.46409038935208
1940.8,19.1886996337946
1941.0,20.27058838813179
1941.2,19.756128540862697
1941.4,19.165626959542728
1941.6,18.444523275457033
1941.8,19.06547909832294
1942.0,19.154533489530433
1942.2,19.645453085401257
1942.4,19.483004194261383
1942.6,18.77550373070068
1942.8,19.303807355794042
1943.0,20.389958843111692
1943.2,18.890365719279625
1943.4,18.811070786832
1943.6,19.266836412357733
1943.8,20.733946223053785
1944.0,19.53525332219642
1944.2,19.884081837224596
1944.4,19.955300847656932
1944.6,19.20972050075131
1944.8,18.967327353753266
1945.0,19.19754062021942
1945.2,19.3332791567061
1945.4,19.175052969175987
1945.6,19.051609493412936
1945.8,19.580677354486518
1946.0,20.004123513134957
1946.2,19.52294312046319
1946.4,18.694353156388804
1946.6,18.997111419955285
1946.8,19.831372080778863
1947.0,20.767732792977995
1947.2,21.371104670522236
1947.4,20.26176034212763
1947.6,21.67853633290615
1947.8,21.694566061708528
1948.0,22.149337116715117
1948.2,23.537215215039872
1948.4,22.56190193253214
1948.6,23.420161758142758
1948.8,22.200349571619885
1949.0,20.43300004186008
1949.2,20.987594948684837
1949.4,20.74216244764878
1949.6,22.384666977479824
1949.8,22.29978025947039
1950.0,20.987688093709572
1950.2,19.70044978100683
1950.4,21.062562021156484
1950.6,19.81937574822658
1950.8,19.818262526246443
1951.0,18.585208531383195
1951.2,18.24720025512726
1951.4,18.88432269630844
1951.6,19.09809009168403
1951.8,18.907499522036456
1952.0,18.875863592548853
1952.2,20.91770036060828
1952.4,20.584150592318853
1952.6,21.433089084110787
1952.8,20.342731874383357
1953.0,21.898374707310545
1953.2,22.343996193873316
1953.4,21.097865697343607
1953.6,22.82745271644766
1953.8,21.602352040357783
1954.0,22.71526302022884
1954.2,23.4277622916691
1954.4,22.369895547125658
1954.6,21.776020095222982
1954.8,22.787821422072234
1955.0,22.407478820280136
1955.2,23.65641613310111
1955.4,23.37296905834773
1955.6,22.89203344037159
1955.8,23.03248341014013
1956.0,22.640740562713756
1956.2,21.436361781049943
1956.4,21.17608203367279
1956.6,22.009761844710155
1956.8,22.34672557027593
1957.0,22.124052702095156
1957.2,23.40584898994348
1957.4,22.954892082677148
1957.6,23.33456627431348
1957.8,22.989251514840696
1958.0,22.216328209733966
1958.2,21.879475960821082
1958.4,21.573350406928032
1958.6,22.06164707071613
1958.8,20.584595555580357
1959.0,20.850951310468567
1959.2,20.0564206659719
1959.4,18.54938908938505
1959.6,19.058256405918478
1959.8,19.07713217130505
1960.0,19.90302113104442
1960.2,20.722879970409302
1960.4,22.161816429241952
1960.6,21.731521204067604
1960.8,20.548637905964988
1961.0,20.41379492207918
1961.2,22.345965778290513
1961.4,22.44041628494162
1961.6,22.035801319721045
1961.8,21.578393664773138
1962.0,21.92015470497724
1962.2,21.614772692110776
1962.4,21.3271845520686
1962.6,19.836749810799596
1962.8,20.561956229477172
1963.0,20.918198683609127
1963.2,21.004937342354502
1963.4,22.34156272056505
1963.6,21.62870771589091
1963.8,21.106354661424614
1964.0,21.06080625370771
1964.2,21.168632653045183
1964.4,20.70748085918303
1964.6,22.49660977998452
1964.8,22.070375937019477
1965.0,22.573498758562035
1965.2,22.297250622061465
1965.4,22.165765913217427
1965.6,21.13193406354753
1965.8,21.93991715013582
1966.0,20.910881317931704
1966.2,21.55695949505755
1966.4,21.0253494463139
1966.6,21.84671551920954
1966.8,21.85087040828691
1967.0,22.321328074932097
1967.2,21.4460007131518
1967.4,22.191814723501963
1967.6,21.630009448672787
1967.8,21.25280059138784
1968.0,20.55033098024248
1968.2,20.17702743353873
1968.4,19.073582597052166
1968.6,18.531876117008707
1968.8,18.339512987387995
1969.0,17.348039454901706
1969.2,16.530397652925803
1969.4,17.40715952174529
1969.6,18.69386640729649
1969.8,18.057745823251402
1970.0,17.805535490949982
1970.2,17.212697237168364
1970.4,18.176660443793537
1970.6,18.594129379172667
1970.8,19.03603873234942
1971.0,18.306649527400644
1971.2,18.439899609240648
1971.4,18.336510783053125
1971.6,19.018277516387663
1971.8,20.363676649545308
1972.0,19.473174808322206
1972.2,19.961523916508217
1972.4,20.22520200708415
1972.6,19.750656728747124
1972.8,19.119352565264872
1973.0,19.13875336992375
1973.2,18.504294199511136
1973.4,19.180828153687294
1973.6,17.99343071122116
1973.8,16.87304949176121
1974.0,15.899614826667454
1974.2,17.200774025802005
1974.4,17.722144802496558
1974.6,17.29354792699311
1974.8,17.99632884017992
1975.0,18.77509647458173
1975.2,18.133398859802686
1975.4,17.564061481098612
1975.6,18.691051175934305
1975.8,18.132951092563058
1976.0,17.94580041126935
1976.2,18.06104994902057
1976.4,18.301099457037388
1976.6,18.869257220131203
1976.8,17.21071658714457
1977.0,16.972087630011213
1977.2,16.92852415512256
1977.4,17.299675577408337
1977.6,17.69756880188651
1977.8,18.710057538168098
1978.0,18.765856947529947
1978.2,19.279233067018808
1978.4,18.846961144409047
1978.6,18.041171522693354
1978.8,17.51326073015264
1979.0,17.54806905658177
1979.2,17.558184507696723
1979.4,16.744049879468584
1979.6,17.147535227005445
1979.8,17.399348535895193
1980.0,17.9657510905841
1980.2,17.24866718746096
1980.4,16.972331589500158
1980.6,17.148381132153837
1980.8,17.401590364458784
1981.0,17.730682669901398
1981.2,17.66039885040386
1981.4,17.240211875525368
1981.6,17.19110499599967
1981.8,16.685628553600292
1982.0,16.271264322786195
1982.2,16.12057336289204
1982.4,17.064101132273773
1982.6,17.660213668702166
1982.8,16.911903117993603
1983.0,17.529178377259136
1983.2,17.797901787505044
1983.4,17.858252743102078
1983.6,18.430180924242787
1983.8,17.769093301575708
1984.0,17.813619296547202
1984.2,17.49130558347353
1984.4,17.463249851615426
1984.6,17.22427615905705
1984.8,17.796760876717673
1985.0,17.937074941226687
1985.2,17.017103185312223
1985.4,17.32494058610341
1985.6,17.465853664678377
1985.8,17.35365128395581
1986.0,18.112259713543846
1986.2,18.278636488329344
1986.4,18.252743308621188
1986.6,17.707197988999862
1986.8,16.884106341503195
1987.0,16.44246568852133
1987.2,16.606757350609612
1987.4,17.081487548786455
1987.6,17.10812172183832
1987.8,17.2636416905718
1988.0,17.700401616047024
1988.2,17.802925788215454
1988.4,17.679120995130567
1988.6,18.058460741637496
1988.8,18.04801845221394
1989.0,17.82187687465435
1989.2,18.65260853817309
1989.4,19.363704140129684
1989.6,19.198264954755498
1989.8,18.81369152831672
1990.0,19.249368519520516
1990.2,19.465563505655734
1990.4,18.579783115204492
1990.6,19.051439440775265
1990.8,19.767261553287216
1991.0,20.38928811844176
1991.2,19.969349821961153
1991.4,19.989695078771742
1991.6,19.77981199448045
1991.8,19.668780951524912
1992.0,20.19599007903626
1992.2,19.93134092696397
1992.4,19.93758361142722
1992.6,19.338859227631605
1992.8,20.185572068516564
1993.0,20.461891802077254
1993.2,20.75690387923787
1993.4,19.505332114540053
1993.6,19.49391768395093
1993.8,19.87941173908648
1994.0,19.731170023684747
1994.2,19.377766004559373
1994.4,19.586591511133186
1994.6,21.389788092937376
1994.8,22.13724070317094
1995.0,20.315304531164088
1995.2,19.46816068405306
1995.4,20.137459398123355
1995.6,21.221805580156293
1995.8,19.481031321197666
1996.0,21.682857247833297
1996.2,21.489939515901213
1996.4,20.995857809026134
1996.6,20.662066048243158
1996.8,20.430494716513007
1997.0,20.81068947227305
1997.2,20.555454919134757
1997.4,20.760430020507457
1997.6,21.350733815615897
1997.8,21.609185698148927
1998.0,21.192140836201922
1998.2,21.7734297590033
1998.4,21.71353344184468
1998.6,21.89855738947066
1998.8,22.141330962521437
1999.0,23.258688859294935
1999.2,22.29234007441716
1999.4,22.24339494614618
1999.6,22.17111257626836
1999.8,22.546035219429704
2000.0,23.13429067080531
2000.2,22.77488538813206
2000.4,22.205898343013672
2000.6,22.38086416680376
2000.8,22.606590284393754
2001.0,22.393203810200127
2001.2,22.057557932499222
2001.4,20.923279357653048
2001.6,21.494779843919964
2001.8,22.067702413724952
2002.0,22.05834449057839
2002.2,22.474571999168962
2002.4,21.853312046137454
2002.6,21.828418182877623
2002.8,20.832158800853108
2003.0,20.34600058178937
2003.2,19.152388880541253
2003.4,18.53766559753676
2003.6,19.331707214283163
2003.8,19.933601762448156
2004.0,21.018375039035618
2004.2,21.080051101232495
2004.4,21.133672411900033
2004.6,21.990307397959143
2004.8,22.731116957776905
2005.0,22.2880477845673
2005.2,22.503789311970475
2005.4,22.9928310991992
2005.6,22.887839427841822
2005.8,22.52836034023627
2006.0,21.80605730203666
2006.2,22.450341433287964
2006.4,21.62970736663319
2006.6,21.710329451638856
2006.8,22.94703070098075
2007.0,22.771175770317132
2007.2,22.898093869167447
2007.4,22.675844324765535
2007.6,21.806947215844836
2007.8,20.957291310811776
2008.0,20.692865449316656
2008.2,20.284064182005366
2008.4,19.88783672418635
2008.6,20.606390827251904
2008.8,19.897529486083105
2009.0,20.64876714591358
2009.2,20.203569758680654
2009.4,19.65098642476874
2009.6,18.546355282440466
2009.8,18.663044296081907
2010.0,18.395739821319697
2010.2,18.902155472169106
2010.4,19.028006991272758
2010.6,18.136440185071514
2010.8,18.86410084157723
2011.0,18.523445050595377
2011.2,18.195146598361433
2011.4,18.920819239029186
2011.6,18.91227601272893
2011.8,17.677129337877705
2012.0,18.53368596767782
2012.2,18.87184112073911
2012.4,18.317077652486237
2012.6,18.68009135538097
2012.8,18.572615222834923
2013.0,18.237364077924138
2013.2,19.06089540285072
2013.4,20.958996062768918
2013.6,21.944920195933896
2013.8,21.788596829579745
2014.0,21.17935372035209
2014.2,21.829568013525854
2014.4,20.926798791968153
2014.6,19.6753739840005
2014.8,20.256860910694186
2015.0,18.99190479729438
2015.2,19.850934666175377
2015.4,19.920628833925836
2015.6,19.099010372965207
2015.8,18.64028420341453
2016.0,18.11774211993378
2016.2,17.39708981112603
2016.4,18.325760748978762
2016.6,17.26373237340653
2016.8,17.74155127322542
2017.0,16.994015675909278
2017.2,16.602906883372444
2017.4,17.916184538754692
2017.6,17.910446275764002
2017.8,18.550887986717935
2018.0,18.766342140708915
2018.2,18.7791290917933
2018.4,19.299029434160918
2018.6,19.757424692338226
2018.8,18.89372136100304
2019.0,18.80719045742364
2019.2,18.407649884946164
2019.4,18.050701216430124
2019.6,17.016093977719763
2019.8,17.543251734112943
2020.0,17.314462854786857
2020.2,17.419179717708467
2020.4,16.95614911996192
2020.6,17.59611735402019
2020.8,17.129314492614967
2021.0,16.35349142657898
2021.2,16.87843290375346
2021.4,17.188943385609836
2021.6,17.11377421552737
2021.8,17.429774407690328
2022.0,16.779037073833074
2022.2,16.914096754941202
2022.4,17.456661089807696
2022.6,16.871822146985533
2022.8,16.773408822980276
2023.0,16.594635034072095
2023.2,17.431065233597977
2023.4,17.234823843220717
2023.6,17.4951351537231
2023.8,17.611114774676043
2024.0,17.720928846884945
2024.2,17.542913643344342
2024.4,17.97604629614336
2024.6,17.5520114616926
2024.8,18.26167373330053
2025.0,17.03880551270541
2025.2,17.526699540333663
2025.4,16.822684482790752
2025.6,16.78241931293066
2025.8,17.499771248456902
2026.0,17.734335871741752
2026.2,17.526104649979082
2026.4,17.308665893642974
2026.6,17.30082385237578
2026.8,18.042451833766847
2027.0,17.674560093746322
2027.2,17.027397622313174
2027.4,17.515608709374135
2027.6,17.186351065010832
2027.8,17.545005281360684
2028.0,17.58909908620532
2028.2,17.362401689990673
2028.4,17.165374642957435
2028.6,16.885586441904334
2028.8,16.215705076009023
2029.0,15.824682710743012
2029.2,15.903678307023215
2029.4,16.05772973449764
2029.6,15.54042518121725
2029.8,16.053792741360663
2030.0,17.04104032345668
2030.2,16.980080684838246
2030.4,16.50195229947769
2030.6,16.799276002640795
2030.8,16.99640462284493
2031.0,16.98131716029556
2031.2,16.329915703519063
2031.4,16.102308028451173
2031.6,17.823557952778515
2031.8,17.260540463426832
2032.0,17.19242443871293
2032.2,17.40966429646555
2032.4,18.04868917153735
2032.6,18.15231966191622
2032.8,18.213730233911694
2033.0,18.37759034503966
2033.2,18.203196117903897
2033.4,17.492600909553136
2033.6,17.788613773964833
2033.8,16.613300634301783
2034.0,16.681726005172276
2034.2,17.0671834245492
2034.4,16.67983962038662
2034.6,15.824280133439396
2034.8,15.827184505576374
2035.0,16.46414753357976
2035.2,16.663417881761717
2035.4,16.45304767702961
2035.6,16.604575900378904
2035.8,16.72437158762708
2036.0,15.684557274422769
2036.2,15.917970608183792
2036.4,16.75161216149165
2036.6,17.271981644348156
2036.8,17.419391052924237
2037.0,17.474010579838996
2037.2,17.565475362023733
2037.4,17.42698008984091
2037.6,17.436697459586867
2037.8,18.047674365843342
2038.0,18.383595374252387
2038.2,18.071756044260404
2038.4,18.87021216218126
2038.6,18.471898427985998
2038.8,18.409181509405816
2039.0,19.257136541447313
2039.2,18.118808055155203
2039.4,18.00496713351376
2039.6,17.86779484964932
2039.8,18.47435916116772
2040.0,17.838902838497386
2040.2,18.232102865765302
2040.4,17.000703814007434
2040.6,18.13859186280248
2040.8,18.282805989173333
2041.0,18.337558060104243
2041.2,18.595655076032106
2041.4,18.207423618803833
2041.6,17.83771945841198
2041.8,19.26639564357629
2042.0,18.818198289099946
2042.2,18.40961073380091
2042.4,18.3166439898873
2042.6,18.62752364420833
2042.8,19.350406897115256
2043.0,19.217281600490765
2043.2,18.65536846161523
2043.4,18.34202941103918
2043.6,18.57094318782911
2043.8,18.879585373699634
2044.0,19.081442407551247
2044.2,18.945229899671084
2044.4,18.306798400844848
2044.6,18.25237325109948
2044.8,18.96386091979833
2045.0,18.244691877915837
2045.2,18.70554886780283
2045.4,18.312322863018856
2045.6,18.446410417663653
2045.8,18.168219310951276
2046.0,18.413387606486044
2046.2,18.53330814592792
2046.4,17.6697470401645
2046.6,18.072124980693175
2046.8,17.789689272136883
2047.0,17.24995156487036
2047.2,16.282889230111756
2047.4,16.579536235210394
2047.6,16.68378927143039
2047.8,16.433782220061012
2048.0,15.26553211400884
2048.2,15.51341315079332
2048.4,16.112768066707957
2048.6,15.97959649443359
2048.8,16.187164056502933
2049.0,17.373922302885045
2049.2,17.68694970846257
2049.4,17.982625386509397
2049.6,17.487297590182582
2049.8,16.663314144741285
2050.0,17.22082878158683
2050.2,16.33894118218113
2050.4,16.401824698993074
2050.6,16.375442483274586
2050.8,17.323445243405114
2051.0,16.801127835511117
2051.2,16.921016846066767
2051.4,17.019978246536066
2051.6,17.469588217634257
2051.8,17.076332393955408
2052.0,18.29841527273458
2052.2,19.248911232010883
2052.4,19.659741838304505
2052.6,19.638618624367247
2052.8,19.454118426504113
2053.0,19.756559089896346
2053.2,19.250610030081873
2053.4,18.748933138718854
2053.6,18.26261821343694
2053.8,19.004151605367976
2054.0,20.842891159658276
2054.2,20.12687303625809
2054.4,21.131304775670724
2054.6,19.614885782357064
2054.8,19.922103944195698
2055.0,20.574198632909777
2055.2,20.770167443149834
2055.4,20.660208843314045
2055.6,20.158186353566386
2055.8,21.288616203198107
2056.0,20.10759486146644
2056.2,20.32275201719493
2056.4,20.148089500139296
2056.6,18.726804848194476
2056.8,18.584283706407845
2057.0,20.071775487331923
2057.2,19.169514339989004
2057.4,20.634698771642338
2057.6,20.14515641988657
2057.8,21.751183220844243
2058.0,20.87689844658001
2058.2,21.79429857957068
2058.4,22.246173264210153
2058.6,21.703382565401665
2058.8,21.7326775886171
2059.0,20.64577444503852
2059.2,20.302264639720057
2059.4,19.390711139363233
2059.6,20.00844478887466
2059.8,19.711274867854844
2060.0,19.031730395488097
2060.2,20.36261839332888
2060.4,19.703042989356483
2060.6,20.032164206958885
2060.8,18.502212271263502
2061.0,18.522505411184632
2061.2,19.05560393783721
2061.4,19.459366355921578
2061.6,19.035205805280917
2061.8,18.516216875280513
2062.0,19.221953651803002
2062.2,17.041833044778976
2062.4,17.768302217213353
2062.6,17.56436596084614
2062.8,17.074788034631577
2063.0,18.698615538644635
2063.2,18.661788311556666
2063.4,19.07150071732764
2063.6,18.697541848071037
2063.8,18.390631845567228
2064.0,19.984344076491592
2064.2,19.37680080993809
2064.4,18.240267571009213
2064.6,17.019255441869916
2064.8,18.356273515220412
2065.0,18.968690506839984
2065.2,19.105322746131982
2065.4,19.833247486547883
2065.6,20.78341577076459
2065.8,18.93226701418878
2066.0,20.530725598771426
2066.2,21.25804380201254
2066.4,21.439279751089003
2066.6,21.214415619372524
2066.8,20.876769545426
2067.0,20.71569455683497
2067.2,21.423710401917834
2067.4,21.09890949531188
2067.6,20.955815982110035
2067.8,20.28783572682622
2068.0,21.10535481232947
2068.2,20.12292883589035
2068.4,19.337712501485967
2068.6,17.651354298946494
2068.8,17.975849073826257
2069.0,17.513043586907582
2069.2,18.28325131963849
2069.4,17.83938955969139
2069.6,17.927336346917073
2069.8,17.929250090321048
2070.0,18.03883613531017
2070.2,18.26424196316203
2070.4,17.79179047590462
2070.6,18.06530523649362
2070.8,19.50158863883766
2071.0,18.86051906708806
2071.2,18.699365539613062
2071.4,18.635769495935914
2071.6,19.112577102322845
2071.8,17.82573697528389
2072.0,17.0926786782669
2072.2,18.7469892176555
2072.4,18.36083414267855
2072.6,18.29716034317988
2072.8,18.64315862321764
2073.0,19.035700148348692
2073.2,19.339136936242273
2073.4,20.084315822756537
2073.6,20.64218032047144
2073.8,20.731637784744287
2074.0,21.896558048816047
2074.2,20.438416079131372
2074.4,19.43211695930923
2074.6,19.516294744253084
2074.8,20.142752650437664
2075.0,21.83211165214532
2075.2,21.15887746474953
2075.4,21.263729225269472
2075.6,21.727336513712583
2075.8,21.108743158871704
2076.0,21.73272347178742
2076.2,21.988724392488752
2076.4,22.163828008917108
2076.6,21.56390429173115
2076.8,22.187774056337204
2077.0,22.65802672101089
2077.2,23.196483842245424
2077.4,23.231733276763954
2077.6,22.703532966837244
2077.8,22.86735138298004
2078.0,23.827058902786263
2078.2,22.57279816178427
2078.4,23.051758298129094
2078.6,21.951048911599873
2078.8,21.72923530046415
2079.0,21.600003534343344
2079.2,21.99363625467711
2079.4,22.888721333732448
2079.6,22.70954690420441
2079.8,23.076000021237547
2080.0,22.24741074278871
2080.2,21.878058876701534
2080.4,22.59663073171445
2080.6,21.885501139108463
2080.8,22.749735671929496
2081.0,22.379997985122806
2081.2,22.69034148179214
2081.4,23.699203324773215
2081.6,23.71457182472146
2081.8,23.847168369232893
2082.0,22.79204966448264
2082.2,23.553304692306405
2082.4,23.102973293331168
2082.6,23.168297507824946
2082.8,23.23590844714216
2083.0,21.653498765000762
2083.2,22.331965396343932
2083.4,21.65563404756138
2083.6,22.334896399546462
2083.8,22.121919495976222
2084.0,22.871804937855863
2084.2,22.298449744662925
2084.4,20.905160053389253
2084.6,21.082477368253244
2084.8,20.3631483896866
2085.0,21.481364180622595
2085.2,20.733432315009882
2085.4,21.159021250018846
2085.6,20.973369147090956
2085.8,20.506751979020535
2086.0,20.119152925435525
2086.2,20.148238186920615
2086.4,19.453908641276474
2086.6,18.29658552934835
2086.8,19.285766149952913
2087.0,18.997664072035906
2087.2,19.94751392516302
2087.4,21.162847406962406
2087.6,19.90422468704469
2087.8,19.55168647348505
2088.0,19.023505381142833
2088.2,18.809827285833943
2088.4,19.236079982191157
2088.6,20.394893393394064
2088.8,19.957300387022073
2089.0,20.917681841432856
2089.2,19.547321340517577
2089.4,19.07198182410226
2089.6,19.299145303207634
2089.8,19.91213989075376
2090.0,19.01003835804059
2090.2,19.4180304541791
2090.4,19.985139015876733
2090.6,20.58064872201276
2090.8,20.765634961995033
2091.0,22.16850408692219
2091.2,21.47469782820037
2091.4,21.217964420133875
2091.6,20.730085574068116
2091.8,20.64105493108012
2092.0,21.74555383275152
2092.2,21.509722288730565
2092.4,22.165622562669498
2092.6,23.072175237149875
2092.8,22.42416517651499
2093.0,23.66631876990712
2093.2,22.66538938789423
2093.4,22.46034170080715
2093.6,22.18522186446835
2093.8,21.67717876729393
2094.0,21.008028412451736
2094.2,18.995750503197584
2094.4,19.459387372511245
2094.6,20.66615105612175
2094.8,21.055577583043757
2095.0,21.78651107973371
2095.2,22.371637998629588
2095.4,21.596003148491384
2095.6,20.565869862397467
2095.8,19.92203502516108
2096.0,20.887585551772258
2096.2,20.35995436647871
2096.4,20.993397401353967
2096.6,21.039175639261906
2096.8,21.6824474532499
2097.0,21.834457359699545
2097.2,23.0065814124966
2097.4,24.43184794911039
2097.6,23.963861399473764
2097.8,23.213165914383268
2098.0,24.20382316664754
2098.2,22.8362089986108
2098.4,20.852883555857076
2098.6,20.556976311469036
2098.8,20.73871314060597
2099.0,21.150247778280512
2099.2,21.759257325155737
2099.4,22.417628677995246
2099.6,22.782693933330226
2099.8,22.16712462596626
2100.0,22.636583723218912
2100.2,22.945874038730665
2100.4,23.13701116810167
2100.6,22.1593871581673
2100.8,21.476665290232518
2101.0,22.007551590071273
2101.2,22.898043054987802
2101.4,22.90229706312597
2101.6,22.702822756026848
2101.8,22.442035390967497
2102.0,22.577509625290407
2102.2,20.77728542434841
2102.4,20.831189322421825
2102.6,20.78609480050956
2102.8,21.372651125175
2103.0,20.050773597314183
2103.2,19.049204111868555
2103.4,19.66234358128856
2103.6,18.84541756446938
2103.8,19.66832508845787
2104.0,19.482267036886466
2104.2,20.614635736687625
2104.4,19.863725613942698
2104.6,18.971099247355518
2104.8,19.04997231877942
2105.0,18.927872454857024
2105.2,19.627303017391288
2105.4,19.972568943929133
2105.6,19.869011329525254
2105.8,19.536714952209792
2106.0,18.6944943864247
2106.2,19.07104968408788
2106.4,19.60117197281551
2106.6,20.505677994444994
2106.8,20.82825576072269
2107.0,21.16942274996361
2107.2,19.87317659154268
2107.4,19.738543593885144
2107.6,18.46509783024007
2107.8,18.33313314027489
2108.0,17.89562472221888
2108.2,18.08464615287612
2108.4,19.312266048202986
2108.6,18.67667695504618
2108.8,18.7199740180675
2109.0,17.751197997913163
2109.2,17.470642159981068
2109.4,18.01762010322416
2109.6,17.477868498212008
2109.8,17.487130173140994
2110.0,18.379014973577597
2110.2,17.362205092040778
2110.4,18.013121589972332
2110.6,17.98343823522145
2110.8,18.57555228763338
2111.0,19.382726192286107
2111.2,19.176203554304777
2111.4,19.123893394270393
2111.6,19.238706260347623
2111.8,19.588243389399114
2112.0,19.656296825687217
2112.2,18.602345237008585
2112.4,18.69956959744838
2112.6,18.68099720589029
2112.8,19.58781853570783
2113.0,20.272592530506547
2113.2,20.47486392304939
2113.4,19.75091307404106
2113.6,19.341138681746436
2113.8,20.90444323304116
2114.0,21.109382319316836
2114.2,21.348719693743515
2114.4,21.58682055906287
2114.6,21.023890286847504
2114.8,19.93963032306186
2115.0,20.083886702210087
2115.2,20.13170081865773
2115.4,20.5677481599582
2115.6,20.36526103162497
2115.8,19.800343830562102
2116.0,19.580517128087564
2116.2,19.113904343442357
2116.4,19.922489613729535
2116.6,20.542515171825283
2116.8,19.658093380213106
2117.0,20.332942747772435
2117.2,21.00942122183142
2117.4,20.655004559903972
2117.6,19.514510086721007
2117.8,20.064196889906466
2118.0,20.3234108228689
2118.2,20.533267668212716
2118.4,20.357070040035367
2118.6,19.713854697566433
2118.8,20.990479526862988
2119.0,21.44381359030158
2119.2,21.713328139389013
2119.4,21.623285558532352
2119.6,21.75105869543245
2119.8,22.214468354136045
2120.0,21.570480441887277
2120.2,21.59163471989193
2120.4,21.1127130195392
2120.6,20.92368955504479
2120.8,20.582555781488146
2121.0,20.64881116212179
2121.2,20.608535741557894
2121.4,20.665358110968043
2121.6,20.5631753717148
2121.8,20.499606118553864
2122.0,20.10864979495358
2122.2,19.527050093852875
2122.4,20.055678736998615
2122.6,20.41383423228433
2122.8,19.48116311109789
2123.0,20.04939862181565
2123.2,19.846295237885776
2123.4,19.946644511460892
2123.6,19.675567868942345
2123.8,20.14002077233922
2124.0,20.271225957335197
2124.2,18.74285795829987
2124.4,19.738107386615013
2124.6,18.888186069729038
2124.8,19.692186347233317
2125.0,19.96159801926591
2125.2,20.01122931822976
2125.4,20.224323818784132
2125.6,20.12505416945863
2125.8,20.019746393810806
2126.0,19.837710646867606
2126.2,20.075727100769605
2126.4,19.425730013790808
2126.6,20.004028813683572
2126.8,20.207710080217687
2127.0,19.994559017177767
2127.2,19.74306272431911
2127.4,19.702582844214337
2127.6,20.356416718992616
2127.8,21.46073020154335
2128.0,21.146726254739065
2128.2,21.88311934696506
2128.4,21.135690524988966
2128.6,21.152219978785087
2128.8,21.479448199622567
2129.0,21.639772351544092
2129.2,22.28885842859624
2129.4,22.429604653384203
2129.6,21.249957205026032
2129.8,21.836444299433467
2130.0,21.151373626795436
2130.2,21.241852273981614
2130.4,21.794189678892195
2130.6,22.322661743177704
2130.8,21.136896926930756
2131.0,21.627460870759364
2131.2,21.213683066435962
2131.4,21.053991812081417
2131.6,21.278843473607672
2131.8,20.965835764858262
2132.0,19.73381373870875
2132.2,19.511260161331005
2132.4,20.326576578915315
2132.6,19.206210770058807
2132.8,19.837793158576325
2133.0,20.23359262467869
2133.2,19.23680102128129
2133.4,18.177296627994238
2133.6,18.142462283428507
2133.8,18.54524017848197
2134.0,19.028053579145798
2134.2,18.700271577969136
2134.4,17.96665744927278
2134.6,18.16594280060596
2134.8,18.65609997895816
2135.0,19.26791135067959
2135.2,19.792964902569445
2135.4,19.760817696696233
2135.6,20.185917210980243
2135.8,19.99924576143716
2136.0,19.56465316975756
2136.2,20.110002541109733
2136.4,20.38443979456687
2136.6,19.180784737166768
2136.8,18.73767964250783
2137.0,18.360813139057765
2137.2,18.536699864946925
2137.4,18.12129898889272
2137.6,18.191258942428224
2137.8,18.906307869448423
2138.0,19.297961038110245
2138.2,19.201897601807946
2138.4,19.004429681207057
2138.6,19.910524001672684
2138.8,18.95480235665387
2139.0,20.36594389594002
2139.2,20.280621622124656
2139.4,19.433799328538647
2139.6,18.768926754430126
2139.8,19.278611915639917
2140.0,20.162628695740572
2140.2,20.339716702480203
2140.4,20.02541828567999
2140.6,18.665262892960534
2140.8,17.457201195462744
2141.0,18.008708734318834
2141.2,17.956156866854943
2141.4,17.526535335494007
2141.6,17.668325930747848
2141.8,17.519092520062564
2142.0,18.099950132097987
2142.2,17.352588100531133
2142.4,16.81382709217712
2142.6,17.41296261136756
2142.8,17.165334103585785
2143.0,17.4279593764248
2143.2,17.072979794545123
2143.4,17.175920872685722
2143.6,17.345446439326295
2143.8,16.781529068973754
2144.0,16.195405807349253
2144.2,16.020795371461823
2144.4,15.945636380484324
2144.6,15.337803745912474
2144.8,15.567862366215827
2145.0,15.570236606290827
2145.2,15.992226263303387
2145.4,16.40555135784933
2145.6,16.630152043376402
2145.8,16.440214970288356
2146.0,16.26703891356411
2146.2,15.318238120077368
2146.4,15.580198420188005
2146.6,15.54490374824924
2146.8,15.423119220611696
2147.0,15.276492600552295
2147.2,15.067826921201119
2147.4,15.06854051112527
2147.6,14.890997433826756
2147.8,15.016484685113635
2148.0,15.177877991547277
2148.2,15.48059966934189
2148.4,15.288072763012686
2148.6,15.722927493467871
2148.8,15.786231167107127
2149.0,15.848054441654442
2149.2,16.001289498475536
2149.4,15.682207282465432
2149.6,16.3684124359657
2149.8,15.968303653094125
2150.0,16.18583891462975
2150.2,16.994498832795216
2150.4,16.500737918292334
2150.6,17.83175589158028
2150.8,18.902712157597886
2151.0,18.91520039790356
2151.2,17.61969282973171
2151.4,17.753068575625537
2151.6,17.234025518645126
2151.8,16.587010049585405
2152.0,15.43340116610397
2152.2,15.54951910723558
2152.4,16.1243159237756
2152.6,16.627611766977992
2152.8,15.944078479518257
2153.0,16.08738810385667
2153.2,16.575647533890553
2153.4,16.52227005341433
2153.6,16.582477125425118
2153.8,16.193226524354337
2154.0,18.03798538157409
2154.2,17.969093760650154
2154.4,17.769635780024544
2154.6,19.43983006644764
2154.8,18.114370619218974
2155.0,18.00065604863416
2155.2,19.333780537606234
2155.4,18.917057775080035
2155.6,21.00501404678677
2155.8,20.18811680741766
2156.0,18.450947428913807
2156.2,19.02026735716688
2156.4,19.47899983690136
2156.6,19.821436780294377
2156.8,20.916771607241547
2157.0,20.9717995547135
2157.2,21.23883507873387
2157.4,20.794020694435808
2157.6,20.14599039690191
2157.8,20.757295453194658
2158.0,19.758029666034073
2158.2,19.693304365284053
2158.4,20.97180476496344
2158.6,19.64016706104843
2158.8,19.36928032432904
2159.0,19.563671296544573
2159.2,19.183546960375836
2159.4,18.312158894634678
2159.6,19.25416301220563
2159.8,20.191172372621942
2160.0,18.934466287829785
2160.2,19.584130819737865
2160.4,18.680455803330013
2160.6,18.88243127143349
2160.8,19.616298700307496
2161.0,18.585085509036684
2161.2,18.040671668104974
2161.4,18.404029261816973
2161.6,19.337350573574657
2161.8,18.62248059910701
2162.0,20.22735922729389
2162.2,18.03453951926782
2162.4,19.03990032941371
2162.6,17.886923286974955
2162.8,18.35356132602708
2163.0,18.57230827950459
2163.2,18.621087727855116
2163.4,18.326864594510223
2163.6,17.547347625783775
2163.8,19.168408284488322
2164.0,18.842350336019464
2164.2,18.67893277778364
2164.4,19.391429285551016
2164.6,19.20091014352642
2164.8,19.22223071437722
2165.0,19.371511382941936
2165.2,18.353119182236483
2165.4,18.56432560964506
2165.6,19.985951166857284
2165.8,19.743511886853916
2166.0,18.798251961048177
2166.2,20.44998515712149
2166.4,20.466259727857718
2166.6,21.6943023211141
2166.8,21.210805138493907
2167.0,20.833980948277397
2167.2,20.29994559786975
2167.4,18.9178297225599
2167.6,18.501738234537907
2167.8,19.065857335400114
2168.0,19.98453788798964
2168.2,19.379013872112495
2168.4,19.57717475869069
2168.6,20.32808970301875
2168.8,20.701023522436337
2169.0,19.997023418019143
2169.2,20.338669004222304
2169.4,20.95046288307643
2169.6,20.754746763413717
2169.8,20.109748058096876
2170.0,20.52743818151106
2170.2,20.320350822055634
2170.4,19.2381798128121
2170.6,20.67132309964161
2170.8,20.223008496789483
2171.0,21.312383311692862
2171.2,21.093947110891808
2171.4,19.8536560882452
2171.6,19.107062836795745
2171.8,19.213157463135314
2172.0,18.967429386042742
2172.2,18.430543045487614
2172.4,18.294778524749347
2172.6,19.654671727045034
2172.8,20.26176245997196
2173.0,19.362841583635745
2173.2,18.081933205113067
2173.4,18.016996041755682
2173.6,18.03626985802342
2173.8,18.989545824256872
2174.0,19.489557207132822
2174.2,19.29454473246472
2174.4,18.969345011156573
2174.6,18.859694815958864
2174.8,18.960422903000968
2175.0,18.70468032137189
2175.2,18.915705146237936
2175.4,18.379948049143337
2175.6,17.713010149323082
2175.8,18.6755866913356
2176.0,17.911557017960973
2176.2,17.318713610750486
2176.4,17.595301687297486
2176.6,18.938178962646987
2176.8,19.615763281782186
2177.0,19.046595838044563
2177.2,19.293715527600273
2177.4,20.50530838539569
2177.6,20.172944149059866
2177.8,20.541283794381076
2178.0,21.193891337535845
2178.2,20.85868669396721
2178.4,19.853886784510664
2178.6,18.67043922145332
2178.8,18.261520428227918
2179.0,18.3883500286366
2179.2,19.620219299644205
2179.4,19.52621991425413
2179.6,19.128215496058743
2179.8,19.640438496520353
2180.0,19.086169356879804
2180.2,19.481537357514153
2180.4,19.72466331308986
2180.6,20.124264082341693
2180.8,19.19093605006096
2181.0,18.86131772140269
2181.2,18.237403294652758
2181.4,18.279028691957357
2181.6,17.71781603060948
2181.8,17.48115593501145
2182.0,17.80233924070594
2182.2,17.57840492876161
2182.4,17.499729231319744
2182.6,16.52906909873321
2182.8,17.339517661284944
2183.0,18.619881411950047
2183.2,18.341314383334417
2183.4,19.62439387555139
2183.6,18.621700824207498
2183.8,18.253507732486668
2184.0,18.671175058513857
2184.2,17.80904219101696
2184.4,17.73035619854624
2184.6,18.001117093302287
2184.8,16.910155317801824
2185.0,18.065746869314545
2185.2,17.055213517149202
2185.4,17.593711404308547
2185.6,19.113382029353435
2185.8,19.03932394070327
2186.0,18.822196039482854
2186.2,19.0920630448363
2186.4,18.277828435400927
2186.6,18.486562710181474
2186.8,19.222985634258293
2187.0,17.838799382213107
2187.2,17.60096122038783
2187.4,17.506640953163902
2187.6,17.78089287341963
2187.8,17.092774425181588
2188.0,16.43723332404222
2188.2,17.024273513962115
2188.4,17.06966838484241
2188.6,17.679617087484882
2188.8,17.593640335649265
2189.0,17.841395631474054
2189.2,17.78304778906283
2189.4,17.7964928038571
2189.6,18.38410897104235
2189.8,18.44259280590144
2190.0,17.438272444943447
2190.2,18.922450848725262
2190.4,18.82308324191814
2190.6,18.61853920721616
2190.8,19.386897154185423
2191.0,19.09820626152613
2191.2,20.60326649891219
2191.4,20.76928132580207
2191.6,20.176988195679048
2191.8,19.4153195874754
2192.0,20.35121983187303
2192.2,21.176946800886725
2192.4,18.965949646665855
2192.6,19.024117370362386
2192.8,19.03831704288647
2193.0,21.427130928744894
2193.2,21.34455929917571
2193.4,20.810060340678188
2193.6,20.46003555508394
2193.8,20.05544376057601
2194.0,20.59935896919336
2194.2,20.27761941351562
2194.4,18.922634220823525
2194.6,18.48673919936347
2194.8,17.714282608062575
2195.0,17.947130993931555
2195.2,18.499070983137383
2195.4,18.48165461085926
2195.6,18.118159298914655
2195.8,18.22691600350725
2196.0,18.391285980389235
2196.2,18.30220551395967
2196.4,17.880090417431415
2196.6,17.304799383772842
2196.8,17.270801067259047
2197.0,16.940972405287564
2197.2,16.851050838203495
2197.4,16.89466066748873
2197.6,17.390639592168707
2197.8,18.287421563328664
2198.0,18.54947134725848
2198.2,19.736084358734306
2198.4,19.4342938921641
2198.6,19.213003390101505
2198.8,18.86950181664832
2199.0,19.369710701043076
2199.2,18.576349580878535
2199.4,19.190065620766127
2199.6,20.285003448904092
2199.8,20.535976710104297
2200.0,20.985812622886723
2200.2,21.621729262018015
2200.4,22.363955321808184
2200.6,21.607262602706182
2200.8,21.67395937575791
2201.0,22.521857909131796
2201.2,21.508696134010194
2201.4,21.082715053223243
2201.6,21.030642562631453
2201.8,20.303249832615418
2202.0,20.608941116660922
2202.2,19.971146068270844
2202.4,20.68087372410714
2202.6,21.92565121004064
2202.8,21.704047208514385
2203.0,21.472811762532018
2203.2,22.360226005903495
2203.4,21.75855805210722
2203.6,21.210703159124776
2203.8,21.268956951523023
2204.0,21.09025712197409
2204.2,20.119985990862407
2204.4,18.97097554755987
2204.6,19.447149641974658
2204.8,19.991562797216616
2205.0,19.443526018097984
2205.2,20.622290330147464
2205.4,19.452264348717353
2205.6,20.119556167622807
2205.8,18.730900446379106
2206.0,19.29279261669009
2206.2,18.711522154451725
2206.4,17.6711621543522
2206.6,17.20848586500866
2206.8,18.289010088004417
2207.0,18.58934091694382
2207.2,18.02204936063784
2207.4,19.40567873722919
2207.6,20.55037842186758
2207.8,19.871886199201697
2208.0,20.3150966909459
2208.2,19.876641088378495
2208.4,19.752196717338265
2208.6,19.362892447918277
2208.8,20.050782246645795
2209.0,19.912569247721365
2209.2,20.496605787800743
2209.4,21.021932715927036
2209.6,21.463998514827466
2209.8,20.19874160994878
2210.0,19.595851428878557
2210.2,19.732099205836388
2210.4,17.92719886887307
2210.6,18.30681719638742
2210.8,19.580211593620064
2211.0,19.812636995681384
2211.2,20.423226561803872
2211.4,19.263933850636718
2211.6,19.481205731876038
2211.8,20.552598574543367
2212.0,20.653158567273717
2212.2,20.833818875523882
2212.4,21.10298161920425
2212.6,21.285097763539497
2212.8,21.498651837013185
2213.0,21.033584259984703
2213.2,20.358883019526765
2213.4,21.543729065795986
2213.6,22.287248332493874
2213.8,22.544168938177283
2214.0,22.76972432480488
2214.2,22.81843298074158
2214.4,22.646637402219227
2214.6,21.653552961186207
2214.8,23.496916569922753
2215.0,20.841948709181835
2215.2,20.080840379815843
2215.4,21.43166820376055
2215.6,20.403285378522366
2215.8,20.335830672681958
2216.0,20.37601029396137
2216.2,20.156741594915033
2216.4,20.362094346050338
2216.6,20.476919768437302
2216.8,20.114456160465693
2217.0,20.162371528253693
2217.2,20.65049198131987
2217.4,20.068098857874247
2217.6,18.418994166415757
2217.8,18.22826125802142
2218.0,17.528202818948024
2218.2,16.654967135482977
2218.4,16.328933864663128
2218.6,16.028607788648767
2218.8,16.912779555089237
2219.0,16.639381380101128
2219.2,17.41985114653945
2219.4,18.273149282615254
2219.6,18.274469744043724
2219.8,19.26060950325358
2220.0,18.2364599073595
2220.2,19.921489662248902
2220.4,19.947597302767328
2220.6,19.870460813260266
2220.8,21.179698054964405
2221.0,20.46158011877334
2221.2,21.02248734726537
2221.4,20.764000295017517
2221.6,19.804444999592242
2221.8,21.86432010597668
2222.0,19.96631559742987
2222.2,20.39499420103113
2222.4,20.44369109780035
2222.6,19.67486013134917
2222.8,20.081274604307392
2223.0,19.325940523731266
2223.2,20.28498172587961
2223.4,20.23498067363487
2223.6,20.0397348766691
2223.8,20.36046512832489
2224.0,19.62929791181385
2224.2,19.629999410341078
2224.4,18.840091693515873
2224.6,19.949690234648774
2224.8,21.403365720448015
2225.0,20.115860384592416
2225.2,20.396146748628887
2225.4,19.8332151038749
2225.6,19.909387305661323
2225.8,19.81773797828753
2226.0,19.69875341902433
2226.2,19.208113382771575
2226.4,18.887137223075968
2226.6,18.576371564477828
2226.8,18.609416398708312
2227.0,18.74143634407521
2227.2,19.426565057195038
2227.4,19.139450018854962
2227.6,18.055079523766928
2227.8,17.756026001883065
2228.0,17.761102589475335
2228.2,16.7493019235681
2228.4,16.95432008305022
2228.6,17.25324326604939
2228.8,18.108670579972582
2229.0,18.57504118393306
2229.2,19.327992396169524
2229.4,20.655566893590557
2229.6,19.282173330538214
2229.8,18.70446201867345
2230.0,17.9358779117041
2230.2,18.17755913311742
2230.4,16.4907682322044
2230.6,15.874708632363465
2230.8,15.923531860320782
2231.0,15.368832669891406
2231.2,15.445092731297665
2231.4,15.469856540481128
2231.6,15.422605052854767
2231.8,15.3859097031196
2232.0,15.213035631729033
2232.2,15.754445568245238
2232.4,16.524445084333756
2232.6,16.13738110950075
2232.8,16.361296584724002
2233.0,15.699134855499262
2233.2,16.195642016909353
2233.4,17.181344700276767
2233.6,17.051717297925578
2233.8,18.60265754781953
2234.0,18.763930434580267
2234.2,18.782390691087013
2234.4,19.829976143855234
2234.6,19.356428907869827
2234.8,19.632914857728284
2235.0,19.37094363286825
2235.2,21.12698830280085
2235.4,19.83770334929884
2235.6,20.793914031186837
2235.8,19.740168808154802
2236.0,20.047250269496754
2236.2,18.90494885906433
2236.4,17.814625940260107
2236.6,17.877849286759282
2236.8,19.350655376634577
2237.0,20.12480161820693
2237.2,19.908119129566398
2237.4,19.3104201992876
2237.6,19.80705479534518
2237.8,19.60691737711903
2238.0,18.859404910906324
2238.2,20.340634287923788
2238.4,19.104679749784804
2238.6,19.027677469030937
2238.8,18.01260158923656
2239.0,17.826515078005368
2239.2,17.948418425344215
2239.4,17.03549085445445
2239.6,17.687138544376143
2239.8,17.761624721311104
2240.0,17.081601395069722
2240.2,17.52638449986935
2240.4,17.396406683906747
2240.6,17.41771862321763
2240.8,17.684601004572997
2241.0,17.227083030305423
2241.2,17.792448564413355
2241.4,17.237792463489704
2241.6,17.510183163475695
2241.8,18.25550978734234
2242.0,19.192285887659565
2242.2,20.332792214334017
2242.4,20.700482213270853
2242.6,20.029447657320233
2242.8,18.66964371832193
2243.0,18.53763755940032
2243.2,17.878454611252362
2243.4,19.192907073474434
2243.6,18.593654510766896
2243.8,17.65604578793847
2244.0,17.881033641622256
2244.2,18.21002878495404
2244.4,18.00081985566638
2244.6,17.927005462824695
2244.8,18.52517270899414
2245.0,17.491857144669122
2245.2,18.52193594160876
2245.4,18.670390292112792
2245.6,18.261818614447403
2245.8,18.718703654920795
2246.0,20.049560844427752
2246.2,20.63545853430221
2246.4,19.052965802277193
2246.6,18.71231545370163
2246.8,19.099123467105247
2247.0,18.593527421409476
2247.2,18.05856250374986
2247.4,17.54943313528028
2247.6,17.61689484532502
2247.8,17.96992414856122
2248.0,19.855024119142325
2248.2,20.094241864824017
2248.4,19.695997554419545
2248.6,19.048237358947244
2248.8,18.87061975913953
2249.0,19.185420757400472
2249.2,18.30841508815128
2249.4,19.589801968732097
2249.6,18.201903705484167
2249.8,17.993050266740326
2250.0,17.937841339418934
2250.2,16.68401184253854
2250.4,18.23746990286924
2250.6,18.76910754835696
2250.8,20.13401738382796
2251.0,20.45932036777358
2251.2,19.3199917451513
2251.4,19.02459286346738
2251.6,18.120974961920524
2251.8,17.304713162140285
2252.0,18.24339313004951
2252.2,17.75691926586826
2252.4,18.08634593964789
2252.6,18.480463194846582
2252.8,18.194395074734388
2253.0,18.010706473736807
2253.2,17.678880603848828
2253.4,18.51610915995217
2253.6,18.594141539251904
2253.8,18.469978878452256
2254.0,18.515472848737517
2254.2,17.50655754816262
2254.4,17.31372355965825
2254.6,17.568022132598085
2254.8,18.141145331800214
2255.0,19.45049583838981
2255.2,18.916504236322073
2255.4,17.84383265921273
2255.6,17.005529049335376
2255.8,18.00138540702885
2256.0,17.69859717418218
2256.2,19.511684762199312
2256.4,18.735573016271033
2256.6,19.177482603506107
2256.8,19.139574900919673
2257.0,20.01763320154914
2257.2,18.537270224472493
2257.4,19.94109996209976
2257.6,19.852620813452347
2257.8,19.62410018922549
2258.0,21.18543189793945
2258.2,20.08016765709594
2258.4,19.62896786931491
2258.6,19.71916781665597
2258.8,20.076630517143194
2259.0,20.57487576234779
2259.2,19.85556637572141
2259.4,19.10438767678859
2259.6,19.366569743207613
2259.8,20.92788332704583
2260.0,21.01025197841283
2260.2,21.085049492881577
2260.4,20.84144048790567
2260.6,20.694894162904145
2260.8,21.485758595859792
2261.0,21.140229306522965
2261.2,19.9627684221983
2261.4,19.591899075879095
2261.6,20.07086211324308
2261.8,19.359134564332823
2262.0,18.569238332560268
2262.2,19.479246762505113
2262.4,19.61471244626832
2262.6,19.907479644941645
2262.8,20.57455948206571
2263.0,20.920748982191803
2263.2,19.728184463162446
2263.4,20.09412200429171
2263.6,20.055958784966144
2263.8,19.797684197754496
2264.0,20.365757956919065
2264.2,20.832338614677756
2264.4,19.834393774632478
2264.6,20.965068042288504
2264.8,22.417494281749523
2265.0,21.17942840851517
2265.2,21.56695153596687
2265.4,21.346774128636532
2265.6,21.487119403131423
2265.8,21.95381658638817
2266.0,21.82210587356824
2266.2,22.423144063839224
2266.4,20.83152937917467
2266.6,19.779638531371884
2266.8,20.239097253792853
2267.0,18.77419136558522
2267.2,18.174565632991886
2267.4,17.644750223543785
2267.6,17.04414532045228
2267.8,16.851381216006715
2268.0,18.449418815697392
2268.2,18.18279891691313
2268.4,17.90013827339622
2268.6,18.364753614746657
2268.8,16.751807645305597
2269.0,16.62115395412236
2269.2,16.41470587855343
2269.4,16.743655330024932
2269.6,17.01960295277518
2269.8,17.52729026691232
2270.0,17.21124939441647
2270.2,17.92215004856984
2270.4,18.796216675978727
2270.6,18.70085538358401
2270.8,17.32734564763817
2271.0,17.626593738527397
2271.2,18.33831912251511
2271.4,18.589061510082526
2271.6,18.784621556269798
2271.8,17.65396848204646
2272.0,17.74068155420871
2272.2,16.83742863376502
2272.4,17.09728035192734
2272.6,16.293445368647014
2272.8,16.348988211700405
2273.0,16.431332409891265
2273.2,16.69261220478556
2273.4,16.927308747799742
2273.6,17.89665767253053
2273.8,18.651046885562337
2274.0,19.160215414995996
2274.2,20.71179178375871
2274.4,21.366989085124757
2274.6,21.14104576458816
2274.8,20.425495993047342
2275.0,20.641689232490364
2275.2,21.44637808672431
2275.4,21.04063613252082
2275.6,20.648170828583076
2275.8,22.026560537028818
2276.0,20.517493626819522
2276.2,22.028027153677282
2276.4,19.41466845882442
2276.6,18.61806457397489
2276.8,18.534504699376438
2277.0,19.385974203000206
2277.2,19.563943835076614
2277.4,18.380755892121673
2277.6,19.181133605188712
2277.8,17.96058244903649
2278.0,16.351811775747528
2278.2,16.44843878220119
2278.4,18.161535347312284
2278.6,18.84918292544118
2278.8,19.69225445121047
2279.0,19.547787379802017
2279.2,18.630704375884093
2279.4,19.450401970877923
2279.6,20.18920246543416
2279.8,20.05517980906063
2280.0,20.248862611863522
2280.2,20.505661160272226
2280.4,20.15962327374077
2280.6,18.284195892573074
2280.8,19.67893415552952
2281.0,19.94404985295657
2281.2,19.943677716931674
2281.4,18.65011026185368
2281.6,19.172331472732353
2281.8,19.12315052587661
2282.0,19.063062170367903
2282.2,18.006394776923553
2282.4,18.848668474223338
2282.6,17.841917268756756
2282.8,17.559463152185135
2283.0,17.64518468666816
2283.2,18.070424269310234
2283.4,17.90755876991789
2283.6,17.688526585050575
2283.8,17.29062381139527
2284.0,18.1570479714034
2284.2,17.95930137982243
2284.4,17.09018228258185
2284.6,17.57795671834885
2284.8,16.56144196119775
2285.0,16.928286018568844
2285.2,16.94618931156605
2285.4,17.426558358778486
2285.6,17.9141155349996
2285.8,17.781371950703434
2286.0,18.72405818327237
2286.2,17.795560959556752
2286.4,17.958626205884517
2286.6,18.296488605577906
2286.8,17.991326870184633
2287.0,17.01650031473685
2287.2,16.644276335730158
2287.4,16.33312685524327
2287.6,16.21591819030752
2287.8,16.539114360372274
2288.0,17.96390825032214
2288.2,19.07111398563047
2288.4,18.692402606817385
2288.6,20.024730828141948
2288.8,21.291467641709634
2289.0,20.42702230978559
2289.2,20.9939019829146
2289.4,21.24621136137766
2289.6,20.415879714217965
2289.8,21.064509263389137
2290.0,20.775338661532267
2290.2,20.765624533682757
2290.4,21.127320145862925
2290.6,19.998257038827706
2290.8,20.45229277455606
2291.0,20.502627889711018
2291.2,19.949040596096147
2291.4,19.820290764094825
2291.6,18.999057189312957
2291.8,19.46902252552841
2292.0,19.2277919933904
2292.2,19.486090538794482
2292.4,19.36777228689793
2292.6,20.695811666676214
2292.8,20.98990976668132
2293.0,20.851856832580438
2293.2,20.106639058622942
2293.4,20.243971828560603
2293.6,21.673356347195906
2293.8,21.748779804395525
2294.0,22.26598372744915
2294.2,22.051146402941903
2294.4,21.76445483000731
2294.6,21.50524832807598
2294.8,22.131827077884175
2295.0,21.573709940539313
2295.2,21.51886949176097
2295.4,21.88680251992722
2295.6,22.73700733443785
2295.8,21.805334963361823
2296.0,20.64029637703729
2296.2,21.59925942940131
2296.4,22.111085221888473
2296.6,21.844655038335723
2296.8,21.792510564812503
2297.0,21.806907223806377
2297.2,21.334340214631517
2297.4,21.736975009494888
2297.6,21.55311544449926
2297.8,20.94273533291931
2298.0,21.2676617558282
2298.2,20.930496291485863
2298.4,20.094610398478025
2298.6,21.044802455411254
2298.8,20.118209185398488
2299.0,20.345829426635863
2299.2,21.776947311196654
2299.4,20.397910322308896
2299.6,22.179638602656038
2299.8,22.685989362857907
2300.0,23.238527086690123
2300.2,21.44558150222597
2300.4,20.277462946790973
2300.6,20.187606495567888
2300.8,20.17623130099796
2301.0,19.635938502782523
2301.2,19.571073608564333
2301.4,19.45479954397335
2301.6,19.800892642896528
2301.8,18.94951581084587
2302.0,20.282221681814082
2302.2,19.785447898634025
2302.4,19.424822092197015
2302.6,19.446955111709833
2302.8,20.005979984462286
2303.0,19.703615721713636
2303.2,19.539015945920013
2303.4,20.685952015323977
2303.6,19.90460834406265
2303.8,20.87487972238065
2304.0,20.642585195251645
2304.2,20.063903847044987
2304.4,18.636580407034174
2304.6,17.938087789662667
2304.8,18.78806534605243
2305.0,19.321309002883517
2305.2,20.41120952551459
2305.4,19.269459131880737
2305.6,20.131775293117876
2305.8,20.47760425131355
2306.0,20.12386499510095
2306.2,20.552318586288543
2306.4,20.783445003618468
2306.6,21.585084691930557
2306.8,21.75251076276239
2307.0,21.549572238483258
2307.2,23.562743378604665
2307.4,22.17379385893629
2307.6,20.511909743361066
2307.8,20.481040033825934
2308.0,19.060678080555803
2308.2,19.059595878020314
2308.4,19.666315937807266
2308.6,19.171142289308232
2308.8,18.454651812708963
2309.0,19.630546562414352
2309.2,19.590795441602317
2309.4,18.5768695129195
2309.6,18.06531802119218
2309.8,18.65439178197351
2310.0,19.259543740464732
2310.2,19.521732322985475
2310.4,20.03156542439763
2310.6,20.130532975720946
2310.8,20.27760497297176
2311.0,19.294049074903892
2311.2,19.09951826557139
2311.4,18.718703325873168
2311.6,19.05370613481346
2311.8,20.815264416332347
2312.0,19.639460043911015
2312.2,20.053449500876543
2312.4,19.015382574163034
2312.6,19.786227468742528
2312.8,18.11656084680775
2313.0,18.22095177187077
2313.2,18.963252927081584
2313.4,20.36410107970658
2313.6,22.56286356874211
2313.8,22.178726651915092
2314.0,22.352173920423173
2314.2,23.041884545982285
2314.4,24.07198328930037
2314.6,23.15506131100355
2314.8,24.477913214106273
2315.0,22.0489851239835
2315.2,21.33459533127299
2315.4,21.33958096446239
2315.6,21.931465065691818
2315.8,22.127733703083663
2316.0,21.780840597849213
2316.2,21.581187220393208
2316.4,22.353957999303404
2316.6,22.93962644268901
2316.8,23.024878828604066
2317.0,22.022821191509614
2317.2,22.858734155501004
2317.4,22.51068476460125
2317.6,23.143610655479062
2317.8,22.70655530146604
2318.0,24.00279988279901
2318.2,22.305071773085775
2318.4,23.26248722647604
2318.6,21.823992287995218
2318.8,21.667321802031076
2319.0,22.285321932092717
2319.2,22.131595409239296
2319.4,21.52060108405702
2319.6,22.360760250388566
2319.8,23.07044805231201
2320.0,22.163250503190692
2320.2,22.416419490344843
2320.4,21.03408179321746
2320.6,20.568521370095432
2320.8,21.026798419024605
2321.0,20.67256376950528
2321.2,21.622644997599423
2321.4,20.351349501537783
2321.6,20.503340451838795
2321.8,19.641639120117983
2322.0,19.32653815075583
2322.2,19.839186924690935
2322.4,20.116600894879305
2322.6,19.69238039003586
2322.8,19.81745910294402
2323.0,19.108155416074833
2323.2,19.297207745656234
2323.4,19.513969014206566
2323.6,19.091263949001466
2323.8,19.287658694973878
2324.0,19.866257761546457
2324.2,20.90302893754864
2324.4,21.20504002010424
2324.6,22.292260735778843
2324.8,21.45437669124484
2325.0,20.208572416093165
2325.2,18.768189165955825
2325.4,19.13494232847292
2325.6,19.094866768232144
2325.8,19.490576722119958
2326.0,19.91067968029601
2326.2,19.191195749627973
2326.4,19.194480425350232
2326.6,19.21394896547653
2326.8,20.058129909144537
2327.0,19.766747377931843
2327.2,20.903693396602648
2327.4,19.535042936108788
2327.6,19.31015988405862
2327.8,20.09293749329035
2328.0,20.399056201877357
2328.2,20.189968367782765
2328.4,20.010746087135036
2328.6,20.758521574724117
2328.8,20.917934395003005
2329.0,21.3678890849615
2329.2,20.199832701857254
2329.4,20.161429405508457
2329.6,20.835443907127676
2329.8,20.648390571342023
2330.0,20.886817647030412
2330.2,21.031413119471903
2330.4,21.582149847055856
2330.6,22.435969391911073
2330.8,21.76221664367501
2331.0,22.02041278634492
2331.2,21.331910427725923
2331.4,20.10758886710662
2331.6,19.9634122802952
2331.8,19.5012616471869
2332.0,20.814359331712424
2332.2,21.039415348879654
2332.4,22.189276244679466
2332.6,21.046341462821164
2332.8,20.666608120381795
2333.0,20.609297362700328
2333.2,22.740301442087624
2333.4,21.699003231377514
2333.6,20.842650091358472
2333.8,20.32103368359957
2334.0,20.20492951644615
2334.2,20.220404649082457
2334.4,20.98300689193429
2334.6,21.208512823271654
2334.8,20.92967569022349
2335.0,20.232239304238284
2335.2,21.241864038262207
2335.4,19.67269475078136
2335.6,20.378619130544834
2335.8,19.520553980370085
2336.0,20.67316404734628
2336.2,20.18574830328906
2336.4,21.41925232291134
2336.6,20.524247691013734
2336.8,21.61047771073807
2337.0,22.40215571245883
2337.2,22.003287271292102
2337.4,23.071840750220986
2337.6,23.222116675611915
2337.8,21.699733350512158
2338.0,21.37284433409224
2338.2,22.1668509014485
2338.4,23.20877014297698
2338.6,21.391963392134336
2338.8,20.976538381488062
2339.0,18.948545483030934
2339.2,19.347559306430746
2339.4,19.152040080587827
2339.6,20.108381452179664
2339.8,20.687562180510987
2340.0,21.394944149632998
2340.2,21.00819467596759
2340.4,20.787921208079943
2340.6,20.53170625679779
2340.8,20.415840027324816
2341.0,20.191683053357067
2341.2,20.059958799656442
2341.4,20.694708374150093
2341.6,20.858941964706823
2341.8,20.58264743073999
2342.0,20.29210715483234
2342.2,20.261213470161078
2342.4,20.48904442684005
2342.6,21.013245477727978
2342.8,21.188817290302065
2343.0,21.064960424055673
2343.2,20.008813062301346
2343.4,21.078264136063076
2343.6,21.89507558155008
2343.8,20.91248244771244
2344.0,20.9554802568696
2344.2,19.21515312038878
2344.4,19.183934530359732
2344.6,19.223846878230034
2344.8,18.12797040487596
2345.0,19.07272268638926
2345.2,18.551033990534552
2345.4,18.337821460677823
2345.6,18.84094048701317
2345.8,19.240618337638978
2346.0,20.53651649011894
2346.2,19.46573139835319
2346.4,18.546309451679765
2346.6,19.4691740271086
2346.8,20.010696766242766
2347.0,19.40631666315076
2347.2,19.75818112526324
2347.4,20.07528756320572
2347.6,19.645832822928547
2347.8,18.666102162595017
2348.0,18.324485169918006
2348.2,18.176733351526217
2348.4,18.30752930459035
2348.6,17.970270100339107
2348.8,18.18375601813279
2349.0,18.267686032054392
2349.2,19.676977525743457
2349.4,19.14282192815896
2349.6,19.09491450349981
2349.8,18.118161671749203
2350.0,18.195648139365648
2350.2,17.602928917494513
2350.4,19.214001966332425
2350.6,18.711189089918232
2350.8,18.854207824053685
2351.0,18.202025865611432
2351.2,17.98208158971022
2351.4,17.629112685853606
2351.6,17.118048276344744
2351.8,17.207440376333107
2352.0,17.76424903186621
2352.2,17.88139149728347
2352.4,17.50517177353971
2352.6,17.51159927171273
2352.8,17.418143689334322
2353.0,17.369100717067244
2353.2,17.972774385305964
2353.4,18.144325775869188
2353.6,17.58195638648294
2353.8,17.6637295082385
2354.0,17.818891225985563
2354.2,17.667134505529496
2354.4,18.412338827538598
2354.6,18.817895525049696
2354.8,18.399304985233748
2355.0,18.322722027595045
2355.2,18.191505921686325
2355.4,16.77448939757015
2355.6,17.282751192483346
2355.8,17.671408580534607
2356.0,17.644260189256574
2356.2,16.651206069720356
2356.4,18.34718883362593
2356.6,18.42302842166281
2356.8,18.829919392249632
2357.0,18.619972448081057
2357.2,19.147608680568457
2357.4,18.629775149144393
2357.6,20.32830316735574
2357.8,19.84872813601041
2358.0,18.65630720565678
2358.2,18.145525106246264
2358.4,18.27600423422465
2358.6,18.155735871544675
2358.8,19.091385648005325
2359.0,18.71157062571905
2359.2,19.896926719024755
2359.4,20.24138594444796
2359.6,19.86974880166726
2359.8,20.501663016400986
2360.0,20.654757198590424
2360.2,20.86411154226885
2360.4,21.21521781033986
2360.6,20.37660734189966
2360.8,19.95473200020989
2361.0,19.51987477165244
2361.2,20.336116269667357
2361.4,20.48585291977269
2361.6,21.475329739442877
2361.8,20.8031448798943
2362.0,20.130826516702705
2362.2,19.451761262511894
2362.4,20.589900895847734
2362.6,20.453083904137223
2362.8,20.36079079496112
2363.0,20.60312440554249
2363.2,19.973948216435446
2363.4,20.50478802021475
2363.6,20.458545386137352
2363.8,21.14080284763977
2364.0,20.95695769047945
2364.2,21.22045287158445
2364.4,22.17118302575471
2364.6,21.95266721364458
2364.8,21.289347890179858
2365.0,23.52794677478022
2365.2,22.293791586726766
2365.4,22.218875237729456
2365.6,22.045011910987036
2365.8,22.344463271736664
2366.0,21.724641162630064
2366.2,21.567745858082482
2366.4,20.311244112810527
2366.6,21.633190303532025
2366.8,20.230674248457316
2367.0,19.41870962138052
2367.2,19.609776863547623
2367.4,19.857787738440717
2367.6,20.46509147940315
2367.8,20.935750294124958
2368.0,21.039987995769017
2368.2,19.523099985222434
2368.4,19.780712843316763
2368.6,19.878794552638443
2368.8,20.58554780604565
2369.0,18.892381699292613
2369.2,21.202338906455587
2369.4,20.76435460671722
2369.6,21.202428092289995
2369.8,20.046673064123162
2370.0,19.920727558315892
2370.2,19.84894880640875
2370.4,19.943224213280068
2370.6,21.113770841277223
2370.8,20.329338155281587
2371.0,19.421677368407174
2371.2,21.010316186202044
2371.4,21.525001625248862
2371.6,22.172245256457266
2371.8,21.464652956838755
2372.0,22.1550658980457
2372.2,22.122586892582387
2372.4,20.959799328685385
2372.6,21.07677774166018
2372.8,22.410723872323924
2373.0,21.98739700411913
2373.2,22.224226241761336
2373.4,21.37532849158612
2373.6,21.240655913001266
2373.8,21.60201246800977
2374.0,22.28895406009365
2374.2,22.41335996483222
2374.4,21.837128207860754
2374.6,21.745255037610352
2374.8,22.457807771154037
2375.0,22.46900679255111
2375.2,22.03188979927036
2375.4,22.519884273142893
2375.6,22.636848906317088
2375.8,22.8235786545191
2376.0,22.493871713824017
2376.2,22.088242327131532
2376.4,21.49579583776582
2376.6,22.402261795935612
2376.8,22.079987804795394
2377.0,22.448466214516305
2377.2,22.531767225322866
2377.4,21.270133486205847
2377.6,21.086244599867292
2377.8,21.701085587371516
2378.0,20.205811764456676
2378.2,21.550417330558776
2378.4,22.18956026065747
2378.6,22.880897579481964
2378.8,23.846152259776446
2379.0,23.10824910298374
2379.2,23.051940594946352
2379.4,23.28812420475545
2379.6,22.595861148563632
2379.8,21.00318900338783
2380.0,20.974422379804395
2380.2,19.900347967814
2380.4,20.994613489672087
2380.6,21.70051149671119
2380.8,20.366762317106147
2381.0,20.762676823691947
2381.2,19.479998210487626
2381.4,19.90056662683989
2381.6,19.14538787290976
2381.8,19.297278896845565
2382.0,19.11885311901009
2382.2,19.302302232637615
2382.4,19.926664936088862
2382.6,19.582351567657128
2382.8,19.998742597349224
2383.0,19.741707161602577
2383.2,19.90715233073878
2383.4,20.090043242890697
2383.6,20.16471237302424
2383.8,21.365517142209427
2384.0,20.021474806460194
2384.2,20.4724912420247
2384.4,19.977694975548978
2384.6,19.809007550743956
2384.8,19.016354004774985
2385.0,20.42264102652064
2385.2,19.221767175054044
2385.4,19.99561165467444
2385.6,19.390322915691605
2385.8,18.502118935949653
2386.0,19.03649019073321
2386.2,19.870467327391232
2386.4,20.283969701267438
2386.6,19.970455800778414
2386.8,20.36589365988473
2387.0,20.682494849075237
2387.2,19.70803787428478
2387.4,19.200903038438927
2387.6,18.431572118439213
2387.8,18.487560372343562
2388.0,19.0932564640212
2388.2,18.76405766689748
2388.4,19.718189765050052
2388.6,19.462302801682373
2388.8,20.312524452605203
2389.0,20.55224077670986
2389.2,20.587294048483983
2389.4,20.56015184523104
2389.6,20.286669955738038
2389.8,20.744723598061956
2390.0,20.916069339311896
2390.2,20.9124566656805
2390.4,21.507984929313633
2390.6,21.703863103333138
2390.8,21.401566010165098
2391.0,21.746008464553455
2391.2,20.971584285238446
2391.4,22.603728956399195
2391.6,22.790202965613055
2391.8,22.242322581047013
2392.0,23.122410923662247
2392.2,22.2848201518385
2392.4,21.947257260888872
2392.6,21.499147199106584
2392.8,21.95968221020136
2393.0,22.66505083087006
2393.2,21.34428484865805
2393.4,22.54503781153876
2393.6,22.128352225847973
2393.8,23.11870259909749
2394.0,22.89255142090575
2394.2,22.185645930993946
2394.4,22.16920373886243
2394.6,21.77803727333853
2394.8,21.865372684940773
2395.0,22.31154065775322
2395.2,22.03405505463373
2395.4,21.95107317647699
2395.6,21.913711268541046
2395.8,22.272538490020484
2396.0,22.11352079719026
2396.2,21.54976061936989
2396.4,22.015901778389292
2396.6,22.251954870490295
2396.8,21.005005428699214
2397.0,20.408618778163866
2397.2,20.07497229344033
2397.4,20.598084234999497
2397.6,21.143161330333484
2397.8,22.05840678439327
2398.0,22.74036167420998
2398.2,22.401496399489833
2398.4,23.37368969782414
2398.6,22.490295721074748
2398.8,22.967830232424372
2399.0,23.88470184129315
2399.2,23.83658540232488
2399.4,23.39682006299516
2399.6,22.84961233150115
2399.8,22.265715253314514
2400.0,22.068829181657293
2400.2,22.71327780018396
2400.4,22.468637679776393
2400.6,21.780660316564237
2400.8,21.095736421105585
2401.0,20.82505479079057
2401.2,20.987089063007556
2401.4,20.93533434806638
2401.6,22.625628377418412
2401.8,22.6788113009136
2402.0,22.38993430511636
2402.2,21.69903505492851
2402.4,22.855906311066168
2402.6,22.746473572906588
2402.8,23.326870985215862
2403.0,22.882045880734566
2403.2,22.774756869647092
2403.4,22.374678593184612
2403.6,21.69895987546684
2403.8,21.311355156398008
2404.0,20.89170278791125
2404.2,20.929422940081636
2404.4,20.939659600118304
2404.6,21.052942276364398
2404.8,20.517568397122403
2405.0,21.127566795875225
2405.2,20.508169751077435
2405.4,21.889607537344506
2405.6,21.57442638004197
2405.8,21.732131564040436
2406.0,21.336993976851094
2406.2,19.89898298901606
2406.4,20.104610534613133
2406.6,19.120784104424867
2406.8,19.753378938838534
2407.0,20.66146620385007
2407.2,19.941160693773558
2407.4,20.027110742796403
2407.6,19.38186783818833
2407.8,18.96494920099541
2408.0,19.99286922044099
2408.2,20.8723349010775
2408.4,20.180155846883423
2408.6,20.86935370600646
2408.8,20.05037063212449
2409.0,20.60560719589255
2409.2,19.912592371128465
2409.4,19.34371344104259
2409.6,20.368576083493895
2409.8,20.41523166495811
2410.0,20.842183100777767
2410.2,21.53219370316061
2410.4,21.6126209997374
2410.6,21.26109634013122
2410.8,21.604589530950232
2411.0,21.572518384331225
2411.2,21.87149722938106
2411.4,22.054528580218737
2411.6,22.194621592887618
2411.8,22.309428245833853
2412.0,21.969772679866768
2412.2,20.472151639063846
2412.4,20.34358292126154
2412.6,19.320377017979787
2412.8,18.66703672018601
2413.0,18.93184931713937
2413.2,18.71058078471928
2413.4,18.595177905305654
2413.6,19.66346686711564
2413.8,18.03148494810921
2414.0,19.136563959616414
2414.2,20.545445595769976
2414.4,20.73740434476445
2414.6,20.66094562326981
2414.8,20.82860670968381
2415.0,20.12733663283107
2415.2,18.939527090560844
2415.4,19.380727452498604
2415.6,19.758545664463426
2415.8,21.948866396773607
2416.0,21.163189082792936
2416.2,21.441478039297373
2416.4,21.428240293068768
2416.6,20.261992078101976
2416.8,20.312117079889475
2417.0,19.653442075520427
2417.2,19.227710430187273
2417.4,19.388713306263668
2417.6,19.42242048791957
2417.8,19.58777719059373
2418.0,19.578979400038456
2418.2,19.693698157841148
2418.4,19.670033848137894
2418.6,19.610378188659947
2418.8,19.225859913776294
2419.0,19.106336474327414
2419.2,18.324108770911714
2419.4,17.262538430922667
2419.6,19.234036536080087
2419.8,19.375136613407136
2420.0,18.14843097763001
2420.2,18.944871354170903
2420.4,17.553042123600736
2420.6,17.992234091397716
2420.8,17.708585642188133
2421.0,18.623749465499767
2421.2,18.727545625366645
2421.4,18.999402612379143
2421.6,19.361650417424542
2421.8,18.796482020172412
2422.0,18.840547952709453
2422.2,17.73557845813992
2422.4,18.4763111343667
2422.6,18.090198668736544
2422.8,17.925109276657547
2423.0,18.032195892012364
2423.2,18.27223634604376
2423.4,19.457792463693192
2423.6,19.978720132783707
2423.8,20.256737062165328
2424.0,21.097752736605358
2424.2,20.45236785549649
2424.4,20.462514290048013
2424.6,19.56870143903914
2424.8,20.370596783504965
2425.0,20.017884650650963
2425.2,20.39387500078394
2425.4,20.633012266012972
2425.6,21.472643322902307
2425.8,21.49183321057336
2426.0,21.759307251165588
2426.2,21.099864675248273
2426.4,21.13561616496544
2426.6,20.833585158663823
2426.8,21.35374439763025
2427.0,20.531661055920093
2427.2,19.750247821946942
2427.4,19.68251149066815
2427.6,19.997532638111252
2427.8,18.992212998671985
2428.0,18.271081127649477
2428.2,19.18193787995468
2428.4,19.842090428790826
2428.6,18.797481339618425
2428.8,19.524184497365734
2429.0,20.626459877971342
2429.2,19.051948011193232
2429.4,18.709163536213758
2429.6,17.665846801574315
2429.8,17.574899426962812
2430.0,17.099254610268982
2430.2,17.513378392320078
2430.4,17.83781143104864
2430.6,17.60147460680858
2430.8,18.486379430648363
2431.0,18.811429588906506
2431.2,19.3125675090737
2431.4,19.779806899312632
2431.6,19.21705224632494
2431.8,20.628936731847375
2432.0,19.96028523316036
2432.2,20.12296397061418
2432.4,20.186378578925908
2432.6,20.268444049594912
2432.8,21.96386592724457
2433.0,19.835294068843805
2433.2,20.358852133584588
2433.4,19.438538075525223
2433.6,19.630078687751467
2433.8,18.83515709251042
2434.0,19.88208938917164
2434.2,19.891125407377423
2434.4,20.037111735338023
2434.6,18.971951976602647
2434.8,19.396700532518423
2435.0,18.785142724588034
2435.2,19.2822295858724
2435.4,19.009667508140506
2435.6,18.65066727028308
2435.8,17.975574902020586
2436.0,17.842246488427932
2436.2,17.526516478109798
2436.4,18.346055126613084
2436.6,18.015046380061843
2436.8,18.12875254397299
2437.0,18.56883671538593
2437.2,18.527853486724478
2437.4,18.082330468924816
2437.6,18.237769736001542
2437.8,17.724732056754785
2438.0,18.02113734381156
2438.2,18.05694645049201
2438.4,18.285629945059277
2438.6,19.042450966126893
2438.8,18.555377887523207
2439.0,17.903121518568557
2439.2,17.74170841433041
2439.4,17.578226168697938
2439.6,18.080006478128364
2439.8,18.176261932326717
2440.0,17.606122329134095
2440.2,17.269886596830478
2440.4,17.87141269096687
2440.6,17.933742000188158
2440.8,18.570532665796804
2441.0,18.71551180538798
2441.2,18.67197709750701
2441.4,18.38488752321831
2441.6,19.255069240443135
2441.8,19.794864580477782
2442.0,19.247269444737665
2442.2,20.20966307335851
2442.4,19.402837441406266
2442.6,19.26532134460968
2442.8,19.027125204789336
2443.0,20.17143588249183
2443.2,21.069506722750727
2443.4,21.260085457171133
2443.6,21.224934556643994
2443.8,21.68298227137601
2444.0,21.08155963562764
2444.2,21.952138449427956
2444.4,20.198030286179254
2444.6,20.912652985336273
2444.8,21.385602673221477
2445.0,21.12098820441833
2445.2,21.402024579892277
2445.4,22.38051052754271
2445.6,22.136874867565446
2445.8,21.98642860820938
2446.0,22.104827243345042
2446.2,22.334775300486957
2446.4,20.022928316672783
2446.6,20.632693064961405
2446.8,21.002270819819365
2447.0,21.22386885881963
2447.2,21.673323765083573
2447.4,22.190968121205707
2447.6,20.864402261086465
2447.8,20.668491717293982
2448.0,20.02508378461327
2448.2,19.813070368507095
2448.4,18.968557438481525
2448.6,18.23300981333963
2448.8,18.94491495483177
2449.0,20.431673811604124
2449.2,20.226723592267646
2449.4,19.866487559832013
2449.6,18.459264297836484
2449.8,18.91285965677403
2450.0,19.100036560515022
2450.2,19.17217522487369
2450.4,19.561221501468204
2450.6,19.887574054939627
2450.8,21.072660847542227
2451.0,20.529289029374315
2451.2,17.979623226100905
2451.4,17.62067001716924
2451.6,18.947753240480047
2451.8,17.850738576990317
2452.0,19.95141178903227
2452.2,20.02153806881153
2452.4,20.242520870659128
2452.6,20.79981238617983
2452.8,22.23600473556256
2453.0,21.778057723248967
2453.2,21.180693055411073
2453.4,19.107685463287318
2453.6,19.690778231882213
2453.8,19.199199698701943
2454.0,19.307340198924567
2454.2,19.99978505308893
2454.4,19.465868257607617
2454.6,19.671851693471993
2454.8,19.41404663009704
2455.0,20.62283483582643
2455.2,19.156644005784752
2455.4,20.08668479892217
2455.6,20.659261916805352
2455.8,19.98077191913971
2456.0,20.040451879549344
2456.2,19.028315132193534
2456.4,19.079838293552303
2456.6,20.171830978188467
2456.8,19.45474134557977
2457.0,19.537023706371265
2457.2,19.584730912126425
2457.4,19.23626181745939
2457.6,19.048929560962943
2457.8,19.68233324029368
2458.0,20.024738954819504
2458.2,20.451512061931968
2458.4,20.824112656398427
2458.6,20.22660039618796
2458.8,20.771456381065864
2459.0,20.58262873625909
2459.2,20.816225418688074
2459.4,20.885578418884826
2459.6,19.729560302723574
2459.8,19.847692483979046
2460.0,20.368864604069135
2460.2,20.838369646374836
2460.4,20.562764139258853
2460.6,21.012394320027322
2460.8,19.15569748914342
2461.0,19.29737498741338
2461.2,19.917172232977272
2461.4,20.800293796315792
2461.6,19.459914482993426
2461.8,20.30634399361228
2462.0,20.564730879022754
2462.2,20.897200546795954
2462.4,20.454140740109086
2462.6,20.938779099953795
2462.8,20.571613492474313
2463.0,21.017400215688898
2463.2,21.05266059470294
2463.4,21.917879939152
2463.6,22.19273055378377
2463.8,22.63180592288084
2464.0,23.331973767493082
2464.2,22.587738262146786
2464.4,22.576236750617255
2464.6,22.544361030966364
2464.8,23.01919315781129
2465.0,21.383155615474326
2465.2,20.843850433444384
2465.4,20.48744586134316
2465.6,21.703660740320817
2465.8,22.444742371945523
2466.0,20.620133400776446
2466.2,20.609384812118726
2466.4,20.13014656675953
2466.6,21.65947342570137
2466.8,20.73149218065651
2467.0,20.84354077182299
2467.2,20.56817764404622
2467.4,21.59005411688756
2467.6,21.451254049132764
2467.8,21.856266047189408
2468.0,21.215367153325218
2468.2,21.714190950809687
2468.4,22.008583794518053
2468.6,20.379946732501498
2468.8,21.306689719093868
2469.0,19.41991908232811
2469.2,19.768062999755188
2469.4,20.893809551705193
2469.6,21.239411994537384
2469.8,20.303254244050436
2470.0,20.892236963724894
2470.2,20.987881380912423
2470.4,21.32215095407752
2470.6,21.31893230894072
2470.8,20.638755491407967
2471.0,19.871522421322123
2471.2,18.455486751332796
2471.4,17.119749252679433
2471.6,17.82986257608728
2471.8,16.990528126798544
2472.0,18.238402105882013
2472.2,19.3567353179128
2472.4,20.519778552136025
2472.6,19.764761762278358
2472.8,19.602805891749718
2473.0,19.506220869841794
2473.2,20.008463787785438
2473.4,20.746308826426954
2473.6,21.197107577741573
2473.8,21.5810602458361
2474.0,21.383470643497112
2474.2,19.586233882969257
2474.4,20.056950600133497
2474.6,20.628506587398068
2474.8,20.90911701359358
2475.0,21.19356457172018
2475.2,20.156641120346542
2475.4,18.928240832222183
2475.6,19.9292796300506
2475.8,19.288667083194632
2476.0,19.866223365179245
2476.2,19.369608636906044
2476.4,18.919431986019983
2476.6,18.68138853859833
2476.8,19.490477583101963
2477.0,19.357051725515326
2477.2,21.190871429211082
2477.4,20.42642090455185
2477.6,20.768512259916708
2477.8,21.1196927293772
2478.0,19.840296341653996
2478.2,21.426694453216008
2478.4,20.71092713997598
2478.6,21.44082214417464
2478.8,21.026179618288147
2479.0,19.647946171963785
2479.2,19.25009337088295
2479.4,20.427977643701368
2479.6,19.207179957251864
2479.8,19.912890341954835
2480.0,19.454974211900456
2480.2,18.972538075767766
2480.4,18.868945987008704
2480.6,19.28305684122727
2480.8,19.544077510210506
2481.0,19.59561838403206
2481.2,19.429488619633656
2481.4,20.124613037359786
2481.6,20.314383729594955
2481.8,20.871109665546292
2482.0,21.178563919570962
2482.2,20.070387404110846
2482.4,21.230195985433532
2482.6,21.604816647310763
2482.8,21.35077778328235
2483.0,21.50385564575023
2483.2,21.88012828094619
2483.4,22.256950448502746
2483.6,22.969912236824698
2483.8,21.80007188293374
2484.0,21.58985148806849
2484.2,21.589601590470842
2484.4,21.46369259022572
2484.6,20.933558728924186
2484.8,20.791810876412484
2485.0,19.54509234809503
2485.2,20.453834313664565
2485.4,20.98693761597883
2485.6,19.91282925290871
2485.8,20.463852077340505
2486.0,20.239523550288588
2486.2,20.330270323388323
2486.4,20.04221897197173
2486.6,19.72347789691073
2486.8,19.155728309799017
2487.0,18.786628499878642
2487.2,18.812671080246467
2487.4,19.30722379808451
2487.6,20.09758564089337
2487.8,20.823360741128237
2488.0,19.881184615978228
2488.2,20.102281732341304
2488.4,20.85209333881524
2488.6,20.96688158842667
2488.8,20.829593673290454
2489.0,21.011042045608686
2489.2,21.015239550750955
2489.4,22.21957944022425
2489.6,20.887203461631643
2489.8,21.503541564583696
2490.0,21.161243738637783
2490.2,20.37040844224924
2490.4,20.369079868775003
2490.6,20.03184382643246
2490.8,19.066865562113165
2491.0,18.611268168702676
2491.2,17.889386524007584
2491.4,19.58248544623099
2491.6,19.145699458703746
2491.8,19.012640295246023
2492.0,18.956900662776416
2492.2,18.35939003698746
2492.4,18.74899918979243
2492.6,19.55137587957735
2492.8,19.293734766919297
2493.0,18.978913669175697
2493.2,18.659996858403858
2493.4,18.76379201388185
2493.6,19.716151979214025
2493.8,20.101195431827414
2494.0,19.811704153973004
2494.2,19.38990112427892
2494.4,19.82973283910731
2494.6,21.28797725753985
2494.8,22.20131730856562
2495.0,21.847616770079647
2495.2,20.036333917228625
2495.4,21.28798933890026
2495.6,21.365775080046483
2495.8,19.856806021244036
2496.0,20.446416426410515
2496.2,20.23199104515944
2496.4,20.344145384629616
2496.6,21.53167027770153
2496.8,21.152842422736896
2497.0,21.042732783715728
2497.2,20.227689891967522
2497.4,19.88875686418176
2497.6,18.34403803842864
2497.8,18.274030691498904
2498.0,18.360439322843924
2498.2,18.14191106037552
2498.4,18.26719938657502
2498.6,19.477623400988115
2498.8,18.83499588010775
2499.0,18.890586381787838
2499.2,19.248388225938918
2499.4,19.989691766026034
2499.6,20.30332224954779
2499.8,19.83470502568087
2500.0,20.18925751945265
2500.2,20.214756266644784
2500.4,20.25115241463937
2500.6,20.045984571085054
2500.8,21.05351429033099
2501.0,20.652142996426722
2501.2,20.45492357048964
2501.4,20.905314786306736
2501.6,20.779915428784832
2501.8,21.47695545205896
2502.0,21.961992038710285
2502.2,21.833108018897146
2502.4,21.35452067908261
2502.6,20.61073115536397
2502.8,19.399574120623495
2503.0,19.98108515269905
2503.2,19.111860306843692
2503.4,19.219145188887122
2503.6,20.04015785005564
2503.8,20.14533459496899
2504.0,19.643342773275908
2504.2,19.674199525215194
2504.4,19.485434445344232
2504.6,19.54799743087009
2504.8,20.403034021074635
2505.0,19.331180844255716
2505.2,17.094253787622378
2505.4,17.987320936260367
2505.6,18.985462355342268
2505.8,18.926176940766222
2506.0,18.72021485680738
2506.2,18.116071922464695
2506.4,17.407784528588934
2506.6,17.9260850433403
2506.8,18.99511427579927
2507.0,18.975247479647344
2507.2,19.378053794252843
2507.4,19.231863244656818
2507.6,18.948888435547506
2507.8,19.604748609771057
2508.0,19.141194202189926
2508.2,18.699294365397545
2508.4,18.74030749025946
2508.6,17.188923545177555
2508.8,17.13328548865261
2509.0,17.409369854278047
2509.2,17.121959459986506
2509.4,17.583601263723377
2509.6,19.807036311699818
2509.8,19.495892449684888
2510.0,19.98030451237018
2510.2,19.843182072959873
2510.4,18.395792889879583
2510.6,17.182047983389886
2510.8,16.72766344309515
2511.0,16.61824175610675
2511.2,17.7204350159223
2511.4,18.11074954852204
2511.6,18.856913165259503
2511.8,18.519924840465904
2512.0,19.620137550665614
2512.2,18.821392585893538
2512.4,18.95472019785805
2512.6,18.544063791074812
2512.8,17.389512774958295
2513.0,18.13337014129874
2513.2,18.8962841990072
2513.4,18.8114206134778
2513.6,19.095798044366546
2513.8,18.814833215542286
2514.0,18.421908451064468
2514.2,19.098868070383816
2514.4,19.514716318473514
2514.6,18.766599264233545
2514.8,18.6051088435812
2515.0,18.876468148177104
2515.2,18.451818526755016
2515.4,17.594792883567646
2515.6,17.56837328817847
2515.8,17.725637725407367
2516.0,17.454500053880725
2516.2,17.274080933004512
2516.4,17.682429614324416
2516.6,19.0349410844864
2516.8,18.453517448392248
2517.0,17.862516222148926
2517.2,18.067618437418513
2517.4,18.050786186804395
2517.6,18.977034112549344
2517.8,19.173451799817045
2518.0,19.113706745679355
2518.2,19.857167319136767
2518.4,19.983267189117115
2518.6,20.59151389907675
2518.8,20.182415622170048
2519.0,20.720857533762068
2519.2,19.49545564377146
2519.4,18.788918785175138
2519.6,19.24144236029599
2519.8,19.15538598202948
2520.0,18.78615882932035
2520.2,19.577522601806802
2520.4,20.006735448211273
2520.6,19.493979752047874
2520.8,18.670616171317025
2521.0,19.10371998900264
2521.2,17.593023433820647
2521.4,17.559314532786964
2521.6,18.044103131358778
2521.8,18.631643020920215
2522.0,19.410975105480833
2522.2,18.494706045015068
2522.4,18.335705679244438
2522.6,18.71279579421676
2522.8,18.544777269546223
2523.0,17.986666685744222
2523.2,18.05430512769748
2523.4,17.778218065011043
2523.6,17.598571689162622
2523.8,16.860054984387762
2524.0,16.03106649275941
2524.2,16.157015111737103
2524.4,16.463628871908206
2524.6,16.112514327953466
2524.8,16.92655292284486
2525.0,17.88614985450542
2525.2,17.44050683373853
2525.4,17.85635051274206
2525.6,17.848660549526702
2525.8,18.400820035437714
2526.0,18.07653779001277
2526.2,18.546355322303224
2526.4,18.27391793216199
2526.6,18.06324016904272
2526.8,17.637445738165233
2527.0,18.345231954911533
2527.2,18.257521445643757
2527.4,17.676668570906507
2527.6,17.51297053522209
2527.8,16.61781113373398
2528.0,17.69704282629549
2528.2,16.64404974801134
2528.4,17.13589431759946
2528.6,17.389605234789606
2528.8,17.541432532505606
2529.0,18.14905986785063
2529.2,17.85769361557627
2529.4,17.35068516231008
2529.6,17.09565113969327
2529.8,17.31109774867202
2530.0,16.26384367237386
2530.2,16.644797311080673
2530.4,16.619160968224808
2530.6,16.01673924435055
2530.8,15.659648785807105
2531.0,16.607014980259603
2531.2,16.55683475651162
2531.4,15.812914098357162
2531.6,15.900221540517203
2531.8,15.930479015661623
2532.0,16.059633308106253
2532.2,16.407649275126648
2532.4,16.105215892068056
2532.6,15.991430501505931
2532.8,16.338476337698907
2533.0,17.05746889654728
2533.2,16.370570519680555
2533.4,15.91097982333697
2533.6,15.736541555292414
2533.8,15.98736101333041
2534.0,15.807934408621254
2534.2,15.30950814030498
2534.4,15.277328466131637
2534.6,15.344027614781961
2534.8,15.848714138289509
2535.0,16.38089345438778
2535.2,15.656709643941104
2535.4,16.367442774824415
2535.6,16.78666481462934
2535.8,16.516429072335676
2536.0,16.20195404963723
2536.2,16.57124560430795
2536.4,16.388805188548293
2536.6,15.902076693805228
2536.8,16.310315511708325
2537.0,16.145093086351544
2537.2,16.03431001574961
2537.4,15.563003579908312
2537.6,15.844760082195098
2537.8,16.079670493612586
2538.0,15.900360035273433
2538.2,15.44293644256231
2538.4,15.15320699379721
2538.6,15.293866032115094
2538.8,15.346154197108168
2539.0,15.286784488477547
2539.2,15.689327999576337
2539.4,15.618337640375612
2539.6,15.400307897590462
2539.8,15.430055507561523
2540.0,15.3796085850203
2540.2,15.510804443664455
2540.4,15.23266949053074
2540.6,15.405702223436242
2540.8,15.769516862771786
2541.0,15.277142600866132
2541.2,16.060512599049503
2541.4,15.854443191555909
2541.6,15.599977126072233
2541.8,15.907543659932175
2542.0,16.13106729662555
2542.2,16.47489342144435
2542.4,16.880025584446955
2542.6,16.74381675199793
2542.8,16.484706229109044
2543.0,16.913368902195643
2543.2,16.41791682045253
2543.4,16.869321811282816
2543.6,16.705149269661394
2543.8,16.115733604073082
2544.0,15.585379650129298
2544.2,16.631659215032837
2544.4,16.30450464858168
2544.6,15.555545938567171
2544.8,15.45713087625759
2545.0,16.040033609328447
2545.2,16.524428102595206
2545.4,16.066567818872414
2545.6,16.148952263267983
2545.8,16.267498604438376
2546.0,16.219927318678625
2546.2,17.070752898273483
2546.4,16.31490549273442
2546.6,16.716596930693168
2546.8,16.79346430238938
2547.0,16.539210744553653
2547.2,16.79921637211177
2547.4,16.628345514400998
2547.6,16.70082594130566
2547.8,16.301530943414154
2548.0,15.861427002259333
2548.2,15.953991082262524
2548.4,16.220820715429753
2548.6,16.622867409318925
2548.8,16.355034790295335
2549.0,16.066988559109955
2549.2,16.526285974815732
2549.4,16.49202205684839
2549.6,16.014337525909006
2549.8,15.685108745031435
2550.0,16.11373883004181
2550.2,16.55559344240966
2550.4,16.375511038693237
2550.6,16.09551207371456
2550.8,15.930536675690748
2551.0,16.345325819239754
2551.2,15.988584050353435
2551.4,15.936524022619533
2551.6,15.92760592713741
2551.8,16.171302117110052
2552.0,16.2607804692979
2552.2,16.106300202772346
2552.4,16.060902939274605
2552.6,16.253358895207203
2552.8,16.042542556588124
2553.0,15.93431086046801
2553.2,16.433253569831226
2553.4,16.562132662508652
2553.6,16.227544684148054
2553.8,16.304600700865272
2554.0,16.522377874255632
2554.2,16.709111916906473
2554.4,16.44770210275435
2554.6,16.40763297562144
2554.8,15.864839885929333
2555.0,16.032594448538184
2555.2,15.739379272311329
2555.4,16.171905055813472
2555.6,16.033448562167997
2555.8,16.004465074470925
2556.0,16.307795154957663
2556.2,16.260668046499266
2556.4,16.124516266635496
2556.6,15.830104949988975
2556.8,16.34965372806536
2557.0,16.15064464280791
2557.2,16.274551077316566
2557.4,16.017620584126902
2557.6,15.626158773030948
2557.8,15.81810089468191
2558.0,15.676720237442758
2558.2,15.728587727582447
2558.4,15.74437495632398
2558.6,15.643017187386647
2558.8,16.017717409790276
2559.0,16.05377973010895
2559.2,16.04376935509734
2559.4,16.270686557946455
2559.6,15.95232685623229
2559.8,15.872515305321219
2560.0,15.912654139052222
2560.2,16.11821833061721
2560.4,16.009135259209323
2560.6,15.790292765027685
2560.8,16.076344727076357
2561.0,16.03513092331211
2561.2,15.85883729014554
2561.4,15.780152188051655
2561.6,15.538222365748481
2561.8,16.357058358009088
2562.0,16.240605860703642
2562.2,16.24058612087004
2562.4,15.693961189958905
2562.6,16.15864706472887
2562.8,16.21612554566044
2563.0,16.056957808085357
2563.2,15.822455967741762
2563.4,16.530212290250756
2563.6,16.533550055476734
2563.8,15.924807194886018
2564.0,16.284388469469732
2564.2,15.656865621410134
2564.4,16.122457421021508
2564.6,16.18863049069212
2564.8,16.014506977254698
2565.0,16.429857409653373
2565.2,16.204827436309486
2565.4,16.37243073126631
2565.6,15.828938961156595
2565.8,16.054430468196294
2566.0,15.898664121153402
2566.2,15.309029655664814
2566.4,15.65535036331464
2566.6,15.631207390872984
2566.8,15.848507725688286
2567.0,15.352250810256917
2567.2,15.790466046781457
2567.4,15.36072302945798
2567.6,15.743909834118277
2567.8,15.925118021579202
2568.0,15.813216354488844
2568.2,15.828603972486281
2568.4,15.705838990603445
2568.6,15.287138188216641
2568.8,15.947286461511707
2569.0,15.968394270633228
2569.2,15.558614786741948
2569.4,15.116922773630499
2569.6,15.478148151459472
2569.8,15.375796147533228
2570.0,15.221688054833049
2570.2,15.913601684055298
2570.4,16.03907382195291
2570.6,15.908007266163168
2570.8,15.79720294339102
2571.0,16.153421989621734
2571.2,15.686716066462314
2571.4,15.620714599541119
2571.6,15.737635585540977
2571.8,15.962334393739525
2572.0,16.021844913783198
2572.2,16.09965819187901
2572.4,15.865730336335687
2572.6,16.036522967226254
2572.8,16.34886001826235
2573.0,15.788464163531994
2573.2,16.001946256288818
2573.4,16.138699622059868
2573.6,16.52843053704285
2573.8,16.070132796957502
2574.0,16.071315681915035
2574.2,15.930463200945148
2574.4,15.945229322101184
2574.6,15.626254437990932
2574.8,15.652638475868812
2575.0,15.678865713333224
2575.2,15.467614683776908
2575.4,15.947697170619604
2575.6,16.48083196789727
2575.8,16.50408007227799
2576.0,17.0090161173261
2576.2,16.8073898858886
2576.4,16.51435815720769
2576.6,16.67993066292041
2576.8,16.40275738002098
2577.0,16.65216312873443
2577.2,16.401023339158616
2577.4,16.30023528471176
2577.6,16.318221144194673
2577.8,16.350279192830634
2578.0,16.30099466089681
2578.2,16.34809722569488
2578.4,16.568229587657964
2578.6,16.820148755122375
2578.8,16.549102231580473
2579.0,16.376010588475243
2579.2,16.44073151826181
2579.4,16.168724649200897
2579.6,16.27437534009388
2579.8,16.289498126754193
2580.0,16.35540274680547
2580.2,16.45003156972257
2580.4,16.577273016965915
2580.6,15.816311034567953
2580.8,16.409162210008233
2581.0,15.348017213450703
2581.2,15.550596638387074
2581.4,15.69751503124241
2581.6,15.757896610418403
2581.8,15.745643662255656
2582.0,15.438108538956627
2582.2,15.301725937506106
2582.4,14.985968207460656
2582.6,15.375206616886267
2582.8,15.29770041311652
2583.0,15.82381304369707
2583.2,15.367500495365007
2583.4,15.735547793575211
2583.6,15.36682718107392
2583.8,15.471744369154115
2584.0,15.263055530167735
2584.2,15.373632283014057
2584.4,15.700133799058946
2584.6,15.608724016223071
2584.8,15.753874822740109
2585.0,15.226690258541616
2585.2,14.896027797692401
2585.4,14.979770563719912
2585.6,14.829571253439573
2585.8,15.608044422610503
2586.0,15.750443484296593
2586.2,15.711842532765361
2586.4,15.350380430045899
2586.6,15.266436758259097
2586.8,16.158922651901776
2587.0,15.577597616481981
2587.2,15.01742655119062
2587.4,16.00909523736098
2587.6,15.709741817330755
2587.8,15.84690649516962
2588.0,16.10908322336224
2588.2,15.904826152569214
2588.4,16.10036055191702
2588.6,16.20730874397139
2588.8,16.244485390682343
2589.0,16.704915756185855
2589.2,16.63607445511776
2589.4,15.944501608859756
2589.6,16.014363681509064
2589.8,15.32750889785643
2590.0,15.786503417894453
2590.2,15.65023186328137
2590.4,15.32307437351564
2590.6,15.638564773365102
2590.8,16.06247561549467
2591.0,15.918284945946318
2591.2,16.312020657274893
2591.4,16.433535415003124
2591.6,15.923035781054391
2591.8,15.153522487224883
2592.0,15.78936275627855
2592.2,15.749914298998476
2592.4,15.472810890177765
2592.6,16.24166204706549
2592.8,16.27184748606605
2593.0,15.940206078387755
2593.2,15.202752935741833
2593.4,15.794457339960468
2593.6,16.40546177972388
2593.8,15.549042659928885
2594.0,15.415736196930913
2594.2,16.748612358968654
2594.4,15.962532348445436
2594.6,15.947459670933878
2594.8,16.019556667296904
2595.0,16.392480886355944
2595.2,16.187696945353423
2595.4,15.63188287041664
2595.6,16.417071352904497
2595.8,16.843037433973777
2596.0,16.080221982077127
2596.2,16.024158276510118
2596.4,16.37781855590941
2596.6,16.662854938444376
2596.8,16.734990845416693
2597.0,16.77667178838235
2597.2,16.560283121639372
2597.4,16.118222060020084
2597.6,16.3286007401829
2597.8,16.3830829127591
2598.0,16.287926418608663
2598.2,15.44271585511579
2598.4,16.04208563300543
2598.6,15.850850726814059
2598.8,15.254742065848905
2599.0,14.919057721061133
2599.2,15.551138987479959
2599.4,15.431618573187995
2599.6,15.2924054615467
2599.8,15.337415377741673
2600.0,15.661923131017947
2600.2,15.789784763042663
2600.4,15.663251470183386
2600.6,15.668556295261315
2600.8,16.364839649756146
2601.0,15.88009526890307
2601.2,15.991177798659535
2601.4,16.083018916971753
2601.6,15.61114739224029
2601.8,15.80495249908916
2602.0,15.72837744815429
2602.2,15.88635671285316
2602.4,15.718421700907747
2602.6,15.915677378904352
2602.8,16.06014587537495
2603.0,16.03854433467082
2603.2,16.142628534734165
2603.4,16.906908184317494
2603.6,16.864245467298392
2603.8,16.67949031607506
2604.0,17.195624783884366
2604.2,17.276499440591184
2604.4,17.377076543248354
2604.6,17.49519182795891
2604.8,18.38778850403163
2605.0,18.604405250061664
2605.2,18.022555213772087
2605.4,18.200455389133666
2605.6,18.746695328095214
2605.8,18.443255457627522
2606.0,19.177672647063595
2606.2,18.66571604714911
2606.4,19.062031519176344
2606.6,17.98715764539685
2606.8,18.494530390255154
2607.0,18.255964057883393
2607.2,19.619116069505836
2607.4,19.415614217330333
2607.6,18.80896772218691
2607.8,19.674500557497662
2608.0,19.531144073639346
2608.2,18.89194993360649
2608.4,18.95791501218784
2608.6,18.204871103310275
2608.8,17.612472921837472
2609.0,18.497136655968397
2609.2,18.128864408476336
2609.4,18.464118871245624
2609.6,18.47995165188077
2609.8,18.471991967269005
2610.0,17.35744404356891
2610.2,16.802444514244957
2610.4,17.600684298125007
2610.6,17.738824726635418
2610.8,17.491424528541827
2611.0,16.61667162711984
2611.2,16.869667789644453
2611.4,15.99817434824734
2611.6,16.144875171379628
2611.8,16.053573439225154
2612.0,16.208432856550267
2612.2,15.35468967444132
2612.4,16.015683848615833
2612.6,15.99556606953904
2612.8,16.33391989605336
2613.0,16.542204161631663
2613.2,16.897792771220967
2613.4,17.056692954423276
2613.6,17.078108552177426
2613.8,17.2011069303474
2614.0,16.667756944371916
2614.2,17.00564105256865
2614.4,16.650788406938336
2614.6,16.945243741555963
2614.8,16.764565230261567
2615.0,16.330957909873234
2615.2,16.768704425602323
2615.4,17.08033111709463
2615.6,17.286294018626236
2615.8,17.23739603879955
2616.0,17.25177564550051
2616.2,16.306055556819004
2616.4,16.247342936616903
2616.6,15.937454034499472
2616.8,16.44375949773472
2617.0,16.655600530346298
2617.2,16.778124512404414
2617.4,17.25847476858395
2617.6,17.472952642513718
2617.8,17.03508447998785
2618.0,17.414308814531665
2618.2,17.60011573130437
2618.4,17.107667936896828
2618.6,16.9441678588286
2618.8,17.720796516256346
2619.0,16.917928441756768
2619.2,17.23452339691085
2619.4,17.307188074573283
2619.6,16.877157680609713
2619.8,17.433247466909364
2620.0,17.513638791543904
2620.2,17.457275551767676
2620.4,17.463489484865864
2620.6,17.383432043240244
2620.8,17.952794816036022
2621.0,17.29323605594693
2621.2,17.68235346515394
2621.4,17.914721687433357
2621.6,17.751308831131595
2621.8,17.669875742648756
2622.0,17.436473807277245
2622.2,17.429267051246285
2622.4,17.572622695147682
2622.6,17.18190572071048
2622.8,17.37236777215731
2623.0,17.35567566962299
2623.2,16.450407469078066
2623.4,17.11678710627645
2623.6,17.56751425744406
2623.8,16.600290299202012
2624.0,16.88660181725199
2624.2,17.14772226950523
2624.4,17.665059751176
2624.6,17.792666519436978
2624.8,17.424530023838845
2625.0,17.57898560249199
2625.2,18.974375700338342
2625.4,18.866191318704896
2625.6,18.137674944310216
2625.8,17.32393487633394
2626.0,17.91697709541422
2626.2,18.069412141917407
2626.4,18.920643554105038
2626.6,18.921952570972262
2626.8,18.406784027839855
2627.0,18.00600977574115
2627.2,18.099013162385337
2627.4,18.501912212650893
2627.6,18.799464178665634
2627.8,19.588693565657366
2628.0,22.099277775961102
2628.2,22.08665371731495
2628.4,21.845935894905757
2628.6,22.28651853471526
2628.8,23.299988827507107
2629.0,22.278299040811177
2629.2,21.482336627107056
2629.4,22.16780558697026
2629.6,21.727046112889443
2629.8,22.681252624645847
2630.0,22.569815033749123
2630.2,21.757153493870135
2630.4,21.650701636407813
2630.6,22.92667182240317
2630.8,21.632977085179025
2631.0,21.102618638335954
2631.2,20.896208299559937
2631.4,20.946963270293928
2631.6,20.824833754339487
2631.8,20.74231535656253
2632.0,21.04287991587909
2632.2,21.255692390559098
2632.4,21.364177391989827
2632.6,20.67175789112854
2632.8,21.949692841201546
2633.0,21.232030509527867
2633.2,21.903948421982623
2633.4,22.269077343192425
2633.6,21.64972550119802
2633.8,23.01906267433427
2634.0,22.503275376221016
2634.2,22.35917414886282
2634.4,21.61689457035035
2634.6,20.850896910340214
2634.8,20.832103582489875
2635.0,21.24586674340419
2635.2,20.645188273264374
2635.4,21.68481419673668
2635.6,20.209594307486505
2635.8,20.53699570674597
2636.0,21.48809809493027
2636.2,21.333980627018185
2636.4,21.964317720516576
2636.6,21.652683530987254
2636.8,22.5476677556115
2637.0,22.92706179970084
2637.2,23.271961777613257
2637.4,21.596665748543245
2637.6,22.12125225760655
2637.8,20.730454519379613
2638.0,19.53789024071783
2638.2,18.631637170978777
2638.4,18.29090967021923
2638.6,18.583366467380646
2638.8,18.9339185413815
2639.0,19.80975100708068
2639.2,20.225464087944054
2639.4,19.284228054228837
2639.6,20.990473592663665
2639.8,19.911014947793348
2640.0,20.83470098939117
2640.2,21.92790781398783
2640.4,22.118270301964586
2640.6,21.835979404294633
2640.8,22.286718595074145
2641.0,21.73558786199298
2641.2,22.815746142896487
2641.4,22.62527715455855
2641.6,22.5482844841753
2641.8,22.97796278543624
2642.0,21.562493181677347
2642.2,22.154193568725763
2642.4,22.59968584189158
2642.6,22.79970781905362
2642.8,21.49544544235139
2643.0,22.6464298694413
2643.2,23.21730994263889
2643.4,23.13023301431107
2643.6,23.693784961816384
2643.8,22.166776575193516
2644.0,22.53827453111556
2644.2,23.32448396995558
2644.4,22.09115013312736
2644.6,21.834734991960975
2644.8,20.204658328268344
2645.0,22.059920666980332
2645.2,21.75422050772205
2645.4,21.488332481396377
2645.6,21.93999300923057
2645.8,22.504788204326225
2646.0,22.371868306688945
2646.2,21.05804037900962
2646.4,20.778654666493956
2646.6,22.01875676989664
2646.8,20.95170387130922
2647.0,19.972549042506326
2647.2,18.981454965936233
2647.4,19.245013182844094
2647.6,18.537854318266522
2647.8,18.372452652277467
2648.0,19.399290338731493
2648.2,20.47866551480302
2648.4,20.694366883160534
2648.6,21.46608327005503
2648.8,21.013943152620968
2649.0,21.324050663151937
2649.2,20.348585671284397
2649.4,20.53479593758498
2649.6,20.524048209814655
2649.8,20.827395600795818
2650.0,21.74234726759229
2650.2,21.16523858713758
2650.4,21.314449520382205
2650.6,21.02554348508471
2650.8,21.512857738881973
2651.0,19.751937594728414
2651.2,19.91386457393523
2651.4,21.536476444928432
2651.6,22.434476078019898
2651.8,21.48095331463392
2652.0,21.4231616579128
2652.2,22.676583595738556
2652.4,22.03013098679621
2652.6,20.856976296944737
2652.8,21.857834676705238
2653.0,21.22115903625035
2653.2,21.098944509892682
2653.4,19.01107844904962
2653.6,19.31434933100953
2653.8,20.40436645874469
2654.0,20.705201170318542
2654.2,19.960201058492125
2654.4,20.52154061583385
2654.6,20.637625254541252
2654.8,20.140814582335928
2655.0,21.30452150498149
2655.2,21.03653717088063
2655.4,21.277434562757133
2655.6,22.753258057440434
2655.8,22.10241908491836
2656.0,22.367194662494395
2656.2,22.396447059611265
2656.4,22.458671315220787
2656.6,22.636782099870686
2656.8,23.381181648707358
2657.0,23.125388388514185
2657.2,22.23171221314912
2657.4,21.571035470835543
2657.6,21.61198926151329
2657.8,21.994105319209293
2658.0,22.48414478983956
2658.2,22.51617687769699
2658.4,21.96472301006719
2658.6,20.358603290106668
2658.8,21.84497455004601
2659.0,20.627462883858733
2659.2,21.428204995924958
2659.4,23.13773875786431
2659.6,21.69427683268122
2659.8,21.71037425322453
2660.0,22.595627874268978
2660.2,21.631276013029314
2660.4,22.201246415756305
2660.6,22.129020803420396
2660.8,21.417691942869965
2661.0,22.461026365440656
2661.2,22.10637720679618
2661.4,22.80632648537881
2661.6,21.90358849317571
2661.8,21.545123228791653
2662.0,20.845428184594134
2662.2,20.68917733033045
2662.4,20.6939850581657
2662.6,21.1593013540553
2662.8,21.634260989143662
2663.0,22.215821180281722
2663.2,23.119755143745763
2663.4,21.824995750181273
2663.6,22.727242823134922
2663.8,23.491976122877922
2664.0,21.472108565444664
2664.2,22.705379437961266
2664.4,21.705339833141114
2664.6,21.65814162393987
2664.8,21.082437392090778
2665.0,21.528661436349093
2665.2,22.869782645247973
2665.4,22.225850147815045
2665.6,21.963221688497192
2665.8,22.69658973549244
2666.0,22.315846269340753
2666.2,21.09039530930529
2666.4,20.722067098202178
2666.6,20.951521824203812
2666.8,20.57114072859875
2667.0,21.469896374609295
2667.2,20.42157048726835
2667.4,19.466600864497565
2667.6,20.894102561646164
2667.8,21.44751618621964
2668.0,21.055425496592683
2668.2,21.970515749842004
2668.4,22.59503347462658
2668.6,21.880675125382613
2668.8,19.926589235843092
2669.0,20.40318205172455
2669.2,22.16331150010838
2669.4,21.783298760513148
2669.6,21.729870488719563
2669.8,20.64991046598989
2670.0,21.572689280953416
2670.2,21.88717925184257
2670.4,22.220686433256326
2670.6,21.245856435787935
2670.8,21.869321128762095
2671.0,21.989114198400898
2671.2,22.504169661708026
2671.4,21.20421515077538
2671.6,22.42507791871953
2671.8,22.10826874900791
2672.0,22.1440347490717
2672.2,20.40244689732561
2672.4,19.647851015707605
2672.6,20.17513529574142
2672.8,20.42707704597456
2673.0,20.245221405865216
2673.2,20.302016202336482
2673.4,19.833202555217234
2673.6,20.368531446227397
2673.8,20.051597142234844
2674.0,20.068869895797626
2674.2,19.921197131054445
2674.4,18.89128388331844
2674.6,18.959858257852826
2674.8,19.490503871439138
2675.0,19.899311953356673
2675.2,20.19957667026147
2675.4,20.032667391764377
2675.6,20.356990745434814
2675.8,20.841328592614843
2676.0,19.87391959931665
2676.2,19.95231769457036
2676.4,19.77075047835779
2676.6,19.51189372025824
2676.8,19.276504264138605
2677.0,18.89862988582639
2677.2,19.2906141821998
2677.4,18.2126603522297
2677.6,18.15838413677651
2677.8,19.322873609470264
2678.0,18.7334486749142
2678.2,18.89909403277961
2678.4,21.086589120245833
2678.6,19.627209339644867
2678.8,20.090258906243758
2679.0,19.898634221278666
2679.2,19.781737070198876
2679.4,20.74997666831191
2679.6,20.98790108307202
2679.8,18.970392679535813
2680.0,19.761791880262695
2680.2,19.288817453083105
2680.4,19.537116646533466
2680.6,19.341934814157096
2680.8,18.56284174060133
2681.0,20.189057780028904
2681.2,19.561515054546103
2681.4,19.0656052170944
2681.6,19.793174471648562
2681.8,19.08012285597246
2682.0,19.934534149941307
2682.2,18.885676359882602
2682.4,19.483269594747764
2682.6,20.19528406298194
2682.8,20.538901114404236
2683.0,20.939715995009944
2683.2,20.246320373338868
2683.4,20.645592067777145
2683.6,21.145588131590152
2683.8,19.723521708190805
2684.0,20.18879335698808
2684.2,19.633405080963804
2684.4,19.776853626812102
2684.6,19.801672950050282
2684.8,20.655526800194835
2685.0,21.488204915772755
2685.2,20.111667653760353
2685.4,21.045793029623102
2685.6,20.582604299943284
2685.8,20.731741209274848
2686.0,20.129657056474493
2686.2,19.271948827554358
2686.4,19.030656367792623
2686.6,19.73921624289245
2686.8,20.561704950260552
2687.0,19.52274338684806
2687.2,19.900282930964895
2687.4,20.459007586473284
2687.6,20.267041999813756
2687.8,18.582578065261806
2688.0,19.37644095589862
2688.2,19.714756781358915
2688.4,20.67261739920402
2688.6,21.22780140134413
2688.8,20.711810138779253
2689.0,21.52203908003851
2689.2,20.884930554616602
2689.4,21.17861283527642
2689.6,20.449758181454122
2689.8,21.021124823132944
2690.0,20.19818540584152
2690.2,20.13271698561934
2690.4,19.837192413215977
2690.6,20.05222060711788
2690.8,20.64151170093097
2691.0,19.82715462334863
2691.2,20.391708403342243
2691.4,20.24630728422308
2691.6,20.47624674227685
2691.8,20.38197527923371
2692.0,20.522182829621354
2692.2,20.871525144892722
2692.4,19.63230436864019
2692.6,20.634451935731843
2692.8,21.24280602253366
2693.0,21.71294883857259
2693.2,22.036086012850944
2693.4,22.121438177066658
2693.6,21.615695218067493
2693.8,20.83190926424726
2694.0,20.995156680895395
2694.2,21.59070207188378
2694.4,21.12225065369975
2694.6,21.51150945208668
2694.8,21.263032563575223
2695.0,22.440506474703735
2695.2,21.973262150606132
2695.4,22.341158424068922
2695.6,21.272586299564523
2695.8,21.709171309646603
2696.0,21.49565055868885
2696.2,21.48690922494939
2696.4,21.08730892842849
2696.6,20.577489278107073
2696.8,20.036081247982203
2697.0,20.763299499576323
2697.2,19.94417134394115
2697.4,19.58989017171656
2697.6,20.392076854106055
2697.8,19.54121432644791
2698.0,20.74805007586516
2698.2,19.770654109396865
2698.4,20.304848016801685
2698.6,20.277079592596813
2698.8,19.85112082388677
2699.0,19.582999133827922
2699.2,18.960682049161978
2699.4,18.61584244320626
2699.6,18.92719311658412
2699.8,18.76746198383365
2700.0,18.43017859343678
2700.2,18.514858080541465
2700.4,18.78031682084222
2700.6,18.578642846356196
2700.8,18.53020540803593
2701.0,18.809847483831778
2701.2,19.35181710687501
2701.4,19.858053083461208
2701.6,19.61790070926297
2701.8,19.09974111999428
2702.0,20.230047174121744
2702.2,20.21250959387946
2702.4,19.260546675204132
2702.6,20.062488792395825
2702.8,20.10716054190468
2703.0,21.207269900999055
2703.2,19.12162856692396
2703.4,17.98012297483665
2703.6,19.86994365819343
2703.8,18.910525332594425
2704.0,20.772906553373822
2704.2,20.198324210737354
2704.4,20.668328441021913
2704.6,21.567756497700387
2704.8,20.683566532716746
2705.0,20.517924886858694
2705.2,21.031108664159312
2705.4,20.741178601822348
2705.6,21.2992206011931
2705.8,20.575162736315505
2706.0,20.697735106680316
2706.2,21.88967687646796
2706.4,21.412827885783972
2706.6,21.855865857088602
2706.8,21.93269911391852
2707.0,22.71681811404544
2707.2,21.40395654806199
2707.4,22.48452050552652
2707.6,22.558872726842903
2707.8,22.193432272116706
2708.0,21.915543962433105
2708.2,21.55826404278391
2708.4,21.394604538740012
2708.6,22.075056895098484
2708.8,20.12845347545902
2709.0,20.48392009184326
2709.2,21.40985926863219
2709.4,21.157054494714792
2709.6,19.962523840060353
2709.8,21.509181176287953
2710.0,20.265097937728576
2710.2,20.63360123444133
2710.4,20.428876046934796
2710.6,20.533031875287776
2710.8,20.104022370601786
2711.0,21.19294608265992
2711.2,21.475154318732073
2711.4,22.165175367290814
2711.6,20.051657803819815
2711.8,20.283067911071605
2712.0,19.674728831677285
2712.2,20.458433260994
2712.4,21.974549889347394
2712.6,21.91201035798748
2712.8,22.240698473515806
2713.0,21.436082516620697
2713.2,21.025359495410964
2713.4,21.030842536330955
2713.6,21.369507280251426
2713.8,19.32396147548915
2714.0,20.97785200522111
2714.2,19.944454244104115
2714.4,19.965318817506482
2714.6,20.3104567164411
2714.8,20.65836967903352
2715.0,20.60396691450358
2715.2,20.52732489626805
2715.4,20.37900715720245
2715.6,20.61363236776172
2715.8,20.168483682404975
2716.0,21.218778556829704
2716.2,20.83338743364623
2716.4,20.824682598080408
2716.6,20.092010028809742
2716.8,20.229881574981107
2717.0,20.01131394871163
2717.2,19.72028124100443
2717.4,19.946480772944305
2717.6,20.28482104851792
2717.8,19.45193625748231
2718.0,20.264620463757833
2718.2,20.454184039329384
2718.4,21.491135688896364
2718.6,20.563189388621673
2718.8,21.350495112657306
2719.0,21.762249271242766
2719.2,21.736793105564594
2719.4,21.55349518368498
2719.6,20.433442875807696
2719.8,19.481270070124065
2720.0,20.812483681027253
2720.2,21.146186465276386
2720.4,20.448941475125025
2720.6,21.393587795920787
2720.8,21.775097568589167
2721.0,20.471331852114773
2721.2,20.68416730382736
2721.4,20.58255728700521
2721.6,21.261650148881603
2721.8,21.56646393735518
2722.0,21.91267823380774
2722.2,21.932165900759696
2722.4,21.765907504084932
2722.6,20.863383168820782
2722.8,21.01964431673123
2723.0,21.065439931154245
2723.2,21.934182254074397
2723.4,20.711652439175197
2723.6,21.117136115160605
2723.8,21.26444925801568
2724.0,20.034049007094154
2724.2,20.944083688390588
2724.4,20.703729168256704
2724.6,20.125916236118513
2724.8,19.705041008186154
2725.0,20.49758546290404
2725.2,20.061550787427485
2725.4,20.985523893567965
2725.6,20.843568846329145
2725.8,20.580206776070554
2726.0,21.22761368191313
2726.2,21.03528331236992
2726.4,19.751835358845604
2726.6,20.642198030685663
2726.8,21.039993504226274
2727.0,20.11007172666201
2727.2,19.613113639837497
2727.4,19.69884874046983
2727.6,18.001140587021318
2727.8,18.619032856608346
2728.0,17.26846554282781
2728.2,17.06422263395588
2728.4,17.565722872094298
2728.6,20.483816380742546
2728.8,20.453876031133987
2729.0,20.10974443218992
2729.2,21.065270001608837
2729.4,21.31416433785064
2729.6,21.158704715393544
2729.8,21.11154445226271
2730.0,21.22806131622763
2730.2,20.619994838403585
2730.4,20.331824040272632
2730.6,21.163226064947676
2730.8,20.101848942794398
2731.0,19.694668945398572
2731.2,19.95097809414995
2731.4,19.40435064044816
2731.6,20.52271492842295
2731.8,19.5695394587599
2732.0,20.398896901751908
2732.2,18.888969728638976
2732.4,19.860420624324888
2732.6,19.75299284102048
2732.8,20.359405548919604
2733.0,19.40391668040947
2733.2,19.084625543864455
2733.4,19.416511896834947
2733.6,19.27330940866337
2733.8,18.5687035981223
2734.0,18.260848065438463
2734.2,19.59314867868754
2734.4,20.213425644633798
2734.6,20.152845527249006
2734.8,20.274168028910623
2735.0,18.845340295587803
2735.2,19.166768416695945
2735.4,18.83424272613171
2735.6,18.974041317136404
2735.8,18.165457890655137
2736.0,17.8274977638716
2736.2,18.592248902822636
2736.4,21.29318279947431
2736.6,21.411282003207063
2736.8,22.72600930856178
2737.0,23.60419021465242
2737.2,23.358802092640126
2737.4,22.74008677266559
2737.6,21.807219651403923
2737.8,22.45724763139399
2738.0,22.672273238011684
2738.2,21.983817663131276
2738.4,21.955634786571487
2738.6,21.967618223597697
2738.8,20.99842146711239
2739.0,21.57306681103052
2739.2,21.928028732488652
2739.4,20.91216098937935
2739.6,20.610633607029257
2739.8,21.026117220390276
2740.0,21.067208588220478
2740.2,21.029277912225094
2740.4,20.691653340675803
2740.6,20.71292071340548
2740.8,19.854404313966157
2741.0,20.200098546026503
2741.2,19.88830977215351
2741.4,19.85748169617508
2741.6,19.961972744344536
2741.8,20.422934280920284
2742.0,21.706063090825083
2742.2,20.994746146892847
2742.4,20.442590937956542
2742.6,21.79797410188663
2742.8,20.69384964303772
2743.0,21.162500218988818
2743.2,23.17923136973492
2743.4,21.36903786587027
2743.6,21.524727859937553
2743.8,21.9387502307275
2744.0,22.33327014821242
2744.2,21.38370256590086
2744.4,21.824226717069557
2744.6,23.52169382117914
2744.8,23.308948989840964
2745.0,23.016457265532342
2745.2,22.136768254401538
2745.4,21.466596998041855
2745.6,20.444064298350124
2745.8,19.496282453989632
2746.0,19.123551115891694
2746.2,19.42796324954328
2746.4,20.245259560590867
2746.6,20.655378737210096
2746.8,22.51145749282275
2747.0,20.816641594161922
2747.2,21.535490845212223
2747.4,21.35687667718068
2747.6,22.008865755044376
2747.8,21.82701476566774
2748.0,21.806803596092937
2748.2,20.879330248056288
2748.4,20.051586233430903
2748.6,21.908272492923125
2748.8,21.006574544095855
2749.0,20.396813812404222
2749.2,21.167372756262356
2749.4,21.069263379917903
2749.6,22.119273364877262
2749.8,22.298781215274612
2750.0,21.57496907650654
2750.2,21.861725819242814
2750.4,21.728580724289724
2750.6,21.638376979111417
2750.8,20.860010897102185
2751.0,21.57579205889593
2751.2,20.942134872240082
2751.4,21.239194856688847
2751.6,21.79550325371418
2751.8,21.822806740294972
2752.0,20.236605449394087
2752.2,21.127781514815975
2752.4,21.86998790098913
2752.6,23.25337391816451
2752.8,23.402493168760472
2753.0,22.979086015721517
2753.2,22.202391884083376
2753.4,20.568552404087825
2753.6,20.091031825921966
2753.8,19.713888584029725
2754.0,20.378566408061886
2754.2,22.281555441417197
2754.4,22.903833310568217
2754.6,23.244725163080364
2754.8,23.67341018510443
2755.0,23.437615123720555
2755.2,22.966588742076826
2755.4,23.272470496452552
2755.6,23.66616699923088
2755.8,21.886491443879304
2756.0,21.864504737045603
2756.2,22.39636337988031
2756.4,22.93890299736074
2756.6,22.345534530879
2756.8,23.08593156727481
2757.0,21.798384179244387
2757.2,22.22244089405169
2757.4,21.633496523882044
2757.6,22.10186236450554
2757.8,20.205223470861313
2758.0,19.749706001724284
2758.2,20.50587635941957
2758.4,20.063029924785774
2758.6,20.735036446781287
2758.8,21.487004831823175
2759.0,20.718780488730417
2759.2,21.986683563480632
2759.4,21.849929604540247
2759.6,21.96748769005712
2759.8,21.19339094129053
2760.0,21.33129689251241
2760.2,21.76020288761014
2760.4,22.586853485809467
2760.6,22.958318784275242
2760.8,22.993782971482265
2761.0,22.728859510107817
2761.2,22.08831016078166
2761.4,21.732594148495462
2761.6,22.231210761276085
2761.8,22.221056454036663
2762.0,21.958594740304434
2762.2,22.22491008575647
2762.4,21.922792801238074
2762.6,21.232933764329672
2762.8,22.677988139984684
2763.0,23.17215142709759
2763.2,22.610275254375345
2763.4,21.624697648915344
2763.6,22.068951921890978
2763.8,20.883811517735204
2764.0,21.36584067444661
2764.2,19.867712512386852
2764.4,19.385462618873646
2764.6,19.998788244955684
2764.8,21.1539658029627
2765.0,20.386127242707932
2765.2,21.45714939976922
2765.4,21.17002829332057
2765.6,20.61828953598543
2765.8,19.10058772356036
2766.0,21.05374203340744
2766.2,21.314750101801117
2766.4,20.776968702535186
2766.6,21.48054861629481
2766.8,21.931669478410484
2767.0,22.75744132951727
2767.2,21.783319854304146
2767.4,20.624061584313328
2767.6,20.709484452205878
2767.8,22.146426613315864
2768.0,21.54342066088475
2768.2,21.815270746362497
2768.4,22.517461213868515
2768.6,24.079581605714544
2768.8,23.942245466940385
2769.0,24.396400066549052
2769.2,23.381919596423234
2769.4,24.16553108305311
2769.6,23.54477827557823
2769.8,21.557269625102066
2770.0,21.529425234442826
2770.2,21.112882622997432
2770.4,22.156022330271917
2770.6,22.53403801664506
2770.8,23.238268698658146
2771.0,23.622887148785544
2771.2,23.064191736384384
2771.4,23.285224238225254
2771.6,22.11593349735892
2771.8,22.47263439568313
2772.0,21.57877369020367
2772.2,22.15641158821322
2772.4,20.969066576254697
2772.6,21.963237789955294
2772.8,21.42566910924552
2773.0,21.92040489096213
2773.2,21.531647473615347
2773.4,21.664773130864106
2773.6,21.27561205457098
2773.8,21.752699951032813
2774.0,21.963511834698775
2774.2,21.109542390978735
2774.4,21.157411939055955
2774.6,20.98779568560067
2774.8,20.772389497638173
2775.0,19.09898490580918
2775.2,20.97440200042643
2775.4,21.5425851124902
2775.6,21.5791044992508
2775.8,21.31415915374989
2776.0,21.09576796998168
2776.2,22.132554158816298
2776.4,22.558757407088773
2776.6,21.568721612727998
2776.8,22.40545072670659
2777.0,22.82595615088525
2777.2,22.304594658872144
2777.4,21.5069835183016
2777.6,21.125887277474234
2777.8,20.447903942407706
2778.0,20.265696092240443
2778.2,21.51613774881487
2778.4,22.007575471208515
2778.6,21.79197520992542
2778.8,23.025293573927293
2779.0,21.367143596485203
2779.2,22.065117313252752
2779.4,23.324375161937905
2779.6,23.52555045048757
2779.8,22.958825599237084
2780.0,22.283262380253895
2780.2,20.897478997203404
2780.4,19.533342948049373
2780.6,20.691142211017418
2780.8,20.331616445146125
2781.0,20.82484983994434
2781.2,20.37494571909452
2781.4,19.301960597107907
2781.6,20.12302192026841
2781.8,20.08558653047205
2782.0,19.340041725619322
2782.2,19.662517667328625
2782.4,20.16165391666062
2782.6,19.551930270185224
2782.8,20.09256076557143
2783.0,20.0153556798996
2783.2,20.12071279431295
2783.4,19.955174666746263
2783.6,19.577699039152105
2783.8,19.667770731409774
2784.0,19.561257534259077
2784.2,19.78883602475007
2784.4,21.6064130713554
2784.6,22.04816891596447
2784.8,21.469733205395073
2785.0,21.571051969750723
2785.2,21.864774974414672
2785.4,21.16061892134269
2785.6,20.209697237795243
2785.8,21.162355194711715
2786.0,19.625286029738206
2786.2,20.92328409707488
2786.4,21.523629693196003
2786.6,21.211935022167143
2786.8,21.429723009583373
2787.0,21.785670026290877
2787.2,22.007399816725346
2787.4,22.133260323192495
2787.6,21.768724334777787
2787.8,21.17202126536246
2788.0,21.94623709246365
2788.2,22.235520737941258
2788.4,21.12615658549997
2788.6,19.5707501977421
2788.8,18.687632624768625
2789.0,18.79032872407135
2789.2,19.926302327655808
2789.4,19.319932093124518
2789.6,19.419267805695405
2789.8,19.55783506634109
2790.0,18.88213348186794
2790.2,18.53462199722196
2790.4,19.831675356662057
2790.6,18.9370904158196
2790.8,19.951378194976076
2791.0,20.158578176692515
2791.2,20.135154136196505
2791.4,19.703056363444247
2791.6,20.403840587883465
2791.8,20.56352225972875
2792.0,21.369869479691864
2792.2,20.833183297811555
2792.4,20.855417686139926
2792.6,20.91240800419298
2792.8,21.00669060363197
2793.0,20.99600037929999
2793.2,22.144557726692323
2793.4,20.861899549800395
2793.6,21.482866845143285
2793.8,21.677160548496563
2794.0,21.517944822433947
2794.2,21.908483976036397
2794.4,20.81221498775902
2794.6,21.185223265514086
2794.8,19.602668894463328
2795.0,20.197953065084366
2795.2,20.30560269837345
2795.4,19.910017061647377
2795.6,18.872954804796382
2795.8,20.028909990473483
2796.0,20.86424690319976
2796.2,20.808695864156306
2796.4,20.761399427056148
2796.6,20.34589694804643
2796.8,20.036293404100917
2797.0,18.844184740988027
2797.2,19.701895859247355
2797.4,19.15842342522176
2797.6,20.181875836471157
2797.8,19.67957201949713
2798.0,19.7290562969782
2798.2,19.484401076605383
2798.4,18.910399887097135
2798.6,18.953528568988514
2798.8,20.272829413598814
2799.0,19.762777807143966
2799.2,19.68947015248815
2799.4,20.190776742477972
2799.6,19.656059713202463
2799.8,20.669781833725786
2800.0,20.817526659980228
2800.2,22.07631869667344
2800.4,23.44960455463225
2800.6,21.73620429249834
2800.8,22.639636305529898
2801.0,21.890675266840528
2801.2,22.76194476082462
2801.4,22.447984626431907
2801.6,22.71784578117275
2801.8,21.50967893276066
2802.0,21.45340063998958
2802.2,22.320543348546508
2802.4,21.343505232974
2802.6,20.508885982497148
2802.8,20.671340994664895
2803.0,21.59961755144744
2803.2,22.81482796542221
2803.4,21.430522859511004
2803.6,21.10265456469966
2803.8,20.221981175674053
2804.0,20.93951683255584
2804.2,20.98540516824545
2804.4,20.746115487481514
2804.6,20.357839953664755
2804.8,19.349097760042383
2805.0,19.876966129837474
2805.2,18.859807370239206
2805.4,18.3963183599628
2805.6,20.458926107097515
2805.8,19.86765834331442
2806.0,19.360747703048318
2806.2,21.21228726861432
2806.4,20.43626230944585
2806.6,19.846872188473533
2806.8,20.481149238981896
2807.0,20.544175397719027
2807.2,21.644942645173195
2807.4,21.639926204466033
2807.6,20.58048873546894
2807.8,20.891395375939567
2808.0,20.678992851252982
2808.2,21.686438270982883
2808.4,19.941315917982013
2808.6,18.68456679622306
2808.8,19.361071513946555
2809.0,19.32578989087881
2809.2,20.14131499112729
2809.4,19.541007632143366
2809.6,18.1854166283592
2809.8,19.41612717071297
2810.0,18.95384111173945
2810.2,19.80913590905363
2810.4,19.673381400916053
2810.6,19.651093888697666
2810.8,19.207586151434388
2811.0,19.824354276199074
2811.2,20.79597237680646
2811.4,19.892973482257695
2811.6,20.577645839172337
2811.8,20.007882583678338
2812.0,20.634988588229053
2812.2,20.357960293354257
2812.4,20.343211144629766
2812.6,19.073543238649304
2812.8,18.512111301623825
2813.0,19.202972449637976
2813.2,19.349657097184092
2813.4,19.144695848999973
2813.6,19.49936837937368
2813.8,20.009675199448704
2814.0,20.044656274229826
2814.2,19.965035807039875
2814.4,19.41210677804442
2814.6,19.572394612563503
2814.8,19.35897280769001
2815.0,18.93443798278031
2815.2,19.53479676595905
2815.4,19.22722373589941
2815.6,18.424954367731644
2815.8,19.409397191920668
2816.0,19.602041874278218
2816.2,19.1642957464834
2816.4,18.934301910882056
2816.6,18.84543989560705
2816.8,18.208420248718106
2817.0,17.974760971768518
2817.2,17.465494658112032
2817.4,17.2091786787883
2817.6,17.5081449903834
2817.8,17.713724456430178
2818.0,17.51392972152718
2818.2,18.24570566553286
2818.4,19.18356301897535
2818.6,19.476528596146053
2818.8,20.124029893486124
2819.0,20.856415359010143
2819.2,20.585878439775854
2819.4,20.79660307717016
2819.6,20.881167600444563
2819.8,19.92984028953073
2820.0,20.530638004969646
2820.2,20.86531522814888
2820.4,19.855803977056322
2820.6,19.675650838592315
2820.8,19.519368071119363
2821.0,20.644157080547956
2821.2,20.498132315218236
2821.4,19.75579826464625
2821.6,21.060885380420615
2821.8,21.160454279830564
2822.0,19.70585390189951
2822.2,19.76042126891258
2822.4,19.4224153813288
2822.6,18.918342810417496
2822.8,20.784383872530483
2823.0,21.62182825248486
2823.2,21.033215731984605
2823.4,21.233380361577687
2823.6,21.146170766718356
2823.8,21.224962748511075
2824.0,20.805842757117166
2824.2,19.97827217656241
2824.4,20.097694789914108
2824.6,19.96061038262855
2824.8,19.794743816502468
2825.0,20.25650123325285
2825.2,20.47540119810823
2825.4,19.866288097666896
2825.6,18.983569798584778
2825.8,19.44361932446217
2826.0,18.699086725336763
2826.2,19.55164926748071
2826.4,20.559391423901104
2826.6,21.419291500679748
2826.8,19.820773467619013
2827.0,19.070336272936547
2827.2,20.58781491009992
2827.4,21.648509895876224
2827.6,22.179956132491828
2827.8,22.32060852330958
2828.0,22.203426656103385
2828.2,22.312095633597053
2828.4,21.820532906057146
2828.6,21.329683359122164
2828.8,21.279689347125466
2829.0,20.33293899697466
2829.2,20.442008260770983
2829.4,20.29897131605169
2829.6,18.976984891995293
2829.8,18.77577488448309
2830.0,19.192205844823306
2830.2,19.92759755701939
2830.4,19.57046862550223
2830.6,19.029705851369265
2830.8,19.113120605488223
2831.0,19.755244173586284
2831.2,19.272723571180858
2831.4,19.254952385031427
2831.6,18.826700198053064
2831.8,18.741921410040728
2832.0,18.896494049787083
2832.2,18.691370668311453
2832.4,18.56715369021057
2832.6,19.811312438061407
2832.8,19.341763834867372
2833.0,19.665281762889407
2833.2,20.677951616445533
2833.4,19.990707606737836
2833.6,20.537642541156966
2833.8,19.572819743067637
2834.0,20.416607960074064
2834.2,20.015630486282838
2834.4,20.177186755777686
2834.6,19.109017814513212
2834.8,18.91147714404432
2835.0,19.123308413905292
2835.2,19.49931791743413
2835.4,19.543819175486718
2835.6,19.781787507490844
2835.8,19.69543659388738
2836.0,19.973371680056992
2836.2,19.67532317646714
2836.4,19.064064961278092
2836.6,19.70816557646204
2836.8,20.452341107383187
2837.0,18.608168023377353
2837.2,19.800750573394758
2837.4,18.82283265918452
2837.6,19.41954010519157
2837.8,19.65553457144881
2838.0,19.037218898507465
2838.2,18.475534103966964
2838.4,18.583240418246916
2838.6,17.799437381016006
2838.8,17.76765677983953
2839.0,18.43586781534635
2839.2,18.2458461631847
2839.4,18.757428278640212
2839.6,17.940763868084545
2839.8,18.664786818020765
2840.0,18.31038192433336
2840.2,17.052065533159478
2840.4,18.314552485804967
2840.6,18.83018200331191
2840.8,18.56250603987934
2841.0,19.59631518817544
2841.2,20.027731006997257
2841.4,20.464117728613346
2841.6,20.81326104832986
2841.8,20.118475427659263
2842.0,19.725319690043644
2842.2,20.042865389024893
2842.4,19.825737519197325
2842.6,20.004288332016593
2842.8,20.514440300963326
2843.0,20.78623305906548
2843.2,20.816231821438844
2843.4,20.399883964443127
2843.6,20.536364055616566
2843.8,19.60907311875244
2844.0,19.383270508333975
2844.2,21.298526998950877
2844.4,20.462247272514375
2844.6,20.408616797948458
2844.8,20.056008992555515
2845.0,21.726786197052444
2845.2,21.360656965597084
2845.4,23.181968854958562
2845.6,23.073777524355897
2845.8,22.23328045478329
2846.0,22.058936453004222
2846.2,19.479013965595314
2846.4,21.12570057222932
2846.6,21.454481901523437
2846.8,22.31301527284028
2847.0,21.936608113178593
2847.2,23.286458357422397
2847.4,22.65859269581032
2847.6,21.679842207311566
2847.8,22.598570480666176
2848.0,24.37689133019816
2848.2,23.922193639408444
2848.4,23.37206350520342
2848.6,22.300031692434143
2848.8,22.57722057186456
2849.0,21.874549991518496
2849.2,21.65466422538831
2849.4,21.311641040475003
2849.6,21.31693220521237
2849.8,22.286837076908164
2850.0,24.24013836427454
2850.2,23.74034527209435
2850.4,22.646662404218244
2850.6,21.78024661553424
2850.8,21.060920921282126
2851.0,22.34127830408895
2851.2,22.27280230933448
2851.4,20.669017846728043
2851.6,21.006783561020306
2851.8,21.52957485599093
2852.0,20.980773334126837
2852.2,19.82509262048651
2852.4,19.912480808491196
2852.6,20.169832466618416
2852.8,20.177520868151923
2853.0,20.747460860060187
2853.2,19.490164931535613
2853.4,19.752196743060214
2853.6,19.887435978002802
2853.8,18.737170833407642
2854.0,20.154355324810606
2854.2,19.532983386684684
2854.4,18.78844489585336
2854.6,19.310580218047683
2854.8,19.7727774072438
2855.0,18.78999585842839
2855.2,21.421368789077366
2855.4,21.362621408961342
2855.6,21.07500504733934
2855.8,20.755925799797307
2856.0,20.532576103895792
2856.2,21.421507614247496
2856.4,21.179810763317906
2856.6,20.76535143827681
2856.8,20.972646507565997
2857.0,21.532944014741826
2857.2,20.83117632406482
2857.4,20.83726349765513
2857.6,20.125436632334036
2857.8,20.62531719793637
2858.0,20.323746459797004
2858.2,20.04118970121288
2858.4,18.538583651562394
2858.6,18.7927324068672
2858.8,18.152456162157044
2859.0,17.284599751266057
2859.2,17.43485599083674
2859.4,17.707990426680396
2859.6,19.198360324828755
2859.8,20.627201978001658
2860.0,20.24743429969231
2860.2,19.265755677123018
2860.4,19.139074299270387
2860.6,19.759443937352085
2860.8,19.87941552378541
2861.0,20.60773106954658
2861.2,19.490564336853133
2861.4,18.58848072639303
2861.6,18.830442173933516
2861.8,18.337836800586615
2862.0,19.100591859258262
2862.2,18.642218031794716
2862.4,18.224640760830216
2862.6,19.49706703384402
2862.8,18.90305242971504
2863.0,19.322788084179102
2863.2,18.80215774452801
2863.4,19.063236026402024
2863.6,20.064567875176053
2863.8,20.284863866930394
2864.0,20.56912827541185
2864.2,20.785125873236648
2864.4,20.100806356492082
2864.6,21.733768216931317
2864.8,23.40334680406937
2865.0,22.493842871736092
2865.2,20.950702466996923
2865.4,21.35279601678773
2865.6,21.70331180020316
2865.8,21.390272727519275
2866.0,22.404530730038598
2866.2,21.587509691609444
2866.4,20.498229532841986
2866.6,20.642275389956232
2866.8,19.735735273051077
2867.0,19.80128763145556
2867.2,19.792931404043618
2867.4,19.209568614705454
2867.6,18.888089537619972
2867.8,18.979565216318363
2868.0,19.49745865141302
2868.2,21.023318259491273
2868.4,20.308626933259227
2868.6,19.9750567482475
2868.8,19.546885725432876
2869.0,19.478850304427084
2869.2,18.926212811726625
2869.4,19.794616317801683
2869.6,19.52761085371026
2869.8,19.385878817082233
2870.0,18.53807358495899
2870.2,19.252066127685453
2870.4,18.781053596303053
2870.6,20.336949495741305
2870.8,21.08489944478101
2871.0,20.66650503849481
2871.2,21.69660378847127
2871.4,20.964745577883235
2871.6,21.69683154548315
2871.8,21.287959884843527
2872.0,21.350854880770484
2872.2,20.782289907761268
2872.4,21.96944547907703
2872.6,20.814089392185224
2872.8,21.201562307315935
2873.0,20.493075957701258
2873.2,19.49741729110786
2873.4,17.93310125663615
2873.6,17.709769352924148
2873.8,17.5166606751737
2874.0,18.568001948174178
2874.2,16.899072747614813
2874.4,17.4238289636958
2874.6,18.004154428838152
2874.8,18.260537388466652
2875.0,17.638750721408968
2875.2,17.458739268132863
2875.4,17.400523032643864
2875.6,18.039490173118423
2875.8,17.117011875327492
2876.0,17.09599194132727
2876.2,18.506066207054438
2876.4,18.644846724166506
2876.6,18.86417524922074
2876.8,18.877482151028136
2877.0,18.907134926421737
2877.2,19.70854653719227
2877.4,21.087235728525346
2877.6,21.11669016789657
2877.8,20.899034953883113
2878.0,20.207725929367783
2878.2,20.174410682018507
2878.4,22.32139119668068
2878.6,22.224322346406584
2878.8,20.99127054753844
2879.0,21.69039935805175
2879.2,21.726728020071665
2879.4,20.240829978432004
2879.6,20.4711495718848
2879.8,20.17462727441659
2880.0,20.745760569729285
2880.2,22.573443755467434
2880.4,21.74427103831205
2880.6,20.599157532527922
2880.8,20.540051221611538
2881.0,21.032928693502093
2881.2,19.579209406761386
2881.4,19.578283257952165
2881.6,18.818790354982255
2881.8,18.650388793024966
2882.0,18.595042046695866
2882.2,17.959715764266406
2882.4,18.300222099541607
2882.6,18.844773665616145
2882.8,18.331701412577942
2883.0,18.010461623704494
2883.2,17.341366056104384
2883.4,17.254114816054766
2883.6,15.699460270060335
2883.8,15.910661260907313
2884.0,16.526634475951823
2884.2,17.24010261568821
2884.4,18.055472842112923
2884.6,18.440867251307495
2884.8,18.379778468989624
2885.0,19.142414269172214
2885.2,19.780323449727618
2885.4,19.10679519049188
2885.6,18.340713461592554
2885.8,19.03139161641148
2886.0,18.82480514473029
2886.2,19.218572853733995
2886.4,18.748217793033806
2886.6,19.08581440533551
2886.8,18.69946896351192
2887.0,18.71838458076604
2887.2,18.74315935092903
2887.4,18.792293513528012
2887.6,18.60285856633521
2887.8,18.72632340901465
2888.0,19.050753746394136
2888.2,18.460328697686567
2888.4,18.367100957264
2888.6,18.06913764592561
2888.8,17.045963941673843
2889.0,18.42951881198617
2889.2,18.20175187944859
2889.4,17.32176935508533
2889.6,16.93664706431255
2889.8,17.05969263141125
2890.0,16.902058708212778
2890.2,17.185113608793927
2890.4,17.42261174614947
2890.6,17.706738181134114
2890.8,17.38476788813129
2891.0,18.27369183498527
2891.2,17.439248140337856
2891.4,17.143939013345374
2891.6,17.90707012858124
2891.8,17.853118212334643
2892.0,18.458044668571695
2892.2,17.877634763217504
2892.4,18.770351286837993
2892.6,16.71590882484338
2892.8,17.038809186646397
2893.0,16.59032839607537
2893.2,17.21858329671974
2893.4,17.645286289697534
2893.6,18.31779991003011
2893.8,18.428238660568034
2894.0,18.79149204437409
2894.2,18.673745774374396
2894.4,19.561784114726123
2894.6,20.07098665565643
2894.8,19.545565915996747
2895.0,18.605882944411423
2895.2,19.266298508862675
2895.4,19.243381145954103
2895.6,18.703301793085185
2895.8,18.306008950276812
2896.0,19.61903420942211
2896.2,18.30469062413856
2896.4,18.114290034615887
2896.6,17.92713800960367
2896.8,19.061202758974964
2897.0,19.04461116277502
2897.2,18.980512082892318
2897.4,18.762990914758664
2897.6,19.482083141530225
2897.8,19.865807299836554
2898.0,19.935426782850993
2898.2,19.82563070477096
2898.4,19.17128257834131
2898.6,18.318143087040223
2898.8,17.968906877084756
2899.0,17.80589736769551
2899.2,17.536523277878924
2899.4,17.484795608737294
2899.6,18.47339648541353
2899.8,18.70475663575174
2900.0,19.52530408785474
2900.2,21.12853081078977
2900.4,19.766477434910822
2900.6,19.498863845601495
2900.8,19.059027429380063
2901.0,19.655050812975606
2901.2,18.86044821447619
2901.4,19.382148286976395
2901.6,18.47698666831587
2901.8,18.190750312139148
2902.0,19.20263707638228
2902.2,19.44056638160043
2902.4,20.88222745529929
2902.6,21.102655612077008
2902.8,20.717013952505408
2903.0,20.199909244684676
2903.2,18.874803020560798
2903.4,17.01211744258288
2903.6,17.474588797401143
2903.8,18.180382657405087
2904.0,17.97432924173513
2904.2,17.86225832582549
2904.4,17.396261792345236
2904.6,17.789546224981372
2904.8,18.580349729639522
2905.0,18.369886959682738
2905.2,18.26136806516842
2905.4,18.83438902658374
2905.6,19.2055875143093
2905.8,18.1309158433931
2906.0,18.003515226607895
2906.2,17.10944686056908
2906.4,17.325828714887116
2906.6,17.078195177466046
2906.8,17.33442240209542
2907.0,18.469074481950482
2907.2,18.424356918426966
2907.4,18.666607181151186
2907.6,17.71178778628014
2907.8,18.403148991944946
2908.0,19.512453413127332
2908.2,19.587759610931663
2908.4,18.60213019914714
2908.6,19.50325931747327
2908.8,19.34935875752186
2909.0,19.04322971965279
2909.2,18.8811287842579
2909.4,18.66116370558852
2909.6,18.83466087308638
2909.8,18.730029507291736
2910.0,18.35264631280996
2910.2,18.393885978651536
2910.4,17.793366283609974
2910.6,17.747592111592716
2910.8,17.85946293034899
2911.0,18.51881240027293
2911.2,19.97593332129256
2911.4,19.56205663850032
2911.6,19.00559008312442
2911.8,19.246713054980884
2912.0,19.28985720365029
2912.2,20.472479428384705
2912.4,21.200207665984017
2912.6,19.802508736281236
2912.8,19.7412359104045
2913.0,20.414149614056576
2913.2,19.296277446387567
2913.4,19.434194167438925
2913.6,19.804868286972656
2913.8,19.685662233195778
2914.0,19.41534606486939
2914.2,19.80024055349087
2914.4,18.2743695794588
2914.6,18.161491634730965
2914.8,18.988269541554104
2915.0,18.53696334401421
2915.2,19.508400619892242
2915.4,19.42067867128332
2915.6,18.897002699397568
2915.8,18.368482316979666
2916.0,18.58197606948729
2916.2,19.94893870978865
2916.4,18.964159906353665
2916.6,19.39088756616304
2916.8,19.044250270442646
2917.0,20.18288003038894
2917.2,20.025803518340336
2917.4,20.18163850496863
2917.6,19.3319072547273
2917.8,18.57886443062962
2918.0,18.501428293490694
2918.2,18.76271810632331
2918.4,19.259346405152066
2918.6,17.92190658066767
2918.8,16.47554105308769
2919.0,15.803601196603482
2919.2,16.657108001149407
2919.4,17.520492899490215
2919.6,17.556899735909617
2919.8,16.690325158732225
2920.0,17.08788596512431
2920.2,18.34863184294731
2920.4,17.890474406718422
2920.6,17.532310773304133
2920.8,17.375271742692767
2921.0,18.00960506172746
2921.2,19.108951595174766
2921.4,18.414690102286745
2921.6,20.340657731268934
2921.8,20.076250168046638
2922.0,20.54560476997857
2922.2,19.20435191929446
2922.4,19.09009409537678
2922.6,20.023860683878937
2922.8,19.933428246966105
2923.0,20.203765062148925
2923.2,20.675798106089815
2923.4,20.632579185521767
2923.6,18.90347819529819
2923.8,19.31782256722151
2924.0,19.70888935014419
2924.2,18.205701871710097
2924.4,17.04136370236238
2924.6,16.8837852915931
2924.8,16.376338230184007
2925.0,16.214624097808887
2925.2,16.384706432292617
2925.4,16.202422277856872
2925.6,16.865122979488852
2925.8,15.843757283160542
2926.0,16.875043229002284
2926.2,16.469969478822474
2926.4,17.823336816291977
2926.6,18.305460673092895
2926.8,17.91461379614641
2927.0,18.81998238398402
2927.2,18.330316821912458
2927.4,18.953685550745817
2927.6,18.96733336730539
2927.8,18.773744655560158
2928.0,17.209927242067234
2928.2,17.404844773212393
2928.4,17.13912577898637
2928.6,17.17447647721132
2928.8,17.864405445318102
2929.0,17.159809843166872
2929.2,17.402454901988065
2929.4,17.81330549132187
2929.6,17.73177121263138
2929.8,17.366552276793932
2930.0,15.32130976801689
2930.2,15.325829111286499
2930.4,15.787708682997032
2930.6,16.441242889059232
2930.8,15.90899514213601
2931.0,15.948205563627237
2931.2,16.532071800932297
2931.4,16.388885653855997
2931.6,16.08337631166868
2931.8,17.044498447709962
2932.0,17.73478302601373
2932.2,18.8457040070899
2932.4,18.17376249698635
2932.6,17.477948197451102
2932.8,18.431243498078857
2933.0,19.4075373313137
2933.2,20.015215006141496
2933.4,18.604951900108986
2933.6,18.11089115268195
2933.8,17.928591896829527
2934.0,17.648923908446324
2934.2,17.878767974760912
2934.4,16.41727689394712
2934.6,15.934617796476008
2934.8,15.73159034585306
2935.0,15.501518860817235
2935.2,15.827109355422584
2935.4,16.391433614818766
2935.6,15.81264126932648
2935.8,16.411024688774468
2936.0,17.092196291981942
2936.2,16.629726339522346
2936.4,16.605866362107776
2936.6,16.43798201815305
2936.8,16.066890626491038
2937.0,15.838587210872761
2937.2,16.175876100927407
2937.4,16.602481410755235
2937.6,16.60319886198413
2937.8,16.763242465368222
2938.0,16.627986886960684
2938.2,17.05687470974061
2938.4,15.933343740049345
2938.6,16.021351721330937
2938.8,16.012143336226497
2939.0,16.409342750057437
2939.2,16.134529799179905
2939.4,16.26684534477566
2939.6,16.364337448760978
2939.8,15.54258605484053
2940.0,16.770646132641648
2940.2,16.71825037146648
2940.4,16.441003842359624
2940.6,16.703083785956515
2940.8,16.705409901392112
2941.0,16.44309124991453
2941.2,16.54857952809495
2941.4,16.74505000341109
2941.6,17.476107781383135
2941.8,17.357930079994528
2942.0,17.067279598179177
2942.2,18.54829148811161
2942.4,17.243262786895237
2942.6,17.19568910075879
2942.8,16.980522795188108
2943.0,17.457253789800934
2943.2,17.453092480955856
2943.4,17.852447124533807
2943.6,16.7778766067333
2943.8,16.303830166591787
2944.0,16.671276254854064
2944.2,17.016679940148173
2944.4,17.717885108501616
2944.6,17.825847097249056
2944.8,17.533087009531933
2945.0,17.89639099157647
2945.2,18.416310508331186
2945.4,18.471542144756455
2945.6,18.302454896117204
2945.8,18.999328069935725
2946.0,18.132060842529423
2946.2,18.02300680287659
2946.4,17.557834721354865
2946.6,16.403593364130565
2946.8,16.201187825025002
2947.0,16.330059170714758
2947.2,16.209299775992744
2947.4,16.593353873330667
2947.6,16.47804664582913
2947.8,16.60159944562992
2948.0,16.64296302384273
2948.2,16.93974932907336
2948.4,17.125869884398973
2948.6,17.43530153011311
2948.8,18.027680752319462
2949.0,17.69808674332106
2949.2,16.90415384084101
2949.4,17.32791337820402
2949.6,16.84118561089487
2949.8,17.956538451909857
2950.0,18.0105472068355
2950.2,17.46466891328314
2950.4,17.736642669997337
2950.6,17.571013224276292
2950.8,16.49290384328381
2951.0,16.810086968380862
2951.2,17.049173204183703
2951.4,18.600661841672085
2951.6,17.870744094659123
2951.8,17.255056894343102
2952.0,19.937123058645177
2952.2,19.328390242551976
2952.4,19.7915950600257
2952.6,19.5325354719513
2952.8,19.514437587815866
2953.0,19.566946992224103
2953.2,19.273624029969476
2953.4,19.22250940561781
2953.6,18.773338625684076
2953.8,18.25723104989265
2954.0,19.190127665874897
2954.2,18.39579868148255
2954.4,19.976095080838263
2954.6,19.954169704580387
2954.8,20.08964636767036
2955.0,19.0489541336526
2955.2,19.71746749489862
2955.4,20.646370890904727
2955.6,21.17506477106817
2955.8,20.259959842091423
2956.0,20.47438107469228
2956.2,20.75973231387728
2956.4,20.742326369428458
2956.6,20.057179191371283
2956.8,20.53385926328992
2957.0,19.243821301052527
2957.2,19.56553228925113
2957.4,17.59430428713025
2957.6,19.260577182724465
2957.8,18.487863545577355
2958.0,18.53399375008276
2958.2,18.85788275180628
2958.4,19.603808378828475
2958.6,18.836155977318533
2958.8,18.608113247999853
2959.0,18.792227749459315
2959.2,18.490678490729163
2959.4,18.021652828092336
2959.6,18.421527056858597
2959.8,18.150090678070555
2960.0,18.138460781915217
2960.2,18.874443376981297
2960.4,19.446501719272263
2960.6,18.673193357535244
2960.8,17.9604432289703
2961.0,16.948849476694427
2961.2,16.68361632411616
2961.4,16.59719785711754
2961.6,17.82416418028059
2961.8,18.0845010187276
2962.0,18.173983311365877
2962.2,17.815584258690734
2962.4,17.726880529284607
2962.6,17.052020348895237
2962.8,16.581835659774498
2963.0,18.420562999194573
2963.2,18.944851680374356
2963.4,20.547361710759287
2963.6,20.731023246656367
2963.8,20.580256981700252
2964.0,21.545721027145866
2964.2,22.15492245781644
2964.4,21.502515893917874
2964.6,20.45037838607161
2964.8,19.96694980337804
2965.0,19.93178420255336
2965.2,18.916612595214023
2965.4,20.093766285223353
2965.6,19.734672511906336
2965.8,18.270675668480077
2966.0,19.200176469452042
2966.2,18.108099619271464
2966.4,17.95540930465727
2966.6,16.95997087066792
2966.8,16.115701113031406
2967.0,16.41916208244092
2967.2,17.233843460748183
2967.4,18.0684889764254
2967.6,18.260201565119015
2967.8,18.299455997518027
2968.0,18.41186141506287
2968.2,18.68238594632225
2968.4,17.83931841977797
2968.6,17.972254710479763
2968.8,17.721484312700838
2969.0,17.886561277314293
2969.2,17.683553308727692
2969.4,17.498902820353685
2969.6,18.403583476383517
2969.8,19.003161396366316
2970.0,18.894388847068093
2970.2,19.183389485269046
2970.4,19.510712851964986
2970.6,19.105448288300884
2970.8,20.21421213489516
2971.0,18.811092190683905
2971.2,19.75661187281255
2971.4,19.45122686205448
2971.6,20.226387358452097
2971.8,19.215320272568125
2972.0,19.709847341046792
2972.2,20.054954293472246
2972.4,20.425326590081863
2972.6,20.023211540512968
2972.8,19.80875992929976
2973.0,18.98921808210713
2973.2,19.649623268250004
2973.4,18.750021564204776
2973.6,18.711905544421676
2973.8,18.52088298318191
2974.0,18.044890079385063
2974.2,17.87930723038494
2974.4,16.906900949299235
2974.6,18.19176104911432
2974.8,17.730748550000946
2975.0,19.12522517965209
2975.2,19.04569517830678
2975.4,18.957978978690083
2975.6,18.905429373877226
2975.8,18.51043606303978
2976.0,19.80084260391346
2976.2,18.922798986826756
2976.4,19.424284574084517
2976.6,18.869091681071012
2976.8,19.271928761183123
2977.0,20.084015682521503
2977.2,20.453295212485667
2977.4,19.672379848103528
2977.6,19.814279369833354
2977.8,18.3274827764769
2978.0,19.01452203498704
2978.2,17.73690663555293
2978.4,18.706583325025996
2978.6,18.790481350172243
2978.8,18.6588079339342
2979.0,20.239737580769138
2979.2,20.334415146137147
2979.4,21.56726199246002
2979.6,21.843834708188005
2979.8,20.850996117111954
2980.0,20.24381302087269
2980.2,21.42701783813012
2980.4,21.749863317321005
2980.6,21.612687307864146
2980.8,20.217036589530423
2981.0,19.57146222451414
2981.2,18.67334658160651
2981.4,20.006960384204802
2981.6,19.347475533675972
2981.8,18.70271022997563
2982.0,19.560233822956857
2982.2,19.329550288305512
2982.4,20.168220532409748
2982.6,20.554793196615385
2982.8,20.903298837192015
2983.0,20.62255345152733
2983.2,19.940124153240678
2983.4,20.364410626295655
2983.6,20.15785538582826
2983.8,20.840064360753907
2984.0,20.17107860709936
2984.2,19.73421631632743
2984.4,18.959429830624014
2984.6,20.279414686572864
2984.8,20.448107943095486
2985.0,20.51460455469021
2985.2,21.073338707559962
2985.4,20.854861982698395
2985.6,21.175611613922488
2985.8,22.485223784811225
2986.0,21.00731801678115
2986.2,21.5513632556657
2986.4,20.271329094219134
2986.6,19.79454110937526
2986.8,19.89643069054933
2987.0,18.91172814321663
2987.2,19.09470520375264
2987.4,18.97387946733366
2987.6,18.07390566122495
2987.8,19.148096779963552
2988.0,20.14054754155335
2988.2,20.393188160733025
2988.4,21.720530384649315
2988.6,22.083099376201393
2988.8,21.52677275611599
2989.0,20.379691952693967
2989.2,21.891909612935187
2989.4,22.986796354862072
2989.6,21.958286192489624
2989.8,21.636723716433348
2990.0,21.082299902673192
2990.2,22.363776324471125
2990.4,21.52107940059985
2990.6,21.39172175221414
2990.8,21.892865067933357
2991.0,21.731508612743507
2991.2,21.770634656935158
2991.4,21.5883154407947
2991.6,20.985393988144008
2991.8,20.27924671119137
2992.0,20.143799257395752
2992.2,20.361129616491688
2992.4,19.625269705484392
2992.6,20.839932135635486
2992.8,21.48980000200936
2993.0,19.420673916929626
2993.2,19.922000178389606
2993.4,20.828094519243514
2993.6,20.18366542143431
2993.8,19.41833206911181
2994.0,20.14055736706886
2994.2,19.740207157398306
2994.4,20.899273093677454
2994.6,19.52674777987353
2994.8,19.709824642483383
2995.0,19.251889475078023
2995.2,19.020376628881504
2995.4,18.28506361547309
2995.6,19.184607099395127
2995.8,17.49605141200035
2996.0,17.19187670291717
2996.2,17.576128793521605
2996.4,17.523678427497515
2996.6,17.74053352848917
2996.8,17.863741509582695
2997.0,17.730589118584984
2997.2,17.786598428718122
2997.4,17.65658652583987
2997.6,18.161138193505295
2997.8,17.56812130644423
2998.0,17.15309382865598
2998.2,17.00201343105706
2998.4,15.87512151115887
2998.6,15.673199994210869
2998.8,16.166304791014376
2999.0,16.845961346688092
2999.2,17.21561778817827
2999.4,18.651932850009302
2999.6,19.245664977787374
2999.8,18.402811278642424
3000.0,16.698128516221452
3000.2,15.674490765880877
3000.4,15.832180862789617
3000.6,16.762103961990903
3000.8,17.95527181575512
3001.0,17.885204803743633
3001.2,17.44048394504945
3001.4,17.281654731776026
3001.6,17.045073898879807
3001.8,16.59474050328182
3002.0,17.938700707062868
3002.2,19.40990459555983
3002.4,19.35575391470002
3002.6,20.053327023370457
3002.8,19.307512141920625
3003.0,19.897097373016386
3003.2,17.89647313585886
3003.4,17.018485672831044
3003.6,17.580717213525308
3003.8,17.987122515858943
3004.0,19.414936255927902
3004.2,19.82172080658375
3004.4,18.782436011382664
3004.6,18.73675948199167
3004.8,18.082599232650008
3005.0,17.779991166114915
3005.2,18.414000540733696
3005.4,19.141974595586085
3005.6,18.71886018563121
3005.8,18.16452245073878
3006.0,19.62354878072603
3006.2,19.114811741403784
3006.4,18.462323608615563
3006.6,17.786571075585872
3006.8,19.79748433723755
3007.0,18.600152316129286
3007.2,18.90679878935067
3007.4,19.060245395433878
3007.6,18.209390404214034
3007.8,16.86854186393547
3008.0,16.57063129778593
3008.2,16.20126124148589
3008.4,15.227576656792902
3008.6,15.808098823599279
3008.8,16.0062473021462
3009.0,17.04598595325968
3009.2,15.179934460643594
3009.4,16.1282117679495
3009.6,15.846147045253705
3009.8,16.343079430623543
3010.0,16.333992441611475
3010.2,17.321000665824066
3010.4,16.31911994185366
3010.6,16.288235307948284
3010.8,15.905624670201671
3011.0,15.877550896875947
3011.2,16.09113899865205
3011.4,15.737198215790931
3011.6,15.87281643356496
3011.8,15.720875462168939
3012.0,15.662896130657362
3012.2,15.475890837751143
3012.4,16.931821226651504
3012.6,16.49470984368209
3012.8,16.166672386148
3013.0,16.02700832165454
3013.2,16.21155371555963
3013.4,16.938406314584068
3013.6,16.80293080207313
3013.8,16.361378177980743
3014.0,17.08694227644368
3014.2,17.28683866077661
3014.4,17.087978743602676
3014.6,16.988687085911216
3014.8,16.572835667593992
3015.0,16.9465213585011
3015.2,16.446203775090453
3015.4,17.147707252271957
3015.6,16.69122608732431
3015.8,17.1322014923968
3016.0,17.409033817145765
3016.2,17.60710812810937
3016.4,17.705015059007543
3016.6,18.673539869962383
3016.8,19.681631184793687
3017.0,19.997493148667466
3017.2,19.38993510500344
3017.4,19.518060865963722
3017.6,20.577616273171092
3017.8,20.795030886568778
3018.0,19.063753954995647
3018.2,20.797262140035393
3018.4,20.762054512621276
3018.6,20.298907470628297
3018.8,22.639323000192345
3019.0,22.49442551084149
3019.2,20.78537521873411
3019.4,18.562106364822636
3019.6,17.68706946612304
3019.8,17.72068173390211
3020.0,17.38470186052642
3020.2,18.093454558173725
3020.4,19.323181240883176
3020.6,19.843618989438564
3020.8,21.258967832839794
3021.0,20.6944030114554
3021.2,20.484719308278294
3021.4,20.248890931619282
3021.6,20.217639136362994
3021.8,19.94532151410533
3022.0,18.59908244465628
3022.2,17.988903671213567
3022.4,18.090272492865164
3022.6,19.282201344523454
3022.8,19.96861774563107
3023.0,18.647045748592607
3023.2,18.044173616373712
3023.4,16.975138921656352
3023.6,17.479343278418522
3023.8,19.27153469309041
3024.0,18.896509731571808
3024.2,19.579908676811776
3024.4,20.77816414800934
3024.6,21.68548724858336
3024.8,22.21874273527845
3025.0,21.832245767148724
3025.2,22.008493432070168
3025.4,23.241581942246178
3025.6,23.7311906739307
3025.8,22.46963885817297
3026.0,22.133087481204164
3026.2,21.962683519014078
3026.4,21.953178087007323
3026.6,23.09613557303042
3026.8,22.997545369537455
3027.0,23.698297767000685
3027.2,22.27906070329655
3027.4,21.381152462561182
3027.6,21.890646323751145
3027.8,20.71996077336376
3028.0,19.960489648048384
3028.2,18.965370810032308
3028.4,18.454479875850886
3028.6,17.65083422486245
3028.8,18.083919321879286
3029.0,17.985244611137617
3029.2,18.57761539751809
3029.4,19.227630788151327
3029.6,18.720305198868818
3029.8,17.968040593526492
3030.0,18.128212837752613
3030.2,16.43192008821471
3030.4,17.243700730580695
3030.6,16.7272127226046
3030.8,18.34345555948739
3031.0,17.1380192296302
3031.2,16.469975936136287
3031.4,16.69434036720577
3031.6,18.40476323320551
3031.8,19.235914691922893
3032.0,19.53960980730318
3032.2,17.839661425037296
3032.4,19.064631803145954
3032.6,18.091500056871425
3032.8,18.739944289458144
3033.0,17.402923809719127
3033.2,17.11367235799451
3033.4,16.17907007130782
3033.6,17.32250999480605
3033.8,16.944569326729123
3034.0,16.60042018039293
3034.2,17.504442040067584
3034.4,17.963950859394057
3034.6,18.233017412446973
3034.8,18.607941568753215
3035.0,17.885382729407052
3035.2,18.89918921922354
3035.4,18.689223953246152
3035.6,17.330701191105153
3035.8,17.140802813031907
3036.0,16.657595854080366
3036.2,16.491443253611223
3036.4,17.11982854478165
3036.6,17.670303388184667
3036.8,16.945828024648765
3037.0,17.611962137645843
3037.2,17.417469394633237
3037.4,18.450149667386196
3037.6,18.582724266554933
3037.8,17.95547126283884
3038.0,17.257691841843897
3038.2,17.922022634030963
3038.4,17.439197891250355
3038.6,16.74999394739207
3038.8,17.024734803550082
3039.0,18.42397952085572
3039.2,18.11639246159163
3039.4,17.750204780966573
3039.6,17.283175446514083
3039.8,17.4639681889934
3040.0,17.30129545596337
3040.2,16.49771188814507
3040.4,15.698675691221089
3040.6,15.429083127935762
3040.8,15.209088332279055
3041.0,16.40830552440128
3041.2,17.209530457497785
3041.4,16.139174133394366
3041.6,16.943969019368215
3041.8,17.16744686895114
3042.0,17.708594671695007
3042.2,17.782784128903877
3042.4,16.16526173310135
3042.6,16.246809543087156
3042.8,16.05310487737968
3043.0,16.76681859909476
3043.2,15.500607921602258
3043.4,15.2828754097122
3043.6,15.823022922935106
3043.8,15.30148466060835
3044.0,15.194178837425191
3044.2,16.32129113796879
3044.4,17.930062648335237
3044.6,16.828018839723484
3044.8,17.990528360143667
3045.0,16.855715382642227
3045.2,17.182602780992603
3045.4,16.250377540865216
3045.6,16.50447284352807
3045.8,16.336648050452407
3046.0,15.783923466338571
3046.2,16.77849980490834
3046.4,17.144222363088808
3046.6,17.64981066819393
3046.8,18.049147776402176
3047.0,17.702654226834373
3047.2,16.90925041131919
3047.4,16.953485946498013
3047.6,16.404467465124032
3047.8,16.30670762665458
3048.0,16.43653002508251
3048.2,15.992089805329957
3048.4,16.147877247346585
3048.6,16.810865743661967
3048.8,16.440331277382864
3049.0,16.40784866298449
3049.2,16.737676911496237
3049.4,15.71145965780363
3049.6,15.503119704717376
3049.8,15.916362415693266
3050.0,16.35728266816964
3050.2,16.706294425056033
3050.4,17.182312444962736
3050.6,16.9468774808446
3050.8,17.534409428580837
3051.0,17.15424877354151
3051.2,18.483174762329483
3051.4,19.33592914835141
3051.6,18.649990813033607
3051.8,18.870984841238936
3052.0,20.382765505544064
3052.2,21.279406840472245
3052.4,18.89765061278285
3052.6,19.764209207043038
3052.8,19.813907082128324
3053.0,20.405510892731165
3053.2,20.138822010914783
3053.4,19.51214109557919
3053.6,17.84254408974934
3053.8,16.845868693840693
3054.0,16.910914008544758
3054.2,16.386271459901298
3054.4,15.975964242504796
3054.6,17.835935465739688
3054.8,18.50697279709366
3055.0,17.937364636280847
3055.2,17.055003212285776
3055.4,16.672384037477787
3055.6,16.398181941760257
3055.8,15.677576293134337
3056.0,16.54872718317113
3056.2,16.644598430789912
3056.4,17.075666367025665
3056.6,16.26891336862319
3056.8,15.915720536410412
3057.0,16.317588731096993
3057.2,17.210048031682668
3057.4,16.645737300476227
3057.6,16.558468816142103
3057.8,15.699512446933648
3058.0,15.616114413473717
3058.2,15.544852024213922
3058.4,15.532789642938774
3058.6,16.097427689588415
3058.8,15.624886912384229
3059.0,15.640221642627347
3059.2,15.363580897672225
3059.4,15.983896199706468
3059.6,16.50151245013062
3059.8,15.054072011245633
3060.0,14.898061476826634
3060.2,14.56246349294098
3060.4,14.764250800738486
3060.6,15.084487837391125
3060.8,14.6904627462457
3061.0,15.312958522719955
3061.2,16.02686064912359
3061.4,14.973299883661923
3061.6,15.12081339412497
3061.8,15.363663490945074
3062.0,15.534571731578055
3062.2,15.181795439392811
3062.4,14.635037488293001
3062.6,14.30031201161075
3062.8,14.512791273699436
3063.0,14.941765952134737
3063.2,15.47998575165719
3063.4,15.58669027565281
3063.6,15.400012483802678
3063.8,14.482388374937617
3064.0,14.986426539074312
3064.2,15.141433525683706
3064.4,15.380261061337162
3064.6,16.177382067444118
3064.8,15.676225837878162
3065.0,16.308063083448985
3065.2,15.581039662672438
3065.4,15.035243649974404
3065.6,15.403669826462432
3065.8,14.713850984417343
3066.0,14.770155365931796
3066.2,14.961369558001893
3066.4,14.791088180131997
3066.6,14.180687706473558
3066.8,14.5106571777361
3067.0,14.193921923339154
3067.2,13.981781030160782
3067.4,14.28369913374995
3067.6,14.45565414118418
3067.8,14.672846697949051
3068.0,14.619206308989938
3068.2,14.67157131471624
3068.4,14.58396916612501
3068.6,14.1823444296094
3068.8,14.012280842217727
3069.0,13.880070573182731
3069.2,13.713120727448445
3069.4,13.990358903213547
3069.6,14.119026341997017
3069.8,13.889037411067353
3070.0,14.095768194712939
3070.2,14.08489731328715
3070.4,13.863105088115555
3070.6,13.687935727862719
3070.8,13.532525158475092
3071.0,13.396481026959785
3071.2,13.831892080944769
3071.4,13.892178219798064
3071.6,13.916900207691151
3071.8,14.854305410609827
3072.0,14.72024263746017
3072.2,15.194780786480912
3072.4,14.80534163572747
3072.6,15.982529091072333
3072.8,15.994849184922979
3073.0,15.977150000230274
3073.2,15.691442230987116
3073.4,15.004072816485518
3073.6,14.698249762239646
3073.8,14.250669764437989
3074.0,14.318657743197676
3074.2,14.062537385637121
3074.4,13.635851432835075
3074.6,13.718023086080475
3074.8,13.570551682769453
3075.0,13.809288227732239
3075.2,13.76670778597857
3075.4,13.802340283968642
3075.6,14.179771835583209
3075.8,14.136719964552855
3076.0,14.001591132315209
3076.2,13.718852097652759
3076.4,13.478990792203858
3076.6,13.317049164134136
3076.8,13.221704434354603
3077.0,13.321737698249327
3077.2,13.384244832825969
3077.4,13.318535941800507
3077.6,13.367823863513554
3077.8,13.353131830615439
3078.0,13.385444145546224
3078.2,13.234599634860418
3078.4,13.386242423362471
3078.6,13.452805058417628
3078.8,13.28626176695898
3079.0,13.133033393448121
3079.2,13.247137099777218
3079.4,13.220936351805797
3079.6,13.156776950631999
3079.8,13.143958122423252
3080.0,13.155185152791821
3080.2,13.059787944648951
3080.4,13.24813959378506
3080.6,13.237606035453817
3080.8,13.31207294951625
3081.0,13.33225021004563
3081.2,13.309682811927674
3081.4,13.49988528793401
3081.6,13.573334415268759
3081.8,13.466027318219083
3082.0,13.221749175178633
3082.2,13.37035778868733
3082.4,13.452495253007722
3082.6,13.28190670467797
3082.8,13.204128105932476
3083.0,13.50725125751935
3083.2,13.413850134403864
3083.4,13.217000033141932
3083.6,13.034665341817016
3083.8,12.91156626093736
3084.0,12.776990830792979
3084.2,12.910455462494046
3084.4,12.882204133786475
3084.6,12.939146899889511
3084.8,12.787765532192017
3085.0,12.790700495801303
3085.2,12.950384360482762
3085.4,12.74642469208736
3085.6,12.970537555905675
3085.8,12.873474257583233
3086.0,12.781884300488642
3086.2,13.006514319651426
3086.4,12.958698002867475
3086.6,13.014106120075152
3086.8,13.026580059076387
3087.0,13.28341296340655
3087.2,13.035990635365435
3087.4,13.027758521057063
3087.6,13.087448553817527
3087.8,13.08853083956148
3088.0,13.05861499643727
3088.2,13.006395300034065
3088.4,12.949476837098828
3088.6,12.952237303915622
3088.8,13.208645577570788
3089.0,12.87451019022983
3089.2,13.072570348518342
3089.4,13.150148879968295
3089.6,13.041336432517793
3089.8,13.017479885763404
3090.0,13.194149861854989
3090.2,12.968514905059008
3090.4,13.114677751239919
3090.6,13.10954481632891
3090.8,13.111383463895514
3091.0,13.048125167366255
3091.2,12.914347592187843
3091.4,13.128403107553998
3091.6,12.921674459674463
3091.8,13.041947965687283
3092.0,13.045667537457373
3092.2,12.95157379596188
3092.4,13.052291073135569
3092.6,13.099022285752987
3092.8,12.981397644767526
3093.0,12.86290834476823
3093.2,12.867347923074327
3093.4,12.91356125776629
3093.6,12.906005409546854
3093.8,13.09208190407565
3094.0,13.028810611784806
3094.2,12.995403686643474
3094.4,12.84349451317392
3094.6,13.013446318455959
3094.8,13.114250234652854
3095.0,13.113882249194909
3095.2,13.051768152892052
3095.4,13.026817054297844
3095.6,12.980285931628853
3095.8,13.230497621617705
3096.0,13.011770796717745
3096.2,13.143188269395507
3096.4,12.912414137649893
3096.6,12.964102243069814
3096.8,12.881734733028816
3097.0,12.910327574790399
3097.2,12.933169163452137
3097.4,12.970624238457871
3097.6,12.843849476549938
3097.8,12.854294650313708
3098.0,12.893304403702057
3098.2,12.917820293972955
3098.4,12.905110020303495
3098.6,13.010666452883271
3098.8,12.803415547280363
3099.0,12.833892075906741
3099.2,12.924743266894383
3099.4,13.090578958121231
3099.6,13.10142947125776
3099.8,13.425940449963798
3100.0,13.212205624985847
3100.2,13.36205612991558
3100.4,13.113633155527783
3100.6,13.325141572854795
3100.8,13.211185350765335
3101.0,13.047713124566858
3101.2,13.23534929893426
3101.4,13.439749972801096
3101.6,13.48986262524116
3101.8,13.434577059803823
3102.0,13.487256132951195
3102.2,13.41931367003032
3102.4,13.77994946845077
3102.6,13.662559531504428
3102.8,13.94625414043267
3103.0,14.333435061034264
3103.2,14.644664365587444
3103.4,14.328953338678193
3103.6,14.379612831600584
3103.8,13.84141316123614
3104.0,14.043680177224726
3104.2,14.291509535883302
3104.4,13.842031098342725
3104.6,14.149990722027235
3104.8,14.41735629663693
3105.0,14.663169631558128
3105.2,14.50168998690151
3105.4,14.717384961067427
3105.6,14.415216165547054
3105.8,14.602124541806226
3106.0,14.90640730236267
3106.2,14.478034612948372
3106.4,14.027161157831973
3106.6,14.322653147512462
3106.8,14.526020622356612
3107.0,14.569226907270394
3107.2,14.656192757070992
3107.4,14.787965350677867
3107.6,15.044768390140073
3107.8,15.004207717686684
3108.0,15.186590727510103
3108.2,15.259609368081264
3108.4,15.009283484547423
3108.6,15.22319356643607
3108.8,15.337740389503109
3109.0,14.934198338015023
3109.2,14.860253762197885
3109.4,14.923062685100277
3109.6,14.592312547500473
3109.8,14.596474428527078
3110.0,14.837654645435677
3110.2,14.69061671140465
3110.4,14.79814710908913
3110.6,14.488479310880555
3110.8,14.24105420177186
3111.0,14.27488370381002
3111.2,14.40213690833367
3111.4,14.519019900604667
3111.6,14.65640146597293
3111.8,14.522262785411584
3112.0,14.913976877326881
3112.2,14.527106893023179
3112.4,14.815122974739797
3112.6,14.592406992568659
3112.8,14.572846163935191
3113.0,14.415075730747361
3113.2,14.734884389925028
3113.4,14.592283035510714
3113.6,14.624105273511914
3113.8,14.827804134382747
3114.0,15.032986679954
3114.2,14.41904220978178
3114.4,14.068200220924943
3114.6,14.005330361706786
3114.8,13.804670807751862
3115.0,13.862285011709428
3115.2,13.610492779824419
3115.4,13.44801234788825
3115.6,13.41636864181572
3115.8,13.529197733760707
3116.0,13.417397953662375
3116.2,13.478922214938827
3116.4,13.52853681249405
3116.6,13.695762502932276
3116.8,13.568150971514633
3117.0,14.021336545559324
3117.2,14.098065186521755
3117.4,14.085304251525022
3117.6,13.92116953359086
3117.8,13.680518375211967
3118.0,13.788023494727087
3118.2,13.849197539217418
3118.4,14.07144637254834
3118.6,14.251428346093087
3118.8,14.46022713104635
3119.0,14.571679079773364
3119.2,14.008765427099217
3119.4,14.000358044251799
3119.6,13.782367239715143
3119.8,13.78077677943841
3120.0,13.63909575767302
3120.2,13.699502275135316
3120.4,13.879017129522428
3120.6,13.747181903254031
3120.8,13.790183654498275
3121.0,13.387796385107059
3121.2,13.557338564179949
3121.4,13.58145543381908
3121.6,13.656700219742294
3121.8,13.406497297629016
3122.0,13.552783947201954
3122.2,13.479957338703434
3122.4,13.61886462717494
3122.6,13.804837254453517
3122.8,13.757608992240522
3123.0,14.015313963034131
3123.2,13.789934889095342
3123.4,14.057275579943003
3123.6,13.719629416987342
3123.8,13.782518217189704
3124.0,13.842701772497968
3124.2,13.770763136262108
3124.4,13.797859292595327
3124.6,13.683793249059338
3124.8,13.86242312562076
3125.0,13.800041662511768
3125.2,14.109353044111291
3125.4,14.334178385418658
3125.6,14.320209876615591
3125.8,14.267291238401539
3126.0,14.167501335035551
3126.2,14.607615580375521
3126.4,14.728060094323926
3126.6,14.939281607474985
3126.8,14.448919452280627
3127.0,14.410062860447328
3127.2,14.38464278425592
3127.4,15.051765603565793
3127.6,14.727409058005673
3127.8,14.79222138543183
3128.0,14.959750722791869
3128.2,14.88190329346007
3128.4,14.366407105135963
3128.6,14.395612922548493
3128.8,14.160668914298489
3129.0,14.216843840924147
3129.2,13.983932230153684
3129.4,14.015665731289834
3129.6,13.879240571422812
3129.8,14.002410801155627
3130.0,13.861101662635498
3130.2,13.908637059862174
3130.4,13.868632091760256
3130.6,13.945189783406757
3130.8,14.087018096535395
3131.0,14.369439933794414
3131.2,14.48610801135515
3131.4,14.839347682627693
3131.6,14.693891750638318
3131.8,14.594597203609869
3132.0,14.746469236991686
3132.2,14.669796462172759
3132.4,14.527020322191472
3132.6,14.449303914454685
3132.8,14.651508811803511
3133.0,14.782292679437646
3133.2,14.781455468860557
3133.4,15.094012757244684
3133.6,14.950287447602497
3133.8,15.133108430558588
3134.0,14.67065761358006
3134.2,14.448680082593096
3134.4,14.709174161439522
3134.6,14.745870651141448
3134.8,15.04548306092692
3135.0,14.8366328802138
3135.2,15.512593564953185
3135.4,14.693689452699426
3135.6,14.34117978836543
3135.8,15.127202870620158
3136.0,15.65496181404887
3136.2,15.442003814645295
3136.4,15.199544331737682
3136.6,14.449338917254927
3136.8,14.53246778307281
3137.0,14.504246753857686
3137.2,15.380954912943661
3137.4,14.974701771337902
3137.6,15.221064949562953
3137.8,15.703673800718896
3138.0,15.008281672195164
3138.2,14.972817910041806
3138.4,14.261927680286007
3138.6,14.644778777871068
3138.8,14.913070956369538
3139.0,14.711373650104624
3139.2,15.237334528660293
3139.4,15.166284640025815
3139.6,14.490093999924111
3139.8,14.143845969462214
3140.0,14.203425917441468
3140.2,14.144323680668379
3140.4,14.212084537786433
3140.6,14.087140936149275
3140.8,14.249289351709617
3141.0,14.09759044568355
3141.2,14.015145037323506
3141.4,14.095762103764775
3141.6,14.17739578801999
3141.8,13.935327872214472
3142.0,13.88026651147144
3142.2,13.967123027228832
3142.4,14.166923220305689
3142.6,14.168729635142213
3142.8,14.482753040760644
3143.0,14.278703445005444
3143.2,14.340684462029012
3143.4,14.302724585192516
3143.6,14.20287220076057
3143.8,14.020153832171069
3144.0,13.82901618037138
3144.2,14.175241705825076
3144.4,14.378907423358378
3144.6,14.258524715300432
3144.8,14.079699340844943
3145.0,14.033209709043815
3145.2,14.069216438232282
3145.4,14.099200355842463
3145.6,14.018708891556116
3145.8,14.118175322000088
3146.0,13.981702587533531
3146.2,14.080674325483962
3146.4,13.976519184427989
3146.6,13.879376703625791
3146.8,14.263950687852144
3147.0,14.172915603908528
3147.2,14.017811804076112
3147.4,14.118287960349337
3147.6,14.067100874364089
3147.8,14.092288184901758
3148.0,13.861713842559027
3148.2,13.972888423858699
3148.4,13.986079806140065
3148.6,13.973493283090292
3148.8,13.914120833745985
3149.0,14.086947283650243
3149.2,13.924953554145459
3149.4,13.992779135290682
3149.6,13.975201192846061
3149.8,14.234872587346267
3150.0,13.822221216140118
3150.2,13.640307226576729
3150.4,13.821170842839294
3150.6,13.535642727246875
3150.8,13.843667320389903
3151.0,14.248701567959984
3151.2,13.984163864310284
3151.4,13.89447966997744
3151.6,13.908057888559231
3151.8,14.218125646053597
3152.0,14.06886503042866
3152.2,13.789671667805262
3152.4,14.055249188073407
3152.6,14.004678506795095
3152.8,14.049502164649532
3153.0,14.051912805421281
3153.2,14.000993389307016
3153.4,13.80678571503678
3153.6,14.074408883043985
3153.8,13.994963418071016
3154.0,13.996509499899322
3154.2,14.019910521788946
3154.4,14.178123648352472
3154.6,14.166941743500727
3154.8,14.261016505936494
3155.0,14.097109774524338
3155.2,13.951699491821962
3155.4,14.052133644514184
3155.6,13.807322923726893
3155.8,14.136338722109354
3156.0,14.027357286529526
3156.2,14.263209553168624
3156.4,14.110016434658341
3156.6,14.380592695863278
3156.8,14.516241081921038
3157.0,14.37236141046057
3157.2,14.310404272972956
3157.4,14.114785433387553
3157.6,14.242891585604877
3157.8,14.293791690661582
3158.0,14.153237282775581
3158.2,14.235580552015074
3158.4,14.07056369869447
3158.6,14.222664692509785
3158.8,14.103652256164507
3159.0,14.224463914474017
3159.2,14.146750293016122
3159.4,14.444136721945846
3159.6,14.5169641017435
3159.8,14.208952587033997
3160.0,14.05280402836282
3160.2,13.946408804778041
3160.4,14.023239069570687
3160.6,14.073233591467737
3160.8,14.136895792389542
3161.0,14.115024735457213
3161.2,13.918658169996574
3161.4,14.06386981643797
3161.6,14.122698610505118
3161.8,14.151797938629059
3162.0,14.062152815052508
3162.2,14.197318280500735
3162.4,14.264260812291933
3162.6,14.319272882180963
3162.8,14.268289239997603
3163.0,14.379190445714379
3163.2,14.084326879842576
3163.4,14.047505539821923
3163.6,13.87114819387043
3163.8,14.26163478307803
3164.0,14.210948577899064
3164.2,14.203413302858843
3164.4,14.047511903266525
3164.6,13.952262964994954
3164.8,14.12966461356385
3165.0,13.943532533553846
3165.2,14.013052990601189
3165.4,13.936713195708439
3165.6,14.120186411376547
3165.8,14.146613005262314
3166.0,14.307997431396203
3166.2,14.199464784517687
3166.4,14.280880621483805
3166.6,14.340034081451716
3166.8,14.066207503049315
3167.0,14.040082387211438
3167.2,14.043392730084888
3167.4,14.19110774038123
3167.6,14.178280877170927
3167.8,14.226031012101837
3168.0,14.303390076095184
3168.2,14.31097394945031
3168.4,14.168207868733884
3168.6,14.130696651814088
3168.8,14.323910058472165
3169.0,14.246636055192496
3169.2,14.17321480371724
3169.4,14.222669695087472
3169.6,14.27007899709116
3169.8,14.13340947381501
3170.0,13.656795171804607
3170.2,13.940604611689963
3170.4,13.79564793185277
3170.6,13.908188171518685
3170.8,13.851971909815399
3171.0,14.231747053806787
3171.2,14.104291882389216
3171.4,14.117709583439433
3171.6,13.961624782401596
3171.8,14.011098340861079
3172.0,14.09308805665739
3172.2,13.949735569381494
3172.4,14.007354165237514
3172.6,14.303229301662517
3172.8,14.399179204482902
3173.0,14.207054332739322
3173.2,14.175344601379527
3173.4,14.095058561587788
3173.6,14.171070682258467
3173.8,14.142556500298113
3174.0,13.864977116341624
3174.2,14.021982766837315
3174.4,13.84317116910696
3174.6,13.863303574737351
3174.8,13.672171029213587
3175.0,13.91705066368984
3175.2,14.103890123429796
3175.4,14.15711545947023
3175.6,13.910026206035742
3175.8,14.35242161589269
3176.0,14.074008551576169
3176.2,14.127513779453476
3176.4,14.050511603232433
3176.6,13.88471497168766
3176.8,14.045480592656212
3177.0,13.913217441266937
3177.2,13.829241269964918
3177.4,13.984130084118455
3177.6,13.60463817245066
3177.8,13.724986565347084
3178.0,13.690732299130563
3178.2,13.706200138760163
3178.4,13.87881548608059
3178.6,13.925259948693686
3178.8,13.941067312265073
3179.0,13.934256336131355
3179.2,14.38689598891928
3179.4,14.477817173998634
3179.6,14.551392098056235
3179.8,14.630243714973723
3180.0,14.495622038908865
3180.2,14.416768220020895
3180.4,14.22244803336473
3180.6,14.362417921449104
3180.8,14.74461553044742
3181.0,15.09105972159562
3181.2,14.756148024536708
3181.4,14.772989580876528
3181.6,14.878412305084582
3181.8,15.293846467114813
3182.0,15.033270124921208
3182.2,14.74093975478597
3182.4,14.963004984248862
3182.6,14.813306212633758
3182.8,14.624949955987972
3183.0,14.526480489830613
3183.2,14.320091539249425
3183.4,14.771786512406567
3183.6,14.708405630354001
3183.8,14.935128757890991
3184.0,14.709170002623754
3184.2,14.44766453188437
3184.4,14.292092961311578
3184.6,13.973818151775085
3184.8,13.708969421627815
3185.0,13.829752295604418
3185.2,13.570501087313865
3185.4,13.776015703822331
3185.6,13.733902005779504
3185.8,13.78991432285568
3186.0,13.735091915854262
3186.2,14.462596616920223
3186.4,14.96432126766335
3186.6,14.781039894741458
3186.8,15.186001901895905
3187.0,15.437123695161928
3187.2,15.533595108258346
3187.4,15.236543970214226
3187.6,15.150943422209542
3187.8,14.878651572738374
3188.0,14.601295553620087
3188.2,14.651239936335564
3188.4,14.51092990973166
3188.6,14.808535574660809
3188.8,14.888851000555444
3189.0,14.979968014463372
3189.2,14.272554501531474
3189.4,13.802886064831652
3189.6,13.785784418514309
3189.8,13.973384777590798
3190.0,14.12310394978531
3190.2,14.734257396442175
3190.4,14.542825929548089
3190.6,14.378339164693513
3190.8,14.776801041175764
3191.0,14.776321664491537
3191.2,14.886855684820139
3191.4,15.474185600517856
3191.6,14.802386537640423
3191.8,14.691256507342004
3192.0,14.659331015464616
3192.2,14.169900203731684
3192.4,14.420548011888991
3192.6,14.241810168898946
3192.8,15.106227782127386
3193.0,14.825738176375275
3193.2,14.25994242867511
3193.4,15.000818519712713
3193.6,15.20897848897741
3193.8,14.456370666194529
3194.0,14.579982085501431
3194.2,14.374246519487222
3194.4,14.964971583134503
3194.6,14.392146915381858
3194.8,14.766722136354094
3195.0,15.035557834048983
3195.2,14.979312467679293
3195.4,15.034174995898187
3195.6,15.337918473272573
3195.8,14.937082513292886
3196.0,14.560473932092075
3196.2,13.762431464817768
3196.4,13.768058373631158
3196.6,14.22866898323174
3196.8,14.20841538737454
3197.0,14.530637447224068
3197.2,14.159798038871518
3197.4,14.416638574665722
3197.6,14.11202585466148
3197.8,14.241006544380795
3198.0,14.251825447256163
3198.2,14.219359867247249
3198.4,14.383502512085402
3198.6,14.629047034273109
3198.8,14.542765562933802
3199.0,14.28096476973625
3199.2,13.823310208005182
3199.4,13.950921940666923
3199.6,14.194284428815422
3199.8,14.619461267467438
3200.0,14.641670300270913
3200.2,15.048175597818595
3200.4,15.173398413346673
3200.6,15.509705633210647
3200.8,15.26093151134848
3201.0,15.224970332251093
3201.2,15.344699312170016
3201.4,15.294211758680271
3201.6,15.114171407639894
3201.8,15.413938068037364
3202.0,15.453955814699313
3202.2,15.292552555926054
3202.4,15.113219702093176
3202.6,14.922824943193962
3202.8,15.746568604339368
3203.0,15.422551973730068
3203.2,15.100830353140871
3203.4,15.30125360390134
3203.6,15.01798341642738
3203.8,15.045401213425052
3204.0,15.43591919718761
3204.2,15.04678999131681
3204.4,15.109948939051016
3204.6,15.04978148834141
3204.8,14.997560808232409
3205.0,14.76260302372892
3205.2,15.449709776118091
3205.4,15.28565305620739
3205.6,14.890501465788146
3205.8,15.1502577934615
3206.0,15.152334295883566
3206.2,14.962947623358325
3206.4,15.237679303389285
3206.6,14.83539646346471
3206.8,14.806718368187482
3207.0,15.231814068237853
3207.2,15.15548175326871
3207.4,15.183543958280698
3207.6,15.354339240527267
3207.8,15.178159891161428
3208.0,15.201276471163315
3208.2,15.260802011972245
3208.4,15.173719069116686
3208.6,15.249098012092636
3208.8,15.302087139448448
3209.0,15.504371414652912
3209.2,15.422499174953412
3209.4,14.866687287835793
3209.6,15.245807284706427
3209.8,15.273076364778333
3210.0,15.498126655433547
3210.2,15.194611409165603
3210.4,15.14405977293141
3210.6,15.06185395684662
3210.8,15.148508239948882
3211.0,15.445718417782095
3211.2,15.381518994320004
3211.4,15.744643777552687
3211.6,15.593512198282314
3211.8,15.454482725757781
3212.0,15.466692842371934
3212.2,15.655296671879416
3212.4,14.946473476707338
3212.6,15.300248725041019
3212.8,15.347801162030839
3213.0,15.244451506165813
3213.2,15.11066034196142
3213.4,15.165150043270966
3213.6,15.737484120022776
3213.8,15.624634102859837
3214.0,15.141300085433368
3214.2,15.689171099283675
3214.4,15.389373964253089
3214.6,15.076419824926859
3214.8,14.80609605129937
3215.0,14.834142036727327
3215.2,14.518581868004821
3215.4,14.96773910477284
3215.6,15.395016725066712
3215.8,15.334207212949307
3216.0,15.257272947613878
3216.2,15.02077661076459
3216.4,15.38147395957456
3216.6,15.258492754892979
3216.8,14.706922020519196
3217.0,15.059720464986592
3217.2,15.111219387873904
3217.4,14.965426944143799
3217.6,14.61326883157357
3217.8,15.303342524065737
3218.0,15.340069536794738
3218.2,15.656891274700229
3218.4,15.735477865475843
3218.6,15.838247982403333
3218.8,15.48378765279459
3219.0,15.497953255431273
3219.2,15.165893467474984
3219.4,14.971263229347464
3219.6,15.252578502605381
3219.8,15.57467832542342
3220.0,15.695737667953258
3220.2,15.97740282350239
3220.4,16.000105678819224
3220.6,15.82570018982753
3220.8,15.63540713957365
3221.0,15.841426369355087
3221.2,15.792172416485483
3221.4,15.725895407457527
3221.6,15.037056790850032
3221.8,15.110807910571475
3222.0,15.32826624371786
3222.2,15.290787020250491
3222.4,15.444701639324997
3222.6,15.554575201515943
3222.8,15.478582471943295
3223.0,15.331745834569585
3223.2,15.391985633780926
3223.4,15.524500077189762
3223.6,15.811953885812171
3223.8,15.397700718540994
3224.0,15.247472512939188
3224.2,15.200771622602874
3224.4,15.602277473052009
3224.6,15.067243242346919
3224.8,15.647890703642435
3225.0,15.380978558678603
3225.2,14.80248353500067
3225.4,14.433381233120361
3225.6,14.299125098991956
3225.8,14.657542596937684
3226.0,14.943514185836202
3226.2,14.848611920892525
3226.4,14.971518487077095
3226.6,14.885139964280345
3226.8,14.718241072480545
3227.0,14.28630869614074
3227.2,14.364350037289771
3227.4,14.28254277007433
3227.6,14.572100349195495
3227.8,14.554172661878177
3228.0,14.340684226623605
3228.2,14.535054040776068
3228.4,14.32961771689876
3228.6,14.104871079170685
3228.8,14.267278391081419
3229.0,14.347382602870052
3229.2,14.48748437988323
3229.4,14.27431887742051
3229.6,14.648292151294322
3229.8,14.624329883226629
3230.0,14.491455082724578
3230.2,14.676964550573427
3230.4,14.585074714793913
3230.6,14.212319082496116
3230.8,14.514664658708849
3231.0,14.828948561574887
3231.2,14.237325720296232
3231.4,14.138430176110326
3231.6,14.104733299634036
3231.8,14.033198466612749
3232.0,14.129874655111166
3232.2,14.08102694273082
3232.4,14.487394048031074
3232.6,14.650463084104896
3232.8,14.474574689189675
3233.0,14.458657752871646
3233.2,14.512300313930677
3233.4,14.747158596285132
3233.6,14.741740983233132
3233.8,14.62834838130237
3234.0,14.931820747553386
3234.2,14.588777836276165
3234.4,15.112258447486859
3234.6,15.111614367053134
3234.8,15.11047486831945
3235.0,14.765385651316997
3235.2,14.705135145894692
3235.4,14.830485277293429
3235.6,14.728903283154448
3235.8,14.363164186085838
3236.0,14.214244593021828
3236.2,14.361845702754517
3236.4,14.464840047127518
3236.6,14.246873566909974
3236.8,14.258716373241839
3237.0,14.058018978905185
3237.2,14.067986853372288
3237.4,14.173101666529082
3237.6,14.379391596294377
3237.8,14.315529844852291
3238.0,14.04515359117067
3238.2,14.00851998467677
3238.4,14.122689849490953
3238.6,14.266560968511723
3238.8,14.678337662778688
3239.0,14.891389229698476
3239.2,14.479489656147875
3239.4,14.751478089462704
3239.6,14.734111880462152
3239.8,14.70801643368452
3240.0,14.64020141317852
3240.2,14.729762713313397
3240.4,14.66597988141837
3240.6,14.55789125076776
3240.8,14.837604889453367
3241.0,14.936302707211087
3241.2,14.456997488172004
3241.4,14.729478892199165
3241.6,14.789723469777787
3241.8,14.65148026928944
3242.0,14.387128989215705
3242.2,14.260126551088465
3242.4,13.83542745900791
3242.6,14.023467578354635
3242.8,14.220236726033546
3243.0,13.846648466471997
3243.2,13.9361794059764
3243.4,14.2275423670954
3243.6,14.272835254789273
3243.8,14.674115522032118
3244.0,14.540178840741111
3244.2,14.170080627784374
3244.4,14.18745648476179
3244.6,14.261427699805676
3244.8,14.284411929715272
3245.0,14.186770373839417
3245.2,14.07476442120448
3245.4,13.918228871512273
3245.6,14.030653591487493
3245.8,14.125491563259976
3246.0,13.95222414798238
3246.2,14.172037675091476
3246.4,14.038660663390603
3246.6,14.286202915896357
3246.8,13.885490742435934
3247.0,13.74794785871597
3247.2,13.81628596421475
3247.4,13.974357613184123
3247.6,14.172337859292734
3247.8,14.015900114065655
3248.0,13.675458943831828
3248.2,13.842805898249686
3248.4,14.112236840680081
3248.6,13.769851211842617
3248.8,13.7443819069005
3249.0,13.81465107970951
3249.2,13.85928815599666
3249.4,13.677774081812625
3249.6,13.887790249499037
3249.8,13.82226136440208
3250.0,13.837938403952887
3250.2,13.517209906937948
3250.4,13.611684799462473
3250.6,13.291344014198977
3250.8,13.658673036247968
3251.0,13.836088270791358
3251.2,13.605739674790913
3251.4,13.59249542860934
3251.6,13.602441486783764
3251.8,13.583440095678842
3252.0,13.553697732736776
3252.2,13.591103777345403
3252.4,13.66800775074947
3252.6,13.921953257851321
3252.8,14.002735545418865
3253.0,14.060221701039344
3253.2,14.021340258876744
3253.4,14.261051329450074
3253.6,14.017072362306083
3253.8,14.161801484893218
3254.0,14.06248169542269
3254.2,14.263440111884973
3254.4,14.293205673716042
3254.6,14.440875939562348
3254.8,14.436487186306062
3255.0,14.309324602881334
3255.2,14.107152086994315
3255.4,13.985926568574437
3255.6,14.331483082647319
3255.8,14.233794595791531
3256.0,14.208244878040182
3256.2,14.049095825785836
3256.4,14.184514221490684
3256.6,14.23940358779469
3256.8,14.096171152215145
3257.0,13.903467764637465
3257.2,13.82434318984785
3257.4,13.984929142921672
3257.6,13.934877856435124
3257.8,13.844536187572483
3258.0,13.90421121879161
3258.2,14.27994586437358
3258.4,14.224249982779028
3258.6,14.117323274202816
3258.8,14.077430272352917
3259.0,14.705499749579259
3259.2,14.418381549904565
3259.4,14.66816643192174
3259.6,14.294027213305327
3259.8,14.460119230086882
3260.0,14.551368670505687
3260.2,14.297093776413337
3260.4,14.05342040757125
3260.6,13.943944019464244
3260.8,14.071870687633403
3261.0,14.02863878145497
3261.2,13.934190893404763
3261.4,13.885926422371826
3261.6,13.878477839159324
3261.8,13.731338510186418
3262.0,13.859473842289603
3262.2,13.788321646751239
3262.4,13.73607235437939
3262.6,13.754553023154923
3262.8,13.690026605554227
3263.0,13.984939616328194
3263.2,13.773141860848298
3263.4,13.962985295762005
3263.6,14.093019937539214
3263.8,13.90359527012511
3264.0,13.952190004008765
3264.2,13.772053793755596
3264.4,13.80679265170784
3264.6,13.808038792195967
3264.8,14.183207621091135
3265.0,14.008356675988761
3265.2,14.033658277879823
3265.4,13.73145656420853
3265.6,13.91041667204011
3265.8,13.979987112038197
3266.0,13.914229056788878
3266.2,14.450704675704626
3266.4,13.974698990553033
3266.6,13.736549836505684
3266.8,14.078762077458615
3267.0,14.00206484475283
3267.2,14.108722117209071
3267.4,13.73965726422105
3267.6,13.925887407142646
3267.8,14.20583866501126
3268.0,14.183910076750266
3268.2,14.65486515783745
3268.4,14.871240405029925
3268.6,14.347431616218087
3268.8,14.402709402374532
3269.0,14.25124210006996
3269.2,14.447162005034409
3269.4,14.120766966411624
3269.6,14.308675980746049
3269.8,14.297485189376404
3270.0,14.06919577560626
3270.2,14.501646025819655
3270.4,14.383770961520257
3270.6,14.259720558482325
3270.8,14.60203257634791
3271.0,13.924904855664552
3271.2,14.11926621417795
3271.4,14.25269190532121
3271.6,13.977610669081326
3271.8,13.94803722946661
3272.0,14.086651097201191
3272.2,14.312719263727667
3272.4,13.990364283393932
3272.6,14.380066511939578
3272.8,14.014881784465365
3273.0,13.912988762972159
3273.2,14.418722121083826
3273.4,14.010717887477842
3273.6,14.225586190663769
3273.8,14.32667085230073
3274.0,14.556084589927078
3274.2,14.063909909836632
3274.4,14.075044991230603
3274.6,13.933905615617974
3274.8,13.955308117741858
3275.0,14.121591521077422
3275.2,14.349227508132431
3275.4,14.251063146344169
3275.6,13.977987386038519
3275.8,14.203796077184174
3276.0,14.033846074394479
3276.2,13.97233116320926
3276.4,14.14738874462829
3276.6,13.731386888874207
3276.8,13.80620823174546
3277.0,13.834164187189945
3277.2,13.861421386434571
3277.4,13.763872904048783
3277.6,13.750668207089404
3277.8,13.838217635126826
3278.0,13.84954452565772
3278.2,13.815426499705376
3278.4,13.994789098355234
3278.6,14.083256813776002
3278.8,13.987004334602783
3279.0,14.070469140481682
3279.2,13.995389684433901
3279.4,13.965191978970317
3279.6,14.038414204358585
3279.8,14.05785266863594
3280.0,14.17789959756192
3280.2,13.994762558656
3280.4,14.033428305430755
3280.6,14.058634447359598
3280.8,14.152781591610388
3281.0,14.613041454374544
3281.2,14.740041431472186
3281.4,14.874435863498732
3281.6,14.762021570496955
3281.8,14.719852979481283
3282.0,14.49412885931409
3282.2,14.436104598641252
3282.4,14.499847658077838
3282.6,15.202217831918976
3282.8,14.813286111680664
3283.0,14.611174449463999
3283.2,14.605056252430938
3283.4,14.289229366650511
3283.6,14.552328029179515
3283.8,14.668224121289553
3284.0,14.346864828239756
3284.2,14.522413850932312
3284.4,14.36269829769393
3284.6,14.640890711798214
3284.8,14.435998006508468
3285.0,14.16447978696581
3285.2,14.426708963441238
3285.4,14.330496870696752
3285.6,14.082431009016318
3285.8,14.201614620738903
3286.0,14.29276572120175
3286.2,14.156375837544104
3286.4,14.05666941891375
3286.6,14.33951872496323
3286.8,14.440662408663758
3287.0,14.504034465117694
3287.2,14.170128782131089
3287.4,14.209770309175704
3287.6,13.950988783899017
3287.8,14.628777800271566
3288.0,14.091480067494192
3288.2,14.611895985728276
3288.4,14.43191268210246
3288.6,14.628639133710221
3288.8,14.196060476732363
3289.0,14.27814841269684
3289.2,13.98584679870988
3289.4,13.72702304443692
3289.6,13.993526250620313
3289.8,13.91741194960443
3290.0,14.01707948500253
3290.2,14.115970189852769
3290.4,13.989272962488926
3290.6,14.339255342736175
3290.8,14.041887159648017
3291.0,13.840170281589936
3291.2,13.929333030073206
3291.4,13.801239514114393
3291.6,14.206069115579867
3291.8,14.13058555388824
3292.0,14.05361512305797
3292.2,14.208077624007124
3292.4,14.017108099097284
3292.6,14.230755388813465
3292.8,14.156511159822813
3293.0,14.169208110106105
3293.2,14.232026247993517
3293.4,14.251654401687246
3293.6,14.296406762341382
3293.8,14.422275905659799
3294.0,14.266149093855002
3294.2,14.084132847353546
3294.4,14.530193507735888
3294.6,14.590652540736755
3294.8,14.176351537872069
3295.0,14.195589892626097
3295.2,14.19820901365032
3295.4,14.56901922235188
3295.6,14.03291980712994
3295.8,14.310284469195903
3296.0,13.9164116520506
3296.2,14.011865101914802
3296.4,14.187488195446745
3296.6,14.338343910478555
3296.8,14.3766347050697
3297.0,14.524657522625244
3297.2,14.143128473754285
3297.4,14.056423008521898
3297.6,14.120775522920388
3297.8,14.024203785029234
3298.0,14.282078958879886
3298.2,14.316038212989703
3298.4,14.396168489795748
3298.6,14.316873365459733
3298.8,14.057876677995488
3299.0,14.20621821873347
3299.2,14.521485686458703
3299.4,14.159309376268602
3299.6,13.874132361970219
3299.8,14.02471904630243
3300.0,13.920734318782156
3300.2,14.123251261737494
3300.4,14.244355390275977
3300.6,13.838048460942812
3300.8,14.40273533081481
3301.0,14.392341783896851
3301.2,14.49302221307253
3301.4,14.193970418330872
3301.6,14.257418621293931
3301.8,14.128284429131092
3302.0,14.389116822269967
3302.2,14.271264786430464
3302.4,14.355899820091429
3302.6,13.876892968333577
3302.8,13.820814482192505
3303.0,13.895708552887536
3303.2,13.704780079636498
3303.4,13.789941772970051
3303.6,13.780247513658203
3303.8,13.695699593384711
3304.0,13.958020908007182
3304.2,13.802900227684294
3304.4,13.737286065218928
3304.6,13.85658297115214
3304.8,14.00169519067389
3305.0,13.892570472906785
3305.2,14.095884887381093
3305.4,14.493169186484597
3305.6,14.282165177519087
3305.8,14.394523235134395
3306.0,14.004101764239918
3306.2,14.122020599469082
3306.4,14.188460802969809
3306.6,13.92566565541111
3306.8,13.976059840435262
3307.0,14.109982327197962
3307.2,14.177467977696095
3307.4,14.008994129583442
3307.6,14.035561602940277
3307.8,14.040220746801317
3308.0,14.047951676847115
3308.2,14.225515964288913
3308.4,14.030072028849007
3308.6,13.85462152824713
3308.8,13.851590358691492
3309.0,13.848585948918508
3309.2,13.811681751861972
3309.4,13.686261787573912
3309.6,13.815819918277478
3309.8,13.905421558547214
3310.0,13.957113636697919
3310.2,13.958311084969555
3310.4,13.87342260857097
3310.6,13.930076756131001
3310.8,14.094898249103363
3311.0,14.095159386890561
3311.2,14.013151392325634
3311.4,13.901983335297768
3311.6,13.765420424414714
3311.8,13.811639067686894
3312.0,13.849155716162116
3312.2,13.77195854592731
3312.4,13.907363573866318
3312.6,13.953718702557381
3312.8,13.881234062681875
3313.0,13.878345546954447
3313.2,13.872694210266296
3313.4,13.760729407362502
3313.6,13.695151808026267
3313.8,13.811280628356304
3314.0,13.602896853910313
3314.2,13.78976735140869
3314.4,13.913460277719205
3314.6,13.84449585509126
3314.8,13.613515394684985
3315.0,13.983303437197499
3315.2,14.017996996850947
3315.4,13.809748002620111
3315.6,13.927980132436977
3315.8,13.825915938924505
3316.0,13.73258775517559
3316.2,13.817251230802807
3316.4,13.829060732359398
3316.6,13.825061810026206
3316.8,13.936918990270929
3317.0,13.762750031788602
3317.2,13.776985631875851
3317.4,14.066597080191702
3317.6,14.066677090247984
3317.8,14.256337574479307
3318.0,14.211721625770338
3318.2,14.288822589079256
3318.4,14.724450090771748
3318.6,14.283503996274051
3318.8,14.156262966556245
3319.0,14.237836017025602
3319.2,14.124951079242754
3319.4,13.878534519849621
3319.6,13.844724266052337
3319.8,13.815565713973088
3320.0,13.99039151495188
3320.2,13.881180872748839
3320.4,13.970297423629418
3320.6,13.70853724013033
3320.8,13.653076481515177
3321.0,13.735693582736932
3321.2,14.042223209295157
3321.4,14.349983848865172
3321.6,14.2402665804054
3321.8,13.929867112890275
3322.0,14.229355774156836
3322.2,14.211040471506367
3322.4,14.10206421568606
3322.6,14.532571318447172
3322.8,14.95845230734717
3323.0,14.271170539193898
3323.2,14.533199620548917
3323.4,14.73849761697936
3323.6,14.54240905457233
3323.8,14.446549154410564
3324.0,14.431268950383094
3324.2,14.355591110282928
3324.4,14.667858813245653
3324.6,14.999856289599343
3324.8,14.553148341383409
3325.0,14.723813185096803
3325.2,14.38321983261054
3325.4,14.17054471846307
3325.6,14.128612090235457
3325.8,14.191137882599387
3326.0,14.34920799845068
3326.2,14.943842864353767
3326.4,14.738612655067646
3326.6,14.462522577529962
3326.8,14.375296016600299
3327.0,14.484179739791294
3327.2,14.695018786620048
3327.4,14.542352727294785
3327.6,14.60918987611632
3327.8,14.46597254800453
3328.0,14.604376826878598
3328.2,14.397892471130408
3328.4,14.830570228299267
3328.6,14.630390477246182
3328.8,15.050943980960511
3329.0,14.385377080261401
3329.2,14.541060478344674
3329.4,14.692773786306548
3329.6,14.24004254103015
3329.8,14.922331273734004
3330.0,14.52334105854073
3330.2,14.568091183346837
3330.4,14.684488625246281
3330.6,14.419055186522492
3330.8,14.62673859285595
3331.0,14.637666171668801
3331.2,14.760754588541445
3331.4,14.508371813615554
3331.6,14.48159488565912
3331.8,14.293609828706922
3332.0,14.805127591555387
3332.2,14.576388976766877
3332.4,14.994992723308
3332.6,14.88779798122226
3332.8,14.71824432359088
3333.0,14.841783525765585
3333.2,14.947269667983411
3333.4,14.89333512845413
3333.6,15.01159052592487
3333.8,15.082519360597422
3334.0,14.997811789567644
3334.2,15.068118486024982
3334.4,14.73200632327897
3334.6,15.114318665217393
3334.8,14.95240640502844
3335.0,14.67748929077002
3335.2,15.070690683573368
3335.4,14.642363989099936
3335.6,14.887658464905583
3335.8,14.71788768209656
3336.0,14.703301593078812
3336.2,14.784273828363643
3336.4,14.728557144354193
3336.6,14.446158979152134
3336.8,14.813698225828201
3337.0,15.408643780896798
3337.2,14.860412474374696
3337.4,14.968656757719527
3337.6,14.99625235396577
3337.8,14.812621107160071
3338.0,14.321480152244419
3338.2,14.583096797935607
3338.4,14.57086669088218
3338.6,14.90765032800108
3338.8,14.624730006687383
3339.0,14.852851921664328
3339.2,14.532595020593268
3339.4,14.481561598097855
3339.6,14.42293459925174
3339.8,14.31264860726942
3340.0,14.506508503695372
3340.2,14.703786030546919
3340.4,14.70707695577538
3340.6,14.732266367373612
3340.8,15.061265277581777
3341.0,14.665298701062213
3341.2,14.853630414033173
3341.4,14.994944884683534
3341.6,15.302994090616126
3341.8,15.412370277494391
3342.0,15.177308965959433
3342.2,15.376187249545579
3342.4,14.932916440397246
3342.6,14.854906613945237
3342.8,14.554204360765874
3343.0,14.67038536912056
3343.2,14.084627806852472
3343.4,14.379505550233475
3343.6,14.443525869874946
3343.8,14.01953213743466
3344.0,14.313306430586506
3344.2,14.541614369413702
3344.4,14.9843189553251
3344.6,14.822276478856299
3344.8,14.64124918730062
3345.0,14.907853886382183
3345.2,14.90669314392739
3345.4,14.464434038755273
3345.6,14.704385184903783
3345.8,15.07282173130994
3346.0,15.102622050330542
3346.2,14.685827731620623
3346.4,14.41773143255531
3346.6,14.695277704574314
3346.8,14.907765828828516
3347.0,14.956244801271882
3347.2,15.013685374370354
3347.4,15.395522993142086
3347.6,15.147178548868688
3347.8,14.97444175989587
3348.0,15.280675257359988
3348.2,14.835589635880183
3348.4,15.35913610571449
3348.6,15.33189196888684
3348.8,14.905178530018116
3349.0,15.18963359826143
3349.2,15.214376098977468
3349.4,15.254087662582545
3349.6,15.0231809550369
3349.8,15.130225061162914
3350.0,15.07061397064187
3350.2,15.1221309324914
3350.4,15.360969049192084
3350.6,15.199599897915965
3350.8,15.047943373824314
3351.0,14.719511417919446
3351.2,14.74770545026422
3351.4,14.957755139824503
3351.6,14.96995521786275
3351.8,14.993026879711941
3352.0,14.862737547332394
3352.2,15.071439338947258
3352.4,15.100340343218674
3352.6,14.96096786878992
3352.8,15.050515278004152
3353.0,15.050661244776812
3353.2,14.88277287072701
3353.4,15.013124584626565
3353.6,15.092742661738699
3353.8,15.095616605124519
3354.0,14.900738213495952
3354.2,14.84872266082958
3354.4,14.600922348841099
3354.6,14.710049374854739
3354.8,14.591169198118354
3355.0,14.876088302590531
3355.2,14.642789882992858
3355.4,14.749360280457594
3355.6,15.034950644339716
3355.8,14.646197428262745
3356.0,14.776763622439276
3356.2,14.796161595680207
3356.4,14.629828606496813
3356.6,14.660418414833282
3356.8,14.67813265048034
3357.0,14.821438184620156
3357.2,14.665019880096061
3357.4,14.598650903863792
3357.6,14.64554462253969
3357.8,14.836363242744442
3358.0,14.79555683079106
3358.2,14.698336938170707
3358.4,14.562086621587252
3358.6,14.615991660836906
3358.8,14.831474400410826
3359.0,14.648828401192661
3359.2,14.497637395477609
3359.4,14.453461083097373
3359.6,14.37741682940449
3359.8,14.85990254281694
3360.0,14.591185918256151
3360.2,14.652755224742322
3360.4,14.516741441835837
3360.6,14.527905453159278
3360.8,14.279684062309084
3361.0,14.203337499909889
3361.2,14.272362141472515
3361.4,14.61561482220485
3361.6,14.456417089886553
3361.8,14.565133315849721
3362.0,14.463835287658906
3362.2,14.545608859681858
3362.4,14.065058682890585
3362.6,14.63933071557303
3362.8,14.46500434815579
3363.0,14.441673154557632
3363.2,14.642122658485203
3363.4,14.539758919194444
3363.6,14.261735246652538
3363.8,14.423339306306564
3364.0,14.437736487916633
3364.2,14.327583739760087
3364.4,14.514841859700793
3364.6,14.43981712133202
3364.8,14.498463769727604
3365.0,14.484670232036486
3365.2,14.543084742997443
3365.4,14.540880604515078
3365.6,14.26943012321798
3365.8,14.472961220550202
3366.0,14.14630683841592
3366.2,14.027391877268263
3366.4,14.177932859629276
3366.6,14.243627930572346
3366.8,14.230503084835206
3367.0,14.286662892504975
3367.2,14.3005325241642
3367.4,14.265050015011791
3367.6,14.41748841273412
3367.8,14.16023966569026
3368.0,14.205140746651965
3368.2,13.98690786668437
3368.4,14.189252783696794
3368.6,14.16766581462064
3368.8,14.090993835280322
3369.0,14.107470563670228
3369.2,14.284542684917586
3369.4,14.213498466393801
3369.6,14.325508733427561
3369.8,14.44543531538171
3370.0,14.30252603405885
3370.2,14.233596558159933
3370.4,14.452229353792328
3370.6,14.145263053433972
3370.8,14.68679815630936
3371.0,14.403117253387476
3371.2,14.355429742192285
3371.4,14.374503890591424
3371.6,14.232032914586343
3371.8,14.504734436448626
3372.0,14.330924124990121
3372.2,14.180659645421716
3372.4,14.327232101351628
3372.6,14.407860672120762
3372.8,14.770886601499518
3373.0,14.699205696631548
3373.2,14.809384863179698
3373.4,14.826188085689655
3373.6,14.75208754784203
3373.8,14.583659471077851
3374.0,14.51755997293116
3374.2,14.463609485576622
3374.4,14.571216452071052
3374.6,14.489265501517824
3374.8,14.53505430212169
3375.0,14.595289754919163
3375.2,14.441223359837368
3375.4,14.299194497735805
3375.6,14.188696445746933
3375.8,14.35690565471371
3376.0,14.354343347043173
3376.2,14.03405815467455
3376.4,14.089301941238592
3376.6,13.938422682909144
3376.8,14.295711161406109
3377.0,14.337158318064262
3377.2,14.143920982136997
3377.4,14.211717128253724
3377.6,14.065374745921668
3377.8,14.24556305600513
3378.0,14.166595738773779
3378.2,14.465488925369117
3378.4,14.175595009352433
3378.6,14.30200883947631
3378.8,14.447187100040402
3379.0,14.402856857286139
3379.2,14.479103912455598
3379.4,14.307424528629426
3379.6,13.97564758549857
3379.8,13.878520822324894
3380.0,13.8208327138652
3380.2,13.984350242867183
3380.4,13.926436435244792
3380.6,13.813541364477153
3380.8,13.601126917908914
3381.0,13.939282993335887
3381.2,13.894202443390677
3381.4,14.051910243001869
3381.6,13.79885530784133
3381.8,13.962688670944377
3382.0,13.738593430865937
3382.2,13.55753866570508
3382.4,13.920296173645658
3382.6,13.788147915057362
3382.8,13.868678623688552
3383.0,14.117720994664445
3383.2,14.040439424240919
3383.4,14.158550842036338
3383.6,13.775437597724519
3383.8,14.288466511700799
3384.0,14.43303297434564
3384.2,14.267584507546246
3384.4,14.13477054784389
3384.6,14.682720540334753
3384.8,14.112256812699378
3385.0,13.989032400153059
3385.2,13.690638853335937
3385.4,14.020367290123538
3385.6,14.016856169479016
3385.8,14.18347346724271
3386.0,14.563292324080235
3386.2,14.290205551667691
3386.4,14.073725667265753
3386.6,14.355660201267371
3386.8,14.15265908153373
3387.0,14.422883121932959
3387.2,14.504848089972796
3387.4,14.444435544746392
3387.6,14.742748404766095
3387.8,15.041315920626445
3388.0,14.489403717510603
3388.2,14.274077696354388
3388.4,14.249853891185179
3388.6,14.235179411098642
3388.8,14.174612706413846
3389.0,14.283559987944654
3389.2,14.114670142557458
3389.4,14.092277905922073
3389.6,14.219126986215482
3389.8,14.651873760983493
3390.0,14.65628945821277
3390.2,14.664305715777195
3390.4,15.08738307982769
3390.6,15.00634189135913
3390.8,14.863005159220869
3391.0,14.78836302763
3391.2,14.886131643575329
3391.4,14.426501156470223
3391.6,14.755995815453566
3391.8,14.858304273383098
3392.0,15.020198208499734
3392.2,15.040042104218214
3392.4,14.931206826587456
3392.6,15.01712448188194
3392.8,14.884270289388027
3393.0,14.957585845119603
3393.2,15.038265397188253
3393.4,14.70400708544049
3393.6,15.341536337249567
3393.8,14.97153136292795
3394.0,15.204892226184475
3394.2,14.920688699546904
3394.4,14.916104139132923
3394.6,15.154193656024994
3394.8,15.069271350382463
3395.0,14.962364463757165
3395.2,14.909245082979067
3395.4,14.388861275669324
3395.6,14.451776456844566
3395.8,14.617539838758603
3396.0,14.47410522119361
3396.2,14.657443631320104
3396.4,14.798663619371839
3396.6,14.665883203074204
3396.8,14.889555429825723
3397.0,14.622259492261083
3397.2,14.662181193715798
3397.4,14.35475572849029
3397.6,14.500770119312483
3397.8,14.730838592656587
3398.0,14.448624073869507
3398.2,14.372086504920372
3398.4,14.766584335024394
3398.6,14.648413808128325
3398.8,14.76685404866081
3399.0,14.963572819969206
3399.2,14.98165243291078
3399.4,15.338849888187463
3399.6,14.783776594026962
3399.8,15.154122960243514
3400.0,14.930585421487258
3400.2,14.916159757975382
3400.4,14.83718042078782
3400.6,14.70113440731485
3400.8,14.879773027819184
3401.0,14.86874797127345
3401.2,15.023046006984133
3401.4,14.760157022560957
3401.6,14.479543635799761
3401.8,14.649106726255916
3402.0,14.772437179063756
3402.2,14.64251263242356
3402.4,14.640122346630024
3402.6,14.46028841578787
3402.8,14.520228371731251
3403.0,14.604802433860547
3403.2,14.555225339480131
3403.4,14.674566018959048
3403.6,14.446872893696804
3403.8,14.428917995736775
3404.0,14.737541781821301
3404.2,14.70701240556058
3404.4,14.933438188827697
3404.6,14.779634160894888
3404.8,14.842129857729201
3405.0,14.651741350437765
3405.2,14.93492639014859
3405.4,14.669956774455317
3405.6,14.34613921660869
3405.8,14.486582193390294
3406.0,14.365449947734788
3406.2,14.321506016821655
3406.4,14.513490969368398
3406.6,14.61033340938548
3406.8,14.943318604140268
3407.0,14.722616896756035
3407.2,14.518571622220746
3407.4,14.952945983864993
3407.6,15.0161849073605
3407.8,14.653157079938822
3408.0,14.426033577641107
3408.2,14.187945491017233
3408.4,14.524445860970248
3408.6,14.152415949928336
3408.8,14.64043948973686
3409.0,14.380021885774251
3409.2,14.414241542799378
3409.4,13.986499744428118
3409.6,14.25378395839652
3409.8,14.512251178683472
3410.0,14.200922095641218
3410.2,14.324397179398584
3410.4,14.43427177588249
3410.6,14.09041323612806
3410.8,14.210740825568786
3411.0,14.512478691592559
3411.2,14.332455507706896
3411.4,14.439035252364507
3411.6,14.340934866205394
3411.8,14.598228763215939
3412.0,14.465225530303265
3412.2,14.669428007337341
3412.4,14.658834616112852
3412.6,14.386885951403386
3412.8,14.507067619059907
3413.0,14.594413732180678
3413.2,14.658299368466514
3413.4,14.215361713103889
3413.6,14.147480205446127
3413.8,14.518190597994515
3414.0,14.665493261408287
3414.2,14.72857930197809
3414.4,14.57072917149862
3414.6,14.264423671290263
3414.8,14.473506792708609
3415.0,14.368661941392745
3415.2,14.539054470787026
3415.4,14.548130740288904
3415.6,14.157633964236256
3415.8,14.220318680213175
3416.0,14.601014866312287
3416.2,14.463303504542893
3416.4,13.960017097907029
3416.6,14.329871880098157
3416.8,14.228118237700045
3417.0,14.05234391434244
3417.2,14.483668403267654
3417.4,14.18278686274013
3417.6,14.893161118463818
3417.8,14.762504973082926
3418.0,15.231902006749607
3418.2,14.765281452173596
3418.4,14.474225310183456
3418.6,14.67852504992511
3418.8,14.843687331830242
3419.0,14.014456598549557
3419.2,13.989195286462222
3419.4,13.898174429001154
3419.6,13.525898424367567
3419.8,13.574440904590698
3420.0,13.784190197129893
3420.2,13.857846932133977
3420.4,13.914449317497159
3420.6,13.829811490949693
3420.8,13.806826240438117
3421.0,13.63132490321763
3421.2,13.902209597128719
3421.4,13.814171722729156
3421.6,13.701673979980441
3421.8,13.719502961848434
3422.0,13.705711519008027
3422.2,13.668127750230937
3422.4,13.423202353094883
3422.6,13.56425676930828
3422.8,13.552309255476185
3423.0,13.850065657340185
3423.2,13.73786642597873
3423.4,13.996035319580859
3423.6,14.084040370314796
3423.8,14.437842642187286
3424.0,14.07500484010705
3424.2,13.81611708244452
3424.4,14.336168987571762
3424.6,14.482789017930951
3424.8,14.28464514168548
3425.0,14.197816314999825
3425.2,14.23918925893698
3425.4,14.17243624004204
3425.6,14.119129490001331
3425.8,14.294578304780604
3426.0,14.037601451923765
3426.2,14.195875382069126
3426.4,14.178942247763594
3426.6,14.73835261333479
3426.8,14.066395695709259
3427.0,14.216880164548725
3427.2,14.15672855402384
3427.4,13.84565095004808
3427.6,14.01462120420109
3427.8,14.134654416685422
3428.0,14.129922017024617
3428.2,14.14488216695706
3428.4,14.001422322933072
3428.6,14.284561711273245
3428.8,14.307680028773262
3429.0,14.402582965679922
3429.2,13.969369875600199
3429.4,14.033450309729531
3429.6,14.209885620274282
3429.8,14.087713855886017
3430.0,14.09213728207744
3430.2,13.96446511466317
3430.4,13.863388613763615
3430.6,13.938519389895223
3430.8,14.268628981664154
3431.0,13.906471955297508
3431.2,13.902893472659022
3431.4,13.956917083821992
3431.6,13.818162681488797
3431.8,13.744152815683302
3432.0,13.845824772546775
3432.2,14.0116598054156
3432.4,13.993533819236458
3432.6,13.952968692064548
3432.8,13.915806051984514
3433.0,13.9010153517242
3433.2,13.961750869161214
3433.4,13.831668811978844
3433.6,13.844740442866675
3433.8,13.83247336854349
3434.0,13.551409645426089
3434.2,13.717475234659993
3434.4,13.75646487852884
3434.6,13.786483770338997
3434.8,13.876080566916213
3435.0,14.063919951131021
3435.2,13.946028569376947
3435.4,14.065917936637884
3435.6,13.838430368955715
3435.8,13.716857472202582
3436.0,13.681129779170773
3436.2,13.883302896334326
3436.4,14.1637363576418
3436.6,14.051397402342726
3436.8,14.060766154199527
3437.0,14.097364042638727
3437.2,14.217744094560578
3437.4,13.99950078942187
3437.6,14.108587698511045
3437.8,14.051726436328893
3438.0,13.99151473608386
3438.2,13.904707004835297
3438.4,13.809445574177028
3438.6,13.755342402802208
3438.8,13.802524734452357
3439.0,13.70555302653626
3439.2,14.037872693380809
3439.4,13.72787535753535
3439.6,13.913970525643496
3439.8,13.921866380784786
3440.0,13.911356161529891
3440.2,13.78489114024044
3440.4,13.807586705800652
3440.6,13.917607340744993
3440.8,13.848589020319181
3441.0,13.79852760479831
3441.2,13.984899409616673
3441.4,13.60621292877434
3441.6,13.75581571523303
3441.8,13.847193030575715
3442.0,13.759250811144032
3442.2,13.856924823370864
3442.4,13.93255756930045
3442.6,13.99356037428169
3442.8,14.00529838046365
3443.0,13.81870583466712
3443.2,13.903847324067439
3443.4,13.919290309675452
3443.6,14.101538399619582
3443.8,13.858703620573404
3444.0,14.003614647518956
3444.2,14.015800128790383
3444.4,13.755140513515398
3444.6,13.85808779256196
3444.8,13.972648751154102
3445.0,14.074137429932659
3445.2,13.902308420233213
3445.4,14.025519576001306
3445.6,14.06761531693044
3445.8,14.101642432910122
3446.0,13.860213873926794
3446.2,13.765053408500812
3446.4,13.65760382002482
3446.6,13.71700183920561
3446.8,13.799691797584755
3447.0,13.809084234650138
3447.2,13.78814817170539
3447.4,13.83638161790847
3447.6,13.673447966164439
3447.8,13.704569527097183
3448.0,13.728803389172876
3448.2,13.612467287574816
3448.4,13.531715586296123
3448.6,13.74832146403297
3448.8,13.6319089896062
3449.0,13.466933714175946
3449.2,13.565595745203435
3449.4,13.546544004950311
3449.6,13.49662381028204
3449.8,13.517974040800985
3450.0,13.499269250074423
3450.2,13.579235713682063
3450.4,13.411964027821364
3450.6,13.441056625799764
3450.8,13.498354558192693
3451.0,13.68226800474557
3451.2,13.35665880566533
3451.4,13.617482593526688
3451.6,13.548580273081177
3451.8,13.351889810600996
3452.0,13.487407931168567
3452.2,13.55184381755729
3452.4,13.562651970314029
3452.6,13.428179432964175
3452.8,13.507052801034593
3453.0,13.53898807235051
3453.2,13.488152112356717
3453.4,13.666054600224927
3453.6,13.55209900295151
3453.8,13.87105210092632
3454.0,13.891183175096735
3454.2,13.822139364880412
3454.4,13.789175274115008
3454.6,13.89949328625616
3454.8,14.158007289521917
3455.0,13.947676953222203
3455.2,14.073955949573094
3455.4,13.94885746208292
3455.6,13.931059242690484
3455.8,14.069499126895224
3456.0,14.126035281661036
3456.2,14.296756911377189
3456.4,14.294844750635
3456.6,14.135792000784718
3456.8,14.471127291694838
3457.0,14.214995582463315
3457.2,14.748728192968523
3457.4,15.100710019592512
3457.6,14.775444925542791
3457.8,14.936492245259492
3458.0,14.710343687687377
3458.2,15.015772709131525
3458.4,14.535433215898419
3458.6,14.625631947846763
3458.8,14.776101829969736
3459.0,14.805276252644564
3459.2,14.690274835349822
3459.4,14.371106853211968
3459.6,14.184380210947724
3459.8,14.754012971651543
3460.0,14.939984668594384
3460.2,15.138408935384648
3460.4,15.046079455876779
3460.6,15.357199503381997
3460.8,15.889240980022857
3461.0,15.263241492326545
3461.2,14.925741908315509
3461.4,15.048083482449721
3461.6,15.171240888149537
3461.8,15.048060251203836
3462.0,15.266757459431927
3462.2,14.879372732540368
3462.4,15.20078554846631
3462.6,14.918784746779082
3462.8,15.175297036601075
3463.0,15.000637370574585
3463.2,14.710586186674695
3463.4,15.2803756730547
3463.6,14.503443597972517
3463.8,14.882031219457746
3464.0,14.749509861600586
3464.2,14.661179872896817
3464.4,14.488209988655933
3464.6,14.598319012327233
3464.8,14.704226597634662
3465.0,14.680651029217815
3465.2,14.677955977834444
3465.4,14.600066877005567
3465.6,14.609975335193305
3465.8,14.687130219180531
3466.0,14.427713178273425
3466.2,14.919654810885394
3466.4,15.129784593998828
3466.6,15.308518101467655
3466.8,15.402469718665932
3467.0,14.706057121324353
3467.2,15.32752914990697
3467.4,15.244293924098834
3467.6,15.075179944020228
3467.8,15.168956960794208
3468.0,15.439766961158142
3468.2,15.526217782086917
3468.4,15.430551758613335
3468.6,15.301021359914092
3468.8,15.449796479906743
3469.0,15.610175980773988
3469.2,15.167332078662666
3469.4,15.689827595827467
3469.6,15.490154460467203
3469.8,15.21223150801343
3470.0,14.530296171732722
3470.2,13.686847597689045
3470.4,13.7681530425267
3470.6,13.971064150221661
3470.8,14.259709366285268
3471.0,13.847623374558015
3471.2,13.885007411422425
3471.4,14.209746620098485
3471.6,14.052893747660516
3471.8,13.858281813826379
3472.0,13.808631831473772
3472.2,14.093362958274142
3472.4,13.641849018568768
3472.6,13.89383140266277
3472.8,13.952266818260453
3473.0,13.96467539092878
3473.2,13.806132872330943
3473.4,14.021503400804097
3473.6,14.014275408057644
3473.8,14.25392392272088
3474.0,14.109835259966472
3474.2,14.366664531559362
3474.4,14.360263853130986
3474.6,14.643002215264111
3474.8,14.164133595174025
3475.0,14.501466117705291
3475.2,14.816064646505385
3475.4,14.895527960045339
3475.6,14.740861526825142
3475.8,14.759407754823656
3476.0,14.553869833170685
3476.2,14.382211634811615
3476.4,14.775900481174114
3476.6,14.83292170982023
3476.8,15.379792241332705
3477.0,15.232585347778393
3477.2,15.357948901406955
3477.4,15.289072593814726
3477.6,15.332262269996189
3477.8,15.353247669964723
3478.0,15.295552007986835
3478.2,15.079423713350153
3478.4,15.219247273609861
3478.6,15.158888443615005
3478.8,14.994505595443982
3479.0,15.271392903474032
3479.2,15.154485873638773
3479.4,14.864851218521444
3479.6,15.000846792945609
3479.8,15.033234452229525
3480.0,15.09538047093834
3480.2,15.016303095278356
3480.4,15.098248505191382
3480.6,15.254372935488036
3480.8,15.543282053029106
3481.0,15.104828536595619
3481.2,15.386779142405224
3481.4,15.30780453809399
3481.6,15.2045187521487
3481.8,15.39945476662635
3482.0,15.497391407748138
3482.2,15.148615312718404
3482.4,15.18537691192286
3482.6,15.388222643565545
3482.8,15.385176295359864
3483.0,15.436815425904499
3483.2,15.216917107196954
3483.4,15.15202516766962
3483.6,15.431462132108651
3483.8,15.04732017722386
3484.0,14.901268860940045
3484.2,15.12918154868338
3484.4,15.000568084902973
3484.6,15.30803115307862
3484.8,15.701760613124339
3485.0,15.105597582961945
3485.2,15.480930888593914
3485.4,15.243536297954618
3485.6,15.205263884230668
3485.8,15.484130816214105
3486.0,15.450549777522902
3486.2,15.394265636689255
3486.4,15.195691370804418
3486.6,15.509576849007544
3486.8,14.947614926302483
3487.0,15.210863472749645
3487.2,14.956806225484158
3487.4,14.583678068199909
3487.6,13.9461710284185
3487.8,14.044547306718101
3488.0,14.096821083152753
3488.2,14.028691119879548
3488.4,14.060488768144783
3488.6,14.469430365183666
3488.8,13.86497600384332
3489.0,13.959535086873931
3489.2,14.23000553014236
3489.4,14.26095371132007
3489.6,14.253111155893773
3489.8,14.153813636980813
3490.0,14.31589820090704
3490.2,14.41740351178952
3490.4,14.236398261287924
3490.6,14.279707781892665
3490.8,14.496054884543021
3491.0,14.37377396546761
3491.2,14.317564972846736
3491.4,14.69436116729334
3491.6,14.406311160690128
3491.8,14.372391866025424
3492.0,14.081562062740492
3492.2,14.498324560229301
3492.4,14.369087603757148
3492.6,14.300740970597223
3492.8,14.483054321353263
3493.0,14.588741818658516
3493.2,14.833213575056078
3493.4,14.754563756282156
3493.6,14.695968814119308
3493.8,14.715220435777239
3494.0,14.44042679089436
3494.2,14.437852438475709
3494.4,14.309561670675643
3494.6,14.393125708720147
3494.8,14.165089127084066
3495.0,14.458300775482645
3495.2,13.85030011858783
3495.4,13.725275545521571
3495.6,13.883989704841277
3495.8,14.123858060523443
3496.0,14.180670969040943
3496.2,13.912906520629678
3496.4,13.916761068318529
3496.6,13.902013426946906
3496.8,13.92994562491214
3497.0,13.65655249242556
3497.2,13.608448144328314
3497.4,13.680145248669369
3497.6,13.862834587483292
3497.8,13.885663400831413
3498.0,14.004674420714888
3498.2,14.04672142629391
3498.4,13.762733113865622
3498.6,13.582957906430948
3498.8,13.634177253670224
3499.0,13.47964554153175
3499.2,13.749970559737097
3499.4,13.776309707506726
3499.6,14.28552829636458
3499.8,14.040618539336432
3500.0,14.034542900074324
3500.2,14.453288826929224
3500.4,14.51969846527889
3500.6,14.014273078987507
3500.8,14.567901489910307
3501.0,14.38702092413469
3501.2,14.80620502148512
3501.4,14.605166374380389
3501.6,14.271076200023856
3501.8,13.909227735421714
3502.0,14.467357848675208
3502.2,14.79879178272351
3502.4,14.619302809672693
3502.6,14.721398350086991
3502.8,14.86406909046279
3503.0,15.027851262960542
3503.2,14.822703325957491
3503.4,14.797013311758187
3503.6,14.73911722842471
3503.8,14.677240844179378
3504.0,14.687617521884352
3504.2,14.81721664430405
3504.4,14.663420625115675
3504.6,14.656828919093206
3504.8,15.056227061790597
3505.0,15.319842181062636
3505.2,14.710334064039241
3505.4,14.758551214254187
3505.6,15.179151945859203
3505.8,14.874848150460707
3506.0,14.972159969847965
3506.2,14.932737230487618
3506.4,15.04529813191331
3506.6,15.317194586257756
3506.8,15.023690215006571
3507.0,15.10229201742444
3507.2,15.01118695752782
3507.4,15.217616801272785
3507.6,15.063425736461117
3507.8,14.490767530522406
3508.0,14.250392077792387
3508.2,14.593596834904965
3508.4,14.470389112165192
3508.6,14.950775218114348
3508.8,14.307339460121877
3509.0,14.50961170764449
3509.2,14.394797408211605
3509.4,14.435480768001936
3509.6,14.098233630973649
3509.8,14.226752709411794
3510.0,14.097317565548346
3510.2,14.426641737096082
3510.4,14.005543119246402
3510.6,14.396620152044179
3510.8,14.093186175598058
3511.0,14.099634528233642
3511.2,14.170062850331202
3511.4,14.007500072918367
3511.6,14.516874876540841
3511.8,14.475439716111255
3512.0,14.855449688347836
3512.2,14.710016827796315
3512.4,14.938362584884299
3512.6,14.552831675255328
3512.8,14.430113228738822
3513.0,14.723059169705092
3513.2,15.176372182772742
3513.4,14.928268373293749
3513.6,15.432703512871942
3513.8,15.381775751403433
3514.0,15.555025157898609
3514.2,15.230484806376019
3514.4,15.631294687687408
3514.6,15.007016148125047
3514.8,15.1620808273663
3515.0,15.35883827534769
3515.2,14.719375268961556
3515.4,14.431346102503966
3515.6,14.77484264256786
3515.8,14.75658492306847
3516.0,14.704160112241627
3516.2,15.044910999644955
3516.4,14.749463204179703
3516.6,14.566541599373942
3516.8,14.28294998186187
3517.0,14.196033376218669
3517.2,14.304487035411782
3517.4,14.186766412746845
3517.6,14.079088746652811
3517.8,14.73932587435094
3518.0,14.851249748019427
3518.2,14.953231144224011
3518.4,14.695237239684628
3518.6,14.871294121479288
3518.8,14.716139975304415
3519.0,14.616234497366348
3519.2,14.464696112172156
3519.4,14.441694546269431
3519.6,14.717477317026775
3519.8,14.915397945927833
3520.0,14.430164274016166
3520.2,14.650358875198481
3520.4,14.487076989194696
3520.6,14.472216599986346
3520.8,14.547700548483585
3521.0,14.699269582026899
3521.2,14.272019195892316
3521.4,14.486164442802512
3521.6,14.284124393859074
3521.8,14.548666713939811
3522.0,14.344909555604684
3522.2,14.227558284990803
3522.4,13.975778627045328
3522.6,14.089167203024937
3522.8,14.089739791604485
3523.0,14.540292471552279
3523.2,14.839034958665922
3523.4,14.6297491515366
3523.6,14.704706758078164
3523.8,14.854776907815943
3524.0,14.736531148981854
3524.2,15.091558423952364
3524.4,14.968289149484251
3524.6,14.793499987310275
3524.8,14.504931915728532
3525.0,14.30820075345437
3525.2,14.026687431287165
3525.4,14.195789895210817
3525.6,14.014400329896521
3525.8,13.977829298643396
3526.0,14.64729409205985
3526.2,14.865843282158828
3526.4,14.868135521873523
3526.6,14.259466871291819
3526.8,14.178970613428309
3527.0,14.598847957712465
3527.2,14.508198915185112
3527.4,14.111500261502947
3527.6,14.184624403712862
3527.8,14.227542766364511
3528.0,14.31170896687928
3528.2,14.307784079938147
3528.4,14.227968033665022
3528.6,14.137635385550372
3528.8,14.004040366437136
3529.0,14.181001756747541
3529.2,14.036493952059919
3529.4,14.143931025235696
3529.6,13.930581682206647
3529.8,14.011286367548777
3530.0,14.09683504755008
3530.2,14.041600039393717
3530.4,14.18981053606961
3530.6,13.953669982331938
3530.8,14.443927287306575
3531.0,14.339289180477536
3531.2,14.311472026563845
3531.4,14.155730598071507
3531.6,14.078385377044507
3531.8,14.038935341081233
3532.0,14.667056941217204
3532.2,14.425504237187203
3532.4,14.059949899268458
3532.6,14.1151126132767
3532.8,14.048243014106827
3533.0,14.128274272243155
3533.2,14.644874379777978
3533.4,14.290632531380789
3533.6,14.36918243440719
3533.8,14.159937503827853
3534.0,14.116925822892938
3534.2,14.129040202295503
3534.4,13.875064434130682
3534.6,13.743528457870202
3534.8,13.892618349857429
3535.0,13.899879343328642
3535.2,13.852479952060214
3535.4,13.884188737597434
3535.6,13.783762010964637
3535.8,13.698614941167236
3536.0,13.919556578899721
3536.2,13.80591867317833
3536.4,14.063110379278552
3536.6,13.912678769455722
3536.8,13.984465698196809
3537.0,13.878990982045211
3537.2,13.950393325842036
3537.4,13.71629807733177
3537.6,13.78719488233572
3537.8,13.879899818217357
3538.0,13.711967189248709
3538.2,13.608316531794646
3538.4,13.906675641023483
3538.6,14.04329471054285
3538.8,13.879499479559055
3539.0,14.078609524171561
3539.2,13.921289933328445
3539.4,13.918834511237645
3539.6,14.009200843725127
3539.8,14.12801618574588
3540.0,14.116912635979578
3540.2,14.143720681548766
3540.4,14.205188326107168
3540.6,14.192662760073361
3540.8,14.054020560399763
3541.0,14.241339242574924
3541.2,14.132128962478681
3541.4,14.023364549299593
3541.6,14.153731552357169
3541.8,14.130181753197721
3542.0,14.126298916511024
3542.2,14.030805351905045
3542.4,14.160839097091893
3542.6,14.093107469705828
3542.8,14.23241194108116
3543.0,14.145625820984012
3543.2,14.515163851165934
3543.4,14.566402992485461
3543.6,14.531862961417865
3543.8,14.517267501177963
3544.0,14.21084363770349
3544.2,14.490115919657482
3544.4,14.585523638992042
3544.6,14.834772305940643
3544.8,14.940660167510915
3545.0,14.781511646171408
3545.2,15.107903035315267
3545.4,15.211010673503594
3545.6,14.631853436574078
3545.8,14.403925593310117
3546.0,15.006593992424634
3546.2,14.673779300872042
3546.4,14.52233667482362
3546.6,14.648137856444269
3546.8,14.775813199699698
3547.0,15.069015844337375
3547.2,14.772721785826985
3547.4,14.804345853234377
3547.6,14.865223026201749
3547.8,14.989638190987403
3548.0,15.476605329629503
3548.2,15.080889542312995
3548.4,15.238886736802144
3548.6,14.816479455831619
3548.8,14.822842572644578
3549.0,15.301067980499791
3549.2,15.152364681702
3549.4,15.324653036836356
3549.6,14.895806485722872
3549.8,14.535622217473168
3550.0,15.076026734767007
3550.2,14.928818382097306
3550.4,15.473189193508102
3550.6,14.941043992937427
3550.8,15.706302688958198
3551.0,15.382678694475374
3551.2,15.368482607745872
3551.4,15.577507976173292
3551.6,15.58479072160329
3551.8,15.16594772363323
3552.0,15.0369316580171
3552.2,15.0722339822347
3552.4,15.077197911306879
3552.6,14.919694301972886
3552.8,14.65633646586152
3553.0,15.28755224537646
3553.2,14.903187731084541
3553.4,14.807407743159528
3553.6,14.344621255608786
3553.8,14.45829919332179
3554.0,14.155976290579924
3554.2,14.274795526664137
3554.4,14.106168737115677
3554.6,14.184731603454077
3554.8,14.302019215093932
3555.0,14.013310221232807
3555.2,13.779052988195925
3555.4,13.924025205202263
3555.6,13.75641341453526
3555.8,13.655498033746367
3556.0,13.74159347083204
3556.2,14.164885017744066
3556.4,14.006430866736146
3556.6,13.984054703802645
3556.8,13.969931052813052
3557.0,13.89666689543144
3557.2,14.089641511805077
3557.4,13.96864935060442
3557.6,13.692238014499765
3557.8,13.699833060090556
3558.0,13.869812218194713
3558.2,13.874328100582618
3558.4,13.999728014715272
3558.6,14.011266477073539
3558.8,14.16626931263432
3559.0,13.973860158789437
3559.2,13.647941264483434
3559.4,13.981582942868418
3559.6,13.64671472690554
3559.8,13.776218080369526
3560.0,13.443011956519744
3560.2,13.78686740480216
3560.4,13.729140381346998
3560.6,13.833621308819094
3560.8,13.703251053934197
3561.0,13.969112566727972
3561.2,13.660069173834612
3561.4,13.761453000468622
3561.6,13.79668497023979
3561.8,13.750555278658114
3562.0,13.943757381434077
3562.2,14.170225252413678
3562.4,14.232434429090656
3562.6,14.003007801480313
3562.8,13.889352726599606
3563.0,14.036398414695999
3563.2,14.155068211923306
3563.4,13.930528068352091
3563.6,13.962602769853776
3563.8,14.235185632058506
3564.0,13.940522354581796
3564.2,13.967064625101436
3564.4,13.863013113380863
3564.6,13.980828607472567
3564.8,14.028911026972931
3565.0,13.75757399001504
3565.2,13.938988894728991
3565.4,13.886164179019325
3565.6,14.032557031858202
3565.8,14.036526539925191
3566.0,14.191414540368045
3566.2,14.308753196173091
3566.4,14.17596563653616
3566.6,13.968638903324857
3566.8,13.737485251896507
3567.0,14.060260003539362
3567.2,14.102236060434558
3567.4,13.818247647344508
3567.6,13.961919766835722
3567.8,13.841352334474418
3568.0,13.641219757923517
3568.2,13.602889129512324
3568.4,13.873080973029548
3568.6,14.11683940605198
3568.8,13.989727089156244
3569.0,14.002163875693157
3569.2,14.098275626308116
3569.4,14.0041354580212
3569.6,14.01653689996439
3569.8,14.018844790640257
3570.0,14.109205423147444
3570.2,14.061639717264484
3570.4,14.111759487443189
3570.6,13.946012619610617
3570.8,14.222442384056933
3571.0,14.015393463110811
3571.2,13.827910289532532
3571.4,13.767035531601884
3571.6,13.955620245521086
3571.8,13.850934021388582
3572.0,13.925184707674171
3572.2,13.999552239128757
3572.4,13.901939735619852
3572.6,13.903379938777427
3572.8,13.966831331482208
3573.0,13.959855200063505
3573.2,13.993585416552872
3573.4,14.022278856872287
3573.6,13.877793084743665
3573.8,13.724472916806775
3574.0,13.905549006150572
3574.2,13.838457753392998
3574.4,14.028555829059751
3574.6,13.975489741408083
3574.8,13.877393517152527
3575.0,13.982303514919385
3575.2,13.983269889935666
3575.4,13.86719491301698
3575.6,14.029787578481656
3575.8,14.097445311269148
3576.0,14.000285545919704
3576.2,13.82783955215659
3576.4,13.889405207246877
3576.6,14.109201890652983
3576.8,13.916789714474664
3577.0,14.001317969006681
3577.2,13.828423082010383
3577.4,13.803089954777617
3577.6,13.854261845436437
3577.8,13.945910861866132
3578.0,13.812823882766395
3578.2,13.762062864103392
3578.4,13.741822160941924
3578.6,13.727780206436718
3578.8,13.861806682883948
3579.0,13.847209810412762
3579.2,13.933391432928698
3579.4,13.672825634747623
3579.6,13.737273315456317
3579.8,13.712299210855512
3580.0,13.720532038959384
3580.2,13.67865935335282
3580.4,13.809630927586515
3580.6,13.679324361840466
3580.8,13.779023793571103
3581.0,13.841718644930909
3581.2,13.80851241839518
3581.4,13.704653253933209
3581.6,13.914856024885845
3581.8,13.641857312906591
3582.0,13.73009184919167
3582.2,13.445454001052218
3582.4,13.685904288798987
3582.6,13.873642707838725
3582.8,13.966244119751652
3583.0,13.967051613691766
3583.2,13.87871743957654
3583.4,13.769211795032707
3583.6,13.902985106071625
3583.8,13.8768083223371
3584.0,13.87117927724691
3584.2,13.73349521858692
3584.4,13.808219512186259
3584.6,13.708817431795357
3584.8,13.82128770208751
3585.0,13.643536588821227
3585.2,13.807285469271696
3585.4,13.83534516018377
3585.6,13.826647537540547
3585.8,13.912686548602892
3586.0,13.735812908712974
3586.2,13.781547113389793
3586.4,13.773537490201582
3586.6,13.8725963151516
3586.8,13.830260239869316
3587.0,13.518968141162517
3587.2,13.694265350516853
3587.4,13.882826475597893
3587.6,13.740998593031726
3587.8,13.807190355945986
3588.0,13.792717441249218
3588.2,13.736098934162415
3588.4,14.00592102516
3588.6,13.930841042762651
3588.8,13.936445734591816
3589.0,13.7952327822514
3589.2,13.859080440484831
3589.4,13.746705795400004
3589.6,13.806958616562792
3589.8,13.617010641247354
3590.0,13.896223984783862
3590.2,13.82174187711443
3590.4,13.765367980398793
3590.6,13.852363725606772
3590.8,13.633608277538691
3591.0,14.01634230707322
3591.2,13.765908671224057
3591.4,13.731514118608628
3591.6,13.748533192931625
3591.8,13.827063206243988
3592.0,13.72964366285251
3592.2,13.77425417250734
3592.4,13.769018887449064
3592.6,13.809319975813708
3592.8,13.638313743363405
3593.0,13.637023403167621
3593.2,13.68121276679437
3593.4,13.732240794564063
3593.6,13.764465113647596
3593.8,13.814128659543988
3594.0,13.71492238642256
3594.2,13.59393022285392
3594.4,13.592686524875766
3594.6,13.861422071628606
3594.8,13.837628020734314
3595.0,13.853058894504846
3595.2,13.675987257914082
3595.4,13.75781273386214
3595.6,13.781537671235801
3595.8,13.589696849886543
3596.0,13.75250742948727
3596.2,13.723692420022092
3596.4,13.711163298942783
3596.6,13.734986511643225
3596.8,13.823206317665413
3597.0,13.815049770620003
3597.2,13.892886562585588
3597.4,13.970469279315765
3597.6,13.5763576954911
3597.8,13.853348205102723
3598.0,13.77399799703399
3598.2,13.813511044373657
3598.4,14.042367055898763
3598.6,13.969903018803985
3598.8,14.058521586261516
3599.0,14.027684704197094
3599.2,13.955755753162205
3599.4,13.819298382415095
3599.6,13.882373184862615
3599.8,14.048399595151373
3600.0,14.32847410078372
3600.2,14.215693742445026
3600.4,13.955715729711248
3600.6,13.963437815666921
3600.8,14.143658191051713
3601.0,14.078375750299507
3601.2,14.077766338375525
3601.4,14.023238850331632
3601.6,14.198990196940073
3601.8,14.228419522441925
3602.0,13.924335309715364
3602.2,14.04786273119511
3602.4,14.092190619212124
3602.6,14.110813417656114
3602.8,13.97494064146925
3603.0,13.9925298321904
3603.2,13.982976650559138
3603.4,14.052806364968252
3603.6,14.101027546993556
3603.8,14.19273855812375
3604.0,14.034444367459429
3604.2,13.956482903294233
3604.4,14.159577804835665
3604.6,13.96826246910581
3604.8,13.931248711617403
3605.0,14.042911125475506
3605.2,13.803400205767662
3605.4,13.793376550319396
3605.6,13.94042007500156
3605.8,13.728910886565311
3606.0,13.753052237483082
3606.2,13.8397000579267
3606.4,13.708811207128775
3606.6,13.938600131379552
3606.8,13.754537838164204
3607.0,13.818838467850592
3607.2,13.7508359492614
3607.4,13.729410272571744
3607.6,14.147142840228966
3607.8,13.824196600116005
3608.0,13.75611653981184
3608.2,14.023967843748464
3608.4,13.652139076797432
3608.6,13.662365973256879
3608.8,13.901051496386142
3609.0,13.79630878880398
3609.2,13.489904162445242
3609.4,13.77262490398605
3609.6,13.986981494270022
3609.8,13.925336003945606
3610.0,13.958776638235516
3610.2,13.843274256445008
3610.4,13.713513032152386
3610.6,13.935718734316838
3610.8,13.835026481034445
3611.0,13.756049332801565
3611.2,13.895916485107232
3611.4,13.872367732420074
3611.6,13.772702467965107
3611.8,13.926977597878947
3612.0,13.715271352788896
3612.2,13.970950967902468
3612.4,13.678621689678941
3612.6,13.735523193277732
3612.8,13.882925717410007
3613.0,13.727952152995877
3613.2,13.723509288895233
3613.4,13.66053515892062
3613.6,13.860249846022864
3613.8,13.968597466748832
3614.0,13.890824939850031
3614.2,13.73632031848924
3614.4,13.801350782775737
3614.6,13.947242184556332
3614.8,13.969079280413828
3615.0,14.028458942586475
3615.2,13.757594368635573
3615.4,13.717196927968835
3615.6,13.760167853802155
3615.8,13.769240234556888
3616.0,13.852482039062552
3616.2,13.73913667433076
3616.4,13.678229714505798
3616.6,13.948629124597288
3616.8,13.83842967953816
3617.0,13.755925077043877
3617.2,13.995176315131815
3617.4,14.02467438001957
3617.6,14.041530350843827
3617.8,13.849328713245843
3618.0,13.840195913204225
3618.2,13.845416127548642
3618.4,13.908645232700964
3618.6,13.731705828172913
3618.8,13.843540050480613
3619.0,13.716070116666405
3619.2,13.903762366744711
3619.4,13.792957446173473
3619.6,13.718075068781397
3619.8,13.998725673617853
3620.0,13.772720473798776
3620.2,13.761196703899367
3620.4,13.794853915627122
3620.6,13.753658839746311
3620.8,13.920422391151456
3621.0,13.942171426685055
3621.2,14.115430846998338
3621.4,14.291313516579002
3621.6,14.185255911890511
3621.8,13.879451422143529
3622.0,14.193284220605186
3622.2,14.091889254978367
3622.4,14.087342090766482
3622.6,13.962860568122293
3622.8,13.97590030085177
3623.0,13.90847681099759
3623.2,14.014417197388628
3623.4,13.968984974541003
3623.6,14.079269842548282
3623.8,13.791615304902525
3624.0,13.995347979289157
3624.2,13.91062126792277
3624.4,13.981724446494715
3624.6,13.83857564265812
3624.8,13.915264309346524
3625.0,13.916023275296709
3625.2,14.04546065057554
3625.4,13.990564918986392
3625.6,13.979388461075239
3625.8,13.957481390852461
3626.0,13.877732233600488
3626.2,13.9412796706082
3626.4,13.86794861384473
3626.6,13.828285164258961
3626.8,13.741178296816399
3627.0,13.750035276477412
3627.2,13.802485047331913
3627.4,13.785932050700927
3627.6,13.83292079766463
3627.8,13.778758968936465
3628.0,13.677701374849406
3628.2,13.640357124511823
3628.4,13.548235644007507
3628.6,13.99372525080068
3628.8,14.072648788282716
3629.0,14.041570926593359
3629.2,13.978995589423658
3629.4,13.776922906422453
3629.6,13.612431812017174
3629.8,13.714153536997568
3630.0,13.683460239296108
3630.2,13.794211218863058
3630.4,13.717432246538282
3630.6,13.806294901382417
3630.8,13.939051048087027
3631.0,13.798411405793832
3631.2,13.837729117131882
3631.4,14.022552879428485
3631.6,14.056789049883706
3631.8,13.968595484901641
3632.0,13.86443006832499
3632.2,14.025347244721914
3632.4,13.948168209233343
3632.6,13.942488436532761
3632.8,13.68943478665589
3633.0,13.70020392918875
3633.2,14.037537735202225
3633.4,14.006349735518487
3633.6,13.960545263319837
3633.8,14.052211482980258
3634.0,14.064763030135083
3634.2,13.760661369396313
3634.4,13.788349114742948
3634.6,13.922150081269098
3634.8,13.73877502056758
3635.0,13.959705216869365
3635.2,13.726494371147632
3635.4,13.763984074978683
3635.6,13.898656697123995
3635.8,14.027711764022207
3636.0,13.981374824978797
3636.2,13.907369095197396
3636.4,14.35605874256197
3636.6,14.262492024372143
3636.8,13.9501877618534
3637.0,13.958676363375542
3637.2,13.953412267211256
3637.4,13.796593014361349
3637.6,13.834765491158013
3637.8,13.850927548355775
3638.0,13.809884004048314
3638.2,13.88901281142611
3638.4,13.680035713749882
3638.6,14.122331357944677
3638.8,13.814936139151758
3639.0,13.825108798489929
3639.2,13.719933958450262
3639.4,13.86026214025776
3639.6,14.059307035565904
3639.8,13.783839006125618
3640.0,13.886638787855999
3640.2,13.67952386317578
3640.4,13.800540609407994
3640.6,13.818979958056037
3640.8,13.81604065840516
3641.0,13.75481533015523
3641.2,14.009921685518611
3641.4,14.029418466696404
3641.6,13.924901678462376
3641.8,13.848852505945931
3642.0,13.896077237523679
3642.2,13.834574863686846
3642.4,13.91169426397797
3642.6,13.978117395467436
3642.8,14.006448465601729
3643.0,13.96898959625019
3643.2,13.912201513742897
3643.4,13.972829606687595
3643.6,14.0844043873454
3643.8,14.034492752894947
3644.0,13.88382739815453
3644.2,13.89776640979142
3644.4,13.9162834434871
3644.6,13.990763404101711
3644.8,14.093828444019652
3645.0,14.098315814494528
3645.2,14.05792279534974
3645.4,13.937244255056385
3645.6,14.22407278637757
3645.8,13.889215025185528
3646.0,13.998881183031422
3646.2,13.96588064253152
3646.4,14.067596648481079
3646.6,14.19514126848709
3646.8,14.182229953084908
3647.0,14.02070991958862
3647.2,13.948785772160093
3647.4,14.073135813464932
3647.6,13.943019968374774
3647.8,14.021091518450927
3648.0,13.867019753538361
3648.2,13.838021948275717
3648.4,13.886196010910915
3648.6,13.842956469736873
3648.8,13.902809671948235
3649.0,13.938534884006303
3649.2,14.010630002802671
3649.4,13.950903703120996
3649.6,14.042926013944124
3649.8,13.93504061656843
3650.0,13.943318773297568
3650.2,13.843330509438783
3650.4,13.905442966730908
3650.6,13.81947280529073
3650.8,13.99004682889736
3651.0,13.899325625375214
3651.2,13.777949478801961
3651.4,13.735607807869112
3651.6,13.741271023610116
3651.8,13.937241888703149
3652.0,13.78109838968447
3652.2,13.70337893737523
3652.4,13.846974054380857
3652.6,13.599034353332918
3652.8,13.85536041884038
3653.0,13.793247460386354
3653.2,13.862215652691962
3653.4,13.919659445205777
3653.6,13.910614572602151
3653.8,13.64034032839853
3654.0,13.629554778195992
3654.2,13.708072799260421
3654.4,13.433782351389084
3654.6,13.497392154780075
3654.8,13.970462739990392
3655.0,13.692262283323798
3655.2,13.67979334383165
3655.4,14.010499985690723
3655.6,13.738084026762058
3655.8,14.028012742079794
3656.0,13.83891248495301
3656.2,13.985612602236566
3656.4,14.004089892281268
3656.6,13.894945859779002
3656.8,14.137459603001325
3657.0,13.880223351156145
3657.2,13.930714014188776
3657.4,14.219405747020586
3657.6,14.092355622121143
3657.8,14.3560195554619
3658.0,14.410700155892098
3658.2,14.47315087850737
3658.4,14.79933129009998
3658.6,14.667462381041027
3658.8,14.925239110076774
3659.0,14.591562600489056
3659.2,14.353529316987592
3659.4,14.772025455556646
3659.6,14.695382273882734
3659.8,14.944791890007831
3660.0,14.793442391885048
3660.2,14.849612157080632
3660.4,15.213655396068255
3660.6,15.143106036198876
3660.8,14.935485911935245
3661.0,15.138662285354696
3661.2,14.588239104952612
3661.4,14.408136651498511
3661.6,14.41279981661479
3661.8,14.868252190241236
3662.0,14.622843634012257
3662.2,14.680936091803696
3662.4,14.734020335491314
3662.6,14.2394580546463
3662.8,14.612585200754866
3663.0,14.709846032004537
3663.2,14.459761308375871
3663.4,14.133061511253992
3663.6,14.239927790867434
3663.8,14.568713501865183
3664.0,14.543893197390087
3664.2,14.641733957056193
3664.4,14.394835624382935
3664.6,14.651750181333142
3664.8,15.094456070949981
3665.0,14.734404051660455
3665.2,15.173109886774778
3665.4,15.215402200193399
3665.6,15.022827773732203
3665.8,14.910523238319298
3666.0,14.914448595540977
3666.2,14.650928611314136
3666.4,15.000223671664553
3666.6,14.834383295008069
3666.8,14.954252120893363
3667.0,14.978498287204424
3667.2,15.710154560025218
3667.4,14.764398075096427
3667.6,14.775238000402261
3667.8,15.179998443921592
3668.0,14.293777036057666
3668.2,15.205681143658714
3668.4,15.105712454698168
3668.6,15.21665754477288
3668.8,15.159421983255708
3669.0,14.924724598595274
3669.2,14.84575629986554
3669.4,15.205916068744983
3669.6,14.911851999620469
3669.8,15.033560096494561
3670.0,15.213912279114565
3670.2,14.765421746778271
3670.4,14.928830763436205
3670.6,14.899556296226887
3670.8,14.877315571078123
3671.0,14.574651883444938
3671.2,14.49359117141697
3671.4,14.278486650870367
3671.6,14.279103140177043
3671.8,14.42200604378674
3672.0,14.60902859355145
3672.2,14.727652162764574
3672.4,14.842998312426971
3672.6,14.675663703245467
3672.8,14.750485341951538
3673.0,15.093671616374873
3673.2,14.722237231695205
3673.4,14.422563369484
3673.6,14.585757203472859
3673.8,14.582307842547348
3674.0,14.694283826542096
3674.2,14.971935034321461
3674.4,15.298733686463247
3674.6,15.020489496660957
3674.8,14.930734259725323
3675.0,14.944046439904923
3675.2,14.941971799852693
3675.4,14.753701812035263
3675.6,14.308881181690353
3675.8,14.427625826872259
3676.0,14.171580583544765
3676.2,14.274596688522314
3676.4,14.449902995046923
3676.6,14.083187588679017
3676.8,14.336064676309274
3677.0,14.33233313701037
3677.2,14.38118401180308
3677.4,14.156643168123182
3677.6,14.236524363516512
3677.8,14.143839540483292
3678.0,14.079828989602962
3678.2,14.219033502135336
3678.4,14.266451691357876
3678.6,14.307341183646976
3678.8,14.51890255247098
3679.0,14.474144906818156
3679.2,14.441196849514721
3679.4,14.540947292294021
3679.6,14.59901192127385
3679.8,14.13841759342652
3680.0,14.51591159398287
3680.2,14.795418782196595
3680.4,14.926065364101452
3680.6,14.488966861748063
3680.8,14.790873189858214
3681.0,14.420558960679053
3681.2,14.520853574707179
3681.4,14.617410093359556
3681.6,14.847903248517486
3681.8,14.393815223586369
3682.0,14.291053232342524
3682.2,14.143544560648639
3682.4,14.20613438222719
3682.6,14.20637291604191
3682.8,14.284927000280238
3683.0,14.166974080649668
3683.2,14.08334471923986
3683.4,14.336425086472396
3683.6,14.170792258580562
3683.8,14.268792655978155
3684.0,14.140652136217993
3684.2,14.190324316141133
3684.4,14.140792439862878
3684.6,14.171292107894542
3684.8,14.384956507441494
3685.0,14.350654450540972
3685.2,14.209772590541041
3685.4,14.024921056580748
3685.6,14.137396300023433
3685.8,14.010214438662134
3686.0,14.122957471053546
3686.2,14.280893133051464
3686.4,14.422092719884814
3686.6,14.005577553278359
3686.8,14.141883205166552
3687.0,14.093613026470976
3687.2,14.35844765589636
3687.4,14.494211847230986
3687.6,13.890487840186037
3687.8,14.163040334138843
3688.0,14.065989812294635
3688.2,14.04771027531596
3688.4,14.026586603385416
3688.6,14.193130267217697
3688.8,14.131276212195647
3689.0,14.071691099561672
3689.2,14.203038025388814
3689.4,14.142946591562993
3689.6,14.216181686451225
3689.8,14.22961235949553
3690.0,14.089558886672426
3690.2,14.079332873576114
3690.4,14.069137753396827
3690.6,14.048456881958877
3690.8,14.10232962999499
3691.0,14.048118255404392
3691.2,14.342509143124182
3691.4,14.225542012255278
3691.6,14.177294042556909
3691.8,14.258475965214947
3692.0,14.325081388474263
3692.2,14.153670044406972
3692.4,14.148248228346054
3692.6,14.12124895460093
3692.8,14.17508842899485
3693.0,14.269529248869713
3693.2,14.235530533287298
3693.4,14.199506673769145
3693.6,14.253042432679536
3693.8,14.320750526077909
3694.0,14.138249918151125
3694.2,14.234397519797081
3694.4,14.306639193479686
3694.6,14.242918734458975
3694.8,14.113093342104836
3695.0,14.209236755977937
3695.2,14.226550966459193
3695.4,14.11284766876224
3695.6,14.258924535053243
3695.8,14.16660017278179
3696.0,14.222071749514555
3696.2,14.331213585673279
3696.4,14.086694317380548
3696.6,14.173550780074493
3696.8,14.154570832265282
3697.0,14.251981662590264
3697.2,14.170476785929718
3697.4,14.25358980269756
3697.6,14.243849591025828
3697.8,14.159854322251466
3698.0,14.324482933621116
3698.2,14.403346659474618
3698.4,14.355431285733058
3698.6,14.524514124300598
3698.8,14.323034243093556
3699.0,14.492312856048624
3699.2,14.266558713257352
3699.4,14.335043850512845
3699.6,14.573814587506781
3699.8,14.752221436987245
3700.0,14.532419642996752
3700.2,14.549224599273245
3700.4,14.560494379519993
3700.6,14.71500950290964
3700.8,14.476876699212262
3701.0,14.459229653695703
3701.2,14.477760290601385
3701.4,14.34308238299987
3701.6,14.432385693354814
3701.8,14.246717219623344
3702.0,14.50798524233096
3702.2,14.720799441833059
3702.4,14.467569856759315
3702.6,14.746215288520379
3702.8,14.515228829031546
3703.0,14.574953392651501
3703.2,14.609869377134054
3703.4,14.261371207570237
3703.6,14.441001793244492
3703.8,13.89364944215722
3704.0,14.205337340164228
3704.2,14.334222781449544
3704.4,14.312778249567517
3704.6,14.035256819105344
3704.8,14.15190697272504
3705.0,14.086240521784974
3705.2,13.90320122138312
3705.4,14.05896054690144
3705.6,14.137801732459415
3705.8,14.04557560792821
3706.0,13.841106334666122
3706.2,13.861777301798705
3706.4,14.009204853675737
3706.6,14.204854987046557
3706.8,14.416127437075353
3707.0,14.131320892857453
3707.2,14.24455024501383
3707.4,14.221327256086127
3707.6,14.291726679230795
3707.8,14.077274630481874
3708.0,14.16263758678189
3708.2,14.369099102511617
3708.4,14.387323279190024
3708.6,14.353848174658525
3708.8,14.373309292861379
3709.0,14.332390175079524
3709.2,14.404980895359593
3709.4,14.323712364158395
3709.6,14.267574676689348
3709.8,14.316259441412926
3710.0,14.230623974499853
3710.2,14.409484358035847
3710.4,14.3924048535543
3710.6,14.360533183599673
3710.8,14.375271264037533
3711.0,14.29941810363072
3711.2,14.422034201371844
3711.4,14.348527077468848
3711.6,14.299867666514846
3711.8,14.33585677752264
3712.0,14.264684657500258
3712.2,13.96777951432297
3712.4,14.353752155344884
3712.6,14.554900751693769
3712.8,14.540516145029036
3713.0,14.32323037864997
3713.2,14.659428137355698
3713.4,14.59411424267201
3713.6,14.403578547505667
3713.8,14.368007078575435
3714.0,14.424535927821918
3714.2,14.146931102855884
3714.4,14.190365967022707
3714.6,13.931093586794592
3714.8,14.006985405709187
3715.0,13.8401811973307
3715.2,13.745229869330187
3715.4,13.977511678290844
3715.6,13.821300830186399
3715.8,13.885044700817089
3716.0,13.859270618736748
3716.2,13.660525847151064
3716.4,13.97504018572703
3716.6,14.14419741994897
3716.8,14.065584199639078
3717.0,14.069428973756821
3717.2,14.135383024558175
3717.4,14.22759063417553
3717.6,13.98400684241354
3717.8,13.897682671252195
3718.0,14.252337392370865
3718.2,14.20342583382887
3718.4,14.067963434330593
3718.6,14.185247338040195
3718.8,14.126074146414023
3719.0,14.223860676123543
3719.2,14.05909622672863
3719.4,14.012988587321173
3719.6,13.957752157768164
3719.8,14.008635349055238
3720.0,14.235456287466226
3720.2,14.177862829604893
3720.4,14.085721383857253
3720.6,14.222250902831131
3720.8,14.556472270210552
3721.0,14.415979240091053
3721.2,14.411997569101835
3721.4,14.189681707460595
3721.6,14.347115417556108
3721.8,14.449245351916106
3722.0,14.400208191966112
3722.2,14.419269948328735
3722.4,14.433936827573863
3722.6,14.479020894198138
3722.8,14.406683214693313
3723.0,15.011540755924154
3723.2,14.45560691224541
3723.4,14.244346010707531
3723.6,14.175178033884395
3723.8,14.248765844082904
3724.0,14.104652816862536
3724.2,14.075058426840862
3724.4,14.164625578780894
3724.6,14.155176260160525
3724.8,14.200027534612934
3725.0,14.494589870223908
3725.2,14.479720665364091
3725.4,14.285182913811042
3725.6,14.406126294342956
3725.8,14.291685728703406
3726.0,14.591536395713867
3726.2,14.448848754158671
3726.4,14.237112150815634
3726.6,14.4215606095201
3726.8,14.4433714304188
3727.0,14.181429654723573
3727.2,14.352440842002206
3727.4,14.141664680690383
3727.6,14.186981030580913
3727.8,14.193048240522783
3728.0,14.102208170874611
3728.2,14.464589102036683
3728.4,14.290236745613392
3728.6,14.316200843312588
3728.8,14.268646703799138
3729.0,14.101616330645186
3729.2,14.173678018089701
3729.4,14.269279135141899
3729.6,14.290037164658
3729.8,14.451310554050472
3730.0,14.243334614514874
3730.2,14.483535124000323
3730.4,14.2087299730038
3730.6,14.09272377088363
3730.8,14.285195284382155
3731.0,14.38055848406268
3731.2,14.372581079361028
3731.4,14.421264216261168
3731.6,14.213214755962056
3731.8,14.162639187000286
3732.0,14.358475175885104
3732.2,14.252454860869427
3732.4,14.328880793242025
3732.6,14.302772692430965
3732.8,14.29604315001545
3733.0,14.298202405609683
3733.2,14.523148077718762
3733.4,14.567310154471082
3733.6,15.015327706739498
3733.8,15.02394843073086
3734.0,14.94640747556691
3734.2,14.879330226886868
3734.4,14.726463586469569
3734.6,14.617882658293276
3734.8,14.271573073680283
3735.0,14.145108406478201
3735.2,14.37101420185584
3735.4,14.375272347200204
3735.6,14.36439549246794
3735.8,14.311058888880197
3736.0,14.344736069728665
3736.2,14.125598190115644
3736.4,14.291790039146175
3736.6,14.302320671615439
3736.8,14.643386987473013
3737.0,14.178776146683473
3737.2,14.27189428956791
3737.4,14.484861065127294
3737.6,14.492050563480074
3737.8,14.339339599128403
3738.0,14.3210428769653
3738.2,14.13915792345382
3738.4,14.079678441665154
3738.6,14.421030306617691
3738.8,14.17327555784884
3739.0,14.387049652718781
3739.2,14.318893842178149
3739.4,14.574758698197577
3739.6,14.508824767271708
3739.8,14.491319761844153
3740.0,14.717824602095966
3740.2,14.596710841123599
3740.4,14.402710824252935
3740.6,14.293463588990003
3740.8,14.467383135142047
3741.0,14.198322918647136
3741.2,14.404971408224013
3741.4,14.391690385261901
3741.6,14.378754169135625
3741.8,14.279779940718203
3742.0,14.431723187466304
3742.2,14.343326908746095
3742.4,14.195688264522346
3742.6,14.237281870091387
3742.8,14.15552655394494
3743.0,14.375208866437774
3743.2,14.301699367683307
3743.4,14.381449456480457
3743.6,14.361027971704143
3743.8,14.345892017436892
3744.0,14.339996101505879
3744.2,14.414964064906899
3744.4,14.44702581430515
3744.6,14.341072821962221
3744.8,14.365453953139442
3745.0,14.503688392130956
3745.2,14.555290675605397
3745.4,14.422273072956992
3745.6,14.6370063033051
3745.8,14.597752044238511
3746.0,14.495284021650175
3746.2,14.423997436255735
3746.4,14.267328940518315
3746.6,14.360395077891642
3746.8,14.37869923463354
3747.0,14.709333963463555
3747.2,14.838320210566543
3747.4,14.669585744627598
3747.6,15.217111966289599
3747.8,15.343047447379082
3748.0,14.996598075177342
3748.2,15.573040107887904
3748.4,14.90039331880627
3748.6,14.6130199703326
3748.8,14.442202021495824
3749.0,14.528517859236116
3749.2,14.291377901825422
3749.4,15.08618721717426
3749.6,15.653472196560724
3749.8,14.631558368528616
3750.0,14.75607804195364
3750.2,15.098163499826164
3750.4,14.972213889418459
3750.6,14.642102009576924
3750.8,14.836135211545365
3751.0,14.67116592806401
3751.2,14.5489313600745
3751.4,14.717981437306483
3751.6,14.628241071377957
3751.8,14.525924572493524
3752.0,14.178498392687251
3752.2,13.87492687384573
3752.4,13.615587109044942
3752.6,13.740083819959878
3752.8,14.076808886096703
3753.0,14.351510254501427
3753.2,14.019189924811261
3753.4,13.864556069354723
3753.6,14.104646496692206
3753.8,13.864088989223253
3754.0,13.940289447317493
3754.2,13.63270281231279
3754.4,14.066344655273642
3754.6,14.461256947168913
3754.8,14.426244959332733
3755.0,15.005917319590981
3755.2,14.697943407745926
3755.4,14.565504658219407
3755.6,14.062566298574328
3755.8,14.046077006774189
3756.0,13.96661970296508
3756.2,14.12717430276927
3756.4,14.123449475948455
3756.6,13.988474205470176
3756.8,14.021792254637209
3757.0,13.965438381948953
3757.2,14.105039692527818
3757.4,14.055520501624912
3757.6,13.714987690683678
3757.8,14.295341943093007
3758.0,14.075201716843832
3758.2,14.234765712131033
3758.4,13.961718075415614
3758.6,13.835330796685527
3758.8,14.014543897388496
3759.0,13.848547280233554
3759.2,13.7460483339095
3759.4,13.641263788570985
3759.6,13.609690311895843
3759.8,13.426500313369374
3760.0,13.508139199733451
3760.2,13.755198420792192
3760.4,13.704116413050684
3760.6,13.641287905203523
3760.8,13.344792992520516
3761.0,13.37829088451451
3761.2,13.558055748382326
3761.4,13.291034031509241
3761.6,13.31978656809657
3761.8,13.683413053898569
3762.0,13.758342475070059
3762.2,13.793506369896926
3762.4,14.072610758363751
3762.6,13.70589174008822
3762.8,13.612813340323557
3763.0,13.609967050080344
3763.2,13.946376684602201
3763.4,13.927637436035923
3763.6,14.083139510609605
3763.8,13.952842122602739
3764.0,13.532871275545496
3764.2,13.960934023072893
3764.4,14.335229387065391
3764.6,13.925662138750557
3764.8,14.087814021037966
3765.0,13.790774265058534
3765.2,14.255363878393501
3765.4,14.474209532531905
3765.6,14.581917861105518
3765.8,14.177829380060796
3766.0,14.241908981244144
3766.2,14.499633087101047
3766.4,14.203427879777271
3766.6,14.083695179732542
3766.8,14.215112752037008
3767.0,14.15459329049192
3767.2,14.250755385861913
3767.4,13.902254178557595
3767.6,13.931815789624016
3767.8,14.302344189989988
3768.0,14.330741053697826
3768.2,14.228932802955077
3768.4,14.441504244301782
3768.6,14.387673257238621
3768.8,14.395591824996792
3769.0,14.197238644995213
3769.2,14.331482729785172
3769.4,14.011091015554456
3769.6,14.197437575333865
3769.8,14.313629577327557
3770.0,14.684716889393838
3770.2,14.530519064943505
3770.4,14.679579091483102
3770.6,14.87622815099764
3770.8,14.650341722305347
3771.0,14.433961698124557
3771.2,14.306741423181952
3771.4,14.512803783718901
3771.6,14.373055635823766
3771.8,14.31837080392048
3772.0,14.437109734976715
3772.2,14.116771121742994
3772.4,13.959534699590945
3772.6,14.14280956019324
3772.8,14.54180393673158
3773.0,14.37800591674736
3773.2,14.123342471831041
3773.4,13.788366611820583
3773.6,13.811242485116683
3773.8,13.94244272344591
3774.0,13.575186036027345
3774.2,13.752737517238273
3774.4,13.742717070685428
3774.6,14.092169721615026
3774.8,14.0237259313208
3775.0,14.535629242107454
3775.2,14.376174183895634
3775.4,14.084175674452366
3775.6,14.230222914393087
3775.8,14.244477856044242
3776.0,14.069443571576866
3776.2,14.363665018434196
3776.4,14.098993711877874
3776.6,13.963824688312167
3776.8,14.123973554698656
3777.0,14.063970252909579
3777.2,14.112238960491872
3777.4,14.369387072776394
3777.6,13.971791085236285
3777.8,13.851208839573685
3778.0,14.003391892027077
3778.2,14.213050913790761
3778.4,14.111702221557284
3778.6,14.135776645136428
3778.8,14.210451417246734
3779.0,14.599604115214046
3779.2,14.226681430854438
3779.4,13.723615401596312
3779.6,13.923466773371613
3779.8,13.676686801652473
3780.0,13.487557362834199
3780.2,13.611394958587823
3780.4,13.660911832580707
3780.6,13.474357918038413
3780.8,13.50417352324762
3781.0,13.580263194829321
3781.2,13.607406693564117
3781.4,13.888310095330523
3781.6,13.74301516354275
3781.8,14.246018003642876
3782.0,14.21936621591724
3782.2,13.949213561976945
3782.4,14.014657782953275
3782.6,14.191764551251445
3782.8,13.83422954774333
3783.0,13.880084798275282
3783.2,13.850497706238746
3783.4,13.68424147497105
3783.6,13.608685072059059
3783.8,13.881166960925515
3784.0,13.902008454222152
3784.2,14.70626148203608
3784.4,14.891857866127868
3784.6,15.21832802916402
3784.8,14.491217622581356
3785.0,14.63705930014994
3785.2,14.575686894422141
3785.4,14.763822629791415
3785.6,14.916673183706369
3785.8,14.910250938548351
3786.0,14.231964805279432
3786.2,14.476209232207434
3786.4,14.053564427195171
3786.6,14.042405315880714
3786.8,14.406857448524002
3787.0,14.40546134483333
3787.2,14.254084176518697
3787.4,14.58925916831652
3787.6,14.854415421258917
3787.8,14.603730215706133
3788.0,14.289689663378521
3788.2,13.851725432122578
3788.4,13.971791857436305
3788.6,14.320389210635845
3788.8,14.452664703621203
3789.0,14.120822018078766
3789.2,14.530818832710985
3789.4,14.237180704083896
3789.6,14.57633681802376
3789.8,14.53013770538597
3790.0,14.06905686650016
3790.2,14.16000616339549
3790.4,14.030364316345862
3790.6,14.015398629342561
3790.8,14.166423165595308
3791.0,14.392281600855497
3791.2,14.286214993719796
3791.4,13.979048539804221
3791.6,14.817515342518996
3791.8,14.566328787447308
3792.0,14.333318435968827
3792.2,14.4415041965783
3792.4,14.425732533349683
3792.6,14.374581492823813
3792.8,14.549263307374156
3793.0,14.152578423456816
3793.2,14.383663456629565
3793.4,14.671012511176198
3793.6,14.512621592729973
3793.8,14.468714829819698
3794.0,14.871903403087071
3794.2,14.689319203252651
3794.4,15.205139322538884
3794.6,14.942616602842275
3794.8,14.58610957347021
3795.0,14.92309399365131
3795.2,14.734315958352893
3795.4,14.553916108699948
3795.6,15.083812722728066
3795.8,14.790932505463196
3796.0,14.52349639144294
3796.2,14.678460934861784
3796.4,14.988466386921973
3796.6,15.129112705222933
3796.8,14.992344453752482
3797.0,14.81134039824714
3797.2,14.839088017712953
3797.4,15.045471635795401
3797.6,15.055141179565513
3797.8,14.040363662560353
3798.0,14.243343720640329
3798.2,14.310045092284312
3798.4,14.504188113425958
3798.6,15.16847626006122
3798.8,15.534331878746006
3799.0,15.121686356758948
3799.2,15.266844157460824
3799.4,15.133150782126199
3799.6,15.536153233289362
3799.8,14.929733438255678
3800.0,14.848458982446717
3800.2,14.869480511422433
3800.4,15.07006627962536
3800.6,15.547588980487067
3800.8,15.318372197899524
3801.0,15.340224892678995
3801.2,15.41182690403291
3801.4,15.353828633621715
3801.6,15.141958450648831
3801.8,15.196653212664819
3802.0,15.556739759392332
3802.2,15.337351131555208
3802.4,15.268063395295368
3802.6,15.396833853187445
3802.8,15.41009504913475
3803.0,15.29072486117699
3803.2,15.663780041409039
3803.4,15.680250679739046
3803.6,15.500552322421068
3803.8,14.961688355734424
3804.0,15.338924262089746
3804.2,15.206854056102944
3804.4,15.263597244561913
3804.6,15.18470896524841
3804.8,15.160133807788556
3805.0,14.849799060118736
3805.2,14.654616291469896
3805.4,14.881274267570921
3805.6,14.30653104597597
3805.8,14.215335364245584
3806.0,14.52680045070992
3806.2,14.330474440160577
3806.4,14.70260505420043
3806.6,14.54577403264847
3806.8,14.348676978381993
3807.0,14.804855690905365
3807.2,14.641711840136633
3807.4,14.610582070905068
3807.6,14.778600260189364
3807.8,14.788011110150144
3808.0,15.099391476007213
3808.2,14.652620059595476
3808.4,14.56584827613627
3808.6,14.70058039035002
3808.8,15.194072716500937
3809.0,15.262523429283492
3809.2,14.866718866140708
3809.4,14.744333839529046
3809.6,14.63106601639235
3809.8,14.645567560880346
3810.0,13.964263848859837
3810.2,14.590900868765937
3810.4,15.263006423434351
3810.6,15.07732765579805
3810.8,14.91244832104244
3811.0,15.111452636415558
3811.2,14.898892882094279
3811.4,15.044025374569026
3811.6,14.979096908162646
3811.8,14.883388175373032
3812.0,15.239274418942259
3812.2,14.89121791061133
3812.4,14.522281218025705
3812.6,14.780530664249245
3812.8,14.938272496593747
3813.0,14.971609883212382
3813.2,14.689848586035975
3813.4,14.919684925441441
3813.6,15.205418675534869
3813.8,15.094502348055514
3814.0,15.145574332660432
3814.2,15.097797899037957
3814.4,15.08412581928965
3814.6,15.116326075066883
3814.8,15.141578146826621
3815.0,14.910438035670019
3815.2,14.5734892202526
3815.4,14.934207747785894
3815.6,14.752417127876065
3815.8,15.150810562363455
3816.0,15.390905456796881
3816.2,15.334609731762958
3816.4,15.28337063185083
3816.6,15.216311188177524
3816.8,15.302156689794346
3817.0,15.044971190170823
3817.2,15.454781004810696
3817.4,14.739250179147003
3817.6,15.225890075655009
3817.8,15.204284261324483
3818.0,15.007301369564587
3818.2,15.01378544620123
3818.4,14.698940389740775
3818.6,14.882169849073946
3818.8,14.916535882014351
3819.0,15.006151733202511
3819.2,14.633526920448624
3819.4,14.524647251889242
3819.6,14.576494403087587
3819.8,14.689815853519558
3820.0,14.880845981996188
3820.2,14.558319153216514
3820.4,14.268355825540189
3820.6,14.046609921789255
3820.8,14.295166262780638
3821.0,13.866557107110252
3821.2,13.932515382407413
3821.4,14.309343490607738
3821.6,13.537714589170445
3821.8,13.170344211400058
3822.0,13.462607435627753
3822.2,13.372342333698938
3822.4,13.285468058322438
3822.6,13.35398035789295
3822.8,13.141981072292062
3823.0,13.328814427986174
3823.2,13.301004826437651
3823.4,13.186456906351916
3823.6,13.388711841318282
3823.8,13.281594852398966
3824.0,13.254979935789681
3824.2,13.324839584257667
3824.4,13.141003161216034
3824.6,13.28237014074979
3824.8,13.219949334607184
3825.0,13.084994600734083
3825.2,13.2222643255567
3825.4,13.336920076391252
3825.6,13.268214367410389
3825.8,13.377718809114858
3826.0,13.571810027716303
3826.2,13.565740364396088
3826.4,13.317198141475046
3826.6,13.64423869322303
3826.8,13.678641764283867
3827.0,13.77403512548399
3827.2,13.850207676842594
3827.4,13.744785774144932
3827.6,13.46066240560382
3827.8,13.53305944892246
3828.0,13.564520499683173
3828.2,13.507805758937224
3828.4,13.620291492290704
3828.6,13.524811104717378
3828.8,13.33752313756257
3829.0,13.505204800198152
3829.2,13.214927810642298
3829.4,13.464642453012285
3829.6,13.743996797621117
3829.8,13.668830477530081
3830.0,13.544702868791958
3830.2,13.498671704179126
3830.4,13.785405194527915
3830.6,13.746405490664188
3830.8,13.3076107844652
3831.0,13.437166051874689
3831.2,13.176116027083397
3831.4,13.314154725881956
3831.6,13.228493290374615
3831.8,13.300112050893409
3832.0,13.375677245985463
3832.2,13.170258281746332
3832.4,13.547149045129752
3832.6,13.408782637978423
3832.8,13.404002622546997
3833.0,13.656504800705045
3833.2,13.433963104924715
3833.4,13.368804872158698
3833.6,13.320069946815034
3833.8,13.191341367262897
3834.0,13.183974365970597
3834.2,13.207286195557481
3834.4,13.47835460353209
3834.6,13.41432632270267
3834.8,13.41398806898663
3835.0,13.707445758592083
3835.2,13.207901064832104
3835.4,13.427683044247228
3835.6,13.403756895801015
3835.8,13.154510316841485
3836.0,13.351540844660011
3836.2,13.530321174177764
3836.4,13.319369988858313
3836.6,13.138800765718843
3836.8,13.313448424510778
3837.0,13.121354989196433
3837.2,13.611694178266857
3837.4,13.774825763027662
3837.6,13.608199745740865
3837.8,13.890943449417431
3838.0,13.474876960481215
3838.2,13.659643268541684
3838.4,14.019233613343738
3838.6,13.550883481543607
3838.8,13.48437608840521
3839.0,14.171299902591855
3839.2,13.820394974364458
3839.4,13.73041327649932
3839.6,13.732101069090593
3839.8,13.916126563790252
3840.0,13.688783155360568
3840.2,14.065785499996618
3840.4,14.033063248138472
3840.6,13.772771020859086
3840.8,14.216581719318718
3841.0,14.331977242407405
3841.2,14.459531127552783
3841.4,14.346827109814964
3841.6,14.800881077996822
3841.8,14.77252069517337
3842.0,15.092001901688139
3842.2,15.01333518793287
3842.4,15.067513757800235
3842.6,14.877252316665544
3842.8,14.869135022355627
3843.0,15.3099018956684
3843.2,14.938937183115195
3843.4,15.07554878398404
3843.6,14.477457650793234
3843.8,15.014058166544007
3844.0,14.881434013468315
3844.2,14.964690876962074
3844.4,14.977480822910893
3844.6,14.599467885086872
3844.8,14.565989298072052
3845.0,14.847608053216845
3845.2,14.703133758670322
3845.4,14.681677578819718
3845.6,14.886717265295902
3845.8,14.513434237533833
3846.0,14.640794802560421
3846.2,14.68488391709019
3846.4,14.624777178030929
3846.6,14.561080542623195
3846.8,15.208456337759554
3847.0,14.938685653630566
3847.2,15.029911339697327
3847.4,14.824332818513703
3847.6,15.011803835559602
3847.8,15.006322837021724
3848.0,14.890840720064487
3848.2,14.692277174696638
3848.4,14.500896708718628
3848.6,14.75398712642596
3848.8,14.726242154757038
3849.0,14.784544069742358
3849.2,14.52686178225097
3849.4,14.72283912865543
3849.6,14.56530407146322
3849.8,15.033902473874207
3850.0,14.817129891069637
3850.2,15.140155739873418
3850.4,14.99826701216238
3850.6,14.95148331019642
3850.8,15.035574760883016
3851.0,14.904203169854453
3851.2,15.105560556917268
3851.4,15.311587886111191
3851.6,15.408772103250666
3851.8,15.10603712796108
3852.0,15.035807292667476
3852.2,15.259675011831087
3852.4,14.934906061020861
3852.6,14.95823841456074
3852.8,15.447448594563262
3853.0,15.329208360020889
3853.2,15.37369315814624
3853.4,15.288506243481761
3853.6,14.740501956105783
3853.8,14.72618005049519
3854.0,15.127236039550487
3854.2,15.286267390107266
3854.4,14.41969483593811
3854.6,15.069363834387833
3854.8,14.795757509723042
3855.0,14.68706625670645
3855.2,15.04446183634923
3855.4,15.185584186505247
3855.6,14.82587629077611
3855.8,15.101712275228842
3856.0,15.201253607325459
3856.2,15.053823865103006
3856.4,14.979742190231253
3856.6,14.687349392824235
3856.8,15.100377029736654
3857.0,14.967938579908633
3857.2,15.089677351905866
3857.4,15.234635584202238
3857.6,14.807796775067246
3857.8,14.930110186310387
3858.0,14.942891454006006
3858.2,14.927398976575448
3858.4,14.871817683006622
3858.6,14.92985388907101
3858.8,15.056112346535437
3859.0,14.840047409679096
3859.2,14.736850880602486
3859.4,14.949077120338057
3859.6,15.215948765011888
3859.8,15.028302676353775
3860.0,14.833955847758276
3860.2,14.717270153664057
3860.4,15.18839013418986
3860.6,14.946965375655093
3860.8,15.04330390934198
3861.0,14.96317887998205
3861.2,15.03160829378528
3861.4,15.176215396736808
3861.6,14.888503861549413
3861.8,14.918193912760573
3862.0,14.96012935871149
3862.2,14.79691537215487
3862.4,14.697161371977863
3862.6,14.749196957831677
3862.8,15.05692091395239
3863.0,14.954450548761729
3863.2,14.910243102341138
3863.4,14.957967667605612
3863.6,14.906529866363211
3863.8,14.905962749119823
3864.0,15.114048845286348
3864.2,14.903457369845
3864.4,15.008266051521575
3864.6,15.057913888896158
3864.8,14.986531926159968
3865.0,15.114630227965215
3865.2,14.92819412144716
3865.4,14.864284101879878
3865.6,15.004559405299032
3865.8,14.737594018094606
3866.0,14.844436427146173
3866.2,14.809955050192977
3866.4,14.830282945399471
3866.6,14.201099317178512
3866.8,14.44971378416622
3867.0,14.788190498988278
3867.2,14.824139038492305
3867.4,14.717045396344563
3867.6,14.770636115054085
3867.8,14.620399828317103
3868.0,15.324155304294626
3868.2,15.103548656446975
3868.4,14.651582091086151
3868.6,14.685584746260629
3868.8,14.456944221819343
3869.0,15.108369563592994
3869.2,14.920788113684328
3869.4,14.627940604378713
3869.6,14.679227573866566
3869.8,14.45176872269036
3870.0,14.52090482541292
3870.2,14.478381849915316
3870.4,14.35528640344258
3870.6,14.427728730826452
3870.8,14.570713652906232
3871.0,14.94197479324935
3871.2,14.60490556019021
3871.4,14.58220552479537
3871.6,14.148238626673509
3871.8,14.365646141311618
3872.0,14.259384115838522
3872.2,14.345097176749366
3872.4,14.430760382732853
3872.6,14.722503527056691
3872.8,14.508224464802154
3873.0,14.226075124716216
3873.2,14.355910681348012
3873.4,14.204733551138528
3873.6,14.337418020240468
3873.8,14.26283243869521
3874.0,14.06512773831101
3874.2,14.12320412135597
3874.4,14.755007754400404
3874.6,14.562570198740596
3874.8,14.541103352440391
3875.0,14.986519906965036
3875.2,14.877170492668586
3875.4,15.189770254808934
3875.6,14.832037028332202
3875.8,14.777779931156978
3876.0,14.354073207188222
3876.2,14.648673404907974
3876.4,14.738407139847665
3876.6,14.653163929888887
3876.8,14.47914201337227
3877.0,14.886452076936918
3877.2,14.731428707222062
3877.4,14.629105964751204
3877.6,14.940706388597398
3877.8,14.74653301455051
3878.0,14.90619239448243
3878.2,14.671292732076584
3878.4,14.370705869801021
3878.6,14.503894085028264
3878.8,14.957597621334191
3879.0,14.766345493031123
3879.2,14.665390591041321
3879.4,14.665778512073391
3879.6,15.162402123095633
3879.8,15.075415201122759
3880.0,14.672094303761154
3880.2,14.867852242053917
3880.4,14.754666232503395
3880.6,14.627801671348289
3880.8,14.295395484823395
3881.0,14.64335641859188
3881.2,14.776729534550137
3881.4,14.860395569454052
3881.6,14.6853332975435
3881.8,14.82330696075179
3882.0,14.35180745696867
3882.2,14.258577785117696
3882.4,14.334213955707316
3882.6,14.720213572445092
3882.8,14.426659253929845
3883.0,14.672079852679348
3883.2,14.59207901827707
3883.4,14.361293418062544
3883.6,14.816224592507956
3883.8,14.39181770667199
3884.0,15.058939810500547
3884.2,15.121690229378439
3884.4,14.956564692188753
3884.6,14.88853660178593
3884.8,14.369231564157541
3885.0,14.524284377167167
3885.2,14.4935307929188
3885.4,14.585550265991793
3885.6,15.166812843433421
3885.8,14.98398401493176
3886.0,14.885274428720487
3886.2,14.892059626003986
3886.4,15.051970678492797
3886.6,15.02929282383395
3886.8,15.05635732198465
3887.0,14.82632637919393
3887.2,14.707395719113151
3887.4,14.94438998514094
3887.6,14.759533141562887
3887.8,15.013461220865947
3888.0,15.088006437948467
3888.2,14.92216566138894
3888.4,15.056661337400893
3888.6,14.786944367996366
3888.8,14.88630645590348
3889.0,15.07841211217049
3889.2,15.050958738116677
3889.4,15.126599199135631
3889.6,14.477825254019564
3889.8,14.409736998984375
3890.0,14.575094577879923
3890.2,14.961048818583077
3890.4,14.971511832521717
3890.6,14.941970644872056
3890.8,14.887105447355735
3891.0,14.872501762116332
3891.2,14.953899553699612
3891.4,14.802054236699815
3891.6,14.726764744303871
3891.8,14.915432925182222
3892.0,14.838912375221305
3892.2,14.885230305045813
3892.4,14.908820715999859
3892.6,15.15333529690307
3892.8,15.019289373062723
3893.0,14.954531974818668
3893.2,14.662811541870951
3893.4,14.978153535174547
3893.6,14.750482725937058
3893.8,14.618915977147646
3894.0,14.792573584761131
3894.2,15.290823536950134
3894.4,15.240239921324344
3894.6,14.846352038215386
3894.8,14.988456843517167
3895.0,15.00669882661491
3895.2,15.076325659941777
3895.4,15.053619423507833
3895.6,14.978995866267109
3895.8,15.00251531361901
3896.0,15.078421728001478
3896.2,14.743732306705681
3896.4,14.981201184920234
3896.6,15.015004507410929
3896.8,14.682828431417867
3897.0,14.899662211856352
3897.2,14.88081170743613
3897.4,14.995591628477225
3897.6,15.102339955785764
3897.8,14.542099952205362
3898.0,14.705307780584295
3898.2,14.850467176485404
3898.4,14.396222621354958
3898.6,14.97203424869521
3898.8,15.093856769967198
3899.0,14.771713279474831
3899.2,15.039162800733346
3899.4,14.585563067904278
3899.6,14.59527735857544
3899.8,15.081414084431643
3900.0,15.0470696192192
3900.2,14.77298070943494
3900.4,14.322984860310175
3900.6,14.381197341238188
3900.8,14.109027010628365
3901.0,14.863594496677344
3901.2,14.261452545949034
3901.4,14.470401208822967
3901.6,13.847773522250048
3901.8,13.728432579753449
3902.0,13.711181036131974
3902.2,13.618158226039856
3902.4,13.585144920772814
3902.6,13.517759905754211
3902.8,13.675196512301088
3903.0,13.620194443424998
3903.2,13.881984030308686
3903.4,13.947834161252036
3903.6,13.572460667130574
3903.8,13.800151652107882
3904.0,13.806278317012048
3904.2,14.5492536932827
3904.4,14.50028410856019
3904.6,14.860276233705372
3904.8,14.753935571547617
3905.0,14.61812257068906
3905.2,14.659793927733597
3905.4,14.550405568988294
3905.6,14.658768696506062
3905.8,14.838144685427322
3906.0,14.901393735842234
3906.2,15.152659579680861
3906.4,15.654480009928838
3906.6,15.14608821749986
3906.8,14.491432177884732
3907.0,14.522912584457199
3907.2,14.550426402715553
3907.4,14.652453025968224
3907.6,14.639954146292315
3907.8,14.329024920961489
3908.0,14.435700330292784
3908.2,14.560280827449809
3908.4,14.257002552174598
3908.6,14.745317011412508
3908.8,14.414045770752553
3909.0,14.54893048701737
3909.2,14.480765496668049
3909.4,14.343887301233295
3909.6,14.754376205797506
3909.8,14.26958404328114
3910.0,13.872852315159736
3910.2,14.466126057726276
3910.4,14.929268390107751
3910.6,14.572129446349525
3910.8,14.529328258054493
3911.0,14.60920754101695
3911.2,15.14701513908679
3911.4,15.051878299265793
3911.6,14.531569670350908
3911.8,14.999951040145763
3912.0,14.632836161477714
3912.2,14.786461480054339
3912.4,15.118370828317023
3912.6,14.837153488924802
3912.8,14.760098311871563
3913.0,14.906055241540114
3913.2,15.090006074518866
3913.4,15.013156711178349
3913.6,14.757432595058479
3913.8,15.12891545990376
3914.0,15.061363210438962
3914.2,15.023789809389875
3914.4,15.048193530370721
3914.6,15.027972403157024
3914.8,14.943446521615797
3915.0,14.596217860661614
3915.2,14.942183723613056
3915.4,14.920359489991116
3915.6,14.892528072800193
3915.8,14.948140739409697
3916.0,14.71965425529461
3916.2,15.184265239143098
3916.4,15.028287888323721
3916.6,15.08454015636292
3916.8,14.741504253439352
3917.0,14.942003559808409
3917.2,14.528096632558889
3917.4,15.106407574757306
3917.6,14.91971314828156
3917.8,14.434427772583401
3918.0,14.546919613483777
3918.2,14.788994915555486
3918.4,14.775663748604
3918.6,15.050253010035327
3918.8,15.072961588850424
3919.0,15.076441229232323
3919.2,15.211150991171898
3919.4,15.415573868087073
3919.6,15.587583276245931
3919.8,14.76871290049521
3920.0,14.946065771526131
3920.2,15.191644502556315
3920.4,14.874616875504653
3920.6,14.730477257412574
3920.8,15.055233930420366
3921.0,15.398738888523535
3921.2,14.578555905654563
3921.4,14.931445399425678
3921.6,14.94271414995656
3921.8,15.047786740465325
3922.0,14.46429837653173
3922.2,14.728925496604582
3922.4,15.0299939594563
3922.6,15.04187604473257
3922.8,14.909453482766278
3923.0,15.139888900397127
3923.2,14.87842332270463
3923.4,15.253485001228517
3923.6,14.83629041713061
3923.8,14.76012438182509
3924.0,14.994222098813477
3924.2,14.79005190858361
3924.4,14.985662700113743
3924.6,15.056675294195841
3924.8,14.807878842893382
3925.0,14.645164807581988
3925.2,14.655895334523262
3925.4,14.820652517867906
3925.6,14.876524527753174
3925.8,15.007328885163076
3926.0,14.95851649403539
3926.2,15.160715815561105
3926.4,15.03599784729979
3926.6,14.774319099915463
3926.8,14.841837356667995
3927.0,15.088993876587507
3927.2,15.130028203129164
3927.4,15.04133143768442
3927.6,14.681240074267045
3927.8,14.662890854316688
3928.0,14.833801634041544
3928.2,14.913049430303062
3928.4,14.820591685974938
3928.6,14.981545726746832
3928.8,15.478705862341638
3929.0,14.798954077064677
3929.2,15.196262400504676
3929.4,14.97404215885879
3929.6,15.018612559675553
3929.8,14.746099515360473
3930.0,14.769186517021849
3930.2,15.153432399691775
3930.4,14.851550836344371
3930.6,14.966873464095801
3930.8,14.714662548300197
3931.0,14.890576018628327
3931.2,15.106909115666722
3931.4,14.886525708495142
3931.6,14.67886928152804
3931.8,14.499802353593314
3932.0,14.524065850368697
3932.2,14.72197249413847
3932.4,14.798480660413105
3932.6,14.851948404181263
3932.8,14.820268571930814
3933.0,14.68046090833582
3933.2,14.546692765260872
3933.4,14.677195093310434
3933.6,14.973034232360483
3933.8,14.930905094397414
3934.0,15.152440461953942
3934.2,15.136232995394412
3934.4,14.983255215236987
3934.6,14.910408708834797
3934.8,15.086113795965648
3935.0,14.893290782007199
3935.2,15.069071826174518
3935.4,14.940526760749897
3935.6,14.78806814612863
3935.8,14.877416871377765
3936.0,15.114668659377642
3936.2,15.00291588838039
3936.4,15.068977864909987
3936.6,14.65747905162254
3936.8,14.760451487246504
3937.0,15.116569088148207
3937.2,15.060363263123772
3937.4,14.54697252606451
3937.6,14.30593703197822
3937.8,14.80125278505388
3938.0,14.610900680700503
3938.2,14.550000434219736
3938.4,14.600853537584548
3938.6,14.962214451165535
3938.8,14.766703390388678
3939.0,14.698052060746708
3939.2,14.924819660823538
3939.4,15.060884845454881
3939.6,14.703453840015078
3939.8,14.759497566172692
3940.0,15.219282696505545
3940.2,14.852516154319078
3940.4,15.114240069875146
3940.6,14.985471568800044
3940.8,14.90580689547032
3941.0,14.713216483645974
3941.2,14.947197275878409
3941.4,14.883365346297278
3941.6,14.984975986915028
3941.8,14.792750346765782
3942.0,14.870726211161777
3942.2,14.980044977720599
3942.4,14.861989339404767
3942.6,14.945913002349265
3942.8,15.172799800592351
3943.0,15.092731738636989
3943.2,14.725051800461111
3943.4,14.702590906876068
3943.6,15.004650823166589
3943.8,14.818976372677916
3944.0,14.8362784958254
3944.2,14.804589692219706
3944.4,15.013906363919292
3944.6,15.022094181384784
3944.8,15.013637862611786
3945.0,14.88019999567798
3945.2,15.18532433985719
3945.4,14.976740434451688
3945.6,14.981082349543101
3945.8,15.019673527118957
3946.0,15.110281724595785
3946.2,15.062346781821736
3946.4,14.799138823857039
3946.6,14.86464984334592
3946.8,15.044563098499031
3947.0,14.808481133877528
3947.2,15.023781897526739
3947.4,14.815553113623869
3947.6,14.657441586102308
3947.8,14.927763638282215
3948.0,14.562529240638721
3948.2,14.50419271398414
3948.4,14.870498672607049
3948.6,14.8470627245928
3948.8,14.87534828487134
3949.0,14.89837023465147
3949.2,14.810373139103243
3949.4,14.957003200034722
3949.6,15.157157066517808
3949.8,15.06692210810635
3950.0,15.047225428999074
3950.2,14.744234318770392
3950.4,15.016430645892395
3950.6,14.75525353556538
3950.8,15.103940126455768
3951.0,15.050590488992599
3951.2,14.701786422385643
3951.4,14.697051540145093
3951.6,14.550795883808851
3951.8,14.858478920262364
3952.0,14.82770207675907
3952.2,14.52600454075492
3952.4,14.566950805821365
3952.6,14.960055929492949
3952.8,15.205368017918193
3953.0,14.779356208590526
3953.2,14.897523927226688
3953.4,15.169949048162824
3953.6,15.007690075466243
3953.8,14.713436577577623
3954.0,14.99307421854375
3954.2,14.872438988132444
3954.4,14.909001789583744
3954.6,15.036816814293537
3954.8,14.98203146646702
3955.0,14.674514265024818
3955.2,14.745050015507719
3955.4,14.862066468946251
3955.6,14.917902593535475
3955.8,15.029890434224779
3956.0,14.789393608776745
3956.2,14.936230794284
3956.4,14.885404335866042
3956.6,14.492450520686951
3956.8,14.550833349262133
3957.0,14.980738597613039
3957.2,15.034554845739725
3957.4,15.04287817912205
3957.6,14.375454576993548
3957.8,14.783496563897298
3958.0,14.93615954039473
3958.2,14.401810756431379
3958.4,14.41556039168872
3958.6,14.458201679410475
3958.8,14.957755585725394
3959.0,14.363644423470724
3959.2,14.376789347750627
3959.4,14.70694070612347
3959.6,14.67305020283492
3959.8,14.548965947673969
3960.0,14.002593504497462
3960.2,14.438561264623077
3960.4,14.966114087913775
3960.6,14.776248224523593
3960.8,14.912258439187118
3961.0,14.82639727775289
3961.2,14.843962233891181
3961.4,15.098621671345304
3961.6,15.009588654888999
3961.8,15.136442525544604
3962.0,15.02162150900762
3962.2,15.073705144050411
3962.4,15.28535202158102
3962.6,14.858810598736369
3962.8,15.165627461295765
3963.0,15.057920347776257
3963.2,15.04603475520916
3963.4,14.950128209983031
3963.6,15.112581477408115
3963.8,15.052844480750656
3964.0,15.241500414061772
3964.2,14.94601625435459
3964.4,14.745781709508519
3964.6,14.808332040128677
3964.8,14.972529113520727
3965.0,14.624630787963186
3965.2,14.792381406137887
3965.4,14.674039403598542
3965.6,14.989456505271397
3965.8,14.91863758735228
3966.0,14.76570629972407
3966.2,14.72868093794034
3966.4,14.98129076347312
3966.6,14.815434514761849
3966.8,14.831458324364313
3967.0,14.592359054546836
3967.2,14.631951851413884
3967.4,14.660322405405415
3967.6,15.068328027327109
3967.8,14.91025558512937
3968.0,14.970142909581716
3968.2,14.936974921923074
3968.4,15.052024150558541
3968.6,14.97807779629282
3968.8,14.999933223155118
3969.0,14.716264354872933
3969.2,15.23505893930237
3969.4,15.046475951171654
3969.6,14.893054393582133
3969.8,15.085450192338048
3970.0,14.858510990282465
3970.2,15.033943322136142
3970.4,15.16992146903046
3970.6,15.09165327637807
3970.8,14.840571690289535
3971.0,14.834631205640555
3971.2,14.50085146822683
3971.4,15.021963243467937
3971.6,15.024409958826723
3971.8,15.138037433944135
3972.0,14.762467469172218
3972.2,14.992734716887888
3972.4,14.815903254555396
3972.6,14.40010075809646
3972.8,14.363772046251066
3973.0,14.232353492622599
3973.2,14.505083832982029
3973.4,14.378212156160446
3973.6,14.579356758520074
3973.8,14.508855164715746
3974.0,14.59841636420231
3974.2,14.473370760218149
3974.4,13.947621915709457
3974.6,14.249063958161779
3974.8,14.60490848433726
3975.0,14.364849379733304
3975.2,14.378363722522348
3975.4,14.415127244923546
3975.6,14.747186423792957
3975.8,14.575932496808242
3976.0,14.603945629789067
3976.2,15.010904709006343
3976.4,15.12940233400293
3976.6,15.00583128993621
3976.8,15.007555495381697
3977.0,14.707708773619661
3977.2,14.665386083118326
3977.4,14.945308841862854
3977.6,14.547747716698861
3977.8,14.925230060453927
3978.0,14.859211737154647
3978.2,14.652540213284976
3978.4,14.864313546075694
3978.6,14.806984516522697
3978.8,14.681181806734493
3979.0,14.793631039175214
3979.2,14.574563938241333
3979.4,14.309998213291566
3979.6,14.317773198580028
3979.8,13.954632516777979
3980.0,14.416671966614684
3980.2,13.966851348851947
3980.4,14.062486696666737
3980.6,14.287386239484952
3980.8,14.157179207958757
3981.0,14.168588669814437
3981.2,13.927897894694198
3981.4,14.060814917621684
3981.6,14.524154589311566
3981.8,14.755779896144517
3982.0,15.310389813935677
3982.2,14.826386075675785
3982.4,14.919128091800031
3982.6,14.869474430015181
3982.8,14.732621641316442
3983.0,15.029455080216515
3983.2,15.019480011944529
3983.4,14.979737425935419
3983.6,14.836475952668906
3983.8,14.763545479794821
3984.0,14.988168340783094
3984.2,14.685301935818567
3984.4,14.749316307832066
3984.6,14.956440617398787
3984.8,14.65570592251838
3985.0,15.200624798141192
3985.2,14.951841109210767
3985.4,14.909289371260686
3985.6,14.96050148192413
3985.8,14.991086763374064
3986.0,15.0139415116114
3986.2,15.109458710445388
3986.4,14.68704321337053
3986.6,14.793328044391195
3986.8,14.810314321770267
3987.0,14.928666905051493
3987.2,14.443405633095367
3987.4,14.833331895263575
3987.6,14.340005886448573
3987.8,14.4328071837837
3988.0,14.745566601933046
3988.2,14.827009540546904
3988.4,14.787284283217232
3988.6,14.99430289851447
3988.8,14.859482866204392
3989.0,14.736073234418557
3989.2,14.931924396707645
3989.4,15.021234777840807
3989.6,15.022327893480035
3989.8,15.303855533557362
3990.0,14.90310204206256
3990.2,14.965178166338282
3990.4,14.910734877866638
3990.6,14.906487834213388
3990.8,15.090011386494844
3991.0,15.119336309593049
3991.2,15.063016252387937
3991.4,14.752006211663888
3991.6,15.003336925255821
3991.8,14.906134091391113
3992.0,14.500661865310583
3992.2,14.489331897282733
3992.4,15.07014340206169
3992.6,14.733503214649486
3992.8,14.412296044915154
3993.0,14.508152855976702
3993.2,14.371116601653357
3993.4,14.783745069212461
3993.6,14.707937409512478
3993.8,14.612490919767913
3994.0,14.441805232805468
3994.2,14.43739367626083
3994.4,14.492202678053072
3994.6,15.0379370873965
3994.8,14.635084390910853
3995.0,14.700073559436573
3995.2,14.208518274735287
3995.4,14.48496868262505
3995.6,14.50769278568097
3995.8,14.075006359997468
3996.0,13.701141291046145
3996.2,13.846249774672351
3996.4,14.379057179380322
3996.6,14.630096780265564
3996.8,14.040955043301002
3997.0,14.248168747875772
3997.2,14.742056739713902
3997.4,14.378297656732453
3997.6,14.632661465291733
3997.8,14.485392854003853
3998.0,14.27250066551002
3998.2,14.287618679696863
3998.4,14.234802404308313
3998.6,13.985322949087653
3998.8,14.154246809289702
3999.0,13.627998969356232
3999.2,13.668717346534539
3999.4,13.618344077954866
3999.6,13.739527177327467
3999.8,13.685211792581375
4000.0,14.232739518338146
4000.2,14.689597615026218
4000.4,14.625551017175662
4000.6,14.713680650928577
4000.8,14.67486969033925
4001.0,14.678327231035217
4001.2,14.364068171993154
4001.4,14.391904787301154
4001.6,14.259757902789794
4001.8,14.34184260009302
4002.0,14.519494162026271
4002.2,14.577430661651709
4002.4,14.284893512297252
4002.6,14.43277508372085
4002.8,14.48499533204797
4003.0,14.611755432010963
4003.2,14.725489517718957
4003.4,15.007794120558117
4003.6,14.947383078046323
4003.8,14.977634171730323
4004.0,14.892745615173437
4004.2,14.878664270791809
4004.4,14.894518190490189
4004.6,14.77398349263035
4004.8,15.035821519567476
4005.0,15.128683185957623
4005.2,14.94101041955393
4005.4,14.706349928449356
4005.6,14.761062453484419
4005.8,14.737064754678785
4006.0,14.764867505772877
4006.2,14.784509816982636
4006.4,14.901456264709294
4006.6,14.991842794349154
4006.8,14.926187287105835
4007.0,14.868549908088726
4007.2,14.647706581505552
4007.4,14.959781459379295
4007.6,14.902049303366079
4007.8,14.93964600495483
4008.0,14.41254843114667
4008.2,14.556190816511068
4008.4,14.07991080311373
4008.6,14.074653471048608
4008.8,14.340154514488361
4009.0,14.445359740353993
4009.2,14.614331459744834
4009.4,14.452551807992954
4009.6,14.788182184951115
4009.8,14.873941853362957
4010.0,14.710274746926064
4010.2,14.72453052399336
4010.4,14.87029230816254
4010.6,14.93137665962079
4010.8,14.761460711603629
4011.0,14.972346114339178
4011.2,15.013721463793493
4011.4,14.64018174152442
4011.6,14.367599070958292
4011.8,14.257883187929245
4012.0,14.68863384078798
4012.2,14.396947373049763
4012.4,14.17774995616589
4012.6,14.439565807680664
4012.8,14.3561376082178
4013.0,14.088967569106511
4013.2,14.386553738737632
4013.4,14.105513006078347
4013.6,14.160312777247412
4013.8,14.327407426047152
4014.0,14.424772858718097
4014.2,14.77726162591737
4014.4,14.413935172654266
4014.6,14.598971115772251
4014.8,14.834031307655952
4015.0,14.442716719466759
4015.2,14.61800705569572
4015.4,14.789613971275163
4015.6,14.8537824584226
4015.8,13.920877832652202
4016.0,13.914578507249294
4016.2,14.097340905589768
4016.4,14.324855256404284
4016.6,14.860812924116047
4016.8,14.719193149294904
4017.0,14.735561509394659
4017.2,14.743939289670301
4017.4,14.445374475146455
4017.6,14.259960941557239
4017.8,14.324345632534754
4018.0,14.697107268674955
4018.2,14.531865842422139
4018.4,14.109399671129752
4018.6,14.60337905203505
4018.8,14.346537044923506
4019.0,14.664252880832771
4019.2,14.526024604537577
4019.4,14.348041735438152
4019.6,14.475303430489749
4019.8,14.64409909407368
4020.0,14.189050044204025
4020.2,14.322125329241546
4020.4,14.109765858602339
4020.6,14.40958882780292
4020.8,13.98118765098577
4021.0,14.091027297506326
4021.2,14.710539967820843
4021.4,14.351533019254827
4021.6,14.23176945633655
4021.8,13.788249622687927
4022.0,14.144964381583168
4022.2,14.344533543598256
4022.4,14.364042154787155
4022.6,14.391992687199194
4022.8,14.829553587297797
4023.0,14.838541150649016
4023.2,14.415028592969719
4023.4,14.708176279020527
4023.6,14.378760420487083
4023.8,14.164670686213451
4024.0,14.356810145024376
4024.2,14.79052418372816
4024.4,14.804814604751446
4024.6,14.885910256423276
4024.8,14.700048081741334
4025.0,14.511142486865564
4025.2,14.510550145860998
4025.4,14.768368299761638
4025.6,14.853991565482026
4025.8,15.01431608310991
4026.0,14.884717225868773
4026.2,14.510739067305607
4026.4,14.613238257994226
4026.6,14.844329713603639
4026.8,14.786892869264811
4027.0,14.97109792903786
4027.2,14.61927135010133
4027.4,14.887611596873588
4027.6,14.426199121612179
4027.8,14.55397659548044
4028.0,14.055957357728461
4028.2,13.988207851093602
4028.4,14.304280766676648
4028.6,14.768864452338612
4028.8,14.593610663613
4029.0,14.793487738526327
4029.2,14.661509877189694
4029.4,14.898767208608275
4029.6,15.1476065696335
4029.8,14.8384019258983
4030.0,15.04553920972991
4030.2,15.028034336717088
4030.4,14.947258983003302
4030.6,14.825096682772125
4030.8,15.17904473006131
4031.0,15.090435394148223
4031.2,14.94603404130553
4031.4,14.803038681790072
4031.6,15.120483904935714
4031.8,15.092543605299976
4032.0,15.132935962613427
4032.2,15.033672680065301
4032.4,15.088837089104013
4032.6,15.094205292571555
4032.8,14.67371839768116
4033.0,14.80907993904788
4033.2,14.57282987777286
4033.4,14.674887301478117
4033.6,14.410424933427064
4033.8,14.522027200255334
4034.0,14.821444791875413
4034.2,14.642783363424401
4034.4,14.346035126078343
4034.6,14.695649561885594
4034.8,14.832163793349604
4035.0,14.856095313325978
4035.2,15.005970205888747
4035.4,14.925621663770116
4035.6,14.857927741180257
4035.8,15.036061863095448
4036.0,14.975101194780292
4036.2,15.142968166406746
4036.4,14.77395827636271
4036.6,14.937618142469908
4036.8,14.980297660690722
4037.0,14.842416614075084
4037.2,14.955428944862895
4037.4,14.967243950491282
4037.6,15.119679506143783
4037.8,14.997775943841612
4038.0,14.609688028317507
4038.2,14.728647181200307
4038.4,14.762321949887465
4038.6,14.890902032332194
4038.8,14.928978219807949
4039.0,14.98178995440421
4039.2,14.579802822832093
4039.4,14.518417727465543
4039.6,14.697085451165501
4039.8,14.724754656626908
4040.0,14.770351975723575
4040.2,15.210217336150844
4040.4,14.893842362619763
4040.6,14.880906975704555
4040.8,14.901950330693586
4041.0,14.874677502960484
4041.2,14.932077064997738
4041.4,14.791495843285183
4041.6,14.80971825625729
4041.8,15.024574220521089
4042.0,14.921414878226004
4042.2,14.943887360820867
4042.4,14.33100587239965
4042.6,14.838677666056167
4042.8,15.08909808441678
4043.0,14.7319153579773
4043.2,14.879206215624022
4043.4,14.892268675657778
4043.6,14.787453865988077
4043.8,14.963831376645938
4044.0,14.576217626477536
4044.2,15.139641422337055
4044.4,15.013960728272872
4044.6,14.494585494818281
4044.8,14.772956497241253
4045.0,14.833452040699493
4045.2,14.672517358532462
4045.4,14.823801529270732
4045.6,14.70824643733608
4045.8,14.700630513936465
4046.0,14.72862297825497
4046.2,15.212565642917603
4046.4,15.006299606236379
4046.6,15.156197939302817
4046.8,15.021280147744438
4047.0,14.921402559796036
4047.2,14.888290362720491
4047.4,14.974007452438409
4047.6,14.932239268264455
4047.8,14.935665790829287
4048.0,14.898385386593988
4048.2,14.846971600924793
4048.4,14.941729125028091
4048.6,14.589546978597753
4048.8,14.96540095254884
4049.0,15.192837316336602
4049.2,15.046823320166938
4049.4,14.848011384863742
4049.6,15.13378174015401
4049.8,14.71524738997263
4050.0,14.941556607151147
4050.2,14.950572118644827
4050.4,14.881651645808416
4050.6,14.848552683446908
4050.8,14.807193562563022
4051.0,14.707965707255116
4051.2,14.682287629182152
4051.4,14.83088206970207
4051.6,14.86572684474412
4051.8,14.918081436008707
4052.0,14.877140102012977
4052.2,15.017445234209376
4052.4,14.638203190814668
4052.6,14.884897637724873
4052.8,14.970043873172807
4053.0,14.994498738505
4053.2,15.041002068842255
4053.4,14.858674501355534
4053.6,14.960690759615021
4053.8,15.075465332427074
4054.0,15.15388600098075
4054.2,14.96542152234548
4054.4,14.617408466616613
4054.6,14.53651118926784
4054.8,14.287920977473878
4055.0,14.471443407025768
4055.2,14.259168046319726
4055.4,14.776924095643212
4055.6,14.900606684348379
4055.8,14.793541671471926
4056.0,14.93470833130659
4056.2,14.936760330752705
4056.4,14.799164004038033
4056.6,15.050740155943917
4056.8,14.983973912202453
4057.0,14.896609376326106
4057.2,14.906809735187881
4057.4,14.952017712498773
4057.6,15.219421448451838
4057.8,14.77983644852506
4058.0,14.768002495645792
4058.2,14.770916886474039
4058.4,14.757938213827664
4058.6,14.983643640027086
4058.8,14.851268920798454
4059.0,14.964277680462779
4059.2,14.61247062447348
4059.4,14.82486807459869
4059.6,14.916718829435878
4059.8,15.051558675124516
4060.0,15.057376490261973
4060.2,14.744759862512167
4060.4,14.883065231457454
4060.6,14.959482722091034
4060.8,14.892483998928318
4061.0,15.09713244595671
4061.2,14.804420009542454
4061.4,15.025958032852387
4061.6,14.879954671870024
4061.8,14.5078100145668
4062.0,14.868497896194363
4062.2,15.005669026317177
4062.4,15.086356336639408
4062.6,15.095610128403795
4062.8,15.107881433986538
4063.0,15.12940890089686
4063.2,15.049864081113151
4063.4,15.28782404680145
4063.6,15.339816560537429
4063.8,15.147929775922995
4064.0,15.05401773987975
4064.2,15.071823425165903
4064.4,14.601547303815568
4064.6,15.022233366588434
4064.8,14.564974745790899
4065.0,14.947110642687981
4065.2,15.041128316730267
4065.4,15.336659178861742
4065.6,15.267565971346489
4065.8,14.918303420215139
4066.0,15.048376393945887
4066.2,14.460684368098569
4066.4,14.367093770551325
4066.6,14.52086662595307
4066.8,14.563978641928433
4067.0,14.440319503436552
4067.2,14.439788784324517
4067.4,14.720050626249748
4067.6,14.544386574667884
4067.8,15.039865731834603
4068.0,14.70995146419858
4068.2,14.81073334847201
4068.4,14.83339220991777
4068.6,14.843101243467789
4068.8,14.962169936002429
4069.0,15.117076915275904
4069.2,14.606950712389528
4069.4,14.836831547561589
4069.6,14.73583010231282
4069.8,14.656050182411635
4070.0,14.563167373052172
4070.2,14.497203329564703
4070.4,14.48268773703891
4070.6,14.679369747380333
4070.8,14.759268252091026
4071.0,14.65063098152972
4071.2,15.040638351018469
4071.4,14.949215199678923
4071.6,14.882566749071165
4071.8,15.10734686229275
4072.0,14.942717932103093
4072.2,14.766534429621231
4072.4,15.057638766448811
4072.6,14.974002854142265
4072.8,14.64038270120816
4073.0,15.006255315061257
4073.2,15.226166221455685
4073.4,14.832589143761641
4073.6,14.945743945588507
4073.8,14.538556619772564
4074.0,14.709902188051418
4074.2,15.1177736622006
4074.4,15.128774069974005
4074.6,14.937978959712419
4074.8,15.076264542223864
4075.0,14.978118360486095
4075.2,14.933682564283796
4075.4,14.310840174515354
4075.6,14.487673768109682
4075.8,14.823113048731532
4076.0,14.898697268071356
4076.2,14.349481117740995
4076.4,14.862889003595223
4076.6,14.547768803495542
4076.8,14.799684758613882
4077.0,14.813696100550338
4077.2,14.610600866990236
4077.4,14.98941608841043
4077.6,14.910102057660044
4077.8,15.017386467049572
4078.0,14.969768187986613
4078.2,14.707718368329514
4078.4,14.828519224389696
4078.6,14.998267324429202
4078.8,15.101554465360248
4079.0,14.991235038698631
4079.2,14.77306612884199
4079.4,14.565590095117294
4079.6,15.101969700982272
4079.8,14.839550940901132
4080.0,14.696710458750168
4080.2,14.90860226616431
4080.4,14.62336831670215
4080.6,14.764090817256609
4080.8,14.581118641993537
4081.0,14.914142989075827
4081.2,14.95110706325674
4081.4,15.077159738183905
4081.6,15.549810459401298
4081.8,15.303573446055331
4082.0,15.035402890551312
4082.2,15.012663339445819
4082.4,15.153384682303056
4082.6,14.969100017231137
4082.8,14.8908175242549
4083.0,14.776096207300931
4083.2,15.045472274295697
4083.4,15.207202366292666
4083.6,15.284578645027974
4083.8,15.122257640364037
4084.0,15.12794882399768
4084.2,15.112128815969166
4084.4,14.907397241437405
4084.6,15.162404132042083
4084.8,15.173475066901839
4085.0,15.404624192083638
4085.2,15.291137653662572
4085.4,15.364371102510317
4085.6,15.029084952166112
4085.8,15.024144269464845
4086.0,15.092301053823064
4086.2,15.3700269952068
4086.4,15.224536344857391
4086.6,14.735212237040036
4086.8,15.208332879539556
4087.0,14.899250050703404
4087.2,14.818498745828673
4087.4,15.05710164559019
4087.6,14.915755919230634
4087.8,14.929231419338453
4088.0,14.990507597449037
4088.2,14.885633472891177
4088.4,14.693417170544336
4088.6,14.734924966152414
4088.8,15.065832906837617
4089.0,14.796013043168069
4089.2,14.595211332542295
4089.4,14.691688712256036
4089.6,14.818173712022793
4089.8,15.10104000372021
4090.0,14.985280217803412
4090.2,15.265314093560676
4090.4,15.080300301440046
4090.6,14.596820086193208
4090.8,14.393581935606312
4091.0,14.995364800497493
4091.2,14.886570097595108
4091.4,15.111531089083138
4091.6,15.088398903717975
4091.8,15.11007587807426
4092.0,14.993498275505303
4092.2,15.278856084712913
4092.4,14.853036359066646
4092.6,14.867736354868203
4092.8,14.964089681491316
4093.0,15.107176529060524
4093.2,14.9288419923014
4093.4,14.758400158580251
4093.6,14.72812518478288
4093.8,14.968781029267472
4094.0,15.075530992500056
4094.2,15.025261467865862
4094.4,15.120561203598664
4094.6,14.97423198010625
4094.8,15.132480362829885
4095.0,15.108681871453982
4095.2,15.086345328866532
4095.4,15.145113813986534
4095.6,14.980932241060241
4095.8,14.780308571832165
4096.0,14.995365902761488
4096.2,15.02997861791454
4096.4,14.980567271174381
4096.6,15.04912131044344
4096.8,15.10425495884183
4097.0,14.992479764514721
4097.2,15.040106091087424
4097.4,15.114110771085464
4097.6,14.929361729773518
4097.8,14.8436507015859
4098.0,14.984973395300083
4098.2,14.911668616403508
4098.4,14.88121628519228
4098.6,14.94025071259026
4098.8,14.571748144308902
4099.0,14.743253861073873
4099.2,15.068075227265167
4099.4,15.04220124351048
4099.6,14.824151453811595
4099.8,14.442724366369035
4100.0,14.48815374162102
4100.2,13.84104025728952
4100.4,14.452101478851551
4100.6,14.064108769732773
4100.8,14.383545499437753
4101.0,14.654486949120402
4101.2,14.337557562707987
4101.4,14.08920432552912
4101.6,14.337926153726388
4101.8,14.330473913288142
4102.0,14.176252415210026
4102.2,13.65851525631172
4102.4,13.771668335241152
4102.6,14.17917716690988
4102.8,14.405595258688443
4103.0,14.226260738757105
4103.2,14.067015607850523
4103.4,14.02305296233985
4103.6,14.074275325646845
4103.8,14.10593821255286
4104.0,14.018296473986265
4104.2,14.321382679160317
4104.4,14.293398876068338
4104.6,14.326251884128032
4104.8,14.587694341801008
4105.0,14.531357467709238
4105.2,14.609121251030956
4105.4,14.242316170067886
4105.6,14.798316985342826
4105.8,14.337301274851127
4106.0,13.750403704772637
4106.2,13.727569000947383
4106.4,13.589236329844859
4106.6,13.531910460887676
4106.8,13.720454241290508
4107.0,13.807671193486733
4107.2,14.168486365807064
4107.4,14.116862701542004
4107.6,14.309149528071892
4107.8,14.303589911016966
4108.0,14.307628427017923
4108.2,14.049029379340475
4108.4,14.20542459418759
4108.6,14.098388695617697
4108.8,14.431599680076523
4109.0,13.740682651651284
4109.2,13.588613188689278
4109.4,13.968364253510776
4109.6,13.924144914420983
4109.8,14.309496365600436
4110.0,14.110795539736806
4110.2,14.243121701461924
4110.4,14.626204966427544
4110.6,14.295323504558565
4110.8,14.203582970627956
4111.0,14.355947795489971
4111.2,14.085460716223242
4111.4,13.793553554868458
4111.6,13.756751739951591
4111.8,13.792518486089712
4112.0,13.700039548702016
4112.2,13.650040199201865
4112.4,13.62211179267424
4112.6,13.98165589263694
4112.8,14.499626752790677
4113.0,14.063056938786433
4113.2,14.085388248007026
4113.4,13.79916422109181
4113.6,13.792094856896265
4113.8,14.19599136531011
4114.0,14.143724627930656
4114.2,14.363919370314171
4114.4,14.173741466025906
4114.6,14.48986417298797
4114.8,14.48034042961394
4115.0,14.282634104961513
4115.2,13.964015938039438
4115.4,14.358948714315323
4115.6,14.538291089390674
4115.8,14.536261550665952
4116.0,14.174905135814873
4116.2,14.359479234040798
4116.4,14.371388499393689
4116.6,14.47189607776319
4116.8,14.303528235458572
4117.0,14.351242725779201
4117.2,13.97148347238128
4117.4,14.310224594821136
4117.6,14.228504374160785
4117.8,14.20839651567459
4118.0,14.264026640657635
4118.2,14.336113760746002
4118.4,13.985583290274263
4118.6,13.768560304105508
4118.8,14.152025382958811
4119.0,14.583627646921338
4119.2,13.911297526980375
4119.4,14.33908306300096
4119.6,14.203982415672352
4119.8,14.403909340276257
4120.0,14.56359372799833
4120.2,14.283064605219955
4120.4,14.819270926687341
4120.6,14.486629623672219
4120.8,13.967211529451447
4121.0,14.319325710352883
4121.2,14.507963061321803
4121.4,14.267085769808094
4121.6,14.482808591930745
4121.8,14.554884207430627
4122.0,13.950458328205222
4122.2,13.809516543711513
4122.4,13.854914532896046
4122.6,13.600337700279448
4122.8,13.573241714916673
4123.0,13.959825284507755
4123.2,13.972667086266634
4123.4,14.052623408437901
4123.6,14.091755261398164
4123.8,14.376525107020866
4124.0,14.396717612773891
4124.2,13.792050673474868
4124.4,14.466011949137611
4124.6,13.7187000945253
4124.8,13.75478303696819
4125.0,13.647730185732241
4125.2,13.974980062313316
4125.4,14.685661758159384
4125.6,14.319959240675455
4125.8,13.891363923831278
4126.0,14.092543018635572
4126.2,14.090135465326334
4126.4,14.215532586783695
4126.6,14.36984409847035
4126.8,14.82741753396476
4127.0,14.579839442793968
4127.2,14.633573633435073
4127.4,14.855746325840027
4127.6,14.468917260662725
4127.8,14.51842838526172
4128.0,15.095933979673806
4128.2,15.271979079772478
4128.4,15.16565883761089
4128.6,15.097468181281608
4128.8,14.97189938919975
4129.0,15.141705113841779
4129.2,15.37426113440673
4129.4,14.79446821303587
4129.6,15.037505814822191
4129.8,15.096730237064937
4130.0,15.206084029222946
4130.2,15.074730327811316
4130.4,14.896745605665808
4130.6,14.903968161809596
4130.8,15.161667951754076
4131.0,15.14294502925729
4131.2,14.881026596502958
4131.4,15.091256670274532
4131.6,14.952082710202255
4131.8,14.605211530705528
4132.0,15.275306515037423
4132.2,15.072743039919231
4132.4,14.97729989723777
4132.6,15.083709003978136
4132.8,15.001712089801163
4133.0,15.323228026754727
4133.2,14.933346992864266
4133.4,14.839932845616975
4133.6,14.878188199718087
4133.8,15.290081390968492
4134.0,16.00694254772863
4134.2,15.912200271953722
4134.4,15.621749928121737
4134.6,15.70298349789657
4134.8,15.412361121154834
4135.0,15.47350114398316
4135.2,15.196443490322192
4135.4,15.56759189135054
4135.6,15.655304558594061
4135.8,15.486580877190839
4136.0,15.34460941873083
4136.2,15.460683063253773
4136.4,15.743678228834328
4136.6,15.628457787985756
4136.8,15.687725011491292
4137.0,15.626608269671248
4137.2,15.689158845760527
4137.4,15.564660485028014
4137.6,15.809315464119514
4137.8,15.359565091710765
4138.0,15.635665304155495
4138.2,15.609411094519812
4138.4,15.365593986918654
4138.6,15.13253663419758
4138.8,14.948518668320256
4139.0,14.946012051149175
4139.2,14.957451753843834
4139.4,14.526571768019865
4139.6,15.426749445395096
4139.8,14.896725866796775
4140.0,15.118304080968146
4140.2,15.104337494862177
4140.4,15.173536487337033
4140.6,14.792571840235153
4140.8,14.973081488282734
4141.0,15.19616778203116
4141.2,15.001058208223238
4141.4,15.221505087892059
4141.6,15.272110761296345
4141.8,15.10731902441787
4142.0,15.18525035879047
4142.2,15.809281062121538
4142.4,15.657840086246681
4142.6,15.730513772723477
4142.8,15.34324667885549
4143.0,15.246868573771334
4143.2,15.231496887092247
4143.4,15.442891102568915
4143.6,15.372714072105044
4143.8,15.523505514966692
4144.0,15.400887548060414
4144.2,15.41779676741137
4144.4,15.330434272230269
4144.6,15.260448683975962
4144.8,15.48907913008172
4145.0,14.786235717726125
4145.2,15.001697655915848
4145.4,14.741182483627407
4145.6,14.639733741087724
4145.8,15.335878412369038
4146.0,15.009119995318919
4146.2,14.701963312884798
4146.4,14.653993291553673
4146.6,14.95454516080158
4146.8,15.181288366210532
4147.0,14.995382338489648
4147.2,15.055754851807759
4147.4,15.389575851233205
4147.6,15.213461782205698
4147.8,15.000385654186285
4148.0,14.854489860370474
4148.2,14.969169109689739
4148.4,14.52213113857545
4148.6,14.649059235119084
4148.8,15.103387514903845
4149.0,15.02793860688236
4149.2,15.089467331477465
4149.4,14.256334419694696
4149.6,15.088165621370667
4149.8,14.965886793934738
4150.0,14.548586509886569
4150.2,14.824586310367208
4150.4,14.725844801176242
4150.6,14.967295570004708
4150.8,14.94462510633386
4151.0,14.973291257703599
4151.2,14.718009558966445
4151.4,14.716646641623395
4151.6,14.816041669730799
4151.8,15.019081395365577
4152.0,14.95644664707295
4152.2,14.849697207480437
4152.4,14.941472505383564
4152.6,14.636245453487177
4152.8,14.038204982681998
4153.0,14.326541236514396
4153.2,14.766355783787734
4153.4,14.868336757180835
4153.6,14.321150419607868
4153.8,14.122995127480074
4154.0,14.155664985971978
4154.2,13.817603792751417
4154.4,13.826299194755494
4154.6,14.099222454572274
4154.8,14.039095867550976
4155.0,13.961611661982117
4155.2,14.593826826072135
4155.4,14.619516857077254
4155.6,14.372148589155566
4155.8,15.085813439184486
4156.0,14.922464882563569
4156.2,15.096899074855736
4156.4,14.50235811998896
4156.6,14.739303883634589
4156.8,14.565604147215064
4157.0,14.770940182457226
4157.2,14.6755825489225
4157.4,14.911165800193839
4157.6,14.927696382507696
4157.8,14.927652569902518
4158.0,14.694387680464398
4158.2,14.671766425162087
4158.4,14.529687060514549
4158.6,14.698075919384516
4158.8,14.36760493695298
4159.0,14.528476387152976
4159.2,14.690751291806091
4159.4,14.447710558131604
4159.6,14.373312849610635
4159.8,14.120639882292508
4160.0,14.193222836641233
4160.2,14.125113418593582
4160.4,14.71693720523172
4160.6,14.607975428172947
4160.8,14.573673661794311
4161.0,14.456939107437359
4161.2,14.816824485299932
4161.4,14.61271034999615
4161.6,14.786957618591751
4161.8,14.618502785120759
4162.0,14.326322835287986
4162.2,14.803643689167192
4162.4,14.963554819903035
4162.6,14.72070075238869
4162.8,14.840362364470671
4163.0,14.838952694676347
4163.2,14.371072385951944
4163.4,14.762066993650343
4163.6,14.614253921328293
4163.8,14.700624814921008
4164.0,14.437680393561754
4164.2,14.683399655519285
4164.4,14.596567007728812
4164.6,14.928463190617766
4164.8,14.874178121172674
4165.0,14.878469798541598
4165.2,14.99005340647785
4165.4,14.74285947651823
4165.6,14.8244589395018
4165.8,14.327783725380314
4166.0,14.86218650797279
4166.2,14.808119802996309
4166.4,14.884445912034789
4166.6,14.736152157178378
4166.8,14.50842780222185
4167.0,14.894873935663773
4167.2,14.56788905026344
4167.4,14.237313398617928
4167.6,14.576973886074526
4167.8,14.59899028426765
4168.0,14.724584984204744
4168.2,14.798992455072193
4168.4,14.98548164324345
4168.6,14.597358929084567
4168.8,14.605180296378625
4169.0,14.823070612123937
4169.2,14.977480638762255
4169.4,14.852418676253052
4169.6,14.76008620295511
4169.8,15.061635511815378
4170.0,15.20582484923688
4170.2,15.014063543162138
4170.4,15.231085586896132
4170.6,15.28993078478694
4170.8,14.932265790446719
4171.0,14.406166670865533
4171.2,14.644490235457088
4171.4,14.665721585200536
4171.6,15.118632385380542
4171.8,15.049205109665307
4172.0,14.913390185088291
4172.2,14.897153390462549
4172.4,15.016595639069216
4172.6,14.512733378251445
4172.8,14.884810272883577
4173.0,14.761226746693376
4173.2,15.098889870660388
4173.4,15.21387255252407
4173.6,14.947347533215599
4173.8,15.104182659584083
4174.0,15.094318868643136
4174.2,14.965120824863815
4174.4,14.764072844446387
4174.6,14.989735854343756
4174.8,14.87072826357014
4175.0,14.8101032642994
4175.2,14.865421697386406
4175.4,14.959506968212432
4175.6,15.206580158502515
4175.8,15.167596876960074
4176.0,15.018094501909049
4176.2,14.891568250034123
4176.4,14.554447353891824
4176.6,14.838132463379356
4176.8,14.923470104656019
4177.0,14.909484774245886
4177.2,15.143715462400305
4177.4,14.794535519362817
4177.6,14.834620640628064
4177.8,15.126642972290629
4178.0,14.916183944348463
4178.2,14.564508477009163
4178.4,15.02603252524361
4178.6,15.035167302416045
4178.8,15.144240553521751
4179.0,14.795677659929755
4179.2,15.119684989413454
4179.4,14.812878950491076
4179.6,14.924979974516134
4179.8,14.70072861443901
4180.0,15.01562273501493
4180.2,15.345154618452945
4180.4,15.059407388971053
4180.6,14.942309201149717
4180.8,14.83877184502447
4181.0,14.75692966516539
4181.2,15.19382674951672
4181.4,15.034384223025185
4181.6,14.919292782769558
4181.8,14.707036319159561
4182.0,14.62786033258173
4182.2,14.770901281206509
4182.4,14.829149117354383
4182.6,14.889326754272382
4182.8,14.718559792469437
4183.0,14.752952772880024
4183.2,14.906658050504983
4183.4,14.838283982599318
4183.6,15.033642454485037
4183.8,15.385731845105902
4184.0,14.941232572391046
4184.2,14.759015082679458
4184.4,14.977437300339549
4184.6,14.901552284674114
4184.8,14.607641113604936
4185.0,14.988042134905971
4185.2,14.715607063547116
4185.4,15.176361229774713
4185.6,15.0044776991317
4185.8,15.000825648976434
4186.0,14.96345360607981
4186.2,15.041126665000213
4186.4,14.823234547985013
4186.6,14.813372288336845
4186.8,14.962503721813778
4187.0,15.045127257331249
4187.2,15.124269806548625
4187.4,15.21067962817815
4187.6,14.804543112731427
4187.8,15.13793659412845
4188.0,15.027716648935172
4188.2,14.818848038972254
4188.4,14.720989810610906
4188.6,14.911597427865042
4188.8,14.988205347734825
4189.0,15.015111177177282
4189.2,14.889073084501526
4189.4,15.084401241990095
4189.6,14.638008001773919
4189.8,15.237410344415327
4190.0,14.757838566594817
4190.2,14.953477557305684
4190.4,14.860044370774537
4190.6,14.70058547739842
4190.8,14.95365265207079
4191.0,14.670777999108868
4191.2,14.69965286941493
4191.4,14.864501732268991
4191.6,15.049817333229953
4191.8,14.797427546821071
4192.0,15.068512692131637
4192.2,14.731191975808066
4192.4,14.603455185941243
4192.6,14.35860957134899
4192.8,14.480590024874916
4193.0,14.689217449599072
4193.2,14.88008203196738
4193.4,15.226189733908695
4193.6,15.26439702936733
4193.8,15.061265485413575
4194.0,15.216991395434018
4194.2,14.494451943000717
4194.4,14.725867609857467
4194.6,14.557539927296702
4194.8,14.828669551751602
4195.0,15.03960002993918
4195.2,15.076524624714715
4195.4,15.268246249829893
4195.6,14.95816718126056
4195.8,14.903290166010999
4196.0,15.208545682964736
4196.2,15.248927453014144
4196.4,14.736419398782283
4196.6,15.039202966312423
4196.8,14.971674438277029
4197.0,14.79070122478112
4197.2,15.094307459152196
4197.4,14.954287278845875
4197.6,14.904820378322206
4197.8,14.77543241118661
4198.0,14.676201983317334
4198.2,14.623745207679038
4198.4,14.638237299894541
4198.6,15.094547645628221
4198.8,14.970805851564448
4199.0,14.828817014102064
4199.2,14.893854334410438
4199.4,14.901856651897898
4199.6,14.95865585177043
4199.8,15.012730322470178
4200.0,14.951802870393243
4200.2,14.566478473420648
4200.4,14.70531633470719
4200.6,14.613578487659096
4200.8,14.647313563125726
4201.0,14.920053173008904
4201.2,14.195968647813297
4201.4,14.09743482318438
4201.6,14.300375833969168
4201.8,14.311859687345237
4202.0,14.89278666907816
4202.2,14.220463968853313
4202.4,14.71139259795941
4202.6,15.035946389501353
4202.8,14.800443149974033
4203.0,14.271943456445243
4203.2,13.842203562243572
4203.4,13.68647448966432
4203.6,13.95051011022996
4203.8,14.402884307975917
4204.0,14.572215386268068
4204.2,14.532293507483665
4204.4,13.966149802866703
4204.6,14.132850261771711
4204.8,14.397094289618757
4205.0,14.321181958963
4205.2,14.53427647211013
4205.4,14.371690022894603
4205.6,13.77915899964413
4205.8,13.95719052501645
4206.0,14.588704034824316
4206.2,14.481745122798543
4206.4,14.675420152597647
4206.6,14.409748256567905
4206.8,14.816685466498601
4207.0,14.259592743958354
4207.2,14.026350279943196
4207.4,13.860050284042739
4207.6,13.830294041975773
4207.8,14.30907844575959
4208.0,14.493233295288299
4208.2,14.233701666739469
4208.4,14.202594062715995
4208.6,14.055561290326235
4208.8,13.89855201135951
4209.0,14.248792884423258
4209.2,13.868202547428359
4209.4,14.435808742673943
4209.6,14.549317140856438
4209.8,14.138771932045337
4210.0,14.530661811197497
4210.2,14.909492222861198
4210.4,14.82398287268093
4210.6,15.077844784390916
4210.8,14.915193022510918
4211.0,15.249016941465998
4211.2,14.810842896251764
4211.4,15.11313274312336
4211.6,15.154789178873266
4211.8,14.934316539398608
4212.0,15.030318988643181
4212.2,15.229249463906392
4212.4,14.941601849343495
4212.6,15.169544704684704
4212.8,14.909522224186539
4213.0,14.835742268367454
4213.2,14.797021737730972
4213.4,14.712972966592284
4213.6,14.8791702533504
4213.8,14.657875618349738
4214.0,14.971334804856895
4214.2,14.680959338640484
4214.4,14.342554587318688
4214.6,13.780510935760512
4214.8,13.697717331092656
4215.0,14.076498373746764
4215.2,14.36102181597178
4215.4,14.768229365584578
4215.6,14.647149561391895
4215.8,14.670460502758608
4216.0,14.551080378785532
4216.2,14.40499954476686
4216.4,14.581106626531602
4216.6,14.837614987624805
4216.8,14.512048363371902
4217.0,14.319280635835485
4217.2,14.619092108024534
4217.4,14.69332014383805
4217.6,14.557862640978039
4217.8,14.966526168028842
4218.0,14.551061158139344
4218.2,14.77221537608534
4218.4,14.486139255378305
4218.6,14.23718258217403
4218.8,14.321144860250266
4219.0,14.527784741639309
4219.2,14.600715459997248
4219.4,14.70991938467558
4219.6,14.536673091589815
4219.8,14.468455157714084
4220.0,14.613381022237268
4220.2,14.783064604077564
4220.4,14.953782595189551
4220.6,14.604995811113067
4220.8,14.975592798075976
4221.0,15.003100856107674
4221.2,15.001364707976258
4221.4,14.626292999811344
4221.6,14.662748699983236
4221.8,15.169864789519059
4222.0,14.59011737542099
4222.2,14.210254412545458
4222.4,13.98824937661641
4222.6,13.967512851201276
4222.8,14.102686717750604
4223.0,14.681349692246538
4223.2,14.206756523265922
4223.4,14.12438802263042
4223.6,14.256131544917706
4223.8,14.697229801197924
4224.0,14.04933318876103
4224.2,13.892338344957938
4224.4,14.053414742313837
4224.6,14.598050447642784
4224.8,14.311044404073233
4225.0,13.811613609143308
4225.2,13.68311424622303
4225.4,13.714810117462834
4225.6,13.732481080658507
4225.8,13.864841965294977
4226.0,13.605016096081421
4226.2,13.955346086887424
4226.4,14.342698899090959
4226.6,14.17380868556311
4226.8,14.077239359998208
4227.0,14.085503318461853
4227.2,13.741831811759518
4227.4,13.733865586295899
4227.6,13.73706056522191
4227.8,13.531374189633915
4228.0,13.760343252794957
4228.2,14.075655458328074
4228.4,14.213843029497273
4228.6,14.315985007784281
4228.8,14.66357731054613
4229.0,14.984814282692193
4229.2,15.003468879358389
4229.4,14.647345546277919
4229.6,14.922097116749677
4229.8,14.737429858184615
4230.0,14.36280131618813
4230.2,14.247618566038069
4230.4,14.396265518487139
4230.6,14.116472250730626
4230.8,14.519860973878362
4231.0,14.24221538058591
4231.2,14.179163124267674
4231.4,14.15736204550618
4231.6,14.468979083460091
4231.8,14.184202629407356
4232.0,13.985909992474292
4232.2,14.273608001654425
4232.4,14.297122001126247
4232.6,14.39223060298466
4232.8,14.46307956667554
4233.0,14.588082998400257
4233.2,14.57006901315087
4233.4,13.835131926180557
4233.6,13.936396602144807
4233.8,13.689427861316766
4234.0,14.560341106759005
4234.2,13.99683403751595
4234.4,13.869428637352048
4234.6,13.80860805146768
4234.8,13.625494223907067
4235.0,13.718610482733522
4235.2,14.14341676293931
4235.4,14.474880285847938
4235.6,14.127511232378785
4235.8,14.046722761959757
4236.0,14.226211717393266
4236.2,14.095270894422196
4236.4,13.92733352362101
4236.6,14.204920174702675
4236.8,13.90060911151188
4237.0,14.078719412178152
4237.2,13.838306278328243
4237.4,14.115603605002708
4237.6,13.979333943300183
4237.8,14.147565165373823
4238.0,14.111720768887992
4238.2,13.864629806333042
4238.4,13.979473814758325
4238.6,14.223022343553382
4238.8,14.629501980407646
4239.0,14.59420637518025
4239.2,14.280090513615178
4239.4,14.217595026546201
4239.6,14.005871991039026
4239.8,14.081998451060276
4240.0,13.796325234358022
4240.2,13.809178363386307
4240.4,13.907317761704249
4240.6,14.050132553660461
4240.8,14.036788451692853
4241.0,14.311371815208648
4241.2,14.616666026210577
4241.4,14.067141331658268
4241.6,14.206597417223811
4241.8,14.025214000585674
4242.0,13.78076223206881
4242.2,13.947641852203107
4242.4,13.971634727444684
4242.6,13.817588834584987
4242.8,14.000692392023124
4243.0,14.284229179372973
4243.2,13.967818424064426
4243.4,13.642458995503606
4243.6,14.174088313321413
4243.8,13.946451198134524
4244.0,14.402318205824328
4244.2,14.33380599131413
4244.4,14.543056583389184
4244.6,14.0243902787272
4244.8,13.793932176588479
4245.0,14.077658388507132
4245.2,13.66729782429366
4245.4,14.312371193952917
4245.6,14.13932654151116
4245.8,14.378655362084123
4246.0,14.036758394780328
4246.2,13.8773916924223
4246.4,13.887020508923184
4246.6,13.879493376625183
4246.8,13.969590444008865
4247.0,13.870160945202684
4247.2,13.914471392225439
4247.4,13.888626074347387
4247.6,13.510541571777829
4247.8,13.572043985098441
4248.0,13.52106969021683
4248.2,13.521679447915442
4248.4,13.370137098124564
4248.6,13.566204899785095
4248.8,13.3778679593675
4249.0,13.403415834941633
4249.2,13.457277071864146
4249.4,13.375770922647545
4249.6,13.473247043570746
4249.8,13.432146842984373
4250.0,13.682327341946426
4250.2,13.648974941113398
4250.4,13.55337150024119
4250.6,13.484294604726967
4250.8,13.515957241670728
4251.0,13.606229965782576
4251.2,13.542349726441321
4251.4,13.57719940755442
4251.6,13.547260203785985
4251.8,13.61002275751952
4252.0,13.648529799187461
4252.2,13.44274451909003
4252.4,13.411717433303167
4252.6,13.482360548138296
4252.8,13.968903472122046
4253.0,14.22713589353349
4253.2,14.718694709335587
4253.4,14.476512429994472
4253.6,14.638916516667045
4253.8,14.746049612606381
4254.0,14.627375400666098
4254.2,14.228630889858403
4254.4,13.944468181493866
4254.6,13.984409185195776
4254.8,13.92205300244752
4255.0,14.019385473338739
4255.2,13.916643842232833
4255.4,14.437739320757261
4255.6,14.479871409008512
4255.8,14.357776506205527
4256.0,14.40434939587715
4256.2,14.248621120501472
4256.4,14.772393672125947
4256.6,14.735654687180059
4256.8,14.721431376093218
4257.0,14.524787546499418
4257.2,14.003810689251653
4257.4,13.943302909754918
4257.6,14.017144999263172
4257.8,14.479438591401925
4258.0,14.223984978989506
4258.2,14.36847509058136
4258.4,14.381331954064347
4258.6,14.791538631501119
4258.8,14.604151979563063
4259.0,14.606317313819023
4259.2,14.68477400163337
4259.4,14.556886104517782
4259.6,14.780936023813336
4259.8,15.106475991237321
4260.0,14.931597230976694
4260.2,14.740978856663677
4260.4,14.92950066626737
4260.6,14.681575875474405
4260.8,14.722514094273912
4261.0,14.500610380671137
4261.2,14.7698833481285
4261.4,14.61948823904078
4261.6,14.128396989340006
4261.8,14.651392312924322
4262.0,14.892790930727509
4262.2,14.552677420511904
4262.4,14.602640712919682
4262.6,14.599102362626146
4262.8,14.665282099874775
4263.0,14.432881550218738
4263.2,14.481723771363956
4263.4,14.796450968227505
4263.6,14.56067044797993
4263.8,14.90456610180972
4264.0,14.565540597303855
4264.2,14.800657740901535
4264.4,14.525862448213097
4264.6,14.41181045264721
4264.8,13.968270918868004
4265.0,14.296431089998054
4265.2,14.20405517213895
4265.4,14.78954387168484
4265.6,14.704394781878435
4265.8,14.75829242706311
4266.0,14.56406559588851
4266.2,14.65329912489089
4266.4,14.64352745742394
4266.6,14.637281847162066
4266.8,14.70129155184779
4267.0,14.665159454948151
4267.2,14.759918434298296
4267.4,14.650140784120971
4267.6,14.703789031534114
4267.8,14.641666922397675
4268.0,14.918706544112952
4268.2,14.855153077699402
4268.4,14.737776849733311
4268.6,14.944086632735978
4268.8,14.697499598475636
4269.0,14.490642914075337
4269.2,14.856169231536342
4269.4,14.512683616939492
4269.6,14.886964511796029
4269.8,14.785033740886915
4270.0,14.735693695828697
4270.2,14.404834749195356
4270.4,14.41755163938556
4270.6,14.55176128669895
4270.8,14.649213224350522
4271.0,14.422195086514815
4271.2,14.921109531335478
4271.4,14.916735035859512
4271.6,14.88657427086407
4271.8,14.719835556003936
4272.0,14.900425448121823
4272.2,14.103322127632584
4272.4,14.166948189762651
4272.6,14.838893442120536
4272.8,15.053255106594719
4273.0,14.917640171107113
4273.2,14.897031570126183
4273.4,15.045104874361908
4273.6,14.964729683704569
4273.8,14.843829043296122
4274.0,14.825420729839072
4274.2,14.912765873649455
4274.4,14.76685793157629
4274.6,14.855694592647286
4274.8,14.797789098777688
4275.0,14.895449891339938
4275.2,15.022052103409367
4275.4,15.110891919608472
4275.6,14.773182781597107
4275.8,14.76283343180323
4276.0,14.800290191488168
4276.2,15.10353230828956
4276.4,14.967577663204864
4276.6,15.023833545313908
4276.8,15.127494827304357
4277.0,14.975495181603744
4277.2,14.62976866396437
4277.4,14.767179482160023
4277.6,14.681096643037407
4277.8,14.299361434908551
4278.0,14.566582408809907
4278.2,14.596460306573302
4278.4,14.908378900767985
4278.6,14.595552483160466
4278.8,14.950273531353108
4279.0,14.63538082463777
4279.2,14.809334961832148
4279.4,14.721540371925679
4279.6,14.678030837930907
4279.8,14.858816024342357
4280.0,14.806098388685998
4280.2,14.552102469544778
4280.4,15.075125779296208
4280.6,15.194224848052489
4280.8,15.162735778214987
4281.0,14.853314025701774
4281.2,14.933622947740306
4281.4,14.792134473285323
4281.6,15.182976086538646
4281.8,15.143283428196643
4282.0,15.088413954560608
4282.2,14.908947062930158
4282.4,14.93950195984821
4282.6,14.830884855521813
4282.8,14.785631565863115
4283.0,14.55483275181024
4283.2,14.559748465711913
4283.4,14.96729993874225
4283.6,15.093820096105192
4283.8,14.795722997862633
4284.0,14.873404440860817
4284.2,14.944885892370085
4284.4,14.921510803665516
4284.6,14.759678108915587
4284.8,15.217473762234508
4285.0,14.9514137436204
4285.2,14.926883227475658
4285.4,15.001029030915085
4285.6,15.091791646163292
4285.8,15.056209009551955
4286.0,14.723711614165842
4286.2,14.944350570298631
4286.4,15.065164008586898
4286.6,14.959975976688808
4286.8,14.837776140268115
4287.0,15.084628754744022
4287.2,15.04807182286616
4287.4,15.019836204957143
4287.6,14.697718223531302
4287.8,15.141502417276316
4288.0,14.906821302346
4288.2,14.845433189968443
4288.4,14.516911112656476
4288.6,14.695771810607507
4288.8,14.546788288818831
4289.0,15.031864051188762
4289.2,15.132925218604445
4289.4,14.938608594982334
4289.6,14.814194381073648
4289.8,14.68657077085901
4290.0,14.686344652449531
4290.2,14.695488621177962
4290.4,14.615019998202396
4290.6,14.634620990548186
4290.8,14.703145141689834
4291.0,14.435155590579543
4291.2,14.852232759269477
4291.4,14.895261465589984
4291.6,14.514208838712765
4291.8,14.773723883068651
4292.0,15.029954238015534
4292.2,14.912587416109314
4292.4,15.220468995172652
4292.6,15.24521029748219
4292.8,15.351805268268482
4293.0,15.113438478382035
4293.2,15.321027049711276
4293.4,15.177448287373256
4293.6,15.201883458403305
4293.8,15.212463190029549
4294.0,15.267552506023211
4294.2,15.257280174770205
4294.4,15.204183024121892
4294.6,15.280022521570967
4294.8,15.098031698907812
4295.0,14.91554027557944
4295.2,14.733307582802604
4295.4,15.153486413101202
4295.6,14.960209488426274
4295.8,15.284043470867928
4296.0,15.177512066772223
4296.2,15.35010252071146
4296.4,15.13712073891137
4296.6,15.241530790415403
4296.8,15.031999042654263
4297.0,15.165690889931495
4297.2,15.240741914242532
4297.4,15.112457112552937
4297.6,15.00452999872669
4297.8,14.991887639335296
4298.0,15.048714798521805
4298.2,15.150988720155446
4298.4,15.172302912461447
4298.6,15.161762709827862
4298.8,15.077954317516957
4299.0,15.006344263652696
4299.2,15.027056862682898
4299.4,15.219095626845853
4299.6,15.003614855860272
4299.8,15.0450767616128
4300.0,14.712833354221075
4300.2,14.599201756374507
4300.4,14.965362460521591
4300.6,14.990672612526643
4300.8,14.922725776820458
4301.0,14.626738334235707
4301.2,14.343998497932752
4301.4,14.540555960930632
4301.6,14.436539210042847
4301.8,15.034129751332284
4302.0,15.225817324915102
4302.2,15.034089223556055
4302.4,15.220112496900487
4302.6,14.948386130037349
4302.8,14.828692902087365
4303.0,15.081262575494085
4303.2,15.176465106720297
4303.4,14.984099567250501
4303.6,14.833330814124812
4303.8,14.905834610485861
4304.0,15.210598423288069
4304.2,15.173065145487916
4304.4,15.201062427805098
4304.6,15.303115872437607
4304.8,15.470725095860145
4305.0,15.475271791826412
4305.2,15.109201751644033
4305.4,15.1549222714411
4305.6,15.04152983024852
4305.8,14.65076312903381
4306.0,14.35435773026571
4306.2,14.62704262800122
4306.4,14.497014689020633
4306.6,14.142764833785295
4306.8,14.061533011216607
4307.0,14.180664838276984
4307.2,14.842238232372111
4307.4,15.198144661255654
4307.6,15.105486628012653
4307.8,15.205302049418922
4308.0,14.79486289048831
4308.2,15.17350348222224
4308.4,15.014355556683569
4308.6,15.099766638954485
4308.8,14.84831748533055
4309.0,15.182237054767068
4309.2,15.119036678275137
4309.4,15.466384287712433
4309.6,15.11171398018746
4309.8,15.205148306974237
4310.0,15.057144946022738
4310.2,14.877681741308958
4310.4,15.07448499666085
4310.6,15.11215020436843
4310.8,15.181977666817357
4311.0,15.273683947681402
4311.2,14.982576169953646
4311.4,15.337039069792997
4311.6,15.069081272417828
4311.8,14.924450110878482
4312.0,15.08006448682005
4312.2,15.372589394280876
4312.4,15.243501694998043
4312.6,14.915742431453205
4312.8,15.148537857227067
4313.0,15.124075870452536
4313.2,15.176109707625702
4313.4,15.468505379130484
4313.6,15.221066782201728
4313.8,15.20674702784179
4314.0,15.28517361091721
4314.2,15.220486837272379
4314.4,15.02553866048216
4314.6,15.21137322035389
4314.8,14.810057274506324
4315.0,14.937226145522187
4315.2,14.990630269263828
4315.4,14.812351146316052
4315.6,15.045093429648409
4315.8,15.003732394418565
4316.0,15.003938332939175
4316.2,15.212863140089574
4316.4,15.40098407630715
4316.6,15.35000535929363
4316.8,15.304989576743708
4317.0,15.23240069405912
4317.2,15.644854393268028
4317.4,15.07017113396953
4317.6,15.102440968365132
4317.8,15.282290692623535
4318.0,15.08573820801444
4318.2,15.534325643646065
4318.4,15.30505534525999
4318.6,15.002271328919164
4318.8,15.395290718983317
4319.0,15.399307934313484
4319.2,15.176535302724796
4319.4,14.927531298244286
4319.6,14.762448944221298
4319.8,14.815272624345273
4320.0,14.611389891291422
4320.2,14.467330606987677
4320.4,14.38225278615704
4320.6,14.730407132052116
4320.8,14.534192348788377
4321.0,14.700096914386192
4321.2,14.805527265268001
4321.4,14.722169438217218
4321.6,14.900688243025526
4321.8,15.074246323843399
4322.0,14.771542857275495
4322.2,14.335379507004626
4322.4,14.513307020326508
4322.6,14.94773899132966
4322.8,14.883545058020161
4323.0,14.383523385967754
4323.2,14.330444601846226
4323.4,14.850376724360254
4323.6,15.195954507991882
4323.8,15.24882908306206
4324.0,15.335233715168904
4324.2,15.005810221725673
4324.4,14.705690698982675
4324.6,14.793150236695977
4324.8,14.562231645055315
4325.0,14.331765628821875
4325.2,14.176437197385985
4325.4,14.514224167203963
4325.6,13.937028384184632
4325.8,14.440370847715133
4326.0,14.421389117386134
4326.2,14.685360802816025
4326.4,14.420046516892457
4326.6,14.32100030665797
4326.8,14.245342419959028
4327.0,14.20423056305943
4327.2,14.056590123556303
4327.4,14.045147767018559
4327.6,14.161688261300938
4327.8,14.273875643859569
4328.0,14.116568429250748
4328.2,13.938065791175166
4328.4,13.954486303800884
4328.6,14.15764997555774
4328.8,14.251813713632881
4329.0,14.138858595437762
4329.2,14.316200474087184
4329.4,14.221958115946073
4329.6,14.551967126377146
4329.8,15.040983507615449
4330.0,14.709050613412098
4330.2,14.678288369977434
4330.4,14.469532860598857
4330.6,14.20168604921324
4330.8,14.26439101271275
4331.0,13.906799207798626
4331.2,14.232055490793844
4331.4,13.941039651281542
4331.6,14.157674224682182
4331.8,14.435835848636707
4332.0,14.459754384156964
4332.2,14.629960741806237
4332.4,14.737514317580036
4332.6,14.69373443650549
4332.8,14.789249409560668
4333.0,14.645986400920165
4333.2,14.179242976441033
4333.4,14.50237579460733
4333.6,14.142985528859928
4333.8,14.74598529478281
4334.0,14.254660034677713
4334.2,13.832962264547515
4334.4,13.902803815012065
4334.6,13.808427185361893
4334.8,13.76054865140991
4335.0,13.674985554220715
4335.2,13.786088126595482
4335.4,13.89003563037223
4335.6,13.835414662639302
4335.8,13.604567130235008
4336.0,13.849334175838418
4336.2,13.76564302737917
4336.4,13.859057772808756
4336.6,13.741864985686068
4336.8,13.584763101244643
4337.0,13.63305404230898
4337.2,13.624427427988914
4337.4,13.881315466009587
4337.6,13.630094417300498
4337.8,13.7243449364675
4338.0,13.793950965658016
4338.2,13.703553458979155
4338.4,13.649812045873675
4338.6,13.677849379286764
4338.8,13.529535637152605
4339.0,13.46938322732575
4339.2,13.502135323941854
4339.4,13.502295002168852
4339.6,13.525470926587097
4339.8,13.409512635888113
4340.0,13.508766469864817
4340.2,13.64057093001566
4340.4,13.725107412765016
4340.6,13.376438934251812
4340.8,13.39933811612065
4341.0,13.564078817209566
4341.2,13.636358201168196
4341.4,13.994066281292291
4341.6,13.973809882952235
4341.8,13.847551049082227
4342.0,13.576108633193122
4342.2,14.180978602833981
4342.4,14.136345531450052
4342.6,14.42790653601482
4342.8,14.674301942033882
4343.0,14.305248280455062
4343.2,14.23637119776515
4343.4,14.371231746982485
4343.6,14.456320875860897
4343.8,14.597963815458215
4344.0,15.03067810696197
4344.2,14.928309497768426
4344.4,14.90914762475595
4344.6,15.058020458887702
4344.8,14.511328771154146
4345.0,14.99542957754887
4345.2,14.729992294031009
4345.4,14.547273022391401
4345.6,14.521296773783694
4345.8,14.250086120270298
4346.0,14.47452144128885
4346.2,14.130578273613866
4346.4,14.037244481412616
4346.6,14.399185175544318
4346.8,14.196485638267106
4347.0,14.04262782416396
4347.2,14.08357649328066
4347.4,14.09580521191371
4347.6,14.05069927592404
4347.8,14.100646325897632
4348.0,13.943210516932481
4348.2,13.696456689292484
4348.4,13.780157051851205
4348.6,13.967680630828266
4348.8,14.204898250249938
4349.0,14.73877635201598
4349.2,14.811411580486267
4349.4,14.37373603314539
4349.6,14.573418054948492
4349.8,14.676294231508171
4350.0,14.521871346036555
4350.2,14.942312805865857
4350.4,14.966074552811966
4350.6,14.786463183921029
4350.8,14.513604742789335
4351.0,15.139279688752927
4351.2,14.700949696756267
4351.4,14.715675550463018
4351.6,14.898766382582508
4351.8,15.122667925116522
4352.0,14.998919662971097
4352.2,15.063912694829323
4352.4,14.757990783478427
4352.6,14.712555753151374
4352.8,15.151712957146966
4353.0,15.266590548800966
4353.2,15.22780606705802
4353.4,15.356498797176092
4353.6,15.218641016864392
4353.8,14.923418589247184
4354.0,14.827953565843606
4354.2,15.000720047462732
4354.4,15.062553264084631
4354.6,15.002358665336535
4354.8,14.92422437379798
4355.0,14.505713995737601
4355.2,14.756113279738955
4355.4,14.769075740012793
4355.6,14.719997775529254
4355.8,15.09895437666523
4356.0,15.083916278984745
4356.2,14.827416446442532
4356.4,14.83410167107986
4356.6,14.603889253972916
4356.8,14.906193120728581
4357.0,15.141210435228222
4357.2,15.121413043140585
4357.4,15.172036419431901
4357.6,15.200071470505002
4357.8,15.316635279585656
4358.0,14.828021191888501
4358.2,14.962953367411538
4358.4,15.41578445722071
4358.6,15.093310960493906
4358.8,15.181692320656099
4359.0,15.206279494993211
4359.2,15.001558359815192
4359.4,15.148286778103042
4359.6,15.203477973718249
4359.8,15.357488526215164
4360.0,15.023269527830298
4360.2,15.226491664471029
4360.4,15.200607935895187
4360.6,15.219947093304091
4360.8,15.130404364749362
4361.0,15.135241015198204
4361.2,15.246206548269463
4361.4,15.21173574950968
4361.6,14.807777284393973
4361.8,14.956847716744102
4362.0,15.13694011361829
4362.2,15.22462417935242
4362.4,15.006124051625303
4362.6,15.13467086374243
4362.8,14.896762054139218
4363.0,15.020297240202389
4363.2,14.741329517558558
4363.4,15.2871594708717
4363.6,14.591183109838555
4363.8,14.607410428269441
4364.0,14.497246428457977
4364.2,14.962806228687693
4364.4,14.572700948378362
4364.6,14.27113173539169
4364.8,14.781256809940453
4365.0,14.149618729286267
4365.2,14.401004687827747
4365.4,14.423562216352103
4365.6,14.601971395790798
4365.8,14.903786787855724
4366.0,14.99213134183314
4366.2,14.773489113015918
4366.4,14.152224364268001
4366.6,13.949419258050085
4366.8,13.796729301931233
4367.0,13.695723002459017
4367.2,13.801571277338205
4367.4,13.951581054804077
4367.6,14.132546957342473
4367.8,14.045324715135274
4368.0,13.932520096025076
4368.2,13.868953112829258
4368.4,13.86440989192355
4368.6,14.076551318062297
4368.8,13.92881803649766
4369.0,13.592203301356564
4369.2,13.902724945097656
4369.4,13.791188293811166
4369.6,13.7288678177658
4369.8,13.551377141914287
4370.0,13.573558546361822
4370.2,13.50318502630621
4370.4,13.694504819525022
4370.6,13.589074461410753
4370.8,13.631416934523246
4371.0,13.623391017484165
4371.2,13.665185610697995
4371.4,13.42045446834675
4371.6,13.417728207217293
4371.8,13.35164675194344
4372.0,13.477364545828552
4372.2,13.42267048236728
4372.4,13.382248912240124
4372.6,13.629281549968473
4372.8,13.45052052015134
4373.0,13.425664964587924
4373.2,13.494922376768546
4373.4,13.466364021760464
4373.6,13.430380279571242
4373.8,13.667862484552192
4374.0,13.680551643708634
4374.2,13.471023303900951
4374.4,13.349355118530454
4374.6,13.30286615037285
4374.8,13.505017605823674
4375.0,13.622241366372204
4375.2,13.453136924755755
4375.4,13.467929612062516
4375.6,13.473829240845772
4375.8,13.641648753996398
4376.0,13.433450573559817
4376.2,13.66299846506638
4376.4,13.559932117909216
4376.6,13.530872128244575
4376.8,13.591697670156515
4377.0,13.446115722818355
4377.2,13.452661575397883
4377.4,13.487155844827123
4377.6,13.5264276498092
4377.8,13.594374498817443
4378.0,13.655645288154307
4378.2,13.811686645163338
4378.4,13.661534642935646
4378.6,13.463630200794034
4378.8,13.409192295130627
4379.0,13.245909470523408
4379.2,13.19212693485402
4379.4,13.091375796532878
4379.6,13.126343135767735
4379.8,13.111661696007406
4380.0,13.06259461500052
4380.2,13.043183089556866
4380.4,13.084260632491878
4380.6,13.12749914340991
4380.8,13.315170525985518
4381.0,13.445048867773025
4381.2,13.424664662207704
4381.4,13.095914947031794
4381.6,13.01731689619463
4381.8,13.147634198538647
4382.0,13.11459591064407
4382.2,13.045288530173858
4382.4,13.257189686173717
4382.6,13.178317153013346
4382.8,13.357508577125355
4383.0,13.036248803224924
4383.2,13.110280168539363
4383.4,13.181743395050379
4383.6,13.21633781994526
4383.8,13.095776834383567
4384.0,13.101011761036247
4384.2,13.215810264737534
4384.4,13.128679312360546
4384.6,13.223283564681935
4384.8,13.171712798567249
4385.0,13.00487251995603
4385.2,13.148080527219694
4385.4,13.315340834500214
4385.6,13.27690089742818
4385.8,13.2204438081842
4386.0,13.159984300482389
4386.2,13.206517664923897
4386.4,13.165476911617338
4386.6,12.960410777348379
4386.8,13.183245137592488
4387.0,12.98210243264066
4387.2,12.968675219066634
4387.4,13.089346096775644
4387.6,13.063172367076286
4387.8,13.003703308760384
4388.0,13.217590607681222
4388.2,13.215545491962086
4388.4,13.120619074336123
4388.6,13.122827769285994
4388.8,13.067165049168214
4389.0,13.160829610085479
4389.2,13.293325580564296
4389.4,13.161324906319097
4389.6,13.310998506696109
4389.8,13.250681901545194
4390.0,12.954807425435405
4390.2,13.063733267219025
4390.4,13.1277900761948
4390.6,13.166699671833799
4390.8,13.199900395878814
4391.0,13.238073567681258
4391.2,12.92420795774351
4391.4,13.057447304783034
4391.6,12.979911683190483
4391.8,13.117847350968672
4392.0,13.003896072625466
4392.2,13.188210491613992
4392.4,13.281632074333556
4392.6,12.983785637424685
4392.8,13.090486113025996
4393.0,13.403652179293687
4393.2,13.140034948446715
4393.4,13.277872039356877
4393.6,13.076701084182847
4393.8,13.109875980408617
4394.0,12.986269278610273
4394.2,13.092139802171971
4394.4,13.186833186682223
4394.6,13.06341657588945
4394.8,13.119258532390335
4395.0,13.10099242588403
4395.2,13.128204570806442
4395.4,13.028638171724163
4395.6,13.09716929492626
4395.8,12.990903217709066
4396.0,13.22945033591976
4396.2,13.032278569101925
4396.4,13.179992731838864
4396.6,13.034658699699328
4396.8,13.173145124535083
4397.0,13.015889276610377
4397.2,13.153780896155178
4397.4,13.092159978417374
4397.6,13.013007008814256
4397.8,13.021398937948206
4398.0,13.350140015742802
4398.2,13.189754202877973
4398.4,13.162803559429339
4398.6,13.075816234704565
4398.8,13.183541379649899
4399.0,13.205570066420695
4399.2,13.386729893322295
4399.4,13.265966597242464
4399.6,13.252033638595622
4399.8,13.346606861629386
4400.0,13.227333081867238
4400.2,13.337929441412914
4400.4,13.340206749884295
4400.6,13.173114135233417
4400.8,13.203297023613654
4401.0,13.219936890648011
4401.2,13.19607192614398
4401.4,12.995338125859083
4401.6,13.248267654888789
4401.8,13.380399431116254
4402.0,13.185417100588568
4402.2,13.18062820354167
4402.4,13.11859931724845
4402.6,13.138805520165832
4402.8,13.251335068513178
4403.0,13.141869901647098
4403.2,13.123199547850124
4403.4,13.224303166283256
4403.6,13.30524423013019
4403.8,13.180709425580382
4404.0,13.123230302036724
4404.2,13.135650638075049
4404.4,13.21450655841218
4404.6,13.258890879632673
4404.8,13.221742312090951
4405.0,13.094110311498026
4405.2,13.143895203318612
4405.4,13.072718023122956
4405.6,13.244199525626723
4405.8,13.272196184242937
4406.0,13.231217541921243
4406.2,13.335145311503751
4406.4,13.119972695251398
4406.6,13.11993675294045
4406.8,13.40501703440329
4407.0,13.39136601266301
4407.2,13.28364155499806
4407.4,13.254116810134796
4407.6,13.316596164550507
4407.8,13.072717980614929
4408.0,13.205853590662663
4408.2,13.307704760482682
4408.4,13.24041257790009
4408.6,13.212735348558457
4408.8,13.077115864569112
4409.0,13.140990512132554
4409.2,13.1502049753831
4409.4,13.22747573713479
4409.6,13.359336092143295
4409.8,13.176764209421552
4410.0,13.116305134994075
4410.2,13.196242305107406
4410.4,13.255765346505704
4410.6,13.096773081273337
4410.8,13.239683466034295
4411.0,13.236780509053585
4411.2,13.218546437467344
4411.4,13.14678710381406
4411.6,13.054309174978076
4411.8,13.153610945610872
4412.0,13.210904330236474
4412.2,13.549615126463062
4412.4,13.596238476455584
4412.6,13.463709340279149
4412.8,13.610985805454106
4413.0,13.886823354252556
4413.2,13.661280400376752
4413.4,13.873784351386263
4413.6,14.05198057696319
4413.8,14.416372478481275
4414.0,14.917774640418077
4414.2,14.733953353008102
4414.4,15.010551698191046
4414.6,15.002254270401284
4414.8,14.541749312914181
4415.0,15.034721711575973
4415.2,14.902647426601574
4415.4,15.233305749251674
4415.6,15.132993831354307
4415.8,15.261383184225439
4416.0,15.221818828735918
4416.2,15.108676215085865
4416.4,14.834285716449934
4416.6,15.15170149399083
4416.8,14.788241726037645
4417.0,14.681483435719171
4417.2,15.268795474613023
4417.4,15.084408272627776
4417.6,15.19727575029071
4417.8,14.979529189014231
4418.0,14.941711224278617
4418.2,14.628458046108966
4418.4,14.78393219464766
4418.6,14.936302728133178
4418.8,14.519214854690583
4419.0,14.619453154623399
4419.2,14.84748817128455
4419.4,15.10798996052674
4419.6,15.000031255594857
4419.8,14.910554468984555
4420.0,14.832398105443293
4420.2,15.150387596654934
4420.4,15.185021335638645
4420.6,14.855586190215966
4420.8,15.154252178725287
4421.0,15.107925900190475
4421.2,14.941441470169668
4421.4,15.25103222261148
4421.6,15.197393978182959
4421.8,14.989084430559272
4422.0,15.0840827932687
4422.2,14.613100322727943
4422.4,14.95982101754792
4422.6,15.080553746465053
4422.8,14.573412529699185
4423.0,14.396517942000916
4423.2,14.663423897771317
4423.4,14.786939137341843
4423.6,15.255456901359397
4423.8,15.272224025587038
4424.0,15.174853426910035
4424.2,15.335896967429022
4424.4,15.218167522261304
4424.6,15.257612275300465
4424.8,15.051875031072608
4425.0,15.048701544155277
4425.2,15.357339652442628
4425.4,14.45488573697245
4425.6,13.894239707041073
4425.8,13.823307189975779
4426.0,13.889139129278965
4426.2,13.85934458306336
4426.4,14.011348782465543
4426.6,14.769379141035934
4426.8,14.40737720102015
4427.0,14.636105492472213
4427.2,14.0094624883246
4427.4,13.959994089875416
4427.6,14.495561882935387
4427.8,14.682868995011374
4428.0,14.370929735721393
4428.2,14.500644031344123
4428.4,14.496862124798618
4428.6,14.644981024521735
4428.8,14.475329007106739
4429.0,14.530761114438452
4429.2,14.097443152709555
4429.4,14.259083527826293
4429.6,14.18023904152711
4429.8,13.552327001197257
4430.0,13.827416039379948
4430.2,14.301804533843223
4430.4,14.230843681959248
4430.6,13.88369289525718
4430.8,13.909391721494313
4431.0,13.709691063724122
4431.2,13.659492748906635
4431.4,13.741237299579062
4431.6,13.81589661622687
4431.8,13.935849254362099
4432.0,14.16400794394648
4432.2,14.133757642173938
4432.4,14.133432619144386
4432.6,14.29135997748525
4432.8,13.718585881333373
4433.0,14.279884295362852
4433.2,14.397869193649615
4433.4,13.840755618818765
4433.6,14.079644760688195
4433.8,13.891572929614435
4434.0,13.883323141968466
4434.2,14.369134591007898
4434.4,14.191611742263335
4434.6,14.022463132668788
4434.8,13.751979162784153
4435.0,13.952407905712395
4435.2,13.667709050381138
4435.4,13.73582138497052
4435.6,14.003766794135622
4435.8,13.66590146573409
4436.0,13.704019037209335
4436.2,13.515343383890308
4436.4,13.61090954356844
4436.6,13.772736352566337
4436.8,14.402654189150379
4437.0,13.961466909977485
4437.2,14.227313366243951
4437.4,14.011522086175576
4437.6,14.150414840879257
4437.8,14.32767555114384
4438.0,13.756313932702914
4438.2,13.723017038596188
4438.4,13.538793751622922
4438.6,13.837670652214847
4438.8,13.777442382704097
4439.0,13.752132598747831
4439.2,13.90046787887452
4439.4,13.996207345650673
4439.6,13.568305759441785
4439.8,13.48678436180432
4440.0,13.463899823662382
4440.2,14.01860708585418
4440.4,14.159071401084987
4440.6,14.310978397255113
4440.8,14.847288479665245
4441.0,14.703790946627622
4441.2,15.12277659704414
4441.4,15.189736906314275
4441.6,14.770847079260445
4441.8,14.468351652149225
4442.0,15.003492038430812
4442.2,14.888236001346947
4442.4,14.679613147857292
4442.6,14.819516890100225
4442.8,15.008839535778876
4443.0,14.98456506207797
4443.2,14.958105920991102
4443.4,15.23855965197366
4443.6,14.947883347411155
4443.8,14.957628807217652
4444.0,15.156402210487915
4444.2,14.855780835655892
4444.4,15.000852695554912
4444.6,14.870638940624666
4444.8,15.137249428970183
4445.0,15.012134753459005
4445.2,14.97734160142903
4445.4,15.148425672566432
4445.6,15.039654481788396
4445.8,15.149556048591911
4446.0,14.96965126817668
4446.2,15.192543526938229
4446.4,15.088663644430763
4446.6,15.151482373330216
4446.8,15.016797568033741
4447.0,15.063916300774927
4447.2,14.62471403288757
4447.4,14.873448083462195
4447.6,14.52066388797033
4447.8,14.923420263705403
4448.0,15.035478383033098
4448.2,14.935191582856548
4448.4,14.806771707436997
4448.6,14.945100726772997
4448.8,14.664208985036193
4449.0,14.774495717139974
4449.2,14.607649878982262
4449.4,14.4466699182194
4449.6,14.501827309211157
4449.8,14.796684843414553
4450.0,14.663102528748695
4450.2,15.226279041530686
4450.4,15.19985240445705
4450.6,15.243001509388407
4450.8,15.382342283654866
4451.0,15.104562017928462
4451.2,14.963811446538212
4451.4,15.202688106190376
4451.6,15.159902440014712
4451.8,15.212946569562158
4452.0,15.250558958452803
4452.2,14.870259306836582
4452.4,15.05570706682115
4452.6,15.293224060420968
4452.8,15.123820630414805
4453.0,14.839410959454803
4453.2,14.467429721587262
4453.4,14.658119188503786
4453.6,14.740203146687616
4453.8,14.475960259938459
4454.0,14.263829291874188
4454.2,14.075360507179235
4454.4,13.90928266101685
4454.6,13.737478410644975
4454.8,13.490130949255974
4455.0,13.57889121056294
4455.2,13.562221684398128
4455.4,13.650821550733582
4455.6,13.430775825257804
4455.8,13.604424783540573
4456.0,13.877481429743392
4456.2,13.712218986237584
4456.4,13.627114191182766
4456.6,13.490901160953312
4456.8,13.608140457862294
4457.0,13.86139094262087
4457.2,13.836751328788026
4457.4,13.537068412691777
4457.6,13.279850827029238
4457.8,13.34448791194339
4458.0,13.81561802482157
4458.2,14.05094754863238
4458.4,13.612393417102268
4458.6,13.768144763642155
4458.8,14.173109272732148
4459.0,14.156737517749855
4459.2,14.311319881352562
4459.4,14.334191428353142
4459.6,14.261772451851357
4459.8,14.483366997391913
4460.0,14.42104330908209
4460.2,13.96927036359786
4460.4,14.1702723066223
4460.6,13.940218098921857
4460.8,13.92684746411198
4461.0,13.538262851061692
4461.2,13.779003788606264
4461.4,13.650827366034566
4461.6,13.65284272351958
4461.8,13.700118892740615
4462.0,14.06758234980164
4462.2,13.89217063094236
4462.4,13.74479717574156
4462.6,13.640999402211166
4462.8,13.685432289828658
4463.0,13.56612757541251
4463.2,13.567259515351655
4463.4,13.541427759378532
4463.6,13.440045942023396
4463.8,13.36961844723051
4464.0,13.562716943093648
4464.2,13.814554676225061
4464.4,13.770175181572448
4464.6,13.820663181654806
4464.8,13.813838091284056
4465.0,13.788741507701001
4465.2,13.75335355854264
4465.4,13.786219941324093
4465.6,13.472590666695893
4465.8,13.58603348021692
4466.0,13.729482711702952
4466.2,13.555227664827587
4466.4,13.481553955267218
4466.6,13.706926932149619
4466.8,13.882832591768238
4467.0,13.82372717400618
4467.2,14.186198375409848
4467.4,14.009944098239977
4467.6,14.523418264587063
4467.8,14.218543795763004
4468.0,14.151051303839546
4468.2,14.652471492567688
4468.4,14.589327729385545
4468.6,14.617629658877966
4468.8,14.57564273270507
4469.0,14.617377841762757
4469.2,14.733132775121566
4469.4,14.66763340643142
4469.6,14.716298554650006
4469.8,14.62316024491363
4470.0,14.675925649249528
4470.2,14.542095805309765
4470.4,14.714591476184374
4470.6,14.843232797890838
4470.8,14.624817257344683
4471.0,14.579797412809128
4471.2,14.523053460245583
4471.4,14.705944626615441
4471.6,14.892067558950963
4471.8,14.437523731525486
4472.0,15.043678113793035
4472.2,15.056193964970525
4472.4,14.664723937677937
4472.6,14.986515339090957
4472.8,14.884204095097566
4473.0,15.048063999101963
4473.2,14.755263491412538
4473.4,14.942503615321147
4473.6,14.967090326510244
4473.8,14.749341867333076
4474.0,14.711994474860475
4474.2,14.676427395332016
4474.4,14.85406446698616
4474.6,15.003761397343549
4474.8,15.15716585722151
4475.0,15.110167060698995
4475.2,15.275247262371323
4475.4,15.223965249985785
4475.6,15.188063994029122
4475.8,15.182971019629733
4476.0,15.1131195607243
4476.2,15.128649572068184
4476.4,15.072818650202207
4476.6,14.831371466070035
4476.8,15.07752601188832
4477.0,14.852281553477795
4477.2,15.017726885150458
4477.4,14.805622873847534
4477.6,15.267578984931298
4477.8,14.735131724427573
4478.0,14.97954548926678
4478.2,14.844388374686407
4478.4,15.165326062281448
4478.6,15.247569951877999
4478.8,15.294186772284286
4479.0,15.152604549813764
4479.2,15.08868772822157
4479.4,14.80184964263512
4479.6,15.188108032810186
4479.8,15.193631372283471
4480.0,14.8823346791008
4480.2,14.746458526461286
4480.4,15.011868880612525
4480.6,15.097000635085955
4480.8,14.951710460287108
4481.0,14.812857298685984
4481.2,14.507815529736474
4481.4,14.819028263909129
4481.6,15.045522333739925
4481.8,15.11520395840574
4482.0,15.024932329774263
4482.2,15.140535238578847
4482.4,14.964465831957654
4482.6,14.697613951335153
4482.8,14.801934527481379
4483.0,14.79049658629095
4483.2,15.066355659716509
4483.4,14.913893453702311
4483.6,15.09952382492212
4483.8,15.06143656908426
4484.0,15.107752757019275
4484.2,15.189682738688223
4484.4,14.861185757672377
4484.6,15.138492644889057
4484.8,15.15252785577993
4485.0,15.274570176006767
4485.2,15.237850429928091
4485.4,15.28247923163507
4485.6,14.757817766736895
4485.8,14.74517604974122
4486.0,15.207217221552561
4486.2,14.981514467424123
4486.4,15.057737629902096
4486.6,14.895732280350755
4486.8,15.03084645896985
4487.0,14.81643809085403
4487.2,15.067666046143035
4487.4,14.960278128930703
4487.6,14.60573414010468
4487.8,15.03858094824805
4488.0,14.88543149363855
4488.2,14.867914423531666
4488.4,14.929369406269092
4488.6,14.922582335416415
4488.8,14.25362277628744
4489.0,14.534623006887603
4489.2,14.724751385185836
4489.4,14.908640839168136
4489.6,14.743754954609198
4489.8,15.124211737148109
4490.0,15.271018008041814
4490.2,15.379247768133528
4490.4,15.520659112827897
4490.6,15.189303291467471
4490.8,15.272823092437191
4491.0,15.430274209537377
4491.2,15.394369726176611
4491.4,14.943271500926972
4491.6,15.00496408482122
4491.8,14.72581932050173
4492.0,14.910439843915116
4492.2,14.88708100319701
4492.4,15.272068796751874
4492.6,15.185763955550325
4492.8,15.165625743661122
4493.0,14.961055793802542
4493.2,15.046966997107404
4493.4,15.042723974711087
4493.6,14.985158444221351
4493.8,14.97233190428335
4494.0,15.036624763878343
4494.2,15.207879960998802
4494.4,15.124527458856045
4494.6,14.87474205814869
4494.8,15.097476726321062
4495.0,15.066446659135707
4495.2,15.31348468695697
4495.4,15.201153780717771
4495.6,14.882502300000882
4495.8,15.02617117438116
4496.0,14.914890972663015
4496.2,14.9923203329507
4496.4,14.8224614307456
4496.6,14.971886973554016
4496.8,15.143014074051372
4497.0,15.361983798739029
4497.2,15.238813241236462
4497.4,15.265055265976994
4497.6,15.107370701709705
4497.8,15.16503670751467
4498.0,15.2383793473589
4498.2,15.02227314944703
4498.4,15.256166304189673
4498.6,15.026618539079518
4498.8,15.427138246443462
4499.0,14.946492922912675
4499.2,14.664621750716087
4499.4,14.885464028185156
4499.6,14.769016606598575
4499.8,14.598315122243664
4500.0,14.855224114916357
4500.2,14.764260429700267
4500.4,14.923531398084211
4500.6,15.117791435464166
4500.8,15.095050600150142
4501.0,15.179899188845578
4501.2,15.301413774172115
4501.4,14.385486940916197
4501.6,14.674723238372527
4501.8,14.04224416786781
4502.0,14.11168209986191
4502.2,13.938129769595058
4502.4,13.793349381893623
4502.6,13.872496774212244
4502.8,14.602724457549169
4503.0,14.613336265418404
4503.2,14.710026706908636
4503.4,14.564570745685382
4503.6,14.996689783326943
4503.8,15.42167156879926
4504.0,14.875417430623957
4504.2,15.109241559884218
4504.4,14.732650244499121
4504.6,14.865993911412097
4504.8,14.958888558541673
4505.0,15.067790397775711
4505.2,15.427602892789762
4505.4,14.885659607565989
4505.6,15.28928228504518
4505.8,15.091497911162415
4506.0,15.107241929918516
4506.2,15.159981262253748
4506.4,14.948040363290069
4506.6,14.906334836049833
4506.8,15.025522876118147
4507.0,14.976927091683498
4507.2,15.016754764025917
4507.4,14.79110954932522
4507.6,14.89313234643828
4507.8,14.536137225979687
4508.0,14.84272353704114
4508.2,14.333013053436687
4508.4,14.91241492843811
4508.6,15.067253410967925
4508.8,15.167169457492655
4509.0,15.018655143397437
4509.2,14.809367731892983
4509.4,15.115227657875822
4509.6,15.236279354033895
4509.8,14.839152073799358
4510.0,14.837104425001515
4510.2,14.900676218527074
4510.4,15.2871549843828
4510.6,15.223574121112584
4510.8,14.819883182367539
4511.0,14.716775938852853
4511.2,15.003677567575156
4511.4,15.134370147604983
4511.6,15.059329480056515
4511.8,14.878697669335597
4512.0,15.02160058374548
4512.2,15.055455904544184
4512.4,14.967079954609446
4512.6,14.762349130441745
4512.8,15.073674651489178
4513.0,14.823908002982078
4513.2,14.72794329666884
4513.4,14.905840027217074
4513.6,15.106690098739879
4513.8,15.203440751760306
4514.0,15.207429568604315
4514.2,15.094211488023799
4514.4,14.725498328052637
4514.6,14.719183088042119
4514.8,14.8660269706033
4515.0,14.961715741461813
4515.2,14.783180573019363
4515.4,15.27500880624428
4515.6,14.581107647861
4515.8,14.27648308138519
4516.0,14.807571756894745
4516.2,14.868612451158983
4516.4,15.023976513784056
4516.6,14.746544107733097
4516.8,14.911725969907978
4517.0,15.139213825947646
4517.2,15.197292443533017
4517.4,15.113013799903378
4517.6,15.068622806578524
4517.8,14.904711008395575
4518.0,15.064525282781212
4518.2,14.925009210187454
4518.4,15.305495084735387
4518.6,15.279867517928185
4518.8,15.184639478484737
4519.0,15.189707737736757
4519.2,14.876561146377494
4519.4,15.231714148787926
4519.6,15.183616247280906
4519.8,15.11787905321687
4520.0,14.85955312898753
4520.2,14.814469250795002
4520.4,15.145399826131307
4520.6,15.190057585653411
4520.8,15.179861921412702
4521.0,14.63704077826101
4521.2,14.902523663408157
4521.4,15.056494871773234
4521.6,15.218200340532258
4521.8,15.137279710300502
4522.0,15.145736196431734
4522.2,15.168647861245839
4522.4,14.906437812505489
4522.6,15.296753413925984
4522.8,14.981052548198448
4523.0,14.95828170325008
4523.2,15.034327564976781
4523.4,14.951426146494711
4523.6,14.986649974045026
4523.8,15.081355372718967
4524.0,14.99645806390475
4524.2,15.026743882677147
4524.4,15.173047981324558
4524.6,15.12635140137182
4524.8,15.21986262862619
4525.0,15.384213540161507
4525.2,14.928959717847906
4525.4,15.027320053966946
4525.6,15.056386652138185
4525.8,15.126757550891286
4526.0,15.123596611379096
4526.2,15.19114741904353
4526.4,14.847327762688023
4526.6,15.149900619085834
4526.8,15.059879246544458
4527.0,15.085259461968942
4527.2,14.862552270695389
4527.4,15.049925873356504
4527.6,15.199040660922966
4527.8,15.034331426242593
4528.0,15.14401013875738
4528.2,15.347226799656015
4528.4,14.86533033730047
4528.6,15.021525605193304
4528.8,15.165068136718222
4529.0,14.984192443711578
4529.2,15.197672977686361
4529.4,15.123559895073642
4529.6,14.962548234082472
4529.8,15.010885849423172
4530.0,15.135527888887111
4530.2,15.109228146989462
4530.4,15.012961316072248
4530.6,14.867630780890446
4530.8,14.94751427170039
4531.0,14.858684407241103
4531.2,15.091685807701944
4531.4,14.745744633738067
4531.6,15.24265027125616
4531.8,15.164149650389781
4532.0,15.080693820035664
4532.2,15.132442539513777
4532.4,15.260441692760393
4532.6,15.478946693048247
4532.8,15.28414344452959
4533.0,14.889748477700115
4533.2,15.277064618058386
4533.4,15.162407471725519
4533.6,15.251017495573887
4533.8,14.942377000815911
4534.0,15.025830393266764
4534.2,15.002501547563046
4534.4,14.858944147804472
4534.6,15.305548271688249
4534.8,15.119444239949615
4535.0,15.263915586909675
4535.2,14.910210423573893
4535.4,14.312232044972877
4535.6,13.744225361635776
4535.8,14.221790914274536
4536.0,14.51302381741872
4536.2,14.331408000924542
4536.4,14.407554155403231
4536.6,13.97524509350579
4536.8,13.77775563965264
4537.0,13.800604997649861
4537.2,13.964974094007736
4537.4,14.156602371676826
4537.6,13.789575302518593
4537.8,13.670258548227238
4538.0,14.012365635451573
4538.2,13.789587516283614
4538.4,13.574262336706413
4538.6,13.480488872292112
4538.8,13.441668609290867
4539.0,13.659968022224119
4539.2,14.01000656746266
4539.4,13.935190184757474
4539.6,14.249309456615853
4539.8,14.018416595290867
4540.0,14.203066649253177
4540.2,14.284834259574534
4540.4,13.65818542497373
4540.6,14.289488346904548
4540.8,14.506476655988102
4541.0,14.014596487125214
4541.2,14.103569388767907
4541.4,14.046132367038684
4541.6,14.038717254220067
4541.8,14.164105222447127
4542.0,13.932495994273577
4542.2,13.90902285470538
4542.4,14.668695020089032
4542.6,15.29092677462599
4542.8,14.615157183486984
4543.0,14.538546565078224
4543.2,14.432946079126472
4543.4,14.670113890775818
4543.6,14.886353831219276
4543.8,14.886323002011402
4544.0,15.086023724832714
4544.2,15.266016352354422
4544.4,15.137141106644144
4544.6,14.687308611902912
4544.8,15.309576609282933
4545.0,15.294372480192802
4545.2,15.004286283351277
4545.4,15.113471785859405
4545.6,15.114540125765503
4545.8,14.876272669506017
4546.0,15.101704962929851
4546.2,15.013590279023648
4546.4,15.342993845911268
4546.6,15.099296380091769
4546.8,15.109343334183006
4547.0,14.816264575825402
4547.2,15.080878313518625
4547.4,14.883315801683013
4547.6,15.252501838020008
4547.8,15.16446120991381
4548.0,15.084355162018824
4548.2,15.085268176512445
4548.4,15.249452887369632
4548.6,15.09197773447273
4548.8,15.10713031834432
4549.0,15.048006931074706
4549.2,15.238835193552216
4549.4,15.14880544656642
4549.6,15.009281584958881
4549.8,15.246227568190008
4550.0,15.244927522496198
4550.2,14.990541586907147
4550.4,14.901783301834941
4550.6,14.965502993299832
4550.8,15.240472025396574
4551.0,15.129561150436437
4551.2,15.093798340249878
4551.4,15.12502772668123
4551.6,14.848921262232349
4551.8,15.138663208562033
4552.0,15.11606711514203
4552.2,15.327188496563501
4552.4,15.087072232220198
4552.6,15.219173370608942
4552.8,15.093964590253169
4553.0,15.126080082831209
4553.2,15.201884244087477
4553.4,14.93850723962966
4553.6,14.998729436958563
4553.8,15.032276057089678
4554.0,15.151321387393228
4554.2,15.165428819089922
4554.4,15.363096752756022
4554.6,15.188113369672207
4554.8,15.12705765945662
4555.0,15.269107492514175
4555.2,15.089965938665147
4555.4,14.698035751711874
4555.6,14.466442451970154
4555.8,14.33685187418996
4556.0,14.45134891006319
4556.2,14.32959892921023
4556.4,14.376379111591906
4556.6,14.262212895782437
4556.8,14.47533411751831
4557.0,14.297924681205153
4557.2,13.9725733231656
4557.4,14.183038507935644
4557.6,14.254058723362945
4557.8,14.0065170504026
4558.0,13.827137569584991
4558.2,13.732330384994233
4558.4,13.74592115256089
4558.6,13.789886670361929
4558.8,13.949813922742074
4559.0,14.05778745641685
4559.2,14.012540840981586
4559.4,13.76921091542594
4559.6,13.97119452458439
4559.8,14.017066174297703
4560.0,13.996718420089563
4560.2,14.034279215095754
4560.4,13.861355600821053
4560.6,13.807018285190509
4560.8,13.9447033231514
4561.0,13.898544426226314
4561.2,14.047471856179898
4561.4,14.037693627660241
4561.6,13.77667003889347
4561.8,13.963957800954713
4562.0,13.97409114026479
4562.2,13.993347851117022
4562.4,13.75605326101901
4562.6,13.98096218471742
4562.8,14.042224434452372
4563.0,14.122028349896329
4563.2,14.119288597176213
4563.4,14.915570255231723
4563.6,14.800520053977717
4563.8,14.292941692159356
4564.0,14.399519675046196
4564.2,14.67021179628474
4564.4,14.555358266590002
4564.6,14.50592542247406
4564.8,14.457234398577292
4565.0,14.4319532940899
4565.2,14.232977103867
4565.4,14.470523200355068
4565.6,14.365412915935005
4565.8,14.097780554261703
4566.0,14.459518979517746
4566.2,14.053615584602081
4566.4,14.189604944749306
4566.6,14.116424434380095
4566.8,13.916446276968465
4567.0,14.20540101762797
4567.2,14.493492482737762
4567.4,13.837178318327554
4567.6,13.933656025972084
4567.8,13.664817807742427
4568.0,14.078319843796251
4568.2,14.630351776910144
4568.4,14.24110519820221
4568.6,14.169529566639852
4568.8,13.911296381694413
4569.0,14.165041341061691
4569.2,14.125690229581595
4569.4,13.773364669631857
4569.6,14.008982899215617
4569.8,14.396956407770983
4570.0,14.740427741978879
4570.2,14.723858180570913
4570.4,14.750016364985122
4570.6,14.631196861021516
4570.8,14.782094819060863
4571.0,14.807069287624774
4571.2,15.145898549452049
4571.4,14.77824708449286
4571.6,14.888666693402119
4571.8,14.704983421984643
4572.0,14.876643238390717
4572.2,14.67745448074247
4572.4,14.223547506665513
4572.6,14.538302567494314
4572.8,14.535827146727968
4573.0,14.204619159424379
4573.2,14.834933425101644
4573.4,14.70878142818395
4573.6,15.085429647431624
4573.8,14.620894027178121
4574.0,14.51290376019529
4574.2,14.363560717785752
4574.4,14.015016882650386
4574.6,14.631363218795894
4574.8,14.524043806722325
4575.0,14.723335749455273
4575.2,14.872179144742756
4575.4,14.903794213939882
4575.6,14.52948191403083
4575.8,14.660201212835805
4576.0,15.022143284794744
4576.2,14.835982310645868
4576.4,15.048525992500092
4576.6,14.757723713570162
4576.8,14.652761891756128
4577.0,15.288837737408894
4577.2,15.13954018715566
4577.4,14.931815197146694
4577.6,15.007355933360422
4577.8,14.992585887143463
4578.0,15.168256659410652
4578.2,14.997521014908678
4578.4,14.85269954349199
4578.6,15.011305792548308
4578.8,15.111488193600412
4579.0,15.016137840979692
4579.2,15.008642553938634
4579.4,14.4578604953402
4579.6,13.870485971140788
4579.8,13.9132360391073
4580.0,13.60444500460339
4580.2,14.188863977498283
4580.4,14.693174391306075
4580.6,14.619783956509671
4580.8,14.642524398176127
4581.0,14.714447476444569
4581.2,14.408419305659468
4581.4,14.959347915043175
4581.6,14.851853396466502
4581.8,14.42191622820909
4582.0,14.652154341085698
4582.2,14.945907872063353
4582.4,14.773246249310098
4582.6,14.813566448429524
4582.8,13.994991414455672
4583.0,14.190738683272519
4583.2,14.298102687315728
4583.4,14.069178836456864
4583.6,14.502689955531453
4583.8,13.988359010573
4584.0,13.934326566073903
4584.2,14.432543296662697
4584.4,14.885091948118571
4584.6,14.76810446012454
4584.8,14.931962129001041
4585.0,15.196388015983418
4585.2,14.867576485371977
4585.4,15.07629816316597
4585.6,15.103696591580317
4585.8,15.036812804038224
4586.0,14.984934391704263
4586.2,14.861865578123616
4586.4,14.76288195875663
4586.6,14.582506732323415
4586.8,14.629484258022217
4587.0,14.747978830967995
4587.2,14.787951666985283
4587.4,14.800815179716405
4587.6,15.157516236537527
4587.8,15.114403232917862
4588.0,15.215361862783949
4588.2,14.985136519032007
4588.4,15.290268780816113
4588.6,15.212438475563847
4588.8,15.284436663433391
4589.0,15.221638327598564
4589.2,14.994383112007725
4589.4,15.055835677309341
4589.6,15.020769584247368
4589.8,15.301630317714977
4590.0,15.300715428465185
4590.2,15.108156502038462
4590.4,15.265453948797415
4590.6,15.05766136109637
4590.8,14.846587104764907
4591.0,14.987357714090566
4591.2,15.046304943490497
4591.4,15.674541670290285
4591.6,14.926050824428012
4591.8,14.75156703273367
4592.0,14.964305839649537
4592.2,14.835238174849525
4592.4,14.405255707687253
4592.6,14.610385656940657
4592.8,14.730074129716218
4593.0,14.04782829368588
4593.2,14.311628792846303
4593.4,14.96922245031688
4593.6,15.035312674594062
4593.8,14.415160204384014
4594.0,14.563312286967413
4594.2,15.09211560677892
4594.4,15.275382484691331
4594.6,15.013072667254551
4594.8,15.156537336321762
4595.0,15.164169923011732
4595.2,14.905945307915472
4595.4,14.776817698380988
4595.6,14.876626428415534
4595.8,14.648026186536294
4596.0,14.70245133640578
4596.2,14.862076048161068
4596.4,14.560558799913961
4596.6,14.648649010444048
4596.8,14.771309807693903
4597.0,15.065232277824247
4597.2,15.160921850921591
4597.4,14.916049255143518
4597.6,14.82888272383944
4597.8,15.034746326928534
4598.0,14.71226072589333
4598.2,14.495950522117123
4598.4,14.28529256117814
4598.6,14.196861192913154
4598.8,14.099625020194752
4599.0,14.486188559798304
4599.2,15.006729725122565
4599.4,14.573526274961438
4599.6,14.8277267513796
4599.8,14.144959457103878
4600.0,14.549551260079348
4600.2,14.339289345182237
4600.4,14.44103459035269
4600.6,13.896030949208026
4600.8,13.73981729461946
4601.0,13.697617037248058
4601.2,13.512196263668493
4601.4,13.559654565130636
4601.6,13.642217917209381
4601.8,13.547131552110315
4602.0,13.714241225171403
4602.2,13.681338004143225
4602.4,13.798179081104703
4602.6,13.597532329770159
4602.8,13.464692072251651
4603.0,13.572704744196994
4603.2,13.726774982471152
4603.4,13.67053074605229
4603.6,13.713342604825993
4603.8,13.673521130939383
4604.0,13.623945182850143
4604.2,13.743863332565455
4604.4,13.651044369971807
4604.6,13.681629781120463
4604.8,13.415432892197911
4605.0,13.504021646479023
4605.2,13.510710068602851
4605.4,13.53695624099731
4605.6,13.224963405387475
4605.8,13.344660544660375
4606.0,13.224983384078165
4606.2,13.25566251651331
4606.4,13.42773504471084
4606.6,13.32989437476559
4606.8,13.285812293875388
4607.0,13.546031870496538
4607.2,13.350180210884004
4607.4,13.513110839092437
4607.6,13.917140231504991
4607.8,13.876546564643936
4608.0,13.688849979033078
4608.2,13.772963316688232
4608.4,13.949007011007339
4608.6,13.690259548378465
4608.8,13.920959169516605
4609.0,14.586273304650742
4609.2,13.941120453097922
4609.4,13.909583684387385
4609.6,13.729409430360302
4609.8,13.87690351058787
4610.0,14.133305079809787
4610.2,14.299629971509715
4610.4,13.814477188814063
4610.6,14.3083963987985
4610.8,13.994549517201227
4611.0,14.422094237302993
4611.2,14.535207573670576
4611.4,14.187329013752045
4611.6,14.15411668717286
4611.8,14.0304998001224
4612.0,13.95900914020878
4612.2,14.140193595263453
4612.4,14.224127346324039
4612.6,14.233270017604035
4612.8,14.612221226026898
4613.0,14.765373148614545
4613.2,14.887138958503419
4613.4,14.660976419073226
4613.6,14.676572844649375
4613.8,14.990274723315633
4614.0,14.906574393329029
4614.2,14.056094610742667
4614.4,14.39354311873265
4614.6,14.663109047593268
4614.8,14.868998759666358
4615.0,15.123266492251027
4615.2,15.027651783062572
4615.4,14.842748332591695
4615.6,14.853711902145452
4615.8,14.672540753872669
4616.0,13.983828040768312
4616.2,14.6085988784725
4616.4,15.009989311136358
4616.6,15.145289984868228
4616.8,15.221569712627268
4617.0,15.338600829087197
4617.2,15.118669974804881
4617.4,14.928788801610525
4617.6,15.361542827311517
4617.8,15.30194004097866
4618.0,15.18595834806339
4618.2,15.191756919329396
4618.4,15.045277056936472
4618.6,14.926905998420619
4618.8,14.842604686712267
4619.0,14.956078138628454
4619.2,14.77166174474511
4619.4,14.746904536309861
4619.6,15.402949721455073
4619.8,15.199121522080816
4620.0,14.983992706581601
4620.2,15.04032421266979
4620.4,15.197512522380093
4620.6,15.255935273848173
4620.8,15.32685181836632
4621.0,15.05419528125149
4621.2,15.051037760356907
4621.4,15.252684337281444
4621.6,14.961133355810677
4621.8,15.354393644678776
4622.0,15.195473078757797
4622.2,15.50422966387063
4622.4,15.04876913801349
4622.6,15.448483724774832
4622.8,15.210961280613732
4623.0,14.971560120676354
4623.2,15.209843230422997
4623.4,15.001603765915043
4623.6,15.115511816190683
4623.8,15.226793744649019
4624.0,14.89793534625791
4624.2,14.773881553399624
4624.4,15.163106030336511
4624.6,15.070757070820111
4624.8,15.030451915571444
4625.0,14.861733539834901
4625.2,15.036039657913832
4625.4,15.19559580969874
4625.6,14.800349032054998
4625.8,15.184449151280504
4626.0,15.025216763011253
4626.2,15.173719535918334
4626.4,15.347635462551183
4626.6,15.16038109402032
4626.8,15.017802578517072
4627.0,14.872106299888214
4627.2,14.901813769367216
4627.4,14.986939149243842
4627.6,14.928618295747695
4627.8,14.97973660148234
4628.0,15.029752420899335
4628.2,15.07587480030814
4628.4,15.009540872292774
4628.6,14.35224909086563
4628.8,14.517058189934422
4629.0,14.475571343621848
4629.2,14.348116412126231
4629.4,14.070426285577417
4629.6,13.712000443709586
4629.8,13.836211781329608
4630.0,13.76046032207693
4630.2,13.69339683171937
4630.4,13.560970171464389
4630.6,13.721336634525773
4630.8,13.73126211556637
4631.0,13.723527502604773
4631.2,13.718624437187636
4631.4,13.86504763780608
4631.6,14.150567338659945
4631.8,13.662615841526675
4632.0,14.098414709421725
4632.2,13.94531570557691
4632.4,13.856419187071197
4632.6,13.909551080830713
4632.8,13.6621733983461
4633.0,13.680247977105948
4633.2,13.525814248383659
4633.4,13.521825186574148
4633.6,13.736960213713036
4633.8,13.508431628001638
4634.0,13.648675403499414
4634.2,13.668712822454847
4634.4,13.724343550497256
4634.6,13.705860016821221
4634.8,13.65169079346612
4635.0,13.549624536352967
4635.2,13.624787352433627
4635.4,13.580860367943004
4635.6,13.67669610965416
4635.8,13.671673378087057
4636.0,13.52310683469311
4636.2,13.524855257867845
4636.4,13.610627134463385
4636.6,13.385059889398212
4636.8,13.579564005171916
4637.0,13.43829382767712
4637.2,13.500486099608825
4637.4,13.240745765738842
4637.6,13.3038204488624
4637.8,13.413786065792415
4638.0,13.617196946300293
4638.2,13.747134754769393
4638.4,14.024443823591204
4638.6,13.83660554297929
4638.8,13.646516200663898
4639.0,13.854367138307882
4639.2,14.030988687889646
4639.4,14.07068195472137
4639.6,14.110735662043275
4639.8,14.405677367068506
4640.0,13.986093450905482
4640.2,13.892361176092653
4640.4,13.788560930436562
4640.6,13.88906592475605
4640.8,13.939134818588318
4641.0,14.115605170795032
4641.2,14.038053251832336
4641.4,14.478824439950417
4641.6,14.72742455682871
4641.8,14.90164773422898
4642.0,15.036608291067967
4642.2,15.015928213424566
4642.4,15.001817650519216
4642.6,14.943469545567138
4642.8,15.158850377755789
4643.0,15.276469365664457
4643.2,15.124554345020638
4643.4,15.202494872537859
4643.6,15.408896048535013
4643.8,15.203383630783227
4644.0,15.243791566637238
4644.2,14.946656799889189
4644.4,15.147260870130824
4644.6,15.262274326651127
4644.8,15.045720149007202
4645.0,15.10768699864222
4645.2,15.014240377132541
4645.4,15.003312632073937
4645.6,14.611331315088506
4645.8,14.201361787620382
4646.0,14.498252548092815
4646.2,14.658767125420091
4646.4,14.881921085437785
4646.6,14.608669123019189
4646.8,14.969887532465675
4647.0,15.08684378769338
4647.2,15.04068540898841
4647.4,15.070763651708656
4647.6,15.027053360703526
4647.8,15.268024890752162
4648.0,15.223336050283889
4648.2,15.047323385673732
4648.4,14.820261306647758
4648.6,14.888397799396767
4648.8,14.934759118161754
4649.0,14.847267552857645
4649.2,15.158705296429334
4649.4,15.088292573912172
4649.6,14.977072187147861
4649.8,14.653323935700497
4650.0,14.603042769967633
4650.2,14.684685304540274
4650.4,14.288465801955688
4650.6,14.569684892709407
4650.8,14.504571042899958
4651.0,15.034431806010907
4651.2,15.26715408003832
4651.4,14.988067679071031
4651.6,14.571976128469068
4651.8,14.741943439203222
4652.0,14.580276508919223
4652.2,14.640279683566797
4652.4,14.504534409053917
4652.6,14.265604819320671
4652.8,14.477789012046644
4653.0,14.586617585673924
4653.2,14.397910126538315
4653.4,14.040287025697054
4653.6,14.271764517564288
4653.8,14.597629867731424
4654.0,14.173256386575906
4654.2,14.301518845880647
4654.4,14.5370374780572
4654.6,14.656408707796853
4654.8,14.970253034933215
4655.0,14.84625257803025
4655.2,14.732754640888961
4655.4,14.804795890247995
4655.6,14.108628811027213
4655.8,14.341460641462788
4656.0,14.354487780332935
4656.2,14.703258916293136
4656.4,14.868458571980415
4656.6,14.943169692748954
4656.8,14.829724727707099
4657.0,14.873757170593148
4657.2,14.963113340158287
4657.4,14.821541883735264
4657.6,14.77924013401928
4657.8,14.722152560428647
4658.0,14.889227012700314
4658.2,14.850207817781925
4658.4,15.1706872167405
4658.6,15.10369117656847
4658.8,14.76585241130677
4659.0,15.285547588942102
4659.2,15.093695007175366
4659.4,14.835946710064052
4659.6,14.7585907437675
4659.8,15.048904843321145
4660.0,14.90525967206326
4660.2,14.666537237531479
4660.4,15.162264665318123
4660.6,15.162218095372658
4660.8,15.219694957928631
4661.0,15.110065620624631
4661.2,15.27274336172335
4661.4,14.965889806536396
4661.6,15.268537870092842
4661.8,15.104563584199193
4662.0,14.952510907426218
4662.2,14.678495152990195
4662.4,14.72698784015249
4662.6,14.736841498573856
4662.8,15.496664392287604
4663.0,14.847387135390033
4663.2,14.878984120110095
4663.4,14.968102560560686
4663.6,14.87373633575477
4663.8,14.972200031292335
4664.0,14.9936604021398
4664.2,15.135163353848428
4664.4,15.203906117157818
4664.6,15.331271160728768
4664.8,15.347096626714782
4665.0,15.056581344204204
4665.2,15.167377294847405
4665.4,15.259799481821716
4665.6,15.024780872873247
4665.8,14.773122182540208
4666.0,15.112394247939207
4666.2,15.127447012315798
4666.4,14.925852976489471
4666.6,14.745683516255268
4666.8,15.204478287635467
4667.0,14.848227173527489
4667.2,14.613781898276057
4667.4,14.814502579394306
4667.6,14.965344424137523
4667.8,15.143849297531807
4668.0,14.935958483994959
4668.2,15.081320027144294
4668.4,14.886654900109344
4668.6,15.175170804106664
4668.8,15.240933718760576
4669.0,15.033986180758411
4669.2,14.985204838750093
4669.4,15.066145082566162
4669.6,15.291567513653572
4669.8,15.057016268341814
4670.0,14.806567185754346
4670.2,14.93087616746623
4670.4,14.985089614952802
4670.6,14.970342601273643
4670.8,14.835577634075563
4671.0,15.024629837858187
4671.2,14.854611567656463
4671.4,14.28633401232008
4671.6,14.780691359728873
4671.8,14.705697242525847
4672.0,14.459811619834335
4672.2,14.34804363961372
4672.4,14.687130143434544
4672.6,14.647279653473671
4672.8,15.005397181248037
4673.0,14.73594896446375
4673.2,14.714829488708748
4673.4,15.014869521489251
4673.6,14.856986929235545
4673.8,14.867792754044068
4674.0,14.450076698428703
4674.2,14.661524202884003
4674.4,14.459313157850202
4674.6,13.953174799502815
4674.8,14.575725510963773
4675.0,14.845834890115912
4675.2,14.70835379877604
4675.4,14.844116417790172
4675.6,14.578906695573568
4675.8,14.915184074667277
4676.0,14.66065761534493
4676.2,15.2155572844525
4676.4,14.921622972460359
4676.6,15.070214990122306
4676.8,14.632466595541134
4677.0,14.452902702657891
4677.2,14.45388657462553
4677.4,14.803633801424304
4677.6,14.42323831878493
4677.8,14.537480476419418
4678.0,14.649368020016924
4678.2,14.20205468473852
4678.4,14.133249512531867
4678.6,13.830054899262745
4678.8,13.734832635988441
4679.0,13.79881546000679
4679.2,14.112008786799922
4679.4,14.514852074827997
4679.6,14.517408352224098
4679.8,14.562403606401597
4680.0,14.338622710623438
4680.2,14.511164588125954
4680.4,14.555487892934247
4680.6,14.636509773371015
4680.8,14.452000356817106
4681.0,14.28594531168695
4681.2,14.49405053193832
4681.4,14.48697981356969
4681.6,14.686207018976475
4681.8,15.010264264211564
4682.0,15.005113261858291
4682.2,14.650604601105371
4682.4,15.156842835744712
4682.6,14.964106444069463
4682.8,14.82373984230038
4683.0,14.887877822489353
4683.2,15.004229589535118
4683.4,14.902742884664907
4683.6,14.40478887089386
4683.8,14.38637971971361
4684.0,14.31361925549236
4684.2,14.22444509288348
4684.4,14.1526297997825
4684.6,14.039997742022932
4684.8,14.06673981020353
4685.0,13.536207079056954
4685.2,13.501468603663142
4685.4,13.715564336176962
4685.6,13.761524049537046
4685.8,14.284693031305231
4686.0,15.019149059783514
4686.2,14.780565826792767
4686.4,15.193750813038312
4686.6,14.565569172101343
4686.8,14.791513221006138
4687.0,14.667745101360289
4687.2,14.757735738851236
4687.4,15.148781913955657
4687.6,15.443451315097239
4687.8,15.319003282519418
4688.0,14.910659975703972
4688.2,14.7910327443386
4688.4,15.02343009658012
4688.6,14.658557122633038
4688.8,15.026462947549682
4689.0,14.922653666625958
4689.2,14.956242067220966
4689.4,14.908429662165453
4689.6,15.002508087011162
4689.8,15.118088323046058
4690.0,14.975793595255567
4690.2,14.795803731577166
4690.4,14.722726083622513
4690.6,14.800186660605199
4690.8,15.060887943384152
4691.0,14.461867446150055
4691.2,14.502552551973428
4691.4,14.886316270616875
4691.6,14.906785873432858
4691.8,14.991625396862617
4692.0,14.903442890092538
4692.2,15.011127080018253
4692.4,14.915514718807184
4692.6,15.16438981873174
4692.8,15.393192675266885
4693.0,14.739164432430536
4693.2,15.07435143849194
4693.4,15.233538079794954
4693.6,15.194882256003112
4693.8,15.238576147156675
4694.0,15.313629679142037
4694.2,14.923335257891486
4694.4,15.156812119072605
4694.6,15.065052147369498
4694.8,15.17713604455695
4695.0,14.893135398185585
4695.2,14.912436290088923
4695.4,15.15338325502019
4695.6,15.08327228578569
4695.8,15.117052281286814
4696.0,15.169749868061025
4696.2,15.289348293902567
4696.4,15.169604811569894
4696.6,15.20126477300183
4696.8,15.308471228447738
4697.0,15.076648653622309
4697.2,14.808793605810003
4697.4,15.077549424941886
4697.6,15.244871544531758
4697.8,14.949140048010825
4698.0,15.04276572104456
4698.2,15.050123961893418
4698.4,14.961435572781719
4698.6,15.325084374959633
4698.8,14.970401491655814
4699.0,14.883356398251284
4699.2,14.928596116012177
4699.4,14.835984191529654
4699.6,15.016877110361044
4699.8,15.07596710599987
4700.0,15.23832125229767
4700.2,14.804968651878156
4700.4,15.243823982789554
4700.6,15.251377420747312
4700.8,15.074276361595103
4701.0,15.132686444964968
4701.2,15.19708431740787
4701.4,15.050206814963868
4701.6,14.483114064723242
4701.8,14.934768441341618
4702.0,14.624750592208859
4702.2,15.29199300540852
4702.4,14.998409795494862
4702.6,15.081585333083654
4702.8,14.94964283467974
4703.0,15.012931091323678
4703.2,14.893807674240641
4703.4,14.835704898887276
4703.6,14.763912732730118
4703.8,15.194841198245022
4704.0,15.185163000585067
4704.2,15.164328183693206
4704.4,14.924843338213936
4704.6,14.986693375646514
4704.8,14.309582760762547
4705.0,14.49983578053639
4705.2,14.389241034020326
4705.4,14.543873950456971
4705.6,14.244845273551736
4705.8,14.453589755198577
4706.0,13.92543262200737
4706.2,14.14434900339703
4706.4,14.071773654095978
4706.6,14.418494246583919
4706.8,14.326629122334243
4707.0,14.604991894283977
4707.2,14.594007460311458
4707.4,14.462509029707757
4707.6,14.311520703610537
4707.8,14.48469277745357
4708.0,14.475051856367028
4708.2,14.876766941446029
4708.4,14.491947394274288
4708.6,14.17956903223472
4708.8,14.594935794258356
4709.0,14.811886640238711
4709.2,14.610129997014523
4709.4,14.610643997931575
4709.6,14.19199452459816
4709.8,14.11170250722069
4710.0,14.152467627930712
4710.2,14.032496894230155
4710.4,14.023584515657284
4710.6,14.848610331441623
4710.8,14.795256682130278
4711.0,14.865663809207048
4711.2,14.800885368547622
4711.4,14.258321976021833
4711.6,14.431639211271627
4711.8,14.498268579328094
4712.0,14.188022039845457
4712.2,14.035080881287307
4712.4,13.71764787338039
4712.6,13.7342565382508
4712.8,13.96039733600274
4713.0,14.922041311849972
4713.2,14.492874904554583
4713.4,14.936630848552085
4713.6,14.923986032416607
4713.8,14.918381062459101
4714.0,14.803075540411573
4714.2,14.565504902451334
4714.4,14.86423803040336
4714.6,14.055805859073915
4714.8,14.306645810063506
4715.0,14.539440890275749
4715.2,14.887052786318032
4715.4,15.026949859127134
4715.6,14.841293464528857
4715.8,14.546757335119043
4716.0,14.219401175131729
4716.2,13.958639727169754
4716.4,14.047056703492117
4716.6,14.234660193474852
4716.8,14.441427299872402
4717.0,14.461413170492673
4717.2,14.519894386922632
4717.4,14.925569253519415
4717.6,14.222077289064528
4717.8,14.428244078944154
4718.0,14.338447251100916
4718.2,14.542212033349013
4718.4,14.363226043449135
4718.6,14.286826442870606
4718.8,14.402078734216484
4719.0,14.224519475799621
4719.2,14.585522572743335
4719.4,14.72826127580471
4719.6,14.303219620253804
4719.8,14.252679353261975
4720.0,13.798349735251582
4720.2,13.969697910862518
4720.4,14.326280265731262
4720.6,14.949974798325451
4720.8,14.378498026732633
4721.0,14.57765455499024
4721.2,14.142923435565798
4721.4,14.040684236152458
4721.6,14.001382537794598
4721.8,14.259478450771514
4722.0,14.301746207714743
4722.2,14.448873180035566
4722.4,14.488890360678502
4722.6,14.052715940514895
4722.8,13.89502915567399
4723.0,13.715108325022772
4723.2,14.048750372822278
4723.4,14.434157151695883
4723.6,14.250577506242056
4723.8,13.991175495887624
4724.0,14.377667724036261
4724.2,14.116798189653753
4724.4,14.518107754749503
4724.6,14.431540075545046
4724.8,13.954988402507924
4725.0,13.413729236782782
4725.2,13.931934011273437
4725.4,14.136609982219559
4725.6,13.782522233088796
4725.8,14.006490406170858
4726.0,13.872793346926613
4726.2,13.927602035637811
4726.4,13.974537693659023
4726.6,14.631042852517279
4726.8,14.759102124137433
4727.0,14.514843841777925
4727.2,14.2534618840921
4727.4,13.978940160784699
4727.6,14.538010092590387
4727.8,14.723171334707658
4728.0,14.595663566994903
4728.2,14.999341820835694
4728.4,14.890426338333409
4728.6,14.792009790774296
4728.8,15.04863839645277
4729.0,14.713958667973328
4729.2,14.551062713813607
4729.4,14.511331949114265
4729.6,14.819404961400583
4729.8,15.139833032817808
4730.0,14.983199470562063
4730.2,15.129318918154011
4730.4,14.88169103472165
4730.6,15.037614313330783
4730.8,15.368250028957842
4731.0,15.070470574946711
4731.2,15.02560739589619
4731.4,14.650319560734728
4731.6,14.771003948612819
4731.8,14.887797713422122
4732.0,15.129141280005642
4732.2,14.760395679956426
4732.4,14.874965867430278
4732.6,15.02163054696961
4732.8,15.031881563532497
4733.0,14.968349641445894
4733.2,15.141608295279127
4733.4,14.774833738755275
4733.6,15.022594647376335
4733.8,15.046378970298289
4734.0,15.039085105855229
4734.2,15.105248838056372
4734.4,14.790961800306938
4734.6,15.166806077923848
4734.8,14.875582872933233
4735.0,14.769306660370047
4735.2,14.720583858659717
4735.4,14.60386458069239
4735.6,14.358785670328176
4735.8,14.533951901276396
4736.0,14.368653525120298
4736.2,14.400905555357193
4736.4,14.788109871010054
4736.6,15.326397980705977
4736.8,14.886088494270664
4737.0,15.073908906748269
4737.2,14.565497343638844
4737.4,14.670545322299478
4737.6,14.938052488476005
4737.8,15.102520353329048
4738.0,15.233003357608597
4738.2,15.05947061157293
4738.4,15.32068782802714
4738.6,15.267428245518973
4738.8,14.964148205886016
4739.0,15.023952072390387
4739.2,15.287908373973398
4739.4,15.217298996277107
4739.6,15.115325159459179
4739.8,14.923307300558351
4740.0,14.960437598335833
4740.2,15.132220601134547
4740.4,15.09966091652876
4740.6,15.13288206325483
4740.8,15.01242145610912
4741.0,15.311812879982176
4741.2,15.104749471966132
4741.4,15.2734245237128
4741.6,15.260855524458755
4741.8,15.022529751817832
4742.0,15.164332557579932
4742.2,14.763146104742859
4742.4,15.049789275617925
4742.6,15.118811731054159
4742.8,15.21709866137808
4743.0,15.34465693994267
4743.2,15.136052255433988
4743.4,14.917622995018917
4743.6,15.097634528033339
4743.8,15.187365758122795
4744.0,14.979313913021556
4744.2,15.316248240035206
4744.4,15.082997624982646
4744.6,15.228814572132327
4744.8,14.725520177330871
4745.0,14.924601208959352
4745.2,15.278287488780336
4745.4,15.248762212714169
4745.6,15.042800544993504
4745.8,14.691342183152887
4746.0,14.737649398150829
4746.2,14.786245050486666
4746.4,14.930322785549253
4746.6,15.059373928439328
4746.8,14.761006186021872
4747.0,15.24655291076736
4747.2,14.940838937774963
4747.4,15.076692003290749
4747.6,15.08782213841762
4747.8,15.079459657916484
4748.0,15.243987299596242
4748.2,15.030040699625305
4748.4,15.048753790773135
4748.6,15.102420752215828
4748.8,15.175009746707499
4749.0,15.149462266222816
4749.2,15.220976294898662
4749.4,14.66801921836889
4749.6,15.300966278604031
4749.8,15.333154909114
4750.0,15.040245323700061
4750.2,15.129721173467503
4750.4,15.426074970137753
4750.6,15.289428514968824
4750.8,14.353740492225455
4751.0,14.760027357815355
4751.2,15.04024980860889
4751.4,14.871928093535749
4751.6,15.051030023188392
4751.8,14.744788190678683
4752.0,14.963126241986451
4752.2,14.92579946182174
4752.4,15.112376682915372
4752.6,15.14365347378278
4752.8,14.923681906157267
4753.0,15.19355238920203
4753.2,15.315617753856541
4753.4,14.71743034476511
4753.6,15.142389934773828
4753.8,15.165684094945455
4754.0,15.055182786149965
4754.2,15.014310867523545
4754.4,15.09738148332844
4754.6,15.077347335294668
4754.8,15.03501215676634
4755.0,15.36315195601967
4755.2,14.576278142985279
4755.4,14.940559274320279
4755.6,15.072050732002353
4755.8,15.017989264329117
4756.0,14.764585763404199
4756.2,14.77441316376394
4756.4,14.910046473911374
4756.6,14.530008665768321
4756.8,14.885946278763386
4757.0,15.073875782775609
4757.2,15.04856047463579
4757.4,14.961717017246672
4757.6,15.29744509335815
4757.8,15.413998493099383
4758.0,15.10848838301227
4758.2,15.0124807247444
4758.4,14.965938249799144
4758.6,15.024627830153038
4758.8,15.161268358968965
4759.0,15.147393477104636
4759.2,14.909425959724604
4759.4,14.938559840217644
4759.6,15.027069440000744
4759.8,14.915047095795181
4760.0,15.367157588181875
4760.2,14.793274179942058
4760.4,14.801434627641166
4760.6,14.720933943439864
4760.8,15.284663135113325
4761.0,15.32512964204521
4761.2,14.980704770543134
4761.4,14.838139107567848
4761.6,14.500096416702526
4761.8,14.578067265836099
4762.0,15.03878275823684
4762.2,15.100866532950194
4762.4,14.64084236952667
4762.6,14.417226271506216
4762.8,14.35573963430848
4763.0,14.745909071157442
4763.2,14.693756195043818
4763.4,14.515282975249022
4763.6,14.778595591504164
4763.8,14.437401528067486
4764.0,15.01699198542182
4764.2,14.828589488769223
4764.4,14.779243323569053
4764.6,14.965702960512179
4764.8,14.742746392901964
4765.0,15.315438886952863
4765.2,14.958009919728912
4765.4,15.149897135585427
4765.6,14.850736508884175
4765.8,15.03545582374314
4766.0,15.200627669843845
4766.2,15.227056159996145
4766.4,15.073968669070224
4766.6,14.909536134691987
4766.8,15.11535720727778
4767.0,15.042140196684478
4767.2,15.266678701326075
4767.4,15.37775310335011
4767.6,15.272709013456492
4767.8,15.181964497540498
4768.0,15.218542349381345
4768.2,15.39540435530286
4768.4,15.056111848834155
4768.6,15.107504813443606
4768.8,15.253086864731477
4769.0,15.289852285565082
4769.2,14.809035194705004
4769.4,14.518593615397283
4769.6,14.832343891958505
4769.8,15.140269652256414
4770.0,14.604904252227833
4770.2,14.812261022007192
4770.4,15.21014476567364
4770.6,15.263609032104178
4770.8,14.878023379366718
4771.0,14.97303385823848
4771.2,15.080511374482006
4771.4,15.248654404307484
4771.6,14.637604412791628
4771.8,14.857838838208854
4772.0,15.145050531543585
4772.2,14.772797256333805
4772.4,14.666982585959452
4772.6,14.792323475636248
4772.8,14.8034728956217
4773.0,15.186149557072708
4773.2,15.097974976700254
4773.4,14.999261327301658
4773.6,15.024749328149687
4773.8,14.99371231689059
4774.0,15.04975197468185
4774.2,15.119126263401863
4774.4,15.323857241955302
4774.6,15.099686779470387
4774.8,15.186904756949716
4775.0,15.433372623023065
4775.2,15.456970123106135
4775.4,15.339558638184538
4775.6,15.160235856312024
4775.8,15.29677805340355
4776.0,15.08021617641404
4776.2,15.032038861931536
4776.4,14.750917102830048
4776.6,15.05217274455649
4776.8,15.055068528469137
4777.0,14.7913545788637
4777.2,14.5076994912079
4777.4,15.16520551310795
4777.6,14.468409766929927
4777.8,14.871631551261725
4778.0,14.909513080790484
4778.2,14.952302237480025
4778.4,15.109116262161049
4778.6,14.706911107614873
4778.8,14.953171884983814
4779.0,14.5779423652985
4779.2,15.306781535747655
4779.4,14.814570969781842
4779.6,14.263774281260613
4779.8,14.80741869701236
4780.0,14.486374222297172
4780.2,14.616201737455336
4780.4,14.290059239167377
4780.6,14.304235414474142
4780.8,14.275891047410045
4781.0,14.280533873290672
4781.2,14.141632141568643
4781.4,14.146217348306935
4781.6,14.44255856051001
4781.8,14.436903933364611
4782.0,14.303835222355053
4782.2,14.422917911123495
4782.4,14.609870788901333
4782.6,14.820532364916946
4782.8,15.004105152794
4783.0,14.090708770870148
4783.2,13.961187328194185
4783.4,14.197844992313682
4783.6,14.205015200285482
4783.8,14.083427813985889
4784.0,14.629916763511572
4784.2,14.937876646654296
4784.4,14.58891892292263
4784.6,14.883718770907024
4784.8,14.981206971609506
4785.0,15.119499836767892
4785.2,14.683569492011337
4785.4,14.443404956993719
4785.6,14.246012867075311
4785.8,14.326423393842472
4786.0,14.53946002473025
4786.2,14.723844399489973
4786.4,14.664039910755893
4786.6,13.878819677603506
4786.8,14.182506911617116
4787.0,14.509225466667939
4787.2,14.41437063820729
4787.4,14.525468698839612
4787.6,14.65976502258058
4787.8,14.537712928240365
4788.0,14.725025227666041
4788.2,14.705327346443099
4788.4,14.623997981843482
4788.6,14.866784020562637
4788.8,14.682038303955643
4789.0,15.0367764177806
4789.2,15.211504764665296
4789.4,14.770252550567907
4789.6,14.60630726030891
4789.8,14.82900405182059
4790.0,14.634890824171007
4790.2,14.637266658949953
4790.4,15.047391749015826
4790.6,14.989675673001058
4790.8,14.751207006718774
4791.0,15.22808350653528
4791.2,15.180089665695828
4791.4,15.348528094195103
4791.6,14.912451470385461
4791.8,14.86904688023296
4792.0,15.214890270484636
4792.2,15.101422619579456
4792.4,15.230102621160249
4792.6,15.060219726838051
4792.8,15.124478211316426
4793.0,15.05854811165138
4793.2,15.102303136838618
4793.4,15.00553299719384
4793.6,15.256392194340396
4793.8,15.117245589797024
4794.0,14.943025548233521
4794.2,15.328054104951239
4794.4,15.51467417377342
4794.6,14.709262592656984
4794.8,14.898376303160086
4795.0,14.632483138465908
4795.2,14.187346473776701
4795.4,14.079197127698146
4795.6,14.345950353541477
4795.8,14.233181318168683
4796.0,14.058756632011026
4796.2,13.958591677170748
4796.4,13.729645228450874
4796.6,14.220339719987214
4796.8,14.754151027828515
4797.0,15.286168215547375
4797.2,15.450595730483798
4797.4,15.012411876393266
4797.6,15.192075980499899
4797.8,14.873900191080939
4798.0,14.762440771324279
4798.2,14.767490151654943
4798.4,14.834838409868967
4798.6,15.362671188050353
4798.8,14.814958514559198
4799.0,14.8677345535869
4799.2,14.989948458766921
4799.4,15.065955708378286
4799.6,15.029232770979291
4799.8,14.924885089895621
4800.0,14.7490595000127
4800.2,14.787990968333101
4800.4,14.851010823683135
4800.6,14.578615879822985
4800.8,15.037870321339215
4801.0,15.113175578537197
4801.2,15.097127613227144
4801.4,15.075242308936126
4801.6,15.320217372044407
4801.8,15.06314664333425
4802.0,15.344216387187794
4802.2,15.201004750840797
4802.4,15.302416133754097
4802.6,14.780768462571512
4802.8,15.393529676808392
4803.0,15.316743186528667
4803.2,15.56618753086668
4803.4,14.464864956277609
4803.6,15.328800392239401
4803.8,15.277589942060539
4804.0,15.293702600454136
4804.2,15.047221847974722
4804.4,14.610214612717048
4804.6,14.472443974464774
4804.8,14.608079822534933
4805.0,14.57743625531359
4805.2,14.949693894743511
4805.4,14.815087602227974
4805.6,14.858838733636855
4805.8,14.752314908623402
4806.0,14.707044236923867
4806.2,15.033031098448305
4806.4,15.07932234554745
4806.6,15.096968480667122
4806.8,15.146510237780202
4807.0,15.229503501070138
4807.2,15.03424371997726
4807.4,14.956299073866715
4807.6,14.606621575237675
4807.8,15.295367232536776
4808.0,15.487363540837297
4808.2,15.389933269020904
4808.4,15.105572474202486
4808.6,15.042766816750017
4808.8,14.826078080035058
4809.0,15.454790268167677
4809.2,15.511958937629426
4809.4,15.362190736743395
4809.6,14.971479388619057
4809.8,15.478984295252253
4810.0,15.41303900548609
4810.2,15.380120460965347
4810.4,15.20781088968381
4810.6,15.25362341490315
4810.8,15.114902287283222
4811.0,15.25838472370431
4811.2,14.847383285116864
4811.4,15.16477122553142
4811.6,14.880799006476089
4811.8,15.062686446032199
4812.0,14.583116114570036
4812.2,14.895590732437478
4812.4,14.718532260025006
4812.6,14.853799482771192
4812.8,14.614905032829373
4813.0,14.562143021610952
4813.2,14.731633056599662
4813.4,15.09317196554967
4813.6,15.028128989306303
4813.8,14.796498217581044
4814.0,15.23481679093252
4814.2,14.887119814688353
4814.4,15.119577540915401
4814.6,14.927282547794396
4814.8,15.149664069231047
4815.0,15.20824041137802
4815.2,14.650046371213644
4815.4,15.016499117971172
4815.6,15.123220033673388
4815.8,15.134670441060859
4816.0,14.99061484583893
4816.2,14.992798013097424
4816.4,15.18356712093974
4816.6,15.040997786110744
4816.8,15.058375693946946
4817.0,15.260902471625784
4817.2,15.146368686128106
4817.4,15.233773387953544
4817.6,15.347360822522857
4817.8,15.219582963285905
4818.0,15.030346683151844
4818.2,15.051244409452856
4818.4,15.208730194764822
4818.6,15.132128657645612
4818.8,15.086779308098349
4819.0,14.784210435365633
4819.2,14.731605461364087
4819.4,14.91441875244573
4819.6,14.845837452474948
4819.8,15.24334961483463
4820.0,15.005086526701286
4820.2,15.084220266576766
4820.4,15.137511040608757
4820.6,15.056047453470212
4820.8,15.401767717977446
4821.0,15.007610957365722
4821.2,15.447917323367955
4821.4,15.455501675354702
4821.6,15.25648494158042
4821.8,15.293185193504254
4822.0,15.155490567380523
4822.2,15.409135942325038
4822.4,15.174145618405952
4822.6,15.18925688055085
4822.8,15.510044859413393
4823.0,15.305769056968874
4823.2,15.013796489954256
4823.4,15.404602907801506
4823.6,15.052382980171155
4823.8,15.486953410855165
4824.0,15.36903085115939
4824.2,15.425359323453613
4824.4,15.222178440662672
4824.6,15.073474756511512
4824.8,15.0882469054943
4825.0,15.326671366266815
4825.2,15.278640060465792
4825.4,15.278343376272836
4825.6,15.621155506765326
4825.8,15.159303126943279
4826.0,15.196632686319443
4826.2,15.085110392816976
4826.4,14.736233979488343
4826.6,14.950239130892868
4826.8,15.271500716443839
4827.0,15.229138065811888
4827.2,15.335315976455774
4827.4,15.280258036423808
4827.6,14.900976766027178
4827.8,15.073218246536362
4828.0,15.287649849493938
4828.2,15.050970357226905
4828.4,14.657460821013213
4828.6,15.002264132251526
4828.8,14.82362402267843
4829.0,14.791779627271303
4829.2,15.052411055212431
4829.4,14.743915698925406
4829.6,15.013127003155486
4829.8,14.75559056284736
4830.0,14.986085595972476
4830.2,14.606061668381054
4830.4,15.081254981041276
4830.6,15.100621893863032
4830.8,15.271791823455352
4831.0,15.002036715280314
4831.2,15.004006992247021
4831.4,15.268620028998413
4831.6,14.975417615578504
4831.8,15.258628035363081
4832.0,15.378259085027038
4832.2,15.24276586985933
4832.4,15.369375203817144
4832.6,15.195511475152024
4832.8,15.062975704485467
4833.0,14.900900084668558
4833.2,14.616090403458662
4833.4,14.508600438370394
4833.6,14.930124813307415
4833.8,15.063446788469214
4834.0,15.066482369109561
4834.2,14.620521171587546
4834.4,14.817750302009806
4834.6,14.625675749447344
4834.8,14.328040502249786
4835.0,14.975063168902063
4835.2,14.768788406289737
4835.4,14.474926700400905
4835.6,14.03844321922277
4835.8,14.2340695858088
4836.0,14.688389928298637
4836.2,14.373894175757316
4836.4,14.5580346521215
4836.6,14.481033795494012
4836.8,14.341393428765297
4837.0,14.419997319488447
4837.2,14.349232900066472
4837.4,14.202837802119532
4837.6,14.554523423710492
4837.8,15.285866821868535
4838.0,15.265926185961412
4838.2,15.280846629978003
4838.4,15.407563355166134
4838.6,15.356827130560674
4838.8,15.184787896815074
4839.0,15.61999028144455
4839.2,15.21633395104187
4839.4,14.848980563602607
4839.6,14.905593086174811
4839.8,15.007724153832005
4840.0,15.078023076775061
4840.2,14.935100616169944
4840.4,15.197212990941596
4840.6,14.835780688023254
4840.8,15.19633867744163
4841.0,14.610568232960153
4841.2,14.795657566074096
4841.4,14.791446635049317
4841.6,15.201645356430419
4841.8,15.220650318430767
4842.0,15.365360828369534
4842.2,15.119958646799908
4842.4,15.013708850210975
4842.6,14.994317451370264
4842.8,15.276750585001118
4843.0,14.99781337665702
4843.2,14.983789234035923
4843.4,15.37792258551988
4843.6,15.011565799482376
4843.8,15.122270274940647
4844.0,14.87709738254345
4844.2,15.174609055670796
4844.4,15.30264110394781
4844.6,15.229787745108169
4844.8,15.028010593666366
4845.0,14.964968649919008
4845.2,14.426676645382678
4845.4,14.973026704645589
4845.6,14.728324169551623
4845.8,15.09648307106283
4846.0,15.264036455430203
4846.2,14.9522547163197
4846.4,15.21836022054907
4846.6,15.00082083008197
4846.8,15.295772707946504
4847.0,15.362555359659877
4847.2,15.475443582858421
4847.4,14.97167494253465
4847.6,15.550031708703296
4847.8,15.071167491363031
4848.0,15.068500427969596
4848.2,14.853025390681855
4848.4,14.79444060386616
4848.6,15.025025311389886
4848.8,14.753896281662183
4849.0,14.909116327047439
4849.2,14.80188387947133
4849.4,15.214900780092513
4849.6,15.33516055212347
4849.8,14.843107744222717
4850.0,14.116887790531498
4850.2,15.00670915986288
4850.4,14.811507516784044
4850.6,14.174018366074833
4850.8,14.071772185359963
4851.0,14.043894841498245
4851.2,13.741956137969327
4851.4,14.191280103455936
4851.6,14.087923807220864
4851.8,14.095089206764024
4852.0,13.914019589893325
4852.2,13.836019078730056
4852.4,13.986900027219491
4852.6,13.95867081154374
4852.8,13.759073658431662
4853.0,14.590114543591163
4853.2,14.450116423035325
4853.4,14.520397956525315
4853.6,14.587415926065407
4853.8,14.393917370490009
4854.0,14.556408790415267
4854.2,14.696933489106103
4854.4,14.610931749526017
4854.6,14.741224176864927
4854.8,14.420137604588794
4855.0,14.607334956621907
4855.2,14.559434430661224
4855.4,14.366359410809679
4855.6,14.610009835917182
4855.8,14.976398042408244
4856.0,14.847169352356016
4856.2,14.758262536613662
4856.4,14.833811130690371
4856.6,14.955872916876785
4856.8,14.666709122072202
4857.0,14.587485549920805
4857.2,14.619277153772499
4857.4,14.427414467016987
4857.6,14.182179659477882
4857.8,14.840262146364473
4858.0,14.870413788903045
4858.2,14.725590125139984
4858.4,14.805081559170084
4858.6,15.055370879832129
4858.8,14.661410473685567
4859.0,14.686677999446108
4859.2,15.183994355261394
4859.4,14.93908300786574
4859.6,15.341054286428538
4859.8,15.453814743606465
4860.0,15.519467568990908
4860.2,15.385377777446454
4860.4,15.302992323006796
4860.6,15.176557310925636
4860.8,15.222340257089916
4861.0,15.461112150771177
4861.2,15.381879336643236
4861.4,15.51838655719352
4861.6,15.229545383155639
4861.8,15.296453110222714
4862.0,15.223353851241288
4862.2,15.054138161553892
4862.4,14.976132500128571
4862.6,14.970226746585581
4862.8,14.990502889684368
4863.0,14.806710417850415
4863.2,15.201749669976197
4863.4,14.825118831600362
4863.6,14.642258898684453
4863.8,14.951902623917503
4864.0,14.974994953143522
4864.2,14.74701653823075
4864.4,15.059819464866855
4864.6,14.811834102551696
4864.8,14.793840775293944
4865.0,14.750222290379696
4865.2,14.396593081580114
4865.4,15.09379277820804
4865.6,14.659228856673538
4865.8,14.843363899254033
4866.0,15.267507220034958
4866.2,14.753967052152298
4866.4,14.65931316039661
4866.6,14.713701776825328
4866.8,14.435566617509235
4867.0,15.06655851809088
4867.2,14.811925029214699
4867.4,14.817768292654385
4867.6,14.938446691476887
4867.8,14.557409524452154
4868.0,14.499452967388184
4868.2,14.489717943410039
4868.4,14.766236526482665
4868.6,14.73165399522365
4868.8,14.892278492057153
4869.0,15.383267202248893
4869.2,15.060902336734113
4869.4,15.306941562627328
4869.6,15.19823589950586
4869.8,15.279454065848512
4870.0,14.963353150826098
4870.2,14.69801182974306
4870.4,14.960294939090637
4870.6,15.033491453238348
4870.8,14.961561654815856
4871.0,15.00831337564416
4871.2,14.736747068336868
4871.4,14.744498369933115
4871.6,14.48144333203058
4871.8,14.702146623390671
4872.0,14.810634754667655
4872.2,15.176104077379694
4872.4,15.201024282928293
4872.6,15.002995804154732
4872.8,15.252587189026414
4873.0,14.952760567507395
4873.2,14.93849628093528
4873.4,15.144926778710769
4873.6,15.198403373645036
4873.8,15.2499965791587
4874.0,15.352179034270305
4874.2,15.301832534985447
4874.4,14.897237744457003
4874.6,15.069170728058527
4874.8,14.714586677087018
4875.0,14.671828423947431
4875.2,14.783338010960227
4875.4,14.287764339804525
4875.6,14.594907724113988
4875.8,14.3484992348545
4876.0,14.882760362976576
4876.2,14.530914232478976
4876.4,14.217036958566563
4876.6,14.514724523126487
4876.8,14.5341697152476
4877.0,14.601503356925052
4877.2,14.412904826020272
4877.4,14.291783125791255
4877.6,14.367943967775405
4877.8,14.111760250436912
4878.0,14.299065108989787
4878.2,14.043384034153334
4878.4,14.298239546893665
4878.6,14.082483075398475
4878.8,14.118971324637258
4879.0,14.09120022220639
4879.2,13.918959958896732
4879.4,14.006698010964985
4879.6,13.803101591648854
4879.8,13.967785873855538
4880.0,14.016835306704529
4880.2,14.124854938841949
4880.4,14.245821052284843
4880.6,14.715182408429035
4880.8,15.044214852852473
4881.0,14.9718130697167
4881.2,14.850472478294911
4881.4,14.402567083965842
4881.6,14.582804492653585
4881.8,14.624963814740743
4882.0,14.670731344257153
4882.2,14.375552250246402
4882.4,14.4658175754274
4882.6,14.408409890086451
4882.8,14.488740309063433
4883.0,14.637011038888112
4883.2,14.423940136305038
4883.4,14.251486577360213
4883.6,14.456306695072094
4883.8,14.55403875148212
4884.0,14.628087225474555
4884.2,14.607727691020305
4884.4,14.654503332047353
4884.6,14.778303193710185
4884.8,14.569462200212438
4885.0,14.504668920490825
4885.2,14.462579717147301
4885.4,14.466559700443636
4885.6,14.620248143692471
4885.8,14.58465536198213
4886.0,14.495569406002138
4886.2,14.36764438003559
4886.4,14.397521762046672
4886.6,14.554839732120326
4886.8,14.656347198821134
4887.0,14.687232893493674
4887.2,14.748671833516198
4887.4,14.72528928366797
4887.6,14.735084936153724
4887.8,14.525631872685336
4888.0,14.584466345208028
4888.2,14.704064569967365
4888.4,14.559733006960956
4888.6,14.166759244376042
4888.8,14.650524070439573
4889.0,14.289379000069795
4889.2,13.935493860627288
4889.4,14.617626302443842
4889.6,14.061077611799425
4889.8,14.19840954786954
4890.0,14.086909345895398
4890.2,14.53816480979117
4890.4,14.474566341283317
4890.6,13.935399572830887
4890.8,13.92345625429778
4891.0,14.106138372290133
4891.2,14.14371050965224
4891.4,14.427597892531978
4891.6,13.80016146971954
4891.8,13.672915679288
4892.0,14.050757510882292
4892.2,14.580159670010449
4892.4,14.332896956918006
4892.6,14.794877330767587
4892.8,14.468007152829676
4893.0,14.511634849629116
4893.2,14.414300452131448
4893.4,14.51685251095314
4893.6,14.279810968158229
4893.8,14.074771451812216
4894.0,13.578393217454652
4894.2,13.897733460649837
4894.4,13.98582163513887
4894.6,14.011989254163824
4894.8,14.161513498294816
4895.0,13.997863130660274
4895.2,14.292644249335098
4895.4,14.488097660891876
4895.6,14.860622348422547
4895.8,14.507060262777127
4896.0,13.956920185058891
4896.2,14.349551221928342
4896.4,14.21520233382941
4896.6,14.303933595909836
4896.8,13.766456113660482
4897.0,13.954800320692346
4897.2,14.15666454639574
4897.4,14.258043817535171
4897.6,14.271870480083608
4897.8,14.082874556638066
4898.0,13.996080365277512
4898.2,14.179843908095144
4898.4,14.272003437143635
4898.6,14.117481978716244
4898.8,14.24871476179191
4899.0,14.12655217208762
4899.2,14.240662657370823
4899.4,14.340953194685294
4899.6,14.069297970583413
4899.8,14.326478443076553
4900.0,14.248103429639329
4900.2,14.567635429130604
4900.4,14.275298090489983
4900.6,14.160013465588426
4900.8,14.476774477496075
4901.0,14.384977897104278
4901.2,14.18230985323241
4901.4,14.684348836778277
4901.6,14.403496918548626
4901.8,14.272827270114227
4902.0,14.387006417260682
4902.2,14.486324681682861
4902.4,14.301391270464716
4902.6,14.047690900445584
4902.8,14.082570060184112
4903.0,13.959357545874823
4903.2,13.92827889539565
4903.4,14.115474066082832
4903.6,13.850191403931555
4903.8,13.75600474132332
4904.0,13.705152301643125
4904.2,13.775758814710034
4904.4,13.82924920535028
4904.6,13.845393356284916
4904.8,14.02940222429313
4905.0,13.825814093812546
4905.2,13.683605291293086
4905.4,13.674428278179994
4905.6,13.836522227873074
4905.8,13.842734394411929
4906.0,13.919387554594971
4906.2,13.77418427390185
4906.4,13.767911097118786
4906.6,13.80056985790799
4906.8,13.69888059612162
4907.0,13.668028506213725
4907.2,13.721172276100441
4907.4,13.714566802044082
4907.6,13.863126140570001
4907.8,13.746629793548665
4908.0,13.669785225539115
4908.2,13.744443316140924
4908.4,13.775420497899336
4908.6,13.62566189617883
4908.8,13.743080134312516
4909.0,13.638634970253243
4909.2,13.828783862423625
4909.4,13.867549795799931
4909.6,13.832337688326799
4909.8,13.995751802434775
4910.0,13.78044588093216
4910.2,14.23664987025626
4910.4,14.272994790302738
4910.6,14.140479181894364
4910.8,14.364440537212822
4911.0,14.512750613020415
4911.2,14.78058469571566
4911.4,14.794087564028098
4911.6,14.567849968351265
4911.8,14.581007792440957
4912.0,14.523598422052881
4912.2,14.387039559734735
4912.4,14.697978015736393
4912.6,14.39503487198806
4912.8,14.719939787105636
4913.0,14.748509709157513
4913.2,14.63648179453754
4913.4,14.443709477978818
4913.6,14.31696876289305
4913.8,14.601930719947635
4914.0,14.794944698216305
4914.2,14.538439861744605
4914.4,14.898420582276813
4914.6,14.964841426530286
4914.8,15.231819861075916
4915.0,14.808969708505463
4915.2,15.310808970920888
4915.4,15.305485613643551
4915.6,15.138392524842237
4915.8,15.316612848914852
4916.0,15.159095130829428
4916.2,15.271225342481124
4916.4,15.134078447573769
4916.6,14.798368124414784
4916.8,14.955148497040371
4917.0,14.521436609444972
4917.2,14.316308826534875
4917.4,13.932026089909506
4917.6,14.337047703776975
4917.8,14.871555587594624
4918.0,14.324025445886777
4918.2,14.985869209373908
4918.4,15.021319008405516
4918.6,15.186654456148787
4918.8,14.923938996749422
4919.0,14.985224703656863
4919.2,15.041480707032115
4919.4,15.044667633079882
4919.6,14.773643117449547
4919.8,15.076124291130565
4920.0,14.898750469634034
4920.2,15.322948269940333
4920.4,15.175738904274818
4920.6,15.036657723969233
4920.8,15.183601622757754
4921.0,14.761696318334215
4921.2,14.927840708805224
4921.4,14.669884575290602
4921.6,15.028328726712044
4921.8,15.054884541234015
4922.0,14.768380069554347
4922.2,14.734493626322609
4922.4,14.72696005839179
4922.6,14.841475406221903
4922.8,14.800945389031416
4923.0,15.117395262378404
4923.2,14.969158591386211
4923.4,15.05504656912344
4923.6,15.300591006528188
4923.8,14.958741789316697
4924.0,14.783074198734987
4924.2,13.763363515160933
4924.4,13.79116559500413
4924.6,13.893637906512806
4924.8,13.861124856658137
4925.0,13.625534929283587
4925.2,13.849810083847022
4925.4,13.75162441265057
4925.6,13.560293805264116
4925.8,14.010531752673607
4926.0,13.732433744986716
4926.2,13.526541839153538
4926.4,13.955550289707649
4926.6,14.057879700821411
4926.8,13.77133937688636
4927.0,13.765768173009862
4927.2,14.106417894383725
4927.4,14.49933379098572
4927.6,14.090689252244726
4927.8,13.89279148442536
4928.0,14.092647887866416
4928.2,13.853169942670833
4928.4,13.87305754143905
4928.6,13.878949375388007
4928.8,14.391828204967364
4929.0,14.499761181643319
4929.2,14.368534936847869
4929.4,14.005706983771237
4929.6,14.348603505029864
4929.8,14.282493607067062
4930.0,14.151382991254282
4930.2,14.128610890307327
4930.4,14.550794394053748
4930.6,14.382189095124694
4930.8,13.989193626001718
4931.0,14.09474781334213
4931.2,13.803879443986212
4931.4,14.315897770481863
4931.6,13.947745674403063
4931.8,14.323773280532532
4932.0,14.139591431676187
4932.2,13.955647989507947
4932.4,13.70928794945942
4932.6,13.766115091209919
4932.8,13.916698390706376
4933.0,13.88454108020669
4933.2,13.901793794522293
4933.4,14.01526859749126
4933.6,14.30571900181236
4933.8,14.317268592410954
4934.0,13.967204712996757
4934.2,14.047486613293504
4934.4,13.775853742335118
4934.6,13.619779418457089
4934.8,13.828853612387322
4935.0,13.829617915763155
4935.2,13.87977744722388
4935.4,13.770126099044273
4935.6,13.95083991749858
4935.8,14.024254230814261
4936.0,13.89099135835129
4936.2,13.902530169820732
4936.4,14.193966389276175
4936.6,13.942639779933426
4936.8,14.180391175621063
4937.0,14.237260110127622
4937.2,14.328117660376767
4937.4,14.86311002580651
4937.6,14.521754288379316
4937.8,14.721499757618545
4938.0,14.837868233959382
4938.2,14.752784009599814
4938.4,14.790935808131007
4938.6,15.030015268003574
4938.8,14.507719020351997
4939.0,14.157455818463077
4939.2,13.879290754466634
4939.4,14.552071728481778
4939.6,14.87345791979196
4939.8,14.973992863122232
4940.0,14.801943979214373
4940.2,14.41034167094858
4940.4,14.205976678842692
4940.6,14.634247138599747
4940.8,14.777790341479033
4941.0,14.87603346097191
4941.2,14.569090498603888
4941.4,14.889617593061537
4941.6,14.767553342863431
4941.8,14.41441203684815
4942.0,14.5398708033855
4942.2,14.713386469093484
4942.4,15.048229404123138
4942.6,14.777097446605957
4942.8,14.768438067571172
4943.0,14.883007134474449
4943.2,14.975328875933638
4943.4,15.107445926486307
4943.6,15.27638634934197
4943.8,15.226702228807207
4944.0,15.32244913694515
4944.2,14.907571346773823
4944.4,15.011419625817059
4944.6,14.944778069495566
4944.8,15.017633032449316
4945.0,15.079049858879616
4945.2,14.782239827031594
4945.4,15.065724418563757
4945.6,15.08346475610531
4945.8,15.211802516202244
4946.0,15.236893612286542
4946.2,15.290691509056977
4946.4,15.06460312483352
4946.6,15.024566877549645
4946.8,15.200110668983442
4947.0,15.098529690389038
4947.2,15.339616088389727
4947.4,15.257812663431732
4947.6,15.473274825655237
4947.8,15.14442083465891
4948.0,14.796645338512796
4948.2,15.524898815093431
4948.4,15.147089501239435
4948.6,15.053822694503955
4948.8,15.220001859810818
4949.0,15.264808631743627
4949.2,15.318490764499003
4949.4,15.127062981375508
4949.6,15.363824864396916
4949.8,14.712994667365141
4950.0,14.897751938167028
4950.2,14.999529642378311
4950.4,15.143230844404872
4950.6,15.317821514296623
4950.8,14.9291563427812
4951.0,15.230100747563316
4951.2,15.116337734465823
4951.4,15.250774735054474
4951.6,15.24160222813151
4951.8,14.95006322462853
4952.0,14.93776600413449
4952.2,15.00557855555802
4952.4,15.158484819510907
4952.6,15.186348003589051
4952.8,15.138191555368373
4953.0,15.262115117136796
4953.2,15.116458900949576
4953.4,15.242616940532853
4953.6,15.213309996126993
4953.8,15.246427750612332
4954.0,15.087868429593358
4954.2,14.960138786223604
4954.4,15.14201198907964
4954.6,15.141427774670346
4954.8,15.260096421559648
4955.0,15.078095690227205
4955.2,15.00999933831958
4955.4,14.556916087731238
4955.6,15.092718115678812
4955.8,15.198223765745325
4956.0,14.85025780391005
4956.2,15.075001070726895
4956.4,15.041056508671844
4956.6,15.181277376187658
4956.8,15.051200268417006
4957.0,14.865360116146324
4957.2,15.152862689581584
4957.4,14.864543167786586
4957.6,14.992798481367632
4957.8,15.189093338827583
4958.0,15.318188477323673
4958.2,15.177168654862394
4958.4,15.356854732585724
4958.6,15.089933209827173
4958.8,14.997859985557096
4959.0,14.511953611423023
4959.2,15.017202777229027
4959.4,14.682054942814842
4959.6,14.984195949032717
4959.8,14.845114628072743
4960.0,15.200742818041899
4960.2,15.44362537164955
4960.4,14.95659465671329
4960.6,15.399061200594025
4960.8,15.143275201367345
4961.0,14.95646967948155
4961.2,14.813339774433672
4961.4,14.642853642212799
4961.6,15.014931527626443
4961.8,14.796071562337689
4962.0,14.718781152527843
4962.2,15.440713466612884
4962.4,15.270750818817431
4962.6,14.5186222670962
4962.8,14.432876235541572
4963.0,13.728862874034057
4963.2,13.782429214548928
4963.4,13.573044053267624
4963.6,13.535997659915399
4963.8,13.779481384115083
4964.0,13.65592369024039
4964.2,13.971568355001075
4964.4,14.226817181787005
4964.6,14.40640271959281
4964.8,14.708652552907237
4965.0,15.000810288494462
4965.2,15.34152370160663
4965.4,15.294020527505605
4965.6,15.03504878833044
4965.8,14.91339175143663
4966.0,14.968467936779037
4966.2,14.906613797215694
4966.4,15.038437804157805
4966.6,14.871424956971238
4966.8,14.853775545574209
4967.0,14.802282266125983
4967.2,14.91084323130767
4967.4,14.767228445552476
4967.6,14.961079262951507
4967.8,15.097481216366575
4968.0,15.076148659437825
4968.2,15.287775798875792
4968.4,15.39538966034128
4968.6,15.149356337951556
4968.8,15.00051329753923
4969.0,14.832676781078183
4969.2,15.167610488415693
4969.4,14.906784880839048
4969.6,15.10081273796507
4969.8,15.191908993610046
4970.0,15.069221262414649
4970.2,15.20933985093478
4970.4,15.24932176881834
4970.6,15.218723046481749
4970.8,15.201146746308494
4971.0,15.011613480570036
4971.2,14.88726925370133
4971.4,14.822016416692637
4971.6,14.873170612055628
4971.8,14.971621704060965
4972.0,14.998501812572233
4972.2,14.685367894164296
4972.4,14.862986776532793
4972.6,14.73187585797869
4972.8,15.117990999725027
4973.0,15.097064191006153
4973.2,14.906822951778194
4973.4,15.006494239604255
4973.6,14.940068261173437
4973.8,14.782679811654571
4974.0,14.623626674812973
4974.2,14.776768851604967
4974.4,15.287335004831593
4974.6,15.034671515875058
4974.8,15.014344147693603
4975.0,14.506260243582522
4975.2,14.548728365115714
4975.4,14.778766513133021
4975.6,14.508735732398222
4975.8,14.900304524133317
4976.0,14.801049414928187
4976.2,14.91790125266261
4976.4,15.191465025339257
4976.6,14.665874081377414
4976.8,14.576764699953646
4977.0,15.03424864712634
4977.2,15.027860466913323
4977.4,15.268625062342538
4977.6,14.987389478603948
4977.8,15.192888941196523
4978.0,15.32367004680996
4978.2,15.119981539512912
4978.4,15.01719828984089
4978.6,15.054635266308761
4978.8,14.993742267779746
4979.0,15.360019889165866
4979.2,15.112973270061207
4979.4,15.306344274846476
4979.6,15.049878161428126
4979.8,15.053284584658835
4980.0,14.992286614259232
4980.2,15.237585942237637
4980.4,14.914179395395921
4980.6,14.713026809752694
4980.8,15.201286861628446
4981.0,14.706460090738137
4981.2,14.879326049438735
4981.4,14.75651351925295
4981.6,14.623166773611608
4981.8,14.723211144422454
4982.0,15.087166281968978
4982.2,15.204955334104325
4982.4,15.443157546646283
4982.6,15.389669132617225
4982.8,15.420005786841553
4983.0,15.424462149380268
4983.2,15.237467652252834
4983.4,15.397034591708461
4983.6,15.269548341958473
4983.8,15.38586502194554
4984.0,15.15338263813783
4984.2,15.598326217508028
4984.4,15.303698624760948
4984.6,15.19446704558672
4984.8,15.369180449463142
4985.0,15.364646301790897
4985.2,15.162569139137874
4985.4,15.146066261420737
4985.6,15.452899301538645
4985.8,15.292201503341856
4986.0,15.321598922628317
4986.2,15.101851846829602
4986.4,15.217708337309965
4986.6,15.048269612048104
4986.8,15.143657859569768
4987.0,15.14520370075946
4987.2,15.208309609727628
4987.4,15.31808593575796
4987.6,15.314570888901052
4987.8,15.173384953823021
4988.0,14.738099878981652
4988.2,14.750420284353229
4988.4,15.133656360547148
4988.6,15.58086658950865
4988.8,15.327025675235902
4989.0,15.119175303379208
4989.2,15.258135195746727
4989.4,15.150993958182607
4989.6,15.102920744410266
4989.8,14.750616931185682
4990.0,14.856345870887878
4990.2,14.784322459208001
4990.4,15.109560817260348
4990.6,14.644132462550289
4990.8,14.449133491846947
4991.0,14.240867398631528
4991.2,14.23463179170087
4991.4,13.914828842951545
4991.6,14.131064302332579
4991.8,14.263172390258083
4992.0,14.021259936856598
4992.2,14.00342692391501
4992.4,13.83875114786983
4992.6,13.680184522566021
4992.8,13.943297967352912
4993.0,13.720636789534492
4993.2,13.729512164488174
4993.4,13.766335027187264
4993.6,13.836724811239812
4993.8,14.006804050975955
4994.0,14.045305460008276
4994.2,14.418366922666321
4994.4,14.179674416240807
4994.6,13.819168865379037
4994.8,14.010937416568671
4995.0,13.866282995603768
4995.2,13.723162758329089
4995.4,14.140418505008029
4995.6,14.059683207120042
4995.8,14.06063366824209
4996.0,14.077933540999972
4996.2,14.226538081418967
4996.4,14.574899034053772
4996.6,14.046763931399038
4996.8,14.392298288796177
4997.0,14.482267557465228
4997.2,14.498271236963213
4997.4,14.518619685542282
4997.6,14.569348683179788
4997.8,14.512641435525692
4998.0,14.951112412399654
4998.2,14.951459719113911
4998.4,15.235418847147821
4998.6,15.194532045483689
4998.8,15.003865218696204
4999.0,14.96593520257954
4999.2,15.073400687037514
4999.4,14.979381419159276
4999.6,14.871303227868191
4999.8,15.148421007891525
5000.0,15.061613916512247
